supermarket,prices_(£),prices_unit_(£),unit,names,date,category,own_brand,is_truncated,original_name,supermarket_brand,tier_type,tier_keyword,known_brand,pack_quantity,pack_pattern,unit_value,unit_type,abv_percentage,unit_inferred,attributes_types,attributes_keywords,descriptors,core_product_name,normalized_name
Morrisons,1.85,10.3,kg,GetPro Caramel High Protein Pudding,20240413,fresh_food,False,False,GetPro Caramel High Protein Pudding,,,,Getpro,,,179.6,g,,True,,,,Caramel High Protein Pudding,caramel high protein pudding
Tesco,2.6,40.0,kg,John West Smoked Oysters Sunflower Oil 85G,20240413,food_cupboard,False,False,John West Smoked Oysters Sunflower Oil 85G,,,,John West,,,85.0,g,,False,,,{'cooking_method': ['smoked']},Smoked Oysters Sunflower Oil,smoked oysters sunflower oil
Morrisons,2.5,0.4,l,Nestle Pure Life Still Spring Water,20240413,drinks,False,False,Nestle Pure Life Still Spring Water,,,,Nestle,,,6250.0,ml,,True,,,,Pure Life Still Spring Water,pure life still spring water
ASDA,1.05,2.2,kg,ASDA White Lasagne Pasta Sauce,20240413,food_cupboard,True,False,ASDA White Lasagne Pasta Sauce,ASDA,standard,,,,,477.3,g,,True,,,{'bakery_type': ['white']},White Lasagne Pasta Sauce,white lasagne pasta sauce
ASDA,2.5,14.3,kg,ASDA Extra Special Nut Mix,20240413,fresh_food,True,False,ASDA Extra Special Nut Mix,ASDA Extra Special,premium,Extra Special,,,,174.8,g,,True,,,,Nut Mix,nut mix
Morrisons,2.5,6.25,kg,Mutti Cherry Tomatoes (400g),20240404,food_cupboard,False,False,Mutti Cherry Tomatoes (400g),,,,Mutti,,,400.0,g,,False,,,,Cherry Tomatoes,cherry tomatoes
ASDA,1.9,10.6,kg,ASDA Free From Chocolate Mousses,20240413,fresh_food,True,False,ASDA Free From Chocolate Mousses,ASDA Free From,dietary,Free From,,,,179.2,g,,True,,,,Chocolate Mousses,chocolate mousses
Sains,4.0,11.11,kg,Sainsbury's Lamb & Mint Kebabs x6 360g,20240405,free-from,True,False,Sainsbury's Lamb & Mint Kebabs x6 360g,Sainsbury's,standard,,,6.0,x_count,360.0,g,,False,,,{'cut_meat': ['kebabs']},Lamb and Mint Kebabs,lamb and mint kebabs
Morrisons,6.0,7.98,l,Chevaliers St Martin Aop Bordeaux,20240413,drinks,False,False,Chevaliers St Martin Aop Bordeaux,,,,,,,751.9,ml,,True,,,,Chevaliers St Martin Aop Bordeaux,chevaliers st martin aop bordeaux
ASDA,3.25,6.5,kg,Nesquik Strawberry Flavoured Milkshake Powder,20240413,drinks,False,False,Nesquik Strawberry Flavoured Milkshake Powder,,,,,,,500.0,g,,True,,,{'form': ['powder']},Nesquik Strawberry Flavoured Milkshake Powder,nesquik strawberry flavoured milkshake powder
Tesco,5.0,2.84,l,Scrumpy Jack Premium British Cider Can 4x440ml,20240413,drinks,False,False,Scrumpy Jack Premium British Cider Can 4x440ml,,,,Scrumpy Jack,4.0,count_x_size,1760.0,ml,,False,,,{'packaging': ['can']},Premium British Cider Can,premium british cider can
Morrisons,31.25,625.0,kg,Players Easy Rolling Tobacco,20240413,drinks,False,False,Players Easy Rolling Tobacco,,,,,,,50.0,g,,True,,,,Players Easy Rolling Tobacco,players easy rolling tobacco
Tesco,7.45,29.8,l,Mazzetti Gold Label Balsamic Vinegar Of Modena 250Ml,20240413,food_cupboard,False,False,Mazzetti Gold Label Balsamic Vinegar Of Modena 250Ml,,,,Mazzetti,,,250.0,ml,,False,,,,Gold Label Balsamic Vinegar Of Modena,gold label balsamic vinegar of modena
ASDA,10.5,139.96,l,Macon-Villages Reserve Chardonnay 750ml,20240413,drinks,False,False,Macon-Villages Reserve Chardonnay 750ml,,,,,,,750.0,ml,,False,,,,Macon-Villages Reserve Chardonnay,macon villages reserve chardonnay
Morrisons,0.97,3.09,kg,Morrison Thin Crust Cheese Pizza,20240413,frozen,False,False,Morrison Thin Crust Cheese Pizza,Morrison,standard,,,,,313.9,g,,True,,,{'texture': ['thin']},Thin Crust Cheese Pizza,thin crust cheese pizza
ASDA,6.5,86.64,l,Hardys Crest Cabernet Shiraz Merlot,20240413,drinks,False,False,Hardys Crest Cabernet Shiraz Merlot,,,,Hardys,,,75.0,ml,,True,,,,Crest Cabernet Shiraz Merlot,crest cabernet shiraz merlot
Sains,2.1,2.1,l,Sainsbury's Pure 100% Prune Juice 1L,20240413,drinks,True,False,Sainsbury's Pure 100% Prune Juice 1L,Sainsbury's,standard,,,,,1000.0,ml,100.0,False,,,,Pure Prune Juice,pure prune juice
Sains,1.5,2.0,l,Sainsbury's Quadruple Strength Summer Fruits Squash 750ml,20240413,drinks,True,False,Sainsbury's Quadruple Strength Summer Fruits Squash 750ml,Sainsbury's,standard,,,,,750.0,ml,,False,,,,Quadruple Strength Summer Fruits Squash,quadruple strength summer fruits squash
ASDA,1.5,30.0,kg,Buttermilk Peanut Nougat,20240413,food_cupboard,False,False,Buttermilk Peanut Nougat,,,,Buttermilk,,,50.0,g,,True,,,,Peanut Nougat,peanut nougat
Tesco,2.5,13.3,kg,Tesco Finest 4 Pork Sausage Rolls 188G,20240413,fresh_food,True,False,Tesco Finest 4 Pork Sausage Rolls 188G,Tesco Finest,premium,Finest,,,,188.0,g,,False,,,{'cut_meat': ['sausage']},4 Pork Sausage Rolls,4 pork sausage rolls
ASDA,2.25,7.8,kg,Blue Riband Original Milk Chocolate Wafer Biscuits 16 Pack,20240413,food_cupboard,False,False,Blue Riband Original Milk Chocolate Wafer Biscuits 16 Pack,,,,Blue Riband,16.0,count_pack,288.5,g,,True,,,,Original Milk Chocolate Wafer Biscuits,original milk chocolate wafer biscuits
Sains,2.35,7.3,kg,Geeta's Mango Chutney 320g,20240413,food_cupboard,False,False,Geeta's Mango Chutney 320g,,,,Geeta'S,,,320.0,g,,False,,,,Mango Chutney,mango chutney
ASDA,1.7,0.28,unit,Sheldon's Lancashire Oven Bottom Muffins,20240413,bakery,False,False,Sheldon's Lancashire Oven Bottom Muffins,,,,Sheldon'S,,,,,,False,,,,Lancashire Oven Bottom Muffins,lancashire oven bottom muffins
Sains,2.25,7.5,kg,Kellogg's Special K The Original 300g,20240413,food_cupboard,False,False,Kellogg's Special K The Original 300g,,,,Kellogg'S,,,300.0,g,,False,,,,Special K The Original,special k the original
Morrisons,3.0,33.3,kg,Kind Dark Chocolate Nuts & Sea Sa…,20240413,food_cupboard,False,True,Kind Dark Chocolate Nuts & Sea Sa…,,,,Kind,,,90.1,g,,True,,,,Dark Chocolate Nuts and Sea Sa…,dark chocolate nuts and sea sa
ASDA,2.4,4.8,l,Sharp's Doom Bar Amber Ale,20240413,drinks,False,False,Sharp's Doom Bar Amber Ale,,,,Sharp'S,,,500.0,ml,,True,,,,Doom Bar Amber Ale,doom bar amber ale
Tesco,0.89,4.4,kg,Stockwell & Co 80 Tea Bags 200G,20240413,drinks,False,False,Stockwell & Co 80 Tea Bags 200G,,,,,80.0,bag_count,200.0,g,,False,,,,Stockwell and Co,stockwell and co
Tesco,1.95,13.93,kg,Philadelphia Original Soft Cream Cheese Mini Tub 4 Pack 140G,20240413,fresh_food,False,False,Philadelphia Original Soft Cream Cheese Mini Tub 4 Pack 140G,,,,Philadelphia,4.0,count_pack,140.0,g,,False,,,"{'texture': ['soft'], 'packaging': ['tub']}",Original Soft Cream Cheese Mini Tub,original soft cream cheese mini tub
Morrisons,2.5,12.5,kg,Applewood Vegan Block,20240413,free-from,False,False,Applewood Vegan Block,,,,Applewood,,,200.0,g,,True,diet,vegan,,Block,block
ASDA,1.0,4.2,kg,Ambrosia Deluxe Custard Madagascan Vanilla 2 x 120g (240g),20240413,food_cupboard,False,False,Ambrosia Deluxe Custard Madagascan Vanilla 2 x 120g (240g),,,,Ambrosia,2.0,count_x_size,240.0,g,,False,,,,Deluxe Custard Madagascan Vanilla,deluxe custard madagascan vanilla
Tesco,1.9,15.2,kg,Tesco Finest Chai 50 Tea Bags 125G,20240413,drinks,True,False,Tesco Finest Chai 50 Tea Bags 125G,Tesco Finest,premium,Finest,,50.0,bag_count,125.0,g,,False,,,,Chai,chai
Sains,2.0,33.3,kg,Grenade Jaffa Quake Chocolate Orange Flavour 60g,20240413,free-from,False,False,Grenade Jaffa Quake Chocolate Orange Flavour 60g,,,,Grenade,,,60.0,g,,False,,,,Jaffa Quake Chocolate Orange Flavour,jaffa quake chocolate orange flavour
Tesco,1.75,13.7,kg,Mars Triple Treat Fruit Nut & Chocolate Bars Multipack 4 X 32g,20240413,food_cupboard,False,False,Mars Triple Treat Fruit Nut & Chocolate Bars Multipack 4 X 32g,,,,Mars,4.0,count_x_size,128.0,g,,False,,,{'packaging': ['multipack']},Triple Treat Fruit Nut and Chocolate Bars Multipack,triple treat fruit nut and chocolate bars multipack
Sains,1.3,15.3,kg,Sainsbury's Paprika Lentil Triangles 85g,20240413,food_cupboard,True,False,Sainsbury's Paprika Lentil Triangles 85g,Sainsbury's,standard,,,,,85.0,g,,False,,,,Paprika Lentil Triangles,paprika lentil triangles
Sains,7.0,46.67,kg,"Sainsbury's Raw Large Canadian Scallops MSC, Taste the Difference 150g",20240413,free-from,True,False,"Sainsbury's Raw Large Canadian Scallops MSC, Taste the Difference 150g",Sainsbury's,standard,,,,,150.0,g,,False,,,,"Raw Large Canadian Scallops MSC, Taste the Difference",raw large canadian scallops msc taste the difference
Morrisons,1.8,10.2,kg,Haribo Tangfastics 11 Mini…,20240219,food_cupboard,False,True,Haribo Tangfastics 11 Mini…,,,,Haribo,,,176.5,g,,True,,,,Tangfastics 11 Mini…,tangfastics 11 mini
Sains,2.5,13.7,kg,Snickers Creamy Peanut Butter & Milk Chocolate Snack Bars Multipack 182g,20240324,food_cupboard,False,False,Snickers Creamy Peanut Butter & Milk Chocolate Snack Bars Multipack 182g,,,,Snickers,182.0,multipack,182.5,g,,True,,,{'texture': ['creamy']},Creamy Peanut Butter and Milk Chocolate Snack Bars g,creamy peanut butter and milk chocolate snack bars g
Sains,1.15,15.3,kg,Cadbury Dairy Milk Daim Chocolate Dessert 75g,20240413,fresh_food,False,False,Cadbury Dairy Milk Daim Chocolate Dessert 75g,,,,Cadbury,,,75.0,g,,False,,,,Dairy Milk Daim Chocolate Dessert,dairy milk daim chocolate dessert
Tesco,1.05,4.2,kg,Tesco Plant Chef Coleslaw 250G,20240413,fresh_food,True,False,Tesco Plant Chef Coleslaw 250G,Tesco Plant Chef,dietary,Plant Chef,,,,250.0,g,,False,,,,Coleslaw,coleslaw
Sains,3.35,18.2,kg,"Sainsbury's New York Vanilla Cheesecake Slices, Taste the Difference 2x92g",20240413,free-from,True,False,"Sainsbury's New York Vanilla Cheesecake Slices, Taste the Difference 2x92g",Sainsbury's,standard,,,2.0,count_x_size,184.0,g,,False,,,,"New York Vanilla Cheesecake Slices, Taste the Difference",new york vanilla cheesecake slices taste the difference
Sains,0.75,5.0,l,Sainsbury's Fresh Soured Cream 150ml,20240313,fresh_food,True,False,Sainsbury's Fresh Soured Cream 150ml,Sainsbury's,standard,,,,,150.0,ml,,False,,,,Fresh Soured Cream,fresh soured cream
Sains,1.75,3.5,kg,Chicken Tonight Honey & Mustard 500g,20240413,food_cupboard,False,False,Chicken Tonight Honey & Mustard 500g,,,,Chicken Tonight,,,500.0,g,,False,,,,Honey and Mustard,honey and mustard
Sains,8.0,10.64,l,Brancott Estate Sauvignon Blanc White Wine 75cl,20240413,drinks,False,False,Brancott Estate Sauvignon Blanc White Wine 75cl,,,,Brancott Estate,,,750.0,ml,,False,,,{'bakery_type': ['white']},Sauvignon Blanc White Wine,sauvignon blanc white wine
Tesco,2.0,11.1,kg,Fox's Milk Chocolate Cookies 180G,20240413,food_cupboard,False,False,Fox's Milk Chocolate Cookies 180G,,,,Fox'S,,,180.0,g,,False,,,,Milk Chocolate Cookies,milk chocolate cookies
Tesco,2.2,15.7,kg,Alpro Double Chocolate Dairy Free Vegan Soya Dessert 2x70g,20240413,fresh_food,False,False,Alpro Double Chocolate Dairy Free Vegan Soya Dessert 2x70g,,,,Alpro,2.0,count_x_size,140.0,g,,False,"free_from,diet","dairy free,vegan",,Double Chocolate Soya Dessert,double chocolate soya dessert
ASDA,2.2,22.0,kg,ASDA Goat's Cheese,20240216,fresh_food,True,False,ASDA Goat's Cheese,ASDA,standard,,,,,100.0,g,,True,,,,Goat's Cheese,goat s cheese
Sains,6.3,31.5,kg,Lindt Lindor Strawberries & Cream Chocolate Truffles Box 200g,20240413,food_cupboard,False,False,Lindt Lindor Strawberries & Cream Chocolate Truffles Box 200g,,,,Lindt,,,200.0,g,,False,,,,Lindor Strawberries and Cream Chocolate Truffles Box,lindor strawberries and cream chocolate truffles box
Morrisons,2.99,12.9,kg,PG Tips Original 80 Tea Bags,20240413,food_cupboard,False,False,PG Tips Original 80 Tea Bags,,,,Pg Tips,80.0,bag_count,231.8,g,,True,,,,Original,original
Sains,45.0,59.85,l,Pommery Champagne Brut Royal 750ml,20240413,drinks,False,False,Pommery Champagne Brut Royal 750ml,,,,,,,750.0,ml,,False,,,,Pommery Champagne Brut Royal,pommery champagne brut royal
Sains,1.35,10.4,kg,The Natural Confectionery Company Jelly Snakes Sweets Bag 130g,20240413,food_cupboard,False,False,The Natural Confectionery Company Jelly Snakes Sweets Bag 130g,,,,,,,130.0,g,,False,,,,The Natural Confectionery Company Jelly Snakes Sweets Bag,the natural confectionery company jelly snakes sweets bag
ASDA,1.95,4.9,kg,JUST ESSENTIALS by ASDA Wafer Thin Cooked Ham Slices,20240413,fresh_food,True,False,JUST ESSENTIALS by ASDA Wafer Thin Cooked Ham Slices,Just Essentials by ASDA,value,Just Essentials,,,,398.0,g,,True,,,{'texture': ['thin']},Wafer Thin Cooked Ham Slices,wafer thin cooked ham slices
Morrisons,63.5,0.64,unit,Carlton Original Cigarettes Multipack,20240413,drinks,False,False,Carlton Original Cigarettes Multipack,,,,,,,,,,False,,,{'packaging': ['multipack']},Carlton Original Cigarettes Multipack,carlton original cigarettes multipack
ASDA,2.6,6.5,kg,Birds Eye Steam Fresh Mediterranean Pasta with Veg & Tomato Sauce 400g,20240413,frozen,False,False,Birds Eye Steam Fresh Mediterranean Pasta with Veg & Tomato Sauce 400g,,,,Birds Eye,,,400.0,g,,False,,,,Steam Fresh Mediterranean Pasta with Veg and Tomato Sauce,steam fresh mediterranean pasta with veg and tomato sauce
Morrisons,10.5,13.96,l,Brancott Estate Sauvignon Blanc White Wine,20240413,drinks,False,False,Brancott Estate Sauvignon Blanc White Wine,,,,Brancott Estate,,,752.1,ml,,True,,,{'bakery_type': ['white']},Sauvignon Blanc White Wine,sauvignon blanc white wine
Sains,2.0,1.3,l,"Old Jamaica Ginger Beer, Diet 1.5L",20240413,drinks,False,False,"Old Jamaica Ginger Beer, Diet 1.5L",,,,Old Jamaica,,,1500.0,ml,,False,,,,"Ginger Beer, Diet",ginger beer diet
Sains,10.5,13.96,l,"Sainsbury's Chardonnay, Taste the Difference 75cl",20240413,drinks,True,False,"Sainsbury's Chardonnay, Taste the Difference 75cl",Sainsbury's,standard,,,,,750.0,ml,,False,,,,"Chardonnay, Taste the Difference",chardonnay taste the difference
Tesco,2.0,16.0,kg,Marmite Yeast Extract Spread 125G,20240413,food_cupboard,False,False,Marmite Yeast Extract Spread 125G,,,,Marmite,,,125.0,g,,False,,,,Yeast Extract Spread,yeast extract spread
Morrisons,1.0,2.0,kg,Skinny Whip Chocolate Orange,20240413,food_cupboard,False,False,Skinny Whip Chocolate Orange,,,,Skinny Whip,,,500.0,g,,True,,,,Chocolate Orange,chocolate orange
Tesco,0.75,15.0,kg,Grace Pumpkin Soup Mix 50G,20240413,food_cupboard,False,False,Grace Pumpkin Soup Mix 50G,,,,Grace,,,50.0,g,,False,,,,Pumpkin Soup Mix,pumpkin soup mix
Tesco,0.9,18.0,kg,Tesco Scotch Bonnet Chillies 50G,20240413,fresh_food,True,False,Tesco Scotch Bonnet Chillies 50G,Tesco,standard,,,,,50.0,g,,False,,,,Scotch Bonnet Chillies,scotch bonnet chillies
Tesco,1.99,4.4,kg,Roses Lemon & Lime Marmalade 454G,20240413,food_cupboard,False,False,Roses Lemon & Lime Marmalade 454G,,,,Roses,,,454.0,g,,False,,,,Lemon and Lime Marmalade,lemon and lime marmalade
ASDA,2.5,16.9,kg,ASDA Free From 5 Brownie Slices,20240413,bakery,True,False,ASDA Free From 5 Brownie Slices,ASDA Free From,dietary,Free From,,,,147.9,g,,True,,,,5 Brownie Slices,5 brownie slices
Tesco,3.25,40.6,kg,Tesco Honey Roast Salmon Flakes 80G,20240412,fresh_food,True,False,Tesco Honey Roast Salmon Flakes 80G,Tesco,standard,,,,,80.0,g,,False,,,,Honey Roast Salmon Flakes,honey roast salmon flakes
Sains,3.5,14.0,kg,Higgidy Steak & Ale Pie 250g,20240413,fresh_food,False,False,Higgidy Steak & Ale Pie 250g,,,,Higgidy,,,250.0,g,,False,,,{'cut_meat': ['steak']},Steak and Ale Pie,steak and ale pie
Tesco,2.0,7.4,l,Tesco 3 Caramel Millionaires Ice Cream 270Ml,20240207,frozen,True,False,Tesco 3 Caramel Millionaires Ice Cream 270Ml,Tesco,standard,,,,,270.0,ml,,False,,,,3 Caramel Millionaires Ice Cream,3 caramel millionaires ice cream
Sains,2.5,0.4,l,Nestle Pure Life Still Spring Water 12x500ml,20240413,drinks,False,False,Nestle Pure Life Still Spring Water 12x500ml,,,,Nestle,12.0,count_x_size,6000.0,ml,,False,,,,Pure Life Still Spring Water,pure life still spring water
Tesco,2.75,4.8,kg,Tesco 4 Chicken & Bacon Pies 568G,20240413,frozen,True,False,Tesco 4 Chicken & Bacon Pies 568G,Tesco,standard,,,,,568.0,g,,False,,,,4 Chicken and Bacon Pies,4 chicken and bacon pies
Sains,0.8,2.7,l,Kubus Go Strawberry-Banana 300ml,20240413,food_cupboard,False,False,Kubus Go Strawberry-Banana 300ml,,,,Kubus,,,300.0,ml,,False,,,,Go Strawberry-Banana,go strawberry banana
ASDA,0.95,26.4,kg,Schwartz Somerset Pork Casserole Recipe Mix,20240413,food_cupboard,False,False,Schwartz Somerset Pork Casserole Recipe Mix,,,,Schwartz,,,36.0,g,,True,,,,Somerset Pork Casserole Recipe Mix,somerset pork casserole recipe mix
Sains,2.0,5.7,kg,Yeo Valley Organic Kefir Strawberry Yogurt 350g,20240413,free-from,False,False,Yeo Valley Organic Kefir Strawberry Yogurt 350g,,,,Yeo Valley,,,350.0,g,,False,organic,organic,,Kefir Strawberry Yogurt,kefir strawberry yogurt
Morrisons,1.29,3.0,kg,Morrisons Puff Pastry Block,20240413,fresh_food,True,False,Morrisons Puff Pastry Block,Morrisons,standard,,,,,430.0,g,,True,,,,Puff Pastry Block,puff pastry block
Morrisons,4.0,8.0,kg,Morrisons 4 Garlic & Herb Chicken Kievs,20240413,frozen,True,False,Morrisons 4 Garlic & Herb Chicken Kievs,Morrisons,standard,,,,,500.0,g,,True,,,,4 Garlic and Herb Chicken Kievs,4 garlic and herb chicken kievs
ASDA,0.35,2.8,kg,JUST ESSENTIALS by ASDA Batter Mix,20240413,food_cupboard,True,False,JUST ESSENTIALS by ASDA Batter Mix,Just Essentials by ASDA,value,Just Essentials,,,,125.0,g,,True,,,,Batter Mix,batter mix
Morrisons,6.0,7.98,l,Barefoot Pink Moscato Rose Wine,20240413,drinks,False,False,Barefoot Pink Moscato Rose Wine,,,,Barefoot,,,751.9,ml,,True,,,,Pink Moscato Rose Wine,pink moscato rose wine
Morrisons,3.79,1.26,kg,Allinson Strong White Flour,20240413,food_cupboard,False,False,Allinson Strong White Flour,,,,Allinson,,,3007.9,g,,True,,,{'bakery_type': ['white']},Strong White Flour,strong white flour
Sains,4.0,31.3,kg,Häagen-Dazs Salted Caramel Ice Cream Bites 8x15g,20240413,free-from,False,False,Häagen-Dazs Salted Caramel Ice Cream Bites 8x15g,,,,,8.0,count_x_size,120.0,g,,False,,,,Häagen-Dazs Salted Caramel Ice Cream Bites,haagen dazs salted caramel ice cream bites
Morrisons,3.79,0.95,unit,Al Fez Harissa Wrap Kit,20240413,food_cupboard,False,False,Al Fez Harissa Wrap Kit,,,,Al Fez,,,,,,False,,,,Harissa Wrap Kit,harissa wrap kit
Morrisons,5.99,5.99,unit,Vuse Go Edition 01 Mint Ice 20mg,20240319,drinks,False,False,Vuse Go Edition 01 Mint Ice 20mg,,,,,,,,,,False,,,,Vuse Go Edition 01 Mint Ice 20mg,vuse go edition 01 mint ice 20mg
ASDA,2.7,10.8,kg,ASDA Cheshire Cheese,20240118,fresh_food,True,False,ASDA Cheshire Cheese,ASDA,standard,,,,,250.0,g,,True,,,,Cheshire Cheese,cheshire cheese
Morrisons,0.75,17.9,kg,Kit Kat Chunky Peanut Butter,20240413,food_cupboard,False,False,Kit Kat Chunky Peanut Butter,,,,Kit Kat,,,41.9,g,,True,,,{'texture': ['chunky']},Chunky Peanut Butter,chunky peanut butter
Morrisons,1.99,9.5,kg,Pukka All Day Breakfast Pie,20240412,fresh_food,False,False,Pukka All Day Breakfast Pie,,,,Pukka,,,209.5,g,,True,,,,All Day Breakfast Pie,all day breakfast pie
Sains,12.0,12.0,unit,Sainsbury's Outdoor Novelty Mum & Baby Tete a Tete 9cm,20240309,fresh_food,True,False,Sainsbury's Outdoor Novelty Mum & Baby Tete a Tete 9cm,Sainsbury's,standard,,,,,,,,False,,,,Outdoor Novelty Mum and Baby Tete a Tete 9cm,outdoor novelty mum and baby tete a tete 9cm
Sains,4.0,4.0,l,Red Bull Energy Drink Sugar Free 250ml x4,20240413,drinks,False,False,Red Bull Energy Drink Sugar Free 250ml x4,,,,Red Bull,4.0,x_count,250.0,ml,,False,diet,sugar free,,Energy Drink,energy drink
Sains,1.35,1.4,l,Rubicon Lychee Fruit Juice Drink 1L,20240330,free-from,False,False,Rubicon Lychee Fruit Juice Drink 1L,,,,Rubicon,,,1000.0,ml,,False,,,,Lychee Fruit Juice Drink,lychee fruit juice drink
Tesco,1.75,19.4,kg,Kind Fruit & Nut 3X30g,20240413,food_cupboard,False,False,Kind Fruit & Nut 3X30g,,,,Kind,3.0,count_x_size,90.0,g,,False,,,,Fruit and Nut,fruit and nut
Sains,2.85,9.7,kg,Dr. Oetker Science Crazy Colour Changing Icing Cupcake Mix 295g,20240413,food_cupboard,False,False,Dr. Oetker Science Crazy Colour Changing Icing Cupcake Mix 295g,,,,Dr. Oetker,,,295.0,g,,False,,,,Science Crazy Colour Changing Icing Cupcake Mix,science crazy colour changing icing cupcake mix
ASDA,1.95,14.1,kg,Jacob's Crinkly's Cheese & Onion Flavour Baked Snacks Multipack 6x23g,20240413,food_cupboard,False,False,Jacob's Crinkly's Cheese & Onion Flavour Baked Snacks Multipack 6x23g,,,,Jacob'S,6.0,count_x_size,138.0,g,,False,,,"{'cooking_method': ['baked'], 'packaging': ['multipack']}",Crinkly's Cheese and Onion Flavour Baked Snacks Multipack,crinkly s cheese and onion flavour baked snacks multipack
Morrisons,4.25,28.33,kg,Morrisons Fishmongers Frozen Raw Peeled Argentinian Red Shrimp,20240306,fresh_food,True,False,Morrisons Fishmongers Frozen Raw Peeled Argentinian Red Shrimp,Morrisons,standard,,,,,150.0,g,,True,,,{'form': ['peeled']},Fishmongers Frozen Raw Peeled Argentinian Red Shrimp,fishmongers frozen raw peeled argentinian red shrimp
Tesco,4.0,13.3,kg,Bisto Chicken Gravy Granules 300g,20240413,food_cupboard,False,False,Bisto Chicken Gravy Granules 300g,,,,Bisto,,,300.0,g,,False,,,,Chicken Gravy Granules,chicken gravy granules
Tesco,10.0,13.3,l,Hardys Tintara Cabernet Sauvignon 750Ml,20240413,drinks,False,False,Hardys Tintara Cabernet Sauvignon 750Ml,,,,Hardys,,,750.0,ml,,False,,,,Tintara Cabernet Sauvignon,tintara cabernet sauvignon
ASDA,3.2,4.6,kg,ASDA Everyday 240 Tea Bags,20240413,drinks,True,False,ASDA Everyday 240 Tea Bags,ASDA,standard,,,240.0,bag_count,695.7,g,,True,,,,Everyday,everyday
Sains,2.7,5.4,kg,Fudco Idli Instant Mix 500g,20240413,food_cupboard,False,False,Fudco Idli Instant Mix 500g,,,,Fudco,,,500.0,g,,False,,,,Idli Instant Mix,idli instant mix
ASDA,2.4,4.8,kg,ASDA Extra Special Coleslaw,20240413,fresh_food,True,False,ASDA Extra Special Coleslaw,ASDA Extra Special,premium,Extra Special,,,,500.0,g,,True,,,,Coleslaw,coleslaw
Morrisons,1.69,15.5,kg,Idahoan Perfect Mash Cheddar Cheese (109g),20240413,food_cupboard,False,False,Idahoan Perfect Mash Cheddar Cheese (109g),,,,Idahoan,,,109.0,g,,False,,,,Perfect Mash Cheddar Cheese,perfect mash cheddar cheese
Tesco,3.5,4.0,kg,Natco Ground Coriander 1kg,20240413,food_cupboard,False,False,Natco Ground Coriander 1kg,,,,Natco,,,1000.0,g,,False,,,{'form': ['ground']},Ground Coriander,ground coriander
ASDA,2.0,0.2,unit,The BAKERY at ASDA 10 Chocolate Chip Madeleines,20240413,bakery,True,False,The BAKERY at ASDA 10 Chocolate Chip Madeleines,The BAKERY at ASDA,standard,,,,,,,,False,,,,10 Chocolate Chip Madeleines,10 chocolate chip madeleines
Morrisons,1.95,2.0,l,Morrisons 100% Orange Juice with Bits,20240413,fresh_food,True,False,Morrisons 100% Orange Juice with Bits,Morrisons,standard,,,,,975.0,ml,100.0,True,,,,Orange Juice with Bits,orange juice with bits
Morrisons,2.0,2.0,l,Robinsons Fruit & Barley Peac…,20240413,drinks,False,True,Robinsons Fruit & Barley Peac…,,,,Robinsons,,,1000.0,ml,,True,,,,Fruit and Barley Peac…,fruit and barley peac
Sains,4.25,0.5,l,Buxton Still Natural Bottled Mineral Water 6x1.5L,20240413,drinks,False,False,Buxton Still Natural Bottled Mineral Water 6x1.5L,,,,Buxton,6.0,count_x_size,9000.0,ml,,False,,,,Still Natural Bottled Mineral Water,still natural bottled mineral water
ASDA,2.0,18.2,kg,Eat Real Hummus Chips Tomato + Basil Flavour 110g,20240331,food_cupboard,False,False,Eat Real Hummus Chips Tomato + Basil Flavour 110g,,,,Eat Real,,,110.0,g,,False,,,,Hummus Chips Tomato + Basil Flavour,hummus chips tomato basil flavour
Tesco,2.25,26.5,kg,Popworks Sweet Chipotle Chilli Sharing Bag Popped Crisps 85g,20240409,food_cupboard,False,False,Popworks Sweet Chipotle Chilli Sharing Bag Popped Crisps 85g,,,,Popworks,,,85.0,g,,False,,,{'flavor': ['sweet']},Sweet Chipotle Chilli Sharing Bag Popped Crisps,sweet chipotle chilli sharing bag popped crisps
Sains,3.0,16.7,kg,Rhokett Chocolate & Caramel Cheesecake Slices 180g,20240209,free-from,False,False,Rhokett Chocolate & Caramel Cheesecake Slices 180g,,,,,,,180.0,g,,False,,,,Rhokett Chocolate and Caramel Cheesecake Slices,rhokett chocolate and caramel cheesecake slices
ASDA,0.75,10.0,kg,Ainsley Harriott Cream of Wild Mushroom Cup Soup,20240413,food_cupboard,False,False,Ainsley Harriott Cream of Wild Mushroom Cup Soup,,,,Ainsley Harriott,,,75.0,g,,True,,,,Cream of Wild Mushroom Cup Soup,cream of wild mushroom cup soup
Morrisons,2.0,8.93,kg,Birds Eye 8 Battered Fish Fingers,20240413,frozen,False,False,Birds Eye 8 Battered Fish Fingers,,,,Birds Eye,,,224.0,g,,True,,,{'texture': ['battered']},8 Battered Fish Fingers,8 battered fish fingers
Tesco,8.25,6.25,l,Beavertown Neck Oil Session Ipa 4X330ml,20240413,drinks,False,False,Beavertown Neck Oil Session Ipa 4X330ml,,,,Beavertown,4.0,count_x_size,1320.0,ml,,False,,,,Neck Oil Session Ipa,neck oil session ipa
ASDA,2.0,8.0,kg,Merchant Gourmet Smoky Spanish-Style Grains & Rice,20240413,food_cupboard,False,False,Merchant Gourmet Smoky Spanish-Style Grains & Rice,,,,Merchant Gourmet,,,250.0,g,,True,,,,Smoky Spanish-Style Grains and Rice,smoky spanish style grains and rice
Morrisons,1.29,5.6,kg,Morrisons Everyday Tea Bags 80 Pack,20240413,food_cupboard,True,False,Morrisons Everyday Tea Bags 80 Pack,Morrisons,standard,,,80.0,count_pack,230.4,g,,True,,,,Everyday Tea Bags,everyday tea bags
Morrisons,2.0,5.0,l,Amoy Rich Coconut Milk,20240413,food_cupboard,False,False,Amoy Rich Coconut Milk,,,,Amoy,,,400.0,ml,,True,,,,Rich Coconut Milk,rich coconut milk
Sains,4.0,10.0,kg,Cadbury Dairy Milk Caramel Chocolate Brownie 400g,20240221,frozen,False,False,Cadbury Dairy Milk Caramel Chocolate Brownie 400g,,,,Cadbury,,,400.0,g,,False,,,,Dairy Milk Caramel Chocolate Brownie,dairy milk caramel chocolate brownie
ASDA,4.0,3.03,l,Kopparberg Premium Cider with Strawberry & Pineapple 4 x 330ml,20240413,drinks,False,False,Kopparberg Premium Cider with Strawberry & Pineapple 4 x 330ml,,,,Kopparberg,4.0,count_x_size,1320.0,ml,,False,,,,Premium Cider with Strawberry and Pineapple,premium cider with strawberry and pineapple
ASDA,2.5,1.43,kg,Indus Chana Dal,20240201,food_cupboard,False,False,Indus Chana Dal,,,,,,,1748.3,g,,True,,,,Indus Chana Dal,indus chana dal
ASDA,1.49,16.0,kg,Batchelors Cup a Soup Tomato Soup 4 Instant Soup Sachets,20240413,food_cupboard,False,False,Batchelors Cup a Soup Tomato Soup 4 Instant Soup Sachets,,,,Batchelors,,,93.1,g,,True,,,,Cup a Soup Tomato Soup 4 Instant Soup Sachets,cup a soup tomato soup 4 instant soup sachets
ASDA,3.5,7.5,kg,Nando's Perinaise Garlic Peri-Peri Mayonnaise,20240413,food_cupboard,False,False,Nando's Perinaise Garlic Peri-Peri Mayonnaise,,,,Nando'S,,,466.7,g,,True,,,,Perinaise Garlic Peri-Peri Mayonnaise,perinaise garlic peri peri mayonnaise
Morrisons,2.85,14.25,kg,Violife Original Flavour Grated V…,20240413,free-from,False,True,Violife Original Flavour Grated V…,,,,Violife,,,200.0,g,,True,,,{'form': ['grated']},Original Flavour Grated V…,original flavour grated v
Tesco,2.75,9.17,kg,Quorn Biryani Bowl 300G,20240413,fresh_food,False,False,Quorn Biryani Bowl 300G,,,,Quorn,,,300.0,g,,False,,,,Biryani Bowl,biryani bowl
Tesco,2.2,7.2,kg,Pukka 2 Chicken Bakes 306g,20240413,frozen,False,False,Pukka 2 Chicken Bakes 306g,,,,Pukka,,,306.0,g,,False,,,,2 Chicken Bakes,2 chicken bakes
ASDA,0.7,14.0,kg,Grace Coconut Milk Powder,20240413,food_cupboard,False,False,Grace Coconut Milk Powder,,,,Grace,,,50.0,g,,True,,,{'form': ['powder']},Coconut Milk Powder,coconut milk powder
Sains,3.35,9.9,kg,"Sainsbury's Set Honey, SO Organic 340g",20240413,food_cupboard,True,False,"Sainsbury's Set Honey, SO Organic 340g",Sainsbury's,standard,,,,,340.0,g,,False,organic,organic,,"Set Honey, SO",set honey so
Morrisons,4.95,22.5,kg,Morrisons Boneless Atlantic Salmon Portions Twin Pack,20240118,frozen,True,False,Morrisons Boneless Atlantic Salmon Portions Twin Pack,Morrisons,standard,,,,,220.0,g,,True,,,{'prep_meat_fish': ['boneless']},Boneless Atlantic Salmon Portions Twin Pack,boneless atlantic salmon portions twin pack
Sains,1.5,1.5,l,Sainsbury's Vanilla Flavour Ice Cream 1L,20240413,free-from,True,False,Sainsbury's Vanilla Flavour Ice Cream 1L,Sainsbury's,standard,,,,,1000.0,ml,,False,,,,Vanilla Flavour Ice Cream,vanilla flavour ice cream
ASDA,2.5,6.2,l,Blue Dragon Coconut Milk,20240413,free-from,False,False,Blue Dragon Coconut Milk,,,,Blue Dragon,,,403.2,ml,,True,,,,Coconut Milk,coconut milk
Sains,2.0,7.7,kg,Nando’s Peri-Peri Marinade Lemon and Herb Extra Mild 260g,20240413,food_cupboard,False,False,Nando’s Peri-Peri Marinade Lemon and Herb Extra Mild 260g,,,,Nando'S,,,260.0,g,,False,,,"{'flavor': ['mild'], 'maturity': ['mild']}",Peri-Peri Marinade Lemon and Herb Extra Mild,peri peri marinade lemon and herb extra mild
Morrisons,2.0,2.7,kg,Hartleys Jelly Blackcurrant Flavour Jelly 6PK,20240413,food_cupboard,False,False,Hartleys Jelly Blackcurrant Flavour Jelly 6PK,,,,Hartleys,6.0,count_pk,740.7,g,,True,,,,Jelly Blackcurrant Flavour Jelly,jelly blackcurrant flavour jelly
Sains,14.0,18.62,l,Villa Maria Sparkling Cuvée Brut 75cl,20240413,drinks,False,False,Villa Maria Sparkling Cuvée Brut 75cl,,,,Villa Maria,,,750.0,ml,,False,,,,Sparkling Cuvée Brut,sparkling cuvee brut
Sains,1.95,7.8,l,"Sainsbury's Sicilian Lemon Gin & Tonic, Taste the Difference 250ml",20240405,drinks,True,False,"Sainsbury's Sicilian Lemon Gin & Tonic, Taste the Difference 250ml",Sainsbury's,standard,,,,,250.0,ml,,False,,,,"Sicilian Lemon Gin and Tonic, Taste the Difference",sicilian lemon gin and tonic taste the difference
Tesco,0.9,12.0,kg,Batchelors Super Noodles Pot Bbq Beef 75G,20240413,food_cupboard,False,False,Batchelors Super Noodles Pot Bbq Beef 75G,,,,Batchelors,,,75.0,g,,False,,,{'cooking_method': ['bbq']},Super Noodles Pot Bbq Beef,super noodles pot bbq beef
ASDA,25.0,35.71,l,El Jimador 100% Agave Tequila Blanco,20240413,drinks,False,False,El Jimador 100% Agave Tequila Blanco,,,,,,,700.1,ml,100.0,True,,,,El Jimador Agave Tequila Blanco,el jimador agave tequila blanco
Sains,5.6,3.5,kg,Muttil Whole Peeled Tomatoes 4x400g,20240413,food_cupboard,False,False,Muttil Whole Peeled Tomatoes 4x400g,,,,,4.0,count_x_size,1600.0,g,,False,,,"{'form': ['peeled', 'whole']}",Muttil Whole Peeled Tomatoes,muttil whole peeled tomatoes
Morrisons,1.5,7.5,kg,Morrisons Fishmonger Kipper Fillets,20240413,fresh_food,True,False,Morrisons Fishmonger Kipper Fillets,Morrisons,standard,,,,,200.0,g,,True,,,,Fishmonger Kipper Fillets,fishmonger kipper fillets
Sains,3.95,69.3,kg,"Starbucks by Nespresso Decaf Espresso Coffee x10 Pods, 10 Drinks",20240413,food_cupboard,False,False,"Starbucks by Nespresso Decaf Espresso Coffee x10 Pods, 10 Drinks",,,,Starbucks,10.0,x_count,57.0,g,,True,,,,"by Nespresso Decaf Espresso Coffee Pods, 10 Drinks",by nespresso decaf espresso coffee pods 10 drinks
Morrisons,2.39,9.6,kg,Holy Cow! Delhi Tikka Masala,20240413,food_cupboard,False,False,Holy Cow! Delhi Tikka Masala,,,,,,,249.0,g,,True,,,,Holy Cow! Delhi Tikka Masala,holy cow delhi tikka masala
Sains,0.62,1.6,kg,Sainsbury's Oxtail Soup 400g,20240413,food_cupboard,True,False,Sainsbury's Oxtail Soup 400g,Sainsbury's,standard,,,,,400.0,g,,False,,,,Oxtail Soup,oxtail soup
Sains,1.75,2.9,kg,Sainsbury's Chunky Vegetable Soup 600g,20240413,fresh_food,True,False,Sainsbury's Chunky Vegetable Soup 600g,Sainsbury's,standard,,,,,600.0,g,,False,,,{'texture': ['chunky']},Chunky Vegetable Soup,chunky vegetable soup
ASDA,0.65,0.7,l,ASDA Diet Indian Tonic Water with Lime,20240413,drinks,True,False,ASDA Diet Indian Tonic Water with Lime,ASDA,standard,,,,,928.6,ml,,True,,,,Diet Indian Tonic Water with Lime,diet indian tonic water with lime
ASDA,9.5,39.6,kg,Grenade Chocolate Chip Salted Caramel Flavour,20240225,food_cupboard,False,False,Grenade Chocolate Chip Salted Caramel Flavour,,,,Grenade,,,239.9,g,,True,,,,Chocolate Chip Salted Caramel Flavour,chocolate chip salted caramel flavour
ASDA,1.69,0.28,unit,ASDA Zingy & Crisp Braeburn Apples,20240413,fresh_food,True,False,ASDA Zingy & Crisp Braeburn Apples,ASDA,standard,,,,,,,,False,,,,Zingy and Crisp Braeburn Apples,zingy and crisp braeburn apples
Sains,20.0,38.5,kg,PhD Smart Protein Powder Plant Chocolate Cookie 500g,20240413,free-from,False,False,PhD Smart Protein Powder Plant Chocolate Cookie 500g,,,,Phd,,,500.0,g,,False,,,{'form': ['powder']},Smart Protein Powder Plant Chocolate Cookie,smart protein powder plant chocolate cookie
Morrisons,5.0,15.24,kg,Morrisons The Best Panc…,20240311,fresh_food,True,True,Morrisons The Best Panc…,Morrisons The Best,premium,The Best,,,,328.1,g,,True,,,,Panc…,panc
Sains,12.5,0.07,unit,Sainsbury's Health Matters Immunity Chewable Vitamin C One a Day Tablet x180 1000mg,20240413,free-from,True,False,Sainsbury's Health Matters Immunity Chewable Vitamin C One a Day Tablet x180 1000mg,Sainsbury's,standard,,,180.0,x_count,1.0,g,,False,,,,Health Matters Immunity Chewable Vitamin C One a Day Tablet,health matters immunity chewable vitamin c one a day tablet
ASDA,2.75,6.25,l,BrewDog Hazy Jane Guava,20240413,drinks,False,False,BrewDog Hazy Jane Guava,,,,Brewdog,,,440.0,ml,,True,,,,Hazy Jane Guava,hazy jane guava
Sains,2.0,24.4,kg,Science in Sport Beta Fuel Orange Energy Drink 82g,20240413,free-from,False,False,Science in Sport Beta Fuel Orange Energy Drink 82g,,,,Science In Sport,,,82.0,g,,False,,,,Beta Fuel Orange Energy Drink,beta fuel orange energy drink
Sains,0.55,0.55,unit,Sainsbury's Large Garlic,20240413,fresh_food,True,False,Sainsbury's Large Garlic,Sainsbury's,standard,,,,,,,,False,,,,Large Garlic,large garlic
Sains,6.25,8.31,l,Edizione 789 Di Mondelli Prosecco 75cl,20240413,drinks,False,False,Edizione 789 Di Mondelli Prosecco 75cl,,,,,,,750.0,ml,,False,,,,Edizione 789 Di Mondelli Prosecco,edizione 789 di mondelli prosecco
Sains,12.0,49.6,kg,Tony's Chocolonely Milk Chocolate 242g,20240201,food_cupboard,False,False,Tony's Chocolonely Milk Chocolate 242g,,,,,,,242.0,g,,False,,,,Tony's Chocolonely Milk Chocolate,tony s chocolonely milk chocolate
Morrisons,4.25,4.25,kg,Morrisons BBQ Chicken Drums,20240413,fresh_food,True,False,Morrisons BBQ Chicken Drums,Morrisons,standard,,,,,1000.0,g,,True,,,{'cooking_method': ['bbq']},BBQ Chicken Drums,bbq chicken drums
Morrisons,0.99,6.69,kg,Morrisons 2 Fresh Bake Pork Sausage Rolls,20240413,fresh_food,True,False,Morrisons 2 Fresh Bake Pork Sausage Rolls,Morrisons,standard,,,,,148.0,g,,True,,,{'cut_meat': ['sausage']},2 Fresh Bake Pork Sausage Rolls,2 fresh bake pork sausage rolls
Sains,1.25,7.35,kg,Pukka Vegan No Steak Slice 170g,20240413,free-from,False,False,Pukka Vegan No Steak Slice 170g,,,,Pukka,,,170.0,g,,False,diet,vegan,{'cut_meat': ['steak']},No Steak Slice,no steak slice
Sains,2.5,5.56,kg,Sainsbury's Frozen Peach & Nectarine Slices 450g,20240413,fresh_food,True,False,Sainsbury's Frozen Peach & Nectarine Slices 450g,Sainsbury's,standard,,,,,450.0,g,,False,,,,Frozen Peach and Nectarine Slices,frozen peach and nectarine slices
Morrisons,3.49,11.63,kg,Morrisons The Best Aged Red Leicester,20240413,fresh_food,True,False,Morrisons The Best Aged Red Leicester,Morrisons The Best,premium,The Best,,,,300.1,g,,True,,,{'maturity': ['aged']},Aged Red Leicester,aged red leicester
Morrisons,3.0,8.11,kg,This Isn't Chicken Plant-Based Chicken Pieces,20240413,fresh_food,False,False,This Isn't Chicken Plant-Based Chicken Pieces,,,,,,,369.9,g,,True,diet,plant-based,,This Isn't Chicken Chicken Pieces,this isn t chicken chicken pieces
Sains,2.1,2.1,l,Califia Farms Oat Drink Barista Blend 1L,20240413,food_cupboard,False,False,Califia Farms Oat Drink Barista Blend 1L,,,,,,,1000.0,ml,,False,,,,Califia Farms Oat Drink Barista Blend,califia farms oat drink barista blend
ASDA,0.75,3.8,kg,Shalimar Balti Mix 200g,20240413,food_cupboard,False,False,Shalimar Balti Mix 200g,,,,,,,200.0,g,,False,,,,Shalimar Balti Mix,shalimar balti mix
Sains,18.0,18.0,l,Grant's Triple Wood Blended Scotch Whisky 1L,20240413,drinks,False,False,Grant's Triple Wood Blended Scotch Whisky 1L,,,,,,,1000.0,ml,,False,,,,Grant's Triple Wood Blended Scotch Whisky,grant s triple wood blended scotch whisky
Tesco,26.0,13.0,kg,Tesco Lamb Whole Leg Joint,20240413,fresh_food,True,False,Tesco Lamb Whole Leg Joint,Tesco,standard,,,,,2000.0,g,,True,,,"{'form': ['whole'], 'cut_meat': ['joint']}",Lamb Whole Leg Joint,lamb whole leg joint
Sains,1.1,30.6,kg,Orion Choco Boy Chocolate Biscuits 36g,20240221,free-from,False,False,Orion Choco Boy Chocolate Biscuits 36g,,,,,,,36.0,g,,False,,,,Orion Choco Boy Chocolate Biscuits,orion choco boy chocolate biscuits
Sains,5.25,4.4,l,Fever-Tree Premium Indian Tonic Water 8 x 150ml (Sugar levy applied),20240413,drinks,False,False,Fever-Tree Premium Indian Tonic Water 8 x 150ml (Sugar levy applied),,,,Fever-Tree,8.0,count_x_size,1200.0,ml,,False,,,,Premium Indian Tonic Water (Sugar levy applied),premium indian tonic water sugar levy applied
Morrisons,0.49,4.3,kg,Morrisons Savers Fruit Cocktail Trifle,20240413,fresh_food,True,False,Morrisons Savers Fruit Cocktail Trifle,Morrisons Savers,value,Savers,,,,114.0,g,,True,,,,Fruit Cocktail Trifle,fruit cocktail trifle
Tesco,1.4,7.0,kg,Mcvitie's 8 Toasting Waffles Chocolate 200G,20240413,bakery,False,False,Mcvitie's 8 Toasting Waffles Chocolate 200G,,,,Mcvitie'S,,,200.0,g,,False,,,,8 Toasting Waffles Chocolate,8 toasting waffles chocolate
Morrisons,1.15,4.6,l,UFIT Chocolate Protein,20240413,drinks,False,False,UFIT Chocolate Protein,,,,Ufit,,,250.0,ml,,True,,,,Chocolate Protein,chocolate protein
ASDA,6.0,2.64,l,Hobgoblin Gold Beer,20240413,drinks,False,False,Hobgoblin Gold Beer,,,,Hobgoblin,,,2272.7,ml,,True,,,,Gold Beer,gold beer
ASDA,1.25,4.2,kg,ASDA Free From Brown Sauce,20240413,free-from,True,False,ASDA Free From Brown Sauce,ASDA Free From,dietary,Free From,,,,297.6,g,,True,,,{'bakery_type': ['brown']},Brown Sauce,brown sauce
Sains,2.55,2.6,l,Mazola Pure Corn Oil 1L,20240413,food_cupboard,False,False,Mazola Pure Corn Oil 1L,,,,,,,1000.0,ml,,False,,,,Mazola Pure Corn Oil,mazola pure corn oil
Tesco,2.95,8.2,kg,Bio&Me Super Berry Gut Loving Granola 360g,20240413,food_cupboard,False,False,Bio&Me Super Berry Gut Loving Granola 360g,,,,,,,360.0,g,,False,organic,bio,,and Me Super Berry Gut Loving Granola,and me super berry gut loving granola
Morrisons,1.99,11.7,kg,Pek Chopped Pork Gold,20240413,food_cupboard,False,False,Pek Chopped Pork Gold,,,,Pek,,,170.1,g,,True,,,{'form': ['chopped']},Chopped Pork Gold,chopped pork gold
Morrisons,2.25,6.2,kg,Aashirvaad Phulka Roti,20240413,food_cupboard,False,False,Aashirvaad Phulka Roti,,,,Aashirvaad,,,362.9,g,,True,,,,Phulka Roti,phulka roti
Sains,3.5,8.75,kg,Plant Pioneers Vegan No Chicken Sweet & Sour with Tofu Fried Rice Ready Meal for 1 400g,20240413,free-from,False,False,Plant Pioneers Vegan No Chicken Sweet & Sour with Tofu Fried Rice Ready Meal for 1 400g,,,,,,,400.0,g,,False,"diet,preparation","vegan,ready meal","{'cooking_method': ['fried'], 'flavor': ['sweet', 'sour']}",Plant Pioneers No Chicken Sweet and Sour with Tofu Fried Rice for 1,plant pioneers no chicken sweet and sour with tofu fried rice for 1
Tesco,2.4,6.12,kg,Tesco Beef Casserole 392G,20240413,food_cupboard,True,False,Tesco Beef Casserole 392G,Tesco,standard,,,,,392.0,g,,False,,,,Beef Casserole,beef casserole
ASDA,1.4,37.0,kg,Wrigley's Extra Cool Breeze Sugar Free Chewing Gum Sugar Free 3 x 9 Pieces,20240413,food_cupboard,False,False,Wrigley's Extra Cool Breeze Sugar Free Chewing Gum Sugar Free 3 x 9 Pieces,,,,Wrigley'S,9.0,x_count,37.8,g,,True,diet,sugar free,,Extra Cool Breeze Chewing Gum 3 Pieces,extra cool breeze chewing gum 3 pieces
Morrisons,4.5,2.3,l,Monster Energy Drink Ultra Fiesta Mango,20240413,drinks,False,False,Monster Energy Drink Ultra Fiesta Mango,,,,Monster,,,1956.5,ml,,True,,,,Energy Drink Ultra Fiesta Mango,energy drink ultra fiesta mango
Sains,5.5,30.6,kg,Sainsbury's Steamed ASC Scottish Salmon Portions x2 180g (Ready to eat),20240413,free-from,True,False,Sainsbury's Steamed ASC Scottish Salmon Portions x2 180g (Ready to eat),Sainsbury's,standard,,,2.0,x_count,180.0,g,,False,preparation,ready to eat,{'cooking_method': ['steamed']},Steamed ASC Scottish Salmon Portions,steamed asc scottish salmon portions
Morrisons,1.29,2.6,l,Grace Original Aloe Vera Juice Drink,20240413,food_cupboard,False,False,Grace Original Aloe Vera Juice Drink,,,,Grace,,,496.2,ml,,True,,,,Original Aloe Vera Juice Drink,original aloe vera juice drink
ASDA,1.0,18.0,kg,COOK by ASDA Chopped Garlic,20240413,food_cupboard,True,False,COOK by ASDA Chopped Garlic,COOK by ASDA,standard,,,,,55.6,g,,True,,,{'form': ['chopped']},Chopped Garlic,chopped garlic
Tesco,2.5,9.5,kg,Nandos Peri Peri Quick Marinade Medium 262G,20240413,food_cupboard,False,False,Nandos Peri Peri Quick Marinade Medium 262G,,,,Nandos,,,262.0,g,,False,,,{'flavor': ['medium']},Peri Peri Quick Marinade Medium,peri peri quick marinade medium
Sains,2.25,64.3,kg,"Twinings Spiced Ginger Tea, 20 Tea Bags",20240413,food_cupboard,False,False,"Twinings Spiced Ginger Tea, 20 Tea Bags",,,,Twinings,20.0,bag_count,35.0,g,,True,,,,Spiced Ginger Tea,spiced ginger tea
Tesco,1.25,31.2,kg,Simply Cook Creamy Tuscan Sausage Pasta R/Kit 40G,20240413,food_cupboard,False,False,Simply Cook Creamy Tuscan Sausage Pasta R/Kit 40G,,,,Simply Cook,,,40.0,g,,False,,,"{'texture': ['creamy'], 'cut_meat': ['sausage']}",Creamy Tuscan Sausage Pasta R/Kit,creamy tuscan sausage pasta r kit
Tesco,4.0,8.0,l,Belvoir Ginger Cordial 500Ml,20240413,drinks,False,False,Belvoir Ginger Cordial 500Ml,,,,Belvoir,,,500.0,ml,,False,,,,Ginger Cordial,ginger cordial
Tesco,1.75,19.44,kg,Tesco Sugar Snap Peas And Sweet Chilli Dip 90G,20240412,fresh_food,True,False,Tesco Sugar Snap Peas And Sweet Chilli Dip 90G,Tesco,standard,,,,,90.0,g,,False,,,{'flavor': ['sweet']},Sugar Snap Peas And Sweet Chilli Dip,sugar snap peas and sweet chilli dip
Morrisons,2.6,7.0,kg,Bonne Maman Peach Conserve,20240413,food_cupboard,False,False,Bonne Maman Peach Conserve,,,,Bonne Maman,,,371.4,g,,True,,,,Peach Conserve,peach conserve
ASDA,2.3,0.14,unit,The BAKERY at ASDA Fluffy 16 Teacake Mini Bites,20240413,bakery,True,False,The BAKERY at ASDA Fluffy 16 Teacake Mini Bites,The BAKERY at ASDA,standard,,,,,,,,False,,,,Fluffy 16 Teacake Mini Bites,fluffy 16 teacake mini bites
Sains,3.5,8.75,kg,"Black Farmer Premium Pork Sausages, Gluten Free x6 400g",20240413,food_cupboard,False,False,"Black Farmer Premium Pork Sausages, Gluten Free x6 400g",,,,,6.0,x_count,400.0,g,,False,free_from,gluten free,,Black Farmer Premium Pork Sausages,black farmer premium pork sausages
Tesco,3.0,7.5,kg,Merchant Gourmet Herby Mediterranean Vegetables & Couscous 400G,20240413,frozen,False,False,Merchant Gourmet Herby Mediterranean Vegetables & Couscous 400G,,,,Merchant Gourmet,,,400.0,g,,False,,,,Herby Mediterranean Vegetables and Couscous,herby mediterranean vegetables and couscous
ASDA,3.0,7.5,kg,Lurpak Slightly Salted Spreadable 400g,20240413,fresh_food,False,False,Lurpak Slightly Salted Spreadable 400g,,,,Lurpak,,,400.0,g,,False,,,,Slightly Salted Spreadable,slightly salted spreadable
Tesco,15.0,15.0,unit,Tesco Chocolate & Salted Caramel Drip Cake,20240413,bakery,True,False,Tesco Chocolate & Salted Caramel Drip Cake,Tesco,standard,,,,,,,,False,,,,Chocolate and Salted Caramel Drip Cake,chocolate and salted caramel drip cake
Sains,1.25,1.3,l,Sainsbury's Pure Tomato Juice 1L,20240413,drinks,True,False,Sainsbury's Pure Tomato Juice 1L,Sainsbury's,standard,,,,,1000.0,ml,,False,,,,Pure Tomato Juice,pure tomato juice
ASDA,2.0,6.7,kg,ASDA 6 Mini Hog Roast Pork Pies 300g,20240413,fresh_food,True,False,ASDA 6 Mini Hog Roast Pork Pies 300g,ASDA,standard,,,,,300.0,g,,False,,,,6 Mini Hog Roast Pork Pies,6 mini hog roast pork pies
Tesco,3.0,6.82,kg,"Tesco Finest 4 Pork, Coastal Cheddar & Confit Onion Sausages 440g",20240413,fresh_food,True,False,"Tesco Finest 4 Pork, Coastal Cheddar & Confit Onion Sausages 440g",Tesco Finest,premium,Finest,,,,440.0,g,,False,,,,"4 Pork, Coastal Cheddar and Confit Onion Sausages",4 pork coastal cheddar and confit onion sausages
Morrisons,2.15,2.9,l,Morrisons The Best Elderflower Presse,20240413,drinks,True,False,Morrisons The Best Elderflower Presse,Morrisons The Best,premium,The Best,,,,741.4,ml,,True,,,,Elderflower Presse,elderflower presse
Sains,1.8,0.9,unit,"Sainsbury's Sweet Pointed Peppers, SO Organic x2 (Colours May Vary)",20240413,free-from,True,False,"Sainsbury's Sweet Pointed Peppers, SO Organic x2 (Colours May Vary)",Sainsbury's,standard,,,2.0,x_count,,,,False,organic,organic,{'flavor': ['sweet']},"Sweet Pointed Peppers, SO (Colours May Vary)",sweet pointed peppers so colours may vary
Morrisons,1.99,5.8,kg,Mackays Scottish Strawberry Preserve,20240413,food_cupboard,False,False,Mackays Scottish Strawberry Preserve,,,,,,,343.1,g,,True,,,,Mackays Scottish Strawberry Preserve,mackays scottish strawberry preserve
Sains,4.75,10.22,kg,"Sainsbury's Chicken Bacon Caesar, Taste the Difference 465g",20240411,fresh_food,True,False,"Sainsbury's Chicken Bacon Caesar, Taste the Difference 465g",Sainsbury's,standard,,,,,465.0,g,,False,,,,"Chicken Bacon Caesar, Taste the Difference",chicken bacon caesar taste the difference
Tesco,27.0,27.0,l,Jim Beam Kentucky Straight Bourbon Whiskey 1L,20240413,drinks,False,False,Jim Beam Kentucky Straight Bourbon Whiskey 1L,,,,Jim Beam,,,1000.0,ml,,False,,,,Kentucky Straight Bourbon Whiskey,kentucky straight bourbon whiskey
ASDA,3.2,10.7,kg,Sharwood's Plum Sauce,20240413,food_cupboard,False,False,Sharwood's Plum Sauce,,,,Sharwood'S,,,299.1,g,,True,,,,Plum Sauce,plum sauce
Sains,1.25,12.5,kg,Ritter Sport Rum Raisin & Hazelnut 100g,20240413,food_cupboard,False,False,Ritter Sport Rum Raisin & Hazelnut 100g,,,,Ritter Sport,,,100.0,g,,False,,,,Rum Raisin and Hazelnut,rum raisin and hazelnut
Sains,3.0,13.0,kg,Koh-Kae Peanuts Nori Wasabi Flavour Coated 230g,20240413,food_cupboard,False,False,Koh-Kae Peanuts Nori Wasabi Flavour Coated 230g,,,,,,,230.0,g,,False,,,{'texture': ['coated']},Koh-Kae Peanuts Nori Wasabi Flavour Coated,koh kae peanuts nori wasabi flavour coated
Sains,1.5,13.64,kg,"Sainsbury's Mild Cheddar Slices with Cracked Black Pepper, Summer Edition 110g",20240413,free-from,True,False,"Sainsbury's Mild Cheddar Slices with Cracked Black Pepper, Summer Edition 110g",Sainsbury's,standard,,,,,110.0,g,,False,,,"{'flavor': ['mild'], 'maturity': ['mild']}","Mild Cheddar Slices with Cracked Black Pepper, Summer Edition",mild cheddar slices with cracked black pepper summer edition
Tesco,2.5,8.33,kg,The Spice Tailor Butter Chicken Mild Curry 300G,20240413,food_cupboard,False,False,The Spice Tailor Butter Chicken Mild Curry 300G,,,,The Spice Tailor,,,300.0,g,,False,,,"{'flavor': ['mild'], 'maturity': ['mild']}",Butter Chicken Mild Curry,butter chicken mild curry
Tesco,2.85,2.85,unit,Tesco Plant Chef Falafel Houmous Wrap,20240412,fresh_food,True,False,Tesco Plant Chef Falafel Houmous Wrap,Tesco Plant Chef,dietary,Plant Chef,,,,,,,False,,,,Falafel Houmous Wrap,falafel houmous wrap
Sains,3.0,8.8,kg,Rowse Natural Blossom Honey Squeezy 340g,20240413,food_cupboard,False,False,Rowse Natural Blossom Honey Squeezy 340g,,,,Rowse,,,340.0,g,,False,,,,Natural Blossom Honey Squeezy,natural blossom honey squeezy
ASDA,1.6,21.3,kg,Grace Exotic Chips Purple Sweet Potato 75g,20240413,food_cupboard,False,False,Grace Exotic Chips Purple Sweet Potato 75g,,,,Grace,,,75.0,g,,False,,,{'flavor': ['sweet']},Exotic Chips Purple Sweet Potato,exotic chips purple sweet potato
Tesco,1.75,8.75,kg,Tesco Chopped Mixed Nuts 200G,20240413,food_cupboard,True,False,Tesco Chopped Mixed Nuts 200G,Tesco,standard,,,,,200.0,g,,False,,,{'form': ['chopped']},Chopped Mixed Nuts,chopped mixed nuts
Morrisons,1.88,1.88,unit,Morrisons Christmas Dundee Cake,20240207,bakery,True,False,Morrisons Christmas Dundee Cake,Morrisons,standard,,,,,,,,False,,,,Christmas Dundee Cake,christmas dundee cake
Morrisons,5.99,5.99,unit,Vapes Bars Ghost Banana Ice 20mg,20240319,drinks,False,False,Vapes Bars Ghost Banana Ice 20mg,,,,,,,,,,False,,,,Vapes Bars Ghost Banana Ice 20mg,vapes bars ghost banana ice 20mg
Tesco,0.65,0.6,l,Tesco Low Calorie Indian Tonic Water With Lime 1Ltr,20240413,drinks,True,False,Tesco Low Calorie Indian Tonic Water With Lime 1Ltr,Tesco,standard,,,,,1000.0,ml,,False,,,,Low Calorie Indian Tonic Water With Lime,low calorie indian tonic water with lime
ASDA,29.0,41.43,l,Glen Moray Speyside Single Malt Scotch Whisky Twisted Vine,20240413,drinks,False,False,Glen Moray Speyside Single Malt Scotch Whisky Twisted Vine,,,,,,,700.0,ml,,True,,,,Glen Moray Speyside Single Malt Scotch Whisky Twisted Vine,glen moray speyside single malt scotch whisky twisted vine
Morrisons,7.0,6.98,l,Morrisons Manor Hall Fortif…,20240413,drinks,True,True,Morrisons Manor Hall Fortif…,Morrisons,standard,,,,,1002.9,ml,,True,,,,Manor Hall Fortif…,manor hall fortif
Tesco,1.0,19.0,kg,Tesco Ground Nutmeg 52G,20240413,food_cupboard,True,False,Tesco Ground Nutmeg 52G,Tesco,standard,,,,,52.0,g,,False,,,{'form': ['ground']},Ground Nutmeg,ground nutmeg
ASDA,4.25,14.17,kg,Shazans Smoked Salt & Pepper Lamb Sausages,20240413,fresh_food,False,False,Shazans Smoked Salt & Pepper Lamb Sausages,,,,,,,299.9,g,,True,,,{'cooking_method': ['smoked']},Shazans Smoked Salt and Pepper Lamb Sausages,shazans smoked salt and pepper lamb sausages
Sains,2.5,3.3,l,Robinsons Orange 750ml,20240405,drinks,False,False,Robinsons Orange 750ml,,,,Robinsons,,,750.0,ml,,False,,,,Orange,orange
ASDA,2.3,9.2,kg,Goodfella's 2 Triple Cheese Pizza Pockets,20240413,frozen,False,False,Goodfella's 2 Triple Cheese Pizza Pockets,,,,Goodfella'S,,,250.0,g,,True,,,,2 Triple Cheese Pizza Pockets,2 triple cheese pizza pockets
ASDA,2.25,5.0,kg,ASDA Extra Special Roast Chicken Stock,20240413,food_cupboard,True,False,ASDA Extra Special Roast Chicken Stock,ASDA Extra Special,premium,Extra Special,,,,450.0,g,,True,,,,Roast Chicken Stock,roast chicken stock
ASDA,1.25,6.2,kg,Santa Maria Hot Green Jalapeños,20240413,food_cupboard,False,False,Santa Maria Hot Green Jalapeños,,,,Santa Maria,,,201.6,g,,True,,,{'flavor': ['hot']},Hot Green Jalapeños,hot green jalapenos
ASDA,1.39,1.7,kg,The BAKERY at ASDA Bake at Home Tiger Bloomer,20240413,bakery,True,False,The BAKERY at ASDA Bake at Home Tiger Bloomer,The BAKERY at ASDA,standard,,,,,817.6,g,,True,,,,Bake at Home Tiger Bloomer,bake at home tiger bloomer
ASDA,1.5,3.8,l,Łowicz Cherry Sour Syrup 400ml,20240413,food_cupboard,False,False,Łowicz Cherry Sour Syrup 400ml,,,,,,,400.0,ml,,False,,,{'flavor': ['sour']},Łowicz Cherry Sour Syrup,owicz cherry sour syrup
Sains,1.75,6.0,kg,Levi Roots Reggae Reggae Jerk BBQ Sauce 290g,20240413,food_cupboard,False,False,Levi Roots Reggae Reggae Jerk BBQ Sauce 290g,,,,,,,290.0,g,,False,,,{'cooking_method': ['bbq']},Levi Roots Reggae Reggae Jerk BBQ Sauce,levi roots reggae reggae jerk bbq sauce
Sains,0.8,2.4,l,Tropical Sun American Style Root Beer 330ml (Sugar levy applied),20240413,food_cupboard,False,False,Tropical Sun American Style Root Beer 330ml (Sugar levy applied),,,,,,,330.0,ml,,False,,,,Tropical Sun American Style Root Beer (Sugar levy applied),tropical sun american style root beer sugar levy applied
ASDA,2.15,6.5,l,Innocent Plus Berry Set Go Raspberry & Cherry Juice 330ml,20240413,fresh_food,False,False,Innocent Plus Berry Set Go Raspberry & Cherry Juice 330ml,,,,Innocent,,,330.0,ml,,False,,,,Plus Berry Set Go Raspberry and Cherry Juice,plus berry set go raspberry and cherry juice
Morrisons,2.39,2.39,unit,Cadbury Dairy Milk Cornfl…,20240320,bakery,False,True,Cadbury Dairy Milk Cornfl…,,,,Cadbury,,,,,,False,,,,Dairy Milk Cornfl…,dairy milk cornfl
ASDA,10.0,10.0,unit,Contigo Ashland Water Bottle,20240413,drinks,False,False,Contigo Ashland Water Bottle,,,,Contigo,,,,,,False,,,{'packaging': ['bottle']},Ashland Water Bottle,ashland water bottle
ASDA,2.5,10.4,l,Leon Love Burger Sauce,20240413,food_cupboard,False,False,Leon Love Burger Sauce,,,,Leon,,,240.4,ml,,True,,,,Love Burger Sauce,love burger sauce
Tesco,7.75,10.31,l,Tesco Finest Pinot Grigio Blush 75Cl,20240413,drinks,True,False,Tesco Finest Pinot Grigio Blush 75Cl,Tesco Finest,premium,Finest,,,,750.0,ml,,False,,,,Pinot Grigio Blush,pinot grigio blush
Tesco,3.0,12.0,kg,Tesco Finest Salted Caramel Sauce 250G,20240413,food_cupboard,True,False,Tesco Finest Salted Caramel Sauce 250G,Tesco Finest,premium,Finest,,,,250.0,g,,False,,,,Salted Caramel Sauce,salted caramel sauce
Tesco,1.85,12.33,kg,Yamas Authentic Greek Feta Pdo 150G,20240413,fresh_food,False,False,Yamas Authentic Greek Feta Pdo 150G,,,,Yamas,,,150.0,g,,False,,,,Authentic Greek Feta Pdo,authentic greek feta pdo
Sains,3.3,5.5,kg,BOL Garden Pea & Spinach Protein Power Soup,20240413,free-from,False,False,BOL Garden Pea & Spinach Protein Power Soup,,,,,,,600.0,g,,True,,,,BOL Garden Pea and Spinach Protein Power Soup,bol garden pea and spinach protein power soup
Morrisons,6.49,6.49,unit,Velo Max Ruby Berry 17mg,20240319,drinks,False,False,Velo Max Ruby Berry 17mg,,,,,,,,,,False,,,,Velo Max Ruby Berry 17mg,velo max ruby berry 17mg
Morrisons,1.35,7.1,kg,Morrisons Midget Gems,20240413,food_cupboard,True,False,Morrisons Midget Gems,Morrisons,standard,,,,,190.1,g,,True,,,,Midget Gems,midget gems
Sains,1.65,9.7,kg,"Sainsbury's Fire Roasted Red Pepper Dip Summer Edition, Taste the Difference 170g",20240413,free-from,True,False,"Sainsbury's Fire Roasted Red Pepper Dip Summer Edition, Taste the Difference 170g",Sainsbury's,standard,,,,,170.0,g,,False,,,{'cooking_method': ['roasted']},"Fire Roasted Red Pepper Dip Summer Edition, Taste the Difference",fire roasted red pepper dip summer edition taste the difference
ASDA,1.75,14.6,kg,Nescafe Gold Cappuccino Decaf Unsweetened Taste Coffee Sachets,20240413,drinks,False,False,Nescafe Gold Cappuccino Decaf Unsweetened Taste Coffee Sachets,,,,Nescafe,,,119.9,g,,True,,,,Gold Cappuccino Decaf Unsweetened Taste Coffee Sachets,gold cappuccino decaf unsweetened taste coffee sachets
Sains,1.65,11.0,kg,Walkers Prawn Cocktail Multipack Crisps 6x25g,20240413,food_cupboard,False,False,Walkers Prawn Cocktail Multipack Crisps 6x25g,,,,Walkers,6.0,count_x_size,150.0,g,,False,,,{'packaging': ['multipack']},Prawn Cocktail Multipack Crisps,prawn cocktail multipack crisps
Sains,1.75,3.5,kg,Chicken Tonight Mushroom Sauce 500g,20240413,food_cupboard,False,False,Chicken Tonight Mushroom Sauce 500g,,,,Chicken Tonight,,,500.0,g,,False,,,,Mushroom Sauce,mushroom sauce
Sains,4.2,4.2,l,Diet Coke 4x250ml,20240413,drinks,False,False,Diet Coke 4x250ml,,,,Diet Coke,4.0,count_x_size,1000.0,ml,,False,,,,,
Sains,2.5,7.1,kg,"Sainsbury's Tomato Sauce with Basil, SO Organic 350g",20240413,food_cupboard,True,False,"Sainsbury's Tomato Sauce with Basil, SO Organic 350g",Sainsbury's,standard,,,,,350.0,g,,False,organic,organic,,"Tomato Sauce with Basil, SO",tomato sauce with basil so
ASDA,2.0,2.0,unit,George Home Stainless Steel Whisk,20240413,food_cupboard,True,False,George Home Stainless Steel Whisk,George Home,standard,,,,,,,,False,,,,Stainless Steel Whisk,stainless steel whisk
Tesco,1.75,5.8,kg,Tesco Free From Choco-Nut Pillows 300G,20240413,food_cupboard,True,False,Tesco Free From Choco-Nut Pillows 300G,Tesco Free From,dietary,Free From,,,,300.0,g,,False,,,,Choco-Nut Pillows,choco nut pillows
Sains,1.4,0.35,unit,Sainsbury's Braeburn Apples,20240413,fresh_food,True,False,Sainsbury's Braeburn Apples,Sainsbury's,standard,,,,,,,,False,,,,Braeburn Apples,braeburn apples
Morrisons,3.99,5.87,kg,Mother Africa Fufu Flour,20240413,food_cupboard,False,False,Mother Africa Fufu Flour,,,,Mother Africa,,,679.7,g,,True,,,,Fufu Flour,fufu flour
Sains,4.0,22.9,kg,Bisto Gluten Free Gravy Granules 175g,20240413,food_cupboard,False,False,Bisto Gluten Free Gravy Granules 175g,,,,Bisto,,,175.0,g,,False,free_from,gluten free,,Gravy Granules,gravy granules
Sains,3.0,19.4,kg,Higgidy Spinach & Tomato Quiche 155g,20240413,fresh_food,False,False,Higgidy Spinach & Tomato Quiche 155g,,,,Higgidy,,,155.0,g,,False,,,,Spinach and Tomato Quiche,spinach and tomato quiche
ASDA,17.0,226.61,l,ASDA Extra Special Cóte De Beaune Villages,20240413,drinks,True,False,ASDA Extra Special Cóte De Beaune Villages,ASDA Extra Special,premium,Extra Special,,,,75.0,ml,,True,,,,Cóte De Beaune Villages,cote de beaune villages
Tesco,1.3,3.25,kg,Tesco Vanilla Sponge Mix 400G,20240413,food_cupboard,True,False,Tesco Vanilla Sponge Mix 400G,Tesco,standard,,,,,400.0,g,,False,,,,Vanilla Sponge Mix,vanilla sponge mix
Morrisons,0.99,9.9,kg,Morrisons Sardines in Harissa Sauce (100g),20240413,food_cupboard,True,False,Morrisons Sardines in Harissa Sauce (100g),Morrisons,standard,,,,,100.0,g,,False,,,,Sardines in Harissa Sauce,sardines in harissa sauce
Morrisons,12.0,12.0,unit,Cruzcampo Sevilla Lager Beer12 x 330ml,20240306,drinks,False,False,Cruzcampo Sevilla Lager Beer12 x 330ml,,,,Cruzcampo,12.0,count_x_size,3960.0,ml,,False,,,,Sevilla Lager Beer,sevilla lager beer
Morrisons,2.5,15.6,kg,Princes Mexican Tuna Salad Bowl (160g),20240413,food_cupboard,False,False,Princes Mexican Tuna Salad Bowl (160g),,,,Princes,,,160.0,g,,False,,,,Mexican Tuna Salad Bowl,mexican tuna salad bowl
Tesco,7.0,7.0,unit,Tesco Free From Stripey The Caterpillar Cake,20240413,bakery,True,False,Tesco Free From Stripey The Caterpillar Cake,Tesco Free From,dietary,Free From,,,,,,,False,,,,Stripey The Caterpillar Cake,stripey the caterpillar cake
Sains,1.0,10.0,kg,Pot Noodle Chilli Chicken Instant Snack 100g,20240413,food_cupboard,False,False,Pot Noodle Chilli Chicken Instant Snack 100g,,,,Pot Noodle,,,100.0,g,,False,,,,Chilli Chicken Instant Snack,chilli chicken instant snack
ASDA,3.6,8.18,kg,ASDA Tender 4 Pork Loin Steaks,20240224,fresh_food,True,False,ASDA Tender 4 Pork Loin Steaks,ASDA,standard,,,,,440.1,g,,True,,,,Tender 4 Pork Loin Steaks,tender 4 pork loin steaks
Sains,1.25,1.3,l,Nexba Naturally Sugar Free Pineapple Soft Drink 1L,20240413,drinks,False,False,Nexba Naturally Sugar Free Pineapple Soft Drink 1L,,,,,,,1000.0,ml,,False,diet,sugar free,{'texture': ['soft']},Nexba Naturally Pineapple Soft Drink,nexba naturally pineapple soft drink
Morrisons,1.5,1.9,kg,Hovis Seeded Batch Bread,20240413,bakery,False,False,Hovis Seeded Batch Bread,,,,Hovis,,,789.5,g,,True,,,{'bakery_type': ['seeded']},Seeded Batch Bread,seeded batch bread
Sains,5.75,7.65,l,Hardys VR Sauvignon Blanc 750ml,20240413,drinks,False,False,Hardys VR Sauvignon Blanc 750ml,,,,Hardys,,,750.0,ml,,False,,,,VR Sauvignon Blanc,vr sauvignon blanc
Morrisons,3.0,30.0,kg,Extra Watermelon Flavour Sugarfree Ch…,20240413,food_cupboard,False,True,Extra Watermelon Flavour Sugarfree Ch…,,,,,,,100.0,g,,True,,,,Extra Watermelon Flavour Sugarfree Ch…,extra watermelon flavour sugarfree ch
ASDA,2.3,4.6,l,Timothy Taylor's Landlord Classic Pale Ale,20240413,drinks,False,False,Timothy Taylor's Landlord Classic Pale Ale,,,,Timothy Taylor'S,,,500.0,ml,,True,,,,Landlord Classic Pale Ale,landlord classic pale ale
Sains,4.0,20.0,kg,Costa Coffee Mocha Italia Signature Blend Ground for Cafetiere & Filter 200g,20240413,food_cupboard,False,False,Costa Coffee Mocha Italia Signature Blend Ground for Cafetiere & Filter 200g,,,,Costa,,,200.0,g,,False,,,{'form': ['ground']},Coffee Mocha Italia Signature Blend Ground for Cafetiere and Filter,coffee mocha italia signature blend ground for cafetiere and filter
Morrisons,2.29,2.29,kg,Allinson Plain Wholemeal Flour,20240413,food_cupboard,False,False,Allinson Plain Wholemeal Flour,,,,Allinson,,,1000.0,g,,True,,,{'bakery_type': ['wholemeal']},Plain Wholemeal Flour,plain wholemeal flour
Morrisons,3.99,11.4,kg,Morrisons Chinese Sweet & Sour Chicken,20240413,fresh_food,True,False,Morrisons Chinese Sweet & Sour Chicken,Morrisons,standard,,,,,350.0,g,,True,,,"{'flavor': ['sweet', 'sour']}",Chinese Sweet and Sour Chicken,chinese sweet and sour chicken
ASDA,0.49,2.04,kg,ASDA Mexican Style Bean Mix in Water,20240308,drinks,True,False,ASDA Mexican Style Bean Mix in Water,ASDA,standard,,,,,240.2,g,,True,,,,Mexican Style Bean Mix in Water,mexican style bean mix in water
Tesco,2.65,11.04,kg,Quorn Tomato & Mozzarella Escalopes 240g,20240413,frozen,False,False,Quorn Tomato & Mozzarella Escalopes 240g,,,,Quorn,,,240.0,g,,False,,,,Tomato and Mozzarella Escalopes,tomato and mozzarella escalopes
Morrisons,1.59,6.36,kg,Crisp 'N' Dry Solid White Vegetable Oil,20240413,fresh_food,False,False,Crisp 'N' Dry Solid White Vegetable Oil,,,,,,,250.0,g,,True,,,{'bakery_type': ['white']},Crisp 'N' Dry Solid White Vegetable Oil,crisp n dry solid white vegetable oil
ASDA,1.75,5.8,kg,Tropics Original Recipe Hot & Spicy Chicken Fry Mix,20240413,food_cupboard,False,False,Tropics Original Recipe Hot & Spicy Chicken Fry Mix,,,,,,,301.7,g,,True,,,"{'flavor': ['spicy', 'hot']}",Tropics Original Recipe Hot and Spicy Chicken Fry Mix,tropics original recipe hot and spicy chicken fry mix
Tesco,3.0,3.0,l,Tesco Low Alcohol Reduced Cal G&T. 4 X 250Ml,20240413,drinks,True,False,Tesco Low Alcohol Reduced Cal G&T. 4 X 250Ml,Tesco,standard,,,4.0,count_x_size,1000.0,ml,,False,alcohol_marker,low alcohol,,Reduced Cal G and T,reduced cal g and t
Tesco,3.0,16.7,kg,Tony's Chocolonely Milk Chocolate Caramel Biscuit 180G,20240413,food_cupboard,False,False,Tony's Chocolonely Milk Chocolate Caramel Biscuit 180G,,,,,,,180.0,g,,False,,,,Tony's Chocolonely Milk Chocolate Caramel Biscuit,tony s chocolonely milk chocolate caramel biscuit
Sains,1.25,3.6,kg,Sainsbury's Arrabiata Sauce 350g (Serves 2),20240413,free-from,True,False,Sainsbury's Arrabiata Sauce 350g (Serves 2),Sainsbury's,standard,,,,,350.0,g,,False,,,,Arrabiata Sauce (Serves 2),arrabiata sauce serves 2
Tesco,1.25,1.25,l,Tesco Coconut Drink 1 Litre,20240413,food_cupboard,True,False,Tesco Coconut Drink 1 Litre,Tesco,standard,,,,,1000.0,ml,,False,,,,Coconut Drink,coconut drink
Sains,1.7,6.8,l,"Red Bull Spiced Pear Energy Drink, the Winter Edition 250ml",20240413,drinks,False,False,"Red Bull Spiced Pear Energy Drink, the Winter Edition 250ml",,,,Red Bull,,,250.0,ml,,False,,,,"Spiced Pear Energy Drink, the Winter Edition",spiced pear energy drink the winter edition
Tesco,3.3,7.8,kg,Tesco Chicken & Bacon Sandwich Filler 423G,20240413,fresh_food,True,False,Tesco Chicken & Bacon Sandwich Filler 423G,Tesco,standard,,,,,423.0,g,,False,,,,Chicken and Bacon Sandwich Filler,chicken and bacon sandwich filler
Tesco,2.25,5.6,l,Cadbury Creme Egg Ice Cream Cones 4X100ml,20240212,frozen,False,False,Cadbury Creme Egg Ice Cream Cones 4X100ml,,,,Cadbury,4.0,count_x_size,400.0,ml,,False,,,,Creme Egg Ice Cream Cones,creme egg ice cream cones
Sains,2.35,7.83,kg,Sainsbury's Watermelon 300g,20240413,fresh_food,True,False,Sainsbury's Watermelon 300g,Sainsbury's,standard,,,,,300.0,g,,False,,,,Watermelon,watermelon
Morrisons,1.99,36.2,kg,Cornish Sea Salt Really Garlicky Seasoning,20240413,food_cupboard,False,False,Cornish Sea Salt Really Garlicky Seasoning,,,,,,,55.0,g,,True,,,,Cornish Sea Salt Really Garlicky Seasoning,cornish sea salt really garlicky seasoning
Morrisons,1.49,4.3,kg,Regal Bakery Mini Madeira Cakes,20240413,food_cupboard,False,False,Regal Bakery Mini Madeira Cakes,,,,Regal,,,346.5,g,,True,,,,Bakery Mini Madeira Cakes,bakery mini madeira cakes
Tesco,0.59,3.28,kg,Batchelors Bigga Marrowfat Processed Peas 300G,20240413,food_cupboard,False,False,Batchelors Bigga Marrowfat Processed Peas 300G,,,,Batchelors,,,300.0,g,,False,,,,Bigga Marrowfat Processed Peas,bigga marrowfat processed peas
Sains,3.25,14.13,kg,Sainsbury's Mini Garlic Pizza Breads x2 230g,20240413,free-from,True,False,Sainsbury's Mini Garlic Pizza Breads x2 230g,Sainsbury's,standard,,,2.0,x_count,230.0,g,,False,,,,Mini Garlic Pizza Breads,mini garlic pizza breads
Sains,1.09,3.2,kg,Sainsbury's Peanut Butter Smooth 340g,20240409,food_cupboard,True,False,Sainsbury's Peanut Butter Smooth 340g,Sainsbury's,standard,,,,,340.0,g,,False,,,{'texture': ['smooth']},Peanut Butter Smooth,peanut butter smooth
ASDA,13.0,13.0,unit,George Home Green Simplicity 28cm Wok,20240405,fresh_food,True,False,George Home Green Simplicity 28cm Wok,George Home,standard,,,,,,,,False,,,,Green Simplicity 28cm Wok,green simplicity 28cm wok
Tesco,1.7,5.7,kg,Tesco Beetroot Salad 300g,20240413,fresh_food,True,False,Tesco Beetroot Salad 300g,Tesco,standard,,,,,300.0,g,,False,,,,Beetroot Salad,beetroot salad
Tesco,0.45,1.0,kg,Hearty Food Co. Curry Sauce 440G,20240413,food_cupboard,True,False,Hearty Food Co. Curry Sauce 440G,,,,,,,440.0,g,,False,,,,Hearty Food Co. Curry Sauce,hearty food co curry sauce
Sains,2.25,1.8,l,Lipton Ice Tea Lemon Flavoured Still Soft Drink 1.25L,20240413,drinks,False,False,Lipton Ice Tea Lemon Flavoured Still Soft Drink 1.25L,,,,Lipton,,,1250.0,ml,,False,,,{'texture': ['soft']},Ice Tea Lemon Flavoured Still Soft Drink,ice tea lemon flavoured still soft drink
ASDA,1.0,1.0,unit,George Home 2L Grip Measuring Jug,20240413,food_cupboard,True,False,George Home 2L Grip Measuring Jug,George Home,standard,,,,,2000.0,ml,,False,,,,Grip Measuring Jug,grip measuring jug
Sains,3.8,10.86,kg,"Sainsbury's Extra Mature Cumbrian Cheddar, Taste the Difference 350g",20240413,fresh_food,True,False,"Sainsbury's Extra Mature Cumbrian Cheddar, Taste the Difference 350g",Sainsbury's,standard,,,,,350.0,g,,False,,,"{'maturity': ['extra mature', 'mature']}","Extra Mature Cumbrian Cheddar, Taste the Difference",extra mature cumbrian cheddar taste the difference
ASDA,2.0,4.0,l,Kopparberg Premium Cider with Raspberry 500ml,20240413,drinks,False,False,Kopparberg Premium Cider with Raspberry 500ml,,,,Kopparberg,,,500.0,ml,,False,,,,Premium Cider with Raspberry,premium cider with raspberry
Tesco,2.25,9.0,kg,Lactofree Spreadable 250G,20240413,fresh_food,False,False,Lactofree Spreadable 250G,,,,,,,250.0,g,,False,,,,Lactofree Spreadable,lactofree spreadable
ASDA,2.0,7.6,kg,Nando's Peri-Peri Medium Quick Marinade,20240413,food_cupboard,False,False,Nando's Peri-Peri Medium Quick Marinade,,,,Nando'S,,,263.2,g,,True,,,{'flavor': ['medium']},Peri-Peri Medium Quick Marinade,peri peri medium quick marinade
Morrisons,11.0,14.63,l,Baron Philippe de Rothsch…,20240412,drinks,False,True,Baron Philippe de Rothsch…,,,,,,,751.9,ml,,True,,,,Baron Philippe de Rothsch…,baron philippe de rothsch
ASDA,2.0,16.0,kg,Ryvita Crackerbread Wholegrain Crackers 125g,20240413,food_cupboard,False,False,Ryvita Crackerbread Wholegrain Crackers 125g,,,,Ryvita,,,125.0,g,,False,,,{'bakery_type': ['wholegrain']},Crackerbread Wholegrain Crackers,crackerbread wholegrain crackers
Morrisons,3.25,0.7,l,Highland Spring Still Water Sports Cap,20240413,drinks,False,False,Highland Spring Still Water Sports Cap,,,,Highland Spring,,,4642.9,ml,,True,,,,Still Water Sports Cap,still water sports cap
Tesco,3.25,8.12,kg,Tesco Macaroni Cheese 400G,20240413,fresh_food,True,False,Tesco Macaroni Cheese 400G,Tesco,standard,,,,,400.0,g,,False,,,,Macaroni Cheese,macaroni cheese
ASDA,2.0,13.3,kg,ASDA Vegetable Bouillon Mix,20240413,food_cupboard,True,False,ASDA Vegetable Bouillon Mix,ASDA,standard,,,,,150.4,g,,True,,,,Vegetable Bouillon Mix,vegetable bouillon mix
Sains,4.5,3.4,l,Get More Vits Vitamin D Sparkling Mango & Passionfruit 4x330ml,20240413,drinks,False,False,Get More Vits Vitamin D Sparkling Mango & Passionfruit 4x330ml,,,,,4.0,count_x_size,1320.0,ml,,False,,,,Get More Vits Vitamin D Sparkling Mango and Passionfruit,get more vits vitamin d sparkling mango and passionfruit
Tesco,2.0,4.9,kg,Tesco Raspberry Trifles 405G (3X135g),20240302,fresh_food,True,False,Tesco Raspberry Trifles 405G (3X135g),Tesco,standard,,,3.0,count_x_size,405.0,g,,False,,,,Raspberry Trifles,raspberry trifles
Morrisons,2.0,4.0,l,Brothers App Solutely Pear Fect Cider,20240413,drinks,False,False,Brothers App Solutely Pear Fect Cider,,,,Brothers,,,500.0,ml,,True,,,,App Solutely Pear Fect Cider,app solutely pear fect cider
ASDA,3.3,19.41,kg,This Isn't Chicken Shawarma 170g,20240413,free-from,False,False,This Isn't Chicken Shawarma 170g,,,,,,,170.0,g,,False,,,,This Isn't Chicken Shawarma,this isn t chicken shawarma
ASDA,1.0,2.47,kg,Branston Baked Beans with Sausages in Tomato Sauce,20240413,food_cupboard,False,False,Branston Baked Beans with Sausages in Tomato Sauce,,,,Branston,,,404.9,g,,True,,,{'cooking_method': ['baked']},Baked Beans with Sausages in Tomato Sauce,baked beans with sausages in tomato sauce
Sains,1.9,29.69,kg,Nissin Cup Noodles 5 Spices Beef Flavour Instant Ramen Style Pot 64g,20240413,food_cupboard,False,False,Nissin Cup Noodles 5 Spices Beef Flavour Instant Ramen Style Pot 64g,,,,Nissin,,,64.0,g,,False,,,,Cup Noodles 5 Spices Beef Flavour Instant Ramen Style Pot,cup noodles 5 spices beef flavour instant ramen style pot
ASDA,1.75,4.6,kg,Fage Strawberry Thick & Smooth Strained Yoghurt,20240413,fresh_food,False,False,Fage Strawberry Thick & Smooth Strained Yoghurt,,,,Fage,,,380.4,g,,True,,,"{'texture': ['smooth', 'thick']}",Strawberry Thick and Smooth Strained Yoghurt,strawberry thick and smooth strained yoghurt
Sains,2.0,6.6,kg,Sainsbury's Cheesy Bean Slices x2 300g,20240413,fresh_food,True,False,Sainsbury's Cheesy Bean Slices x2 300g,Sainsbury's,standard,,,2.0,x_count,300.0,g,,False,,,,Cheesy Bean Slices,cheesy bean slices
Sains,2.0,4.0,kg,SO Organic Broccoli 500g,20240413,free-from,False,False,SO Organic Broccoli 500g,SO Organic,standard,,,,,500.0,g,,False,,,,Broccoli,broccoli
Tesco,2.5,0.42,unit,Cadbury Mini Egg Choc Cakes 6 pack,20240326,bakery,False,False,Cadbury Mini Egg Choc Cakes 6 pack,,,,Cadbury,6.0,count_pack,,,,False,,,,Mini Egg Choc Cakes,mini egg choc cakes
ASDA,1.25,8.3,kg,Lindahls Pro + Kvarg Banoffee Pie,20240413,fresh_food,False,False,Lindahls Pro + Kvarg Banoffee Pie,,,,Lindahls,,,150.6,g,,True,,,,Pro + Kvarg Banoffee Pie,pro kvarg banoffee pie
Sains,2.5,13.5,kg,Sainsbury's Free From Raspberry Butterfly Cakes 185g,20240413,free-from,True,False,Sainsbury's Free From Raspberry Butterfly Cakes 185g,Sainsbury's Free From,dietary,Free From,,,,185.0,g,,False,,,,Raspberry Butterfly Cakes,raspberry butterfly cakes
Sains,0.9,2.3,kg,"Sainsbury's Rice Pudding, Creamed 400g",20240413,food_cupboard,True,False,"Sainsbury's Rice Pudding, Creamed 400g",Sainsbury's,standard,,,,,400.0,g,,False,,,,"Rice Pudding, Creamed",rice pudding creamed
ASDA,2.5,2.5,unit,George Home Red Alphabet Glass Mug - G,20240413,drinks,True,False,George Home Red Alphabet Glass Mug - G,George Home,standard,,,,,,,,False,,,,Red Alphabet Glass Mug - G,red alphabet glass mug g
Sains,0.59,3.3,kg,Sainsbury's Wholegrain Mustard 180g,20240413,food_cupboard,True,False,Sainsbury's Wholegrain Mustard 180g,Sainsbury's,standard,,,,,180.0,g,,False,,,{'bakery_type': ['wholegrain']},Wholegrain Mustard,wholegrain mustard
Tesco,1.49,17.3,kg,Batchelors Cup A Soup Chicken & Leek 4 Pack 86G,20240413,food_cupboard,False,False,Batchelors Cup A Soup Chicken & Leek 4 Pack 86G,,,,Batchelors,4.0,count_pack,86.0,g,,False,,,,Cup A Soup Chicken and Leek,cup a soup chicken and leek
Tesco,4.5,11.25,kg,Tesco Fire Pit 10 Sweet & Smoky Beef Kebabs 400G,20240413,fresh_food,True,False,Tesco Fire Pit 10 Sweet & Smoky Beef Kebabs 400G,Tesco,standard,,,,,400.0,g,,False,,,"{'flavor': ['sweet'], 'cut_meat': ['kebabs']}",Fire Pit 10 Sweet and Smoky Beef Kebabs,fire pit 10 sweet and smoky beef kebabs
Sains,1.8,7.2,l,Bacardi Mango Mojito Premix Rum Cocktail 25cl,20240413,drinks,False,False,Bacardi Mango Mojito Premix Rum Cocktail 25cl,,,,Bacardi,,,250.0,ml,,False,,,,Mango Mojito Premix Rum Cocktail,mango mojito premix rum cocktail
Sains,5.0,10.2,kg,"Sainsbury's Strawberry & Clotted Cream Cake, Taste the Difference 490g",20240222,bakery,True,False,"Sainsbury's Strawberry & Clotted Cream Cake, Taste the Difference 490g",Sainsbury's,standard,,,,,490.0,g,,False,,,,"Strawberry and Clotted Cream Cake, Taste the Difference",strawberry and clotted cream cake taste the difference
Sains,2.64,5.81,kg,Sainsbury's Beef Burgers With Onion x8 454g,20240413,frozen,True,False,Sainsbury's Beef Burgers With Onion x8 454g,Sainsbury's,standard,,,8.0,x_count,454.0,g,,False,,,{'cut_meat': ['burgers']},Beef Burgers With Onion,beef burgers with onion
Sains,4.4,33.3,kg,"Starbucks by Nescafe Dolce Gusto Madagascar Vanilla Macchiato Coffee Pods, 12 Pods Per Box",20240201,drinks,False,False,"Starbucks by Nescafe Dolce Gusto Madagascar Vanilla Macchiato Coffee Pods, 12 Pods Per Box",,,,Starbucks,12.0,bag_count,132.1,g,,True,,,,"by Nescafe Dolce Gusto Madagascar Vanilla Macchiato Coffee Pods, Per Box",by nescafe dolce gusto madagascar vanilla macchiato coffee pods per box
Tesco,10.0,4.0,l,All Shook Up Mixed Sharing Pack Cocktail Cans 10x250ml,20240413,drinks,False,False,All Shook Up Mixed Sharing Pack Cocktail Cans 10x250ml,,,,,10.0,count_x_size,2500.0,ml,,False,,,{'packaging': ['cans']},All Shook Up Mixed Sharing Pack Cocktail Cans,all shook up mixed sharing pack cocktail cans
Sains,3.0,10.0,kg,Sainsbury's White Red & Black Quinoa 300g,20240413,food_cupboard,True,False,Sainsbury's White Red & Black Quinoa 300g,Sainsbury's,standard,,,,,300.0,g,,False,,,{'bakery_type': ['white']},White Red and Black Quinoa,white red and black quinoa
ASDA,1.0,28.6,kg,Muscle Moose The Dinky Protein Bar Chocolate Donut Flavour,20240413,food_cupboard,False,False,Muscle Moose The Dinky Protein Bar Chocolate Donut Flavour,,,,,,,35.0,g,,True,,,,Muscle Moose The Dinky Protein Bar Chocolate Donut Flavour,muscle moose the dinky protein bar chocolate donut flavour
Tesco,2.0,2.0,kg,Tesco Marmalade Oranges Pack 1Kg,20240130,fresh_food,True,False,Tesco Marmalade Oranges Pack 1Kg,Tesco,standard,,,,,1000.0,g,,False,,,,Marmalade Oranges Pack,marmalade oranges pack
Tesco,4.0,10.0,kg,The Gym Kitchen Piri Piri Chicken 400G,20240413,fresh_food,False,False,The Gym Kitchen Piri Piri Chicken 400G,,,,,,,400.0,g,,False,,,,The Gym Kitchen Piri Piri Chicken,the gym kitchen piri piri chicken
Morrisons,1.75,17.5,kg,Dr. Oetker Dark Chocolate Bar,20240413,food_cupboard,False,False,Dr. Oetker Dark Chocolate Bar,,,,Dr. Oetker,,,100.0,g,,True,,,,Dark Chocolate Bar,dark chocolate bar
Morrisons,4.5,9.0,l,Baskin Robbins Cool Mint Cookie Ice Cream,20240413,frozen,False,False,Baskin Robbins Cool Mint Cookie Ice Cream,,,,,,,500.0,ml,,True,,,,Baskin Robbins Cool Mint Cookie Ice Cream,baskin robbins cool mint cookie ice cream
Morrisons,7.25,29.0,kg,Illy Espresso Ground Coffee,20240413,food_cupboard,False,False,Illy Espresso Ground Coffee,,,,Illy,,,250.0,g,,True,,,{'form': ['ground']},Espresso Ground Coffee,espresso ground coffee
Tesco,2.25,4.96,kg,Tesco Plant Chef 8 Meat Free Burgers 454G,20240413,frozen,True,False,Tesco Plant Chef 8 Meat Free Burgers 454G,Tesco Plant Chef,dietary,Plant Chef,,,,454.0,g,,False,,,{'cut_meat': ['burgers']},8 Meat Free Burgers,8 meat free burgers
ASDA,1.4,6.36,kg,Ben's Original Pilau Microwave Rice,20240413,food_cupboard,False,False,Ben's Original Pilau Microwave Rice,,,,Ben'S Original,,,220.1,g,,True,,,,Pilau Microwave Rice,pilau microwave rice
ASDA,2.5,0.42,unit,ASDA Extra Special 6 All-Butter Pastry Cases,20240413,food_cupboard,True,False,ASDA Extra Special 6 All-Butter Pastry Cases,ASDA Extra Special,premium,Extra Special,,,,,,,False,,,,6 All-Butter Pastry Cases,6 all butter pastry cases
Tesco,6.25,4.74,l,Brewdog Punk Ipa 4X330ml,20240413,drinks,False,False,Brewdog Punk Ipa 4X330ml,,,,Brewdog,4.0,count_x_size,1320.0,ml,,False,,,,Punk Ipa,punk ipa
Sains,16.5,23.57,l,Kahlua Coffee Liqueur 70cl,20240413,drinks,False,False,Kahlua Coffee Liqueur 70cl,,,,Kahlua,,,700.0,ml,,False,,,,Coffee Liqueur,coffee liqueur
ASDA,4.5,18.0,kg,The Lions Kingdom 2 Ostrich Sous-Vide Steaks 250g,20240413,frozen,False,False,The Lions Kingdom 2 Ostrich Sous-Vide Steaks 250g,,,,,,,250.0,g,,False,,,,The Lions Kingdom 2 Ostrich Sous-Vide Steaks,the lions kingdom 2 ostrich sous vide steaks
Sains,1.3,16.3,kg,Sainsbury's Sweet & Smoky BBQ Chicken Breast Chunks 80g,20240329,fresh_food,True,False,Sainsbury's Sweet & Smoky BBQ Chicken Breast Chunks 80g,Sainsbury's,standard,,,,,80.0,g,,False,,,"{'cooking_method': ['bbq'], 'flavor': ['sweet'], 'cut_meat': ['breast']}",Sweet and Smoky BBQ Chicken Breast Chunks,sweet and smoky bbq chicken breast chunks
Tesco,2.15,15.1,l,Tropical Sun Jamaican Scotch Bonnet Pepper Sauce 142ml,20240413,food_cupboard,False,False,Tropical Sun Jamaican Scotch Bonnet Pepper Sauce 142ml,,,,,,,142.0,ml,,False,,,,Tropical Sun Jamaican Scotch Bonnet Pepper Sauce,tropical sun jamaican scotch bonnet pepper sauce
Sains,1.0,22.2,kg,Walkers Less Salt Mild Cheese & Onion Crisps 45g,20240413,food_cupboard,False,False,Walkers Less Salt Mild Cheese & Onion Crisps 45g,,,,Walkers,,,45.0,g,,False,,,"{'flavor': ['mild'], 'maturity': ['mild']}",Less Salt Mild Cheese and Onion Crisps,less salt mild cheese and onion crisps
Morrisons,4.49,5.97,l,Radacini Blanc De Noirs,20240413,drinks,False,False,Radacini Blanc De Noirs,,,,,,,752.1,ml,,True,,,,Radacini Blanc De Noirs,radacini blanc de noirs
ASDA,2.5,2.5,unit,George Home Blue Bubble Hi-Ball Glass,20240413,drinks,True,False,George Home Blue Bubble Hi-Ball Glass,George Home,standard,,,,,,,,False,,,,Blue Bubble Hi-Ball Glass,blue bubble hi ball glass
Sains,12.0,23.4,kg,KitKat Caramel Cookie Collision Incredible Giant Easter Egg 512.7g,20240330,free-from,False,False,KitKat Caramel Cookie Collision Incredible Giant Easter Egg 512.7g,,,,Kitkat,,,512.7,g,,False,,,,Caramel Cookie Collision Incredible Giant Easter Egg,caramel cookie collision incredible giant easter egg
ASDA,1.9,12.7,kg,Jacob's Savours Thins Sour Cream & Chive Crackers 150g,20240413,food_cupboard,False,False,Jacob's Savours Thins Sour Cream & Chive Crackers 150g,,,,Jacob'S,,,150.0,g,,False,,,{'flavor': ['sour']},Savours Thins Sour Cream and Chive Crackers,savours thins sour cream and chive crackers
ASDA,1.75,5.47,kg,Chicago Town Tiger Crust Double Pepperoni Pizza,20240413,frozen,True,False,Chicago Town Tiger Crust Double Pepperoni Pizza,,,,Chicago Town,,,319.9,g,,True,,,,Tiger Crust Double Pepperoni Pizza,tiger crust double pepperoni pizza
Morrisons,4.0,10.7,kg,Guylian The Original Seashells Chocolate Box,20240201,food_cupboard,False,False,Guylian The Original Seashells Chocolate Box,,,,,,,373.8,g,,True,,,,Guylian The Original Seashells Chocolate Box,guylian the original seashells chocolate box
Morrisons,0.99,0.99,kg,Morrisons Mixed Vegetables,20240406,frozen,True,False,Morrisons Mixed Vegetables,Morrisons,standard,,,,,1000.0,g,,True,,,,Mixed Vegetables,mixed vegetables
ASDA,0.99,10.0,kg,Indus Garlic Powder,20240413,food_cupboard,False,False,Indus Garlic Powder,,,,,,,99.0,g,,True,,,{'form': ['powder']},Indus Garlic Powder,indus garlic powder
Morrisons,4.25,2.1,l,Flora Pure Sunflower Oil with Vitamin E,20240413,food_cupboard,False,False,Flora Pure Sunflower Oil with Vitamin E,,,,Flora,,,2023.8,ml,,True,,,,Pure Sunflower Oil with Vitamin E,pure sunflower oil with vitamin e
Tesco,6.5,26.0,kg,Guylian Seashells Boxed Chocolates 250G,20240413,food_cupboard,False,False,Guylian Seashells Boxed Chocolates 250G,,,,,,,250.0,g,,False,,,,Guylian Seashells Boxed Chocolates,guylian seashells boxed chocolates
ASDA,1.7,0.17,unit,ASDA Ice Cream Choc Sticks,20240109,frozen,True,False,ASDA Ice Cream Choc Sticks,ASDA,standard,,,,,,,,False,,,,Ice Cream Choc Sticks,ice cream choc sticks
Sains,1.75,7.61,kg,Mr Kipling Battenberg Cake 230g,20240413,bakery,False,False,Mr Kipling Battenberg Cake 230g,,,,Mr Kipling,,,230.0,g,,False,,,,Battenberg Cake,battenberg cake
Morrisons,1.79,1.79,unit,Irwin's Together Cinnamon…,20240219,bakery,False,True,Irwin's Together Cinnamon…,,,,,,,,,,False,,,,Irwin's Together Cinnamon…,irwin s together cinnamon
Morrisons,0.95,0.95,unit,Morrisons Loose Pomegranate,20240320,fresh_food,True,False,Morrisons Loose Pomegranate,Morrisons,standard,,,,,,,,False,,,{'packaging': ['loose']},Loose Pomegranate,loose pomegranate
Tesco,1.9,10.0,l,Blue Dragon Rich Hoisin Sauce 190Ml,20240413,food_cupboard,False,False,Blue Dragon Rich Hoisin Sauce 190Ml,,,,Blue Dragon,,,190.0,ml,,False,,,,Rich Hoisin Sauce,rich hoisin sauce
ASDA,1.95,13.9,kg,Olly's Pretzels Thins Sour Cream & Onion Pretzel Thins,20240413,food_cupboard,False,False,Olly's Pretzels Thins Sour Cream & Onion Pretzel Thins,,,,,,,140.3,g,,True,,,{'flavor': ['sour']},Olly's Pretzels Thins Sour Cream and Onion Pretzel Thins,olly s pretzels thins sour cream and onion pretzel thins
ASDA,0.45,3.0,kg,ASDA Grated Carrot,20240413,fresh_food,True,False,ASDA Grated Carrot,ASDA,standard,,,,,150.0,g,,True,,,{'form': ['grated']},Grated Carrot,grated carrot
Morrisons,1.0,12.5,kg,Lindt Milk Chocolate Mini Eggs Bag,20240403,food_cupboard,False,False,Lindt Milk Chocolate Mini Eggs Bag,,,,Lindt,,,80.0,g,,True,,,,Milk Chocolate Mini Eggs Bag,milk chocolate mini eggs bag
Tesco,5.75,14.4,kg,Milo Instant Malt Chocolate Drinking Powder Tin Ghanaian 400g,20240413,food_cupboard,False,False,Milo Instant Malt Chocolate Drinking Powder Tin Ghanaian 400g,,,,Milo,,,400.0,g,,False,,,"{'form': ['powder'], 'packaging': ['tin']}",Instant Malt Chocolate Drinking Powder Tin Ghanaian,instant malt chocolate drinking powder tin ghanaian
Sains,1.1,3.7,kg,Sainsbury's Deli-Style Traditional Coleslaw 300g,20240413,fresh_food,True,False,Sainsbury's Deli-Style Traditional Coleslaw 300g,Sainsbury's,standard,,,,,300.0,g,,False,,,,Deli-Style Traditional Coleslaw,deli style traditional coleslaw
ASDA,1.95,10.8,kg,Ginsters Chicken & Bacon Pasty,20240413,fresh_food,False,False,Ginsters Chicken & Bacon Pasty,,,,Ginsters,,,180.6,g,,True,,,,Chicken and Bacon Pasty,chicken and bacon pasty
ASDA,2.5,2.5,unit,George Home Smoked Cappuccino Mug,20240413,drinks,True,False,George Home Smoked Cappuccino Mug,George Home,standard,,,,,,,,False,,,{'cooking_method': ['smoked']},Smoked Cappuccino Mug,smoked cappuccino mug
Sains,1.0,4.0,l,Ssh! Indulgent Pot Au Choc Milkshake 250ml,20240315,fresh_food,False,False,Ssh! Indulgent Pot Au Choc Milkshake 250ml,,,,,,,250.0,ml,,False,,,,Ssh! Indulgent Pot Au Choc Milkshake,ssh indulgent pot au choc milkshake
Sains,3.0,12.5,kg,Sainsbury's Double Chocolate Brownie Mini Bites 240g,20240222,bakery,True,False,Sainsbury's Double Chocolate Brownie Mini Bites 240g,Sainsbury's,standard,,,,,240.0,g,,False,,,,Double Chocolate Brownie Mini Bites,double chocolate brownie mini bites
Sains,2.5,20.0,kg,Twinings English Breakfast Loose Tea 125g,20240413,food_cupboard,False,False,Twinings English Breakfast Loose Tea 125g,,,,Twinings,,,125.0,g,,False,,,{'packaging': ['loose']},English Breakfast Loose Tea,english breakfast loose tea
Tesco,1.3,23.6,kg,Tesco Vegetable Sushi Snack 55G,20240412,fresh_food,True,False,Tesco Vegetable Sushi Snack 55G,Tesco,standard,,,,,55.0,g,,False,,,,Vegetable Sushi Snack,vegetable sushi snack
ASDA,1.3,1.3,unit,ASDA Organic Seasonal Cabbage (Colour and Variety may vary),20240413,fresh_food,True,False,ASDA Organic Seasonal Cabbage (Colour and Variety may vary),ASDA,standard,,,,,,,,False,organic,organic,,Seasonal Cabbage (Colour and Variety may vary),seasonal cabbage colour and variety may vary
Sains,30.0,42.86,l,Sipsmith London Limited Edition Very Berry Gin 700ml,20240413,drinks,False,False,Sipsmith London Limited Edition Very Berry Gin 700ml,,,,Sipsmith,,,700.0,ml,,False,,,,London Limited Edition Very Berry Gin,london limited edition very berry gin
ASDA,0.7,0.4,l,ASDA Cola 2 Litres,20240413,drinks,True,False,ASDA Cola 2 Litres,ASDA,standard,,,,,1750.0,ml,,True,,,,Cola 2 Litres,cola 2 litres
Sains,1.25,12.5,kg,Ritter Sport Orange 100g,20240413,food_cupboard,False,False,Ritter Sport Orange 100g,,,,Ritter Sport,,,100.0,g,,False,,,,Orange,orange
ASDA,3.0,4.69,kg,Chicago Town Takeaway Stuffed Crust Magnificent Meat Feast Large Pizza,20240413,frozen,False,False,Chicago Town Takeaway Stuffed Crust Magnificent Meat Feast Large Pizza,,,,Chicago Town,,,639.7,g,,True,,,,Takeaway Stuffed Crust Magnificent Meat Feast Large Pizza,takeaway stuffed crust magnificent meat feast large pizza
ASDA,5.0,20.0,l,Mazzetti Organic Balsamic Vinegar of Modena,20240413,food_cupboard,False,False,Mazzetti Organic Balsamic Vinegar of Modena,,,,Mazzetti,,,250.0,ml,,True,organic,organic,,Balsamic Vinegar of Modena,balsamic vinegar of modena
Sains,2.75,18.33,kg,Wasabi Home Bento Spicy Korean Chicken Pops 150g,20240413,fresh_food,False,False,Wasabi Home Bento Spicy Korean Chicken Pops 150g,,,,Wasabi,,,150.0,g,,False,,,{'flavor': ['spicy']},Home Bento Spicy Korean Chicken Pops,home bento spicy korean chicken pops
Morrisons,23.0,32.85,l,Masons Dry Yorkshire Gin,20240413,drinks,False,False,Masons Dry Yorkshire Gin,,,,,,,700.2,ml,,True,,,,Masons Dry Yorkshire Gin,masons dry yorkshire gin
ASDA,10.0,10.0,unit,George Home Green Simplicity 24cm Frying Pan,20240405,fresh_food,True,False,George Home Green Simplicity 24cm Frying Pan,George Home,standard,,,,,,,,False,,,,Green Simplicity 24cm Frying Pan,green simplicity 24cm frying pan
Morrisons,2.15,4.5,kg,Kellogg's Chocolate Wheats,20240413,food_cupboard,False,False,Kellogg's Chocolate Wheats,,,,Kellogg'S,,,477.8,g,,True,,,,Chocolate Wheats,chocolate wheats
Tesco,4.0,8.0,l,Belvoir Cordial E/Flower Rose 500ml,20240413,drinks,False,False,Belvoir Cordial E/Flower Rose 500ml,,,,Belvoir,,,500.0,ml,,False,,,,Cordial E/Flower Rose,cordial e flower rose
Tesco,8.0,53.33,l,Beams The Whisky Collection 3 x 5cl Gift Set,20240413,drinks,False,False,Beams The Whisky Collection 3 x 5cl Gift Set,,,,,3.0,count_x_size,150.0,ml,,False,,,,Beams The Whisky Collection Gift Set,beams the whisky collection gift set
Morrisons,13.25,8.8,kg,Yorkshire Tea 480 Bags,20240413,food_cupboard,False,False,Yorkshire Tea 480 Bags,,,,Yorkshire Tea,480.0,bag_count,1505.7,g,,True,,,,,
Sains,3.5,14.58,kg,"Sainsbury's Unsmoked Air Dried Wiltshire Cured Back Bacon Rashers, Taste the Difference x8 240g",20240413,fresh_food,True,False,"Sainsbury's Unsmoked Air Dried Wiltshire Cured Back Bacon Rashers, Taste the Difference x8 240g",Sainsbury's,standard,,,8.0,x_count,240.0,g,,False,,,{'flavor': ['unsmoked']},"Unsmoked Air Dried Wiltshire Cured Back Bacon Rashers, Taste the Difference",unsmoked air dried wiltshire cured back bacon rashers taste the difference
Tesco,3.5,7.0,kg,Nesquik Strawberry Flavoured Milkshake Powder Tub 500g,20240413,drinks,False,False,Nesquik Strawberry Flavoured Milkshake Powder Tub 500g,,,,,,,500.0,g,,False,,,"{'form': ['powder'], 'packaging': ['tub']}",Nesquik Strawberry Flavoured Milkshake Powder Tub,nesquik strawberry flavoured milkshake powder tub
Sains,39.0,51.87,l,Piper Heidsieck Brut NV Champagne 75cl,20240413,drinks,False,False,Piper Heidsieck Brut NV Champagne 75cl,,,,,,,750.0,ml,,False,,,,Piper Heidsieck Brut NV Champagne,piper heidsieck brut nv champagne
Sains,3.9,8.6,kg,Garner's Sweet Pickled Baby Onions 454g,20240413,food_cupboard,False,False,Garner's Sweet Pickled Baby Onions 454g,,,,,,,454.0,g,,False,,,{'flavor': ['sweet']},Garner's Sweet Pickled Baby Onions,garner s sweet pickled baby onions
Sains,0.62,9.5,kg,Goong Instant Soup Gold Chicken 65g,20240413,food_cupboard,False,False,Goong Instant Soup Gold Chicken 65g,,,,,,,65.0,g,,False,,,,Goong Instant Soup Gold Chicken,goong instant soup gold chicken
Tesco,1.0,4.0,kg,Tesco Scottish Rough Oatcakes 250G,20240413,food_cupboard,True,False,Tesco Scottish Rough Oatcakes 250G,Tesco,standard,,,,,250.0,g,,False,,,,Scottish Rough Oatcakes,scottish rough oatcakes
Morrisons,8.0,10.64,l,Barefoot Pinot Grigio White Wine,20240413,drinks,False,False,Barefoot Pinot Grigio White Wine,,,,Barefoot,,,751.9,ml,,True,,,{'bakery_type': ['white']},Pinot Grigio White Wine,pinot grigio white wine
ASDA,22.0,31.43,l,Absolut Wild Berri Berry Flavoured Swedish Vodka,20240311,drinks,False,False,Absolut Wild Berri Berry Flavoured Swedish Vodka,,,,Absolut,,,700.0,ml,,True,,,,Wild Berri Berry Flavoured Swedish Vodka,wild berri berry flavoured swedish vodka
Tesco,3.25,10.83,kg,Tesco 2 Breaded Cod Fillets 300G,20240322,fresh_food,True,False,Tesco 2 Breaded Cod Fillets 300G,Tesco,standard,,,,,300.0,g,,False,,,{'texture': ['breaded']},2 Breaded Cod Fillets,2 breaded cod fillets
ASDA,1.0,1.0,unit,George Green Easter Tumbler,20240331,fresh_food,True,False,George Green Easter Tumbler,George,standard,,,,,,,,False,,,,Green Easter Tumbler,green easter tumbler
ASDA,1.5,10.7,kg,Rowntree's Randoms Juicers Sweets Sharing Bag,20240413,food_cupboard,False,False,Rowntree's Randoms Juicers Sweets Sharing Bag,,,,Rowntree'S,,,140.2,g,,True,,,,Randoms Juicers Sweets Sharing Bag,randoms juicers sweets sharing bag
Tesco,4.0,17.8,kg,Tesco Finest Belgian Dark Chocolate Brazil Nuts 225G,20240413,fresh_food,True,False,Tesco Finest Belgian Dark Chocolate Brazil Nuts 225G,Tesco Finest,premium,Finest,,,,225.0,g,,False,,,,Belgian Dark Chocolate Brazil Nuts,belgian dark chocolate brazil nuts
Morrisons,2.49,6.23,kg,Kershaw's The All Day Big Breakfast,20240413,frozen,False,False,Kershaw's The All Day Big Breakfast,,,,,,,399.7,g,,True,,,,Kershaw's The All Day Big Breakfast,kershaw s the all day big breakfast
ASDA,4.0,4.0,unit,George Home Aqua Tracker Bottle,20240413,drinks,True,False,George Home Aqua Tracker Bottle,George Home,standard,,,,,,,,False,,,{'packaging': ['bottle']},Aqua Tracker Bottle,aqua tracker bottle
Sains,3.5,10.6,kg,Nestle KitKat Milk Chocolate Cereal 330g,20240413,food_cupboard,False,False,Nestle KitKat Milk Chocolate Cereal 330g,,,,Nestle,,,330.0,g,,False,,,,KitKat Milk Chocolate Cereal,kitkat milk chocolate cereal
ASDA,1.39,0.69,kg,JUST ESSENTIALS by ASDA White Potatoes 2kg,20240413,fresh_food,True,False,JUST ESSENTIALS by ASDA White Potatoes 2kg,Just Essentials by ASDA,value,Just Essentials,,,,2000.0,g,,False,,,{'bakery_type': ['white']},White Potatoes,white potatoes
Morrisons,1.35,6.8,kg,Morrisons Strawberry Bon Bons,20240413,food_cupboard,True,False,Morrisons Strawberry Bon Bons,Morrisons,standard,,,,,198.5,g,,True,,,,Strawberry Bon Bons,strawberry bon bons
Morrisons,1.65,16.5,kg,Milky Way Magic Stars Milk Ch…,20240413,food_cupboard,False,True,Milky Way Magic Stars Milk Ch…,,,,Milky Way,,,100.0,g,,True,,,,Magic Stars Milk Ch…,magic stars milk ch
Morrisons,4.25,7.7,kg,Jack Daniel's Gluten Free Original BBQ Sauce,20240413,free-from,False,False,Jack Daniel's Gluten Free Original BBQ Sauce,,,,Jack Daniel'S,,,551.9,g,,True,free_from,gluten free,{'cooking_method': ['bbq']},Original BBQ Sauce,original bbq sauce
Tesco,1.65,25.38,kg,Kabuto Noodles Chilli Chicken Ramen 65G,20240413,food_cupboard,False,False,Kabuto Noodles Chilli Chicken Ramen 65G,,,,Kabuto Noodles,,,65.0,g,,False,,,,Chilli Chicken Ramen,chilli chicken ramen
Tesco,4.5,26.5,kg,Tesco Finest 10 Prawn Lollipops 170g,20240413,frozen,True,False,Tesco Finest 10 Prawn Lollipops 170g,Tesco Finest,premium,Finest,,,,170.0,g,,False,,,,10 Prawn Lollipops,10 prawn lollipops
Tesco,6.5,14.77,kg,Birds Eye 4 Large Breaded Cod Fillets 440G,20240413,frozen,False,False,Birds Eye 4 Large Breaded Cod Fillets 440G,,,,Birds Eye,,,440.0,g,,False,,,{'texture': ['breaded']},4 Large Breaded Cod Fillets,4 large breaded cod fillets
ASDA,1.9,23.8,kg,Knorr Beef Stock Cubes,20240413,food_cupboard,False,False,Knorr Beef Stock Cubes,,,,Knorr,,,79.8,g,,True,,,,Beef Stock Cubes,beef stock cubes
Sains,3.25,8.13,kg,"Sainsbury's Beef Lasagne, Taste the Difference Ready Meal For 1 400g",20240413,fresh_food,True,False,"Sainsbury's Beef Lasagne, Taste the Difference Ready Meal For 1 400g",Sainsbury's,standard,,,,,400.0,g,,False,preparation,ready meal,,"Beef Lasagne, Taste the Difference For 1",beef lasagne taste the difference for 1
ASDA,2.75,6.06,kg,ASDA 8 Succulent Turkey Sausages,20240413,fresh_food,True,False,ASDA 8 Succulent Turkey Sausages,ASDA,standard,,,,,453.8,g,,True,,,,8 Succulent Turkey Sausages,8 succulent turkey sausages
Sains,1.6,6.4,l,Arla Lactofree Cream 250ml,20240413,fresh_food,False,False,Arla Lactofree Cream 250ml,,,,Arla,,,250.0,ml,,False,,,,Lactofree Cream,lactofree cream
Sains,2.1,2.1,l,Oatly Oat Drink Light Chilled 1L,20240413,food_cupboard,False,False,Oatly Oat Drink Light Chilled 1L,,,,Oatly,,,1000.0,ml,,False,,,,Oat Drink Light Chilled,oat drink light chilled
Sains,1.0,3.13,kg,Stamford Street Co. Frozen Breaded British Chicken Nuggets 320g,20240413,frozen,False,False,Stamford Street Co. Frozen Breaded British Chicken Nuggets 320g,Stamford Street,value,Stamford Street,,,,320.0,g,,False,,,{'texture': ['breaded']},Co. Frozen Breaded British Chicken Nuggets,co frozen breaded british chicken nuggets
Tesco,1.35,6.8,kg,Tesco Cheddar Cheese & Chive Dip 200G,20240413,fresh_food,True,False,Tesco Cheddar Cheese & Chive Dip 200G,Tesco,standard,,,,,200.0,g,,False,,,,Cheddar Cheese and Chive Dip,cheddar cheese and chive dip
Tesco,18.5,26.43,l,Gordon's Tropical Passionfruit Gin Bottle 37.5% Vol 70Cl,20240121,drinks,False,False,Gordon's Tropical Passionfruit Gin Bottle 37.5% Vol 70Cl,,,,Gordon'S,,,700.0,ml,37.5,False,,,{'packaging': ['bottle']},Tropical Passionfruit Gin Bottle,tropical passionfruit gin bottle
ASDA,1.85,1.8,l,Robinsons Apple & Blackcurrant Squash No Added Sugar,20240413,drinks,False,False,Robinsons Apple & Blackcurrant Squash No Added Sugar,,,,Robinsons,,,1027.8,ml,,True,diet,no added sugar,,Apple and Blackcurrant Squash,apple and blackcurrant squash
Morrisons,0.9,5.6,kg,Muller Light Banana and Custard Fat Free Yogurt,20240413,fresh_food,False,False,Muller Light Banana and Custard Fat Free Yogurt,,,,Muller,,,160.7,g,,True,diet,fat free,,Light Banana and Custard Yogurt,light banana and custard yogurt
Tesco,3.5,2.65,l,Stella Artois Premium Alcohol Free Lager Beer 4X330ml,20240413,drinks,False,False,Stella Artois Premium Alcohol Free Lager Beer 4X330ml,,,,Stella Artois,4.0,count_x_size,1320.0,ml,,False,alcohol_marker,alcohol free,,Premium Lager Beer,premium lager beer
Tesco,2.5,16.67,kg,Castello Blue Cheese 150G,20240413,fresh_food,False,False,Castello Blue Cheese 150G,,,,Castello,,,150.0,g,,False,,,,Blue Cheese,blue cheese
ASDA,8.75,116.64,l,Gordon Ramsay Intenso Rosso,20240413,drinks,False,False,Gordon Ramsay Intenso Rosso,,,,,,,75.0,ml,,True,,,,Gordon Ramsay Intenso Rosso,gordon ramsay intenso rosso
ASDA,3.0,10.5,kg,Clipper Organic Everyday Tea 80 Tea bags,20240413,drinks,False,False,Clipper Organic Everyday Tea 80 Tea bags,,,,Clipper,80.0,bag_count,285.7,g,,True,organic,organic,,Everyday Tea,everyday tea
Tesco,1.25,3.1,kg,Warburtons Milk Roll Sliced White Bread 400G,20240413,bakery,False,False,Warburtons Milk Roll Sliced White Bread 400G,,,,Warburtons,,,400.0,g,,False,,,"{'form': ['sliced'], 'bakery_type': ['white']}",Milk Roll Sliced White Bread,milk roll sliced white bread
Sains,11.0,5.64,l,SlimFast Ready to Drink Meal Replacement Shake Chocolate Flavour 6 meals 325ml,20240413,free-from,False,False,SlimFast Ready to Drink Meal Replacement Shake Chocolate Flavour 6 meals 325ml,,,,Slimfast,,,325.0,ml,,False,,,,Ready to Drink Meal Replacement Shake Chocolate Flavour 6 meals,ready to drink meal replacement shake chocolate flavour 6 meals
Morrisons,5.5,18.34,kg,Gressingham Duck Breast Fillets,20240413,fresh_food,False,False,Gressingham Duck Breast Fillets,,,,Gressingham,,,299.9,g,,True,,,{'cut_meat': ['breast']},Duck Breast Fillets,duck breast fillets
Sains,2.0,33.3,kg,Grenade Carb Killa Chocolate Chip Salted Caramel Bar 60g,20240413,food_cupboard,False,False,Grenade Carb Killa Chocolate Chip Salted Caramel Bar 60g,,,,Grenade,,,60.0,g,,False,,,,Carb Killa Chocolate Chip Salted Caramel Bar,carb killa chocolate chip salted caramel bar
Morrisons,20.5,29.29,l,Disaronno Amaretto,20240413,drinks,False,False,Disaronno Amaretto,,,,Disaronno,,,699.9,ml,,True,,,,Amaretto,amaretto
Morrisons,23.0,32.86,l,Red Leg Spiced Rum,20240413,drinks,False,False,Red Leg Spiced Rum,,,,,,,699.9,ml,,True,,,,Red Leg Spiced Rum,red leg spiced rum
Tesco,1.3,8.0,kg,Tesco Pitted Green Olives Reduce Salt 340G,20240413,food_cupboard,True,False,Tesco Pitted Green Olives Reduce Salt 340G,Tesco,standard,,,,,340.0,g,,False,,,{'prep_produce': ['pitted']},Pitted Green Olives Reduce Salt,pitted green olives reduce salt
Tesco,2.85,9.5,kg,Tesco Prawn Layered Salad 300G,20240413,fresh_food,True,False,Tesco Prawn Layered Salad 300G,Tesco,standard,,,,,300.0,g,,False,,,,Prawn Layered Salad,prawn layered salad
Sains,22.0,29.26,l,"Sainsbury's Demi-sec Champagne, Non Vintage 75cl",20240413,drinks,True,False,"Sainsbury's Demi-sec Champagne, Non Vintage 75cl",Sainsbury's,standard,,,,,750.0,ml,,False,,,{'maturity': ['vintage']},"Demi-sec Champagne, Non Vintage",demi sec champagne non vintage
Tesco,1.5,1.5,unit,Tesco Flat Leaf Parsley Medium Pot,20240413,fresh_food,True,False,Tesco Flat Leaf Parsley Medium Pot,Tesco,standard,,,,,,,,False,,,{'flavor': ['medium']},Flat Leaf Parsley Medium Pot,flat leaf parsley medium pot
Sains,3.0,7.2,kg,Betty Crocker Chocolate Fudge Brownie Mix 415g,20240413,food_cupboard,False,False,Betty Crocker Chocolate Fudge Brownie Mix 415g,,,,Betty Crocker,,,415.0,g,,False,,,,Chocolate Fudge Brownie Mix,chocolate fudge brownie mix
ASDA,1.25,4.28,kg,JUST ESSENTIALS by ASDA Pepperoni Pizza,20240413,fresh_food,True,False,JUST ESSENTIALS by ASDA Pepperoni Pizza,Just Essentials by ASDA,value,Just Essentials,,,,292.1,g,,True,,,,Pepperoni Pizza,pepperoni pizza
ASDA,3.0,10.0,kg,ASDA White Black & Red Quinoa,20240413,food_cupboard,True,False,ASDA White Black & Red Quinoa,ASDA,standard,,,,,300.0,g,,True,,,{'bakery_type': ['white']},White Black and Red Quinoa,white black and red quinoa
ASDA,1.5,0.12,unit,George Home Happy Birthday Candles,20240413,bakery,True,False,George Home Happy Birthday Candles,George Home,standard,,,,,,,,False,,,,Happy Birthday Candles,happy birthday candles
Tesco,2.25,5.6,kg,Maggi Authentic Indian Masala Chilli Sauce 400g,20240413,food_cupboard,False,False,Maggi Authentic Indian Masala Chilli Sauce 400g,,,,Maggi,,,400.0,g,,False,,,,Authentic Indian Masala Chilli Sauce,authentic indian masala chilli sauce
Tesco,4.25,17.71,kg,Itsu Teriyaki Chick'n Vegan Gyoza 240G,20240413,frozen,False,False,Itsu Teriyaki Chick'n Vegan Gyoza 240G,,,,Itsu,,,240.0,g,,False,diet,vegan,,Teriyaki Chick'n Gyoza,teriyaki chick n gyoza
Morrisons,1.99,11.7,kg,Ginsters Cheddar & Onion Slice,20240413,fresh_food,False,False,Ginsters Cheddar & Onion Slice,,,,Ginsters,,,170.1,g,,True,,,,Cheddar and Onion Slice,cheddar and onion slice
Tesco,3.5,8.45,kg,Discover-In Hoisin Chicken Bao Bun Kit 414g,20240413,frozen,False,False,Discover-In Hoisin Chicken Bao Bun Kit 414g,,,,Discover-In,,,414.0,g,,False,,,,Hoisin Chicken Bao Bun Kit,hoisin chicken bao bun kit
ASDA,18.0,18.0,unit,George Home Yellow Fast Boil Textured Kettle GTK101Y-21,20240413,drinks,True,False,George Home Yellow Fast Boil Textured Kettle GTK101Y-21,George Home,standard,,,,,,,,False,,,,Yellow Fast Boil Textured Kettle GTK101Y-21,yellow fast boil textured kettle gtk101y 21
Tesco,2.5,25.0,kg,Tony's Chocolonely Littl' Bits Triple chocolate mix 100g,20240413,food_cupboard,False,False,Tony's Chocolonely Littl' Bits Triple chocolate mix 100g,,,,,,,100.0,g,,False,,,,Tony's Chocolonely Littl' Bits Triple chocolate mix,tony s chocolonely littl bits triple chocolate mix
Tesco,1.5,10.0,kg,Sensations Crushed Sea Salt & Black Peppercorn Flavour Potato Crisps 150g,20240413,food_cupboard,False,False,Sensations Crushed Sea Salt & Black Peppercorn Flavour Potato Crisps 150g,,,,Sensations,,,150.0,g,,False,,,{'form': ['crushed']},Crushed Sea Salt and Black Peppercorn Flavour Potato Crisps,crushed sea salt and black peppercorn flavour potato crisps
Morrisons,0.39,0.39,unit,Market Street Salad Cress,20240320,fresh_food,False,False,Market Street Salad Cress,Market Street,premium,Market Street,,,,,,,False,,,,Salad Cress,salad cress
Sains,11.0,0.37,unit,Optibac Kids Strawberry Gummies x30,20240413,free-from,False,False,Optibac Kids Strawberry Gummies x30,,,,Optibac,30.0,x_count,,,,False,,,,Kids Strawberry Gummies,kids strawberry gummies
Sains,5.5,12.9,l,Ben & Jerry's Sundae Ice Cream Tub Marshmallow & S'more 427ml,20240413,frozen,False,False,Ben & Jerry's Sundae Ice Cream Tub Marshmallow & S'more 427ml,,,,,,,427.0,ml,,False,,,{'packaging': ['tub']},Ben and Jerry's Sundae Ice Cream Tub Marshmallow and S'more,ben and jerry s sundae ice cream tub marshmallow and s more
Morrisons,26.0,37.14,l,Jaffa Cake Gin,20240413,drinks,False,False,Jaffa Cake Gin,,,,,,,700.1,ml,,True,,,,Jaffa Cake Gin,jaffa cake gin
ASDA,1.5,23.4,kg,Patak's Plain Pappadums x 8,20240413,food_cupboard,False,False,Patak's Plain Pappadums x 8,,,,Patak'S,8.0,x_count,64.1,g,,True,,,,Plain Pappadums,plain pappadums
Sains,3.55,10.14,kg,Sainsbury's British Fresh Chicken Thigh Fillets In a Hot & Spicy Breadcrumb Coating 350g,20240413,fresh_food,True,False,Sainsbury's British Fresh Chicken Thigh Fillets In a Hot & Spicy Breadcrumb Coating 350g,Sainsbury's,standard,,,,,350.0,g,,False,,,"{'flavor': ['spicy', 'hot'], 'cut_meat': ['thigh']}",British Fresh Chicken Thigh Fillets In a Hot and Spicy Breadcrumb Coating,british fresh chicken thigh fillets in a hot and spicy breadcrumb coating
Tesco,1.75,3.5,kg,Ambrosia Light 30% Less Sugar & Fat Custard 500G,20240413,food_cupboard,False,False,Ambrosia Light 30% Less Sugar & Fat Custard 500G,,,,Ambrosia,,,500.0,g,30.0,False,,,,Light Less Sugar and Fat Custard,light less sugar and fat custard
ASDA,0.75,0.01,unit,ASDA Cake White Paper Cases,20240403,food_cupboard,True,False,ASDA Cake White Paper Cases,ASDA,standard,,,,,,,,False,,,{'bakery_type': ['white']},Cake White Paper Cases,cake white paper cases
Sains,2.0,10.0,kg,Quorn Totally Vegan 10 Fishless Fingers 200g,20240413,free-from,False,False,Quorn Totally Vegan 10 Fishless Fingers 200g,,,,Quorn,,,200.0,g,,False,diet,vegan,,Totally 10 Fishless Fingers,totally 10 fishless fingers
Sains,2.5,2.5,kg,Napolina Spaghetti 1kg,20240413,food_cupboard,False,False,Napolina Spaghetti 1kg,,,,Napolina,,,1000.0,g,,False,,,,Spaghetti,spaghetti
ASDA,4.0,36.4,kg,Kenco Duo Cappuccino Instant Coffee,20240413,drinks,False,False,Kenco Duo Cappuccino Instant Coffee,,,,Kenco,,,109.9,g,,True,,,,Duo Cappuccino Instant Coffee,duo cappuccino instant coffee
Sains,3.0,10.71,kg,La Famiglia Rana Filled Pan-Fry Gnocchi Spinach & Mozzarella 280g,20240413,fresh_food,False,False,La Famiglia Rana Filled Pan-Fry Gnocchi Spinach & Mozzarella 280g,,,,,,,280.0,g,,False,,,,La Famiglia Rana Filled Pan-Fry Gnocchi Spinach and Mozzarella,la famiglia rana filled pan fry gnocchi spinach and mozzarella
Sains,1.25,3.8,l,San Pellegrino Orange 330ml,20240413,drinks,False,False,San Pellegrino Orange 330ml,,,,San Pellegrino,,,330.0,ml,,False,,,,Orange,orange
Morrisons,6.49,6.49,unit,Velo Freeze 11mg Pouch,20240319,drinks,False,False,Velo Freeze 11mg Pouch,,,,,,,,,,False,,,{'packaging': ['pouch']},Velo Freeze 11mg Pouch,velo freeze 11mg pouch
Sains,2.0,66.7,kg,Clipper Organic Nettle 20 Tea Bags 30g,20240413,food_cupboard,False,False,Clipper Organic Nettle 20 Tea Bags 30g,,,,Clipper,20.0,bag_count,30.0,g,,False,organic,organic,,Nettle,nettle
Tesco,1.25,10.4,kg,Cadbury Snack Shortcake Chocolate Biscuits 6 Pack Multipack 120g,20240327,food_cupboard,False,False,Cadbury Snack Shortcake Chocolate Biscuits 6 Pack Multipack 120g,,,,Cadbury,6.0,count_pack,120.0,g,,False,,,{'packaging': ['multipack']},Snack Shortcake Chocolate Biscuits Multipack,snack shortcake chocolate biscuits multipack
ASDA,0.95,3.17,kg,ASDA Pickled Beetroot,20240413,fresh_food,True,False,ASDA Pickled Beetroot,ASDA,standard,,,,,299.7,g,,True,,,,Pickled Beetroot,pickled beetroot
Sains,10.0,13.3,l,Journeys End Bluegum Merlot 75cl,20240413,drinks,False,False,Journeys End Bluegum Merlot 75cl,,,,,,,750.0,ml,,False,,,,Journeys End Bluegum Merlot,journeys end bluegum merlot
Morrisons,5.99,5.99,unit,Aspire Origin Bar 600 Blue & Raspberry 20mg,20240201,drinks,False,False,Aspire Origin Bar 600 Blue & Raspberry 20mg,,,,,,,0.02,g,,False,,,,Aspire Origin Bar 600 Blue and Raspberry,aspire origin bar 600 blue and raspberry
ASDA,2.5,27.2,kg,Organix KIDS Cool Choco Mint Mini Organic Flapjack Bites 4x,20240413,free-from,False,False,Organix KIDS Cool Choco Mint Mini Organic Flapjack Bites 4x,,,,Organix,,,91.9,g,,True,organic,organic,,KIDS Cool Choco Mint Mini Flapjack Bites 4x,kids cool choco mint mini flapjack bites 4x
Sains,2.1,10.5,kg,Sainsbury's Cheese & Garlic Mushrooms 200g,20240413,fresh_food,True,False,Sainsbury's Cheese & Garlic Mushrooms 200g,Sainsbury's,standard,,,,,200.0,g,,False,,,,Cheese and Garlic Mushrooms,cheese and garlic mushrooms
Morrisons,5.99,5.99,unit,Ske Crystal Blue Sour Raspberry 20Mg,20240319,drinks,False,False,Ske Crystal Blue Sour Raspberry 20Mg,,,,,,,,,,False,,,{'flavor': ['sour']},Ske Crystal Blue Sour Raspberry 20Mg,ske crystal blue sour raspberry 20mg
Morrisons,1.75,10.17,kg,Dairylea Dunkers Nacho Cheese Snacks,20240413,fresh_food,False,False,Dairylea Dunkers Nacho Cheese Snacks,,,,Dairylea,,,172.1,g,,True,,,,Dunkers Nacho Cheese Snacks,dunkers nacho cheese snacks
Morrisons,1.8,4.9,kg,Warburtons 4 Large White Rolls,20240413,bakery,False,False,Warburtons 4 Large White Rolls,,,,Warburtons,,,367.3,g,,True,,,{'bakery_type': ['white']},4 Large White Rolls,4 large white rolls
Tesco,1.9,4.0,kg,Cocon Assorted Fruit Jelly Pudding 6 X 80G,20240413,food_cupboard,False,False,Cocon Assorted Fruit Jelly Pudding 6 X 80G,,,,,6.0,count_x_size,480.0,g,,False,,,,Cocon Assorted Fruit Jelly Pudding,cocon assorted fruit jelly pudding
Sains,10.0,13.33,kg,Sainsbury's Football Crazy Madeira Cake 750g,20240222,bakery,True,False,Sainsbury's Football Crazy Madeira Cake 750g,Sainsbury's,standard,,,,,750.0,g,,False,,,,Football Crazy Madeira Cake,football crazy madeira cake
ASDA,4.1,1.64,l,ASDA Biere De Luxe 10 x 25cl,20240413,drinks,True,False,ASDA Biere De Luxe 10 x 25cl,ASDA,standard,,,10.0,count_x_size,2500.0,ml,,False,,,,Biere De Luxe,biere de luxe
ASDA,2.0,11.8,kg,Butterkist Crunchy Toffee Popcorn,20240413,food_cupboard,False,False,Butterkist Crunchy Toffee Popcorn,,,,,,,169.5,g,,True,,,{'texture': ['crunchy']},Butterkist Crunchy Toffee Popcorn,butterkist crunchy toffee popcorn
Morrisons,1.3,1.3,kg,Morrisons Cauliflower Florets,20240413,frozen,True,False,Morrisons Cauliflower Florets,Morrisons,standard,,,,,1000.0,g,,True,,,,Cauliflower Florets,cauliflower florets
ASDA,1.25,0.16,unit,Disney 8 Encanto Paper Cups 200ml,20240413,fresh_food,False,False,Disney 8 Encanto Paper Cups 200ml,,,,,,,200.0,ml,,False,,,,Disney 8 Encanto Paper Cups,disney 8 encanto paper cups
Sains,1.5,25.0,l,Sainsbury's Pink Food Colouring 60 Ml,20240413,food_cupboard,True,False,Sainsbury's Pink Food Colouring 60 Ml,Sainsbury's,standard,,,,,60.0,ml,,False,,,,Pink Food Colouring,pink food colouring
Tesco,0.95,10.8,kg,Tesco Mackerel Fillets Sunflower Oil 125G,20240413,food_cupboard,True,False,Tesco Mackerel Fillets Sunflower Oil 125G,Tesco,standard,,,,,125.0,g,,False,,,,Mackerel Fillets Sunflower Oil,mackerel fillets sunflower oil
Tesco,2.75,5.5,kg,TESCO FINEST BEEF DRIPPING GRAVY 500G,20240413,fresh_food,True,False,TESCO FINEST BEEF DRIPPING GRAVY 500G,Tesco Finest,premium,Finest,,,,500.0,g,,False,,,,BEEF DRIPPING GRAVY,beef dripping gravy
Tesco,3.85,7.7,kg,Tesco Ready To Eat Prunes 500G,20240413,food_cupboard,True,False,Tesco Ready To Eat Prunes 500G,Tesco,standard,,,,,500.0,g,,False,preparation,ready to eat,,Prunes,prunes
ASDA,5.15,11.1,l,Ben & Jerry's Caramel Brownie Party Ice Cream,20240413,food_cupboard,False,False,Ben & Jerry's Caramel Brownie Party Ice Cream,,,,,,,464.0,ml,,True,,,,Ben and Jerry's Caramel Brownie Party Ice Cream,ben and jerry s caramel brownie party ice cream
Sains,1.75,8.8,kg,Piccolo Organic Cooking Baby Pasta Mini Penne 10+ Months 200g,20240409,free-from,False,False,Piccolo Organic Cooking Baby Pasta Mini Penne 10+ Months 200g,,,,Piccolo,,,200.0,g,,False,organic,organic,,Cooking Baby Pasta Mini Penne 10+ Months,cooking baby pasta mini penne 10 months
ASDA,2.05,5.1,kg,Cake Decor Rich Chocolate Frosting 400g,20240413,food_cupboard,False,False,Cake Decor Rich Chocolate Frosting 400g,,,,,,,400.0,g,,False,,,,Cake Decor Rich Chocolate Frosting,cake decor rich chocolate frosting
Sains,1.6,12.3,kg,Whitworths Whole Cranberries 130g,20240413,food_cupboard,False,False,Whitworths Whole Cranberries 130g,,,,Whitworths,,,130.0,g,,False,,,{'form': ['whole']},Whole Cranberries,whole cranberries
ASDA,3.0,8.33,kg,Young's Gastro Cod Spinach Cheese & Potato Gratin,20240413,fresh_food,False,False,Young's Gastro Cod Spinach Cheese & Potato Gratin,,,,Young'S,,,360.1,g,,True,,,,Gastro Cod Spinach Cheese and Potato Gratin,gastro cod spinach cheese and potato gratin
Tesco,2.75,32.7,kg,Extra Peppermint Sugarfree Chewing Gum Bottle 60 Pieces,20240413,food_cupboard,False,False,Extra Peppermint Sugarfree Chewing Gum Bottle 60 Pieces,,,,,60.0,bag_count,84.1,g,,True,,,{'packaging': ['bottle']},Extra Peppermint Sugarfree Chewing Gum Bottle,extra peppermint sugarfree chewing gum bottle
Sains,1.5,6.0,kg,Belvita Breakfast Biscuits Soft Bakes Choc Chips Multipack 250g,20240208,food_cupboard,False,False,Belvita Breakfast Biscuits Soft Bakes Choc Chips Multipack 250g,,,,Belvita,250.0,multipack,250.0,g,,True,,,{'texture': ['soft']},Breakfast Biscuits Soft Bakes Choc Chips g,breakfast biscuits soft bakes choc chips g
ASDA,1.5,14.6,kg,Kellogg's Krave Chocolate Hazelnut Stix,20240413,food_cupboard,False,False,Kellogg's Krave Chocolate Hazelnut Stix,,,,Kellogg'S,,,102.7,g,,True,,,,Krave Chocolate Hazelnut Stix,krave chocolate hazelnut stix
ASDA,1.75,1.7,l,Schweppes Slimline Bitter Lemon,20240413,drinks,False,False,Schweppes Slimline Bitter Lemon,,,,Schweppes,,,1029.4,ml,,True,,,{'flavor': ['bitter']},Slimline Bitter Lemon,slimline bitter lemon
Tesco,2.75,12.12,kg,Finest Strawberries 227G,20240413,fresh_food,False,False,Finest Strawberries 227G,,,,,,,227.0,g,,False,,,,Finest Strawberries,finest strawberries
ASDA,14.0,14.0,unit,The BAKERY at ASDA Sid the Sausage Dog Cake,20240413,bakery,True,False,The BAKERY at ASDA Sid the Sausage Dog Cake,The BAKERY at ASDA,standard,,,,,,,,False,,,{'cut_meat': ['sausage']},Sid the Sausage Dog Cake,sid the sausage dog cake
Morrisons,10.0,28.57,l,The Famous Grouse Blended Scotch Whisky,20240413,drinks,False,False,The Famous Grouse Blended Scotch Whisky,,,,,,,350.0,ml,,True,,,,The Famous Grouse Blended Scotch Whisky,the famous grouse blended scotch whisky
Sains,3.5,8.24,kg,Sainsbury's British Extra Lean Diced Pork Leg 425g,20240413,fresh_food,True,False,Sainsbury's British Extra Lean Diced Pork Leg 425g,Sainsbury's,standard,,,,,425.0,g,,False,,,{'form': ['diced']},British Extra Lean Diced Pork Leg,british extra lean diced pork leg
Sains,2.25,5.0,kg,"Sainsbury's Chicken Stock, Inspired to Cook 450g (Serves 4)",20240413,fresh_food,True,False,"Sainsbury's Chicken Stock, Inspired to Cook 450g (Serves 4)",Sainsbury's,standard,,,,,450.0,g,,False,,,,"Chicken Stock, Inspired to Cook (Serves 4)",chicken stock inspired to cook serves 4
Morrisons,1.19,5.9,l,Kingfisher Coconut Milk Light,20240413,food_cupboard,False,False,Kingfisher Coconut Milk Light,,,,,,,201.7,ml,,True,,,,Kingfisher Coconut Milk Light,kingfisher coconut milk light
Morrisons,2.2,17.6,kg,Ryvita Thins Rosemary & Sea S…,20240413,food_cupboard,False,True,Ryvita Thins Rosemary & Sea S…,,,,Ryvita,,,125.0,g,,True,,,,Thins Rosemary and Sea S…,thins rosemary and sea s
Sains,3.5,21.88,kg,"Sainsbury's Unsmoked Dry Cured British Bacon Medallions, Taste the Difference x8 160g",20240307,fresh_food,True,False,"Sainsbury's Unsmoked Dry Cured British Bacon Medallions, Taste the Difference x8 160g",Sainsbury's,standard,,,8.0,x_count,160.0,g,,False,,,{'flavor': ['unsmoked']},"Unsmoked Dry Cured British Bacon Medallions, Taste the Difference",unsmoked dry cured british bacon medallions taste the difference
Sains,2.5,5.7,kg,Heinz Tomato Ketchup 50% Less Sugar 435g,20240326,free-from,False,False,Heinz Tomato Ketchup 50% Less Sugar 435g,,,,Heinz,,,435.0,g,50.0,False,,,,Tomato Ketchup Less Sugar,tomato ketchup less sugar
Morrisons,3.8,5.1,l,Innocent Plus Bolt From The Blue Guav…,20240413,fresh_food,False,True,Innocent Plus Bolt From The Blue Guav…,,,,Innocent,,,745.1,ml,,True,,,,Plus Bolt From The Blue Guav…,plus bolt from the blue guav
Tesco,16.0,21.28,l,Louis Latour Bourgogne Gamay 75Cl,20240413,drinks,False,False,Louis Latour Bourgogne Gamay 75Cl,,,,,,,750.0,ml,,False,,,,Louis Latour Bourgogne Gamay,louis latour bourgogne gamay
Morrisons,1.25,13.2,kg,McVitie's Iced Gems Chocola…,20240413,food_cupboard,False,True,McVitie's Iced Gems Chocola…,,,,Mcvitie'S,,,94.7,g,,True,,,,Iced Gems Chocola…,iced gems chocola
Tesco,0.5,3.12,kg,Tesco Sliced Carrots In Water 300G,20240413,food_cupboard,True,False,Tesco Sliced Carrots In Water 300G,Tesco,standard,,,,,300.0,g,,False,,,{'form': ['sliced']},Sliced Carrots In Water,sliced carrots in water
Tesco,3.0,5.0,kg,Tesco Raspberry Trifle 600G,20240302,fresh_food,True,False,Tesco Raspberry Trifle 600G,Tesco,standard,,,,,600.0,g,,False,,,,Raspberry Trifle,raspberry trifle
ASDA,2.0,20.0,kg,Peperami Firestick 5 x 20g (100g),20240413,fresh_food,False,False,Peperami Firestick 5 x 20g (100g),,,,Peperami,5.0,count_x_size,100.0,g,,False,,,,Firestick,firestick
Tesco,5.4,11.74,kg,Tesco Finest Moroccan Inspired Lamb Kebabs 460G,20240413,fresh_food,True,False,Tesco Finest Moroccan Inspired Lamb Kebabs 460G,Tesco Finest,premium,Finest,,,,460.0,g,,False,,,{'cut_meat': ['kebabs']},Moroccan Inspired Lamb Kebabs,moroccan inspired lamb kebabs
ASDA,1.6,3.9,kg,ASDA Sweet Pickled Silverskin Onions,20240413,food_cupboard,True,False,ASDA Sweet Pickled Silverskin Onions,ASDA,standard,,,,,410.3,g,,True,,,{'flavor': ['sweet']},Sweet Pickled Silverskin Onions,sweet pickled silverskin onions
ASDA,1.85,5.4,kg,ASDA Extra Special Bolognese Sauce,20240413,food_cupboard,True,False,ASDA Extra Special Bolognese Sauce,ASDA Extra Special,premium,Extra Special,,,,342.6,g,,True,,,,Bolognese Sauce,bolognese sauce
Sains,0.8,10.66,kg,"Batchelors Super Noodles Pot, BBQ Beef 75g",20240413,food_cupboard,False,False,"Batchelors Super Noodles Pot, BBQ Beef 75g",,,,Batchelors,,,75.0,g,,False,,,{'cooking_method': ['bbq']},"Super Noodles Pot, BBQ Beef",super noodles pot bbq beef
Sains,7.35,9.2,l,Starbucks Doubleshot Espresso No Added Sugar Iced Coffee Drink 4 x 200ml,20240413,drinks,False,False,Starbucks Doubleshot Espresso No Added Sugar Iced Coffee Drink 4 x 200ml,,,,Starbucks,4.0,count_x_size,800.0,ml,,False,diet,no added sugar,,Doubleshot Espresso Iced Coffee Drink,doubleshot espresso iced coffee drink
Morrisons,3.15,19.69,kg,The Vegetarian Butcher Vegan Chic…,20240413,fresh_food,False,True,The Vegetarian Butcher Vegan Chic…,,,,,,,160.0,g,,True,diet,vegetarian,,The Butcher Vegan Chic…,the butcher vegan chic
ASDA,5.8,25.55,kg,ASDA Extra Special Aberdeen Angus Ribeye Steak 30 Day Matured,20240413,fresh_food,True,False,ASDA Extra Special Aberdeen Angus Ribeye Steak 30 Day Matured,ASDA Extra Special,premium,Extra Special,,,,227.0,g,,True,,,{'cut_meat': ['steak']},Aberdeen Angus Ribeye Steak 30 Day Matured,aberdeen angus ribeye steak 30 day matured
Tesco,1.7,1.7,unit,Tesco Angel Layer Cake,20240413,bakery,True,False,Tesco Angel Layer Cake,Tesco,standard,,,,,,,,False,,,,Angel Layer Cake,angel layer cake
Tesco,2.7,10.8,kg,Maldon Sea Salt 250G,20240413,food_cupboard,False,False,Maldon Sea Salt 250G,,,,Maldon,,,250.0,g,,False,,,,Sea Salt,sea salt
Tesco,1.3,6.5,kg,Tesco Dark Chocolate Bar 200G,20240413,food_cupboard,True,False,Tesco Dark Chocolate Bar 200G,Tesco,standard,,,,,200.0,g,,False,,,,Dark Chocolate Bar,dark chocolate bar
Tesco,1.5,4.0,kg,Kohinoor Mumbai Kolhapuri Masala Cooking Sauce 375G,20240413,food_cupboard,False,False,Kohinoor Mumbai Kolhapuri Masala Cooking Sauce 375G,,,,Kohinoor,,,375.0,g,,False,,,,Mumbai Kolhapuri Masala Cooking Sauce,mumbai kolhapuri masala cooking sauce
Morrisons,1.6,17.4,kg,Batchelors Cup A Soup Hot & Sour 4 Pack,20240413,food_cupboard,False,False,Batchelors Cup A Soup Hot & Sour 4 Pack,,,,Batchelors,4.0,count_pack,92.0,g,,True,,,"{'flavor': ['sour', 'hot']}",Cup A Soup Hot and Sour,cup a soup hot and sour
Tesco,1.0,1.0,l,Tesco Banana Flavoured Milk 1L,20240412,fresh_food,True,False,Tesco Banana Flavoured Milk 1L,Tesco,standard,,,,,1000.0,ml,,False,,,,Banana Flavoured Milk,banana flavoured milk
Sains,2.95,9.83,kg,Lowicz Cascaval Cheese 300g,20240413,food_cupboard,False,False,Lowicz Cascaval Cheese 300g,,,,,,,300.0,g,,False,,,,Lowicz Cascaval Cheese,lowicz cascaval cheese
ASDA,1.25,6.2,kg,LU Le Petit Biscotte Crunchy Cinnamon and Brown Sugar Biscuits,20240413,food_cupboard,False,False,LU Le Petit Biscotte Crunchy Cinnamon and Brown Sugar Biscuits,,,,,,,201.6,g,,True,,,"{'texture': ['crunchy'], 'bakery_type': ['brown']}",LU Le Petit Biscotte Crunchy Cinnamon and Brown Sugar Biscuits,lu le petit biscotte crunchy cinnamon and brown sugar biscuits
Morrisons,2.0,7.3,kg,Bonne Maman Caramelised Apple Spread,20240413,food_cupboard,False,False,Bonne Maman Caramelised Apple Spread,,,,Bonne Maman,,,274.0,g,,True,,,,Caramelised Apple Spread,caramelised apple spread
Tesco,6.0,54.54,kg,TESCO FINEST PORK LIVER PATE WITH PEAR GLAZE 110G,20240212,fresh_food,True,False,TESCO FINEST PORK LIVER PATE WITH PEAR GLAZE 110G,Tesco Finest,premium,Finest,,,,110.0,g,,False,,,,PORK LIVER PATE WITH PEAR GLAZE,pork liver pate with pear glaze
Sains,3.75,7.5,kg,Unearthed Spanish Potato Omelette 500g,20240413,free-from,False,False,Unearthed Spanish Potato Omelette 500g,,,,Unearthed,,,500.0,g,,False,,,,Spanish Potato Omelette,spanish potato omelette
Sains,7.5,9.98,l,Dada Art 391 Malbec 75cl,20240413,drinks,False,False,Dada Art 391 Malbec 75cl,,,,,,,750.0,ml,,False,,,,Dada Art 391 Malbec,dada art 391 malbec
Morrisons,3.0,37.5,kg,Morrisons Tapas Cheddar And Chorizo Rollitos,20240413,fresh_food,True,False,Morrisons Tapas Cheddar And Chorizo Rollitos,Morrisons,standard,,,,,80.0,g,,True,,,,Tapas Cheddar And Chorizo Rollitos,tapas cheddar and chorizo rollitos
Morrisons,4.49,22.5,kg,Taylors Hot Lava Java Coffee Beans,20240413,food_cupboard,False,False,Taylors Hot Lava Java Coffee Beans,,,,Taylors,,,199.6,g,,True,,,{'flavor': ['hot']},Hot Lava Java Coffee Beans,hot lava java coffee beans
ASDA,8.3,16.6,kg,Lavazza Decaffeinated Coffee Beans,20240413,drinks,False,False,Lavazza Decaffeinated Coffee Beans,,,,Lavazza,,,500.0,g,,True,,,,Decaffeinated Coffee Beans,decaffeinated coffee beans
Tesco,1.5,7.36,kg,Snacksters Big Stack Burger 204G,20240413,frozen,False,False,Snacksters Big Stack Burger 204G,,,,,,,204.0,g,,False,,,,Snacksters Big Stack Burger,snacksters big stack burger
ASDA,3.0,3.0,unit,Widdop 70 Flute,20240413,fresh_food,False,False,Widdop 70 Flute,,,,,,,,,,False,,,,Widdop 70 Flute,widdop 70 flute
Tesco,0.65,18.5,kg,Schwartz Chicken & Leek Bake Recipe Mix 35g,20240413,food_cupboard,False,False,Schwartz Chicken & Leek Bake Recipe Mix 35g,,,,Schwartz,,,35.0,g,,False,,,,Chicken and Leek Bake Recipe Mix,chicken and leek bake recipe mix
Morrisons,1.25,7.1,kg,Haribo Sour Sparks Vegeta…,20240413,food_cupboard,False,True,Haribo Sour Sparks Vegeta…,,,,Haribo,,,176.1,g,,True,,,{'flavor': ['sour']},Sour Sparks Vegeta…,sour sparks vegeta
Sains,36.5,52.14,l,Toki Suntory Whisky Blended Japanese Whisky 70cl,20240413,drinks,False,False,Toki Suntory Whisky Blended Japanese Whisky 70cl,,,,,,,700.0,ml,,False,,,,Toki Suntory Whisky Blended Japanese Whisky,toki suntory whisky blended japanese whisky
Morrisons,2.95,5.85,kg,Quorn Sausages,20240413,frozen,False,False,Quorn Sausages,,,,Quorn,,,504.3,g,,True,,,,Sausages,sausages
Sains,2.25,12.01,l,Jam Shed Shiraz 18.7cl,20240413,drinks,False,False,Jam Shed Shiraz 18.7cl,,,,Jam Shed,,,187.0,ml,,False,,,,Shiraz,shiraz
ASDA,1.5,12.0,kg,Werthers Original Creamy Filling Sweets,20240413,food_cupboard,False,False,Werthers Original Creamy Filling Sweets,,,,Werthers,,,125.0,g,,True,,,{'texture': ['creamy']},Original Creamy Filling Sweets,original creamy filling sweets
Tesco,3.5,5.6,kg,Nestlé Shreddies Original Cereal 630g,20240412,food_cupboard,False,False,Nestlé Shreddies Original Cereal 630g,,,,,,,630.0,g,,False,,,,Nestlé Shreddies Original Cereal,nestle shreddies original cereal
Sains,4.0,4.0,unit,"Sainsbury's Spiced Butternut & Whipped Feta Wrap, Taste the Difference",20240303,fresh_food,True,False,"Sainsbury's Spiced Butternut & Whipped Feta Wrap, Taste the Difference",Sainsbury's,standard,,,,,,,,False,,,,"Spiced Butternut and Whipped Feta Wrap, Taste the Difference",spiced butternut and whipped feta wrap taste the difference
Sains,1.35,3.4,kg,Heinz Chicken & Leek Chunky Big Soup 400g,20240413,food_cupboard,False,False,Heinz Chicken & Leek Chunky Big Soup 400g,,,,Heinz,,,400.0,g,,False,,,{'texture': ['chunky']},Chicken and Leek Chunky Big Soup,chicken and leek chunky big soup
Sains,1.5,3.4,kg,Sainsbury's Hot & Spicy Pickled Onions in Malt Vinegar 440g (220g*),20240413,food_cupboard,True,False,Sainsbury's Hot & Spicy Pickled Onions in Malt Vinegar 440g (220g*),Sainsbury's,standard,,,,,440.0,g,,False,,,"{'flavor': ['spicy', 'hot']}",Hot and Spicy Pickled Onions in Malt Vinegar (*),hot and spicy pickled onions in malt vinegar
ASDA,1.6,8.0,kg,ASDA Crisp & Tender Rainbow Chard,20240413,fresh_food,True,False,ASDA Crisp & Tender Rainbow Chard,ASDA,standard,,,,,200.0,g,,True,,,,Crisp and Tender Rainbow Chard,crisp and tender rainbow chard
ASDA,1.5,0.3,unit,The BAKERY at ASDA Strawberry Popdot 5pk,20240413,bakery,True,False,The BAKERY at ASDA Strawberry Popdot 5pk,The BAKERY at ASDA,standard,,,5.0,count_pk,,,,False,,,,Strawberry Popdot,strawberry popdot
Tesco,3.75,6.82,kg,Pilgrims Choice Mature Cheddar Cheese 550 G,20240413,fresh_food,False,False,Pilgrims Choice Mature Cheddar Cheese 550 G,,,,Pilgrims Choice,,,550.0,g,,False,,,{'maturity': ['mature']},Mature Cheddar Cheese,mature cheddar cheese
Sains,1.35,10.8,kg,Lindt Classic Recipe Crispy Milk Chocolate Bar 125g,20240413,food_cupboard,False,False,Lindt Classic Recipe Crispy Milk Chocolate Bar 125g,,,,Lindt,,,125.0,g,,False,,,{'texture': ['crispy']},Classic Recipe Crispy Milk Chocolate Bar,classic recipe crispy milk chocolate bar
ASDA,1.5,25.0,kg,Simply Cook Cajun Jambalaya Recipe Kit 60g,20240413,food_cupboard,False,False,Simply Cook Cajun Jambalaya Recipe Kit 60g,,,,Simply Cook,,,60.0,g,,False,,,,Cajun Jambalaya Recipe Kit,cajun jambalaya recipe kit
Sains,2.0,10.53,kg,Wholecreations Dairy & Gluten Free Garlic Bread Baguette 190g,20240413,food_cupboard,False,False,Wholecreations Dairy & Gluten Free Garlic Bread Baguette 190g,,,,,,,190.0,g,,False,free_from,gluten free,,Wholecreations Dairy and Garlic Bread Baguette,wholecreations dairy and garlic bread baguette
Sains,2.25,9.0,kg,Galbani Mozzarella Cheese Maxi Bag 250g,20240413,fresh_food,False,False,Galbani Mozzarella Cheese Maxi Bag 250g,,,,Galbani,,,250.0,g,,False,,,,Mozzarella Cheese Maxi Bag,mozzarella cheese maxi bag
Morrisons,1.7,4.2,kg,Heinz Mulligatawny Soup,20240413,food_cupboard,False,False,Heinz Mulligatawny Soup,,,,Heinz,,,404.8,g,,True,,,,Mulligatawny Soup,mulligatawny soup
Tesco,1.5,5.0,kg,Kohinoor Dal Tarka 300G,20240413,food_cupboard,False,False,Kohinoor Dal Tarka 300G,,,,Kohinoor,,,300.0,g,,False,,,,Dal Tarka,dal tarka
Tesco,2.0,4.0,kg,Tesco Oriental Style Takeaway with Vegetable Spring Roll 500g,20240412,frozen,True,False,Tesco Oriental Style Takeaway with Vegetable Spring Roll 500g,Tesco,standard,,,,,500.0,g,,False,,,,Oriental Style Takeaway with Vegetable Spring Roll,oriental style takeaway with vegetable spring roll
ASDA,15.0,1.89,l,John Smith's 18 Extra Smooth Cans 440ml,20240413,drinks,False,False,John Smith's 18 Extra Smooth Cans 440ml,,,,John Smith'S,,,440.0,ml,,False,,,"{'texture': ['smooth'], 'packaging': ['cans']}",18 Extra Smooth Cans,18 extra smooth cans
ASDA,1.35,4.9,l,The Mocktail Company Pino Colada 275ml,20240413,drinks,False,False,The Mocktail Company Pino Colada 275ml,,,,,,,275.0,ml,,False,,,,The Mocktail Company Pino Colada,the mocktail company pino colada
Sains,1.65,16.5,kg,Milky Way Magic Stars Milk Chocolate Bites Pouch Bag 100g,20240413,food_cupboard,False,False,Milky Way Magic Stars Milk Chocolate Bites Pouch Bag 100g,,,,Milky Way,,,100.0,g,,False,,,{'packaging': ['pouch']},Magic Stars Milk Chocolate Bites Pouch Bag,magic stars milk chocolate bites pouch bag
Sains,6.5,12.62,kg,"Sainsbury's Slow Cooked Smoky Gammon Shanks with A Blossom Honey & Wholegrain Mustard Glaze, Taste The Difference x2 515g",20240413,fresh_food,True,False,"Sainsbury's Slow Cooked Smoky Gammon Shanks with A Blossom Honey & Wholegrain Mustard Glaze, Taste The Difference x2 515g",Sainsbury's,standard,,,2.0,x_count,515.0,g,,False,,,"{'cut_meat': ['shanks', 'gammon'], 'bakery_type': ['wholegrain']}","Slow Cooked Smoky Gammon Shanks with A Blossom Honey and Wholegrain Mustard Glaze, Taste The Difference",slow cooked smoky gammon shanks with a blossom honey and wholegrain mustard glaze taste the difference
ASDA,1.5,9.1,kg,Penn State Baked Pretzels Roasted Chilli Flavour,20240413,food_cupboard,False,False,Penn State Baked Pretzels Roasted Chilli Flavour,,,,,,,164.8,g,,True,,,"{'cooking_method': ['roasted', 'baked']}",Penn State Baked Pretzels Roasted Chilli Flavour,penn state baked pretzels roasted chilli flavour
ASDA,1.4,5.0,l,ASDA 8 x 35ml Assorted Milk Lollies,20240413,frozen,True,False,ASDA 8 x 35ml Assorted Milk Lollies,ASDA,standard,,,8.0,count_x_size,280.0,ml,,False,,,,Assorted Milk Lollies,assorted milk lollies
Sains,3.7,1.9,l,Rubicon Sparkling Passionfruit Juice Soft Drink 6x330ml,20240413,food_cupboard,False,False,Rubicon Sparkling Passionfruit Juice Soft Drink 6x330ml,,,,Rubicon,6.0,count_x_size,1980.0,ml,,False,,,{'texture': ['soft']},Sparkling Passionfruit Juice Soft Drink,sparkling passionfruit juice soft drink
Sains,1.2,3.0,kg,Heinz Cream of Chicken Soup 400g,20240413,food_cupboard,False,False,Heinz Cream of Chicken Soup 400g,,,,Heinz,,,400.0,g,,False,,,,Cream of Chicken Soup,cream of chicken soup
Morrisons,2.5,100.0,kg,Morrisons Flower Modelling Paste,20240413,food_cupboard,True,False,Morrisons Flower Modelling Paste,Morrisons,standard,,,,,25.0,g,,True,,,{'form': ['paste']},Flower Modelling Paste,flower modelling paste
ASDA,2.99,8.0,kg,Kellogg's Crunchy Nut Bites Honey & Nut,20240413,food_cupboard,False,False,Kellogg's Crunchy Nut Bites Honey & Nut,,,,Kellogg'S,,,373.8,g,,True,,,{'texture': ['crunchy']},Crunchy Nut Bites Honey and Nut,crunchy nut bites honey and nut
Sains,1.1,3.7,kg,Sainsbury's Deli-Style Coleslaw 300g,20240320,fresh_food,True,False,Sainsbury's Deli-Style Coleslaw 300g,Sainsbury's,standard,,,,,300.0,g,,False,,,,Deli-Style Coleslaw,deli style coleslaw
Tesco,1.75,3.5,kg,Blue Dragon Sushi Rice 500g,20240413,food_cupboard,False,False,Blue Dragon Sushi Rice 500g,,,,Blue Dragon,,,500.0,g,,False,,,,Sushi Rice,sushi rice
Morrisons,4.99,42.9,kg,Tassimo L'OR Americano Classique Coffee Pods x14,20240413,food_cupboard,False,False,Tassimo L'OR Americano Classique Coffee Pods x14,,,,Tassimo,14.0,x_count,116.3,g,,True,,,,L'OR Americano Classique Coffee Pods,l or americano classique coffee pods
Sains,1.75,8.3,kg,Sainsbury's On the Go Greek Style Yogurt with Mixed Berry Compote & Crispy Granola 210g,20240413,fresh_food,True,False,Sainsbury's On the Go Greek Style Yogurt with Mixed Berry Compote & Crispy Granola 210g,Sainsbury's,standard,,,,,210.0,g,,False,,,{'texture': ['crispy']},On the Go Greek Style Yogurt with Mixed Berry Compote and Crispy Granola,on the go greek style yogurt with mixed berry compote and crispy granola
Tesco,1.25,5.5,kg,Ginsters Original Cornish Pasty 227G,20240413,fresh_food,False,False,Ginsters Original Cornish Pasty 227G,,,,Ginsters,,,227.0,g,,False,,,,Original Cornish Pasty,original cornish pasty
Morrisons,3.99,2.66,kg,Morrisons The Best Chunky Chips,20240118,frozen,True,False,Morrisons The Best Chunky Chips,Morrisons The Best,premium,The Best,,,,1500.0,g,,True,,,{'texture': ['chunky']},Chunky Chips,chunky chips
Morrisons,1.1,8.8,kg,McVitie's Mini BN Strawberry Flavour,20240412,food_cupboard,False,False,McVitie's Mini BN Strawberry Flavour,,,,Mcvitie'S,,,125.0,g,,True,,,,Mini BN Strawberry Flavour,mini bn strawberry flavour
Tesco,4.5,10.0,kg,Bisto Reduced Salt Gravy Granules 450g,20240413,food_cupboard,False,False,Bisto Reduced Salt Gravy Granules 450g,,,,Bisto,,,450.0,g,,False,,,,Reduced Salt Gravy Granules,reduced salt gravy granules
Morrisons,2.4,6.0,kg,Pizza Express Dough Ready to Roll,20240413,fresh_food,False,False,Pizza Express Dough Ready to Roll,,,,Pizza Express,,,400.0,g,,True,,,,Dough Ready to Roll,dough ready to roll
ASDA,2.0,2.0,kg,Silver Spoon Demerara Sugar 1kg,20240413,drinks,False,False,Silver Spoon Demerara Sugar 1kg,,,,Silver Spoon,,,1000.0,g,,False,,,,Demerara Sugar,demerara sugar
Morrisons,2.5,4.6,kg,Warburtons Multi Seeded Artisan Bread,20240409,bakery,False,False,Warburtons Multi Seeded Artisan Bread,,,,Warburtons,,,543.5,g,,True,,,{'bakery_type': ['seeded']},Multi Seeded Artisan Bread,multi seeded artisan bread
Sains,6.75,1.4,l,Fruit Shoot Orange Kids Juice Drink 24x200ml,20240413,drinks,False,False,Fruit Shoot Orange Kids Juice Drink 24x200ml,,,,Fruit Shoot,24.0,count_x_size,4800.0,ml,,False,,,,Orange Kids Juice Drink,orange kids juice drink
Tesco,2.0,5.71,kg,Tesco Cauliflower Cheese 350G,20240413,fresh_food,True,False,Tesco Cauliflower Cheese 350G,Tesco,standard,,,,,350.0,g,,False,,,,Cauliflower Cheese,cauliflower cheese
Tesco,2.2,8.6,kg,Tesco 30 Bitesize Pork Cocktail Sausages 255G,20240413,fresh_food,True,False,Tesco 30 Bitesize Pork Cocktail Sausages 255G,Tesco,standard,,,,,255.0,g,,False,,,,30 Bitesize Pork Cocktail Sausages,30 bitesize pork cocktail sausages
Tesco,1.75,1.8,l,Dr Witt Multivitamins Metabolism Drink 1 Litre,20240413,food_cupboard,False,False,Dr Witt Multivitamins Metabolism Drink 1 Litre,,,,,,,1000.0,ml,,False,,,,Dr Witt Multivitamins Metabolism Drink,dr witt multivitamins metabolism drink
ASDA,11.5,11.5,unit,George Home White Pie Dish - Set of 3,20240413,food_cupboard,True,False,George Home White Pie Dish - Set of 3,George Home,standard,,,,,,,,False,,,{'bakery_type': ['white']},White Pie Dish - Set of 3,white pie dish set of 3
ASDA,10.0,133.3,l,Lugana Italian Wine,20240413,drinks,False,False,Lugana Italian Wine,,,,,,,75.0,ml,,True,,,,Lugana Italian Wine,lugana italian wine
ASDA,3.0,3.0,unit,Disney Disney Pride Mug,20240413,drinks,False,False,Disney Disney Pride Mug,,,,,,,,,,False,,,,Disney Disney Pride Mug,disney disney pride mug
Sains,4.5,14.2,kg,"Sainsbury's Spicy Chicken & Puttanesca Pasta Salad, Taste the Difference",20240413,fresh_food,True,False,"Sainsbury's Spicy Chicken & Puttanesca Pasta Salad, Taste the Difference",Sainsbury's,standard,,,,,316.9,g,,True,,,{'flavor': ['spicy']},"Spicy Chicken and Puttanesca Pasta Salad, Taste the Difference",spicy chicken and puttanesca pasta salad taste the difference
Tesco,7.3,9.36,kg,Tesco Butter Basted Frozen Turkey Breast Joint 780G,20240413,frozen,True,False,Tesco Butter Basted Frozen Turkey Breast Joint 780G,Tesco,standard,,,,,780.0,g,,False,,,"{'cut_meat': ['breast', 'joint']}",Butter Basted Frozen Turkey Breast Joint,butter basted frozen turkey breast joint
ASDA,3.0,7.1,kg,Fray Bentos Minced Beef & Onion,20240413,food_cupboard,False,False,Fray Bentos Minced Beef & Onion,,,,Fray Bentos,,,422.5,g,,True,,,{'cut_meat': ['minced']},Minced Beef and Onion,minced beef and onion
Sains,1.6,2.44,kg,Mr Brain's Pork Faggots x6 656g,20240413,frozen,False,False,Mr Brain's Pork Faggots x6 656g,,,,,6.0,x_count,656.0,g,,False,,,,Mr Brain's Pork Faggots,mr brain s pork faggots
ASDA,7.0,93.31,l,Black Tower Club Edition Pinot Noir Rosé Wine,20240413,drinks,False,False,Black Tower Club Edition Pinot Noir Rosé Wine,,,,Black Tower,,,75.0,ml,,True,,,,Club Edition Pinot Noir Rosé Wine,club edition pinot noir rose wine
Sains,0.95,4.75,kg,Sainsbury's Baby Cucumbers 200g,20240413,fresh_food,True,False,Sainsbury's Baby Cucumbers 200g,Sainsbury's,standard,,,,,200.0,g,,False,,,,Baby Cucumbers,baby cucumbers
Morrisons,5.0,3.79,l,Kopparberg Winter Punch,20240413,drinks,False,False,Kopparberg Winter Punch,,,,Kopparberg,,,1319.3,ml,,True,,,,Winter Punch,winter punch
Morrisons,2.0,14.3,kg,Whitworths Bake Chopped Apricots,20240412,food_cupboard,False,False,Whitworths Bake Chopped Apricots,,,,Whitworths,,,139.9,g,,True,,,{'form': ['chopped']},Bake Chopped Apricots,bake chopped apricots
Sains,0.95,3.2,kg,Sainsbury's Shorties 300g,20240413,food_cupboard,True,False,Sainsbury's Shorties 300g,Sainsbury's,standard,,,,,300.0,g,,False,,,,Shorties,shorties
Morrisons,21.0,27.93,l,Jim Barry Wines Single Vineyard Watervale Shiraz,20240405,drinks,False,False,Jim Barry Wines Single Vineyard Watervale Shiraz,,,,,,,751.9,ml,,True,,,,Jim Barry Wines Single Vineyard Watervale Shiraz,jim barry wines single vineyard watervale shiraz
Morrisons,11.0,11.0,unit,Morrisons Bloom Bouquet,20240201,fresh_food,True,False,Morrisons Bloom Bouquet,Morrisons,standard,,,,,,,,False,,,,Bloom Bouquet,bloom bouquet
Tesco,1.5,3.75,kg,Tesco Sausage And Mash 400G,20240413,frozen,True,False,Tesco Sausage And Mash 400G,Tesco,standard,,,,,400.0,g,,False,,,{'cut_meat': ['sausage']},Sausage And Mash,sausage and mash
Sains,5.0,2.84,l,Guinness Alcohol Free 0.0% Stout Beer Cans 4x440ml,20240413,drinks,False,False,Guinness Alcohol Free 0.0% Stout Beer Cans 4x440ml,,,,Guinness,4.0,count_x_size,1760.0,ml,0.0,False,alcohol_marker,alcohol free,{'packaging': ['cans']},Stout Beer Cans,stout beer cans
Morrisons,7.0,9.31,l,Giesen Estate Sauvignon Blanc Wine,20240413,drinks,False,False,Giesen Estate Sauvignon Blanc Wine,,,,Giesen,,,751.9,ml,,True,,,,Estate Sauvignon Blanc Wine,estate sauvignon blanc wine
ASDA,1.5,3.3,kg,Light & Free Sticky Toffee Flavour Greek Style 0% Added Sugar Fat Free Yoghurt,20240413,fresh_food,False,False,Light & Free Sticky Toffee Flavour Greek Style 0% Added Sugar Fat Free Yoghurt,,,,,,,454.5,g,0.0,True,diet,fat free,,Light and Free Sticky Toffee Flavour Greek Style Added Sugar Yoghurt,light and free sticky toffee flavour greek style added sugar yoghurt
ASDA,2.0,11.9,kg,ASDA Skip Jack Tuna Chunks in Spring Water 3 x 80g,20240223,drinks,True,False,ASDA Skip Jack Tuna Chunks in Spring Water 3 x 80g,ASDA,standard,,,3.0,count_x_size,240.0,g,,False,,,,Skip Jack Tuna Chunks in Spring Water,skip jack tuna chunks in spring water
Tesco,3.5,8.49,kg,Tesco Garlic & Herb Pork Loin Kievs 412G,20240412,fresh_food,True,False,Tesco Garlic & Herb Pork Loin Kievs 412G,Tesco,standard,,,,,412.0,g,,False,,,,Garlic and Herb Pork Loin Kievs,garlic and herb pork loin kievs
Sains,1.45,1.5,kg,Sainsbury's Tomato Ketchup Sauce 970g,20240229,food_cupboard,True,False,Sainsbury's Tomato Ketchup Sauce 970g,Sainsbury's,standard,,,,,970.0,g,,False,,,,Tomato Ketchup Sauce,tomato ketchup sauce
ASDA,1.6,13.3,kg,Ambrosia Belgian Chocolate Mousse Pots,20240320,food_cupboard,False,False,Ambrosia Belgian Chocolate Mousse Pots,,,,Ambrosia,,,120.3,g,,True,,,,Belgian Chocolate Mousse Pots,belgian chocolate mousse pots
Sains,2.3,4.2,kg,Sainsbury's Dry Roasted Peanuts 550g,20240413,food_cupboard,True,False,Sainsbury's Dry Roasted Peanuts 550g,Sainsbury's,standard,,,,,550.0,g,,False,,,{'cooking_method': ['roasted']},Dry Roasted Peanuts,dry roasted peanuts
Morrisons,4.25,23.61,kg,Morrisons Seabass Fillets,20240413,frozen,True,False,Morrisons Seabass Fillets,Morrisons,standard,,,,,180.0,g,,True,,,,Seabass Fillets,seabass fillets
Sains,1.95,15.6,kg,Seriously Spreadable Vintage Cheese 125g,20240413,fresh_food,False,False,Seriously Spreadable Vintage Cheese 125g,,,,Seriously,,,125.0,g,,False,,,{'maturity': ['vintage']},Spreadable Vintage Cheese,spreadable vintage cheese
Morrisons,1.75,8.8,kg,Nomadic Protein Pudding Vanilla,20240413,fresh_food,False,False,Nomadic Protein Pudding Vanilla,,,,Nomadic,,,198.9,g,,True,,,,Protein Pudding Vanilla,protein pudding vanilla
Sains,3.25,8.13,kg,Sainsbury's Beef Hotpot 400g (Serves 1),20240413,fresh_food,True,False,Sainsbury's Beef Hotpot 400g (Serves 1),Sainsbury's,standard,,,,,400.0,g,,False,,,,Beef Hotpot (Serves 1),beef hotpot serves 1
ASDA,1.0,37.0,kg,MyProtein Pop Roll Golden Caramel Flavour 27g,20240413,food_cupboard,False,False,MyProtein Pop Roll Golden Caramel Flavour 27g,,,,Myprotein,,,27.0,g,,False,,,,Pop Roll Golden Caramel Flavour,pop roll golden caramel flavour
Sains,4.75,131.9,kg,"Pukka Organic Ginger, Galangal & Golden Turmeric Tea Bags x20",20240413,food_cupboard,False,False,"Pukka Organic Ginger, Galangal & Golden Turmeric Tea Bags x20",,,,Pukka,20.0,x_count,36.0,g,,True,organic,organic,,"Ginger, Galangal and Golden Turmeric Tea Bags",ginger galangal and golden turmeric tea bags
Sains,2.0,9.3,kg,Wall's Mini Savoury Eggs 216g,20240128,fresh_food,False,False,Wall's Mini Savoury Eggs 216g,,,,Wall'S,,,216.0,g,,False,,,{'flavor': ['savoury']},Mini Savoury Eggs,mini savoury eggs
Tesco,3.0,18.75,kg,Planted Chicken Lemon & Herb 160g,20240413,fresh_food,False,False,Planted Chicken Lemon & Herb 160g,,,,,,,160.0,g,,False,,,,Planted Chicken Lemon and Herb,planted chicken lemon and herb
Sains,1.7,2.3,l,Sainsbury's Reduced Fat Mayonnaise 730ml,20240413,food_cupboard,True,False,Sainsbury's Reduced Fat Mayonnaise 730ml,Sainsbury's,standard,,,,,730.0,ml,,False,diet,reduced fat,,Mayonnaise,mayonnaise
Morrisons,1.1,11.0,kg,Morrisons Grissini Mini Breadsticks,20240413,food_cupboard,True,False,Morrisons Grissini Mini Breadsticks,Morrisons,standard,,,,,100.0,g,,True,,,,Grissini Mini Breadsticks,grissini mini breadsticks
Sains,2.4,13.3,kg,Sainsbury's Vanilla Cheesecake Slices 2x90g,20240413,fresh_food,True,False,Sainsbury's Vanilla Cheesecake Slices 2x90g,Sainsbury's,standard,,,2.0,count_x_size,180.0,g,,False,,,,Vanilla Cheesecake Slices,vanilla cheesecake slices
Sains,2.5,5.6,kg,Bens Original Hot Chilli Con Carne Sauce 450g,20240413,food_cupboard,False,False,Bens Original Hot Chilli Con Carne Sauce 450g,,,,Bens Original,,,450.0,g,,False,,,{'flavor': ['hot']},Hot Chilli Con Carne Sauce,hot chilli con carne sauce
ASDA,5.75,4.36,l,Peroni Nastro Azzurro Lager Beer Bottle 4 Pack,20240413,drinks,False,False,Peroni Nastro Azzurro Lager Beer Bottle 4 Pack,,,,Peroni,4.0,count_pack,1318.8,ml,,True,,,{'packaging': ['bottle']},Nastro Azzurro Lager Beer Bottle,nastro azzurro lager beer bottle
ASDA,3.0,7.5,kg,ASDA British Half Fat Mature Cheddar 400g,20240413,fresh_food,True,False,ASDA British Half Fat Mature Cheddar 400g,ASDA,standard,,,,,400.0,g,,False,,,{'maturity': ['mature']},British Half Fat Mature Cheddar,british half fat mature cheddar
ASDA,4.55,5.83,kg,Tahira Chicken & Beef Burgers Halal,20240413,frozen,False,False,Tahira Chicken & Beef Burgers Halal,,,,,,,780.4,g,,True,diet,halal,{'cut_meat': ['burgers']},Tahira Chicken and Beef Burgers,tahira chicken and beef burgers
Sains,2.1,2.8,kg,"Sainsbury's Whole Rolled Porridge Oats, Taste the Difference 750g",20240413,food_cupboard,True,False,"Sainsbury's Whole Rolled Porridge Oats, Taste the Difference 750g",Sainsbury's,standard,,,,,750.0,g,,False,,,{'form': ['whole']},"Whole Rolled Porridge Oats, Taste the Difference",whole rolled porridge oats taste the difference
Sains,10.5,0.11,unit,Nature's Bounty Gentle Iron Complex with Vitamins B12 and C Capsules x100,20240413,free-from,False,False,Nature's Bounty Gentle Iron Complex with Vitamins B12 and C Capsules x100,,,,,100.0,x_count,,,,False,,,,Nature's Bounty Gentle Iron Complex with Vitamins B12 and C Capsules,nature s bounty gentle iron complex with vitamins b12 and c capsules
Sains,2.0,11.1,kg,Cadbury Dairy Milk Orange Chocolate Bar 180g,20240215,free-from,False,False,Cadbury Dairy Milk Orange Chocolate Bar 180g,,,,Cadbury,,,180.0,g,,False,,,,Dairy Milk Orange Chocolate Bar,dairy milk orange chocolate bar
Sains,2.5,1.9,l,Aqua Libra Sparkling Water Infused with Cucumber Mint & Lime 4x330ml,20240413,drinks,False,False,Aqua Libra Sparkling Water Infused with Cucumber Mint & Lime 4x330ml,,,,,4.0,count_x_size,1320.0,ml,,False,,,,Aqua Libra Sparkling Water Infused with Cucumber Mint and Lime,aqua libra sparkling water infused with cucumber mint and lime
ASDA,2.15,7.2,kg,"ASDA Extra Special Fig, Date, & Balsamic Chutney 300g",20240413,food_cupboard,True,False,"ASDA Extra Special Fig, Date, & Balsamic Chutney 300g",ASDA Extra Special,premium,Extra Special,,,,300.0,g,,False,,,,"Fig, Date, and Balsamic Chutney",fig date and balsamic chutney
ASDA,55.0,55.0,unit,George Home Black 4L Stand Mixer,20240413,food_cupboard,True,False,George Home Black 4L Stand Mixer,George Home,standard,,,,,4000.0,ml,,False,,,,Black Stand Mixer,black stand mixer
ASDA,1.3,1.88,kg,Tarantella Organic Tomato Passata,20240413,food_cupboard,False,False,Tarantella Organic Tomato Passata,,,,,,,691.5,g,,True,organic,organic,,Tarantella Tomato Passata,tarantella tomato passata
Sains,1.2,1.6,l,Radnor Splash Apple & Raspberry Still Flavoured Spring Water 250ml,20240413,drinks,False,False,Radnor Splash Apple & Raspberry Still Flavoured Spring Water 250ml,,,,,,,250.0,ml,,False,,,,Radnor Splash Apple and Raspberry Still Flavoured Spring Water,radnor splash apple and raspberry still flavoured spring water
Morrisons,2.35,4.7,l,Potts Beef Stock Can,20240406,food_cupboard,False,False,Potts Beef Stock Can,,,,Potts,,,500.0,ml,,True,,,{'packaging': ['can']},Beef Stock Can,beef stock can
Sains,13.0,17.29,l,Signé Bourgogne Montagny 75cl,20240413,drinks,False,False,Signé Bourgogne Montagny 75cl,,,,,,,750.0,ml,,False,,,,Signé Bourgogne Montagny,signe bourgogne montagny
ASDA,2.0,2.7,l,Innocent Pineapples Bananas & Coconuts Smoothie,20240413,drinks,False,False,Innocent Pineapples Bananas & Coconuts Smoothie,,,,Innocent,,,740.7,ml,,True,,,,Pineapples Bananas and Coconuts Smoothie,pineapples bananas and coconuts smoothie
Morrisons,7.0,9.31,l,Rosemount Diamond Selection Shiraz,20240413,drinks,False,False,Rosemount Diamond Selection Shiraz,,,,,,,751.9,ml,,True,,,,Rosemount Diamond Selection Shiraz,rosemount diamond selection shiraz
Morrisons,1.25,7.58,kg,Philadelphia Lightest Low Fat Soft Cream Cheese,20240413,fresh_food,False,False,Philadelphia Lightest Low Fat Soft Cream Cheese,,,,Philadelphia,,,164.9,g,,True,diet,low fat,{'texture': ['soft']},Lightest Soft Cream Cheese,lightest soft cream cheese
ASDA,0.8,4.4,kg,Jutrzenka Wafle Wafers with Cream Flavoured Cream,20240413,food_cupboard,False,False,Jutrzenka Wafle Wafers with Cream Flavoured Cream,,,,,,,181.8,g,,True,,,,Jutrzenka Wafle Wafers with Cream Flavoured Cream,jutrzenka wafle wafers with cream flavoured cream
Tesco,3.75,7.5,kg,Tesco Roast Chicken Dinner Pie 500g,20240413,fresh_food,True,False,Tesco Roast Chicken Dinner Pie 500g,Tesco,standard,,,,,500.0,g,,False,,,,Roast Chicken Dinner Pie,roast chicken dinner pie
Sains,1.35,2.7,kg,De Cecco Fusilli 500g,20240413,food_cupboard,False,False,De Cecco Fusilli 500g,,,,De Cecco,,,500.0,g,,False,,,,Fusilli,fusilli
ASDA,1.0,10.0,kg,Colman's Original English Mustard,20240321,food_cupboard,False,False,Colman's Original English Mustard,,,,Colman'S,,,100.0,g,,True,,,,Original English Mustard,original english mustard
Sains,10.5,10.48,l,Sainsbury's Sweet Pale Cream Sherry 1L,20240413,drinks,True,False,Sainsbury's Sweet Pale Cream Sherry 1L,Sainsbury's,standard,,,,,1000.0,ml,,False,,,{'flavor': ['sweet']},Sweet Pale Cream Sherry,sweet pale cream sherry
Tesco,4.0,7.27,kg,Cathedral City Mild Cheddar 550G,20240413,fresh_food,False,False,Cathedral City Mild Cheddar 550G,,,,Cathedral City,,,550.0,g,,False,,,"{'flavor': ['mild'], 'maturity': ['mild']}",Mild Cheddar,mild cheddar
Sains,1.5,1.5,unit,Sainsbury's Seeded White Bloomer 800g,20240413,bakery,True,False,Sainsbury's Seeded White Bloomer 800g,Sainsbury's,standard,,,,,800.0,g,,False,,,"{'bakery_type': ['seeded', 'white']}",Seeded White Bloomer,seeded white bloomer
Tesco,1.45,7.25,kg,Tesco Bombay Mix Snacks 200 G,20240413,food_cupboard,True,False,Tesco Bombay Mix Snacks 200 G,Tesco,standard,,,,,200.0,g,,False,,,,Bombay Mix Snacks,bombay mix snacks
Sains,0.6,0.3,unit,Sainsbury's Fresh Packed Lemongrass Sticks x2,20240413,fresh_food,True,False,Sainsbury's Fresh Packed Lemongrass Sticks x2,Sainsbury's,standard,,,2.0,x_count,,,,False,,,,Fresh Packed Lemongrass Sticks,fresh packed lemongrass sticks
ASDA,2.5,3.1,kg,ASDA 8 Vitamin Boosting Peach & Apricot Yogurt Drinks,20240112,drinks,True,False,ASDA 8 Vitamin Boosting Peach & Apricot Yogurt Drinks,ASDA,standard,,,,,806.5,g,,True,,,,8 Vitamin Boosting Peach and Apricot Yogurt Drinks,8 vitamin boosting peach and apricot yogurt drinks
Sains,1.5,18.8,kg,Sainsbury's Garlic & Coriander Poppadoms 80g,20240413,food_cupboard,True,False,Sainsbury's Garlic & Coriander Poppadoms 80g,Sainsbury's,standard,,,,,80.0,g,,False,,,,Garlic and Coriander Poppadoms,garlic and coriander poppadoms
Morrisons,4.0,10.0,kg,Young's Chip Shop 4 Cod Fillets,20240413,frozen,False,False,Young's Chip Shop 4 Cod Fillets,,,,Young'S,,,400.0,g,,True,,,,Chip Shop 4 Cod Fillets,chip shop 4 cod fillets
Sains,2.0,32.3,kg,Battle Bites High Protein Bar Jaffa Bake Flavour 62g,20240413,free-from,False,False,Battle Bites High Protein Bar Jaffa Bake Flavour 62g,,,,,,,62.0,g,,False,,,,Battle Bites High Protein Bar Jaffa Bake Flavour,battle bites high protein bar jaffa bake flavour
Sains,7.5,9.4,kg,"Sainsbury's Orange & Prosecco Doc Panettone, Taste the Difference 800g",20240330,free-from,True,False,"Sainsbury's Orange & Prosecco Doc Panettone, Taste the Difference 800g",Sainsbury's,standard,,,,,800.0,g,,False,,,,"Orange and Prosecco Doc Panettone, Taste the Difference",orange and prosecco doc panettone taste the difference
Tesco,1.2,10.9,kg,The Collective Brekkie Blueberry and Oat Kids Yoghurt Pouch 110g,20240413,fresh_food,False,False,The Collective Brekkie Blueberry and Oat Kids Yoghurt Pouch 110g,,,,,,,110.0,g,,False,,,{'packaging': ['pouch']},The Collective Brekkie Blueberry and Oat Kids Yoghurt Pouch,the collective brekkie blueberry and oat kids yoghurt pouch
ASDA,2.35,10.35,kg,ASDA Plant Based Spiced Bean Burgers,20240413,free-from,True,False,ASDA Plant Based Spiced Bean Burgers,ASDA Plant Based,dietary,Plant Based,,,,227.1,g,,True,,,{'cut_meat': ['burgers']},Spiced Bean Burgers,spiced bean burgers
Morrisons,3.99,3.99,unit,Aqua Vape British Tobacco 6mg,20240319,drinks,False,False,Aqua Vape British Tobacco 6mg,,,,,,,,,,False,,,,Aqua Vape British Tobacco 6mg,aqua vape british tobacco 6mg
Sains,3.3,9.43,kg,Sainsbury's British or Irish 10% Fat 20 Beef Mini Meatballs 350g,20240413,fresh_food,True,False,Sainsbury's British or Irish 10% Fat 20 Beef Mini Meatballs 350g,Sainsbury's,standard,,,,,350.0,g,10.0,False,,,{'cut_meat': ['meatballs']},British or Irish Fat 20 Beef Mini Meatballs,british or irish fat 20 beef mini meatballs
Tesco,3.25,10.8,l,Magnum Mint Ice Cream Sticks 3x100ml,20240413,frozen,False,False,Magnum Mint Ice Cream Sticks 3x100ml,,,,Magnum,3.0,count_x_size,300.0,ml,,False,,,,Mint Ice Cream Sticks,mint ice cream sticks
ASDA,2.15,10.75,kg,Lurpak Slightly Salted Butter,20240413,food_cupboard,False,False,Lurpak Slightly Salted Butter,,,,Lurpak,,,200.0,g,,True,,,,Slightly Salted Butter,slightly salted butter
ASDA,2.0,57.0,kg,Schwartz Cloves Ground,20240413,food_cupboard,False,False,Schwartz Cloves Ground,,,,Schwartz,,,35.1,g,,True,,,{'form': ['ground']},Cloves Ground,cloves ground
ASDA,5.2,2.6,l,Monster Energy Ultra Cans,20240413,drinks,False,False,Monster Energy Ultra Cans,,,,Monster,,,2000.0,ml,,True,,,{'packaging': ['cans']},Energy Ultra Cans,energy ultra cans
Tesco,6.75,8.98,l,Kumala Reserve Shiraz 75Cl,20240413,drinks,False,False,Kumala Reserve Shiraz 75Cl,,,,Kumala,,,750.0,ml,,False,,,,Reserve Shiraz,reserve shiraz
Morrisons,1.25,32.0,kg,Old El Paso Chilli Con Carne Seasoning Mix,20240413,food_cupboard,False,False,Old El Paso Chilli Con Carne Seasoning Mix,,,,Old El Paso,,,39.1,g,,True,,,,Chilli Con Carne Seasoning Mix,chilli con carne seasoning mix
Tesco,3.7,17.4,kg,John West Red Salmon 213G,20240412,food_cupboard,False,False,John West Red Salmon 213G,,,,John West,,,213.0,g,,False,,,,Red Salmon,red salmon
ASDA,1.5,4.4,kg,Skippy Extra Smooth Creamy Peanut Butter 340g,20240413,food_cupboard,False,False,Skippy Extra Smooth Creamy Peanut Butter 340g,,,,,,,340.0,g,,False,,,"{'texture': ['smooth', 'creamy']}",Skippy Extra Smooth Creamy Peanut Butter,skippy extra smooth creamy peanut butter
ASDA,1.25,12.5,kg,Butterkist Cinema Sweet Popcorn,20240413,food_cupboard,False,False,Butterkist Cinema Sweet Popcorn,,,,,,,100.0,g,,True,,,{'flavor': ['sweet']},Butterkist Cinema Sweet Popcorn,butterkist cinema sweet popcorn
Sains,4.0,16.0,kg,Sainsbury's Pure Canadian Maple Syrup 250g,20240413,food_cupboard,True,False,Sainsbury's Pure Canadian Maple Syrup 250g,Sainsbury's,standard,,,,,250.0,g,,False,,,,Pure Canadian Maple Syrup,pure canadian maple syrup
Morrisons,1.35,9.0,kg,Seabrooks Prawn Cocktail Crisps 6 Pack,20240413,food_cupboard,False,False,Seabrooks Prawn Cocktail Crisps 6 Pack,,,,,6.0,count_pack,150.0,g,,True,,,,Seabrooks Prawn Cocktail Crisps,seabrooks prawn cocktail crisps
Sains,2.95,7.4,kg,Bio & Me Oats & Plenty Super Seedy & Nutty 400g,20240413,food_cupboard,False,False,Bio & Me Oats & Plenty Super Seedy & Nutty 400g,,,,,,,400.0,g,,False,organic,bio,,and Me Oats and Plenty Super Seedy and Nutty,and me oats and plenty super seedy and nutty
Tesco,1.15,3.3,kg,Nishaan Chakki Roti 350G,20240413,food_cupboard,False,False,Nishaan Chakki Roti 350G,,,,,,,350.0,g,,False,,,,Nishaan Chakki Roti,nishaan chakki roti
Sains,1.7,11.3,kg,Sainsbury's Milk Chocolate Rice Cakes 4x35.75g,20240413,food_cupboard,True,False,Sainsbury's Milk Chocolate Rice Cakes 4x35.75g,Sainsbury's,standard,,,4.0,count_x_size,143.0,g,,False,,,,Milk Chocolate Rice Cakes,milk chocolate rice cakes
ASDA,3.25,8.12,kg,ASDA Meal For One Macaroni Cheese 400g,20240413,fresh_food,True,False,ASDA Meal For One Macaroni Cheese 400g,ASDA,standard,,,,,400.0,g,,False,preparation,meal for one,,Macaroni Cheese,macaroni cheese
Sains,0.75,2.5,kg,Sainsbury's Beansprouts 300g,20240413,fresh_food,True,False,Sainsbury's Beansprouts 300g,Sainsbury's,standard,,,,,300.0,g,,False,,,,Beansprouts,beansprouts
Morrisons,2.0,11.9,kg,Soreen Lift Bars Raspberry & Vanilla,20240413,bakery,False,False,Soreen Lift Bars Raspberry & Vanilla,,,,Soreen,,,168.1,g,,True,,,,Lift Bars Raspberry and Vanilla,lift bars raspberry and vanilla
Morrisons,10.75,10.8,kg,Shazans Mutton Shanks,20240413,food_cupboard,False,False,Shazans Mutton Shanks,,,,,,,995.4,g,,True,,,{'cut_meat': ['shanks']},Shazans Mutton Shanks,shazans mutton shanks
Sains,1.85,3.7,l,Monster Energy Drink 500ml,20240413,drinks,False,False,Monster Energy Drink 500ml,,,,Monster,,,500.0,ml,,False,,,,Energy Drink,energy drink
Morrisons,2.5,16.67,kg,Castello Danish Blue Cheese,20240413,fresh_food,False,False,Castello Danish Blue Cheese,,,,Castello,,,150.0,g,,True,,,,Danish Blue Cheese,danish blue cheese
Sains,1.6,9.1,kg,Whitworths Figs 175g,20240413,food_cupboard,False,False,Whitworths Figs 175g,,,,Whitworths,,,175.0,g,,False,,,,Figs,figs
Morrisons,3.25,1.63,unit,BFree Naan Breads Stone Baked Original,20240413,free-from,False,False,BFree Naan Breads Stone Baked Original,,,,Bfree,,,,,,False,,,{'cooking_method': ['baked']},Naan Breads Stone Baked Original,naan breads stone baked original
Tesco,14.0,18.62,l,Zuccardi Serie A Malbec 75Cl,20240413,drinks,False,False,Zuccardi Serie A Malbec 75Cl,,,,,,,750.0,ml,,False,,,,Zuccardi Serie A Malbec,zuccardi serie a malbec
Morrisons,4.99,7.74,kg,Chicago Town Takeaway Large Stu…,20240410,frozen,False,True,Chicago Town Takeaway Large Stu…,,,,Chicago Town,,,644.7,g,,True,,,,Takeaway Large Stu…,takeaway large stu
Morrisons,5.0,18.5,kg,Imperial Chicken Teriyaki Bao Buns,20240413,food_cupboard,False,False,Imperial Chicken Teriyaki Bao Buns,,,,,,,270.3,g,,True,,,,Imperial Chicken Teriyaki Bao Buns,imperial chicken teriyaki bao buns
Tesco,1.7,13.6,kg,Tesco 5 Pork & Egg Roll Slices 125g,20240413,fresh_food,True,False,Tesco 5 Pork & Egg Roll Slices 125g,Tesco,standard,,,,,125.0,g,,False,,,,5 Pork and Egg Roll Slices,5 pork and egg roll slices
Sains,1.0,20.0,kg,Blue Dragon Thai Green Curry Paste Pot 50g,20240413,food_cupboard,False,False,Blue Dragon Thai Green Curry Paste Pot 50g,,,,Blue Dragon,,,50.0,g,,False,,,{'form': ['paste']},Thai Green Curry Paste Pot,thai green curry paste pot
Tesco,0.62,1.6,kg,Tesco Broccoli And Stilton Soup 400G,20240413,food_cupboard,True,False,Tesco Broccoli And Stilton Soup 400G,Tesco,standard,,,,,400.0,g,,False,,,,Broccoli And Stilton Soup,broccoli and stilton soup
ASDA,7.5,7.5,unit,Sistema Flip Bottle,20240413,drinks,False,False,Sistema Flip Bottle,,,,Sistema,,,,,,False,,,{'packaging': ['bottle']},Flip Bottle,flip bottle
ASDA,2.25,2.25,kg,Tiger Tiger Sushi Rice,20240413,food_cupboard,True,False,Tiger Tiger Sushi Rice,,,,Tiger,,,1000.0,g,,True,,,,Tiger Sushi Rice,tiger sushi rice
Tesco,3.0,7.1,kg,Sharwoods Korma 30% Less Fat Cooking Sauce 420G,20240413,food_cupboard,False,False,Sharwoods Korma 30% Less Fat Cooking Sauce 420G,,,,Sharwoods,,,420.0,g,30.0,False,,,,Korma Less Fat Cooking Sauce,korma less fat cooking sauce
ASDA,0.75,9.4,kg,Africa's Finest Coconut Chin-Chin,20240413,food_cupboard,False,False,Africa's Finest Coconut Chin-Chin,,,,,,,79.8,g,,True,,,,Africa's Finest Coconut Chin-Chin,africa s finest coconut chin chin
Morrisons,1.89,3.78,kg,Morrisons Wholefoods Red Split Lentils,20240413,food_cupboard,True,False,Morrisons Wholefoods Red Split Lentils,Morrisons,standard,,,,,500.0,g,,True,,,,Wholefoods Red Split Lentils,wholefoods red split lentils
Morrisons,2.75,25.0,kg,Nomo Creamy Buttons,20240413,free-from,False,False,Nomo Creamy Buttons,,,,Nomo,,,110.0,g,,True,,,{'texture': ['creamy']},Creamy Buttons,creamy buttons
Tesco,4.2,4.2,l,Ufc 100% Watermelon Drink 1L,20240413,food_cupboard,False,False,Ufc 100% Watermelon Drink 1L,,,,,,,1000.0,ml,100.0,False,,,,Ufc Watermelon Drink,ufc watermelon drink
ASDA,3.0,7.3,kg,Kellogg's Krave Cookies & Cream Cereal,20240413,food_cupboard,False,False,Kellogg's Krave Cookies & Cream Cereal,,,,Kellogg'S,,,411.0,g,,True,,,,Krave Cookies and Cream Cereal,krave cookies and cream cereal
Sains,2.5,3.1,kg,Actimel Multifruit Cultured Yogurt Drink 8x100g,20240413,drinks,False,False,Actimel Multifruit Cultured Yogurt Drink 8x100g,,,,Actimel,8.0,count_x_size,800.0,g,,False,,,,Multifruit Cultured Yogurt Drink,multifruit cultured yogurt drink
Sains,2.25,15.0,kg,McCoy's Curry Sauce Flavour Ridge Cut Potato Crisps x6 25g,20240413,food_cupboard,False,False,McCoy's Curry Sauce Flavour Ridge Cut Potato Crisps x6 25g,,,,,6.0,x_count,25.0,g,,False,,,,McCoy's Curry Sauce Flavour Ridge Cut Potato Crisps,mccoy s curry sauce flavour ridge cut potato crisps
Tesco,0.49,2.0,kg,Ms Molly's Chocolate Chip Cookies 250G,20240413,food_cupboard,True,False,Ms Molly's Chocolate Chip Cookies 250G,Ms Molly's,value,Ms Molly,,,,250.0,g,,False,,,,Chocolate Chip Cookies,chocolate chip cookies
ASDA,0.8,8.0,kg,ASDA Free From 13 Slightly Salted Rice Cakes,20240413,free-from,True,False,ASDA Free From 13 Slightly Salted Rice Cakes,ASDA Free From,dietary,Free From,,,,100.0,g,,True,,,,13 Slightly Salted Rice Cakes,13 slightly salted rice cakes
ASDA,1.2,3.0,kg,KTC Crispy Fried Onions 400g,20240413,food_cupboard,False,False,KTC Crispy Fried Onions 400g,,,,Ktc,,,400.0,g,,False,,,"{'cooking_method': ['fried'], 'texture': ['crispy']}",Crispy Fried Onions,crispy fried onions
Morrisons,1.3,6.8,kg,Morrisons Pimiento-Stuffed Olives (340g),20240413,food_cupboard,True,False,Morrisons Pimiento-Stuffed Olives (340g),Morrisons,standard,,,,,340.0,g,,False,,,,Pimiento-Stuffed Olives,pimiento stuffed olives
Tesco,1.99,0.13,unit,Tesco 15 Eggs,20240412,fresh_food,True,False,Tesco 15 Eggs,Tesco,standard,,,,,,,,False,,,,15 Eggs,15 eggs
ASDA,0.75,53.6,kg,Wrigley's Extra White Chewing Gum Sugar Free 10 Pieces,20240413,food_cupboard,False,False,Wrigley's Extra White Chewing Gum Sugar Free 10 Pieces,,,,Wrigley'S,10.0,bag_count,14.0,g,,True,diet,sugar free,{'bakery_type': ['white']},Extra White Chewing Gum,extra white chewing gum
ASDA,0.99,1.0,l,ASDA Pomegranate Juice Drink,20240413,drinks,True,False,ASDA Pomegranate Juice Drink,ASDA,standard,,,,,990.0,ml,,True,,,,Pomegranate Juice Drink,pomegranate juice drink
ASDA,0.8,4.3,kg,ASDA Pink Wafers,20240413,food_cupboard,True,False,ASDA Pink Wafers,ASDA,standard,,,,,186.0,g,,True,,,,Pink Wafers,pink wafers
Tesco,2.7,6.1,l,Tesco Free From Toffee & Vanilla Cones 4X110ml,20240406,frozen,True,False,Tesco Free From Toffee & Vanilla Cones 4X110ml,Tesco Free From,dietary,Free From,,4.0,count_x_size,440.0,ml,,False,,,,Toffee and Vanilla Cones,toffee and vanilla cones
Sains,1.7,13.6,kg,"Sainsbury's Earl Grey Decaff Tea Bags, Taste the Difference x50",20240413,food_cupboard,True,False,"Sainsbury's Earl Grey Decaff Tea Bags, Taste the Difference x50",Sainsbury's,standard,,,50.0,x_count,125.0,g,,True,,,,"Earl Grey Decaff Tea Bags, Taste the Difference",earl grey decaff tea bags taste the difference
ASDA,2.2,2.2,kg,Arla Skyr Natural Icelandic Style Yogurt,20240413,fresh_food,False,False,Arla Skyr Natural Icelandic Style Yogurt,,,,Arla,,,1000.0,g,,True,,,,Skyr Natural Icelandic Style Yogurt,skyr natural icelandic style yogurt
Morrisons,2.75,7.86,kg,Morrisons Takeaway Chinese Chicken Curry,20240413,frozen,True,False,Morrisons Takeaway Chinese Chicken Curry,Morrisons,standard,,,,,349.9,g,,True,,,,Takeaway Chinese Chicken Curry,takeaway chinese chicken curry
Morrisons,1.49,2.5,kg,Morrisons Casserole Vegetables,20240413,fresh_food,True,False,Morrisons Casserole Vegetables,Morrisons,standard,,,,,596.0,g,,True,,,,Casserole Vegetables,casserole vegetables
ASDA,1.59,0.8,kg,ASDA Fluffy & Golden Baking Potatoes 2kg,20240413,fresh_food,True,False,ASDA Fluffy & Golden Baking Potatoes 2kg,ASDA,standard,,,,,2000.0,g,,False,,,,Fluffy and Golden Baking Potatoes,fluffy and golden baking potatoes
ASDA,2.25,22.1,kg,Costa Creamy Cappuccino Sachets Drinks 6 x 17g (102g),20240413,drinks,False,False,Costa Creamy Cappuccino Sachets Drinks 6 x 17g (102g),,,,Costa,6.0,count_x_size,102.0,g,,False,,,{'texture': ['creamy']},Creamy Cappuccino Sachets Drinks,creamy cappuccino sachets drinks
Tesco,4.65,23.2,kg,Tesco Smoked Prosciutto & Salami Plat 200G,20240413,fresh_food,True,False,Tesco Smoked Prosciutto & Salami Plat 200G,Tesco,standard,,,,,200.0,g,,False,,,{'cooking_method': ['smoked']},Smoked Prosciutto and Salami Plat,smoked prosciutto and salami plat
ASDA,0.99,1.0,l,ASDA Exotic Juice Drink,20240413,drinks,True,False,ASDA Exotic Juice Drink,ASDA,standard,,,,,990.0,ml,,True,,,,Exotic Juice Drink,exotic juice drink
Sains,3.5,5.4,kg,"Alara Fruits & Seeds Muesli, Organic 650g",20240413,food_cupboard,False,False,"Alara Fruits & Seeds Muesli, Organic 650g",,,,,,,650.0,g,,False,organic,organic,,Alara Fruits and Seeds Muesli,alara fruits and seeds muesli
ASDA,3.0,12.0,kg,Rana Chicken & Smoked Pancetta Fresh Tortelloni,20240413,fresh_food,False,False,Rana Chicken & Smoked Pancetta Fresh Tortelloni,,,,,,,250.0,g,,True,,,"{'cooking_method': ['smoked'], 'cut_meat': ['pancetta']}",Rana Chicken and Smoked Pancetta Fresh Tortelloni,rana chicken and smoked pancetta fresh tortelloni
Morrisons,1.0,2.6,kg,Cirio Lentils (380g),20240413,food_cupboard,False,False,Cirio Lentils (380g),,,,Cirio,,,380.0,g,,False,,,,Lentils,lentils
Tesco,1.39,1.39,kg,Tesco Fusilli Whole Wheat Pasta 1Kg,20240413,food_cupboard,True,False,Tesco Fusilli Whole Wheat Pasta 1Kg,Tesco,standard,,,,,1000.0,g,,False,,,{'form': ['whole']},Fusilli Whole Wheat Pasta,fusilli whole wheat pasta
Morrisons,2.25,1.28,l,Morrisons Original Bitter Beer Cans 2.8%,20240413,drinks,True,False,Morrisons Original Bitter Beer Cans 2.8%,Morrisons,standard,,,,,1757.8,ml,,True,,,"{'flavor': ['bitter'], 'packaging': ['cans']}",Original Bitter Beer Cans 2.8%,original bitter beer cans 2 8
Morrisons,1.0,4.1,kg,Oreo Sandwich Biscuits Snowy…,20240114,food_cupboard,False,True,Oreo Sandwich Biscuits Snowy…,,,,Oreo,,,243.9,g,,True,,,,Sandwich Biscuits Snowy…,sandwich biscuits snowy
Sains,2.85,14.25,kg,Cathedral City Lactose Free Mature Cheese 200g,20240413,fresh_food,False,False,Cathedral City Lactose Free Mature Cheese 200g,,,,Cathedral City,,,200.0,g,,False,free_from,lactose free,{'maturity': ['mature']},Mature Cheese,mature cheese
ASDA,2.25,6.8,kg,Frubes Frubes Strawberry and Banana Flavour Yogurt Tubes,20240221,fresh_food,False,False,Frubes Frubes Strawberry and Banana Flavour Yogurt Tubes,,,,Frubes,,,330.9,g,,True,,,,Frubes Strawberry and Banana Flavour Yogurt Tubes,frubes strawberry and banana flavour yogurt tubes
ASDA,1.35,8.44,kg,ASDA Extra Special Hand Picked Tenderstem Broccoli,20240413,fresh_food,True,False,ASDA Extra Special Hand Picked Tenderstem Broccoli,ASDA Extra Special,premium,Extra Special,,,,160.0,g,,True,,,,Hand Picked Tenderstem Broccoli,hand picked tenderstem broccoli
Tesco,5.25,3.5,l,London Essence Original Indian Tonic Water 10X150ml,20240413,drinks,False,False,London Essence Original Indian Tonic Water 10X150ml,,,,,10.0,count_x_size,1500.0,ml,,False,,,,London Essence Original Indian Tonic Water,london essence original indian tonic water
Morrisons,1.25,13.9,kg,Milkybar,20240216,food_cupboard,False,False,Milkybar,,,,Milkybar,,,89.9,g,,True,,,,,
Tesco,1.0,56.0,kg,Tesco Italian Seasoning 18G ..,20240413,food_cupboard,True,False,Tesco Italian Seasoning 18G ..,Tesco,standard,,,,,18.0,g,,False,,,,Italian Seasoning,italian seasoning
Tesco,0.9,3.6,l,Tesco Seafood Sauce 250Ml,20240413,food_cupboard,True,False,Tesco Seafood Sauce 250Ml,Tesco,standard,,,,,250.0,ml,,False,,,,Seafood Sauce,seafood sauce
Morrisons,8.99,12.0,l,Filippo Berio Olive Oil,20240413,food_cupboard,False,False,Filippo Berio Olive Oil,,,,Filippo Berio,,,749.2,ml,,True,,,,Olive Oil,olive oil
Morrisons,4.25,5.65,l,Myton Hill Rose,20240201,drinks,False,False,Myton Hill Rose,,,,,,,752.2,ml,,True,,,,Myton Hill Rose,myton hill rose
Sains,7.0,35.9,kg,Kenco Gold Indulgence Instant Coffee 195g,20240413,food_cupboard,False,False,Kenco Gold Indulgence Instant Coffee 195g,,,,Kenco,,,195.0,g,,False,,,,Gold Indulgence Instant Coffee,gold indulgence instant coffee
Sains,3.0,7.5,kg,"Sainsbury's Grapes (Red or Black), SO Organic 400g",20240413,free-from,True,False,"Sainsbury's Grapes (Red or Black), SO Organic 400g",Sainsbury's,standard,,,,,400.0,g,,False,organic,organic,,"Grapes (Red or Black), SO",grapes red or black so
ASDA,3.0,15.8,kg,Marmite Oven Baked Peanuts,20240413,fresh_food,False,False,Marmite Oven Baked Peanuts,,,,Marmite,,,189.9,g,,True,,,{'cooking_method': ['baked']},Oven Baked Peanuts,oven baked peanuts
Sains,4.0,9.09,kg,Young's Breaded Cod Fillets x4 440g,20240413,fresh_food,False,False,Young's Breaded Cod Fillets x4 440g,,,,Young'S,4.0,x_count,440.0,g,,False,,,{'texture': ['breaded']},Breaded Cod Fillets,breaded cod fillets
Tesco,7.0,9.31,l,Jam Shed Australian Chardonnay 750Ml,20240413,drinks,False,False,Jam Shed Australian Chardonnay 750Ml,,,,Jam Shed,,,750.0,ml,,False,,,,Australian Chardonnay,australian chardonnay
Sains,4.5,2.3,l,Monster Energy Drink Ultra 4x500ml,20240413,food_cupboard,False,False,Monster Energy Drink Ultra 4x500ml,,,,Monster,4.0,count_x_size,2000.0,ml,,False,,,,Energy Drink Ultra,energy drink ultra
Sains,1.95,3.9,kg,Kellogg's Wheats Apricot Breakfast Cereal 500g,20240413,food_cupboard,False,False,Kellogg's Wheats Apricot Breakfast Cereal 500g,,,,Kellogg'S,,,500.0,g,,False,,,,Wheats Apricot Breakfast Cereal,wheats apricot breakfast cereal
Morrisons,1.45,3.2,kg,Morrisons Honey Skyr,20240413,fresh_food,True,False,Morrisons Honey Skyr,Morrisons,standard,,,,,453.1,g,,True,,,,Honey Skyr,honey skyr
Sains,0.65,16.3,kg,"Sainsbury's Chicken Casserole Recipe Mix, Inspired to Cook 40g",20240413,food_cupboard,True,False,"Sainsbury's Chicken Casserole Recipe Mix, Inspired to Cook 40g",Sainsbury's,standard,,,,,40.0,g,,False,,,,"Chicken Casserole Recipe Mix, Inspired to Cook",chicken casserole recipe mix inspired to cook
Sains,1.65,15.0,kg,Cadbury Dairy Milk Orange Giant Buttons Chocolate Bag 110g,20240208,food_cupboard,False,False,Cadbury Dairy Milk Orange Giant Buttons Chocolate Bag 110g,,,,Cadbury,,,110.0,g,,False,,,,Dairy Milk Orange Giant Buttons Chocolate Bag,dairy milk orange giant buttons chocolate bag
ASDA,4.0,4.0,unit,George Home Sipper Bottle - Grey,20240201,drinks,True,False,George Home Sipper Bottle - Grey,George Home,standard,,,,,,,,False,,,{'packaging': ['bottle']},Sipper Bottle - Grey,sipper bottle grey
Sains,1.5,4.2,kg,OaYeah! Feelgood Original Large Pancakes x6 360g,20240328,fresh_food,False,False,OaYeah! Feelgood Original Large Pancakes x6 360g,,,,,6.0,x_count,360.0,g,,False,,,,OaYeah! Feelgood Original Large Pancakes,oayeah feelgood original large pancakes
Sains,0.9,7.3,kg,Muller Corner Vanilla Yogurt With Chocolate Digestive Biscuits 124g,20240413,free-from,False,False,Muller Corner Vanilla Yogurt With Chocolate Digestive Biscuits 124g,,,,Muller,,,124.0,g,,False,,,,Corner Vanilla Yogurt With Chocolate Digestive Biscuits,corner vanilla yogurt with chocolate digestive biscuits
Tesco,1.8,12.0,l,Tesco Oyster Sauce 150Ml,20240413,food_cupboard,True,False,Tesco Oyster Sauce 150Ml,Tesco,standard,,,,,150.0,ml,,False,,,,Oyster Sauce,oyster sauce
ASDA,13.0,1.64,l,Carlsberg Danish Pilsner 18 x 440ml,20240413,drinks,False,False,Carlsberg Danish Pilsner 18 x 440ml,,,,Carlsberg,18.0,count_x_size,7920.0,ml,,False,,,,Danish Pilsner,danish pilsner
ASDA,1.2,0.3,unit,New York Bakery Co 4 Soft Seeded Bagel Thins,20240413,free-from,False,False,New York Bakery Co 4 Soft Seeded Bagel Thins,,,,New York Bakery Co,,,,,,False,,,"{'texture': ['soft'], 'bakery_type': ['seeded']}",4 Soft Seeded Bagel Thins,4 soft seeded bagel thins
Sains,10.0,10.0,unit,Large Dianthus Ceramic,20240309,fresh_food,False,False,Large Dianthus Ceramic,,,,,,,,,,False,,,,Large Dianthus Ceramic,large dianthus ceramic
Sains,3.0,6.0,kg,Renourish Immunity Kale Spinach & Turmeric Soup 500g,20240413,free-from,False,False,Renourish Immunity Kale Spinach & Turmeric Soup 500g,,,,,,,500.0,g,,False,,,,Renourish Immunity Kale Spinach and Turmeric Soup,renourish immunity kale spinach and turmeric soup
Tesco,2.7,18.0,kg,Wasabi Spicy Korean Chicken Pops 150g,20240413,fresh_food,False,False,Wasabi Spicy Korean Chicken Pops 150g,,,,Wasabi,,,150.0,g,,False,,,{'flavor': ['spicy']},Spicy Korean Chicken Pops,spicy korean chicken pops
Sains,1.95,1.3,l,Sainsbury's No Added Sugar Fruit Slurps Orange Juice Drink 6 x 250ml,20240413,drinks,True,False,Sainsbury's No Added Sugar Fruit Slurps Orange Juice Drink 6 x 250ml,Sainsbury's,standard,,,6.0,count_x_size,1500.0,ml,,False,diet,no added sugar,,Fruit Slurps Orange Juice Drink,fruit slurps orange juice drink
Morrisons,1.4,10.77,kg,Heinz Double Concen…,20240413,food_cupboard,False,True,Heinz Double Concen…,,,,Heinz,,,130.0,g,,True,,,,Double Concen…,double concen
Tesco,4.5,13.6,l,Magnum Mini White Chocolate & White Chocolate Almond Ice Cream Sticks 6x55ml,20240413,frozen,False,False,Magnum Mini White Chocolate & White Chocolate Almond Ice Cream Sticks 6x55ml,,,,Magnum,6.0,count_x_size,330.0,ml,,False,,,{'bakery_type': ['white']},Mini White Chocolate and White Chocolate Almond Ice Cream Sticks,mini white chocolate and white chocolate almond ice cream sticks
ASDA,4.3,10.6,kg,Benecol Blueberry,20240413,fresh_food,False,False,Benecol Blueberry,,,,Benecol,,,405.7,g,,True,,,,Blueberry,blueberry
Morrisons,3.0,7.7,kg,Morrisons Stewed Steak,20240413,food_cupboard,True,False,Morrisons Stewed Steak,Morrisons,standard,,,,,389.6,g,,True,,,{'cut_meat': ['steak']},Stewed Steak,stewed steak
Sains,9.0,0.15,unit,Vitabiotics Ultra Garlic 400mg Extract Tablets x60,20240413,free-from,False,False,Vitabiotics Ultra Garlic 400mg Extract Tablets x60,,,,,60.0,x_count,0.4,g,,False,,,,Vitabiotics Ultra Garlic Extract Tablets,vitabiotics ultra garlic extract tablets
Sains,6.0,3.41,l,Brooklyn Brewery Pilsner Crisp Lager x4 440ml,20240413,drinks,False,False,Brooklyn Brewery Pilsner Crisp Lager x4 440ml,,,,Brooklyn Brewery,4.0,x_count,440.0,ml,,False,,,,Pilsner Crisp Lager,pilsner crisp lager
Sains,2.75,26.19,kg,This Isn't Streaky Bacon Plant Based Rashers 105g,20240413,free-from,False,False,This Isn't Streaky Bacon Plant Based Rashers 105g,,,,,,,105.0,g,,False,diet,plant based,,This Isn't Streaky Bacon Rashers,this isn t streaky bacon rashers
ASDA,3.2,6.4,kg,ASDA Tomato & Pepperoni Pasta Salad,20240413,fresh_food,True,False,ASDA Tomato & Pepperoni Pasta Salad,ASDA,standard,,,,,500.0,g,,True,,,,Tomato and Pepperoni Pasta Salad,tomato and pepperoni pasta salad
Tesco,1.35,6.1,kg,Tesco Baby Spinach 220G,20240413,fresh_food,True,False,Tesco Baby Spinach 220G,Tesco,standard,,,,,220.0,g,,False,,,,Baby Spinach,baby spinach
Sains,3.0,7.89,kg,"Sainsbury's Mediterranean Vegetable Pasta Ready Meal For 1, Be Good To Yourself 380g",20240413,food_cupboard,True,False,"Sainsbury's Mediterranean Vegetable Pasta Ready Meal For 1, Be Good To Yourself 380g",Sainsbury's,standard,,,,,380.0,g,,False,preparation,ready meal,,"Mediterranean Vegetable Pasta For 1, Be Good To Yourself",mediterranean vegetable pasta for 1 be good to yourself
ASDA,2.75,11.0,kg,Captain Cook Dry Salted Skinless & Boneless Salt Fish,20240413,fresh_food,False,False,Captain Cook Dry Salted Skinless & Boneless Salt Fish,,,,,,,250.0,g,,True,,,"{'prep_meat_fish': ['boneless', 'skinless']}",Captain Cook Dry Salted Skinless and Boneless Salt Fish,captain cook dry salted skinless and boneless salt fish
Morrisons,1.0,5.0,kg,Cofresh London Mix,20240413,food_cupboard,False,False,Cofresh London Mix,,,,Cofresh,,,200.0,g,,True,,,,London Mix,london mix
Sains,1.7,18.89,kg,Sainsbury's Sun Dried Tomato Paste 90g,20240413,food_cupboard,True,False,Sainsbury's Sun Dried Tomato Paste 90g,Sainsbury's,standard,,,,,90.0,g,,False,,,{'form': ['paste']},Sun Dried Tomato Paste,sun dried tomato paste
Morrisons,6.0,13.2,kg,Cantu Shea Butter Leave-In Co…,20240413,food_cupboard,False,True,Cantu Shea Butter Leave-In Co…,,,,Cantu,,,454.5,g,,True,,,,Shea Butter Leave-In Co…,shea butter leave in co
Sains,6.0,4.55,l,Lucky Saint Hazy IPA Alcohol Free Can 4x330ml,20240409,free-from,False,False,Lucky Saint Hazy IPA Alcohol Free Can 4x330ml,,,,,4.0,count_x_size,1320.0,ml,,False,alcohol_marker,alcohol free,{'packaging': ['can']},Lucky Saint Hazy IPA Can,lucky saint hazy ipa can
ASDA,0.75,11.4,kg,Ainsley Harriott Goan Spiced Chicken Cup Soup,20240413,food_cupboard,False,False,Ainsley Harriott Goan Spiced Chicken Cup Soup,,,,Ainsley Harriott,,,65.8,g,,True,,,,Goan Spiced Chicken Cup Soup,goan spiced chicken cup soup
Morrisons,1.5,3.0,kg,Morrisons Trimmed Leeks,20240413,fresh_food,True,False,Morrisons Trimmed Leeks,Morrisons,standard,,,,,500.0,g,,True,,,,Trimmed Leeks,trimmed leeks
Sains,15.0,3.79,l,Brooklyn Brewery Brooklyn Pilsner Crisp Lager Beer 12x330ml,20240413,drinks,False,False,Brooklyn Brewery Brooklyn Pilsner Crisp Lager Beer 12x330ml,,,,Brooklyn Brewery,12.0,count_x_size,3960.0,ml,,False,,,,Brooklyn Pilsner Crisp Lager Beer,brooklyn pilsner crisp lager beer
ASDA,0.58,1.5,kg,JUST ESSENTIALS by ASDA Custard,20240413,food_cupboard,True,False,JUST ESSENTIALS by ASDA Custard,Just Essentials by ASDA,value,Just Essentials,,,,386.7,g,,True,,,,Custard,custard
Sains,1.75,1.8,l,"Sainsbury's High Juice Blackcurrant Squash, No Added Sugar 1L",20240413,drinks,True,False,"Sainsbury's High Juice Blackcurrant Squash, No Added Sugar 1L",Sainsbury's,standard,,,,,1000.0,ml,,False,diet,no added sugar,,High Juice Blackcurrant Squash,high juice blackcurrant squash
Sains,4.0,4.0,l,Fever-Tree Sparkling Mexican Lime 4x250ml,20240413,drinks,False,False,Fever-Tree Sparkling Mexican Lime 4x250ml,,,,Fever-Tree,4.0,count_x_size,1000.0,ml,,False,,,,Sparkling Mexican Lime,sparkling mexican lime
Morrisons,8.0,10.64,l,Wolf Blass Red Label Shiraz Cabernet,20240413,drinks,False,False,Wolf Blass Red Label Shiraz Cabernet,,,,Wolf Blass,,,751.9,ml,,True,,,,Red Label Shiraz Cabernet,red label shiraz cabernet
ASDA,0.9,7.2,kg,ASDA Scottish Mackerel Fillets in Brine,20240413,food_cupboard,True,False,ASDA Scottish Mackerel Fillets in Brine,ASDA,standard,,,,,125.0,g,,True,,,,Scottish Mackerel Fillets in Brine,scottish mackerel fillets in brine
Tesco,19.0,38.0,l,Jägermeister Cold Brew Coffee Liqueur 50cl,20240121,drinks,False,False,Jägermeister Cold Brew Coffee Liqueur 50cl,,,,,,,500.0,ml,,False,,,,Jägermeister Cold Brew Coffee Liqueur,jagermeister cold brew coffee liqueur
Sains,2.6,6.63,kg,Grant's Premium Stewed Steak 392g,20240413,food_cupboard,False,False,Grant's Premium Stewed Steak 392g,,,,,,,392.0,g,,False,,,{'cut_meat': ['steak']},Grant's Premium Stewed Steak,grant s premium stewed steak
Tesco,1.75,2.4,l,Shloer Winter Spiced Punch Sparkling 750Ml,20240309,drinks,False,False,Shloer Winter Spiced Punch Sparkling 750Ml,,,,Shloer,,,750.0,ml,,False,,,,Winter Spiced Punch Sparkling,winter spiced punch sparkling
ASDA,8.0,106.64,l,Greasy Fingers Luscious Red 750ml,20240413,drinks,False,False,Greasy Fingers Luscious Red 750ml,,,,,,,750.0,ml,,False,,,,Greasy Fingers Luscious Red,greasy fingers luscious red
Sains,0.95,6.3,kg,Ambrosia Devon Custard Pot 150g,20240413,food_cupboard,False,False,Ambrosia Devon Custard Pot 150g,,,,Ambrosia,,,150.0,g,,False,,,,Devon Custard Pot,devon custard pot
Sains,25.0,35.71,l,Bacardi Caribbean Spiced Premium Rum 70cl,20240413,drinks,False,False,Bacardi Caribbean Spiced Premium Rum 70cl,,,,Bacardi,,,700.0,ml,,False,,,,Caribbean Spiced Premium Rum,caribbean spiced premium rum
Sains,1.5,0.38,unit,"Sainsbury's Fruity Hot Cross Buns, Taste the Difference x4 280g",20240413,bakery,True,False,"Sainsbury's Fruity Hot Cross Buns, Taste the Difference x4 280g",Sainsbury's,standard,,,4.0,x_count,280.0,g,,False,,,{'flavor': ['hot']},"Fruity Hot Cross Buns, Taste the Difference",fruity hot cross buns taste the difference
Sains,2.75,12.8,kg,Maille Dijon Original Mustard 215g,20240413,food_cupboard,False,False,Maille Dijon Original Mustard 215g,,,,Maille,,,215.0,g,,False,,,,Dijon Original Mustard,dijon original mustard
Tesco,4.75,3.6,l,Old Mout Berries & Cherries Flavoured Cider 4x330ml,20240412,drinks,False,False,Old Mout Berries & Cherries Flavoured Cider 4x330ml,,,,Old Mout,4.0,count_x_size,1320.0,ml,,False,,,,Berries and Cherries Flavoured Cider,berries and cherries flavoured cider
Tesco,2.9,4.8,kg,Tesco Double Chocolate Gateau 600G,20240413,frozen,True,False,Tesco Double Chocolate Gateau 600G,Tesco,standard,,,,,600.0,g,,False,,,,Double Chocolate Gateau,double chocolate gateau
ASDA,3.75,18.75,kg,Whitby Seafoods Wholetail Scampi,20240413,frozen,False,False,Whitby Seafoods Wholetail Scampi,,,,,,,200.0,g,,True,,,,Whitby Seafoods Wholetail Scampi,whitby seafoods wholetail scampi
Sains,1.3,10.0,kg,Sainsbury's Salt & Vinegar Corn & Rice Cakes 130g,20240413,food_cupboard,True,False,Sainsbury's Salt & Vinegar Corn & Rice Cakes 130g,Sainsbury's,standard,,,,,130.0,g,,False,,,,Salt and Vinegar Corn and Rice Cakes,salt and vinegar corn and rice cakes
Morrisons,2.25,12.0,l,Blossom Hill White Wine,20240413,drinks,False,False,Blossom Hill White Wine,,,,Blossom Hill,,,187.5,ml,,True,,,{'bakery_type': ['white']},White Wine,white wine
ASDA,3.2,11.03,kg,ASDA Extra Special 2 Cod Fishcakes with Roasted Tomato & Mozzarella,20240413,fresh_food,True,False,ASDA Extra Special 2 Cod Fishcakes with Roasted Tomato & Mozzarella,ASDA Extra Special,premium,Extra Special,,,,290.1,g,,True,,,{'cooking_method': ['roasted']},2 Cod Fishcakes with Roasted Tomato and Mozzarella,2 cod fishcakes with roasted tomato and mozzarella
ASDA,4.5,22.5,kg,Options Vegan Belgian Hot Choc 200g,20240413,drinks,False,False,Options Vegan Belgian Hot Choc 200g,,,,,,,200.0,g,,False,diet,vegan,{'flavor': ['hot']},Options Belgian Hot Choc,options belgian hot choc
Tesco,1.1,24.4,kg,Mccoy's Epic Eats Nacho Cheese Crisps 45G,20240412,food_cupboard,False,False,Mccoy's Epic Eats Nacho Cheese Crisps 45G,,,,,,,45.0,g,,False,,,,Mccoy's Epic Eats Nacho Cheese Crisps,mccoy s epic eats nacho cheese crisps
ASDA,1.5,16.7,kg,Reese's Peanut Butter Bar 90g,20240413,food_cupboard,False,False,Reese's Peanut Butter Bar 90g,,,,Reese'S,,,90.0,g,,False,,,,Peanut Butter Bar,peanut butter bar
Tesco,0.7,15.6,kg,Cheezees Jalapeno 45G 45G,20240413,food_cupboard,False,False,Cheezees Jalapeno 45G 45G,,,,,,,45.0,g,,False,,,,Cheezees Jalapeno,cheezees jalapeno
Morrisons,5.25,13.13,kg,Morrisons All Day Breakfast,20240413,fresh_food,True,False,Morrisons All Day Breakfast,Morrisons,standard,,,,,399.8,g,,True,,,,All Day Breakfast,all day breakfast
Morrisons,5.0,9.8,kg,Morrisons Slow Cooked Bourbon…,20240413,fresh_food,True,True,Morrisons Slow Cooked Bourbon…,Morrisons,standard,,,,,510.2,g,,True,,,,Slow Cooked Bourbon…,slow cooked bourbon
Morrisons,2.5,4.2,kg,Sweeties Jelly Mix,20240409,food_cupboard,False,False,Sweeties Jelly Mix,,,,,,,595.2,g,,True,,,,Sweeties Jelly Mix,sweeties jelly mix
Sains,2.5,3.97,l,Singha Premium Thai Lager 630ml,20240413,drinks,False,False,Singha Premium Thai Lager 630ml,,,,Singha,,,630.0,ml,,False,,,,Premium Thai Lager,premium thai lager
ASDA,7.25,96.64,l,ASDA Extra Special Côtes de Gascogne,20240306,drinks,True,False,ASDA Extra Special Côtes de Gascogne,ASDA Extra Special,premium,Extra Special,,,,75.0,ml,,True,,,,Côtes de Gascogne,cotes de gascogne
Tesco,1.9,12.7,kg,Al'fez Falafel 150G,20240413,food_cupboard,False,False,Al'fez Falafel 150G,,,,Al'Fez,,,150.0,g,,False,,,,Falafel,falafel
Morrisons,0.89,0.4,l,Morrisons Cola Zero Sugar,20240413,drinks,True,False,Morrisons Cola Zero Sugar,Morrisons,standard,,,,,2225.0,ml,,True,,,,Cola Zero Sugar,cola zero sugar
Sains,2.0,2.0,unit,Sainsbury's Cantaloupe Melon,20240413,fresh_food,True,False,Sainsbury's Cantaloupe Melon,Sainsbury's,standard,,,,,,,,False,,,,Cantaloupe Melon,cantaloupe melon
ASDA,4.0,37.0,kg,Tassimo Costa Americano Coffee Pods x 12,20240413,drinks,False,False,Tassimo Costa Americano Coffee Pods x 12,,,,Tassimo,12.0,x_count,108.1,g,,True,,,,Costa Americano Coffee Pods,costa americano coffee pods
Tesco,3.1,20.7,l,Sharwoods Real Oyster Sauce 150Ml,20240330,food_cupboard,False,False,Sharwoods Real Oyster Sauce 150Ml,,,,Sharwoods,,,150.0,ml,,False,,,,Real Oyster Sauce,real oyster sauce
Morrisons,2.05,1.9,kg,McDougalls Self Raising Flour,20240413,food_cupboard,False,False,McDougalls Self Raising Flour,,,,,,,1078.9,g,,True,,,,McDougalls Self Raising Flour,mcdougalls self raising flour
Sains,2.0,8.0,kg,Ben's Original One Pan Creations Spanish Paella Style 250g,20240413,food_cupboard,False,False,Ben's Original One Pan Creations Spanish Paella Style 250g,,,,Ben'S Original,,,250.0,g,,False,,,,One Pan Creations Spanish Paella Style,one pan creations spanish paella style
ASDA,6.0,6.0,l,TRIP CBD Infused Peach Ginger Cans,20240413,drinks,False,False,TRIP CBD Infused Peach Ginger Cans,,,,,,,1000.0,ml,,True,,,{'packaging': ['cans']},TRIP CBD Infused Peach Ginger Cans,trip cbd infused peach ginger cans
Tesco,0.45,8.2,kg,Tesco Instant Oats Cinnamon Porridge 55G,20240413,food_cupboard,True,False,Tesco Instant Oats Cinnamon Porridge 55G,Tesco,standard,,,,,55.0,g,,False,,,,Instant Oats Cinnamon Porridge,instant oats cinnamon porridge
Tesco,3.49,5.5,kg,Chicago Town Large Takeaway Cheese Pizza 630G,20240413,frozen,False,False,Chicago Town Large Takeaway Cheese Pizza 630G,,,,Chicago Town,,,630.0,g,,False,,,,Large Takeaway Cheese Pizza,large takeaway cheese pizza
Morrisons,3.99,399.0,l,Vampire Vape Pinkman 6mg,20240413,drinks,False,False,Vampire Vape Pinkman 6mg,,,,,,,10.0,ml,,True,,,,Vampire Vape Pinkman 6mg,vampire vape pinkman 6mg
Tesco,5.0,26.0,kg,Little Moons Refreshos Vegan Blood Orange & Pink Grapefruit Mochi Sorbet 6x32g,20240413,frozen,False,False,Little Moons Refreshos Vegan Blood Orange & Pink Grapefruit Mochi Sorbet 6x32g,,,,Little Moons,6.0,count_x_size,192.0,g,,False,diet,vegan,,Refreshos Blood Orange and Pink Grapefruit Mochi Sorbet,refreshos blood orange and pink grapefruit mochi sorbet
Sains,3.0,13.64,kg,VFC Original Recipe Crispy Popcorn Chicken 220g,20240413,free-from,False,False,VFC Original Recipe Crispy Popcorn Chicken 220g,,,,,,,220.0,g,,False,,,{'texture': ['crispy']},VFC Original Recipe Crispy Popcorn Chicken,vfc original recipe crispy popcorn chicken
Tesco,3.8,3.8,unit,Tesco Cinnamon Tear And Share Bun,20240413,bakery,True,False,Tesco Cinnamon Tear And Share Bun,Tesco,standard,,,,,,,,False,,,,Cinnamon Tear And Share Bun,cinnamon tear and share bun
ASDA,2.25,4.5,kg,ASDA Extra Special Fat Free Authentic Greek Yogurt,20240413,fresh_food,True,False,ASDA Extra Special Fat Free Authentic Greek Yogurt,ASDA Extra Special,premium,Extra Special,,,,500.0,g,,True,diet,fat free,,Authentic Greek Yogurt,authentic greek yogurt
Tesco,4.0,6.1,kg,Kellogg's Rice Krispies Cereal 660G,20240413,food_cupboard,False,False,Kellogg's Rice Krispies Cereal 660G,,,,Kellogg'S,,,660.0,g,,False,,,,Rice Krispies Cereal,rice krispies cereal
Morrisons,5.75,3.27,l,Thatchers Somerset Haze Cider Cans,20240412,drinks,False,False,Thatchers Somerset Haze Cider Cans,,,,Thatchers,,,1758.4,ml,,True,,,{'packaging': ['cans']},Somerset Haze Cider Cans,somerset haze cider cans
Tesco,1.0,8.0,kg,Eastmans Wafer Thin Cooked Ham 125G,20240413,fresh_food,False,False,Eastmans Wafer Thin Cooked Ham 125G,Eastmans,value,Eastmans,,,,125.0,g,,False,,,{'texture': ['thin']},Wafer Thin Cooked Ham,wafer thin cooked ham
ASDA,40.0,57.14,l,Aberlour 12 Years Old Speyside Single Malt Scotch Whisky,20240413,drinks,False,False,Aberlour 12 Years Old Speyside Single Malt Scotch Whisky,,,,,,,700.0,ml,,True,,,,Aberlour 12 Years Old Speyside Single Malt Scotch Whisky,aberlour 12 years old speyside single malt scotch whisky
ASDA,1.75,11.7,l,Blue Dragon Oyster Sauce,20240413,food_cupboard,False,False,Blue Dragon Oyster Sauce,,,,Blue Dragon,,,149.6,ml,,True,,,,Oyster Sauce,oyster sauce
ASDA,3.25,13.54,kg,ASDA Extra Special Oak Smoked Back Bacon Dry Cured 8 Rashers,20240413,fresh_food,True,False,ASDA Extra Special Oak Smoked Back Bacon Dry Cured 8 Rashers,ASDA Extra Special,premium,Extra Special,,,,240.0,g,,True,,,{'cooking_method': ['smoked']},Oak Smoked Back Bacon Dry Cured 8 Rashers,oak smoked back bacon dry cured 8 rashers
ASDA,2.5,2.5,unit,George Home Cat Dad Single Mug,20240413,drinks,True,False,George Home Cat Dad Single Mug,George Home,standard,,,,,,,,False,,,,Cat Dad Single Mug,cat dad single mug
Morrisons,3.25,18.1,kg,Morrisons The Best 2 Smoked Salmon Verrines,20240218,fresh_food,True,False,Morrisons The Best 2 Smoked Salmon Verrines,Morrisons The Best,premium,The Best,,,,179.6,g,,True,,,{'cooking_method': ['smoked']},2 Smoked Salmon Verrines,2 smoked salmon verrines
Sains,2.0,33.3,l,Unrooted Good Gut Apple Cider Vinegar & Ginger Shot 60ml,20240413,drinks,False,False,Unrooted Good Gut Apple Cider Vinegar & Ginger Shot 60ml,,,,,,,60.0,ml,,False,,,,Unrooted Good Gut Apple Cider Vinegar and Ginger Shot,unrooted good gut apple cider vinegar and ginger shot
Tesco,1.8,3.6,kg,Tesco Red Seedless Grapes 500G,20240413,fresh_food,True,False,Tesco Red Seedless Grapes 500G,Tesco,standard,,,,,500.0,g,,False,,,{'prep_produce': ['seedless']},Red Seedless Grapes,red seedless grapes
Morrisons,1.89,4.73,kg,Morrisons Italian Sausage Pasta Bake,20240413,frozen,True,False,Morrisons Italian Sausage Pasta Bake,Morrisons,standard,,,,,399.6,g,,True,,,{'cut_meat': ['sausage']},Italian Sausage Pasta Bake,italian sausage pasta bake
ASDA,24.0,319.92,l,Nicolas Feuillatte Champagne Sélection Brut,20240413,drinks,False,False,Nicolas Feuillatte Champagne Sélection Brut,,,,,,,75.0,ml,,True,,,,Nicolas Feuillatte Champagne Sélection Brut,nicolas feuillatte champagne selection brut
Morrisons,1.95,6.5,kg,Morrisons Free From Rice Pops,20240413,free-from,True,False,Morrisons Free From Rice Pops,Morrisons Free From,dietary,Free From,,,,300.0,g,,True,,,,Rice Pops,rice pops
Sains,2.75,39.3,kg,Wrigley's Extra Cool Breeze 70g,20240413,food_cupboard,False,False,Wrigley's Extra Cool Breeze 70g,,,,Wrigley'S,,,70.0,g,,False,,,,Extra Cool Breeze,extra cool breeze
Tesco,22.0,22.0,l,Bailey's Original Irish Cream Liqueur Bottle 17% Vol 1L,20240413,drinks,False,False,Bailey's Original Irish Cream Liqueur Bottle 17% Vol 1L,,,,,,,1000.0,ml,17.0,False,,,{'packaging': ['bottle']},Bailey's Original Irish Cream Liqueur Bottle,bailey s original irish cream liqueur bottle
Tesco,2.49,4.98,kg,Tesco Chicken Mince 5% Fat 500G,20240413,fresh_food,True,False,Tesco Chicken Mince 5% Fat 500G,Tesco,standard,,,,,500.0,g,5.0,False,,,{'cut_meat': ['mince']},Chicken Mince Fat,chicken mince fat
Tesco,3.75,9.4,kg,Tesco Finest Camembert Centred Quiche 400g,20240413,fresh_food,True,False,Tesco Finest Camembert Centred Quiche 400g,Tesco Finest,premium,Finest,,,,400.0,g,,False,,,,Camembert Centred Quiche,camembert centred quiche
ASDA,0.45,4.5,kg,JUST ESSENTIALS by ASDA Dark Chocolate Sharing Bar,20240413,food_cupboard,True,False,JUST ESSENTIALS by ASDA Dark Chocolate Sharing Bar,Just Essentials by ASDA,value,Just Essentials,,,,100.0,g,,True,,,,Dark Chocolate Sharing Bar,dark chocolate sharing bar
Morrisons,1.0,14.3,kg,Fridge Raiders Hot & Spicy Chicken Bites,20240413,fresh_food,False,False,Fridge Raiders Hot & Spicy Chicken Bites,,,,Fridge Raiders,,,69.9,g,,True,,,"{'flavor': ['spicy', 'hot']}",Hot and Spicy Chicken Bites,hot and spicy chicken bites
Sains,2.0,5.3,kg,Blue Dragon Mild Thai Sweet Chilli Sauce 380g,20240413,food_cupboard,False,False,Blue Dragon Mild Thai Sweet Chilli Sauce 380g,,,,Blue Dragon,,,380.0,g,,False,,,"{'flavor': ['sweet', 'mild'], 'maturity': ['mild']}",Mild Thai Sweet Chilli Sauce,mild thai sweet chilli sauce
Sains,4.25,18.89,kg,Sainsbury's British or Irish 21 Day Matured Ribeye Steak 225g,20240413,fresh_food,True,False,Sainsbury's British or Irish 21 Day Matured Ribeye Steak 225g,Sainsbury's,standard,,,,,225.0,g,,False,,,{'cut_meat': ['steak']},British or Irish 21 Day Matured Ribeye Steak,british or irish 21 day matured ribeye steak
Tesco,2.85,2.85,unit,Tesco Pesto Chicken And Sundried Tomato Wrap,20240412,fresh_food,True,False,Tesco Pesto Chicken And Sundried Tomato Wrap,Tesco,standard,,,,,,,,False,,,,Pesto Chicken And Sundried Tomato Wrap,pesto chicken and sundried tomato wrap
ASDA,1.45,6.4,kg,ASDA Snack Size Chocolate Nutty Bars 6 Pack,20240413,food_cupboard,True,False,ASDA Snack Size Chocolate Nutty Bars 6 Pack,ASDA,standard,,,6.0,count_pack,226.6,g,,True,,,,Snack Size Chocolate Nutty Bars,snack size chocolate nutty bars
Sains,3.0,6.3,l,"Sainsbury's Iced Coffee Ice Cream, Taste the Difference 480ml",20240413,free-from,True,False,"Sainsbury's Iced Coffee Ice Cream, Taste the Difference 480ml",Sainsbury's,standard,,,,,480.0,ml,,False,,,,"Iced Coffee Ice Cream, Taste the Difference",iced coffee ice cream taste the difference
Tesco,0.65,8.7,kg,Princes Tuna & Mayonnaise Paste 75G,20240413,food_cupboard,False,False,Princes Tuna & Mayonnaise Paste 75G,,,,Princes,,,75.0,g,,False,,,{'form': ['paste']},Tuna and Mayonnaise Paste,tuna and mayonnaise paste
ASDA,2.5,11.01,kg,Birds Eye 4 Beef Burgers with Plant Protein and Onion 227g,20240413,frozen,False,False,Birds Eye 4 Beef Burgers with Plant Protein and Onion 227g,,,,Birds Eye,,,227.0,g,,False,,,{'cut_meat': ['burgers']},4 Beef Burgers with Plant Protein and Onion,4 beef burgers with plant protein and onion
Tesco,1.25,1.2,kg,Tesco Scottish Oats Porridge 1Kg,20240413,food_cupboard,True,False,Tesco Scottish Oats Porridge 1Kg,Tesco,standard,,,,,1000.0,g,,False,,,,Scottish Oats Porridge,scottish oats porridge
Sains,2.5,1.2,l,"Vimto Sparkling, No Added Sugar 6x330ml",20240413,drinks,False,False,"Vimto Sparkling, No Added Sugar 6x330ml",,,,Vimto,6.0,count_x_size,1980.0,ml,,False,diet,no added sugar,,Sparkling,sparkling
ASDA,1.25,0.25,unit,The BAKERY at ASDA 5 Milk Chocolate Chip Cookies,20240413,bakery,True,False,The BAKERY at ASDA 5 Milk Chocolate Chip Cookies,The BAKERY at ASDA,standard,,,,,,,,False,,,,5 Milk Chocolate Chip Cookies,5 milk chocolate chip cookies
Tesco,3.3,13.2,l,Tesco Olive Oil 250Ml,20240413,food_cupboard,True,False,Tesco Olive Oil 250Ml,Tesco,standard,,,,,250.0,ml,,False,,,,Olive Oil,olive oil
Sains,3.6,10.3,kg,Sainsbury's Bakewell Tart Dessert 350g,20240413,fresh_food,True,False,Sainsbury's Bakewell Tart Dessert 350g,Sainsbury's,standard,,,,,350.0,g,,False,,,,Bakewell Tart Dessert,bakewell tart dessert
ASDA,2.95,11.8,kg,Belvita Breakfast Biscuits Soft Bakes Filled Strawberry 5pk,20240413,food_cupboard,False,False,Belvita Breakfast Biscuits Soft Bakes Filled Strawberry 5pk,,,,Belvita,5.0,count_pk,250.0,g,,True,,,{'texture': ['soft']},Breakfast Biscuits Soft Bakes Filled Strawberry,breakfast biscuits soft bakes filled strawberry
Sains,3.15,53.0,kg,Sainsbury's Oregano 60g,20240413,food_cupboard,True,False,Sainsbury's Oregano 60g,Sainsbury's,standard,,,,,60.0,g,,False,,,,Oregano,oregano
Morrisons,3.5,19.4,kg,Walnut Whip Milk Chocolate Multipack,20240116,food_cupboard,False,False,Walnut Whip Milk Chocolate Multipack,,,,,,,180.4,g,,True,,,{'packaging': ['multipack']},Walnut Whip Milk Chocolate Multipack,walnut whip milk chocolate multipack
ASDA,2.5,7.14,kg,Wai Wai X-Press Instant Noodles Creamy Chicken Flavour 350g,20240413,food_cupboard,False,False,Wai Wai X-Press Instant Noodles Creamy Chicken Flavour 350g,,,,,,,350.0,g,,False,,,{'texture': ['creamy']},Wai Wai X-Press Instant Noodles Creamy Chicken Flavour,wai wai x press instant noodles creamy chicken flavour
Sains,7.5,9.98,l,La Patrie Cahors Malbec 75cl,20240413,drinks,False,False,La Patrie Cahors Malbec 75cl,,,,,,,750.0,ml,,False,,,,La Patrie Cahors Malbec,la patrie cahors malbec
Sains,4.5,15.0,kg,"Sainsbury's Shawarma Chicken & Tabbouleh Salad, Summer Edition, Taste the Difference 300g",20240413,fresh_food,True,False,"Sainsbury's Shawarma Chicken & Tabbouleh Salad, Summer Edition, Taste the Difference 300g",Sainsbury's,standard,,,,,300.0,g,,False,,,,"Shawarma Chicken and Tabbouleh Salad, Summer Edition, Taste the Difference",shawarma chicken and tabbouleh salad summer edition taste the difference
Tesco,3.0,21.4,kg,Pulsin High Fibre Brownie Hazelnut 4X35g,20240413,food_cupboard,False,False,Pulsin High Fibre Brownie Hazelnut 4X35g,,,,,4.0,count_x_size,140.0,g,,False,,,,Pulsin High Fibre Brownie Hazelnut,pulsin high fibre brownie hazelnut
Tesco,1.5,1.7,l,Lucozade Energy Caribbean Crush 900Ml,20240413,drinks,False,False,Lucozade Energy Caribbean Crush 900Ml,,,,Lucozade,,,900.0,ml,,False,,,,Energy Caribbean Crush,energy caribbean crush
Tesco,2.9,4.14,l,Smirnoff Ice Tropical Ready To Drink Premix Bottle 70cl,20240209,drinks,False,False,Smirnoff Ice Tropical Ready To Drink Premix Bottle 70cl,,,,Smirnoff,,,700.0,ml,,False,,,{'packaging': ['bottle']},Ice Tropical Ready To Drink Premix Bottle,ice tropical ready to drink premix bottle
ASDA,2.1,21.0,kg,ASDA Chopped Hazelnuts,20240413,food_cupboard,True,False,ASDA Chopped Hazelnuts,ASDA,standard,,,,,100.0,g,,True,,,{'form': ['chopped']},Chopped Hazelnuts,chopped hazelnuts
Morrisons,3.75,10.0,kg,Morrisons Butter Chicken & Pilau Rice,20240413,fresh_food,True,False,Morrisons Butter Chicken & Pilau Rice,Morrisons,standard,,,,,375.0,g,,True,,,,Butter Chicken and Pilau Rice,butter chicken and pilau rice
ASDA,2.5,2.5,unit,George Home Gold Tablecover,20240413,fresh_food,True,False,George Home Gold Tablecover,George Home,standard,,,,,,,,False,,,,Gold Tablecover,gold tablecover
ASDA,1.3,12.5,kg,Naked Big Eat Noodle Thai Style Fiery Chicken Panang,20240413,food_cupboard,False,False,Naked Big Eat Noodle Thai Style Fiery Chicken Panang,,,,Naked,,,104.0,g,,True,,,,Big Eat Noodle Thai Style Fiery Chicken Panang,big eat noodle thai style fiery chicken panang
Sains,1.15,3.83,kg,"Sainsbury's Broccoli, SO Organic 300g",20240413,free-from,True,False,"Sainsbury's Broccoli, SO Organic 300g",Sainsbury's,standard,,,,,300.0,g,,False,organic,organic,,"Broccoli, SO",broccoli so
Sains,1.5,16.7,kg,Proper Corn Sweet Cinnamon Popcorn 90g,20240411,free-from,False,False,Proper Corn Sweet Cinnamon Popcorn 90g,,,,,,,90.0,g,,False,,,{'flavor': ['sweet']},Proper Corn Sweet Cinnamon Popcorn,proper corn sweet cinnamon popcorn
Morrisons,1.09,13.6,kg,Morrisons Italian Style Salad,20240413,fresh_food,True,False,Morrisons Italian Style Salad,Morrisons,standard,,,,,80.1,g,,True,,,,Italian Style Salad,italian style salad
Morrisons,1.5,0.7,l,Sprite No Sugar,20240404,drinks,False,False,Sprite No Sugar,,,,Sprite,,,2142.9,ml,,True,,,,No Sugar,no sugar
Tesco,3.0,18.8,kg,Tesco Sweet Chilli Roast Chicken Slices 160g,20240412,fresh_food,True,False,Tesco Sweet Chilli Roast Chicken Slices 160g,Tesco,standard,,,,,160.0,g,,False,,,{'flavor': ['sweet']},Sweet Chilli Roast Chicken Slices,sweet chilli roast chicken slices
ASDA,2.0,12.5,kg,Fox's Fabulous Indulgent Centre Cookies Triple Chocolate,20240413,food_cupboard,False,False,Fox's Fabulous Indulgent Centre Cookies Triple Chocolate,,,,Fox'S,,,160.0,g,,True,,,,Fabulous Indulgent Centre Cookies Triple Chocolate,fabulous indulgent centre cookies triple chocolate
Tesco,2.5,7.81,kg,Weight Watchers Salmon & Broccoli Melt 320G,20240413,frozen,False,False,Weight Watchers Salmon & Broccoli Melt 320G,,,,Weight Watchers,,,320.0,g,,False,,,,Salmon and Broccoli Melt,salmon and broccoli melt
Morrisons,0.99,4.9,kg,Mars Large Egg,20240413,food_cupboard,False,False,Mars Large Egg,,,,Mars,,,202.0,g,,True,,,,Large Egg,large egg
Tesco,3.25,1.1,l,Tesco Apple/Blackcurrant Juice (No Added Sugar) 12X250ml,20240413,drinks,True,False,Tesco Apple/Blackcurrant Juice (No Added Sugar) 12X250ml,Tesco,standard,,,12.0,count_x_size,3000.0,ml,,False,diet,no added sugar,,Apple/Blackcurrant Juice,apple blackcurrant juice
Sains,2.5,9.09,l,Bottlegreen Elderflower Vodka Spritz 250ml,20240413,drinks,False,False,Bottlegreen Elderflower Vodka Spritz 250ml,,,,Bottlegreen,,,250.0,ml,,False,,,,Elderflower Vodka Spritz,elderflower vodka spritz
ASDA,10.0,2.84,l,Guinness Draught Stout Beer 8 x Can (food pack),20240413,drinks,False,False,Guinness Draught Stout Beer 8 x Can (food pack),,,,Guinness,,,3521.1,ml,,True,,,{'packaging': ['can']},Draught Stout Beer 8 x Can (food pack),draught stout beer 8 x can food pack
ASDA,2.0,7.4,kg,ASDA Hedgehog Biscuit Kit 270g,20240413,food_cupboard,True,False,ASDA Hedgehog Biscuit Kit 270g,ASDA,standard,,,,,270.0,g,,False,,,,Hedgehog Biscuit Kit,hedgehog biscuit kit
Tesco,1.45,29.6,kg,Tic Tac Fresh Mint 49G,20240413,food_cupboard,False,False,Tic Tac Fresh Mint 49G,,,,Tic Tac,,,49.0,g,,False,,,,Fresh Mint,fresh mint
ASDA,2.75,3.8,kg,ASDA Classic Runny Honey 720g,20240413,food_cupboard,True,False,ASDA Classic Runny Honey 720g,ASDA,standard,,,,,720.0,g,,False,,,,Classic Runny Honey,classic runny honey
ASDA,0.95,25.0,kg,Maggi So Juicy Aromatic and Peppery Cajun Chicken Herbs and Spices Recipe Mix,20240413,food_cupboard,False,False,Maggi So Juicy Aromatic and Peppery Cajun Chicken Herbs and Spices Recipe Mix,,,,Maggi,,,38.0,g,,True,,,,So Juicy Aromatic and Peppery Cajun Chicken Herbs and Spices Recipe Mix,so juicy aromatic and peppery cajun chicken herbs and spices recipe mix
Tesco,3.5,7.3,l,Extreme Raspberry With Cream 250Ml,20240229,frozen,False,False,Extreme Raspberry With Cream 250Ml,,,,,,,250.0,ml,,False,,,,Extreme Raspberry With Cream,extreme raspberry with cream
Tesco,2.7,27.0,kg,Tesco Rock Salt Grinder 100G,20240413,food_cupboard,True,False,Tesco Rock Salt Grinder 100G,Tesco,standard,,,,,100.0,g,,False,,,,Rock Salt Grinder,rock salt grinder
Tesco,1.85,14.7,kg,Dalgety Instant Ginger Tea 126G,20240413,food_cupboard,False,False,Dalgety Instant Ginger Tea 126G,,,,,,,126.0,g,,False,,,,Dalgety Instant Ginger Tea,dalgety instant ginger tea
ASDA,8.0,106.64,l,Cune Rioja,20240413,drinks,False,False,Cune Rioja,,,,,,,75.0,ml,,True,,,,Cune Rioja,cune rioja
ASDA,4.95,65.98,l,Le Manoir Du Baron Viognier,20240413,drinks,False,False,Le Manoir Du Baron Viognier,,,,,,,75.0,ml,,True,,,,Le Manoir Du Baron Viognier,le manoir du baron viognier
ASDA,5.0,9.09,kg,"ASDA Extra Special Pork Cutlets with Sea Salt, Black Pepper & Garlic Crust",20240413,fresh_food,True,False,"ASDA Extra Special Pork Cutlets with Sea Salt, Black Pepper & Garlic Crust",ASDA Extra Special,premium,Extra Special,,,,550.1,g,,True,,,,"Pork Cutlets with Sea Salt, Black Pepper and Garlic Crust",pork cutlets with sea salt black pepper and garlic crust
ASDA,3.0,7.8,kg,Kellogg's Pop-Tarts Chocotastic Pastry Snack,20240413,food_cupboard,False,False,Kellogg's Pop-Tarts Chocotastic Pastry Snack,,,,Kellogg'S,,,384.6,g,,True,,,,Pop-Tarts Chocotastic Pastry Snack,pop tarts chocotastic pastry snack
ASDA,2.75,7.3,kg,Kellogg's Froot Loops,20240413,food_cupboard,False,False,Kellogg's Froot Loops,,,,Kellogg'S,,,376.7,g,,True,,,,Froot Loops,froot loops
Tesco,3.55,8.9,kg,Kellogg's Crunchy Nut Chocolate Clusters Cereal 400G,20240413,food_cupboard,False,False,Kellogg's Crunchy Nut Chocolate Clusters Cereal 400G,,,,Kellogg'S,,,400.0,g,,False,,,{'texture': ['crunchy']},Crunchy Nut Chocolate Clusters Cereal,crunchy nut chocolate clusters cereal
ASDA,3.25,8.12,kg,ASDA Meal For One Chicken & Mushroom Risotto 400g,20240413,fresh_food,True,False,ASDA Meal For One Chicken & Mushroom Risotto 400g,ASDA,standard,,,,,400.0,g,,False,preparation,meal for one,,Chicken and Mushroom Risotto,chicken and mushroom risotto
ASDA,2.5,17.9,kg,GU Milk Chocolate & Ganache Mousse Dessert,20240413,fresh_food,False,False,GU Milk Chocolate & Ganache Mousse Dessert,,,,Gu,,,139.7,g,,True,,,,Milk Chocolate and Ganache Mousse Dessert,milk chocolate and ganache mousse dessert
Tesco,2.5,5.68,l,Northern Monk Wasted Pumpkin Stout 440Ml,20240113,drinks,False,False,Northern Monk Wasted Pumpkin Stout 440Ml,,,,,,,440.0,ml,,False,,,,Northern Monk Wasted Pumpkin Stout,northern monk wasted pumpkin stout
Sains,6.0,7.98,l,"Sainsbury's Vernaccia Di San Gimignano, Taste the Difference 75cl",20240413,drinks,True,False,"Sainsbury's Vernaccia Di San Gimignano, Taste the Difference 75cl",Sainsbury's,standard,,,,,750.0,ml,,False,,,,"Vernaccia Di San Gimignano, Taste the Difference",vernaccia di san gimignano taste the difference
Morrisons,6.0,6.0,unit,Nordic Spirit Bergamot Wild…,20240319,drinks,False,True,Nordic Spirit Bergamot Wild…,,,,,,,,,,False,,,,Nordic Spirit Bergamot Wild…,nordic spirit bergamot wild
Sains,3.4,4.2,l,Heinz Seriously Good Light Mayonnaise 815g,20240413,food_cupboard,False,False,Heinz Seriously Good Light Mayonnaise 815g,,,,Heinz,,,815.0,g,,False,,,,Seriously Good Light Mayonnaise,seriously good light mayonnaise
Morrisons,2.59,20.7,kg,Najma Wafer Thin Turkey Slices,20240413,food_cupboard,False,False,Najma Wafer Thin Turkey Slices,,,,,,,125.1,g,,True,,,{'texture': ['thin']},Najma Wafer Thin Turkey Slices,najma wafer thin turkey slices
Tesco,3.0,13.04,kg,Violife Vegan Greek White Block 230G,20240413,fresh_food,False,False,Violife Vegan Greek White Block 230G,,,,Violife,,,230.0,g,,False,diet,vegan,{'bakery_type': ['white']},Greek White Block,greek white block
Sains,3.0,5.4,kg,Yorkshire Provender Thai Green Chicken Noodle Soup 560g,20240413,fresh_food,False,False,Yorkshire Provender Thai Green Chicken Noodle Soup 560g,,,,,,,560.0,g,,False,,,,Yorkshire Provender Thai Green Chicken Noodle Soup,yorkshire provender thai green chicken noodle soup
Sains,3.0,16.7,kg,Sainsbury's Chicken Ceasar Salad,20240413,fresh_food,True,False,Sainsbury's Chicken Ceasar Salad,Sainsbury's,standard,,,,,179.6,g,,True,,,,Chicken Ceasar Salad,chicken ceasar salad
ASDA,2.25,4.5,l,Black Sheep Ale,20240413,drinks,False,False,Black Sheep Ale,,,,,,,500.0,ml,,True,,,,Black Sheep Ale,black sheep ale
Sains,1.05,3.6,kg,Sainsbury's Sweet Pickle 295g,20240413,food_cupboard,True,False,Sainsbury's Sweet Pickle 295g,Sainsbury's,standard,,,,,295.0,g,,False,,,{'flavor': ['sweet']},Sweet Pickle,sweet pickle
Morrisons,2.2,22.9,kg,Walkers Quavers Cheese Multipack Snacks Crisps,20240413,food_cupboard,False,False,Walkers Quavers Cheese Multipack Snacks Crisps,,,,Walkers,,,96.1,g,,True,,,{'packaging': ['multipack']},Quavers Cheese Multipack Snacks Crisps,quavers cheese multipack snacks crisps
Morrisons,1.25,10.87,kg,Gressingham 12 Chinese Style Pancakes,20240403,food_cupboard,False,False,Gressingham 12 Chinese Style Pancakes,,,,Gressingham,,,115.0,g,,True,,,,12 Chinese Style Pancakes,12 chinese style pancakes
Sains,8.0,32.0,kg,"Sainsbury's Extra Thick Caramel & Biscuit Egg, Taste the Difference 250g",20240124,food_cupboard,True,False,"Sainsbury's Extra Thick Caramel & Biscuit Egg, Taste the Difference 250g",Sainsbury's,standard,,,,,250.0,g,,False,,,{'texture': ['thick']},"Extra Thick Caramel and Biscuit Egg, Taste the Difference",extra thick caramel and biscuit egg taste the difference
Morrisons,1.75,7.0,kg,BelVita Breakfast Biscuits Soft…,20240413,food_cupboard,False,True,BelVita Breakfast Biscuits Soft…,,,,Belvita,,,250.0,g,,True,,,{'texture': ['soft']},Breakfast Biscuits Soft…,breakfast biscuits soft
ASDA,1.1,4.23,kg,ASDA Pineapple Slices in Fruit Juice 432g,20240413,drinks,True,False,ASDA Pineapple Slices in Fruit Juice 432g,ASDA,standard,,,,,432.0,g,,False,,,,Pineapple Slices in Fruit Juice,pineapple slices in fruit juice
ASDA,8.5,17.0,l,ASDA Raspberry Liqueur,20240413,drinks,True,False,ASDA Raspberry Liqueur,ASDA,standard,,,,,500.0,ml,,True,,,,Raspberry Liqueur,raspberry liqueur
Tesco,3.5,17.5,kg,Taylors Decaffe Roast Ground Coffee 200G,20240413,drinks,False,False,Taylors Decaffe Roast Ground Coffee 200G,,,,Taylors,,,200.0,g,,False,,,{'form': ['ground']},Decaffe Roast Ground Coffee,decaffe roast ground coffee
Sains,1.6,8.0,kg,Sainsbury's Ready To Eat Prunes 200g,20240413,food_cupboard,True,False,Sainsbury's Ready To Eat Prunes 200g,Sainsbury's,standard,,,,,200.0,g,,False,preparation,ready to eat,,Prunes,prunes
Sains,2.3,20.5,kg,Yorkshire Tea Biscuit Brew x40 Tea Bags 112g,20240413,food_cupboard,False,False,Yorkshire Tea Biscuit Brew x40 Tea Bags 112g,,,,Yorkshire Tea,40.0,x_count,112.0,g,,False,,,,Biscuit Brew Tea Bags,biscuit brew tea bags
Tesco,10.0,13.3,l,Howard Park Margaret River Cabernet Sauvignon 75Cl,20240413,drinks,False,False,Howard Park Margaret River Cabernet Sauvignon 75Cl,,,,,,,750.0,ml,,False,,,,Howard Park Margaret River Cabernet Sauvignon,howard park margaret river cabernet sauvignon
Morrisons,1.85,14.8,kg,Bahlsen Choco Leibniz White,20240216,food_cupboard,False,False,Bahlsen Choco Leibniz White,,,,Bahlsen,,,125.0,g,,True,,,{'bakery_type': ['white']},Choco Leibniz White,choco leibniz white
Sains,0.65,14.4,kg,Goralki Wafer Chocolate Filling 50g,20240413,food_cupboard,False,False,Goralki Wafer Chocolate Filling 50g,,,,,,,50.0,g,,False,,,,Goralki Wafer Chocolate Filling,goralki wafer chocolate filling
Morrisons,1.35,4.0,kg,Filippo Berio Basilico Pasta Sauce,20240413,food_cupboard,False,False,Filippo Berio Basilico Pasta Sauce,,,,Filippo Berio,,,337.5,g,,True,,,,Basilico Pasta Sauce,basilico pasta sauce
Morrisons,26.0,37.14,l,Courvoisier VS Cognac,20240413,drinks,False,False,Courvoisier VS Cognac,,,,Courvoisier,,,700.1,ml,,True,,,,VS Cognac,vs cognac
Sains,1.5,6.0,l,Weetabix On The Go Breakfast Drink Vanilla 250ml,20240413,food_cupboard,False,False,Weetabix On The Go Breakfast Drink Vanilla 250ml,,,,Weetabix On The Go,,,250.0,ml,,False,,,,Breakfast Drink Vanilla,breakfast drink vanilla
ASDA,4.5,7.03,kg,Chicago Town Takeaway Large Cheesy Stuffed Pepperoni Pizza,20240413,frozen,False,False,Chicago Town Takeaway Large Cheesy Stuffed Pepperoni Pizza,,,,Chicago Town,,,640.1,g,,True,,,,Takeaway Large Cheesy Stuffed Pepperoni Pizza,takeaway large cheesy stuffed pepperoni pizza
Sains,3.6,10.0,kg,Birds Eye 6 Chunky Fish Fingers 360g,20240413,free-from,False,False,Birds Eye 6 Chunky Fish Fingers 360g,,,,Birds Eye,,,360.0,g,,False,,,{'texture': ['chunky']},6 Chunky Fish Fingers,6 chunky fish fingers
Sains,8.5,17.0,kg,Lavazza Espresso Barista Gran Crema Coffee Beans 500g,20240413,food_cupboard,False,False,Lavazza Espresso Barista Gran Crema Coffee Beans 500g,,,,Lavazza,,,500.0,g,,False,,,,Espresso Barista Gran Crema Coffee Beans,espresso barista gran crema coffee beans
Sains,0.7,31.82,kg,SlimFast Snack Bag Baked Cheddar Flavour Bites single serve 23g,20240325,free-from,False,False,SlimFast Snack Bag Baked Cheddar Flavour Bites single serve 23g,,,,Slimfast,,,23.0,g,,False,,,{'cooking_method': ['baked']},Snack Bag Baked Cheddar Flavour Bites single serve,snack bag baked cheddar flavour bites single serve
Morrisons,5.5,27.5,kg,Morrisons Best White Dark Chocolate…,20240402,food_cupboard,True,True,Morrisons Best White Dark Chocolate…,Morrisons,standard,,,,,200.0,g,,True,,,{'bakery_type': ['white']},Best White Dark Chocolate…,best white dark chocolate
Morrisons,3.39,19.9,kg,Pip & Nut Smooth Almond Butter,20240413,food_cupboard,False,False,Pip & Nut Smooth Almond Butter,,,,,,,170.4,g,,True,,,{'texture': ['smooth']},Pip and Nut Smooth Almond Butter,pip and nut smooth almond butter
ASDA,1.0,1.3,l,Radnor Splash Orange & Passion Fruit Still Spring Water Cartons,20240413,drinks,False,False,Radnor Splash Orange & Passion Fruit Still Spring Water Cartons,,,,,,,769.2,ml,,True,,,,Radnor Splash Orange and Passion Fruit Still Spring Water Cartons,radnor splash orange and passion fruit still spring water cartons
ASDA,1.75,4.38,kg,ASDA Cottage Pie,20240413,frozen,True,False,ASDA Cottage Pie,ASDA,standard,,,,,399.5,g,,True,,,,Cottage Pie,cottage pie
Morrisons,1.6,18.2,kg,Schwartz Extra Mature Cheddar Cheese Sauce Mix,20240112,food_cupboard,False,False,Schwartz Extra Mature Cheddar Cheese Sauce Mix,,,,Schwartz,,,87.9,g,,True,,,"{'maturity': ['extra mature', 'mature']}",Extra Mature Cheddar Cheese Sauce Mix,extra mature cheddar cheese sauce mix
Morrisons,1.99,0.3,l,Morrisons Yorkshire Vale Water,20240413,drinks,True,False,Morrisons Yorkshire Vale Water,Morrisons,standard,,,,,6633.3,ml,,True,,,,Yorkshire Vale Water,yorkshire vale water
Sains,4.8,12.3,kg,Bisto Best Beef Gravy Granules 390g,20240413,food_cupboard,False,False,Bisto Best Beef Gravy Granules 390g,,,,Bisto,,,390.0,g,,False,,,,Best Beef Gravy Granules,best beef gravy granules
Sains,2.5,13.9,kg,Lotus Biscoff Milk Chocolate with Biscoff Crumbs 180g,20240413,food_cupboard,False,False,Lotus Biscoff Milk Chocolate with Biscoff Crumbs 180g,,,,Lotus Biscoff,,,180.0,g,,False,,,,Milk Chocolate with Biscoff Crumbs,milk chocolate with biscoff crumbs
ASDA,0.95,10.56,kg,Mama Hot & Spicy Flavour Oriental Style Instant Noodles,20240413,food_cupboard,False,False,Mama Hot & Spicy Flavour Oriental Style Instant Noodles,,,,Mama,,,90.0,g,,True,,,"{'flavor': ['spicy', 'hot']}",Hot and Spicy Flavour Oriental Style Instant Noodles,hot and spicy flavour oriental style instant noodles
Tesco,4.5,11.84,kg,Tesco Beef Brisket Joint In Gravy 380G,20240413,fresh_food,True,False,Tesco Beef Brisket Joint In Gravy 380G,Tesco,standard,,,,,380.0,g,,False,,,"{'cut_meat': ['brisket', 'joint']}",Beef Brisket Joint In Gravy,beef brisket joint in gravy
ASDA,2.4,13.33,kg,Cathedral City Grated Extra Mature Cheddar,20240413,fresh_food,False,False,Cathedral City Grated Extra Mature Cheddar,,,,Cathedral City,,,180.0,g,,True,,,"{'form': ['grated'], 'maturity': ['extra mature', 'mature']}",Grated Extra Mature Cheddar,grated extra mature cheddar
Tesco,15.99,2.66,l,Budweiser 20X300ml Bottle,20240413,drinks,False,False,Budweiser 20X300ml Bottle,,,,Budweiser,20.0,count_x_size,6000.0,ml,,False,,,{'packaging': ['bottle']},Bottle,bottle
Sains,0.5,3.3,kg,Sainsbury's Custard Cream Twists with an Apple Pie Flavour Cream Filling 150g,20240413,food_cupboard,True,False,Sainsbury's Custard Cream Twists with an Apple Pie Flavour Cream Filling 150g,Sainsbury's,standard,,,,,150.0,g,,False,,,,Custard Cream Twists with an Apple Pie Flavour Cream Filling,custard cream twists with an apple pie flavour cream filling
ASDA,7.5,7.5,unit,Scoville Glasslux 2 Piece Roaster Set 2.2L/3L,20240413,fresh_food,False,False,Scoville Glasslux 2 Piece Roaster Set 2.2L/3L,,,,Scoville,2.0,bag_count,2200.0,ml,,False,,,,Glasslux Roaster Set /,glasslux roaster set
ASDA,11.0,11.0,unit,CD Now That's What I Call Pop Gold by Various Artists,20240413,drinks,False,False,CD Now That's What I Call Pop Gold by Various Artists,,,,,,,,,,False,,,,CD Now That's What I Call Pop Gold by Various Artists,cd now that s what i call pop gold by various artists
Sains,1.75,3.5,l,Fanta Orange 500mL,20240413,drinks,False,False,Fanta Orange 500mL,,,,Fanta,,,500.0,ml,,False,,,,Orange,orange
Morrisons,0.75,0.9,kg,Morrisons Wholemeal Toastie Bread,20240413,bakery,True,False,Morrisons Wholemeal Toastie Bread,Morrisons,standard,,,,,833.3,g,,True,,,{'bakery_type': ['wholemeal']},Wholemeal Toastie Bread,wholemeal toastie bread
ASDA,2.69,9.0,kg,Cypressa Brown Tahini,20240413,food_cupboard,False,False,Cypressa Brown Tahini,,,,,,,298.9,g,,True,,,{'bakery_type': ['brown']},Cypressa Brown Tahini,cypressa brown tahini
Tesco,1.5,6.8,l,The Coconut Collaborative Vegan Double Cream 220Ml,20240413,fresh_food,False,False,The Coconut Collaborative Vegan Double Cream 220Ml,,,,,,,220.0,ml,,False,diet,vegan,,The Coconut Collaborative Double Cream,the coconut collaborative double cream
Sains,17.5,25.0,l,Pimm's No.1 70cl,20240413,drinks,False,False,Pimm's No.1 70cl,,,,Pimm'S,,,700.0,ml,,False,,,,No.1,no 1
Sains,2.3,2.3,l,J2O Spritz Sparkling Apple & Elderflower Cans 4x250ml,20240413,drinks,False,False,J2O Spritz Sparkling Apple & Elderflower Cans 4x250ml,,,,J2O,4.0,count_x_size,1000.0,ml,,False,,,{'packaging': ['cans']},Spritz Sparkling Apple and Elderflower Cans,spritz sparkling apple and elderflower cans
Tesco,1.25,2.78,kg,I Can't Believe It's Not Butter Original Spread 450G,20240413,fresh_food,False,False,I Can't Believe It's Not Butter Original Spread 450G,,,,I Can'T Believe It'S Not Butter,,,450.0,g,,False,,,,Original Spread,original spread
Sains,1.95,13.93,kg,Philadelphia Soft Cheese Mini Tub Light x4 35g,20240413,fresh_food,False,False,Philadelphia Soft Cheese Mini Tub Light x4 35g,,,,Philadelphia,4.0,x_count,35.0,g,,False,,,"{'texture': ['soft'], 'packaging': ['tub']}",Soft Cheese Mini Tub Light,soft cheese mini tub light
ASDA,4.5,4.5,unit,George Home Glass Roaster with clip lid 1.5L,20240413,fresh_food,True,False,George Home Glass Roaster with clip lid 1.5L,George Home,standard,,,,,1500.0,ml,,False,,,,Glass Roaster with clip lid,glass roaster with clip lid
Morrisons,2.49,18.4,kg,Peter's Yard Seeded Sourdough Flatbreds,20240413,food_cupboard,False,False,Peter's Yard Seeded Sourdough Flatbreds,,,,Peter'S,,,135.3,g,,True,,,"{'bakery_type': ['sourdough', 'seeded']}",Yard Seeded Sourdough Flatbreds,yard seeded sourdough flatbreds
Sains,3.25,2.1,l,Lucozade Energy Cherry 4x380ml,20240302,drinks,False,False,Lucozade Energy Cherry 4x380ml,,,,Lucozade,4.0,count_x_size,1520.0,ml,,False,,,,Energy Cherry,energy cherry
Sains,2.0,4.2,l,"Sainsbury's Blonde Chocolate Ice Cream, Taste the Difference 330g",20240215,free-from,True,False,"Sainsbury's Blonde Chocolate Ice Cream, Taste the Difference 330g",Sainsbury's,standard,,,,,330.0,g,,False,,,,"Blonde Chocolate Ice Cream, Taste the Difference",blonde chocolate ice cream taste the difference
Sains,1.35,5.0,kg,McVitie's Dark Chocolate Digestive Biscuits 266g,20240413,food_cupboard,False,False,McVitie's Dark Chocolate Digestive Biscuits 266g,,,,Mcvitie'S,,,266.0,g,,False,,,,Dark Chocolate Digestive Biscuits,dark chocolate digestive biscuits
Sains,9.5,1.9,l,Pura Refined Vegetable Oil 5L,20240413,food_cupboard,False,False,Pura Refined Vegetable Oil 5L,,,,,,,5000.0,ml,,False,,,,Pura Refined Vegetable Oil,pura refined vegetable oil
Morrisons,2.0,10.0,kg,Castle Dairies Welsh Butter With Ha…,20240413,fresh_food,False,True,Castle Dairies Welsh Butter With Ha…,,,,,,,200.0,g,,True,,,,Castle Dairies Welsh Butter With Ha…,castle dairies welsh butter with ha
Sains,3.5,43.8,kg,Bastides Petits Saucisson Secs 80G,20240413,fresh_food,False,False,Bastides Petits Saucisson Secs 80G,,,,,,,80.0,g,,False,,,,Bastides Petits Saucisson Secs,bastides petits saucisson secs
ASDA,13.0,13.0,unit,Scoville Frying Pan,20240413,fresh_food,False,False,Scoville Frying Pan,,,,Scoville,,,,,,False,,,,Frying Pan,frying pan
Sains,2.75,12.5,kg,Odysea Aubergine Meze 220g,20240413,food_cupboard,False,False,Odysea Aubergine Meze 220g,,,,,,,220.0,g,,False,,,,Odysea Aubergine Meze,odysea aubergine meze
Morrisons,2.79,77.5,kg,Twinings Rooibos & Honey 20 Tea Bags,20240413,food_cupboard,False,False,Twinings Rooibos & Honey 20 Tea Bags,,,,Twinings,20.0,bag_count,36.0,g,,True,,,,Rooibos and Honey,rooibos and honey
Tesco,2.0,8.0,kg,Riso Gallo Risotto Pronto Mushroom 250g.,20240412,food_cupboard,False,False,Riso Gallo Risotto Pronto Mushroom 250g.,,,,,,,250.0,g,,False,,,,Riso Gallo Risotto Pronto Mushroom,riso gallo risotto pronto mushroom
Sains,2.15,21.5,kg,Lindt Excellence Dark 90% Cocoa Chocolate Bar 100g,20240413,food_cupboard,False,False,Lindt Excellence Dark 90% Cocoa Chocolate Bar 100g,,,,Lindt,,,100.0,g,90.0,False,,,,Excellence Dark Cocoa Chocolate Bar,excellence dark cocoa chocolate bar
ASDA,8.0,8.0,unit,Scoville Neverstick 30cm Pizza Tray,20240413,fresh_food,False,False,Scoville Neverstick 30cm Pizza Tray,,,,Scoville,,,,,,False,,,,Neverstick 30cm Pizza Tray,neverstick 30cm pizza tray
Morrisons,1.65,1.7,l,Morrisons No Added Sugar Orange High Juice Squash,20240413,drinks,True,False,Morrisons No Added Sugar Orange High Juice Squash,Morrisons,standard,,,,,970.6,ml,,True,diet,no added sugar,,Orange High Juice Squash,orange high juice squash
Tesco,2.25,12.0,l,Blossom Hill Soft & Fruity 18.75Cl,20240413,drinks,False,False,Blossom Hill Soft & Fruity 18.75Cl,,,,Blossom Hill,,,187.5,ml,,False,,,{'texture': ['soft']},Soft and Fruity,soft and fruity
Sains,2.0,8.0,kg,Sainsbury's Ready to Roll Yellow Icing 250g,20240413,food_cupboard,True,False,Sainsbury's Ready to Roll Yellow Icing 250g,Sainsbury's,standard,,,,,250.0,g,,False,,,,Ready to Roll Yellow Icing,ready to roll yellow icing
ASDA,0.65,3.3,kg,ASDA Shortcake Biscuits 200g,20240413,food_cupboard,True,False,ASDA Shortcake Biscuits 200g,ASDA,standard,,,,,200.0,g,,False,,,,Shortcake Biscuits,shortcake biscuits
Sains,1.5,3.0,l,Fentimans Connoisseurs Tonic Water 500ml,20240329,drinks,False,False,Fentimans Connoisseurs Tonic Water 500ml,,,,,,,500.0,ml,,False,,,,Fentimans Connoisseurs Tonic Water,fentimans connoisseurs tonic water
ASDA,1.5,7.2,kg,Pukka All Steak Pie,20240413,fresh_food,False,False,Pukka All Steak Pie,,,,Pukka,,,208.3,g,,True,,,{'cut_meat': ['steak']},All Steak Pie,all steak pie
ASDA,2.1,35.0,l,MOJU Turmeric Shots,20240413,fresh_food,False,False,MOJU Turmeric Shots,,,,,,,60.0,ml,,True,,,,MOJU Turmeric Shots,moju turmeric shots
Tesco,2.65,15.59,kg,Paxo Pork Sausages Meat Flavour Stuffing Mix 170G,20240110,food_cupboard,False,False,Paxo Pork Sausages Meat Flavour Stuffing Mix 170G,,,,Paxo,,,170.0,g,,False,,,,Pork Sausages Meat Flavour Stuffing Mix,pork sausages meat flavour stuffing mix
ASDA,6.0,5.29,kg,ASDA Beef Quarter Pound Burgers,20240413,frozen,True,False,ASDA Beef Quarter Pound Burgers,ASDA,standard,,,,,1134.2,g,,True,,,{'cut_meat': ['burgers']},Beef Quarter Pound Burgers,beef quarter pound burgers
Sains,4.25,17.71,kg,itsu Chicken Gyoza 12 Dinner Dumplings 240g,20240413,food_cupboard,False,False,itsu Chicken Gyoza 12 Dinner Dumplings 240g,,,,Itsu,,,240.0,g,,False,,,,Chicken Gyoza 12 Dinner Dumplings,chicken gyoza 12 dinner dumplings
ASDA,1.95,4.9,kg,Warburtons Fruit Loaf with Cinnamon & Raisin,20240413,fresh_food,False,False,Warburtons Fruit Loaf with Cinnamon & Raisin,,,,Warburtons,,,398.0,g,,True,,,,Fruit Loaf with Cinnamon and Raisin,fruit loaf with cinnamon and raisin
Morrisons,2.0,10.0,kg,Morrisons The Best Chicken Parfait Wi…,20240118,fresh_food,True,True,Morrisons The Best Chicken Parfait Wi…,Morrisons The Best,premium,The Best,,,,200.0,g,,True,,,,Chicken Parfait Wi…,chicken parfait wi
Sains,3.5,7.0,kg,Sainsbury's Unsmoked Back Bacon Rashers x16 (2x250g),20240307,fresh_food,True,False,Sainsbury's Unsmoked Back Bacon Rashers x16 (2x250g),Sainsbury's,standard,,,2.0,count_x_size,500.0,g,,False,,,{'flavor': ['unsmoked']},Unsmoked Back Bacon Rashers x16,unsmoked back bacon rashers x16
Tesco,1.0,1.0,l,Tesco Strawberry Flavoured Milk 1L,20240413,fresh_food,True,False,Tesco Strawberry Flavoured Milk 1L,Tesco,standard,,,,,1000.0,ml,,False,,,,Strawberry Flavoured Milk,strawberry flavoured milk
Morrisons,2.3,0.77,unit,Morrisons Cooking Apples (Min 3),20240413,fresh_food,True,False,Morrisons Cooking Apples (Min 3),Morrisons,standard,,,,,,,,False,,,,Cooking Apples (Min 3),cooking apples min 3
Tesco,3.0,10.0,kg,Walkers Classic Variety Multipack Crisps 12x25g,20240413,food_cupboard,False,False,Walkers Classic Variety Multipack Crisps 12x25g,,,,Walkers,12.0,count_x_size,300.0,g,,False,,,{'packaging': ['multipack']},Classic Variety Multipack Crisps,classic variety multipack crisps
Sains,1.7,8.5,kg,Sainsbury's Fruit & Nut Dark Chocolate 200g,20240413,food_cupboard,True,False,Sainsbury's Fruit & Nut Dark Chocolate 200g,Sainsbury's,standard,,,,,200.0,g,,False,,,,Fruit and Nut Dark Chocolate,fruit and nut dark chocolate
ASDA,4.0,4.0,unit,George Home Cream Teddy Fleece Hot Water Bottle,20240201,drinks,True,False,George Home Cream Teddy Fleece Hot Water Bottle,George Home,standard,,,,,,,,False,,,"{'flavor': ['hot'], 'packaging': ['bottle']}",Cream Teddy Fleece Hot Water Bottle,cream teddy fleece hot water bottle
Tesco,5.35,10.7,kg,Tesco Finest 5% Aberdeen Angus Steak Mince 500G,20240413,fresh_food,True,False,Tesco Finest 5% Aberdeen Angus Steak Mince 500G,Tesco Finest,premium,Finest,,,,500.0,g,5.0,False,,,"{'cut_meat': ['mince', 'steak']}",Aberdeen Angus Steak Mince,aberdeen angus steak mince
ASDA,1.5,1.5,unit,George Home Pink Glitter Rosette,20240413,bakery,True,False,George Home Pink Glitter Rosette,George Home,standard,,,,,,,,False,,,,Pink Glitter Rosette,pink glitter rosette
Sains,1.25,9.5,kg,Oreo Lunchbox Vanilla Cookies 6 Pack Multipack 132g,20240413,food_cupboard,False,False,Oreo Lunchbox Vanilla Cookies 6 Pack Multipack 132g,,,,Oreo,6.0,count_pack,132.0,g,,False,,,{'packaging': ['multipack']},Lunchbox Vanilla Cookies Multipack,lunchbox vanilla cookies multipack
Tesco,2.15,8.6,l,Gordon's Gin & Tonic 250Ml Can,20240406,drinks,False,False,Gordon's Gin & Tonic 250Ml Can,,,,Gordon'S,,,250.0,ml,,False,,,{'packaging': ['can']},Gin and Tonic Can,gin and tonic can
Sains,0.9,25.0,kg,Squares Chocolatey Rice Krispies 36g,20240413,food_cupboard,False,False,Squares Chocolatey Rice Krispies 36g,,,,Squares,,,36.0,g,,False,,,,Chocolatey Rice Krispies,chocolatey rice krispies
Sains,2.25,2.25,unit,"Sainsbury's Mixed Fruit Bloomer, Taste the Difference 350g",20240413,bakery,True,False,"Sainsbury's Mixed Fruit Bloomer, Taste the Difference 350g",Sainsbury's,standard,,,,,350.0,g,,False,,,,"Mixed Fruit Bloomer, Taste the Difference",mixed fruit bloomer taste the difference
Tesco,6.0,7.98,l,Turner Road Reserve Chardonnay 75Cl,20240413,drinks,False,False,Turner Road Reserve Chardonnay 75Cl,,,,,,,750.0,ml,,False,,,,Turner Road Reserve Chardonnay,turner road reserve chardonnay
Sains,2.0,8.0,l,Riddles Lemon Ice Tea Blended with Tequila 250ml,20240413,drinks,False,False,Riddles Lemon Ice Tea Blended with Tequila 250ml,,,,,,,250.0,ml,,False,,,,Riddles Lemon Ice Tea Blended with Tequila,riddles lemon ice tea blended with tequila
Sains,1.0,12.35,kg,Batchelors Low Fat Super Noodles Chilli Chicken Flavour 81g,20240413,food_cupboard,False,False,Batchelors Low Fat Super Noodles Chilli Chicken Flavour 81g,,,,Batchelors,,,81.0,g,,False,diet,low fat,,Super Noodles Chilli Chicken Flavour,super noodles chilli chicken flavour
ASDA,1.0,0.05,unit,George Home Football Paper Napkins,20240413,fresh_food,True,False,George Home Football Paper Napkins,George Home,standard,,,,,,,,False,,,,Football Paper Napkins,football paper napkins
Tesco,2.9,11.6,kg,Bonne Maman Hazelnut Chocolate Spread 250G,20240413,food_cupboard,False,False,Bonne Maman Hazelnut Chocolate Spread 250G,,,,Bonne Maman,,,250.0,g,,False,,,,Hazelnut Chocolate Spread,hazelnut chocolate spread
ASDA,22.0,293.26,l,Graham's 10 Years Old Tawny Port,20240413,drinks,False,False,Graham's 10 Years Old Tawny Port,,,,,,,75.0,ml,,True,,,,Graham's 10 Years Old Tawny Port,graham s 10 years old tawny port
ASDA,1.25,6.9,kg,GetPro 18g Protein Pudding Chocolate Hazelnut Flavour 180g,20240413,fresh_food,False,False,GetPro 18g Protein Pudding Chocolate Hazelnut Flavour 180g,,,,Getpro,,,18.0,g,,False,,,,Protein Pudding Chocolate Hazelnut Flavour,protein pudding chocolate hazelnut flavour
ASDA,2.25,15.0,kg,ASDA Sea Salt & Black Pepper Cashews 150g,20240413,fresh_food,True,False,ASDA Sea Salt & Black Pepper Cashews 150g,ASDA,standard,,,,,150.0,g,,False,,,,Sea Salt and Black Pepper Cashews,sea salt and black pepper cashews
Morrisons,2.5,20.8,kg,Morrisons German Salami And Cheese Selection,20240413,fresh_food,True,False,Morrisons German Salami And Cheese Selection,Morrisons,standard,,,,,120.2,g,,True,,,,German Salami And Cheese Selection,german salami and cheese selection
ASDA,2.5,1.2,l,ASDA Charge Zero Sugar Energy Drink 4 x 500ml,20240413,drinks,True,False,ASDA Charge Zero Sugar Energy Drink 4 x 500ml,ASDA,standard,,,4.0,count_x_size,2000.0,ml,,False,,,,Charge Zero Sugar Energy Drink,charge zero sugar energy drink
Morrisons,1.5,15.0,kg,Peperami Pep'd Up Chicken Bites,20240118,fresh_food,False,False,Peperami Pep'd Up Chicken Bites,,,,Peperami,,,100.0,g,,True,,,,Pep'd Up Chicken Bites,pep d up chicken bites
Tesco,1.75,3.9,kg,Pataks Medium Balti Sauce 450G,20240413,food_cupboard,False,False,Pataks Medium Balti Sauce 450G,,,,Pataks,,,450.0,g,,False,,,{'flavor': ['medium']},Medium Balti Sauce,medium balti sauce
Morrisons,3.99,399.0,l,Vampire Vape Heisenberg 12mg,20240413,drinks,False,False,Vampire Vape Heisenberg 12mg,,,,,,,10.0,ml,,True,,,,Vampire Vape Heisenberg 12mg,vampire vape heisenberg 12mg
Morrisons,2.49,9.8,kg,Morrisons The Best Roast Garlic & Herb Flatbread,20240413,fresh_food,True,False,Morrisons The Best Roast Garlic & Herb Flatbread,Morrisons The Best,premium,The Best,,,,254.1,g,,True,,,,Roast Garlic and Herb Flatbread,roast garlic and herb flatbread
Sains,1.2,3.0,kg,Heinz Oxtail Soup 400g,20240413,food_cupboard,False,False,Heinz Oxtail Soup 400g,,,,Heinz,,,400.0,g,,False,,,,Oxtail Soup,oxtail soup
Tesco,3.75,10.42,kg,Pot Noodle Chicken & Mushroom Instant Noodles Multipack 4x90g,20240413,food_cupboard,False,False,Pot Noodle Chicken & Mushroom Instant Noodles Multipack 4x90g,,,,Pot Noodle,4.0,count_x_size,360.0,g,,False,,,{'packaging': ['multipack']},Chicken and Mushroom Instant Noodles Multipack,chicken and mushroom instant noodles multipack
Morrisons,0.85,6.8,kg,Hartley's Raspberry Jelly Pot,20240413,food_cupboard,False,False,Hartley's Raspberry Jelly Pot,,,,Hartley'S,,,125.0,g,,True,,,,Raspberry Jelly Pot,raspberry jelly pot
Sains,2.8,12.3,kg,"Sainsbury's Fairtrade Italian Style Coffee, Strength 4 227g",20240413,food_cupboard,True,False,"Sainsbury's Fairtrade Italian Style Coffee, Strength 4 227g",Sainsbury's,standard,,,,,227.0,g,,False,ethical,fairtrade,,"Italian Style Coffee, Strength 4",italian style coffee strength 4
Tesco,1.0,20.0,kg,Walkers Max Pizza Hut Texan Bbq Crisps 50G,20240407,food_cupboard,False,False,Walkers Max Pizza Hut Texan Bbq Crisps 50G,,,,Walkers,,,50.0,g,,False,,,{'cooking_method': ['bbq']},Max Pizza Hut Texan Bbq Crisps,max pizza hut texan bbq crisps
Tesco,4.0,40.0,kg,Gran Luchito Chipotle Chilli Paste 100G,20240324,food_cupboard,False,False,Gran Luchito Chipotle Chilli Paste 100G,,,,,,,100.0,g,,False,,,{'form': ['paste']},Gran Luchito Chipotle Chilli Paste,gran luchito chipotle chilli paste
Tesco,1.0,0.25,unit,Tesco Multiseed Deli Rolls 4 Pack,20240413,bakery,True,False,Tesco Multiseed Deli Rolls 4 Pack,Tesco,standard,,,4.0,count_pack,,,,False,,,,Multiseed Deli Rolls,multiseed deli rolls
Tesco,22.0,31.43,l,Abstrakt Watermelon Strawberry Vodka 70Cl,20240413,drinks,False,False,Abstrakt Watermelon Strawberry Vodka 70Cl,,,,,,,700.0,ml,,False,,,,Abstrakt Watermelon Strawberry Vodka,abstrakt watermelon strawberry vodka
ASDA,1.0,10.0,kg,ASDA Chopped Almonds,20240413,food_cupboard,True,False,ASDA Chopped Almonds,ASDA,standard,,,,,100.0,g,,True,,,{'form': ['chopped']},Chopped Almonds,chopped almonds
Sains,14.0,28.0,kg,PhD Diet Plant High Protein Lean Matrix Salted Caramel 500g,20240413,free-from,False,False,PhD Diet Plant High Protein Lean Matrix Salted Caramel 500g,,,,Phd,,,500.0,g,,False,,,,Diet Plant High Protein Lean Matrix Salted Caramel,diet plant high protein lean matrix salted caramel
Tesco,3.0,6.0,l,"Robinsons Raspberry, Rhubarb & Orange Blossom Fruit Cordial 500ml",20240413,drinks,False,False,"Robinsons Raspberry, Rhubarb & Orange Blossom Fruit Cordial 500ml",,,,Robinsons,,,500.0,ml,,False,,,,"Raspberry, Rhubarb and Orange Blossom Fruit Cordial",raspberry rhubarb and orange blossom fruit cordial
Sains,1.2,36.4,kg,Bird's Dream Topping 36g,20240413,food_cupboard,False,False,Bird's Dream Topping 36g,,,,,,,36.0,g,,False,,,,Bird's Dream Topping,bird s dream topping
Sains,2.0,20.0,kg,Butterkist Popcorn Sweet & Salted 100g,20240413,food_cupboard,False,False,Butterkist Popcorn Sweet & Salted 100g,,,,,,,100.0,g,,False,,,{'flavor': ['sweet']},Butterkist Popcorn Sweet and Salted,butterkist popcorn sweet and salted
Tesco,1.05,2.3,kg,Tesco Fine Cut Orange Marmalade 454G,20240413,food_cupboard,True,False,Tesco Fine Cut Orange Marmalade 454G,Tesco,standard,,,,,454.0,g,,False,,,,Fine Cut Orange Marmalade,fine cut orange marmalade
ASDA,1.4,8.75,kg,"ASDA Tenderstem Broccoli, Carrot & Sugar Snap",20240413,fresh_food,True,False,"ASDA Tenderstem Broccoli, Carrot & Sugar Snap",ASDA,standard,,Tenderstem,,,160.0,g,,True,,,,"Broccoli, Carrot and Sugar Snap",broccoli carrot and sugar snap
ASDA,3.5,0.15,unit,Weetabix Chocolate Cereal,20240413,food_cupboard,False,False,Weetabix Chocolate Cereal,,,,Weetabix,,,,,,False,,,,Chocolate Cereal,chocolate cereal
ASDA,4.0,4.0,unit,George Home Pig Sipper Bottle,20240313,drinks,True,False,George Home Pig Sipper Bottle,George Home,standard,,,,,,,,False,,,{'packaging': ['bottle']},Pig Sipper Bottle,pig sipper bottle
Sains,1.6,10.5,kg,Sainsbury's Green Tea x80 Tea Bags 152g,20240413,food_cupboard,True,False,Sainsbury's Green Tea x80 Tea Bags 152g,Sainsbury's,standard,,,80.0,x_count,152.0,g,,False,,,,Green Tea Tea Bags,green tea tea bags
ASDA,4.0,4.0,l,Red Bull Energy Drink Zero Cans 4x250ml,20240413,drinks,False,False,Red Bull Energy Drink Zero Cans 4x250ml,,,,Red Bull,4.0,count_x_size,1000.0,ml,,False,,,{'packaging': ['cans']},Energy Drink Zero Cans,energy drink zero cans
ASDA,1.0,11.1,kg,Terry's Chocolate Orange Mini Eggs Bar 90g,20240328,food_cupboard,False,False,Terry's Chocolate Orange Mini Eggs Bar 90g,,,,Terry'S,,,90.0,g,,False,,,,Chocolate Orange Mini Eggs Bar,chocolate orange mini eggs bar
Tesco,1.5,3.1,kg,Homepride Chilli Cooking Sauce 485G,20240413,food_cupboard,False,False,Homepride Chilli Cooking Sauce 485G,,,,Homepride,,,485.0,g,,False,,,,Chilli Cooking Sauce,chilli cooking sauce
Morrisons,2.0,10.0,kg,Morrisons The Best Quadru…,20240413,food_cupboard,True,True,Morrisons The Best Quadru…,Morrisons The Best,premium,The Best,,,,200.0,g,,True,,,,Quadru…,quadru
ASDA,2.65,15.14,kg,Vivera Plant Spicy Chicken Kebab Style 175g,20240413,free-from,False,False,Vivera Plant Spicy Chicken Kebab Style 175g,,,,Vivera,,,175.0,g,,False,,,"{'flavor': ['spicy'], 'cut_meat': ['kebab']}",Plant Spicy Chicken Kebab Style,plant spicy chicken kebab style
Morrisons,3.0,9.0,kg,Goodfella's Stonebaked Thin Pepperoni Pizza,20240413,frozen,False,False,Goodfella's Stonebaked Thin Pepperoni Pizza,,,,Goodfella'S,,,333.3,g,,True,,,{'texture': ['thin']},Stonebaked Thin Pepperoni Pizza,stonebaked thin pepperoni pizza
Tesco,6.75,5.11,l,Birra Moretti Premium Lager Beer Bottle 4x330ml,20240413,drinks,False,False,Birra Moretti Premium Lager Beer Bottle 4x330ml,,,,Birra Moretti,4.0,count_x_size,1320.0,ml,,False,,,{'packaging': ['bottle']},Premium Lager Beer Bottle,premium lager beer bottle
Tesco,1.5,10.7,kg,Tesco Frozen 12 Mini Eclairs 140G,20240413,frozen,True,False,Tesco Frozen 12 Mini Eclairs 140G,Tesco,standard,,,,,140.0,g,,False,,,,Frozen 12 Mini Eclairs,frozen 12 mini eclairs
Morrisons,2.25,4.96,kg,Morrisons Butcher's Style Pork Sausages,20240413,fresh_food,True,False,Morrisons Butcher's Style Pork Sausages,Morrisons,standard,,,,,453.6,g,,True,,,,Butcher's Style Pork Sausages,butcher s style pork sausages
Tesco,3.0,8.0,kg,Nature's Finest Tropical Fruits In Juice 700G,20240413,food_cupboard,False,False,Nature's Finest Tropical Fruits In Juice 700G,,,,,,,700.0,g,,False,,,,Nature's Finest Tropical Fruits In Juice,nature s finest tropical fruits in juice
Tesco,2.0,3.08,l,Viennetta Mint Ice Cream Dessert 650Ml,20240413,frozen,False,False,Viennetta Mint Ice Cream Dessert 650Ml,,,,,,,650.0,ml,,False,,,,Viennetta Mint Ice Cream Dessert,viennetta mint ice cream dessert
Morrisons,1.79,3.6,l,Oasis Zero Exotic Fruit,20240413,fresh_food,False,False,Oasis Zero Exotic Fruit,,,,Oasis,,,497.2,ml,,True,,,,Zero Exotic Fruit,zero exotic fruit
Sains,1.4,15.56,kg,Nissin Soba Japanese Curry Wok Style Instant Cup Noodles Pot 90g,20240413,food_cupboard,False,False,Nissin Soba Japanese Curry Wok Style Instant Cup Noodles Pot 90g,,,,Nissin,,,90.0,g,,False,,,,Soba Japanese Curry Wok Style Instant Cup Noodles Pot,soba japanese curry wok style instant cup noodles pot
Morrisons,1.6,0.27,unit,Richmond 6 Thick Pork Sausages,20240413,fresh_food,False,False,Richmond 6 Thick Pork Sausages,,,,Richmond,,,,,,False,,,{'texture': ['thick']},6 Thick Pork Sausages,6 thick pork sausages
ASDA,0.9,0.9,unit,MAD Party Silver Number Sparklers 6,20240413,bakery,False,False,MAD Party Silver Number Sparklers 6,,,,,,,,,,False,,,,MAD Party Silver Number Sparklers 6,mad party silver number sparklers 6
ASDA,1.0,26.7,kg,Walkers Baked Prawn Cocktail Snacks Crisps,20240413,fresh_food,False,False,Walkers Baked Prawn Cocktail Snacks Crisps,,,,Walkers,,,37.5,g,,True,,,{'cooking_method': ['baked']},Baked Prawn Cocktail Snacks Crisps,baked prawn cocktail snacks crisps
Tesco,2.6,28.89,kg,Urban Fruit Dried Strawberries 90G,20240413,food_cupboard,False,False,Urban Fruit Dried Strawberries 90G,,,,,,,90.0,g,,False,,,,Urban Fruit Dried Strawberries,urban fruit dried strawberries
Morrisons,1.89,6.3,kg,Hilal Chicken Sausages,20240413,food_cupboard,False,False,Hilal Chicken Sausages,,,,,,,300.0,g,,True,,,,Hilal Chicken Sausages,hilal chicken sausages
ASDA,2.5,2.5,unit,George Home Red Alphabet Glass Mug - L,20240413,drinks,True,False,George Home Red Alphabet Glass Mug - L,George Home,standard,,,,,,,,False,,,,Red Alphabet Glass Mug - L,red alphabet glass mug l
Tesco,1.5,4.69,kg,Tesco Vegetable Stir Fry 320g,20240413,fresh_food,True,False,Tesco Vegetable Stir Fry 320g,Tesco,standard,,,,,320.0,g,,False,,,,Vegetable Stir Fry,vegetable stir fry
ASDA,2.0,0.5,unit,ASDA Smooth & Sweet Flat Peaches,20240310,fresh_food,True,False,ASDA Smooth & Sweet Flat Peaches,ASDA,standard,,,,,,,,False,,,"{'flavor': ['sweet'], 'texture': ['smooth']}",Smooth and Sweet Flat Peaches,smooth and sweet flat peaches
Morrisons,0.6,2.4,l,Oshee Magnesium Vitamin Energy Drink,20240413,food_cupboard,False,False,Oshee Magnesium Vitamin Energy Drink,,,,Oshee,,,250.0,ml,,True,,,,Magnesium Vitamin Energy Drink,magnesium vitamin energy drink
Morrisons,0.75,1.5,kg,Morrisons Wholewheat Spaghetti,20240413,food_cupboard,True,False,Morrisons Wholewheat Spaghetti,Morrisons,standard,,,,,500.0,g,,True,,,,Wholewheat Spaghetti,wholewheat spaghetti
Morrisons,2.6,2.6,kg,Silver Spoon Icing Sugar,20240413,food_cupboard,False,False,Silver Spoon Icing Sugar,,,,Silver Spoon,,,1000.0,g,,True,,,,Icing Sugar,icing sugar
Morrisons,1.99,1.0,l,Diet Coke No Caffeine,20240413,drinks,False,False,Diet Coke No Caffeine,,,,Diet Coke,,,1990.0,ml,,True,,,,No Caffeine,no caffeine
Morrisons,1.25,12.5,kg,Whitworths Berry & White Ch…,20240219,food_cupboard,False,True,Whitworths Berry & White Ch…,,,,Whitworths,,,100.0,g,,True,,,{'bakery_type': ['white']},Berry and White Ch…,berry and white ch
Morrisons,2.39,33.7,kg,Oxo Reduced Salt Beef Stock 12 Cubes,20240413,food_cupboard,False,False,Oxo Reduced Salt Beef Stock 12 Cubes,,,,Oxo,,,70.9,g,,True,,,,Reduced Salt Beef Stock 12 Cubes,reduced salt beef stock 12 cubes
Sains,23.0,32.85,l,The Kraken Black Spiced Rum Roast Coffee 70cl,20240413,drinks,False,False,The Kraken Black Spiced Rum Roast Coffee 70cl,,,,,,,700.0,ml,,False,,,,The Kraken Black Spiced Rum Roast Coffee,the kraken black spiced rum roast coffee
Tesco,2.25,25.0,kg,Fruit Bowl Unicorn Fruit Flakes 5X18g,20240413,food_cupboard,False,False,Fruit Bowl Unicorn Fruit Flakes 5X18g,,,,,5.0,count_x_size,90.0,g,,False,,,,Fruit Bowl Unicorn Fruit Flakes,fruit bowl unicorn fruit flakes
Tesco,2.55,8.5,kg,Dunns River Jamaican Jerk Seasoning 300G,20240413,food_cupboard,False,False,Dunns River Jamaican Jerk Seasoning 300G,,,,,,,300.0,g,,False,,,,Dunns River Jamaican Jerk Seasoning,dunns river jamaican jerk seasoning
Sains,1.75,4.62,kg,Sainsbury's Deep Pan Meat Feast Pizza 379g,20240413,frozen,True,False,Sainsbury's Deep Pan Meat Feast Pizza 379g,Sainsbury's,standard,,,,,379.0,g,,False,,,,Deep Pan Meat Feast Pizza,deep pan meat feast pizza
Sains,1.25,8.8,kg,Go Ahead Yogurt Breaks Strawberry Snack Bars 4x35.5g,20240413,food_cupboard,False,False,Go Ahead Yogurt Breaks Strawberry Snack Bars 4x35.5g,,,,Go Ahead,4.0,count_x_size,142.0,g,,False,,,,Yogurt Breaks Strawberry Snack Bars,yogurt breaks strawberry snack bars
ASDA,2.0,18.2,kg,ASDA Finely Sliced Cured Pastrami,20240413,fresh_food,True,False,ASDA Finely Sliced Cured Pastrami,ASDA,standard,,,,,109.9,g,,True,,,{'form': ['sliced']},Finely Sliced Cured Pastrami,finely sliced cured pastrami
Sains,2.9,55.8,kg,"Sainsbury's Lungo Decaff Pods, Taste the Difference x10 52g",20240413,drinks,True,False,"Sainsbury's Lungo Decaff Pods, Taste the Difference x10 52g",Sainsbury's,standard,,,10.0,x_count,52.0,g,,False,,,,"Lungo Decaff Pods, Taste the Difference",lungo decaff pods taste the difference
Sains,2.73,4.6,kg,Sainsbury's Triple Chocolate Gateau Dessert 600g,20240413,frozen,True,False,Sainsbury's Triple Chocolate Gateau Dessert 600g,Sainsbury's,standard,,,,,600.0,g,,False,,,,Triple Chocolate Gateau Dessert,triple chocolate gateau dessert
Tesco,1.5,13.3,kg,Eat Real Lentil Chips Sea Salt 113G,20240409,food_cupboard,False,False,Eat Real Lentil Chips Sea Salt 113G,,,,Eat Real,,,113.0,g,,False,,,,Lentil Chips Sea Salt,lentil chips sea salt
Morrisons,3.75,18.8,kg,Morrisons Cold Water Prawns,20240413,fresh_food,True,False,Morrisons Cold Water Prawns,Morrisons,standard,,,,,199.5,g,,True,,,,Cold Water Prawns,cold water prawns
Morrisons,1.5,12.5,kg,Cadbury Dairy Milk Caramel Nibbles Chocolate Bag,20240116,food_cupboard,False,False,Cadbury Dairy Milk Caramel Nibbles Chocolate Bag,,,,Cadbury,,,120.0,g,,True,,,,Dairy Milk Caramel Nibbles Chocolate Bag,dairy milk caramel nibbles chocolate bag
Morrisons,1.5,3.33,kg,I Can't Believe It's Not Butter Original Spread,20240413,fresh_food,False,False,I Can't Believe It's Not Butter Original Spread,,,,I Can'T Believe It'S Not Butter,,,450.5,g,,True,,,,Original Spread,original spread
Sains,1.25,5.0,kg,Sainsbury's Sliced White Mushrooms 250g,20240413,fresh_food,True,False,Sainsbury's Sliced White Mushrooms 250g,Sainsbury's,standard,,,,,250.0,g,,False,,,"{'form': ['sliced'], 'bakery_type': ['white']}",Sliced White Mushrooms,sliced white mushrooms
Sains,5.75,6.39,kg,Sainsbury's British Pork Shoulder Steaks x6 900g,20240413,fresh_food,True,False,Sainsbury's British Pork Shoulder Steaks x6 900g,Sainsbury's,standard,,,6.0,x_count,900.0,g,,False,,,,British Pork Shoulder Steaks,british pork shoulder steaks
Tesco,0.45,7.5,kg,Vifon Beef Flavour Instant Noodle Soup 60g,20240413,food_cupboard,False,False,Vifon Beef Flavour Instant Noodle Soup 60g,,,,Vifon,,,60.0,g,,False,,,,Beef Flavour Instant Noodle Soup,beef flavour instant noodle soup
Sains,1.7,4.3,kg,Heinz French Onion Soup 400g,20240413,food_cupboard,False,False,Heinz French Onion Soup 400g,,,,Heinz,,,400.0,g,,False,,,,French Onion Soup,french onion soup
