supermarket,prices_(£),prices_unit_(£),unit,names,date,category,own_brand,is_truncated,original_name,supermarket_brand,tier_type,tier_keyword,known_brand,pack_quantity,pack_pattern,unit_value,unit_type,abv_percentage,unit_inferred,attributes_types,attributes_keywords,descriptors,core_product_name,normalized_name
ASDA,3.3,13.2,kg,Taylors of Harrogate Yorkshire Tea 80 Tea Bags,20240413,drinks,False,False,Taylors of Harrogate Yorkshire Tea 80 Tea Bags,,,,Taylors Of Harrogate,80.0,bag_count,250.0,g,,True,,,,Yorkshire Tea,taylors of harrogate yorkshire tea
ASDA,1.5,0.04,unit,Rombouts Coffee Filter Papers,20240413,drinks,False,False,Rombouts Coffee Filter Papers,,,,,,,,,,False,,,,Rombouts Coffee Filter Papers,rombouts coffee filter papers
ASDA,2.75,48.2,kg,Starbucks By Nespresso Single-Origin Colombia Espresso Coffee Pods 10 Capsules,20240413,drinks,False,False,Starbucks By Nespresso Single-Origin Colombia Espresso Coffee Pods 10 Capsules,,,,Starbucks,10.0,bag_count,57.1,g,,True,,,,By Nespresso Single-Origin Colombia Espresso Coffee Pods,starbucks by nespresso single origin colombia espresso coffee pods
ASDA,2.0,50.0,kg,"Twinings Superblends Detox with Lemon, Ginger and Fennel, 20 Tea Bags",20240413,drinks,False,False,"Twinings Superblends Detox with Lemon, Ginger and Fennel, 20 Tea Bags",,,,Twinings,20.0,bag_count,40.0,g,,True,,,,"Superblends Detox with Lemon, Ginger and Fennel",twinings superblends detox with lemon ginger and fennel
ASDA,5.5,18.3,kg,Twinings The Earl Grey 120 Plant-Based Tea Bags 300g,20240413,drinks,False,False,Twinings The Earl Grey 120 Plant-Based Tea Bags 300g,,,,Twinings,,,300.0,g,,False,diet,plant-based,,The Earl Grey 120 Tea Bags,twinings the earl grey 120 tea bags
ASDA,0.65,6.5,kg,ASDA Stevia Sweetener Tablets,20240413,drinks,True,False,ASDA Stevia Sweetener Tablets,ASDA,standard,,,,,100.0,g,,True,,,,Stevia Sweetener Tablets,stevia sweetener tablets
ASDA,3.5,14.0,kg,Drink Me Spiced Chai Latte,20240413,drinks,False,False,Drink Me Spiced Chai Latte,,,,,,,250.0,g,,True,,,,Drink Me Spiced Chai Latte,drink me spiced chai latte
ASDA,27.0,27.0,unit,Gino D'Acampo Black Fast Boil Kettle 1.7L,20240413,drinks,False,False,Gino D'Acampo Black Fast Boil Kettle 1.7L,,,,,,,1700.0,ml,,False,,,,Gino D'Acampo Black Fast Boil Kettle,gino d acampo black fast boil kettle
ASDA,3.5,3.5,unit,Disney Nightmare Before Christmas Cappucino Mug,20240413,drinks,False,False,Disney Nightmare Before Christmas Cappucino Mug,,,,,,,,,,False,,,,Disney Nightmare Before Christmas Cappucino Mug,disney nightmare before christmas cappucino mug
ASDA,1.5,1.5,unit,George Home Flying Pig Single Mug,20240413,drinks,True,False,George Home Flying Pig Single Mug,George Home,standard,,,,,,,,False,,,,Flying Pig Single Mug,flying pig single mug
ASDA,4.0,4.0,unit,George Home White Reactive Glaze Bubble Mug,20240413,drinks,True,False,George Home White Reactive Glaze Bubble Mug,George Home,standard,,,,,,,,False,,,{'bakery_type': ['white']},White Reactive Glaze Bubble Mug,white reactive glaze bubble mug
ASDA,2.5,2.5,unit,George Home Red Alphabet Glass Mug - N,20240413,drinks,True,False,George Home Red Alphabet Glass Mug - N,George Home,standard,,,,,,,,False,,,,Red Alphabet Glass Mug - N,red alphabet glass mug n
ASDA,3.0,3.0,unit,George Home Blue & White Reactive Glaze 'Dad' Mug,20240413,drinks,True,False,George Home Blue & White Reactive Glaze 'Dad' Mug,George Home,standard,,,,,,,,False,,,{'bakery_type': ['white']},Blue and White Reactive Glaze 'Dad' Mug,blue and white reactive glaze dad mug
ASDA,3.5,3.5,unit,George Home Squirrel Shaped Single Mug,20240413,drinks,True,False,George Home Squirrel Shaped Single Mug,George Home,standard,,,,,,,,False,,,,Squirrel Shaped Single Mug,squirrel shaped single mug
ASDA,2.0,2.0,unit,ASDA Organic Lettuce (Variety may vary),20240413,fresh_food,True,False,ASDA Organic Lettuce (Variety may vary),ASDA,standard,,,,,,,,False,organic,organic,,Lettuce (Variety may vary),lettuce variety may vary
ASDA,0.75,0.75,unit,ASDA Beef Tomato,20240413,fresh_food,True,False,ASDA Beef Tomato,ASDA,standard,,,,,,,,False,,,,Beef Tomato,beef tomato
ASDA,0.9,2.25,kg,ASDA Smooth & Buttery Classic Mash,20240413,fresh_food,True,False,ASDA Smooth & Buttery Classic Mash,ASDA,standard,,,,,400.0,g,,True,,,{'texture': ['smooth']},Smooth and Buttery Classic Mash,smooth and buttery classic mash
ASDA,0.95,3.8,kg,ASDA Mild & Versatile Sliced Mushrooms,20240413,fresh_food,True,False,ASDA Mild & Versatile Sliced Mushrooms,ASDA,standard,,,,,250.0,g,,True,,,"{'flavor': ['mild'], 'form': ['sliced'], 'maturity': ['mild']}",Mild and Versatile Sliced Mushrooms,mild and versatile sliced mushrooms
ASDA,1.1,3.67,kg,ASDA Extra Special Echalion Shallots,20240413,fresh_food,True,False,ASDA Extra Special Echalion Shallots,ASDA Extra Special,premium,Extra Special,,,,300.0,g,,True,,,,Echalion Shallots,echalion shallots
ASDA,1.25,7.3,kg,Ginsters Peppered Steak Slice,20240413,fresh_food,False,False,Ginsters Peppered Steak Slice,,,,Ginsters,,,170.0,g,,True,,,{'cut_meat': ['steak']},Peppered Steak Slice,ginsters peppered steak slice
ASDA,1.69,5.5,kg,Heinz Original Sandwich Spread,20240413,fresh_food,False,False,Heinz Original Sandwich Spread,,,,Heinz,,,300.0,g,,True,,,,Original Sandwich Spread,heinz original sandwich spread
ASDA,2.0,6.5,kg,Oreo Chocolate Sandwich Biscuit Twin Pack,20240413,fresh_food,False,False,Oreo Chocolate Sandwich Biscuit Twin Pack,,,,Oreo,,,300.0,g,,True,,,,Chocolate Sandwich Biscuit Twin Pack,oreo chocolate sandwich biscuit twin pack
ASDA,1.3,3.9,l,Capri-Sun Orange Juice Drink,20240413,fresh_food,False,False,Capri-Sun Orange Juice Drink,,,,,,,330.0,ml,,True,,,,Capri-Sun Orange Juice Drink,capri sun orange juice drink
ASDA,1.6,23.7,kg,Fridge Raiders Slow Roasted Chicken Snack Bites,20240413,fresh_food,False,False,Fridge Raiders Slow Roasted Chicken Snack Bites,,,,Fridge Raiders,,,67.5,g,,True,,,{'cooking_method': ['roasted']},Slow Roasted Chicken Snack Bites,fridge raiders slow roasted chicken snack bites
ASDA,1.5,5.0,kg,Munch Bunch Squashums Yogurt Strawberry 5 x 60g (300g),20240413,fresh_food,False,False,Munch Bunch Squashums Yogurt Strawberry 5 x 60g (300g),,,,Munch Bunch,5.0,count_x_size,300.0,g,,False,,,,Squashums Yogurt Strawberry,munch bunch squashums yogurt strawberry
ASDA,1.75,5.8,kg,ASDA 2 Chicken Tikka Slices,20240413,fresh_food,True,False,ASDA 2 Chicken Tikka Slices,ASDA,standard,,,2.0,leading_count,300.0,g,,True,,,,Chicken Tikka Slices,chicken tikka slices
ASDA,1.75,2.4,l,Happy Monkey Orange & Mango Smoothie,20240413,fresh_food,False,False,Happy Monkey Orange & Mango Smoothie,,,,,,,710.0,ml,,True,,,,Happy Monkey Orange and Mango Smoothie,happy monkey orange and mango smoothie
ASDA,1.95,13.93,kg,Quorn 14 Cocktail Sausages 140g,20240413,fresh_food,False,False,Quorn 14 Cocktail Sausages 140g,,,,Quorn,,,140.0,g,,False,,,,14 Cocktail Sausages,quorn 14 cocktail sausages
ASDA,2.0,1.2,l,ASDA Apple & Blackcurrant Kids Juice Drinks,20240413,drinks,True,False,ASDA Apple & Blackcurrant Kids Juice Drinks,ASDA,standard,,,,,1666.7,ml,,True,,,,Apple and Blackcurrant Kids Juice Drinks,apple and blackcurrant kids juice drinks
ASDA,1.55,3.1,kg,ASDA Sultanas,20240413,food_cupboard,True,False,ASDA Sultanas,ASDA,standard,,,,,500.0,g,,True,,,,Sultanas,sultanas
ASDA,1.25,2.5,kg,ASDA Seedless Raisins,20240413,food_cupboard,True,False,ASDA Seedless Raisins,ASDA,standard,,,,,500.0,g,,True,,,{'prep_produce': ['seedless']},Seedless Raisins,seedless raisins
ASDA,1.0,1.0,unit,George Home Sieve,20240413,food_cupboard,True,False,George Home Sieve,George Home,standard,,,,,,,,False,,,,Sieve,sieve
ASDA,1.75,15.2,kg,Dr. Oetker Chocolatey Caramel Crunch Sprinkles Mix,20240413,food_cupboard,False,False,Dr. Oetker Chocolatey Caramel Crunch Sprinkles Mix,,,,Dr. Oetker,,,115.1,g,,True,,,,Chocolatey Caramel Crunch Sprinkles Mix,dr oetker chocolatey caramel crunch sprinkles mix
ASDA,1.75,6.0,kg,ASDA Chocolate Cupcake Kit 290g,20240413,food_cupboard,True,False,ASDA Chocolate Cupcake Kit 290g,ASDA,standard,,,,,290.0,g,,False,,,,Chocolate Cupcake Kit,chocolate cupcake kit
ASDA,1.25,12.5,kg,Dr Oetker Milk Chocolate 100g,20240413,food_cupboard,False,False,Dr Oetker Milk Chocolate 100g,,,,Dr Oetker,,,100.0,g,,False,,,,Milk Chocolate,dr oetker milk chocolate
ASDA,5.5,5.5,unit,George Home Disney Stitch Love Rolling Pin,20240413,food_cupboard,True,False,George Home Disney Stitch Love Rolling Pin,George Home,standard,,,,,,,,False,,,,Disney Stitch Love Rolling Pin,disney stitch love rolling pin
ASDA,3.0,7.06,kg,Betty Crocker Velvety Vanilla Cake Mix,20240413,food_cupboard,False,False,Betty Crocker Velvety Vanilla Cake Mix,,,,Betty Crocker,,,425.0,g,,True,,,,Velvety Vanilla Cake Mix,betty crocker velvety vanilla cake mix
ASDA,3.0,7.5,kg,Cadbury Fudge Flavour Icing,20240413,food_cupboard,False,False,Cadbury Fudge Flavour Icing,,,,Cadbury,,,400.0,g,,True,,,,Fudge Flavour Icing,cadbury fudge flavour icing
ASDA,2.0,8.0,kg,Country Life British Salted Butter,20240413,food_cupboard,False,False,Country Life British Salted Butter,,,,Country Life,,,250.0,g,,True,,,,British Salted Butter,country life british salted butter
ASDA,2.15,10.75,kg,Lurpak Unsalted Butter,20240413,food_cupboard,False,False,Lurpak Unsalted Butter,,,,Lurpak,,,200.0,g,,True,,,,Unsalted Butter,lurpak unsalted butter
ASDA,2.2,4.4,l,Fever-Tree Mediterranean Tonic Water,20240413,drinks,False,False,Fever-Tree Mediterranean Tonic Water,,,,Fever-tree,,,500.0,ml,,True,,,,Mediterranean Tonic Water,fever tree mediterranean tonic water
ASDA,0.65,0.7,l,ASDA Diet Indian Tonic Water with Lime,20240413,drinks,True,False,ASDA Diet Indian Tonic Water with Lime,ASDA,standard,,,,,946.0,ml,,True,,,,Diet Indian Tonic Water with Lime,diet indian tonic water with lime
ASDA,1.3,5.2,l,J2O Mocktails White Peach & Mango Daiquiri 250ml,20240413,drinks,False,False,J2O Mocktails White Peach & Mango Daiquiri 250ml,,,,J2o,,,250.0,ml,,False,,,{'bakery_type': ['white']},Mocktails White Peach and Mango Daiquiri,j2o mocktails white peach and mango daiquiri
ASDA,1.4,6.36,kg,Ben's Original Egg Fried Rice Microwavable Rice,20240413,food_cupboard,False,False,Ben's Original Egg Fried Rice Microwavable Rice,,,,Ben's Original,,,220.0,g,,True,,,{'cooking_method': ['fried']},Egg Fried Rice Microwavable Rice,ben s original egg fried rice microwavable rice
ASDA,1.0,4.0,kg,Tilda Lemon Basmati Rice,20240413,food_cupboard,False,False,Tilda Lemon Basmati Rice,,,,Tilda,,,250.0,g,,True,,,,Lemon Basmati Rice,tilda lemon basmati rice
ASDA,2.0,8.0,kg,The Gym Kitchen Barbeque Lentils,20240413,food_cupboard,False,False,The Gym Kitchen Barbeque Lentils,,,,,,,250.0,g,,True,,,,The Gym Kitchen Barbeque Lentils,the gym kitchen barbeque lentils
ASDA,0.69,1.38,kg,ASDA Farfalle,20240413,food_cupboard,True,False,ASDA Farfalle,ASDA,standard,,,,,500.0,g,,True,,,,Farfalle,farfalle
ASDA,10.0,3.33,unit,Sistema Sistema 1.15L Square Klip It Plus 3 Pack,20240413,food_cupboard,False,False,Sistema Sistema 1.15L Square Klip It Plus 3 Pack,,,,Sistema,3.0,count_pack,1150.0,ml,,False,,,,Sistema Square Klip It Plus,sistema sistema square klip it plus
ASDA,6.0,2.0,unit,George Home Grey Workstop Storage Canisters,20240413,food_cupboard,True,False,George Home Grey Workstop Storage Canisters,George Home,standard,,,,,,,,False,,,,Grey Workstop Storage Canisters,grey workstop storage canisters
ASDA,7.0,7.0,unit,Sistema Bento Cube to Go,20240413,food_cupboard,False,False,Sistema Bento Cube to Go,,,,Sistema,,,,,,False,,,,Bento Cube to Go,sistema bento cube to go
ASDA,1.25,6.6,kg,Ritz Breaks Original Crackers,20240413,food_cupboard,False,False,Ritz Breaks Original Crackers,,,,Ritz,,,190.0,g,,True,,,,Breaks Original Crackers,ritz breaks original crackers
ASDA,0.85,5.7,kg,Fox's Jam 'n' Cream Biscuit Rings,20240413,food_cupboard,False,False,Fox's Jam 'n' Cream Biscuit Rings,,,,Fox's,,,150.0,g,,True,,,,Jam 'n' Cream Biscuit Rings,fox s jam n cream biscuit rings
ASDA,1.75,4.4,kg,McVitie's Dark Chocolate Digestive Biscuits 400g,20240413,food_cupboard,False,False,McVitie's Dark Chocolate Digestive Biscuits 400g,,,,Mcvitie's,,,400.0,g,,False,,,,Dark Chocolate Digestive Biscuits,mcvitie s dark chocolate digestive biscuits
ASDA,1.25,11.8,kg,Bahlsen Pick Up! Minis Milk Chocolate Biscuit Bars 10 pack,20240413,food_cupboard,False,False,Bahlsen Pick Up! Minis Milk Chocolate Biscuit Bars 10 pack,,,,Bahlsen,10.0,count_pack,105.9,g,,True,,,,Pick Up! Minis Milk Chocolate Biscuit Bars,bahlsen pick up minis milk chocolate biscuit bars
ASDA,1.0,7.8,kg,"McVitie's Gold Caramel Flavour Biscuit Bars Multipack 7 x 18.3g, 128g",20240413,food_cupboard,False,False,"McVitie's Gold Caramel Flavour Biscuit Bars Multipack 7 x 18.3g, 128g",,,,Mcvitie's,7.0,count_x_size,128.0,g,,False,,,{'packaging': ['multipack']},Gold Caramel Flavour Biscuit Bars Multipack,mcvitie s gold caramel flavour biscuit bars multipack
ASDA,2.0,12.5,kg,Nairn's Gluten Free Biscuit Breaks Oats & Stem Ginger,20240413,food_cupboard,False,False,Nairn's Gluten Free Biscuit Breaks Oats & Stem Ginger,,,,Nairn's,,,160.0,g,,True,free_from,gluten free,,Biscuit Breaks Oats and Stem Ginger,nairn s biscuit breaks oats and stem ginger
ASDA,2.9,9.1,kg,Twix Caramel & Milk Chocolate Fingers Biscuit Snack Bars Large Multipack 16 x 20g,20240413,food_cupboard,False,False,Twix Caramel & Milk Chocolate Fingers Biscuit Snack Bars Large Multipack 16 x 20g,,,,Twix,16.0,count_x_size,320.0,g,,False,,,{'packaging': ['multipack']},Caramel and Milk Chocolate Fingers Biscuit Snack Bars Large Multipack,twix caramel and milk chocolate fingers biscuit snack bars large multipack
ASDA,1.3,10.4,kg,ASDA Free From Custard Creams,20240413,food_cupboard,True,False,ASDA Free From Custard Creams,ASDA Free From,dietary,Free From,,,,125.0,g,,True,,,,Custard Creams,custard creams
ASDA,2.19,17.5,kg,Ryvita Thins Sweet Chilli Flatbread Crackers 125g,20240413,food_cupboard,False,False,Ryvita Thins Sweet Chilli Flatbread Crackers 125g,,,,Ryvita,,,125.0,g,,False,,,{'flavor': ['sweet']},Thins Sweet Chilli Flatbread Crackers,ryvita thins sweet chilli flatbread crackers
ASDA,1.85,16.7,kg,Bahlsen Choco Leibniz Orange 111g,20240413,food_cupboard,False,False,Bahlsen Choco Leibniz Orange 111g,,,,Bahlsen,,,111.0,g,,False,,,,Choco Leibniz Orange,bahlsen choco leibniz orange
ASDA,0.55,5.5,kg,Stockans Thin Oatcakes,20240413,food_cupboard,False,False,Stockans Thin Oatcakes,,,,,,,100.0,g,,True,,,{'texture': ['thin']},Stockans Thin Oatcakes,stockans thin oatcakes
ASDA,2.25,26.8,kg,Kallo Belgian Milk Chocolate Rice Cake Minis,20240413,food_cupboard,False,False,Kallo Belgian Milk Chocolate Rice Cake Minis,,,,Kallo,,,84.0,g,,True,,,,Belgian Milk Chocolate Rice Cake Minis,kallo belgian milk chocolate rice cake minis
ASDA,3.25,6.5,l,Belvoir Fruit Farms Farm Best of British Elderflower Cordial,20240413,drinks,False,False,Belvoir Fruit Farms Farm Best of British Elderflower Cordial,,,,Belvoir,,,500.0,ml,,True,,,,Fruit Farms Farm Best of British Elderflower Cordial,belvoir fruit farms farm best of british elderflower cordial
ASDA,2.85,4.7,kg,"ASDA Extra Special Sweet Potato, Butternut Squash, Coconut & Chilli Soup",20240413,drinks,True,False,"ASDA Extra Special Sweet Potato, Butternut Squash, Coconut & Chilli Soup",ASDA Extra Special,premium,Extra Special,,,,600.0,g,,True,,,{'flavor': ['sweet']},"Sweet Potato, Butternut Squash, Coconut and Chilli Soup",sweet potato butternut squash coconut and chilli soup
ASDA,0.25,3.85,kg,JUST ESSENTIALS by ASDA Chicken Flavour Instant Noodles,20240413,food_cupboard,True,False,JUST ESSENTIALS by ASDA Chicken Flavour Instant Noodles,Just Essentials by ASDA,value,Just Essentials,,,,64.9,g,,True,,,,Chicken Flavour Instant Noodles,chicken flavour instant noodles
ASDA,1.75,6.4,kg,Dole Fruit Salad 4 Pack Fruit Snack,20240413,food_cupboard,False,False,Dole Fruit Salad 4 Pack Fruit Snack,,,,,4.0,count_pack,270.0,g,,True,,,,Dole Fruit Salad Fruit Snack,dole fruit salad fruit snack
ASDA,0.5,6.25,kg,ASDA Crisp & Juicy Apple Slices & Grapes,20240413,food_cupboard,True,False,ASDA Crisp & Juicy Apple Slices & Grapes,ASDA,standard,,,,,80.0,g,,True,,,,Crisp and Juicy Apple Slices and Grapes,crisp and juicy apple slices and grapes
ASDA,2.5,6.25,kg,ASDA Ripe & Sweet Strawberries,20240413,fresh_food,True,False,ASDA Ripe & Sweet Strawberries,ASDA,standard,,,,,400.0,g,,True,,,{'flavor': ['sweet']},Ripe and Sweet Strawberries,ripe and sweet strawberries
ASDA,2.0,10.0,kg,ASDA Cashews,20240413,fresh_food,True,False,ASDA Cashews,ASDA,standard,,,,,200.0,g,,True,,,,Cashews,cashews
ASDA,4.25,30.4,kg,Tropical Sun Buffalo Wing Seasoned Almonds,20240413,fresh_food,False,False,Tropical Sun Buffalo Wing Seasoned Almonds,,,,,,,140.0,g,,True,,,,Tropical Sun Buffalo Wing Seasoned Almonds,tropical sun buffalo wing seasoned almonds
ASDA,6.0,6.0,unit,ASDA Carefully Selected Isabella Bouquet,20240413,fresh_food,True,False,ASDA Carefully Selected Isabella Bouquet,ASDA,standard,,,,,,,,False,,,,Carefully Selected Isabella Bouquet,carefully selected isabella bouquet
ASDA,8.0,8.0,unit,ASDA Mixed Roses,20240413,fresh_food,True,False,ASDA Mixed Roses,ASDA,standard,,,,,,,,False,,,,Mixed Roses,mixed roses
ASDA,25.0,35.71,l,"Jameson Irish Whiskey x Portsmouth FC ‘97 Football Limited Edition Bottle, 70cl (Various Clubs Available)",20240413,drinks,False,False,"Jameson Irish Whiskey x Portsmouth FC ‘97 Football Limited Edition Bottle, 70cl (Various Clubs Available)",,,,Jameson,,,700.0,ml,,False,,,{'packaging': ['bottle']},"Irish Whiskey x Portsmouth FC ‘97 Football Limited Edition Bottle, (Various Clubs Available)",jameson irish whiskey x portsmouth fc 97 football limited edition bottle various clubs available
ASDA,27.0,38.57,l,BrewDog LoneWolf London Dry Gin,20240413,drinks,False,False,BrewDog LoneWolf London Dry Gin,,,,Brewdog,,,700.0,ml,,True,,,,LoneWolf London Dry Gin,brewdog lonewolf london dry gin
ASDA,25.0,35.71,l,Monkey Shoulder Blended Malt Scotch Whisky,20240413,drinks,False,False,Monkey Shoulder Blended Malt Scotch Whisky,,,,,,,700.0,ml,,True,,,,Monkey Shoulder Blended Malt Scotch Whisky,monkey shoulder blended malt scotch whisky
ASDA,40.0,57.14,l,Aberlour 12 Years Old Speyside Single Malt Scotch Whisky,20240413,drinks,False,False,Aberlour 12 Years Old Speyside Single Malt Scotch Whisky,,,,,,,700.0,ml,,True,,,,Aberlour 12 Years Old Speyside Single Malt Scotch Whisky,aberlour 12 years old speyside single malt scotch whisky
ASDA,2.2,8.8,l,Captain Morgan Strawberry Daiquiri Ready To Drink Can,20240413,drinks,False,False,Captain Morgan Strawberry Daiquiri Ready To Drink Can,,,,Captain Morgan,,,250.0,ml,,True,,,{'packaging': ['can']},Strawberry Daiquiri Ready To Drink Can,captain morgan strawberry daiquiri ready to drink can
ASDA,6.5,86.64,l,Gallo Family Vineyards Merlot,20240413,drinks,False,False,Gallo Family Vineyards Merlot,,,,Gallo,,,750.0,ml,,True,,,,Family Vineyards Merlot,gallo family vineyards merlot
ASDA,10.5,139.96,l,Macon-Villages Reserve Chardonnay 750ml,20240413,drinks,False,False,Macon-Villages Reserve Chardonnay 750ml,,,,,,,750.0,ml,,False,,,,Macon-Villages Reserve Chardonnay,macon villages reserve chardonnay
ASDA,1.99,0.99,l,ASDA Cider Original,20240413,drinks,True,False,ASDA Cider Original,ASDA,standard,,,,,2000.0,ml,,True,,,,Cider Original,cider original
ASDA,10.0,133.3,l,Apothic Cabernet Sauvignon,20240413,drinks,False,False,Apothic Cabernet Sauvignon,,,,Apothic,,,750.0,ml,,True,,,,Cabernet Sauvignon,apothic cabernet sauvignon
ASDA,11.0,146.63,l,Rosemount Estate Cabernet Sauvignon 750ml,20240413,drinks,False,False,Rosemount Estate Cabernet Sauvignon 750ml,,,,,,,750.0,ml,,False,,,,Rosemount Estate Cabernet Sauvignon,rosemount estate cabernet sauvignon
ASDA,3.5,8.75,kg,ASDA 4 Hot & Spicy Chicken Breast Fillet Burgers,20240413,frozen,True,False,ASDA 4 Hot & Spicy Chicken Breast Fillet Burgers,ASDA,standard,,,4.0,leading_count,400.0,g,,True,,,"{'flavor': ['spicy', 'hot'], 'cut_meat': ['burgers', 'breast', 'fillet']}",Hot and Spicy Chicken Breast Fillet Burgers,hot and spicy chicken breast fillet burgers
ASDA,5.25,5.25,kg,Jahan Chicken Breast Fillets,20240413,frozen,False,False,Jahan Chicken Breast Fillets,,,,,,,1000.0,g,,True,,,{'cut_meat': ['breast']},Jahan Chicken Breast Fillets,jahan chicken breast fillets
ASDA,3.5,17.5,kg,Tiger Tiger Thai Style Fish Cake 200g,20240413,frozen,True,False,Tiger Tiger Thai Style Fish Cake 200g,,,,Tiger,,,200.0,g,,False,,,,Tiger Thai Style Fish Cake,tiger tiger thai style fish cake
ASDA,4.0,8.16,kg,Chicago Town Takeaway Vegan Medium Stuffed Sticky BBQ Jackfruit Pizza,20240413,frozen,False,False,Chicago Town Takeaway Vegan Medium Stuffed Sticky BBQ Jackfruit Pizza,,,,Chicago Town,,,500.0,g,,True,diet,vegan,"{'cooking_method': ['bbq'], 'flavor': ['medium']}",Takeaway Medium Stuffed Sticky BBQ Jackfruit Pizza,chicago town takeaway medium stuffed sticky bbq jackfruit pizza
ASDA,2.0,4.42,kg,Plant Based by ASDA 16 Veggie Fingers,20240413,frozen,True,False,Plant Based by ASDA 16 Veggie Fingers,,,,,,,450.0,g,,True,diet,plant based,,by ASDA 16 Veggie Fingers,by asda 16 veggie fingers
ASDA,2.5,9.69,kg,Chicago Town Tiger Crust Garlic Bread Cheesy,20240413,frozen,True,False,Chicago Town Tiger Crust Garlic Bread Cheesy,,,,Chicago Town,,,258.0,g,,True,,,,Tiger Crust Garlic Bread Cheesy,chicago town tiger crust garlic bread cheesy
ASDA,3.3,11.0,kg,Young's Chip Shop 2 Extra Large Fish Fillets,20240413,frozen,False,False,Young's Chip Shop 2 Extra Large Fish Fillets,,,,Young's,,,300.0,g,,True,,,,Chip Shop 2 Extra Large Fish Fillets,young s chip shop 2 extra large fish fillets
ASDA,3.25,10.83,kg,Young's Chip Shop 2 Extra Large Salt & Vinegar Batter Fish Fillets 300g,20240413,frozen,False,False,Young's Chip Shop 2 Extra Large Salt & Vinegar Batter Fish Fillets 300g,,,,Young's,,,300.0,g,,False,,,,Chip Shop 2 Extra Large Salt and Vinegar Batter Fish Fillets,young s chip shop 2 extra large salt and vinegar batter fish fillets
ASDA,4.5,3.21,kg,ASDA Beef Lasagne,20240413,frozen,True,False,ASDA Beef Lasagne,ASDA,standard,,,,,1401.9,g,,True,,,,Beef Lasagne,beef lasagne
ASDA,1.75,4.38,kg,ASDA Chicken & Bacon Pasta Bake 400g,20240413,frozen,True,False,ASDA Chicken & Bacon Pasta Bake 400g,ASDA,standard,,,,,400.0,g,,False,,,,Chicken and Bacon Pasta Bake,chicken and bacon pasta bake
ASDA,3.0,7.5,kg,Goodfella's Fiery Vegetable Arrabbiata 400g,20240413,frozen,False,False,Goodfella's Fiery Vegetable Arrabbiata 400g,,,,Goodfella's,,,400.0,g,,False,,,,Fiery Vegetable Arrabbiata,goodfella s fiery vegetable arrabbiata
ASDA,3.0,10.71,kg,Oumph! Mexican Spiced Fajita 280g,20240413,frozen,False,False,Oumph! Mexican Spiced Fajita 280g,,,,,,,280.0,g,,False,,,,Oumph! Mexican Spiced Fajita,oumph mexican spiced fajita
ASDA,3.75,7.5,kg,Gino's Premium Hot n' Spicy Chicken Fillets,20240413,frozen,False,False,Gino's Premium Hot n' Spicy Chicken Fillets,,,,,,,500.0,g,,True,,,"{'flavor': ['spicy', 'hot']}",Gino's Premium Hot n' Spicy Chicken Fillets,gino s premium hot n spicy chicken fillets
ASDA,2.5,11.1,l,Del Monte Cloudy Lemonade Ice Lollies,20240413,frozen,False,False,Del Monte Cloudy Lemonade Ice Lollies,,,,,,,225.2,ml,,True,,,,Del Monte Cloudy Lemonade Ice Lollies,del monte cloudy lemonade ice lollies
ASDA,5.35,12.7,l,Haagen-Dazs Macaron Vanilla & Blueberry Ice Cream 364g,20240413,frozen,False,False,Haagen-Dazs Macaron Vanilla & Blueberry Ice Cream 364g,,,,Haagen-dazs,,,364.0,g,,False,,,,Macaron Vanilla and Blueberry Ice Cream,haagen dazs macaron vanilla and blueberry ice cream
ASDA,0.9,5.6,kg,Muller Light Fat Free Banana and Custard Yogurt,20240413,fresh_food,False,False,Muller Light Fat Free Banana and Custard Yogurt,,,,Muller,,,160.0,g,,True,diet,fat free,,Light Banana and Custard Yogurt,muller light banana and custard yogurt
ASDA,2.1,5.3,kg,Alpro Greek Style Plain Yoghurt Alternative,20240413,fresh_food,False,False,Alpro Greek Style Plain Yoghurt Alternative,,,,Alpro,,,400.0,g,,True,,,,Greek Style Plain Yoghurt Alternative,alpro greek style plain yoghurt alternative
ASDA,3.75,21.8,kg,GU Banoffee Cheesecake 2 x 86g (172g),20240413,fresh_food,False,False,GU Banoffee Cheesecake 2 x 86g (172g),,,,Gu,2.0,count_x_size,172.0,g,,False,,,,Banoffee Cheesecake,gu banoffee cheesecake
ASDA,2.0,16.7,kg,ASDA Sliced Butter Roast Turkey,20240413,fresh_food,True,False,ASDA Sliced Butter Roast Turkey,ASDA,standard,,,,,120.0,g,,True,,,{'form': ['sliced']},Sliced Butter Roast Turkey,sliced butter roast turkey
ASDA,2.95,24.6,kg,ASDA Extra Special Thickly Carved Honey Roast Ham,20240413,fresh_food,True,False,ASDA Extra Special Thickly Carved Honey Roast Ham,ASDA Extra Special,premium,Extra Special,,,,120.0,g,,True,,,,Thickly Carved Honey Roast Ham,thickly carved honey roast ham
ASDA,2.2,8.3,kg,Gosh! Spinach & Pine Nut Bites 266g,20240413,fresh_food,False,False,Gosh! Spinach & Pine Nut Bites 266g,,,,Gosh,,,266.0,g,,False,,,,! Spinach and Pine Nut Bites,gosh spinach and pine nut bites
ASDA,2.0,16.7,kg,ASDA Finely Sliced Bavarian Style Ham,20240413,fresh_food,True,False,ASDA Finely Sliced Bavarian Style Ham,ASDA,standard,,,,,120.0,g,,True,,,{'form': ['sliced']},Finely Sliced Bavarian Style Ham,finely sliced bavarian style ham
ASDA,2.95,32.8,kg,ASDA Extra Special Finely Sliced Pastrami,20240413,fresh_food,True,False,ASDA Extra Special Finely Sliced Pastrami,ASDA Extra Special,premium,Extra Special,,,,90.0,g,,True,,,{'form': ['sliced']},Finely Sliced Pastrami,finely sliced pastrami
ASDA,4.95,9.0,kg,ASDA Slow Cooked Salt & Pepper Mini Ribs 550g,20240413,fresh_food,True,False,ASDA Slow Cooked Salt & Pepper Mini Ribs 550g,ASDA,standard,,,,,550.0,g,,False,,,,Slow Cooked Salt and Pepper Mini Ribs,slow cooked salt and pepper mini ribs
ASDA,1.3,17.3,kg,Csabahús Pepperoni Snack Hot,20240413,fresh_food,False,False,Csabahús Pepperoni Snack Hot,,,,,,,75.0,g,,True,,,{'flavor': ['hot']},Csabahús Pepperoni Snack Hot,csabahus pepperoni snack hot
ASDA,3.6,8.2,kg,ASDA Roast Chicken Thighs,20240413,fresh_food,True,False,ASDA Roast Chicken Thighs,ASDA,standard,,,,,450.0,g,,True,,,,Roast Chicken Thighs,roast chicken thighs
ASDA,0.69,3.9,kg,ASDA Smooth Brussels Pate,20240413,fresh_food,True,False,ASDA Smooth Brussels Pate,ASDA,standard,,,,,175.0,g,,True,,,{'texture': ['smooth']},Smooth Brussels Pate,smooth brussels pate
ASDA,13.0,13.0,unit,Tefal Essential 24cm Frying Pan,20240413,fresh_food,False,False,Tefal Essential 24cm Frying Pan,,,,,,,,,,False,,,,Tefal Essential 24cm Frying Pan,tefal essential 24cm frying pan
ASDA,19.0,19.0,unit,Tefal Essential 32cm Frying Pan,20240413,fresh_food,False,False,Tefal Essential 32cm Frying Pan,,,,,,,,,,False,,,,Tefal Essential 32cm Frying Pan,tefal essential 32cm frying pan
ASDA,5.0,11.9,kg,ASDA Tandoori Tikka Chicken & Bhaji Crumb 420g,20240413,fresh_food,True,False,ASDA Tandoori Tikka Chicken & Bhaji Crumb 420g,ASDA,standard,,,,,420.0,g,,False,,,{'texture': ['crumb']},Tandoori Tikka Chicken and Bhaji Crumb,tandoori tikka chicken and bhaji crumb
ASDA,3.5,6.2,kg,Nestle Shreddies The Coco One,20240413,food_cupboard,False,False,Nestle Shreddies The Coco One,,,,Nestle,,,550.0,g,,True,,,,Shreddies The Coco One,nestle shreddies the coco one
ASDA,1.25,1.2,kg,ASDA Scottish Porridge Oats,20240413,food_cupboard,True,False,ASDA Scottish Porridge Oats,ASDA,standard,,,,,1041.7,g,,True,,,,Scottish Porridge Oats,scottish porridge oats
ASDA,0.9,0.9,kg,JUST ESSENTIALS by ASDA Porridge Oats,20240413,food_cupboard,True,False,JUST ESSENTIALS by ASDA Porridge Oats,Just Essentials by ASDA,value,Just Essentials,,,,1000.0,g,,True,,,,Porridge Oats,porridge oats
ASDA,1.7,3.8,kg,ASDA Free From Pure Porridge Oats,20240413,food_cupboard,True,False,ASDA Free From Pure Porridge Oats,ASDA Free From,dietary,Free From,,,,450.0,g,,True,,,,Pure Porridge Oats,pure porridge oats
ASDA,2.5,5.0,l,Healeys Cider,20240413,drinks,False,False,Healeys Cider,,,,,,,500.0,ml,,True,,,,Healeys Cider,healeys cider
ASDA,2.55,10.2,kg,ASDA Mature Grated Cheddar 250g,20240413,fresh_food,True,False,ASDA Mature Grated Cheddar 250g,ASDA,standard,,,,,250.0,g,,False,,,"{'form': ['grated'], 'maturity': ['mature']}",Mature Grated Cheddar,mature grated cheddar
ASDA,2.5,13.89,kg,Castello Cheese Bake Mozzarella & Maasdam Grated Cheese 180g,20240413,fresh_food,True,False,Castello Cheese Bake Mozzarella & Maasdam Grated Cheese 180g,,,,Castello,,,180.0,g,,False,,,{'form': ['grated']},Cheese Bake Mozzarella and Maasdam Grated Cheese,castello cheese bake mozzarella and maasdam grated cheese
ASDA,1.5,12.0,kg,Castello Chives & Spring Onion Cream Cheese Ring 125g,20240413,fresh_food,False,False,Castello Chives & Spring Onion Cream Cheese Ring 125g,,,,Castello,,,125.0,g,,False,,,,Chives and Spring Onion Cream Cheese Ring,castello chives and spring onion cream cheese ring
ASDA,3.35,18.61,kg,ASDA Extra Special Langres A.O.P.,20240413,fresh_food,True,False,ASDA Extra Special Langres A.O.P.,ASDA Extra Special,premium,Extra Special,,,,175.0,g,,True,,,,Langres A.O.P,langres a o p
ASDA,2.7,9.0,kg,ASDA Golden 2 Breaded Haddock Fillets 300g,20240413,fresh_food,True,False,ASDA Golden 2 Breaded Haddock Fillets 300g,ASDA,standard,,,,,300.0,g,,False,,,{'texture': ['breaded']},Golden 2 Breaded Haddock Fillets,golden 2 breaded haddock fillets
ASDA,0.7,4.49,kg,JUST ESSENTIALS by ASDA Sliced Mushrooms,20240413,food_cupboard,True,False,JUST ESSENTIALS by ASDA Sliced Mushrooms,Just Essentials by ASDA,value,Just Essentials,,,,160.0,g,,True,,,{'form': ['sliced']},Sliced Mushrooms,sliced mushrooms
ASDA,2.75,1.72,kg,Heinz Chopped Tomatoes,20240413,food_cupboard,False,False,Heinz Chopped Tomatoes,,,,Heinz,,,1598.8,g,,True,,,{'form': ['chopped']},Chopped Tomatoes,heinz chopped tomatoes
ASDA,1.25,3.1,kg,Crosse & Blackwell Cream of Tomato 400g,20240413,food_cupboard,False,False,Crosse & Blackwell Cream of Tomato 400g,,,,Crosse And Blackwell,,,400.0,g,,False,,,,Cream of Tomato,crosse and blackwell cream of tomato
ASDA,0.7,1.75,kg,ASDA Mixed Beans 400g,20240413,food_cupboard,True,False,ASDA Mixed Beans 400g,ASDA,standard,,,,,400.0,g,,False,,,,Mixed Beans,mixed beans
ASDA,4.25,12.9,kg,John West HEART No Drain Tuna Steak with Rapeseed Oil,20240413,food_cupboard,False,False,John West HEART No Drain Tuna Steak with Rapeseed Oil,,,,John West,,,320.0,g,,True,,,{'cut_meat': ['steak']},HEART No Drain Tuna Steak with Rapeseed Oil,john west heart no drain tuna steak with rapeseed oil
ASDA,3.75,2.26,kg,Heinz No Added Sugar Baked Beans in a Rich Tomato Sauce,20240413,food_cupboard,False,False,Heinz No Added Sugar Baked Beans in a Rich Tomato Sauce,,,,Heinz,,,1659.3,g,,True,diet,no added sugar,{'cooking_method': ['baked']},Baked Beans in a Rich Tomato Sauce,heinz baked beans in a rich tomato sauce
ASDA,0.95,7.36,kg,ASDA Strawberries in Light Syrup,20240413,food_cupboard,True,False,ASDA Strawberries in Light Syrup,ASDA,standard,,,,,130.0,g,,True,,,,Strawberries in Light Syrup,strawberries in light syrup
ASDA,2.6,5.7,l,Tiger Tiger Sriracha Mayo Sauce,20240413,food_cupboard,True,False,Tiger Tiger Sriracha Mayo Sauce,,,,Tiger,,,450.0,ml,,True,,,,Tiger Sriracha Mayo Sauce,tiger tiger sriracha mayo sauce
ASDA,2.2,7.9,l,Lingham's Chilli Sauce 358g,20240413,food_cupboard,False,False,Lingham's Chilli Sauce 358g,,,,,,,358.0,g,,False,,,,Lingham's Chilli Sauce,lingham s chilli sauce
ASDA,2.2,8.8,l,ASDA Chinese Stir-Fry Oil,20240413,food_cupboard,True,False,ASDA Chinese Stir-Fry Oil,ASDA,standard,,,,,250.0,ml,,True,,,,Chinese Stir-Fry Oil,chinese stir fry oil
ASDA,2.0,5.7,kg,Blue Dragon Reduced Sugar Thai Sweet Chilli Sauce,20240413,food_cupboard,False,False,Blue Dragon Reduced Sugar Thai Sweet Chilli Sauce,,,,Blue Dragon,,,350.0,g,,True,,,{'flavor': ['sweet']},Reduced Sugar Thai Sweet Chilli Sauce,blue dragon reduced sugar thai sweet chilli sauce
ASDA,1.2,4.0,kg,Goldenfry Original Gravy Granules Chicken,20240413,food_cupboard,False,False,Goldenfry Original Gravy Granules Chicken,,,,,,,300.0,g,,True,,,,Goldenfry Original Gravy Granules Chicken,goldenfry original gravy granules chicken
ASDA,1.2,4.0,kg,Goldenfry Original Gravy Granules Onion,20240413,food_cupboard,False,False,Goldenfry Original Gravy Granules Onion,,,,,,,300.0,g,,True,,,,Goldenfry Original Gravy Granules Onion,goldenfry original gravy granules onion
ASDA,2.0,67.0,kg,Schwartz Garam Masala,20240413,food_cupboard,False,False,Schwartz Garam Masala,,,,Schwartz,,,30.0,g,,True,,,,Garam Masala,schwartz garam masala
ASDA,1.55,31.0,kg,Indus Green Cardamom Elachi,20240413,food_cupboard,False,False,Indus Green Cardamom Elachi,,,,Indus,,,50.0,g,,True,,,,Green Cardamom Elachi,indus green cardamom elachi
ASDA,2.0,10.5,kg,Bisto Limited Edition for Chicken with Garden Herbs Gravy Granules,20240413,food_cupboard,False,False,Bisto Limited Edition for Chicken with Garden Herbs Gravy Granules,,,,Bisto,,,190.0,g,,True,,,,Limited Edition for Chicken with Garden Herbs Gravy Granules,bisto limited edition for chicken with garden herbs gravy granules
ASDA,6.65,13.3,l,Farchioni Il Casolare Extra Virgin Olive Oil,20240413,food_cupboard,False,False,Farchioni Il Casolare Extra Virgin Olive Oil,,,,,,,500.0,ml,,True,,,,Farchioni Il Casolare Extra Virgin Olive Oil,farchioni il casolare extra virgin olive oil
ASDA,1.7,13.6,kg,Maldon Sea Salt Flakes,20240413,food_cupboard,False,False,Maldon Sea Salt Flakes,,,,Maldon,,,125.0,g,,True,,,,Sea Salt Flakes,maldon sea salt flakes
ASDA,0.35,0.6,l,ASDA Classic Malt Vinegar 568ml,20240413,food_cupboard,True,False,ASDA Classic Malt Vinegar 568ml,ASDA,standard,,,,,568.0,ml,,False,,,,Classic Malt Vinegar,classic malt vinegar
ASDA,2.15,7.4,kg,ASDA Extra Special Mango Apple & Ginger Chutney,20240413,food_cupboard,True,False,ASDA Extra Special Mango Apple & Ginger Chutney,ASDA Extra Special,premium,Extra Special,,,,290.5,g,,True,,,,Mango Apple and Ginger Chutney,mango apple and ginger chutney
ASDA,1.3,3.7,l,ASDA Red Wine Vinegar,20240413,food_cupboard,True,False,ASDA Red Wine Vinegar,ASDA,standard,,,,,355.0,ml,,True,,,,Red Wine Vinegar,red wine vinegar
ASDA,7.5,15.0,l,Osu Apple Cider Vinegar with Lemon Juice & a Hint of Ginger 500ml,20240413,food_cupboard,False,False,Osu Apple Cider Vinegar with Lemon Juice & a Hint of Ginger 500ml,,,,,,,500.0,ml,,False,,,,Osu Apple Cider Vinegar with Lemon Juice and a Hint of Ginger,osu apple cider vinegar with lemon juice and a hint of ginger
ASDA,0.95,23.8,kg,Schwartz Chicken Chasseur Recipe Mix,20240413,food_cupboard,False,False,Schwartz Chicken Chasseur Recipe Mix,,,,Schwartz,,,40.0,g,,True,,,,Chicken Chasseur Recipe Mix,schwartz chicken chasseur recipe mix
ASDA,0.9,30.0,kg,KP Snack Pack Dry Roasted Peanuts 30g,20240413,fresh_food,False,False,KP Snack Pack Dry Roasted Peanuts 30g,,,,Kp,,,30.0,g,,False,,,{'cooking_method': ['roasted']},Snack Pack Dry Roasted Peanuts,kp snack pack dry roasted peanuts
ASDA,3.35,8.38,kg,Anchor Spreadable Blend of Butter and Rapeseed Oil 400g,20240413,fresh_food,False,False,Anchor Spreadable Blend of Butter and Rapeseed Oil 400g,,,,Anchor,,,400.0,g,,False,,,,Spreadable Blend of Butter and Rapeseed Oil,anchor spreadable blend of butter and rapeseed oil
ASDA,1.0,3.03,l,FRijj Strawberry Flavour Milkshake 330ml,20240413,fresh_food,False,False,FRijj Strawberry Flavour Milkshake 330ml,,,,,,,330.0,ml,,False,,,,FRijj Strawberry Flavour Milkshake,frijj strawberry flavour milkshake
ASDA,2.0,8.0,l,Cadbury Creamy Chocolate Caramel Flavour Milkshake 250ml,20240413,fresh_food,False,False,Cadbury Creamy Chocolate Caramel Flavour Milkshake 250ml,,,,Cadbury,,,250.0,ml,,False,,,{'texture': ['creamy']},Creamy Chocolate Caramel Flavour Milkshake,cadbury creamy chocolate caramel flavour milkshake
ASDA,0.89,3.0,l,ASDA Half Fat Crème Fraîche 300ml,20240413,fresh_food,True,False,ASDA Half Fat Crème Fraîche 300ml,ASDA,standard,,,,,300.0,ml,,False,,,,Half Fat Crème Fraîche,half fat creme fraiche
ASDA,2.58,7.8,l,Starbucks Caramel Macchiato Grande Iced Coffee,20240413,fresh_food,False,False,Starbucks Caramel Macchiato Grande Iced Coffee,,,,Starbucks,,,330.0,ml,,True,,,,Caramel Macchiato Grande Iced Coffee,starbucks caramel macchiato grande iced coffee
ASDA,1.0,4.0,kg,Stork Vegan Baking Block,20240413,fresh_food,False,False,Stork Vegan Baking Block,,,,Stork,,,250.0,g,,True,diet,vegan,,Baking Block,stork baking block
ASDA,1.7,1.7,l,Oatly Oat Drink No Sugars Chilled 1L,20240413,fresh_food,False,False,Oatly Oat Drink No Sugars Chilled 1L,,,,Oatly,,,1000.0,ml,,False,,,,Oat Drink No Sugars Chilled,oatly oat drink no sugars chilled
ASDA,5.0,13.2,l,Garnier Body Superfood Hydra Sensitive Body Cream Oat Milk & Probiotic Derived Fractions 380ml,20240413,fresh_food,False,False,Garnier Body Superfood Hydra Sensitive Body Cream Oat Milk & Probiotic Derived Fractions 380ml,,,,,,,380.0,ml,,False,,,,Garnier Body Superfood Hydra Sensitive Body Cream Oat Milk and Probiotic Derived Fractions,garnier body superfood hydra sensitive body cream oat milk and probiotic derived fractions
ASDA,1.25,12.5,kg,Butterkist Cinema Sweet Popcorn,20240413,food_cupboard,False,False,Butterkist Cinema Sweet Popcorn,,,,,,,100.0,g,,True,,,{'flavor': ['sweet']},Butterkist Cinema Sweet Popcorn,butterkist cinema sweet popcorn
ASDA,1.25,4.28,kg,JUST ESSENTIALS by ASDA Pepperoni Pizza,20240413,fresh_food,True,False,JUST ESSENTIALS by ASDA Pepperoni Pizza,Just Essentials by ASDA,value,Just Essentials,,,,300.0,g,,True,,,,Pepperoni Pizza,pepperoni pizza
ASDA,3.0,12.5,kg,ASDA Take-Out Club Mozzarella Sticks 240g,20240413,fresh_food,True,False,ASDA Take-Out Club Mozzarella Sticks 240g,ASDA,standard,,,,,240.0,g,,False,,,,Take-Out Club Mozzarella Sticks,take out club mozzarella sticks
ASDA,1.5,5.8,kg,Sharwood's 2 Garlic & Coriander Naans,20240413,fresh_food,False,False,Sharwood's 2 Garlic & Coriander Naans,,,,Sharwood's,,,258.6,g,,True,,,,2 Garlic and Coriander Naans,sharwood s 2 garlic and coriander naans
ASDA,2.0,11.11,kg,Plant Based by ASDA 10 Meat-Free Bacon Style Rashers,20240413,free-from,True,False,Plant Based by ASDA 10 Meat-Free Bacon Style Rashers,,,,,,,175.0,g,,True,diet,plant based,,by ASDA 10 Meat-Free Bacon Style Rashers,by asda 10 meat free bacon style rashers
ASDA,2.75,22.92,kg,OMV! Deliciously Vegan No Chorizo Lardons 120g,20240413,free-from,True,False,OMV! Deliciously Vegan No Chorizo Lardons 120g,OMV!,dietary,Omv!,,,,120.0,g,,False,diet,vegan,,Deliciously No Chorizo Lardons,deliciously no chorizo lardons
ASDA,1.4,9.9,kg,ASDA Free From Cookies & Cream Biscuits,20240413,free-from,True,False,ASDA Free From Cookies & Cream Biscuits,ASDA Free From,dietary,Free From,,,,140.0,g,,True,,,,Cookies and Cream Biscuits,cookies and cream biscuits
ASDA,2.4,13.71,kg,Vivera Plant Bacon,20240413,free-from,False,False,Vivera Plant Bacon,,,,Vivera,,,170.0,g,,True,,,,Plant Bacon,vivera plant bacon
ASDA,2.0,23.5,kg,Properchips Sea Salt Lentil Chips Sharing Bag,20240413,free-from,False,False,Properchips Sea Salt Lentil Chips Sharing Bag,,,,Properchips,,,85.1,g,,True,,,,Sea Salt Lentil Chips Sharing Bag,properchips sea salt lentil chips sharing bag
ASDA,6.0,4.55,l,Camden Pale Ale,20240413,free-from,False,False,Camden Pale Ale,,,,Camden,,,1318.7,ml,,True,,,,Pale Ale,camden pale ale
ASDA,2.0,16.0,kg,"Jealous Sweets Tangy Worms Apple, Lemon, Strawberry & Orange",20240413,free-from,False,False,"Jealous Sweets Tangy Worms Apple, Lemon, Strawberry & Orange",,,,,,,125.0,g,,True,,,{'flavor': ['tangy']},"Jealous Sweets Tangy Worms Apple, Lemon, Strawberry and Orange",jealous sweets tangy worms apple lemon strawberry and orange
ASDA,1.2,9.2,kg,Kallo Lightly Salted Wholegrain Low Fat Rice Cakes,20240413,free-from,False,False,Kallo Lightly Salted Wholegrain Low Fat Rice Cakes,,,,Kallo,,,130.0,g,,True,diet,low fat,{'bakery_type': ['wholegrain']},Lightly Salted Wholegrain Rice Cakes,kallo lightly salted wholegrain rice cakes
ASDA,1.35,1.7,kg,Roberts Bakery Thick White Bread,20240413,free-from,False,False,Roberts Bakery Thick White Bread,,,,Roberts Bakery,,,800.0,g,,True,,,"{'texture': ['thick'], 'bakery_type': ['white']}",Thick White Bread,roberts bakery thick white bread
ASDA,0.6,1.8,l,Old Jamaica Grape Soda,20240413,free-from,False,False,Old Jamaica Grape Soda,,,,Old Jamaica,,,330.0,ml,,True,,,,Grape Soda,old jamaica grape soda
ASDA,3.25,5.4,kg,BOL Protein Power Soup Garden Pea & Spinach,20240413,free-from,False,False,BOL Protein Power Soup Garden Pea & Spinach,,,,,,,600.0,g,,True,,,,BOL Protein Power Soup Garden Pea and Spinach,bol protein power soup garden pea and spinach
ASDA,3.0,3.0,unit,ASDA Extra Special Red Velvet Cake,20240413,bakery,True,False,ASDA Extra Special Red Velvet Cake,ASDA Extra Special,premium,Extra Special,,,,,,,False,,,,Red Velvet Cake,red velvet cake
ASDA,1.8,0.36,unit,The Waffle Patisserie 5 Chocolate Waffles,20240413,bakery,False,False,The Waffle Patisserie 5 Chocolate Waffles,,,,,,,,,,False,,,,The Waffle Patisserie 5 Chocolate Waffles,the waffle patisserie 5 chocolate waffles
ASDA,1.35,0.34,unit,The BAKERY at ASDA 4 White Iced Ring Donuts,20240413,bakery,True,False,The BAKERY at ASDA 4 White Iced Ring Donuts,The BAKERY at ASDA,standard,,,4.0,leading_count,,,,False,,,{'bakery_type': ['white']},White Iced Ring Donuts,white iced ring donuts
ASDA,0.79,0.16,unit,The BAKERY at ASDA 5 Plain Bagels,20240413,bakery,True,False,The BAKERY at ASDA 5 Plain Bagels,The BAKERY at ASDA,standard,,,5.0,leading_count,,,,False,,,,Plain Bagels,plain bagels
ASDA,0.55,0.09,unit,JUST ESSENTIALS by ASDA 6 White Rolls,20240413,bakery,True,False,JUST ESSENTIALS by ASDA 6 White Rolls,Just Essentials by ASDA,value,Just Essentials,,6.0,leading_count,,,,False,,,{'bakery_type': ['white']},White Rolls,white rolls
ASDA,4.0,8.0,l,Supergood! Bakery Plant-Based Scramble 500ml,20240413,bakery,False,False,Supergood! Bakery Plant-Based Scramble 500ml,,,,,,,500.0,ml,,False,diet,plant-based,,Supergood! Bakery Scramble,supergood bakery scramble
ASDA,2.0,5.0,kg,ASDA Extra Special White Sourdough,20240413,bakery,True,False,ASDA Extra Special White Sourdough,ASDA Extra Special,premium,Extra Special,,,,400.0,g,,True,,,"{'bakery_type': ['sourdough', 'white']}",White Sourdough,white sourdough
ASDA,14.0,14.0,unit,The BAKERY at ASDA Flamingo Cake,20240413,bakery,True,False,The BAKERY at ASDA Flamingo Cake,The BAKERY at ASDA,standard,,,,,,,,False,,,,Flamingo Cake,flamingo cake
ASDA,12.0,12.0,unit,The BAKERY at ASDA Double Millionaire's Cookie,20240413,bakery,True,False,The BAKERY at ASDA Double Millionaire's Cookie,The BAKERY at ASDA,standard,,,,,,,,False,,,,Double Millionaire's Cookie,double millionaire s cookie
ASDA,0.55,11.0,kg,Waffulls Strawberry,20240413,bakery,False,False,Waffulls Strawberry,,,,,,,50.0,g,,True,,,,Waffulls Strawberry,waffulls strawberry
ASDA,1.85,0.93,unit,Genius Gluten Free 2 Brioche Burger Buns,20240413,bakery,False,False,Genius Gluten Free 2 Brioche Burger Buns,,,,Genius,,,,,,False,free_from,gluten free,{'bakery_type': ['brioche']},2 Brioche Burger Buns,genius 2 brioche burger buns
ASDA,1.95,0.49,unit,St Pierre 4 Brioche Hot Dog Rolls Pre-Cut,20240413,bakery,False,False,St Pierre 4 Brioche Hot Dog Rolls Pre-Cut,,,,St Pierre,,,,,,False,,,"{'flavor': ['hot'], 'bakery_type': ['brioche']}",4 Brioche Hot Dog Rolls Pre-Cut,st pierre 4 brioche hot dog rolls pre cut
ASDA,1.0,2.1,kg,"The Health Menu by ASDA 10 Seeds, Pulses & Grains Wholemeal Loaf 470g",20240413,bakery,True,False,"The Health Menu by ASDA 10 Seeds, Pulses & Grains Wholemeal Loaf 470g",,,,,,,470.0,g,,False,,,{'bakery_type': ['wholemeal']},"The Health Menu by ASDA 10 Seeds, Pulses and Grains Wholemeal Loaf",the health menu by asda 10 seeds pulses and grains wholemeal loaf
ASDA,14.0,14.0,unit,OMV! Deliciously Vegan Norman the Hedgehog Cake,20240413,bakery,True,False,OMV! Deliciously Vegan Norman the Hedgehog Cake,OMV!,dietary,Omv!,,,,,,,False,diet,vegan,,Deliciously Norman the Hedgehog Cake,deliciously norman the hedgehog cake
ASDA,9.0,9.0,unit,Just Love Food Company Nut Free Birthday Cake,20240413,bakery,False,False,Just Love Food Company Nut Free Birthday Cake,,,,,,,,,,False,free_from,nut free,,Just Love Food Company Birthday Cake,just love food company birthday cake
ASDA,1.0,1.0,unit,George Home 12 Birthday Rainbow Twist Candles,20240413,bakery,True,False,George Home 12 Birthday Rainbow Twist Candles,George Home,standard,,,12.0,leading_count,,,,False,,,,Birthday Rainbow Twist Candles,birthday rainbow twist candles
ASDA,1.0,1.0,unit,George Home Boys Happy Birthday Ribbon Badge,20240413,bakery,True,False,George Home Boys Happy Birthday Ribbon Badge,George Home,standard,,,,,,,,False,,,,Boys Happy Birthday Ribbon Badge,boys happy birthday ribbon badge
ASDA,0.6,1.8,l,Old Jamaica Tropical Soda Sparkling Tropical Flavour Soft Drink,20240413,drinks,False,False,Old Jamaica Tropical Soda Sparkling Tropical Flavour Soft Drink,,,,Old Jamaica,,,330.0,ml,,True,,,{'texture': ['soft']},Tropical Soda Sparkling Tropical Flavour Soft Drink,old jamaica tropical soda sparkling tropical flavour soft drink
ASDA,1.25,2.5,l,Furocity Black & Blue Raspberry Energy Drink,20240413,drinks,False,False,Furocity Black & Blue Raspberry Energy Drink,,,,,,,500.0,ml,,True,,,,Furocity Black and Blue Raspberry Energy Drink,furocity black and blue raspberry energy drink
ASDA,1.5,3.0,l,Lucozade Alert Energy Drink Cherry,20240413,drinks,False,False,Lucozade Alert Energy Drink Cherry,,,,Lucozade,,,500.0,ml,,True,,,,Alert Energy Drink Cherry,lucozade alert energy drink cherry
ASDA,1.5,0.7,l,ASDA Sport Orange Flavour Isotonic Drink Bottles,20240413,drinks,True,False,ASDA Sport Orange Flavour Isotonic Drink Bottles,ASDA,standard,,,,,2142.9,ml,,True,,,{'packaging': ['bottles']},Sport Orange Flavour Isotonic Drink Bottles,sport orange flavour isotonic drink bottles
ASDA,3.5,3.5,l,Red Bull Energy Drink Tropical Edition Cans 4x250ml,20240413,drinks,False,False,Red Bull Energy Drink Tropical Edition Cans 4x250ml,,,,Red Bull,4.0,count_x_size,1000.0,ml,,False,,,{'packaging': ['cans']},Energy Drink Tropical Edition Cans,red bull energy drink tropical edition cans
ASDA,0.55,4.6,kg,ASDA Sweet & Sour Stir-Fry Sauce 120g,20240413,food_cupboard,True,False,ASDA Sweet & Sour Stir-Fry Sauce 120g,ASDA,standard,,,,,120.0,g,,False,,,"{'flavor': ['sweet', 'sour']}",Sweet and Sour Stir-Fry Sauce,sweet and sour stir fry sauce
ASDA,0.6,16.7,kg,ASDA Free From Cheese Simmer Sauce Mix,20240413,free-from,True,False,ASDA Free From Cheese Simmer Sauce Mix,ASDA Free From,dietary,Free From,,,,35.9,g,,True,,,,Cheese Simmer Sauce Mix,cheese simmer sauce mix
ASDA,2.75,11.0,l,Kikkoman Gluten Free Teriyaki Marinade,20240413,free-from,False,False,Kikkoman Gluten Free Teriyaki Marinade,,,,Kikkoman,,,250.0,ml,,True,free_from,gluten free,,Teriyaki Marinade,kikkoman teriyaki marinade
ASDA,3.25,8.12,kg,ASDA Meal for One Fish Pie 400g,20240413,fresh_food,True,False,ASDA Meal for One Fish Pie 400g,ASDA,standard,,,,,400.0,g,,False,preparation,meal for one,,Fish Pie,fish pie
ASDA,1.65,15.3,kg,Aero Bubbly Peppermint Mint Chocolate Bars Multipack,20240413,food_cupboard,False,False,Aero Bubbly Peppermint Mint Chocolate Bars Multipack,,,,Aero,,,110.0,g,,True,,,{'packaging': ['multipack']},Bubbly Peppermint Mint Chocolate Bars Multipack,aero bubbly peppermint mint chocolate bars multipack
ASDA,0.35,8.8,kg,ASDA Shrimps & Bananas Foam Sweets,20240413,food_cupboard,True,False,ASDA Shrimps & Bananas Foam Sweets,ASDA,standard,,,,,40.0,g,,True,,,,Shrimps and Bananas Foam Sweets,shrimps and bananas foam sweets
ASDA,6.0,31.6,kg,Lily O'Briens Ultimate Chocolate Collection,20240413,food_cupboard,False,False,Lily O'Briens Ultimate Chocolate Collection,,,,,,,190.0,g,,True,,,,Lily O'Briens Ultimate Chocolate Collection,lily o briens ultimate chocolate collection
ASDA,1.35,10.4,kg,Cadbury Eclairs Classic Chocolate Bag 130g,20240413,food_cupboard,False,False,Cadbury Eclairs Classic Chocolate Bag 130g,,,,Cadbury,,,130.0,g,,False,,,,Eclairs Classic Chocolate Bag,cadbury eclairs classic chocolate bag
ASDA,0.3,7.5,kg,ASDA Cola Wands,20240413,food_cupboard,True,False,ASDA Cola Wands,ASDA,standard,,,,,40.0,g,,True,,,,Cola Wands,cola wands
ASDA,1.15,8.2,kg,Swizzels Drumstick Squashies Rhubarb & Custard Flavour,20240413,food_cupboard,False,False,Swizzels Drumstick Squashies Rhubarb & Custard Flavour,,,,Swizzels,,,140.0,g,,True,,,{'cut_meat': ['drumstick']},Drumstick Squashies Rhubarb and Custard Flavour,swizzels drumstick squashies rhubarb and custard flavour
ASDA,0.5,21.7,kg,Swizzels Sherbet Dip,20240413,food_cupboard,False,False,Swizzels Sherbet Dip,,,,Swizzels,,,23.0,g,,True,,,,Sherbet Dip,swizzels sherbet dip
ASDA,5.99,6.7,kg,Swizzels Big Party Mix 900g,20240413,food_cupboard,False,False,Swizzels Big Party Mix 900g,,,,Swizzels,,,900.0,g,,False,,,,Big Party Mix,swizzels big party mix
ASDA,43.0,573.19,l,Taittinger Brut Reserve Champagne,20240413,drinks,False,False,Taittinger Brut Reserve Champagne,,,,,,,750.0,ml,,True,,,,Taittinger Brut Reserve Champagne,taittinger brut reserve champagne
ASDA,1.35,0.9,l,Volvic Touch of Fruit Sugar Free Peach & Raspberry Natural Flavoured Water,20240413,drinks,False,False,Volvic Touch of Fruit Sugar Free Peach & Raspberry Natural Flavoured Water,,,,Volvic,,,1500.0,ml,,True,diet,sugar free,,Touch of Fruit Peach and Raspberry Natural Flavoured Water,volvic touch of fruit peach and raspberry natural flavoured water
ASDA,2.5,8.1,kg,Fearne & Rosie Strawberry Super Berry Jam 310g,20240413,food_cupboard,False,False,Fearne & Rosie Strawberry Super Berry Jam 310g,,,,,,,310.0,g,,False,,,,Fearne and Rosie Strawberry Super Berry Jam,fearne and rosie strawberry super berry jam
ASDA,1.2,52.2,kg,Hartley's Sugar Free Orange Flavour Jelly,20240413,food_cupboard,False,False,Hartley's Sugar Free Orange Flavour Jelly,,,,Hartley's,,,23.0,g,,True,diet,sugar free,,Orange Flavour Jelly,hartley s orange flavour jelly
ASDA,1.0,2.5,kg,ASDA Creamy Custard 400g,20240413,food_cupboard,True,False,ASDA Creamy Custard 400g,ASDA,standard,,,,,400.0,g,,False,,,{'texture': ['creamy']},Creamy Custard,creamy custard
ASDA,3.5,14.0,kg,Rowse Acacia Honey,20240413,food_cupboard,False,False,Rowse Acacia Honey,,,,Rowse,,,250.0,g,,True,,,,Acacia Honey,rowse acacia honey
ASDA,5.5,73.32,l,ASDA Extra Special Terres Du Midi Rosé,20240413,drinks,True,False,ASDA Extra Special Terres Du Midi Rosé,ASDA Extra Special,premium,Extra Special,,,,750.0,ml,,True,,,,Terres Du Midi Rosé,terres du midi rose
ASDA,7.75,103.31,l,Black Tower Club Edition Riesling,20240413,drinks,False,False,Black Tower Club Edition Riesling,,,,Black Tower,,,750.0,ml,,True,,,,Club Edition Riesling,black tower club edition riesling
ASDA,6.0,79.98,l,Gallo Family Vineyards White Grenache,20240413,drinks,False,False,Gallo Family Vineyards White Grenache,,,,Gallo,,,750.0,ml,,True,,,{'bakery_type': ['white']},Family Vineyards White Grenache,gallo family vineyards white grenache
ASDA,7.0,93.31,l,ASDA Extra Special Douro,20240413,drinks,True,False,ASDA Extra Special Douro,ASDA Extra Special,premium,Extra Special,,,,750.0,ml,,True,,,,Douro,douro
ASDA,6.75,89.98,l,Roversi Pecorino Terre di Chieti,20240413,drinks,False,False,Roversi Pecorino Terre di Chieti,,,,,,,750.0,ml,,True,,,,Roversi Pecorino Terre di Chieti,roversi pecorino terre di chieti
ASDA,1.5,3.8,l,Lowicz Raspberry Syrup,20240413,food_cupboard,False,False,Lowicz Raspberry Syrup,,,,,,,400.0,ml,,True,,,,Lowicz Raspberry Syrup,lowicz raspberry syrup
ASDA,1.45,7.25,kg,Grace Chicken Vienna Sausage,20240413,food_cupboard,False,False,Grace Chicken Vienna Sausage,,,,Grace,,,200.0,g,,True,,,{'cut_meat': ['sausage']},Chicken Vienna Sausage,grace chicken vienna sausage
ASDA,2.0,4.7,kg,Grace Mackerel in Tomato Sauce,20240413,food_cupboard,False,False,Grace Mackerel in Tomato Sauce,,,,Grace,,,425.0,g,,True,,,,Mackerel in Tomato Sauce,grace mackerel in tomato sauce
ASDA,2.1,3.5,kg,"Pudliszki Fasolka Beans, Sausage & Bacon",20240413,food_cupboard,False,False,"Pudliszki Fasolka Beans, Sausage & Bacon",,,,,,,600.0,g,,True,,,{'cut_meat': ['sausage']},"Pudliszki Fasolka Beans, Sausage and Bacon",pudliszki fasolka beans sausage and bacon
ASDA,1.9,0.38,unit,Regal Petit Rolls,20240413,food_cupboard,False,False,Regal Petit Rolls,,,,Regal,,,,,,False,,,,Petit Rolls,regal petit rolls
ASDA,1.7,5.0,kg,Grace Scotch Bonnet Grilling Sauce Hot,20240413,food_cupboard,False,False,Grace Scotch Bonnet Grilling Sauce Hot,,,,Grace,,,340.0,g,,True,,,{'flavor': ['hot']},Scotch Bonnet Grilling Sauce Hot,grace scotch bonnet grilling sauce hot
ASDA,2.8,14.9,kg,ASDA Extra Special Limited Edition Deep Fill British Hog Roast Sausage Rolls,20240413,fresh_food,True,False,ASDA Extra Special Limited Edition Deep Fill British Hog Roast Sausage Rolls,ASDA Extra Special,premium,Extra Special,,,,190.0,g,,True,,,{'cut_meat': ['sausage']},Limited Edition Deep Fill British Hog Roast Sausage Rolls,limited edition deep fill british hog roast sausage rolls
ASDA,2.15,8.7,kg,ASDA 30 Chicken Cocktail Sausages,20240413,fresh_food,True,False,ASDA 30 Chicken Cocktail Sausages,ASDA,standard,,,30.0,leading_count,240.0,g,,True,,,,Chicken Cocktail Sausages,chicken cocktail sausages
ASDA,2.2,14.7,kg,Holy Moly Red Pepper & Tomato Salsa 150g,20240413,fresh_food,False,False,Holy Moly Red Pepper & Tomato Salsa 150g,,,,,,,150.0,g,,False,,,,Holy Moly Red Pepper and Tomato Salsa,holy moly red pepper and tomato salsa
ASDA,2.7,18.0,kg,ASDA Extra Special Atlas Halkidiki & Kalamata Olives with Chargrilled Peppers,20240413,fresh_food,True,False,ASDA Extra Special Atlas Halkidiki & Kalamata Olives with Chargrilled Peppers,ASDA Extra Special,premium,Extra Special,,,,150.0,g,,True,,,{'cooking_method': ['chargrilled']},Atlas Halkidiki and Kalamata Olives with Chargrilled Peppers,atlas halkidiki and kalamata olives with chargrilled peppers
ASDA,3.0,6.0,kg,ASDA Butcher's Selection Thick Cut 12 Unsmoked Back Bacon Rashers,20240413,fresh_food,True,False,ASDA Butcher's Selection Thick Cut 12 Unsmoked Back Bacon Rashers,ASDA,standard,,,,,500.0,g,,True,,,"{'flavor': ['unsmoked'], 'texture': ['thick']}",Butcher's Selection Thick Cut 12 Unsmoked Back Bacon Rashers,butcher s selection thick cut 12 unsmoked back bacon rashers
ASDA,3.42,4.39,kg,JUST ESSENTIALS by ASDA Pork Chops (Typically 0.78kg),20240413,fresh_food,True,False,JUST ESSENTIALS by ASDA Pork Chops (Typically 0.78kg),Just Essentials by ASDA,value,Just Essentials,,,,780.0,g,,False,,,,Pork Chops (Typically ),pork chops typically
ASDA,4.6,7.67,kg,ASDA Delicious Breaded Chicken Goujons,20240413,fresh_food,True,False,ASDA Delicious Breaded Chicken Goujons,ASDA,standard,,,,,600.0,g,,True,,,{'texture': ['breaded']},Delicious Breaded Chicken Goujons,delicious breaded chicken goujons
ASDA,4.0,11.11,kg,ASDA Warming 6 Balti Style Lamb Kebabs 360g,20240413,fresh_food,True,False,ASDA Warming 6 Balti Style Lamb Kebabs 360g,ASDA,standard,,,,,360.0,g,,False,,,{'cut_meat': ['kebabs']},Warming 6 Balti Style Lamb Kebabs,warming 6 balti style lamb kebabs
ASDA,2.25,4.5,l,Shipyard American IPA Ale Beer,20240413,drinks,False,False,Shipyard American IPA Ale Beer,,,,,,,500.0,ml,,True,,,,Shipyard American IPA Ale Beer,shipyard american ipa ale beer
ASDA,6.25,3.16,l,San Miguel Special Premium Lager Beer Cans,20240413,drinks,False,False,San Miguel Special Premium Lager Beer Cans,,,,San Miguel,,,2000.0,ml,,True,,,{'packaging': ['cans']},Special Premium Lager Beer Cans,san miguel special premium lager beer cans
ASDA,2.25,4.5,l,Oakham Ales Citra,20240413,drinks,False,False,Oakham Ales Citra,,,,,,,500.0,ml,,True,,,,Oakham Ales Citra,oakham ales citra
ASDA,1.5,3.0,l,Ruddles Best Country Ale 500ml,20240413,drinks,False,False,Ruddles Best Country Ale 500ml,,,,,,,500.0,ml,,False,,,,Ruddles Best Country Ale,ruddles best country ale
ASDA,1.5,1.5,unit,George Home Die Cut Beers Dad Birthday Card,20240413,drinks,True,False,George Home Die Cut Beers Dad Birthday Card,George Home,standard,,,,,,,,False,,,,Die Cut Beers Dad Birthday Card,die cut beers dad birthday card
ASDA,7.0,9.33,kg,Bistro by ASDA Slow Cooked Chicken Legs in a Mushroom Sauce 750g,20240412,fresh_food,True,False,Bistro by ASDA Slow Cooked Chicken Legs in a Mushroom Sauce 750g,,,,,,,750.0,g,,False,,,,Bistro by ASDA Slow Cooked Chicken Legs in a Mushroom Sauce,bistro by asda slow cooked chicken legs in a mushroom sauce
ASDA,3.5,1.2,l,ASDA Diet Lemonade Bottles,20240409,drinks,True,False,ASDA Diet Lemonade Bottles,ASDA,standard,,,,,3000.0,ml,,True,,,{'packaging': ['bottles']},Diet Lemonade Bottles,diet lemonade bottles
ASDA,3.0,20.0,kg,Squeaky Bean Vegan Teriyaki Duck 150g,20240408,free-from,False,False,Squeaky Bean Vegan Teriyaki Duck 150g,,,,Squeaky Bean,,,150.0,g,,False,diet,vegan,,Teriyaki Duck,squeaky bean teriyaki duck
ASDA,5.0,8.85,kg,ASDA Tempting Italian Style Meatballs 565g,20240407,fresh_food,True,False,ASDA Tempting Italian Style Meatballs 565g,ASDA,standard,,,,,565.0,g,,False,,,{'cut_meat': ['meatballs']},Tempting Italian Style Meatballs,tempting italian style meatballs
ASDA,3.0,21.43,kg,Quorn Vegetarian Roasted Sliced Fillets,20240407,fresh_food,False,False,Quorn Vegetarian Roasted Sliced Fillets,,,,Quorn,,,140.0,g,,True,diet,vegetarian,"{'cooking_method': ['roasted'], 'form': ['sliced']}",Roasted Sliced Fillets,quorn roasted sliced fillets
ASDA,2.0,22.7,kg,Milkybar White Chocolate Easter Hollow Bunny,20240331,food_cupboard,False,False,Milkybar White Chocolate Easter Hollow Bunny,,,,Milkybar,,,90.0,g,,True,,,{'bakery_type': ['white']},White Chocolate Easter Hollow Bunny,milkybar white chocolate easter hollow bunny
ASDA,1.5,15.0,kg,ASDA Milk Chocolate Sitting Bunny 100g,20240331,food_cupboard,True,False,ASDA Milk Chocolate Sitting Bunny 100g,ASDA,standard,,,,,100.0,g,,False,,,,Milk Chocolate Sitting Bunny,milk chocolate sitting bunny
ASDA,0.8,9.5,kg,ASDA Easter Eggs 84g,20240331,food_cupboard,True,False,ASDA Easter Eggs 84g,ASDA,standard,,,,,84.0,g,,False,,,,Easter Eggs,easter eggs
ASDA,8.0,37.2,kg,Lindt Milk Chocolate Egg with Lindor Milk Mini Eggs,20240330,food_cupboard,False,False,Lindt Milk Chocolate Egg with Lindor Milk Mini Eggs,,,,Lindt,,,210.0,g,,True,,,,Milk Chocolate Egg with Lindor Milk Mini Eggs,lindt milk chocolate egg with lindor milk mini eggs
ASDA,4.5,30.0,kg,ASDA Patch the Bunny Belgian Milk Chocolate 150g,20240330,food_cupboard,True,False,ASDA Patch the Bunny Belgian Milk Chocolate 150g,ASDA,standard,,,,,150.0,g,,False,,,,Patch the Bunny Belgian Milk Chocolate,patch the bunny belgian milk chocolate
ASDA,2.0,16.7,kg,BIP Bunny Mallows 120g,20240330,food_cupboard,False,False,BIP Bunny Mallows 120g,,,,,,,120.0,g,,False,,,,BIP Bunny Mallows,bip bunny mallows
ASDA,1.15,8.5,kg,ASDA Cafe Instant Latte Sachets,20240328,drinks,True,False,ASDA Cafe Instant Latte Sachets,ASDA,standard,,,,,135.3,g,,True,,,,Cafe Instant Latte Sachets,cafe instant latte sachets
ASDA,2.6,4.81,kg,Birds Eye 4 Garden Mix Steamfresh,20240328,frozen,False,False,Birds Eye 4 Garden Mix Steamfresh,,,,Birds Eye,,,530.0,g,,True,,,,4 Garden Mix Steamfresh,birds eye 4 garden mix steamfresh
ASDA,1.25,22.7,kg,Kit Kat Bunny Milk Chocolate Easter Figure Sharing Bag 55g,20240328,food_cupboard,False,False,Kit Kat Bunny Milk Chocolate Easter Figure Sharing Bag 55g,,,,Kit Kat,,,55.0,g,,False,,,,Bunny Milk Chocolate Easter Figure Sharing Bag,kit kat bunny milk chocolate easter figure sharing bag
ASDA,4.5,19.1,kg,Cadbury Creme Egg 235g,20240327,food_cupboard,False,False,Cadbury Creme Egg 235g,,,,Cadbury,,,235.0,g,,False,,,,Creme Egg,cadbury creme egg
ASDA,1.25,4.2,kg,Regal Snacks Bombay Mix 300g,20240324,food_cupboard,False,False,Regal Snacks Bombay Mix 300g,,,,Regal,,,300.0,g,,False,,,,Snacks Bombay Mix,regal snacks bombay mix
ASDA,1.25,4.2,kg,Regal Snacks Boondi 300g,20240324,food_cupboard,False,False,Regal Snacks Boondi 300g,,,,Regal,,,300.0,g,,False,,,,Snacks Boondi,regal snacks boondi
ASDA,4.0,10.96,kg,ASDA Medium Woodfired Mighty Meat Feast (Typically 406g),20240320,fresh_food,True,False,ASDA Medium Woodfired Mighty Meat Feast (Typically 406g),ASDA,standard,,,,,406.0,g,,False,,,{'flavor': ['medium']},Medium Woodfired Mighty Meat Feast (Typically ),medium woodfired mighty meat feast typically
ASDA,1.4,1.4,l,ASDA Fresh Oat Drink,20240313,fresh_food,True,False,ASDA Fresh Oat Drink,ASDA,standard,,,,,1000.0,ml,,True,,,,Fresh Oat Drink,fresh oat drink
ASDA,0.9,30.0,kg,NOMO Bunny,20240311,food_cupboard,False,False,NOMO Bunny,,,,Nomo,,,30.0,g,,True,,,,Bunny,nomo bunny
ASDA,1.0,2.0,kg,ASDA Sweet & Nutty Sprouts,20240309,fresh_food,True,False,ASDA Sweet & Nutty Sprouts,ASDA,standard,,,,,500.0,g,,True,,,{'flavor': ['sweet']},Sweet and Nutty Sprouts,sweet and nutty sprouts
ASDA,3.0,13.22,kg,ASDA Extra Special Strawberries 227g,20240309,fresh_food,True,False,ASDA Extra Special Strawberries 227g,ASDA Extra Special,premium,Extra Special,,,,227.0,g,,False,,,,Strawberries,strawberries
ASDA,11.0,50.0,kg,Kinder Kinder Surprise Easter Egg (Avatar),20240307,food_cupboard,False,False,Kinder Kinder Surprise Easter Egg (Avatar),,,,Kinder,,,220.0,g,,True,,,,Kinder Surprise Easter Egg (Avatar),kinder kinder surprise easter egg avatar
ASDA,3.0,60.0,kg,Lindt Easter Fun Bugs & Bees,20240222,food_cupboard,False,False,Lindt Easter Fun Bugs & Bees,,,,Lindt,,,50.0,g,,True,,,,Easter Fun Bugs and Bees,lindt easter fun bugs and bees
ASDA,4.5,14.5,kg,Galaxy Milk Chocolate Bar Indulgence Extra Large Easter Egg,20240220,fresh_food,False,False,Galaxy Milk Chocolate Bar Indulgence Extra Large Easter Egg,,,,Galaxy,,,310.3,g,,True,,,,Milk Chocolate Bar Indulgence Extra Large Easter Egg,galaxy milk chocolate bar indulgence extra large easter egg
ASDA,1.2,4.8,kg,ASDA Delicious Lentils Micro Grains,20240205,food_cupboard,True,False,ASDA Delicious Lentils Micro Grains,ASDA,standard,,,,,250.0,g,,True,,,,Delicious Lentils Micro Grains,delicious lentils micro grains
ASDA,3.0,7.5,kg,ASDA Red Leicester Cheese,20240112,fresh_food,True,False,ASDA Red Leicester Cheese,ASDA,standard,,,,,400.0,g,,True,,,,Red Leicester Cheese,red leicester cheese
ASDA,1.0,24.4,kg,Colman's Lamb Hotpot Recipe Mix,20240112,food_cupboard,False,False,Colman's Lamb Hotpot Recipe Mix,,,,Colman's,,,40.0,g,,True,,,,Lamb Hotpot Recipe Mix,colman s lamb hotpot recipe mix
ASDA,3.0,7.5,kg,ASDA 30% Less Fat Extra Mature Cheddar Cheese,20240112,fresh_food,True,False,ASDA 30% Less Fat Extra Mature Cheddar Cheese,ASDA,standard,,,,,400.0,g,,True,,,"{'maturity': ['extra mature', 'mature']}",30% Less Fat Extra Mature Cheddar Cheese,30 less fat extra mature cheddar cheese
ASDA,1.5,1.5,unit,George Home Rose Gold Personalised Cake Topper,20240111,bakery,True,False,George Home Rose Gold Personalised Cake Topper,George Home,standard,,,,,,,,False,,,,Rose Gold Personalised Cake Topper,rose gold personalised cake topper
ASDA,2.0,8.33,kg,ASDA 12 Party Chicken Nugget Christmas Trees 240g,20240110,fresh_food,True,False,ASDA 12 Party Chicken Nugget Christmas Trees 240g,ASDA,standard,,,12.0,leading_count,240.0,g,,False,,,,Party Chicken Nugget Christmas Trees,party chicken nugget christmas trees
Morrisons,3.0,11.1,l,Magnum Vegan Almond Ice Cream Sticks,20240413,free-from,False,False,Magnum Vegan Almond Ice Cream Sticks,,,,Magnum,,,275.0,ml,,True,diet,vegan,,Almond Ice Cream Sticks,magnum almond ice cream sticks
Morrisons,2.45,5.7,kg,Genius Gluten Free Brown Sandwich Loaf,20240413,free-from,False,False,Genius Gluten Free Brown Sandwich Loaf,,,,Genius,,,425.0,g,,True,free_from,gluten free,{'bakery_type': ['brown']},Brown Sandwich Loaf,genius brown sandwich loaf
Morrisons,2.4,12.0,kg,Cathedral City Lactose Free…,20240413,free-from,False,True,Cathedral City Lactose Free…,,,,Cathedral City,,,200.0,g,,True,free_from,lactose free,,…,cathedral city
Morrisons,3.0,13.04,kg,Violife Greek White Block Veg…,20240413,free-from,False,True,Violife Greek White Block Veg…,,,,Violife,,,225.0,g,,True,,,{'bakery_type': ['white']},Greek White Block Veg…,violife greek white block veg
Morrisons,1.5,10.0,kg,Good It's Gluten Free Sage & Onion Stuffing Mix,20240413,free-from,False,False,Good It's Gluten Free Sage & Onion Stuffing Mix,,,,,,,150.0,g,,True,free_from,gluten free,,Good It's Sage and Onion Stuffing Mix,good it s sage and onion stuffing mix
Morrisons,0.89,9.0,kg,Rajah Tandoori Masala,20240413,food_cupboard,False,False,Rajah Tandoori Masala,,,,Rajah,,,100.0,g,,True,,,,Tandoori Masala,rajah tandoori masala
Morrisons,0.89,11.13,kg,Indo Mie Mi Goreng Stir Fry Noodles,20240413,food_cupboard,False,False,Indo Mie Mi Goreng Stir Fry Noodles,,,,,,,80.0,g,,True,,,,Indo Mie Mi Goreng Stir Fry Noodles,indo mie mi goreng stir fry noodles
Morrisons,3.99,10.0,kg,Island Delight Jamaican Bro…,20240413,food_cupboard,False,True,Island Delight Jamaican Bro…,,,,,,,400.0,g,,True,,,,Island Delight Jamaican Bro…,island delight jamaican bro
Morrisons,1.99,9.9,l,Thai Taste Sweet Chilli Sauce Signature,20240413,food_cupboard,False,False,Thai Taste Sweet Chilli Sauce Signature,,,,,,,200.0,ml,,True,,,{'flavor': ['sweet']},Thai Taste Sweet Chilli Sauce Signature,thai taste sweet chilli sauce signature
Morrisons,1.29,2.6,l,Grace Strawberry Aloe Vera Juice Drink,20240413,food_cupboard,False,False,Grace Strawberry Aloe Vera Juice Drink,,,,Grace,,,500.0,ml,,True,,,,Strawberry Aloe Vera Juice Drink,grace strawberry aloe vera juice drink
Morrisons,3.19,4.25,kg,McCain Quick Cook French Fries,20240413,food_cupboard,False,False,McCain Quick Cook French Fries,,,,Mccain,,,750.0,g,,True,,,,Quick Cook French Fries,mccain quick cook french fries
Morrisons,1.25,25.0,kg,Greenfields Za'Atar,20240413,food_cupboard,False,False,Greenfields Za'Atar,,,,,,,50.0,g,,True,,,,Greenfields Za'Atar,greenfields za atar
Morrisons,3.75,12.5,kg,The Spice Tailor Punjabi Tomato Curry Sauce Kit,20240413,food_cupboard,False,False,The Spice Tailor Punjabi Tomato Curry Sauce Kit,,,,The Spice Tailor,,,300.0,g,,True,,,,Punjabi Tomato Curry Sauce Kit,the spice tailor punjabi tomato curry sauce kit
Morrisons,1.59,6.4,kg,Morliny Berlinki,20240413,food_cupboard,False,False,Morliny Berlinki,,,,,,,250.0,g,,True,,,,Morliny Berlinki,morliny berlinki
Morrisons,1.5,4.6,l,Pakeeza Mango Lassi,20240413,food_cupboard,False,False,Pakeeza Mango Lassi,,,,,,,330.0,ml,,True,,,,Pakeeza Mango Lassi,pakeeza mango lassi
Morrisons,1.49,6.0,kg,Osem Petit Beurre Classic Biscuit,20240413,food_cupboard,False,False,Osem Petit Beurre Classic Biscuit,,,,,,,250.0,g,,True,,,,Osem Petit Beurre Classic Biscuit,osem petit beurre classic biscuit
Morrisons,3.49,9.7,kg,Malay Taste Laksa Kit,20240413,food_cupboard,False,False,Malay Taste Laksa Kit,,,,,,,350.0,g,,True,,,,Malay Taste Laksa Kit,malay taste laksa kit
Morrisons,2.25,32.1,kg,Jelly Belly Peanut Butter & Jelly,20240413,food_cupboard,False,False,Jelly Belly Peanut Butter & Jelly,,,,,,,70.1,g,,True,,,,Jelly Belly Peanut Butter and Jelly,jelly belly peanut butter and jelly
Morrisons,2.99,5.0,kg,Morrisons Savers Breaded Pollock,20240413,fresh_food,True,False,Morrisons Savers Breaded Pollock,Morrisons Savers,value,Savers,,,,600.0,g,,True,,,{'texture': ['breaded']},Breaded Pollock,breaded pollock
Morrisons,2.25,18.8,kg,Morrisons Carvery Thinly Sliced Honey Roast Ham,20240413,fresh_food,True,False,Morrisons Carvery Thinly Sliced Honey Roast Ham,Morrisons,standard,,,,,120.0,g,,True,,,{'form': ['sliced']},Carvery Thinly Sliced Honey Roast Ham,carvery thinly sliced honey roast ham
Morrisons,1.45,7.2,kg,Arla Protein Strawberry Yogurt,20240413,fresh_food,False,False,Arla Protein Strawberry Yogurt,,,,Arla,,,200.0,g,,True,,,,Protein Strawberry Yogurt,arla protein strawberry yogurt
Morrisons,2.5,11.4,kg,Morrisons Honey Cured Ham,20240413,fresh_food,True,False,Morrisons Honey Cured Ham,Morrisons,standard,,,,,220.0,g,,True,,,,Honey Cured Ham,honey cured ham
Morrisons,1.25,7.8,kg,GetPro Vanilla High Protein Yoghurt,20240413,fresh_food,False,False,GetPro Vanilla High Protein Yoghurt,,,,Getpro,,,160.0,g,,True,,,,Vanilla High Protein Yoghurt,getpro vanilla high protein yoghurt
Morrisons,1.25,5.43,l,Emmi Caffe Latte Skinny,20240413,fresh_food,False,False,Emmi Caffe Latte Skinny,,,,,,,230.2,ml,,True,,,,Emmi Caffe Latte Skinny,emmi caffe latte skinny
Morrisons,1.5,4.55,l,Frijj Strawberry Milkshake,20240413,fresh_food,False,False,Frijj Strawberry Milkshake,,,,,,,330.0,ml,,True,,,,Frijj Strawberry Milkshake,frijj strawberry milkshake
Morrisons,4.75,11.88,kg,Morrisons The Best Shepherd's Pie,20240413,fresh_food,True,False,Morrisons The Best Shepherd's Pie,Morrisons The Best,premium,The Best,,,,400.0,g,,True,,,,Shepherd's Pie,shepherd s pie
Morrisons,1.25,5.68,l,Starbucks Skinny Latte No Added Sugar Iced Coffee,20240413,fresh_food,False,False,Starbucks Skinny Latte No Added Sugar Iced Coffee,,,,Starbucks,,,220.1,ml,,True,diet,no added sugar,,Skinny Latte Iced Coffee,starbucks skinny latte iced coffee
Morrisons,2.0,5.3,kg,Morrisons 3 Strawberry Flavou…,20240413,fresh_food,True,True,Morrisons 3 Strawberry Flavou…,Morrisons,standard,,,3.0,leading_count,375.0,g,,True,,,,Strawberry Flavou…,strawberry flavou
Morrisons,3.75,9.38,kg,Morrisons Chilli Wedge Melt,20240413,fresh_food,True,False,Morrisons Chilli Wedge Melt,Morrisons,standard,,,,,400.0,g,,True,,,,Chilli Wedge Melt,chilli wedge melt
Morrisons,3.0,6.0,l,Huel Strawberries & Cream Flavour R…,20240413,fresh_food,False,True,Huel Strawberries & Cream Flavour R…,,,,Huel,,,500.0,ml,,True,,,,Strawberries and Cream Flavour R…,huel strawberries and cream flavour r
Morrisons,2.0,2.3,l,Tropicana Long Life Pure Smooth Orange Fruit Juice,20240413,fresh_food,False,False,Tropicana Long Life Pure Smooth Orange Fruit Juice,,,,Tropicana,,,850.0,ml,,True,,,{'texture': ['smooth']},Long Life Pure Smooth Orange Fruit Juice,tropicana long life pure smooth orange fruit juice
Morrisons,4.5,3.8,kg,Actimel Strawberry Yogurt Drinks,20240413,fresh_food,False,False,Actimel Strawberry Yogurt Drinks,,,,Actimel,,,1200.0,g,,True,,,,Strawberry Yogurt Drinks,actimel strawberry yogurt drinks
Morrisons,2.0,6.7,kg,Morrisons The Best Yoghurt Coleslaw,20240413,fresh_food,True,False,Morrisons The Best Yoghurt Coleslaw,Morrisons The Best,premium,The Best,,,,300.0,g,,True,,,,Yoghurt Coleslaw,yoghurt coleslaw
Morrisons,2.75,17.5,kg,Fridge Raiders Variety Pack Chicken Snack Bites,20240413,fresh_food,False,False,Fridge Raiders Variety Pack Chicken Snack Bites,,,,Fridge Raiders,,,160.0,g,,True,,,,Variety Pack Chicken Snack Bites,fridge raiders variety pack chicken snack bites
Morrisons,1.75,10.29,kg,Lake District Grated Mature Cheese,20240413,fresh_food,False,False,Lake District Grated Mature Cheese,,,,,,,170.0,g,,True,,,"{'form': ['grated'], 'maturity': ['mature']}",Lake District Grated Mature Cheese,lake district grated mature cheese
Morrisons,2.4,4.8,kg,Morrisons The Best Madaga…,20240413,fresh_food,True,True,Morrisons The Best Madaga…,Morrisons The Best,premium,The Best,,,,500.0,g,,True,,,,Madaga…,madaga
Morrisons,2.0,2.7,l,Morrisons Nourish Revitalise Smoothie,20240413,fresh_food,True,False,Morrisons Nourish Revitalise Smoothie,Morrisons,standard,,,,,750.0,ml,,True,,,,Nourish Revitalise Smoothie,nourish revitalise smoothie
Morrisons,1.25,8.8,kg,Pork Farms Original Pork Pie,20240413,fresh_food,False,False,Pork Farms Original Pork Pie,,,,,,,140.0,g,,True,,,,Pork Farms Original Pork Pie,pork farms original pork pie
Morrisons,5.75,14.3,kg,Crosta & Mollica Marghe…,20240413,fresh_food,False,True,Crosta & Mollica Marghe…,,,,,,,400.0,g,,True,,,,Crosta and Mollica Marghe…,crosta and mollica marghe
Morrisons,3.49,6.5,kg,Morrisons German Bratwurst,20240413,fresh_food,True,False,Morrisons German Bratwurst,Morrisons,standard,,,,,530.0,g,,True,,,,German Bratwurst,german bratwurst
Morrisons,3.5,6.4,kg,Pukka Just For Two Steak & Ale Pie,20240413,fresh_food,False,False,Pukka Just For Two Steak & Ale Pie,,,,Pukka,,,550.0,g,,True,,,{'cut_meat': ['steak']},Just For Two Steak and Ale Pie,pukka just for two steak and ale pie
Morrisons,1.59,5.7,kg,Morrisons Florida Salad,20240413,fresh_food,True,False,Morrisons Florida Salad,Morrisons,standard,,,,,280.0,g,,True,,,,Florida Salad,florida salad
Morrisons,2.5,3.3,l,Innocent Kiwi Cucumber & Matcha Invigorat…,20240413,fresh_food,False,True,Innocent Kiwi Cucumber & Matcha Invigorat…,,,,Innocent,,,750.0,ml,,True,,,,Kiwi Cucumber and Matcha Invigorat…,innocent kiwi cucumber and matcha invigorat
Morrisons,2.99,3.0,l,Morrisons The Best Pink Lady Juice,20240413,fresh_food,True,False,Morrisons The Best Pink Lady Juice,Morrisons The Best,premium,The Best,Pink Lady,,,1000.0,ml,,True,,,,Juice,pink lady juice
Morrisons,1.99,13.7,kg,Dickinson Morris Pork Pie,20240413,fresh_food,False,False,Dickinson Morris Pork Pie,,,,,,,145.3,g,,True,,,,Dickinson Morris Pork Pie,dickinson morris pork pie
Morrisons,2.79,18.6,kg,Castello Extra Creamy Brie with Truffle,20240413,fresh_food,False,False,Castello Extra Creamy Brie with Truffle,,,,Castello,,,150.0,g,,True,,,{'texture': ['creamy']},Extra Creamy Brie with Truffle,castello extra creamy brie with truffle
Morrisons,3.5,11.7,kg,Cadbury Twinpot Limited Edition,20240413,fresh_food,False,False,Cadbury Twinpot Limited Edition,,,,Cadbury,,,300.0,g,,True,,,,Twinpot Limited Edition,cadbury twinpot limited edition
Morrisons,1.75,7.0,kg,BelVita Breakfast Biscuits Soft B…,20240413,food_cupboard,False,True,BelVita Breakfast Biscuits Soft B…,,,,Belvita,,,250.0,g,,True,,,{'texture': ['soft']},Breakfast Biscuits Soft B…,belvita breakfast biscuits soft b
Morrisons,1.7,4.2,kg,Heinz Chicken Noodle Soup,20240413,food_cupboard,False,False,Heinz Chicken Noodle Soup,,,,Heinz,,,400.0,g,,True,,,,Chicken Noodle Soup,heinz chicken noodle soup
Morrisons,1.0,5.0,kg,Bolands Lemon Puff Biscuits,20240413,food_cupboard,False,False,Bolands Lemon Puff Biscuits,,,,,,,200.0,g,,True,,,,Bolands Lemon Puff Biscuits,bolands lemon puff biscuits
Morrisons,1.39,6.3,kg,Bens Original Mixed Pepper Microwave Rice,20240413,food_cupboard,False,False,Bens Original Mixed Pepper Microwave Rice,,,,Bens Original,,,220.0,g,,True,,,,Mixed Pepper Microwave Rice,bens original mixed pepper microwave rice
Morrisons,1.1,11.0,kg,Morrisons Sweet & Salt Popcorn,20240413,food_cupboard,True,False,Morrisons Sweet & Salt Popcorn,Morrisons,standard,,,,,100.0,g,,True,,,{'flavor': ['sweet']},Sweet and Salt Popcorn,sweet and salt popcorn
Morrisons,2.49,6.4,kg,Princes Mild Chicken Curry,20240413,food_cupboard,False,False,Princes Mild Chicken Curry,,,,Princes,,,400.0,g,,True,,,"{'flavor': ['mild'], 'maturity': ['mild']}",Mild Chicken Curry,princes mild chicken curry
Morrisons,7.0,8.8,kg,Walkers Classic Variety Crisps Box,20240413,food_cupboard,False,False,Walkers Classic Variety Crisps Box,,,,Walkers,,,800.0,g,,True,,,,Classic Variety Crisps Box,walkers classic variety crisps box
Morrisons,1.5,4.3,kg,Heinz Tomato Mascarpone & G…,20240413,food_cupboard,False,True,Heinz Tomato Mascarpone & G…,,,,Heinz,,,340.0,g,,True,,,,Tomato Mascarpone and G…,heinz tomato mascarpone and g
Morrisons,4.49,22.5,kg,Taylors Rich Italian Coffee Beans,20240413,food_cupboard,False,False,Taylors Rich Italian Coffee Beans,,,,Taylors,,,200.0,g,,True,,,,Rich Italian Coffee Beans,taylors rich italian coffee beans
Morrisons,1.09,33.0,kg,Schwartz Slow Cookers Chicken Curry Recipe Mix,20240413,food_cupboard,False,False,Schwartz Slow Cookers Chicken Curry Recipe Mix,,,,Schwartz,,,33.0,g,,True,,,,Slow Cookers Chicken Curry Recipe Mix,schwartz slow cookers chicken curry recipe mix
Morrisons,1.09,41.9,kg,Schwartz Garlic & Mushroom Sauce Mix,20240413,food_cupboard,False,False,Schwartz Garlic & Mushroom Sauce Mix,,,,Schwartz,,,26.0,g,,True,,,,Garlic and Mushroom Sauce Mix,schwartz garlic and mushroom sauce mix
Morrisons,3.0,6.0,kg,Old El Paso Roasted Tomato & Pepper Fajita Kit,20240413,food_cupboard,False,False,Old El Paso Roasted Tomato & Pepper Fajita Kit,,,,Old El Paso,,,500.0,g,,True,,,{'cooking_method': ['roasted']},Roasted Tomato and Pepper Fajita Kit,old el paso roasted tomato and pepper fajita kit
Morrisons,1.75,10.3,kg,Dolmio Tomato & Basil Pouch Pasta Sauce,20240413,food_cupboard,False,False,Dolmio Tomato & Basil Pouch Pasta Sauce,,,,Dolmio,,,170.0,g,,True,,,{'packaging': ['pouch']},Tomato and Basil Pouch Pasta Sauce,dolmio tomato and basil pouch pasta sauce
Morrisons,1.4,4.3,kg,Old El Paso 8 Super Soft Whole Wheat Tortillas,20240413,food_cupboard,False,False,Old El Paso 8 Super Soft Whole Wheat Tortillas,,,,Old El Paso,,,320.0,g,,True,,,"{'form': ['whole'], 'texture': ['soft']}",8 Super Soft Whole Wheat Tortillas,old el paso 8 super soft whole wheat tortillas
Morrisons,2.29,70.7,kg,Tetley Super Herbal Digestion M…,20240413,food_cupboard,False,True,Tetley Super Herbal Digestion M…,,,,Tetley,,,32.4,g,,True,,,,Super Herbal Digestion M…,tetley super herbal digestion m
Morrisons,2.5,9.5,kg,Blue Dragon Pad Thai Kit,20240413,food_cupboard,False,False,Blue Dragon Pad Thai Kit,,,,Blue Dragon,,,270.0,g,,True,,,,Pad Thai Kit,blue dragon pad thai kit
Morrisons,1.75,1.3,kg,belVita Biscuit fruit crunch apple & pear multigrain,20240413,food_cupboard,False,False,belVita Biscuit fruit crunch apple & pear multigrain,,,,Belvita,,,1360.0,g,,True,,,{'bakery_type': ['multigrain']},Biscuit fruit crunch apple and pear multigrain,belvita biscuit fruit crunch apple and pear multigrain
Morrisons,8.5,1.7,l,KTC Vegetable Cooking Oil,20240413,food_cupboard,False,False,KTC Vegetable Cooking Oil,,,,Ktc,,,5000.0,ml,,True,,,,Vegetable Cooking Oil,ktc vegetable cooking oil
Morrisons,2.15,57.0,kg,Schwartz Hot Chilli Powder,20240413,food_cupboard,False,False,Schwartz Hot Chilli Powder,,,,Schwartz,,,37.7,g,,True,,,"{'flavor': ['hot'], 'form': ['powder']}",Hot Chilli Powder,schwartz hot chilli powder
Morrisons,2.29,57.3,kg,Tetley Super Fruit Vitamin B Bluebe…,20240413,food_cupboard,False,True,Tetley Super Fruit Vitamin B Bluebe…,,,,Tetley,,,40.0,g,,True,,,,Super Fruit Vitamin B Bluebe…,tetley super fruit vitamin b bluebe
Morrisons,1.09,36.0,kg,Schwartz Wrap It Smokehouse BBQ,20240413,food_cupboard,False,False,Schwartz Wrap It Smokehouse BBQ,,,,Schwartz,,,30.0,g,,True,,,{'cooking_method': ['bbq']},Wrap It Smokehouse BBQ,schwartz wrap it smokehouse bbq
Morrisons,2.75,9.0,kg,Princes Sandwich Tuna In Spring Water (3x140g),20240413,food_cupboard,False,False,Princes Sandwich Tuna In Spring Water (3x140g),,,,Princes,3.0,count_x_size,420.0,g,,False,,,,Sandwich Tuna In Spring Water,princes sandwich tuna in spring water
Morrisons,1.75,12.5,kg,Nescafe Gold Sticky Toffee Pudding Latte 7 Sachets,20240413,food_cupboard,False,False,Nescafe Gold Sticky Toffee Pudding Latte 7 Sachets,,,,Nescafe,7.0,bag_count,140.0,g,,True,,,,Gold Sticky Toffee Pudding Latte,nescafe gold sticky toffee pudding latte
Morrisons,2.5,9.9,kg,Blue Dragon Thai Red Curry Kit,20240413,food_cupboard,False,False,Blue Dragon Thai Red Curry Kit,,,,Blue Dragon,,,250.0,g,,True,,,,Thai Red Curry Kit,blue dragon thai red curry kit
Morrisons,2.15,77.0,kg,Schwartz Mixed Spice Jar,20240413,food_cupboard,False,False,Schwartz Mixed Spice Jar,,,,Schwartz,,,27.9,g,,True,,,{'packaging': ['jar']},Mixed Spice Jar,schwartz mixed spice jar
Morrisons,1.7,0.9,kg,Wikinger Spicy Hotdogs,20240413,food_cupboard,False,False,Wikinger Spicy Hotdogs,,,,,,,1888.9,g,,True,,,{'flavor': ['spicy']},Wikinger Spicy Hotdogs,wikinger spicy hotdogs
Morrisons,0.95,1.9,kg,Morrisons Savers Sultanas,20240413,food_cupboard,True,False,Morrisons Savers Sultanas,Morrisons Savers,value,Savers,,,,500.0,g,,True,,,,Sultanas,sultanas
Morrisons,4.5,6.2,kg,Kellog's Crunchy Nut Original,20240413,food_cupboard,False,False,Kellog's Crunchy Nut Original,,,,,,,725.8,g,,True,,,{'texture': ['crunchy']},Kellog's Crunchy Nut Original,kellog s crunchy nut original
Morrisons,0.95,9.3,kg,Morrisons Fad Free Tuna Chunks In Brine (145g),20240413,food_cupboard,True,False,Morrisons Fad Free Tuna Chunks In Brine (145g),Morrisons,standard,,,,,145.0,g,,False,,,,Fad Free Tuna Chunks In Brine,fad free tuna chunks in brine
Morrisons,1.85,10.0,kg,Pringles Salt & Vinegar Sharing Crisps,20240413,food_cupboard,False,False,Pringles Salt & Vinegar Sharing Crisps,,,,Pringles,,,180.0,g,,True,,,,Salt and Vinegar Sharing Crisps,pringles salt and vinegar sharing crisps
Morrisons,0.7,4.5,kg,Glenryck Pilchards in Tomato Sauce (155g),20240413,food_cupboard,False,False,Glenryck Pilchards in Tomato Sauce (155g),,,,Glenryck,,,155.0,g,,False,,,,Pilchards in Tomato Sauce,glenryck pilchards in tomato sauce
Morrisons,1.0,14.7,kg,Mug Shot Pasta Creamy Cheese,20240413,food_cupboard,False,False,Mug Shot Pasta Creamy Cheese,,,,Mug Shot,,,68.0,g,,True,,,{'texture': ['creamy']},Pasta Creamy Cheese,mug shot pasta creamy cheese
Morrisons,1.0,2.4,kg,Morrisons Reduced Sugar Fin…,20240413,food_cupboard,True,True,Morrisons Reduced Sugar Fin…,Morrisons,standard,,,,,425.0,g,,True,,,,Reduced Sugar Fin…,reduced sugar fin
Morrisons,1.75,9.7,kg,Butterkist Salted Microwave Popcorn,20240413,food_cupboard,False,False,Butterkist Salted Microwave Popcorn,,,,,,,180.0,g,,True,,,,Butterkist Salted Microwave Popcorn,butterkist salted microwave popcorn
Morrisons,2.35,13.8,kg,Mr Kipling Exceedingly Good…,20240413,food_cupboard,False,True,Mr Kipling Exceedingly Good…,,,,Mr Kipling,,,170.0,g,,True,,,,Exceedingly Good…,mr kipling exceedingly good
Morrisons,1.25,11.9,kg,Jacob's Twiglets Original Baked Snacks,20240413,food_cupboard,False,False,Jacob's Twiglets Original Baked Snacks,,,,Jacob's,,,105.0,g,,True,,,{'cooking_method': ['baked']},Twiglets Original Baked Snacks,jacob s twiglets original baked snacks
Morrisons,1.49,17.5,kg,Kelloggs Fruit Winders Rolls Strawb…,20240413,food_cupboard,False,True,Kelloggs Fruit Winders Rolls Strawb…,,,,Kelloggs,,,85.1,g,,True,,,,Fruit Winders Rolls Strawb…,kelloggs fruit winders rolls strawb
Morrisons,4.0,11.4,kg,Oreo O'S Cereal,20240413,food_cupboard,False,False,Oreo O'S Cereal,,,,Oreo,,,350.0,g,,True,,,,O'S Cereal,oreo o s cereal
Morrisons,1.25,12.3,kg,Morrisons Yogurt Rice Cakes,20240413,food_cupboard,True,False,Morrisons Yogurt Rice Cakes,Morrisons,standard,,,,,100.0,g,,True,,,,Yogurt Rice Cakes,yogurt rice cakes
Morrisons,1.7,17.0,kg,John West Soft Cod Roes (100g),20240413,food_cupboard,False,False,John West Soft Cod Roes (100g),,,,John West,,,100.0,g,,False,,,{'texture': ['soft']},Soft Cod Roes,john west soft cod roes
Morrisons,2.29,5.1,kg,Ben's Original Sweet & Sour Sauce,20240413,food_cupboard,False,False,Ben's Original Sweet & Sour Sauce,,,,Ben's Original,,,450.0,g,,True,,,"{'flavor': ['sweet', 'sour']}",Sweet and Sour Sauce,ben s original sweet and sour sauce
Morrisons,3.75,8.1,kg,Peppadew Red Roasted Peppers (465g),20240413,food_cupboard,False,False,Peppadew Red Roasted Peppers (465g),,,,,,,465.0,g,,False,,,{'cooking_method': ['roasted']},Peppadew Red Roasted Peppers,peppadew red roasted peppers
Morrisons,2.0,4.4,kg,Nestle Shredded Wheat Apricot Fruit Wheats,20240413,food_cupboard,False,False,Nestle Shredded Wheat Apricot Fruit Wheats,,,,Nestle,,,450.0,g,,True,,,{'form': ['shredded']},Shredded Wheat Apricot Fruit Wheats,nestle shredded wheat apricot fruit wheats
Morrisons,2.0,8.0,kg,McVitie's Digestives Biscuits The Light One,20240413,food_cupboard,False,False,McVitie's Digestives Biscuits The Light One,,,,Mcvitie's,,,250.0,g,,True,,,,Digestives Biscuits The Light One,mcvitie s digestives biscuits the light one
Morrisons,1.49,0.04,unit,Rombouts Coffee Filter Papers No.4,20240413,food_cupboard,False,False,Rombouts Coffee Filter Papers No.4,,,,,,,,,,False,,,,Rombouts Coffee Filter Papers No.4,rombouts coffee filter papers no 4
Morrisons,0.65,5.4,kg,Morrisons Sweet & Sour Stir Fry Sauce,20240413,food_cupboard,True,False,Morrisons Sweet & Sour Stir Fry Sauce,Morrisons,standard,,,,,120.0,g,,True,,,"{'flavor': ['sweet', 'sour']}",Sweet and Sour Stir Fry Sauce,sweet and sour stir fry sauce
Morrisons,1.89,28.6,kg,Nissin Cup Noodle Hot Chilli,20240413,food_cupboard,False,False,Nissin Cup Noodle Hot Chilli,,,,Nissin,,,66.1,g,,True,,,{'flavor': ['hot']},Cup Noodle Hot Chilli,nissin cup noodle hot chilli
Morrisons,1.99,5.8,kg,Mackays Scottish Raspberry Preserve,20240413,food_cupboard,False,False,Mackays Scottish Raspberry Preserve,,,,,,,340.0,g,,True,,,,Mackays Scottish Raspberry Preserve,mackays scottish raspberry preserve
Morrisons,4.0,6.7,kg,Kellogg's Crunchy Nut Glorious…,20240413,food_cupboard,False,True,Kellogg's Crunchy Nut Glorious…,,,,Kellogg's,,,600.0,g,,True,,,{'texture': ['crunchy']},Crunchy Nut Glorious…,kellogg s crunchy nut glorious
Morrisons,2.0,10.0,kg,Fray Bentos Just Steak Pudding,20240413,food_cupboard,False,False,Fray Bentos Just Steak Pudding,,,,Fray Bentos,,,200.0,g,,True,,,{'cut_meat': ['steak']},Just Steak Pudding,fray bentos just steak pudding
Morrisons,1.35,11.3,kg,Opies Mini Silverskin Onions (227g),20240413,food_cupboard,False,False,Opies Mini Silverskin Onions (227g),,,,,,,227.0,g,,False,,,,Opies Mini Silverskin Onions,opies mini silverskin onions
Morrisons,1.29,6.1,kg,Morrisons Sliced Jalapenos,20240413,food_cupboard,True,False,Morrisons Sliced Jalapenos,Morrisons,standard,,,,,210.0,g,,True,,,{'form': ['sliced']},Sliced Jalapenos,sliced jalapenos
Morrisons,2.75,17.08,kg,Vesta Chow Mein,20240413,food_cupboard,False,False,Vesta Chow Mein,,,,,,,160.0,g,,True,,,,Vesta Chow Mein,vesta chow mein
Morrisons,4.99,41.6,kg,Twinings Lemon & Ginger Tea Bags 80s,20240413,food_cupboard,False,False,Twinings Lemon & Ginger Tea Bags 80s,,,,Twinings,80.0,count_s,120.0,g,,True,,,,Lemon and Ginger Tea Bags,twinings lemon and ginger tea bags
Morrisons,4.3,23.9,kg,Cadbury Highlights Milk Chocolate Drink,20240413,food_cupboard,False,False,Cadbury Highlights Milk Chocolate Drink,,,,Cadbury,,,175.0,g,,True,,,,Highlights Milk Chocolate Drink,cadbury highlights milk chocolate drink
Morrisons,1.09,27.3,kg,Guinness Chilli Con Carne Recipe Mix,20240413,food_cupboard,False,False,Guinness Chilli Con Carne Recipe Mix,,,,Guinness,,,40.0,g,,True,,,,Chilli Con Carne Recipe Mix,guinness chilli con carne recipe mix
Morrisons,1.19,5.9,l,Kingfisher Coconut Milk Light,20240413,food_cupboard,False,False,Kingfisher Coconut Milk Light,,,,,,,200.0,ml,,True,,,,Kingfisher Coconut Milk Light,kingfisher coconut milk light
Morrisons,2.49,6.2,kg,Baxters Luxury Beef Consomm…,20240413,food_cupboard,False,True,Baxters Luxury Beef Consomm…,,,,Baxters,,,400.0,g,,True,,,,Luxury Beef Consomm…,baxters luxury beef consomm
Morrisons,1.9,8.6,kg,Morrisons The Best Cranberry Sauce,20240413,food_cupboard,True,False,Morrisons The Best Cranberry Sauce,Morrisons The Best,premium,The Best,,,,220.0,g,,True,,,,Cranberry Sauce,cranberry sauce
Morrisons,2.95,10.5,kg,Sharwood's Madras Curry Paste Uk 30% Less Fat,20240413,food_cupboard,False,False,Sharwood's Madras Curry Paste Uk 30% Less Fat,,,,Sharwood's,,,280.0,g,,True,,,{'form': ['paste']},Madras Curry Paste Uk 30% Less Fat,sharwood s madras curry paste uk 30 less fat
Morrisons,2.5,5.88,kg,Betty Crocker Tempting Chocolate Cake Mix,20240413,food_cupboard,False,False,Betty Crocker Tempting Chocolate Cake Mix,,,,Betty Crocker,,,425.0,g,,True,,,,Tempting Chocolate Cake Mix,betty crocker tempting chocolate cake mix
Morrisons,1.99,39.8,kg,Nando's Garlic & Herb Flavour Shaker,20240413,food_cupboard,False,False,Nando's Garlic & Herb Flavour Shaker,,,,Nando's,,,50.0,g,,True,,,,Garlic and Herb Flavour Shaker,nando s garlic and herb flavour shaker
Morrisons,2.8,8.0,l,Morrisons Sherry Vinegar,20240413,food_cupboard,True,False,Morrisons Sherry Vinegar,Morrisons,standard,,,,,355.0,ml,,True,,,,Sherry Vinegar,sherry vinegar
Morrisons,3.49,17.45,kg,Saxa Rock Salt Grinder,20240413,food_cupboard,False,False,Saxa Rock Salt Grinder,,,,Saxa,,,200.0,g,,True,,,,Rock Salt Grinder,saxa rock salt grinder
Morrisons,3.79,15.8,kg,WW John West Tuna Tomato & Herb (3x80g),20240413,food_cupboard,False,False,WW John West Tuna Tomato & Herb (3x80g),,,,,3.0,count_x_size,240.0,g,,False,,,,WW John West Tuna Tomato and Herb,ww john west tuna tomato and herb
Morrisons,2.69,7.5,kg,Dr Oetker Solar System Cupcake Cake Mix,20240413,food_cupboard,False,False,Dr Oetker Solar System Cupcake Cake Mix,,,,Dr Oetker,,,350.0,g,,True,,,,Solar System Cupcake Cake Mix,dr oetker solar system cupcake cake mix
Morrisons,2.7,7.1,kg,Blue Dragon Sweet Chilli Dipp…,20240413,food_cupboard,False,True,Blue Dragon Sweet Chilli Dipp…,,,,Blue Dragon,,,375.0,g,,True,,,{'flavor': ['sweet']},Sweet Chilli Dipp…,blue dragon sweet chilli dipp
Morrisons,12.0,24.0,kg,Carbzone Low Carb Organic Almond Flour,20240413,food_cupboard,False,False,Carbzone Low Carb Organic Almond Flour,,,,,,,500.0,g,,True,organic,organic,,Carbzone Low Carb Almond Flour,carbzone low carb almond flour
Morrisons,4.5,1.7,l,Bavaria 0.0% Original Alcohol Free Beer,20240413,drinks,False,False,Bavaria 0.0% Original Alcohol Free Beer,,,,Bavaria,,,2647.1,ml,,True,alcohol_marker,alcohol free,,0.0% Original Beer,bavaria 0 0 original beer
Morrisons,3.99,5.31,l,Gallo Family Vineyards Summer Rose Wine,20240413,drinks,False,False,Gallo Family Vineyards Summer Rose Wine,,,,Gallo,,,750.0,ml,,True,,,,Family Vineyards Summer Rose Wine,gallo family vineyards summer rose wine
Morrisons,6.0,3.41,l,Thatchers Blood Orange Cider Cans,20240413,drinks,False,False,Thatchers Blood Orange Cider Cans,,,,Thatchers,,,1750.0,ml,,True,,,{'packaging': ['cans']},Blood Orange Cider Cans,thatchers blood orange cider cans
Morrisons,2.0,4.0,l,Badger Golden Champion Golden Ale,20240413,drinks,False,False,Badger Golden Champion Golden Ale,,,,,,,500.0,ml,,True,,,,Badger Golden Champion Golden Ale,badger golden champion golden ale
Morrisons,10.0,13.3,l,Morrisons The Best Vouvray,20240413,drinks,True,False,Morrisons The Best Vouvray,Morrisons The Best,premium,The Best,,,,750.0,ml,,True,,,,Vouvray,vouvray
Morrisons,10.0,13.3,l,Morrisons The Best Pinot Gris,20240413,drinks,True,False,Morrisons The Best Pinot Gris,Morrisons The Best,premium,The Best,,,,750.0,ml,,True,,,,Pinot Gris,pinot gris
Morrisons,9.0,11.97,l,Matsu El Picaro,20240413,drinks,False,False,Matsu El Picaro,,,,,,,750.0,ml,,True,,,,Matsu El Picaro,matsu el picaro
Morrisons,8.75,11.64,l,Septimo Sentido Verdejo,20240413,drinks,False,False,Septimo Sentido Verdejo,,,,,,,750.0,ml,,True,,,,Septimo Sentido Verdejo,septimo sentido verdejo
Morrisons,3.25,7.39,l,Thornbridge Czech Mates Lager (Abv 4.8%),20240413,drinks,False,False,Thornbridge Czech Mates Lager (Abv 4.8%),,,,,,,440.0,ml,,True,,,,Thornbridge Czech Mates Lager (Abv 4.8%),thornbridge czech mates lager abv 4 8
Morrisons,2.0,4.0,l,Saltaire Brewery White Christmas,20240413,drinks,False,False,Saltaire Brewery White Christmas,,,,,,,500.0,ml,,True,,,{'bakery_type': ['white']},Saltaire Brewery White Christmas,saltaire brewery white christmas
Morrisons,18.0,,,Penfolds Max Shiraz,20240413,drinks,False,False,Penfolds Max Shiraz,,,,,,,,,,False,,,,Penfolds Max Shiraz,penfolds max shiraz
Morrisons,19.0,19.0,l,Captain Morgan's Spiced Gold,20240413,drinks,False,False,Captain Morgan's Spiced Gold,,,,Captain Morgan,,,1000.0,ml,,True,,,,'s Spiced Gold,captain morgan s spiced gold
Morrisons,2.5,5.0,l,Thatchers Old Rascal Cider Bottle,20240413,drinks,False,False,Thatchers Old Rascal Cider Bottle,,,,Thatchers,,,500.0,ml,,True,,,{'packaging': ['bottle']},Old Rascal Cider Bottle,thatchers old rascal cider bottle
Morrisons,6.5,0.65,unit,Sterling Double Dual Berry,20240413,drinks,False,False,Sterling Double Dual Berry,,,,,,,,,,False,,,,Sterling Double Dual Berry,sterling double dual berry
Morrisons,2.75,5.5,l,Thirsty Farmer Premium Nottin…,20240413,drinks,False,True,Thirsty Farmer Premium Nottin…,,,,,,,500.0,ml,,True,,,,Thirsty Farmer Premium Nottin…,thirsty farmer premium nottin
Morrisons,27.0,38.57,l,Havana Club 7 Year Old Dark Rum,20240413,drinks,False,False,Havana Club 7 Year Old Dark Rum,,,,Havana Club,,,700.0,ml,,True,,,,7 Year Old Dark Rum,havana club 7 year old dark rum
Morrisons,7.0,5.3,l,Tiny Rebel Electric Boogaloo…,20240413,drinks,False,True,Tiny Rebel Electric Boogaloo…,,,,Tiny Rebel,,,1320.8,ml,,True,,,,Electric Boogaloo…,tiny rebel electric boogaloo
Morrisons,25.0,50.0,l,Rockstar Two Swallows Cherry & Salted Caramel,20240413,drinks,False,False,Rockstar Two Swallows Cherry & Salted Caramel,,,,Rockstar,,,500.0,ml,,True,,,,Two Swallows Cherry and Salted Caramel,rockstar two swallows cherry and salted caramel
Morrisons,3.99,399.0,l,Vampire Vape Cola 6mg,20240413,drinks,False,False,Vampire Vape Cola 6mg,,,,,,,10.0,ml,,True,,,,Vampire Vape Cola 6mg,vampire vape cola 6mg
Morrisons,26.0,37.05,l,Aber Falls Single Malt Whisky,20240413,drinks,False,False,Aber Falls Single Malt Whisky,,,,,,,700.0,ml,,True,,,,Aber Falls Single Malt Whisky,aber falls single malt whisky
Morrisons,25.0,35.71,l,Bloom Passionfruit & Vanilla Blossom Gin,20240413,drinks,False,False,Bloom Passionfruit & Vanilla Blossom Gin,,,,,,,700.0,ml,,True,,,,Bloom Passionfruit and Vanilla Blossom Gin,bloom passionfruit and vanilla blossom gin
Morrisons,28.0,37.24,l,Pale Fox Single Estate Prosecco Gift Box,20240413,drinks,False,False,Pale Fox Single Estate Prosecco Gift Box,,,,,,,750.0,ml,,True,,,,Pale Fox Single Estate Prosecco Gift Box,pale fox single estate prosecco gift box
Morrisons,2.49,0.16,unit,Market Street Chocolate Topped Flapjacks,20240413,bakery,False,False,Market Street Chocolate Topped Flapjacks,Market Street,premium,Market Street,,,,,,,False,,,,Chocolate Topped Flapjacks,chocolate topped flapjacks
Morrisons,2.0,0.4,unit,Cadbury Chocolate Mini Rolls,20240413,bakery,False,False,Cadbury Chocolate Mini Rolls,,,,Cadbury,,,,,,False,,,,Chocolate Mini Rolls,cadbury chocolate mini rolls
Morrisons,2.2,7.33,kg,Morrisons 10 Cod Fish Fingers,20240413,frozen,True,False,Morrisons 10 Cod Fish Fingers,Morrisons,standard,,,10.0,leading_count,300.0,g,,True,,,,Cod Fish Fingers,cod fish fingers
Morrisons,2.0,8.33,kg,Young's Extra Crispy Batter 8 Fish Fingers,20240413,frozen,False,False,Young's Extra Crispy Batter 8 Fish Fingers,,,,Young's,,,240.0,g,,True,,,{'texture': ['crispy']},Extra Crispy Batter 8 Fish Fingers,young s extra crispy batter 8 fish fingers
Morrisons,4.5,10.23,kg,Birds Eye 4 Large Haddock Fillets Battered,20240413,frozen,False,False,Birds Eye 4 Large Haddock Fillets Battered,,,,Birds Eye,,,450.0,g,,True,,,{'texture': ['battered']},4 Large Haddock Fillets Battered,birds eye 4 large haddock fillets battered
Morrisons,2.0,3.12,kg,Birds Eye Supersweet Sweetcorn,20240413,frozen,False,False,Birds Eye Supersweet Sweetcorn,,,,Birds Eye,,,625.0,g,,True,,,,Supersweet Sweetcorn,birds eye supersweet sweetcorn
Morrisons,4.0,14.8,l,Nuii Salted Caramel & Austral…,20240413,frozen,False,True,Nuii Salted Caramel & Austral…,,,,,,,275.0,ml,,True,,,,Nuii Salted Caramel and Austral…,nuii salted caramel and austral
Morrisons,2.25,0.75,unit,R Whites Premium Lemonade Ice Lollies,20240413,frozen,False,False,R Whites Premium Lemonade Ice Lollies,,,,,,,,,,False,,,,R Whites Premium Lemonade Ice Lollies,r whites premium lemonade ice lollies
Morrisons,3.5,8.22,kg,Morrisons Takeaway Classic Crus…,20240413,frozen,True,True,Morrisons Takeaway Classic Crus…,Morrisons,standard,,,,,425.0,g,,True,,,,Takeaway Classic Crus…,takeaway classic crus
Morrisons,2.75,3.1,l,Carte D'or Madagascan Vanil…,20240413,frozen,False,True,Carte D'or Madagascan Vanil…,,,,Carte D'or,,,900.0,ml,,True,,,,Madagascan Vanil…,carte d or madagascan vanil
Morrisons,3.5,7.3,l,Oreo Ice Cream Tub,20240413,frozen,False,False,Oreo Ice Cream Tub,,,,Oreo,,,473.0,ml,,True,,,{'packaging': ['tub']},Ice Cream Tub,oreo ice cream tub
Morrisons,3.0,3.8,kg,Beyond Meat Sausage,20240413,frozen,False,False,Beyond Meat Sausage,,,,Beyond Meat,,,800.0,g,,True,,,{'cut_meat': ['sausage']},Sausage,beyond meat sausage
Morrisons,2.49,0.64,kg,Morrisons Pepperoni Mini Pizzas,20240413,frozen,True,False,Morrisons Pepperoni Mini Pizzas,Morrisons,standard,,,,,4000.0,g,,True,,,,Pepperoni Mini Pizzas,pepperoni mini pizzas
Morrisons,0.97,3.09,kg,Morrison Thin Crust Cheese Pizza,20240413,frozen,False,False,Morrison Thin Crust Cheese Pizza,Morrison,standard,,,,,320.0,g,,True,,,{'texture': ['thin']},Thin Crust Cheese Pizza,thin crust cheese pizza
Morrisons,4.79,6.84,kg,Morrisons Chicken Breast Fillets,20240413,frozen,True,False,Morrisons Chicken Breast Fillets,Morrisons,standard,,,,,680.0,g,,True,,,{'cut_meat': ['breast']},Chicken Breast Fillets,chicken breast fillets
Morrisons,1.6,3.4,l,Morrisons Rocket Ice Lollies,20240413,frozen,True,False,Morrisons Rocket Ice Lollies,Morrisons,standard,,,,,473.0,ml,,True,,,,Rocket Ice Lollies,rocket ice lollies
Morrisons,4.5,7.5,kg,Morrisons Gammon Joint Honey Glaze,20240413,frozen,True,False,Morrisons Gammon Joint Honey Glaze,Morrisons,standard,,,,,600.0,g,,True,,,"{'cut_meat': ['gammon', 'joint']}",Gammon Joint Honey Glaze,gammon joint honey glaze
Morrisons,4.25,15.7,kg,Itsu Vegetable Fusion Gyoza,20240413,frozen,False,False,Itsu Vegetable Fusion Gyoza,,,,Itsu,,,270.0,g,,True,,,,Vegetable Fusion Gyoza,itsu vegetable fusion gyoza
Morrisons,5.39,14.2,l,Haagen-Dazs Vanilla Collect…,20240413,frozen,False,True,Haagen-Dazs Vanilla Collect…,,,,Haagen-dazs,,,375.0,ml,,True,,,,Vanilla Collect…,haagen dazs vanilla collect
Morrisons,5.49,11.8,l,Ben & Jerry's A Chocolate Love A-Fair S…,20240413,frozen,False,True,Ben & Jerry's A Chocolate Love A-Fair S…,,,,,,,473.0,ml,,True,,,,Ben and Jerry's A Chocolate Love A-Fair S…,ben and jerry s a chocolate love a fair s
Morrisons,3.99,12.8,kg,Maltesers Milk Chocolate & Honeycomb Gift…,20240413,food_cupboard,False,True,Maltesers Milk Chocolate & Honeycomb Gift…,,,,Maltesers,,,320.0,g,,True,,,,Milk Chocolate and Honeycomb Gift…,maltesers milk chocolate and honeycomb gift
Morrisons,0.75,11.5,kg,Morrisons Fizzy Cola Straws,20240413,food_cupboard,True,False,Morrisons Fizzy Cola Straws,Morrisons,standard,,,,,65.2,g,,True,,,,Fizzy Cola Straws,fizzy cola straws
Morrisons,1.2,7.3,kg,Fruittella Favourites Chewy Sweets Multipack,20240413,food_cupboard,False,False,Fruittella Favourites Chewy Sweets Multipack,,,,,,,160.0,g,,True,,,{'packaging': ['multipack']},Fruittella Favourites Chewy Sweets Multipack,fruittella favourites chewy sweets multipack
Morrisons,2.15,21.5,kg,Lindt Excellence Caramel & Sea Salt Milk,20240413,food_cupboard,False,False,Lindt Excellence Caramel & Sea Salt Milk,,,,Lindt,,,100.0,g,,True,,,,Excellence Caramel and Sea Salt Milk,lindt excellence caramel and sea salt milk
Morrisons,1.0,22.2,kg,Mentos Sugar Free Peppermint Chewies,20240413,food_cupboard,False,False,Mentos Sugar Free Peppermint Chewies,,,,Mentos,,,45.0,g,,True,diet,sugar free,,Peppermint Chewies,mentos peppermint chewies
Morrisons,3.5,10.0,kg,Maynards Bassetts Wine Gums Carton,20240413,food_cupboard,False,False,Maynards Bassetts Wine Gums Carton,,,,Maynards Bassetts,,,340.0,g,,True,,,{'packaging': ['carton']},Wine Gums Carton,maynards bassetts wine gums carton
Morrisons,1.65,15.0,kg,Cadbury Dairy Milk Oreo Bites Chocolate Bag,20240413,food_cupboard,False,False,Cadbury Dairy Milk Oreo Bites Chocolate Bag,,,,Cadbury,,,110.0,g,,True,,,,Dairy Milk Oreo Bites Chocolate Bag,cadbury dairy milk oreo bites chocolate bag
Morrisons,1.5,11.5,kg,Sour Patch Kids Watermelon,20240413,food_cupboard,False,False,Sour Patch Kids Watermelon,,,,,,,130.0,g,,True,,,{'flavor': ['sour']},Sour Patch Kids Watermelon,sour patch kids watermelon
Morrisons,5.0,25.0,kg,Lindt Lindor White Chocolate Truffles,20240413,food_cupboard,False,False,Lindt Lindor White Chocolate Truffles,,,,Lindt,,,200.0,g,,True,,,{'bakery_type': ['white']},Lindor White Chocolate Truffles,lindt lindor white chocolate truffles
Morrisons,2.25,12.4,kg,Aero Peppermint Bubbles More To Share,20240413,food_cupboard,False,False,Aero Peppermint Bubbles More To Share,,,,Aero,,,180.0,g,,True,,,,Peppermint Bubbles More To Share,aero peppermint bubbles more to share
Morrisons,0.65,16.3,kg,"Galaxy Triple Treat Fruit, Nut & Chocolate Snack Bar",20240413,food_cupboard,False,False,"Galaxy Triple Treat Fruit, Nut & Chocolate Snack Bar",,,,Galaxy,,,40.0,g,,True,,,,"Triple Treat Fruit, Nut and Chocolate Snack Bar",galaxy triple treat fruit nut and chocolate snack bar
Morrisons,1.5,1.2,l,Lipton Ice Tea Peach,20240413,drinks,False,False,Lipton Ice Tea Peach,,,,Lipton,,,1250.0,ml,,True,,,,Ice Tea Peach,lipton ice tea peach
Morrisons,0.75,2.3,l,Carabao Energy Drink Mixed Berry,20240413,drinks,False,False,Carabao Energy Drink Mixed Berry,,,,,,,330.0,ml,,True,,,,Carabao Energy Drink Mixed Berry,carabao energy drink mixed berry
Morrisons,3.75,1.4,l,Fanta Orange Zero Cans,20240413,drinks,False,False,Fanta Orange Zero Cans,,,,Fanta,,,2678.6,ml,,True,,,{'packaging': ['cans']},Orange Zero Cans,fanta orange zero cans
Morrisons,1.7,3.4,l,Lucozade Sport Drink Mango and Passion Fruit,20240413,drinks,False,False,Lucozade Sport Drink Mango and Passion Fruit,,,,Lucozade,,,500.0,ml,,True,,,,Sport Drink Mango and Passion Fruit,lucozade sport drink mango and passion fruit
Morrisons,3.75,11.03,kg,Morrisons The Best Lamb Meatballs,20240413,fresh_food,True,False,Morrisons The Best Lamb Meatballs,Morrisons The Best,premium,The Best,,,,340.0,g,,True,,,{'cut_meat': ['meatballs']},Lamb Meatballs,lamb meatballs
Morrisons,1.69,6.15,kg,Morrisons Savers Unsmoked Streaky Bacon,20240413,fresh_food,True,False,Morrisons Savers Unsmoked Streaky Bacon,Morrisons Savers,value,Savers,,,,270.0,g,,True,,,{'flavor': ['unsmoked']},Unsmoked Streaky Bacon,unsmoked streaky bacon
Morrisons,1.59,4.0,kg,Morrisons Redskin Peanuts,20240413,fresh_food,True,False,Morrisons Redskin Peanuts,Morrisons,standard,,,,,400.0,g,,True,,,,Redskin Peanuts,redskin peanuts
Morrisons,0.99,4.9,kg,Morrisons Roasted Monkey Nuts,20240413,fresh_food,True,False,Morrisons Roasted Monkey Nuts,Morrisons,standard,,,,,200.0,g,,True,,,{'cooking_method': ['roasted']},Roasted Monkey Nuts,roasted monkey nuts
Morrisons,1.15,6.8,kg,Morrisons Blackbean Stir Fry Sauce,20240413,fresh_food,True,False,Morrisons Blackbean Stir Fry Sauce,Morrisons,standard,,,,,170.0,g,,True,,,,Blackbean Stir Fry Sauce,blackbean stir fry sauce
Morrisons,1.15,6.8,kg,Morrisons Sweet And Sour Stir Fry Sauce,20240413,fresh_food,True,False,Morrisons Sweet And Sour Stir Fry Sauce,Morrisons,standard,,,,,170.0,g,,True,,,"{'flavor': ['sweet', 'sour']}",Sweet And Sour Stir Fry Sauce,sweet and sour stir fry sauce
Morrisons,0.59,1.18,kg,Morrisons Wonky Sweet Potatoes,20240413,fresh_food,True,False,Morrisons Wonky Sweet Potatoes,Morrisons,standard,,,,,500.0,g,,True,,,{'flavor': ['sweet']},Wonky Sweet Potatoes,wonky sweet potatoes
Morrisons,2.25,10.7,kg,Love Me Tender Melon Pineapple & Mango,20240413,fresh_food,False,False,Love Me Tender Melon Pineapple & Mango,,,,,,,210.0,g,,True,,,,Love Me Tender Melon Pineapple and Mango,love me tender melon pineapple and mango
Morrisons,2.49,9.1,kg,Morrisons The Best 3 Chee…,20240410,fresh_food,True,True,Morrisons The Best 3 Chee…,Morrisons The Best,premium,The Best,,3.0,leading_count,270.0,g,,True,,,,Chee…,chee
Morrisons,2.99,18.7,kg,Higgidy 6 Feta & Red Pepper Veggie Rolls,20240406,fresh_food,False,False,Higgidy 6 Feta & Red Pepper Veggie Rolls,,,,Higgidy,,,160.0,g,,True,,,,6 Feta and Red Pepper Veggie Rolls,higgidy 6 feta and red pepper veggie rolls
Morrisons,2.5,6.25,kg,Mutti Cherry Tomatoes (400g),20240404,food_cupboard,False,False,Mutti Cherry Tomatoes (400g),,,,Mutti,,,400.0,g,,False,,,,Cherry Tomatoes,mutti cherry tomatoes
Morrisons,1.5,12.5,kg,Lindt Gold Bunny Bar,20240403,food_cupboard,False,False,Lindt Gold Bunny Bar,,,,Lindt,,,120.0,g,,True,,,,Gold Bunny Bar,lindt gold bunny bar
Morrisons,3.5,11.2,kg,M&M's Mixed XL Egg,20240403,food_cupboard,False,False,M&M's Mixed XL Egg,,,,,,,320.0,g,,True,,,,M and M's Mixed XL Egg,m and m s mixed xl egg
Morrisons,2.5,7.9,kg,Cadbury Chocolate Easter Egg Hunt,20240403,food_cupboard,False,False,Cadbury Chocolate Easter Egg Hunt,,,,Cadbury,,,320.0,g,,True,,,,Chocolate Easter Egg Hunt,cadbury chocolate easter egg hunt
Morrisons,2.5,0.62,unit,Cadbury Creme Egg Cakes,20240402,bakery,False,False,Cadbury Creme Egg Cakes,,,,Cadbury,,,,,,False,,,,Creme Egg Cakes,cadbury creme egg cakes
Morrisons,1.09,3.2,kg,Morrisons Reduced Fat Peanut Butter,20240331,food_cupboard,True,False,Morrisons Reduced Fat Peanut Butter,Morrisons,standard,,,,,340.0,g,,True,diet,reduced fat,,Peanut Butter,peanut butter
Morrisons,2.8,19.3,kg,Morrisons Anchovies,20240327,fresh_food,True,False,Morrisons Anchovies,Morrisons,standard,,,,,145.1,g,,True,,,,Anchovies,anchovies
Morrisons,0.39,0.39,unit,Market Street Salad Cress,20240320,fresh_food,False,False,Market Street Salad Cress,Market Street,premium,Market Street,,,,,,,False,,,,Salad Cress,salad cress
Morrisons,0.95,0.95,unit,Morrisons Salad Tomatoes,20240320,fresh_food,True,False,Morrisons Salad Tomatoes,Morrisons,standard,,,,,,,,False,,,,Salad Tomatoes,salad tomatoes
Morrisons,1.0,1.0,unit,Morrisons Easter Bunny Gingerbread Biscuit,20240320,bakery,True,False,Morrisons Easter Bunny Gingerbread Biscuit,Morrisons,standard,,,,,,,,False,,,,Easter Bunny Gingerbread Biscuit,easter bunny gingerbread biscuit
Morrisons,2.5,2.5,unit,Yorkshire Baking Co. Sticky Toffee Mega Loaf,20240320,bakery,False,False,Yorkshire Baking Co. Sticky Toffee Mega Loaf,,,,,,,,,,False,,,,Yorkshire Baking Co. Sticky Toffee Mega Loaf,yorkshire baking co sticky toffee mega loaf
Morrisons,7.5,7.5,unit,Morrisons Morris The Caterpillar…,20240320,bakery,True,True,Morrisons Morris The Caterpillar…,Morrisons,standard,,,,,,,,False,,,,Morris The Caterpillar…,morris the caterpillar
Morrisons,5.99,5.99,unit,Lost Mary Bm600 Cherry Ice 20mg,20240319,drinks,False,False,Lost Mary Bm600 Cherry Ice 20mg,,,,,,,,,,False,,,,Lost Mary Bm600 Cherry Ice 20mg,lost mary bm600 cherry ice 20mg
Morrisons,5.99,5.99,unit,Found Mary Pink Orange Fizz 20mg,20240319,drinks,False,False,Found Mary Pink Orange Fizz 20mg,,,,,,,,,,False,,,,Found Mary Pink Orange Fizz 20mg,found mary pink orange fizz 20mg
Morrisons,5.69,5.69,unit,SKE Crystal Bar Menthol 20mg,20240319,drinks,False,False,SKE Crystal Bar Menthol 20mg,,,,,,,,,,False,,,,SKE Crystal Bar Menthol 20mg,ske crystal bar menthol 20mg
Morrisons,3.99,3.99,unit,Blu Liquid Tropictonic 0.8% 10ml,20240319,drinks,False,False,Blu Liquid Tropictonic 0.8% 10ml,,,,,,,10.0,ml,,False,,,,Blu Liquid Tropictonic 0.8%,blu liquid tropictonic 0 8
Morrisons,5.69,5.69,unit,Gold Bar - Peach Ice - 20mg/Ml,20240319,drinks,False,False,Gold Bar - Peach Ice - 20mg/Ml,,,,,,,0.02,g,,False,,,,Gold Bar - Peach Ice - /Ml,gold bar peach ice ml
Morrisons,5.99,5.99,unit,Blu Bar 1000 Grape 20mg,20240319,drinks,False,False,Blu Bar 1000 Grape 20mg,,,,,,,0.02,g,,False,,,,Blu Bar 1000 Grape,blu bar 1000 grape
Morrisons,2.99,2.99,unit,Hit Bar Salt Watermelon Ice 20mg,20240319,drinks,False,False,Hit Bar Salt Watermelon Ice 20mg,,,,,,,0.02,g,,False,,,,Hit Bar Salt Watermelon Ice,hit bar salt watermelon ice
Morrisons,25.25,25.25,unit,Bombay Citron Presse Gin 70cl,20240316,drinks,False,False,Bombay Citron Presse Gin 70cl,,,,,,,700.0,ml,,False,,,,Bombay Citron Presse Gin,bombay citron presse gin
Morrisons,1.25,7.8,kg,Haribo Heart Throbs Valen…,20240313,food_cupboard,False,True,Haribo Heart Throbs Valen…,,,,Haribo,,,160.0,g,,True,,,,Heart Throbs Valen…,haribo heart throbs valen
Morrisons,1.75,9.4,kg,Kit Kat 2 Finger Milk Chocolate Biscuit Bar Multipack 9 Pack,20240306,food_cupboard,False,False,Kit Kat 2 Finger Milk Chocolate Biscuit Bar Multipack 9 Pack,,,,Kit Kat,9.0,count_pack,190.0,g,,True,,,{'packaging': ['multipack']},2 Finger Milk Chocolate Biscuit Bar Multipack,kit kat 2 finger milk chocolate biscuit bar multipack
Morrisons,2.49,9.6,kg,"Morrisons Chicken, Bacon And…",20240222,fresh_food,True,True,"Morrisons Chicken, Bacon And…",Morrisons,standard,,,,,259.4,g,,True,,,,"Chicken, Bacon And…",chicken bacon and
Morrisons,4.0,4.0,unit,TGI Fridays Chocolate Brownie Heave…,20240218,bakery,False,True,TGI Fridays Chocolate Brownie Heave…,,,,,,,,,,False,,,,TGI Fridays Chocolate Brownie Heave…,tgi fridays chocolate brownie heave
Morrisons,3.75,8.52,l,BrewDog Silk Road,20240217,drinks,False,False,BrewDog Silk Road,,,,Brewdog,,,440.0,ml,,True,,,,Silk Road,brewdog silk road
Morrisons,1.25,4.4,kg,Petits Filous Kids Strawberry & Ras…,20240205,fresh_food,False,True,Petits Filous Kids Strawberry & Ras…,,,,Petits Filous,,,280.0,g,,True,,,,Kids Strawberry and Ras…,petits filous kids strawberry and ras
Morrisons,1.19,39.7,kg,Morrisons Bright Chocolate Dots Decorations,20240122,food_cupboard,True,False,Morrisons Bright Chocolate Dots Decorations,Morrisons,standard,,,,,30.0,g,,True,,,,Bright Chocolate Dots Decorations,bright chocolate dots decorations
Morrisons,2.89,2.9,l,Morrisons The Best Spanish Mand…,20240118,fresh_food,True,True,Morrisons The Best Spanish Mand…,Morrisons The Best,premium,The Best,,,,1000.0,ml,,True,,,,Spanish Mand…,spanish mand
Morrisons,5.0,1.67,unit,Logic Pro Blueberry Flavour…,20240115,drinks,False,True,Logic Pro Blueberry Flavour…,,,,,,,,,,False,,,,Logic Pro Blueberry Flavour…,logic pro blueberry flavour
Morrisons,3.0,8.9,kg,Tetley Super Fruit Vitamin C Peach and Orange Tea 20's,20240112,food_cupboard,False,False,Tetley Super Fruit Vitamin C Peach and Orange Tea 20's,,,,Tetley,,,340.0,g,,True,,,,Super Fruit Vitamin C Peach and Orange Tea 20's,tetley super fruit vitamin c peach and orange tea 20 s
Morrisons,0.99,0.7,l,Morrisons No Added Sugar Apple & Blackcurrant Double Concentrate Squash,20240111,drinks,True,False,Morrisons No Added Sugar Apple & Blackcurrant Double Concentrate Squash,Morrisons,standard,,,,,1414.3,ml,,True,diet,no added sugar,{'form': ['concentrate']},Apple and Blackcurrant Double Concentrate Squash,apple and blackcurrant double concentrate squash
Morrisons,2.99,7.9,kg,Kellogg's Pop Tarts Frosted Chocotastic 380G,20240111,food_cupboard,False,False,Kellogg's Pop Tarts Frosted Chocotastic 380G,,,,Kellogg's,,,380.0,g,,False,,,,Pop Tarts Frosted Chocotastic,kellogg s pop tarts frosted chocotastic
Morrisons,1.85,16.8,kg,Maltesers Milk Chocolate & Honeycom…,20240110,food_cupboard,False,True,Maltesers Milk Chocolate & Honeycom…,,,,Maltesers,,,110.0,g,,True,,,,Milk Chocolate and Honeycom…,maltesers milk chocolate and honeycom
Sains,0.79,2.0,l,Sainsbury's Coconut Milk 400ml,20240413,food_cupboard,True,False,Sainsbury's Coconut Milk 400ml,Sainsbury's,standard,,,,,400.0,ml,,False,,,,Coconut Milk,coconut milk
Sains,1.65,11.0,kg,Walkers Cheese & Onion Multipack Crisps 6x25g,20240413,food_cupboard,False,False,Walkers Cheese & Onion Multipack Crisps 6x25g,,,,Walkers,6.0,count_x_size,150.0,g,,False,,,{'packaging': ['multipack']},Cheese and Onion Multipack Crisps,walkers cheese and onion multipack crisps
Sains,1.5,1.5,l,Oatly Organic Oat Drink Long Life 1L,20240413,food_cupboard,False,False,Oatly Organic Oat Drink Long Life 1L,,,,Oatly,,,1000.0,ml,,False,organic,organic,,Oat Drink Long Life,oatly oat drink long life
Sains,0.95,7.6,kg,Sainsbury's Mackerel Fillets in Olive Oil 125g (90g*),20240413,food_cupboard,True,False,Sainsbury's Mackerel Fillets in Olive Oil 125g (90g*),Sainsbury's,standard,,,,,125.0,g,,False,,,,Mackerel Fillets in Olive Oil,mackerel fillets in olive oil
Sains,0.7,1.75,kg,Kingsfood Hot Dog Sausages x8 400g (184g*),20240413,food_cupboard,False,False,Kingsfood Hot Dog Sausages x8 400g (184g*),,,,,8.0,x_count,400.0,g,,False,,,{'flavor': ['hot']},Kingsfood Hot Dog Sausages,kingsfood hot dog sausages
Sains,2.4,33.8,kg,Oxo Beef Stock Cubes x12 71g,20240413,food_cupboard,False,False,Oxo Beef Stock Cubes x12 71g,,,,Oxo,12.0,x_count,71.0,g,,False,,,,Beef Stock Cubes,oxo beef stock cubes
Sains,3.6,3.6,kg,"Sainsbury's Raisins, Seedless 1kg",20240413,food_cupboard,True,False,"Sainsbury's Raisins, Seedless 1kg",Sainsbury's,standard,,,,,1000.0,g,,False,,,{'prep_produce': ['seedless']},"Raisins, Seedless",raisins seedless
Sains,4.0,13.3,kg,After Eight Dark Chocolate Thins Box 300g,20240413,food_cupboard,False,False,After Eight Dark Chocolate Thins Box 300g,,,,After Eight,,,300.0,g,,False,,,,Dark Chocolate Thins Box,after eight dark chocolate thins box
Sains,1.8,3.6,kg,Sainsbury's Fairtrade Light Soft Brown Sugar 500g,20240413,food_cupboard,True,False,Sainsbury's Fairtrade Light Soft Brown Sugar 500g,Sainsbury's,standard,,,,,500.0,g,,False,ethical,fairtrade,"{'texture': ['soft'], 'bakery_type': ['brown']}",Light Soft Brown Sugar,light soft brown sugar
Sains,0.65,16.3,kg,Sainsbury's Dried Apricots 40g,20240413,food_cupboard,True,False,Sainsbury's Dried Apricots 40g,Sainsbury's,standard,,,,,40.0,g,,False,,,,Dried Apricots,dried apricots
Sains,2.0,5.7,kg,The Coconut Collaborative Natural Yogurt Alternative 350g,20240413,food_cupboard,False,False,The Coconut Collaborative Natural Yogurt Alternative 350g,,,,,,,350.0,g,,False,,,,The Coconut Collaborative Natural Yogurt Alternative,the coconut collaborative natural yogurt alternative
Sains,1.5,14.7,kg,Smiths Chipsticks Salt & Vinegar Multipack Snacks Crisps 6x17g,20240413,food_cupboard,False,False,Smiths Chipsticks Salt & Vinegar Multipack Snacks Crisps 6x17g,,,,Smiths,6.0,count_x_size,102.0,g,,False,,,{'packaging': ['multipack']},Chipsticks Salt and Vinegar Multipack Snacks Crisps,smiths chipsticks salt and vinegar multipack snacks crisps
Sains,0.75,6.2,kg,Blue Dragon Chow Mein Stir Fry Sauce 120g,20240413,food_cupboard,False,False,Blue Dragon Chow Mein Stir Fry Sauce 120g,,,,Blue Dragon,,,120.0,g,,False,,,,Chow Mein Stir Fry Sauce,blue dragon chow mein stir fry sauce
Sains,1.45,11.6,kg,Sainsbury's Cheddar Cheese Twists 125g,20240413,food_cupboard,True,False,Sainsbury's Cheddar Cheese Twists 125g,Sainsbury's,standard,,,,,125.0,g,,False,,,,Cheddar Cheese Twists,cheddar cheese twists
Sains,1.0,7.4,kg,Hartley's Orange Jelly 135g,20240413,food_cupboard,False,False,Hartley's Orange Jelly 135g,,,,Hartley's,,,135.0,g,,False,,,,Orange Jelly,hartley s orange jelly
Sains,3.3,10.0,kg,Kellogg's Special K Red Berries Breakfast Cereal 330g,20240413,food_cupboard,False,False,Kellogg's Special K Red Berries Breakfast Cereal 330g,,,,Kellogg's,,,330.0,g,,False,,,,Special K Red Berries Breakfast Cereal,kellogg s special k red berries breakfast cereal
Sains,1.79,3.6,kg,"Sainsbury's Fajita Kit, Smoky BBQ 500g",20240413,food_cupboard,True,False,"Sainsbury's Fajita Kit, Smoky BBQ 500g",Sainsbury's,standard,,,,,500.0,g,,False,,,{'cooking_method': ['bbq']},"Fajita Kit, Smoky BBQ",fajita kit smoky bbq
Sains,0.75,1.5,kg,Sainsbury's Deliciously Free From Spaghetti 500g,20240413,food_cupboard,True,False,Sainsbury's Deliciously Free From Spaghetti 500g,Sainsbury's,standard,,,,,500.0,g,,False,free_from,free from,,Deliciously Spaghetti,deliciously spaghetti
Sains,1.9,3.8,kg,Sainsbury's Cracked Bulgur Wheat 500g,20240413,food_cupboard,True,False,Sainsbury's Cracked Bulgur Wheat 500g,Sainsbury's,standard,,,,,500.0,g,,False,,,,Cracked Bulgur Wheat,cracked bulgur wheat
Sains,1.35,7.2,kg,Kit Kat 2 Finger Orange Chocolate Biscuit Bar Multipack x9 20.7g,20240413,food_cupboard,False,False,Kit Kat 2 Finger Orange Chocolate Biscuit Bar Multipack x9 20.7g,,,,Kit Kat,9.0,x_count,20.7,g,,False,,,{'packaging': ['multipack']},2 Finger Orange Chocolate Biscuit Bar Multipack,kit kat 2 finger orange chocolate biscuit bar multipack
Sains,0.7,10.0,kg,Sainsbury's Milk Bottle Sweets 70g,20240413,food_cupboard,True,False,Sainsbury's Milk Bottle Sweets 70g,Sainsbury's,standard,,,,,70.0,g,,False,,,{'packaging': ['bottle']},Milk Bottle Sweets,milk bottle sweets
Sains,0.72,1.5,kg,Sainsbury's Macaroni Cheese Pasta Bake Sauce 485g,20240413,food_cupboard,True,False,Sainsbury's Macaroni Cheese Pasta Bake Sauce 485g,Sainsbury's,standard,,,,,485.0,g,,False,,,,Macaroni Cheese Pasta Bake Sauce,macaroni cheese pasta bake sauce
Sains,0.7,9.3,kg,Sainsbury's Fizzy Fangs 75g,20240413,food_cupboard,True,False,Sainsbury's Fizzy Fangs 75g,Sainsbury's,standard,,,,,75.0,g,,False,,,,Fizzy Fangs,fizzy fangs
Sains,0.69,1.38,kg,Sainsbury's Quick Cook Penne 500g,20240413,food_cupboard,True,False,Sainsbury's Quick Cook Penne 500g,Sainsbury's,standard,,,,,500.0,g,,False,,,,Quick Cook Penne,quick cook penne
Sains,0.85,3.4,kg,Sainsbury's Microwave Rice Mushroom 250g,20240413,food_cupboard,True,False,Sainsbury's Microwave Rice Mushroom 250g,Sainsbury's,standard,,,,,250.0,g,,False,,,,Microwave Rice Mushroom,microwave rice mushroom
Sains,0.79,2.1,kg,Sainsbury's Honey Hoops Cereal 375g,20240413,food_cupboard,True,False,Sainsbury's Honey Hoops Cereal 375g,Sainsbury's,standard,,,,,375.0,g,,False,,,,Honey Hoops Cereal,honey hoops cereal
Sains,3.25,6.5,kg,"Sainsbury's Basmati Rice, SO Organic 500g",20240413,food_cupboard,True,False,"Sainsbury's Basmati Rice, SO Organic 500g",Sainsbury's,dietary,So Organic,,,,500.0,g,,True,,,,Basmati Rice,basmati rice
Sains,1.25,10.0,kg,Barny Milk Soft Baked Bears Biscuits Multipack x5 125g,20240413,food_cupboard,False,False,Barny Milk Soft Baked Bears Biscuits Multipack x5 125g,,,,,5.0,x_count,125.0,g,,False,,,"{'cooking_method': ['baked'], 'texture': ['soft'], 'packaging': ['multipack']}",Barny Milk Soft Baked Bears Biscuits Multipack,barny milk soft baked bears biscuits multipack
Sains,2.95,9.8,kg,Schar White Wholesome Loaf 300g,20240413,food_cupboard,False,False,Schar White Wholesome Loaf 300g,,,,Schar,,,300.0,g,,False,,,{'bakery_type': ['white']},White Wholesome Loaf,schar white wholesome loaf
Sains,3.95,69.3,kg,"Starbucks by Nespresso House Blend Coffee x10 Pods, 10 Drinks",20240413,food_cupboard,False,False,"Starbucks by Nespresso House Blend Coffee x10 Pods, 10 Drinks",,,,Starbucks,10.0,x_count,57.0,g,,True,,,,"by Nespresso House Blend Coffee Pods, 10 Drinks",starbucks by nespresso house blend coffee pods 10 drinks
Sains,2.3,2.3,kg,Allinson Country Grain Bread Flour 1kg,20240413,food_cupboard,False,False,Allinson Country Grain Bread Flour 1kg,,,,Allinson,,,1000.0,g,,False,,,,Country Grain Bread Flour,allinson country grain bread flour
Sains,1.4,10.4,kg,Double Dipped Chocolate Toffees 135g,20240413,food_cupboard,False,False,Double Dipped Chocolate Toffees 135g,,,,,,,135.0,g,,False,,,,Double Dipped Chocolate Toffees,double dipped chocolate toffees
Sains,2.0,12.5,kg,Nairn's Gluten Free Biscuit Breaks Oats & Stem Ginger 160g,20240413,food_cupboard,False,False,Nairn's Gluten Free Biscuit Breaks Oats & Stem Ginger 160g,,,,Nairn's,,,160.0,g,,False,free_from,gluten free,,Biscuit Breaks Oats and Stem Ginger,nairn s biscuit breaks oats and stem ginger
Sains,2.0,8.0,kg,Merchant Gourmet Smoky Spanish Rice & Grains 250g,20240413,food_cupboard,False,False,Merchant Gourmet Smoky Spanish Rice & Grains 250g,,,,Merchant Gourmet,,,250.0,g,,False,,,,Smoky Spanish Rice and Grains,merchant gourmet smoky spanish rice and grains
Sains,1.95,19.5,kg,Sainsbury's Toasted Pumpkin & Sunflower Seeds 100g,20240413,food_cupboard,True,False,Sainsbury's Toasted Pumpkin & Sunflower Seeds 100g,Sainsbury's,standard,,,,,100.0,g,,False,,,,Toasted Pumpkin and Sunflower Seeds,toasted pumpkin and sunflower seeds
Sains,4.5,11.3,kg,Vadasz Raw Kimchi 400g,20240413,food_cupboard,False,False,Vadasz Raw Kimchi 400g,,,,,,,400.0,g,,False,,,,Vadasz Raw Kimchi,vadasz raw kimchi
Sains,3.5,8.8,kg,Cadbury Chocolate Spread 400g,20240413,food_cupboard,False,False,Cadbury Chocolate Spread 400g,,,,Cadbury,,,400.0,g,,False,,,,Chocolate Spread,cadbury chocolate spread
Sains,1.35,6.8,kg,Sainsbury's Clear Fruits 225g,20240413,food_cupboard,True,False,Sainsbury's Clear Fruits 225g,Sainsbury's,standard,,,,,225.0,g,,False,,,,Clear Fruits,clear fruits
Sains,3.0,4.6,kg,Loyd Grossman Bolognese Pasta Sauce 660g,20240413,food_cupboard,False,False,Loyd Grossman Bolognese Pasta Sauce 660g,,,,Loyd Grossman,,,660.0,g,,False,,,,Bolognese Pasta Sauce,loyd grossman bolognese pasta sauce
Sains,3.6,7.2,kg,Jordans Country Crisp Breakfast Cereal with Honey & Nuts 500g,20240413,food_cupboard,False,False,Jordans Country Crisp Breakfast Cereal with Honey & Nuts 500g,,,,Jordans,,,500.0,g,,False,,,,Country Crisp Breakfast Cereal with Honey and Nuts,jordans country crisp breakfast cereal with honey and nuts
Sains,2.6,7.6,kg,"Sainsbury's Mango Chutney, Taste the Difference 340g",20240413,food_cupboard,True,False,"Sainsbury's Mango Chutney, Taste the Difference 340g",Sainsbury's,premium,Taste The Difference,,,,340.0,g,,True,,,,Mango Chutney,mango chutney
Sains,1.25,5.0,kg,Tilda Microwave Rice Indonesian Fried 250g,20240413,food_cupboard,False,False,Tilda Microwave Rice Indonesian Fried 250g,,,,Tilda,,,250.0,g,,False,,,{'cooking_method': ['fried']},Microwave Rice Indonesian Fried,tilda microwave rice indonesian fried
Sains,2.0,20.0,kg,Tetley Green Tea Decaffeinated x50 Tea Bags 100g,20240413,food_cupboard,False,False,Tetley Green Tea Decaffeinated x50 Tea Bags 100g,,,,Tetley,50.0,x_count,100.0,g,,False,,,,Green Tea Decaffeinated Tea Bags,tetley green tea decaffeinated tea bags
Sains,4.0,40.0,kg,Clipper Fairtrade Organic Latin American Instant Coffee 100g,20240413,food_cupboard,False,False,Clipper Fairtrade Organic Latin American Instant Coffee 100g,,,,Clipper,,,100.0,g,,False,"organic,ethical","organic,fairtrade",,Latin American Instant Coffee,clipper latin american instant coffee
Sains,2.5,25.0,kg,"Sainsbury's Walnut Pieces, SO Organic 100g",20240413,food_cupboard,True,False,"Sainsbury's Walnut Pieces, SO Organic 100g",Sainsbury's,dietary,So Organic,,,,100.0,g,,True,,,,Walnut Pieces,walnut pieces
Sains,1.25,3.8,l,Up & Go Breakfast Drink Chocolate 300ml,20240413,food_cupboard,False,False,Up & Go Breakfast Drink Chocolate 300ml,,,,,,,300.0,ml,,False,,,,Up and Go Breakfast Drink Chocolate,up and go breakfast drink chocolate
Sains,2.0,10.0,kg,Sainsbury's Fruit & Nut Medley 200g,20240413,food_cupboard,True,False,Sainsbury's Fruit & Nut Medley 200g,Sainsbury's,standard,,,,,200.0,g,,False,,,,Fruit and Nut Medley,fruit and nut medley
Sains,1.9,5.43,l,Aspall Classic White Wine Vinegar 350ml,20240413,food_cupboard,False,False,Aspall Classic White Wine Vinegar 350ml,,,,,,,350.0,ml,,False,,,{'bakery_type': ['white']},Aspall Classic White Wine Vinegar,aspall classic white wine vinegar
Sains,3.2,12.1,kg,Blue Dragon Pad Thai Noodles Stir Fry Kit 265g,20240413,food_cupboard,False,False,Blue Dragon Pad Thai Noodles Stir Fry Kit 265g,,,,Blue Dragon,,,265.0,g,,False,,,,Pad Thai Noodles Stir Fry Kit,blue dragon pad thai noodles stir fry kit
Sains,0.85,5.7,kg,Sainsbury's Sweet Pepper Stir-In Pasta Sauce 150g,20240413,food_cupboard,True,False,Sainsbury's Sweet Pepper Stir-In Pasta Sauce 150g,Sainsbury's,standard,,,,,150.0,g,,False,,,{'flavor': ['sweet']},Sweet Pepper Stir-In Pasta Sauce,sweet pepper stir in pasta sauce
Sains,1.5,0.38,unit,Mrs Crimble's Gluten Free Bakewell Slices x4 200g,20240413,food_cupboard,False,False,Mrs Crimble's Gluten Free Bakewell Slices x4 200g,,,,,4.0,x_count,200.0,g,,False,free_from,gluten free,,Mrs Crimble's Bakewell Slices,mrs crimble s bakewell slices
Sains,1.5,7.4,kg,McVitie's Jaffa Cakes Jaffa Jonuts Biscuits x4,20240413,food_cupboard,False,False,McVitie's Jaffa Cakes Jaffa Jonuts Biscuits x4,,,,Mcvitie's,4.0,x_count,200.0,g,,True,,,,Jaffa Cakes Jaffa Jonuts Biscuits,mcvitie s jaffa cakes jaffa jonuts biscuits
Sains,2.2,19.1,kg,LOVE CORN Sea Salt Crunchy Corn 115g,20240413,food_cupboard,False,False,LOVE CORN Sea Salt Crunchy Corn 115g,,,,,,,115.0,g,,False,,,{'texture': ['crunchy']},LOVE CORN Sea Salt Crunchy Corn,love corn sea salt crunchy corn
Sains,1.0,4.0,l,Sainsbury's Honey & Mustard Dressing 250ml,20240413,food_cupboard,True,False,Sainsbury's Honey & Mustard Dressing 250ml,Sainsbury's,standard,,,,,250.0,ml,,False,,,,Honey and Mustard Dressing,honey and mustard dressing
Sains,3.5,10.8,kg,Coffee Mate Original Coffee Whitener 325g,20240413,food_cupboard,False,False,Coffee Mate Original Coffee Whitener 325g,,,,,,,325.0,g,,False,,,,Coffee Mate Original Coffee Whitener,coffee mate original coffee whitener
Sains,4.7,39.2,kg,Lavazza A Modo Mio Passionale Coffee Capsules x16,20240413,food_cupboard,False,False,Lavazza A Modo Mio Passionale Coffee Capsules x16,,,,Lavazza,16.0,x_count,120.0,g,,True,,,,A Modo Mio Passionale Coffee Capsules,lavazza a modo mio passionale coffee capsules
Sains,1.7,10.1,kg,Stoats Raspberry & Honey Porridge Oat Bars 4x42g,20240413,food_cupboard,False,False,Stoats Raspberry & Honey Porridge Oat Bars 4x42g,,,,,4.0,count_x_size,168.0,g,,False,,,,Stoats Raspberry and Honey Porridge Oat Bars,stoats raspberry and honey porridge oat bars
Sains,3.6,9.2,kg,Opies Pickled Walnuts 390g (170g*),20240413,food_cupboard,False,False,Opies Pickled Walnuts 390g (170g*),,,,,,,390.0,g,,False,,,,Opies Pickled Walnuts,opies pickled walnuts
Sains,1.3,11.3,kg,Sainsbury's Blackcurrants in Fruit Juice 290g,20240413,food_cupboard,True,False,Sainsbury's Blackcurrants in Fruit Juice 290g,Sainsbury's,standard,,,,,290.0,g,,False,,,,Blackcurrants in Fruit Juice,blackcurrants in fruit juice
Sains,1.5,17.6,kg,Kellogg's Fruit Winders Doubles Strawberry & Blackcurrant Rolls 5x17g,20240413,food_cupboard,False,False,Kellogg's Fruit Winders Doubles Strawberry & Blackcurrant Rolls 5x17g,,,,Kellogg's,5.0,count_x_size,85.0,g,,False,,,,Fruit Winders Doubles Strawberry and Blackcurrant Rolls,kellogg s fruit winders doubles strawberry and blackcurrant rolls
Sains,0.75,16.7,kg,Cadbury Dairy Milk Chocolate Bar 45g,20240413,food_cupboard,False,False,Cadbury Dairy Milk Chocolate Bar 45g,,,,Cadbury,,,45.0,g,,False,,,,Dairy Milk Chocolate Bar,cadbury dairy milk chocolate bar
Sains,3.9,5.9,kg,Heinz Classic BBQ Sauce 665g,20240413,food_cupboard,False,False,Heinz Classic BBQ Sauce 665g,,,,Heinz,,,665.0,g,,False,,,{'cooking_method': ['bbq']},Classic BBQ Sauce,heinz classic bbq sauce
Sains,2.25,7.76,kg,Odysea Greek Big Halkidiki Pitted Olives 290g (160g*),20240413,food_cupboard,False,False,Odysea Greek Big Halkidiki Pitted Olives 290g (160g*),,,,,,,290.0,g,,False,,,{'prep_produce': ['pitted']},Odysea Greek Big Halkidiki Pitted Olives,odysea greek big halkidiki pitted olives
Sains,1.2,8.0,l,Sainsbury’s French Style Dressing 150ml,20240413,food_cupboard,False,False,Sainsbury’s French Style Dressing 150ml,Sainsbury's,standard,,,,,150.0,ml,,False,,,,French Style Dressing,french style dressing
Sains,1.85,20.5,kg,Ferrero Rocher Dark Chocolate & Hazelnut Bar 90g,20240413,food_cupboard,False,False,Ferrero Rocher Dark Chocolate & Hazelnut Bar 90g,,,,Ferrero Rocher,,,90.0,g,,False,,,,Dark Chocolate and Hazelnut Bar,ferrero rocher dark chocolate and hazelnut bar
Sains,1.4,14.0,kg,Schar Gluten Free Jaffa Cakes 150g,20240413,food_cupboard,False,False,Schar Gluten Free Jaffa Cakes 150g,,,,Schar,,,150.0,g,,False,free_from,gluten free,,Jaffa Cakes,schar jaffa cakes
Sains,1.0,9.09,kg,Nissin Soba Teriyaki Wok Style Stir Fry Noodles 110g,20240413,food_cupboard,False,False,Nissin Soba Teriyaki Wok Style Stir Fry Noodles 110g,,,,Nissin,,,110.0,g,,False,,,,Soba Teriyaki Wok Style Stir Fry Noodles,nissin soba teriyaki wok style stir fry noodles
Sains,3.75,15.0,kg,Rowse Greek Squeezy Honey 250g,20240413,food_cupboard,False,False,Rowse Greek Squeezy Honey 250g,,,,Rowse,,,250.0,g,,False,,,,Greek Squeezy Honey,rowse greek squeezy honey
Sains,2.8,70.0,kg,"Twinings Raspberry & Lemon Fruit Tea, 20 Tea Bags",20240413,food_cupboard,False,False,"Twinings Raspberry & Lemon Fruit Tea, 20 Tea Bags",,,,Twinings,20.0,bag_count,40.0,g,,True,,,,Raspberry and Lemon Fruit Tea,twinings raspberry and lemon fruit tea
Sains,2.5,6.25,kg,Kirstys Lentil Cottage Pie with Sweet Potato Mash 400g,20240413,food_cupboard,False,False,Kirstys Lentil Cottage Pie with Sweet Potato Mash 400g,,,,,,,400.0,g,,False,,,{'flavor': ['sweet']},Kirstys Lentil Cottage Pie with Sweet Potato Mash,kirstys lentil cottage pie with sweet potato mash
Sains,1.3,3.3,kg,Sainsbury's Vanilla Sponge 400g,20240413,food_cupboard,True,False,Sainsbury's Vanilla Sponge 400g,Sainsbury's,standard,,,,,400.0,g,,False,,,,Vanilla Sponge,vanilla sponge
Sains,4.0,5.3,kg,Kellogg's Krave Milk Chocolate Breakfast Cereal 750g,20240413,food_cupboard,False,False,Kellogg's Krave Milk Chocolate Breakfast Cereal 750g,,,,Kellogg's,,,750.0,g,,False,,,,Krave Milk Chocolate Breakfast Cereal,kellogg s krave milk chocolate breakfast cereal
Sains,2.5,15.6,kg,Al'Fez Middle Eastern Natural Tahini 160g,20240413,food_cupboard,False,False,Al'Fez Middle Eastern Natural Tahini 160g,,,,Al'fez,,,160.0,g,,False,,,,Middle Eastern Natural Tahini,al fez middle eastern natural tahini
Sains,2.4,3.6,kg,Mrs Elswood Sweet Pickled Cucumber Spears 670g,20240413,food_cupboard,False,False,Mrs Elswood Sweet Pickled Cucumber Spears 670g,,,,,,,670.0,g,,False,,,{'flavor': ['sweet']},Mrs Elswood Sweet Pickled Cucumber Spears,mrs elswood sweet pickled cucumber spears
Sains,3.25,13.0,kg,"Sainsbury's Spinach & Ricotta Girasoli, Taste the Difference 250g",20240413,food_cupboard,True,False,"Sainsbury's Spinach & Ricotta Girasoli, Taste the Difference 250g",Sainsbury's,premium,Taste The Difference,,,,250.0,g,,True,,,,Spinach and Ricotta Girasoli,spinach and ricotta girasoli
Sains,1.2,42.9,kg,Graze Salt & Vinegar Crunch 28g,20240413,food_cupboard,False,False,Graze Salt & Vinegar Crunch 28g,,,,Graze,,,28.0,g,,False,,,,Salt and Vinegar Crunch,graze salt and vinegar crunch
Sains,2.5,6.3,kg,Kellogg's Crunchy Nut Honey & Nut Clusters Breakfast Cereal 400g,20240413,food_cupboard,False,False,Kellogg's Crunchy Nut Honey & Nut Clusters Breakfast Cereal 400g,,,,Kellogg's,,,400.0,g,,False,,,{'texture': ['crunchy']},Crunchy Nut Honey and Nut Clusters Breakfast Cereal,kellogg s crunchy nut honey and nut clusters breakfast cereal
Sains,2.9,9.7,kg,Gran Luchito Mexico Super Smoky Chipotle Salsa 300g,20240413,food_cupboard,False,False,Gran Luchito Mexico Super Smoky Chipotle Salsa 300g,,,,,,,300.0,g,,False,,,,Gran Luchito Mexico Super Smoky Chipotle Salsa,gran luchito mexico super smoky chipotle salsa
Sains,1.35,9.0,kg,Walkers Salted Caramel Toffees Bag 150g,20240413,food_cupboard,False,False,Walkers Salted Caramel Toffees Bag 150g,,,,Walkers,,,150.0,g,,False,,,,Salted Caramel Toffees Bag,walkers salted caramel toffees bag
Sains,5.75,25.0,kg,Raffaello Coconut and Almond Pralines Gift Box 230g,20240413,food_cupboard,False,False,Raffaello Coconut and Almond Pralines Gift Box 230g,,,,,,,230.0,g,,False,,,,Raffaello Coconut and Almond Pralines Gift Box,raffaello coconut and almond pralines gift box
Sains,1.25,14.0,kg,Sainsbury's Galangal Paste 90g,20240413,food_cupboard,True,False,Sainsbury's Galangal Paste 90g,Sainsbury's,standard,,,,,90.0,g,,False,,,{'form': ['paste']},Galangal Paste,galangal paste
Sains,4.0,16.0,kg,Fudco Deluxe Assorted Nuts 250g,20240413,food_cupboard,False,False,Fudco Deluxe Assorted Nuts 250g,,,,Fudco,,,250.0,g,,False,,,,Deluxe Assorted Nuts,fudco deluxe assorted nuts
Sains,0.85,14.2,kg,Lee Kum Kee Kung Pao Chicken Stir Fry Sauce 60g,20240413,food_cupboard,False,False,Lee Kum Kee Kung Pao Chicken Stir Fry Sauce 60g,,,,Lee Kum Kee,,,60.0,g,,False,,,,Kung Pao Chicken Stir Fry Sauce,lee kum kee kung pao chicken stir fry sauce
Sains,2.45,6.1,kg,Sainsbury's Sweet Biscuit Assortment 400g,20240413,food_cupboard,True,False,Sainsbury's Sweet Biscuit Assortment 400g,Sainsbury's,standard,,,,,400.0,g,,False,,,{'flavor': ['sweet']},Sweet Biscuit Assortment,sweet biscuit assortment
Sains,2.3,20.35,kg,Nissin Soba Classic Instant Wok Style Noodles Big Pot 113g,20240413,food_cupboard,False,False,Nissin Soba Classic Instant Wok Style Noodles Big Pot 113g,,,,Nissin,,,113.0,g,,False,,,,Soba Classic Instant Wok Style Noodles Big Pot,nissin soba classic instant wok style noodles big pot
Sains,0.85,4.3,kg,Kucharek Seasoning 200g,20240413,food_cupboard,False,False,Kucharek Seasoning 200g,,,,,,,200.0,g,,False,,,,Kucharek Seasoning,kucharek seasoning
Sains,5.0,25.1,kg,After Eight Dark & Milk Peppermint Chocolate Box 199g,20240413,food_cupboard,False,False,After Eight Dark & Milk Peppermint Chocolate Box 199g,,,,After Eight,,,199.0,g,,False,,,,Dark and Milk Peppermint Chocolate Box,after eight dark and milk peppermint chocolate box
Sains,2.65,9.6,kg,LEON Mango’ed Ketchup 275g,20240413,food_cupboard,False,False,LEON Mango’ed Ketchup 275g,,,,Leon,,,275.0,g,,False,,,,Mango'ed Ketchup,leon mango ed ketchup
Sains,2.2,4.4,kg,Potts' Beef Stock 500ml,20240413,food_cupboard,False,False,Potts' Beef Stock 500ml,,,,Potts,,,500.0,ml,,False,,,,' Beef Stock,potts beef stock
Sains,2.0,9.1,kg,John West On the Go Italian Tuna Pasta Salad 220g,20240413,food_cupboard,False,False,John West On the Go Italian Tuna Pasta Salad 220g,,,,John West,,,220.0,g,,False,,,,On the Go Italian Tuna Pasta Salad,john west on the go italian tuna pasta salad
Sains,4.0,47.0,kg,"Sainsbury's Nduja Paste, Taste the Difference 85g",20240413,food_cupboard,True,False,"Sainsbury's Nduja Paste, Taste the Difference 85g",Sainsbury's,premium,Taste The Difference,,,,85.1,g,,True,,,{'form': ['paste']},Nduja Paste,nduja paste
Sains,0.85,19.3,kg,Yorkie Raisin & Biscuit Milk Chocolate Bar 44g,20240413,food_cupboard,False,False,Yorkie Raisin & Biscuit Milk Chocolate Bar 44g,,,,Yorkie,,,44.0,g,,False,,,,Raisin and Biscuit Milk Chocolate Bar,yorkie raisin and biscuit milk chocolate bar
Sains,3.0,20.0,kg,Trek Peanut Butter Protein Flapjack 3x50g,20240413,food_cupboard,False,False,Trek Peanut Butter Protein Flapjack 3x50g,,,,Trek,3.0,count_x_size,150.0,g,,False,,,,Peanut Butter Protein Flapjack,trek peanut butter protein flapjack
Sains,1.7,8.5,l,Kimura Japanese Lemonade 200ml (Sugar levy applied),20240413,food_cupboard,False,False,Kimura Japanese Lemonade 200ml (Sugar levy applied),,,,,,,200.0,ml,,False,,,,Kimura Japanese Lemonade,kimura japanese lemonade
Sains,1.7,47.2,kg,Sainsbury's Mint & Fennel Infusion x20 36g,20240413,food_cupboard,True,False,Sainsbury's Mint & Fennel Infusion x20 36g,Sainsbury's,standard,,,20.0,x_count,36.0,g,,False,,,,Mint and Fennel Infusion,mint and fennel infusion
Sains,3.25,7.65,kg,Fray Bentos Vegetable Balti Pie 425g,20240413,food_cupboard,False,False,Fray Bentos Vegetable Balti Pie 425g,,,,Fray Bentos,,,425.0,g,,False,,,,Vegetable Balti Pie,fray bentos vegetable balti pie
Sains,2.15,21.5,kg,Lindt Excellence Dark Caramelised Hazelnut 100g,20240413,food_cupboard,False,False,Lindt Excellence Dark Caramelised Hazelnut 100g,,,,Lindt,,,100.0,g,,False,,,,Excellence Dark Caramelised Hazelnut,lindt excellence dark caramelised hazelnut
Sains,2.1,5.25,kg,Mutti Passata With Basil 400g,20240413,food_cupboard,False,False,Mutti Passata With Basil 400g,,,,Mutti,,,400.0,g,,False,,,,Passata With Basil,mutti passata with basil
Sains,1.9,10.0,l,Blue Dragon Rich Hoisin Sauce,20240413,food_cupboard,False,False,Blue Dragon Rich Hoisin Sauce,,,,Blue Dragon,,,187.0,ml,,True,,,,Rich Hoisin Sauce,blue dragon rich hoisin sauce
Sains,10.0,43.9,kg,Starbucks Dark Espresso Roast x36 202g,20240413,food_cupboard,False,False,Starbucks Dark Espresso Roast x36 202g,,,,Starbucks,36.0,x_count,202.0,g,,False,,,,Dark Espresso Roast,starbucks dark espresso roast
Sains,1.5,9.1,kg,Maynards Bassetts Liquorice Allsorts Sweets Bag 165g,20240413,food_cupboard,False,False,Maynards Bassetts Liquorice Allsorts Sweets Bag 165g,,,,Maynards Bassetts,,,165.0,g,,False,,,,Liquorice Allsorts Sweets Bag,maynards bassetts liquorice allsorts sweets bag
Sains,1.25,13.2,kg,Alpen Delight 5 Chocolate Brownie Bars 5x19g,20240413,food_cupboard,False,False,Alpen Delight 5 Chocolate Brownie Bars 5x19g,,,,Alpen,5.0,count_x_size,95.0,g,,False,,,,Delight 5 Chocolate Brownie Bars,alpen delight 5 chocolate brownie bars
Sains,2.25,12.5,kg,"Sainsbury's Whole Kalamata Olives, Taste the Difference 180g (110*)",20240413,food_cupboard,True,False,"Sainsbury's Whole Kalamata Olives, Taste the Difference 180g (110*)",Sainsbury's,standard,,,,,180.0,g,,False,,,{'form': ['whole']},"Whole Kalamata Olives, Taste the Difference (110*)",whole kalamata olives taste the difference 110
Sains,3.95,11.3,kg,Bio & Me Berry Burst Granola 350g,20240413,food_cupboard,False,False,Bio & Me Berry Burst Granola 350g,,,,,,,350.0,g,,False,organic,bio,,and Me Berry Burst Granola,and me berry burst granola
Sains,1.1,11.0,kg,Naked Five Minute Noodles Japanese Chicken Yakisoba 100g,20240413,food_cupboard,False,False,Naked Five Minute Noodles Japanese Chicken Yakisoba 100g,,,,Naked,,,100.0,g,,False,,,,Five Minute Noodles Japanese Chicken Yakisoba,naked five minute noodles japanese chicken yakisoba
Sains,3.5,8.1,kg,Kit Kat 2 Finger Milk Chocolate Biscuit Bar Multipack x21,20240413,food_cupboard,False,False,Kit Kat 2 Finger Milk Chocolate Biscuit Bar Multipack x21,,,,Kit Kat,21.0,x_count,425.0,g,,True,,,{'packaging': ['multipack']},2 Finger Milk Chocolate Biscuit Bar Multipack,kit kat 2 finger milk chocolate biscuit bar multipack
Sains,1.7,4.3,kg,Heinz Broccoli & Stilton Soup 400g,20240413,food_cupboard,False,False,Heinz Broccoli & Stilton Soup 400g,,,,Heinz,,,400.0,g,,False,,,,Broccoli and Stilton Soup,heinz broccoli and stilton soup
Sains,1.65,4.85,kg,Tahira Spicy Chicken Franks x10 340g,20240413,food_cupboard,False,False,Tahira Spicy Chicken Franks x10 340g,,,,,10.0,x_count,340.0,g,,False,,,{'flavor': ['spicy']},Tahira Spicy Chicken Franks,tahira spicy chicken franks
Sains,2.6,2.6,kg,Laila Green Lentils 1kg,20240413,food_cupboard,False,False,Laila Green Lentils 1kg,,,,Laila,,,1000.0,g,,False,,,,Green Lentils,laila green lentils
Sains,2.5,5.6,kg,Pimlico Confectioners Fruit Jellies 450g,20240413,food_cupboard,False,False,Pimlico Confectioners Fruit Jellies 450g,,,,,,,450.0,g,,False,,,,Pimlico Confectioners Fruit Jellies,pimlico confectioners fruit jellies
Sains,1.85,0.9,l,KA Sparkling Fruit Punch Soft Drink 2L,20240413,food_cupboard,False,False,KA Sparkling Fruit Punch Soft Drink 2L,,,,,,,2000.0,ml,,False,,,{'texture': ['soft']},KA Sparkling Fruit Punch Soft Drink,ka sparkling fruit punch soft drink
Sains,3.1,13.48,kg,"Sainsbury's Whole Caperberries, Taste the Difference 230g (120g*)",20240413,food_cupboard,True,False,"Sainsbury's Whole Caperberries, Taste the Difference 230g (120g*)",Sainsbury's,premium,Taste The Difference,,,,225.0,g,,True,,,{'form': ['whole']},Whole Caperberries,whole caperberries
Sains,1.25,35.7,kg,Raise Clusters of Nuts & Seeds Maple Pecan 35g,20240413,food_cupboard,False,False,Raise Clusters of Nuts & Seeds Maple Pecan 35g,,,,,,,35.0,g,,False,,,,Raise Clusters of Nuts and Seeds Maple Pecan,raise clusters of nuts and seeds maple pecan
Sains,5.3,88.3,kg,Twinings Superblends Sleep Plant-Based Tea Bags 60g x40,20240413,food_cupboard,False,False,Twinings Superblends Sleep Plant-Based Tea Bags 60g x40,,,,Twinings,40.0,x_count,60.0,g,,False,diet,plant-based,,Superblends Sleep Tea Bags,twinings superblends sleep tea bags
Sains,1.0,14.3,kg,Fridge Raiders Hot & Spicy Chicken Snack Bites 70g,20240413,food_cupboard,False,False,Fridge Raiders Hot & Spicy Chicken Snack Bites 70g,,,,Fridge Raiders,,,70.0,g,,False,,,"{'flavor': ['spicy', 'hot']}",Hot and Spicy Chicken Snack Bites,fridge raiders hot and spicy chicken snack bites
Sains,2.0,50.0,kg,Twinings Superblends Menopause Cool Moments Plant-Based Tea Bags 40g x20,20240413,food_cupboard,False,False,Twinings Superblends Menopause Cool Moments Plant-Based Tea Bags 40g x20,,,,Twinings,20.0,x_count,40.0,g,,False,diet,plant-based,,Superblends Menopause Cool Moments Tea Bags,twinings superblends menopause cool moments tea bags
Sains,1.35,8.9,kg,Skittles Vegan Sweets Dessert Flavoured Treat Bag 152g,20240413,food_cupboard,False,False,Skittles Vegan Sweets Dessert Flavoured Treat Bag 152g,,,,Skittles,,,152.0,g,,False,diet,vegan,,Sweets Dessert Flavoured Treat Bag,skittles sweets dessert flavoured treat bag
Sains,2.5,6.2,kg,Betty Crocker Strawberry Flavour Icing 400g,20240413,food_cupboard,False,False,Betty Crocker Strawberry Flavour Icing 400g,,,,Betty Crocker,,,400.0,g,,False,,,,Strawberry Flavour Icing,betty crocker strawberry flavour icing
Sains,1.0,27.0,kg,Ginbis Dream Animals Coconut Flavoured Biscuits 37g,20240413,food_cupboard,False,False,Ginbis Dream Animals Coconut Flavoured Biscuits 37g,,,,,,,37.0,g,,False,,,,Ginbis Dream Animals Coconut Flavoured Biscuits,ginbis dream animals coconut flavoured biscuits
Sains,2.3,9.6,kg,Lee Kum Kee Sweet & Sour Sauce 240g,20240413,food_cupboard,False,False,Lee Kum Kee Sweet & Sour Sauce 240g,,,,Lee Kum Kee,,,240.0,g,,False,,,"{'flavor': ['sweet', 'sour']}",Sweet and Sour Sauce,lee kum kee sweet and sour sauce
Sains,6.0,48.0,kg,L’OR Classique Instant Coffee Refill 125g,20240413,food_cupboard,False,False,L’OR Classique Instant Coffee Refill 125g,,,,L'or,,,125.0,g,,False,,,,Classique Instant Coffee Refill,l or classique instant coffee refill
Sains,1.9,6.6,l,Supligen Cookies & Cream Liquid Meal Supplement 290ml,20240413,food_cupboard,False,False,Supligen Cookies & Cream Liquid Meal Supplement 290ml,,,,,,,290.0,ml,,False,,,,Supligen Cookies and Cream Liquid Meal Supplement,supligen cookies and cream liquid meal supplement
Sains,8.75,11.64,l,Campo Viejo Rioja Tempranillo Red Wine 75cl,20240413,drinks,False,False,Campo Viejo Rioja Tempranillo Red Wine 75cl,,,,Campo Viejo,,,750.0,ml,,False,,,,Rioja Tempranillo Red Wine,campo viejo rioja tempranillo red wine
Sains,3.0,1.0,l,Evian Natural Bottled Mineral Still Water 6x500ml,20240413,drinks,False,False,Evian Natural Bottled Mineral Still Water 6x500ml,,,,Evian,6.0,count_x_size,3000.0,ml,,False,,,,Natural Bottled Mineral Still Water,evian natural bottled mineral still water
Sains,1.55,0.78,l,Sainsbury's British Filtered Whole Milk 2L,20240413,drinks,True,False,Sainsbury's British Filtered Whole Milk 2L,Sainsbury's,standard,,,,,2000.0,ml,,False,,,{'form': ['whole']},British Filtered Whole Milk,british filtered whole milk
Sains,1.35,1.4,l,Sainsbury's Cranberry Juice Drink 1L,20240413,drinks,True,False,Sainsbury's Cranberry Juice Drink 1L,Sainsbury's,standard,,,,,1000.0,ml,,False,,,,Cranberry Juice Drink,cranberry juice drink
Sains,1.2,1.2,l,Sainsbury's Whole British Milk 1L,20240413,drinks,True,False,Sainsbury's Whole British Milk 1L,Sainsbury's,standard,,,,,1000.0,ml,,False,,,{'form': ['whole']},Whole British Milk,whole british milk
Sains,1.75,1.8,l,Sainsbury's Apple & Mango High Juice Squash 1L,20240413,drinks,True,False,Sainsbury's Apple & Mango High Juice Squash 1L,Sainsbury's,standard,,,,,1000.0,ml,,False,,,,Apple and Mango High Juice Squash,apple and mango high juice squash
Sains,2.0,1.0,l,Yeo Valley Organic Fresh Semi Skimmed Milk 2L,20240413,drinks,False,False,Yeo Valley Organic Fresh Semi Skimmed Milk 2L,,,,Yeo Valley,,,2000.0,ml,,False,organic,organic,,Fresh Semi Skimmed Milk,yeo valley fresh semi skimmed milk
Sains,3.5,2.6,l,Copella Apple & Elderflower Fruit Juice 1.35L,20240413,drinks,False,False,Copella Apple & Elderflower Fruit Juice 1.35L,,,,,,,1350.0,ml,,False,,,,Copella Apple and Elderflower Fruit Juice,copella apple and elderflower fruit juice
Sains,7.75,10.31,l,Yellow Tail Jammy Red Roo 75cl,20240413,drinks,False,False,Yellow Tail Jammy Red Roo 75cl,,,,Yellow Tail,,,750.0,ml,,False,,,,Jammy Red Roo,yellow tail jammy red roo
Sains,3.4,1.13,l,Cravendale Filtered Fresh Semi Skimmed Milk Fresher for Longer 3L,20240413,drinks,False,False,Cravendale Filtered Fresh Semi Skimmed Milk Fresher for Longer 3L,,,,Cravendale,,,3000.0,ml,,False,,,,Filtered Fresh Semi Skimmed Milk Fresher for Longer,cravendale filtered fresh semi skimmed milk fresher for longer
Sains,1.8,3.6,l,Crabbies Original Alcoholic Ginger Beer 500ml,20240413,drinks,False,False,Crabbies Original Alcoholic Ginger Beer 500ml,,,,,,,500.0,ml,,False,,,,Crabbies Original Alcoholic Ginger Beer,crabbies original alcoholic ginger beer
Sains,2.8,8.24,kg,Sainsbury's Skimmed Milk Powder 340g,20240413,drinks,True,False,Sainsbury's Skimmed Milk Powder 340g,Sainsbury's,standard,,,,,340.0,g,,False,,,{'form': ['powder']},Skimmed Milk Powder,skimmed milk powder
Sains,12.5,3.16,l,Estrella Damm Lager Beer Bottles 12x330ml,20240413,drinks,False,False,Estrella Damm Lager Beer Bottles 12x330ml,,,,Estrella Damm,12.0,count_x_size,3960.0,ml,,False,,,{'packaging': ['bottles']},Lager Beer Bottles,estrella damm lager beer bottles
Sains,20.0,20.0,l,Tanqueray London Dry Gin 1L,20240413,drinks,False,False,Tanqueray London Dry Gin 1L,,,,Tanqueray,,,1000.0,ml,,False,,,,London Dry Gin,tanqueray london dry gin
Sains,2.0,2.0,l,Vimto Original Real Fruit Squash Blackcurrant Grape & Raspberry 1L,20240413,drinks,False,False,Vimto Original Real Fruit Squash Blackcurrant Grape & Raspberry 1L,,,,Vimto,,,1000.0,ml,,False,,,,Original Real Fruit Squash Blackcurrant Grape and Raspberry,vimto original real fruit squash blackcurrant grape and raspberry
Sains,1.79,0.9,l,Sainsbury’s Pure Apple Juice 2L,20240413,drinks,False,False,Sainsbury’s Pure Apple Juice 2L,Sainsbury's,standard,,,,,2000.0,ml,,False,,,,Pure Apple Juice,pure apple juice
Sains,5.75,7.65,l,Carta Roja Crianza Monastrell Syrah 75cl,20240413,drinks,False,False,Carta Roja Crianza Monastrell Syrah 75cl,,,,,,,750.0,ml,,False,,,,Carta Roja Crianza Monastrell Syrah,carta roja crianza monastrell syrah
Sains,6.25,8.31,l,McGuigan Black Label Shiraz 75cl,20240413,drinks,False,False,McGuigan Black Label Shiraz 75cl,,,,Mcguigan,,,750.0,ml,,False,,,,Black Label Shiraz,mcguigan black label shiraz
Sains,1.25,5.7,l,Starbucks Caramel Macchiato Flavoured Milk Iced Coffee 220ml,20240413,drinks,False,False,Starbucks Caramel Macchiato Flavoured Milk Iced Coffee 220ml,,,,Starbucks,,,220.0,ml,,False,,,,Caramel Macchiato Flavoured Milk Iced Coffee,starbucks caramel macchiato flavoured milk iced coffee
Sains,1.75,3.5,l,Pepsi Max No Sugar Cola Bottle 500ml,20240413,drinks,False,False,Pepsi Max No Sugar Cola Bottle 500ml,,,,Pepsi,,,500.0,ml,,False,,,{'packaging': ['bottle']},Max No Sugar Cola Bottle,pepsi max no sugar cola bottle
Sains,2.0,2.2,l,Innocent Apple & Raspberry Juice 900ml,20240413,drinks,False,False,Innocent Apple & Raspberry Juice 900ml,,,,Innocent,,,900.0,ml,,False,,,,Apple and Raspberry Juice,innocent apple and raspberry juice
Sains,13.0,17.29,l,"Sainsbury's Macon Villages, Taste the Difference 75cl",20240413,drinks,True,False,"Sainsbury's Macon Villages, Taste the Difference 75cl",Sainsbury's,premium,Taste The Difference,,,,750.0,ml,,True,,,,Macon Villages,macon villages
Sains,7.75,10.31,l,"Sainsbury's Pecorino, Taste The Difference 75cl",20240413,drinks,True,False,"Sainsbury's Pecorino, Taste The Difference 75cl",Sainsbury's,premium,Taste The Difference,,,,750.0,ml,,True,,,,Pecorino,pecorino
Sains,5.5,7.32,l,Sainsbury's House Chenin Blanc 75cl,20240413,drinks,True,False,Sainsbury's House Chenin Blanc 75cl,Sainsbury's,standard,,,,,750.0,ml,,False,,,,House Chenin Blanc,house chenin blanc
Sains,16.0,21.28,l,La Terrasse Chablis 75cl,20240413,drinks,False,False,La Terrasse Chablis 75cl,,,,,,,750.0,ml,,False,,,,La Terrasse Chablis,la terrasse chablis
Sains,6.5,6.49,l,Sainsbury's Winemakers' Selection Pale Cream British Fortified Wine 1L,20240413,drinks,True,False,Sainsbury's Winemakers' Selection Pale Cream British Fortified Wine 1L,Sainsbury's,standard,,,,,1000.0,ml,,False,,,,Winemakers' Selection Pale Cream British Fortified Wine,winemakers selection pale cream british fortified wine
Sains,8.0,10.64,l,Casillero Del Diablo Chardonnay 750ml,20240413,drinks,False,False,Casillero Del Diablo Chardonnay 750ml,,,,Casillero Del Diablo,,,750.0,ml,,False,,,,Chardonnay,casillero del diablo chardonnay
Sains,8.75,11.64,l,"Sainsbury's Fairtrade Carménère, Taste the Difference 75cl",20240413,drinks,True,False,"Sainsbury's Fairtrade Carménère, Taste the Difference 75cl",Sainsbury's,premium,Taste The Difference,,,,750.0,ml,,True,ethical,fairtrade,,Carménère,carmenere
Sains,43.5,43.5,l,Courvoisier VS Cognac 1L,20240413,drinks,False,False,Courvoisier VS Cognac 1L,,,,Courvoisier,,,1000.0,ml,,False,,,,VS Cognac,courvoisier vs cognac
Sains,1.0,0.7,l,Perfectly Clear Still Strawberry Flavour Spring Water 1.5L,20240413,drinks,False,False,Perfectly Clear Still Strawberry Flavour Spring Water 1.5L,,,,,,,1500.0,ml,,False,,,,Perfectly Clear Still Strawberry Flavour Spring Water,perfectly clear still strawberry flavour spring water
Sains,1.85,3.7,l,Lucozade Energy Orange 500ml,20240413,drinks,False,False,Lucozade Energy Orange 500ml,,,,Lucozade,,,500.0,ml,,False,,,,Energy Orange,lucozade energy orange
Sains,12.5,25.0,l,De Kuyper Cherry Brandy Liqueur 50cl,20240413,drinks,False,False,De Kuyper Cherry Brandy Liqueur 50cl,,,,,,,500.0,ml,,False,,,,De Kuyper Cherry Brandy Liqueur,de kuyper cherry brandy liqueur
Sains,3.75,3.8,l,Granini Pear Flavoured Juice 1L (Sugar levy applied),20240413,drinks,False,False,Granini Pear Flavoured Juice 1L (Sugar levy applied),,,,,,,1000.0,ml,,False,,,,Granini Pear Flavoured Juice,granini pear flavoured juice
Sains,13.75,4.17,l,Estrella Damm Lager Beer Cans 10x330ml,20240413,drinks,False,False,Estrella Damm Lager Beer Cans 10x330ml,,,,Estrella Damm,10.0,count_x_size,3300.0,ml,,False,,,{'packaging': ['cans']},Lager Beer Cans,estrella damm lager beer cans
Sains,30.0,42.86,l,Sipsmith London Dry Gin 70cl,20240413,drinks,False,False,Sipsmith London Dry Gin 70cl,,,,Sipsmith,,,700.0,ml,,False,,,,London Dry Gin,sipsmith london dry gin
Sains,2.75,14.67,l,Casillero del Diablo Cabernet Sauvignon 18.7cl,20240413,drinks,False,False,Casillero del Diablo Cabernet Sauvignon 18.7cl,,,,Casillero Del Diablo,,,187.0,ml,,False,,,,Cabernet Sauvignon,casillero del diablo cabernet sauvignon
Sains,14.0,18.62,l,"Sainsbury's St-Emilion, Taste the Difference 75cl",20240413,drinks,True,False,"Sainsbury's St-Emilion, Taste the Difference 75cl",Sainsbury's,premium,Taste The Difference,,,,750.0,ml,,True,,,,St-Emilion,st emilion
Sains,5.25,2.65,l,Brooklyn Brewery Brooklyn Pilsner Lager Beer 6x330ml,20240413,drinks,False,False,Brooklyn Brewery Brooklyn Pilsner Lager Beer 6x330ml,,,,Brooklyn Brewery,6.0,count_x_size,1980.0,ml,,False,,,,Brooklyn Pilsner Lager Beer,brooklyn brewery brooklyn pilsner lager beer
Sains,28.0,40.0,l,Havana Club 7 Year Old Dark Rum 70cl,20240413,drinks,False,False,Havana Club 7 Year Old Dark Rum 70cl,,,,Havana Club,,,700.0,ml,,False,,,,7 Year Old Dark Rum,havana club 7 year old dark rum
Sains,2.5,5.0,l,Henry Westons Cloudy Vintage Cider 500ml,20240413,drinks,False,False,Henry Westons Cloudy Vintage Cider 500ml,,,,Henry Westons,,,500.0,ml,,False,,,{'maturity': ['vintage']},Cloudy Vintage Cider,henry westons cloudy vintage cider
Sains,7.5,9.98,l,Trivento Reserve Malbec Rose Wine 75cl,20240413,drinks,False,False,Trivento Reserve Malbec Rose Wine 75cl,,,,Trivento,,,750.0,ml,,False,,,,Reserve Malbec Rose Wine,trivento reserve malbec rose wine
Sains,3.75,8.52,l,BrewDog Double Hazy 440ml,20240413,drinks,False,False,BrewDog Double Hazy 440ml,,,,Brewdog,,,440.0,ml,,False,,,,Double Hazy,brewdog double hazy
Sains,2.75,0.5,l,Sainsbury's British Sparkling Spring Water 12x500ml,20240413,drinks,True,False,Sainsbury's British Sparkling Spring Water 12x500ml,Sainsbury's,standard,,,12.0,count_x_size,6000.0,ml,,False,,,,British Sparkling Spring Water,british sparkling spring water
Sains,17.75,25.36,l,"Ouzo 12, 40% ABV - Greek Aniseed Liqueur 70cl",20240413,drinks,False,False,"Ouzo 12, 40% ABV - Greek Aniseed Liqueur 70cl",,,,,,,700.0,ml,40.0,False,,,,"Ouzo 12, - Greek Aniseed Liqueur",ouzo 12 greek aniseed liqueur
Sains,94.0,62.51,l,Veuve Clicquot Yellow Label Brut Non Vintage Champagne 1.5L,20240413,drinks,False,False,Veuve Clicquot Yellow Label Brut Non Vintage Champagne 1.5L,,,,Veuve Clicquot,,,1500.0,ml,,False,,,{'maturity': ['vintage']},Yellow Label Brut Non Vintage Champagne,veuve clicquot yellow label brut non vintage champagne
Sains,2.5,8.3,l,Starbucks Tripleshot Espresso Iced Coffee Drink 300ml,20240413,drinks,False,False,Starbucks Tripleshot Espresso Iced Coffee Drink 300ml,,,,Starbucks,,,300.0,ml,,False,,,,Tripleshot Espresso Iced Coffee Drink,starbucks tripleshot espresso iced coffee drink
Sains,11.0,31.43,l,Smirnoff Red Label Vodka 35cl,20240413,drinks,False,False,Smirnoff Red Label Vodka 35cl,,,,Smirnoff,,,350.0,ml,,False,,,,Red Label Vodka,smirnoff red label vodka
Sains,10.0,13.3,l,Casillero del Diablo Reserva Especial Cabernet Sauvignon 75cl,20240413,drinks,False,False,Casillero del Diablo Reserva Especial Cabernet Sauvignon 75cl,,,,Casillero Del Diablo,,,750.0,ml,,False,,,,Reserva Especial Cabernet Sauvignon,casillero del diablo reserva especial cabernet sauvignon
Sains,3.0,1.1,l,Tango Mango Sugar Free Cans 8x330ml,20240413,drinks,False,False,Tango Mango Sugar Free Cans 8x330ml,,,,Tango,8.0,count_x_size,2640.0,ml,,False,diet,sugar free,{'packaging': ['cans']},Mango Cans,tango mango cans
Sains,6.25,4.73,l,Vocation Hop Skip & Juice Hazy Pale Ale 4x330ml,20240413,drinks,False,False,Vocation Hop Skip & Juice Hazy Pale Ale 4x330ml,,,,,4.0,count_x_size,1320.0,ml,,False,,,,Vocation Hop Skip and Juice Hazy Pale Ale,vocation hop skip and juice hazy pale ale
Sains,26.0,37.14,l,The Singleton of Dufftown 12 Year Old Single Malt Scotch Whisky 70cl,20240413,drinks,False,False,The Singleton of Dufftown 12 Year Old Single Malt Scotch Whisky 70cl,,,,,,,700.0,ml,,False,,,,The Singleton of Dufftown 12 Year Old Single Malt Scotch Whisky,the singleton of dufftown 12 year old single malt scotch whisky
Sains,23.0,32.85,l,The Kraken Black Spiced Rum Roast Coffee 70cl,20240413,drinks,False,False,The Kraken Black Spiced Rum Roast Coffee 70cl,,,,,,,700.0,ml,,False,,,,The Kraken Black Spiced Rum Roast Coffee,the kraken black spiced rum roast coffee
Sains,3.5,4.67,l,Inedit Damm 750ml,20240413,drinks,False,False,Inedit Damm 750ml,,,,,,,750.0,ml,,False,,,,Inedit Damm,inedit damm
Sains,10.95,14.56,l,Barkan Classic Malbec 750ml,20240413,drinks,False,False,Barkan Classic Malbec 750ml,,,,,,,750.0,ml,,False,,,,Barkan Classic Malbec,barkan classic malbec
Sains,13.0,13.0,unit,Brita Fill & Go Active Bottle Lime,20240413,drinks,False,False,Brita Fill & Go Active Bottle Lime,,,,,,,,,,False,,,{'packaging': ['bottle']},Brita Fill and Go Active Bottle Lime,brita fill and go active bottle lime
Sains,25.0,35.71,l,Ron Santiago de Cuba Aňejo 8 Year Old Rum 70cl,20240413,drinks,False,False,Ron Santiago de Cuba Aňejo 8 Year Old Rum 70cl,,,,,,,700.0,ml,,False,,,,Ron Santiago de Cuba Aňejo 8 Year Old Rum,ron santiago de cuba anejo 8 year old rum
Sains,30.0,42.86,l,Chase Marmalade Vodka 70cl,20240413,drinks,False,False,Chase Marmalade Vodka 70cl,,,,,,,700.0,ml,,False,,,,Chase Marmalade Vodka,chase marmalade vodka
Sains,1.45,5.4,l,Elmlea Single Alternative To Cream 270ml,20240413,free-from,False,False,Elmlea Single Alternative To Cream 270ml,,,,Elmlea,,,270.0,ml,,False,,,,Single Alternative To Cream,elmlea single alternative to cream
Sains,2.0,3.6,kg,New Covent Garden Tomato & Basil Soup 560g,20240413,free-from,False,False,New Covent Garden Tomato & Basil Soup 560g,,,,New Covent Garden,,,560.0,g,,False,,,,Tomato and Basil Soup,new covent garden tomato and basil soup
Sains,1.25,3.6,kg,Sainsbury's Cheese Sauce 350g (Serves 2),20240413,free-from,True,False,Sainsbury's Cheese Sauce 350g (Serves 2),Sainsbury's,standard,,,,,350.0,g,,False,,,,Cheese Sauce,cheese sauce
Sains,1.5,5.0,kg,Quorn Vegetarian Southern Style Bites 300g,20240413,free-from,False,False,Quorn Vegetarian Southern Style Bites 300g,,,,Quorn,,,300.0,g,,False,diet,vegetarian,,Southern Style Bites,quorn southern style bites
Sains,1.75,8.75,kg,Arla Lactofree Soft Cheese 200g,20240413,free-from,False,False,Arla Lactofree Soft Cheese 200g,,,,Arla,,,200.0,g,,False,,,{'texture': ['soft']},Lactofree Soft Cheese,arla lactofree soft cheese
Sains,2.0,8.0,kg,"Sainsbury's Soft Cheese, SO Organic 250g",20240413,free-from,True,False,"Sainsbury's Soft Cheese, SO Organic 250g",Sainsbury's,dietary,So Organic,,,,250.0,g,,True,,,{'texture': ['soft']},Soft Cheese,soft cheese
Sains,1.0,5.9,kg,Müller Corner Skyr Raspberry & Hazelnut Granola Yogurt 170g,20240413,free-from,False,False,Müller Corner Skyr Raspberry & Hazelnut Granola Yogurt 170g,,,,Müller,,,170.0,g,,False,,,,Corner Skyr Raspberry and Hazelnut Granola Yogurt,muller corner skyr raspberry and hazelnut granola yogurt
Sains,3.0,0.38,unit,Mr Kipling Lemon Fancies Cakes x8,20240413,free-from,False,False,Mr Kipling Lemon Fancies Cakes x8,,,,Mr Kipling,8.0,x_count,,,,False,,,,Lemon Fancies Cakes,mr kipling lemon fancies cakes
Sains,2.16,3.8,kg,"Sainsbury's Chicken, Gravy & Vegetable Pie x4 568g",20240413,free-from,True,False,"Sainsbury's Chicken, Gravy & Vegetable Pie x4 568g",Sainsbury's,standard,,,4.0,x_count,568.0,g,,False,,,,"Chicken, Gravy and Vegetable Pie",chicken gravy and vegetable pie
Sains,1.15,13.53,kg,Lily's Kitchen Organic Fish Paté Cat Food 85g,20240413,free-from,False,False,Lily's Kitchen Organic Fish Paté Cat Food 85g,,,,,,,85.0,g,,False,organic,organic,,Lily's Kitchen Fish Paté Cat Food,lily s kitchen fish pate cat food
Sains,4.0,11.43,kg,"Sainsbury's 10% Fat Beef Meatballs, SO Organic 350g",20240413,free-from,True,False,"Sainsbury's 10% Fat Beef Meatballs, SO Organic 350g",Sainsbury's,dietary,So Organic,,,,340.0,g,,True,,,{'cut_meat': ['meatballs']},10% Fat Beef Meatballs,10 fat beef meatballs
Sains,2.3,14.9,kg,Cadbury Cornflake Cluster Cake Bites x14,20240413,free-from,False,False,Cadbury Cornflake Cluster Cake Bites x14,,,,Cadbury,14.0,x_count,150.0,g,,True,,,,Cornflake Cluster Cake Bites,cadbury cornflake cluster cake bites
Sains,2.3,7.57,kg,Richmond Vegan & Vegetarian Sage & Onion Sausages x8 304g,20240413,free-from,False,False,Richmond Vegan & Vegetarian Sage & Onion Sausages x8 304g,,,,Richmond,8.0,x_count,304.0,g,,False,"diet,diet","vegetarian,vegan",,and Sage and Onion Sausages,richmond and sage and onion sausages
Sains,3.25,11.61,kg,"Sainsbury's Free From Cod Melt in the Middle Fishcake, Taste the Difference 280g",20240413,free-from,True,False,"Sainsbury's Free From Cod Melt in the Middle Fishcake, Taste the Difference 280g",Sainsbury's Free From,dietary,Free From,,,,280.0,g,,True,,,,Cod Melt in the Middle Fishcake,cod melt in the middle fishcake
Sains,2.4,0.6,unit,Warburtons Gluten Free Cinnamon & Raisin Sliced Fruity Buns x4,20240413,free-from,False,False,Warburtons Gluten Free Cinnamon & Raisin Sliced Fruity Buns x4,,,,Warburtons,4.0,x_count,,,,False,free_from,gluten free,{'form': ['sliced']},Cinnamon and Raisin Sliced Fruity Buns,warburtons cinnamon and raisin sliced fruity buns
Sains,2.25,5.0,kg,Yeo Valley Organic British Blackcurrant Creamy Bio Live Yogurt 450g,20240413,free-from,False,False,Yeo Valley Organic British Blackcurrant Creamy Bio Live Yogurt 450g,,,,Yeo Valley,,,450.0,g,,False,"organic,organic","organic,bio",{'texture': ['creamy']},British Blackcurrant Creamy Live Yogurt,yeo valley british blackcurrant creamy live yogurt
Sains,4.0,40.0,kg,"Sainsburys ASC Scottish Cherry Wood Smoked Salmon, Taste the Difference 100g (Ready To Eat)",20240413,free-from,False,False,"Sainsburys ASC Scottish Cherry Wood Smoked Salmon, Taste the Difference 100g (Ready To Eat)",Sainsburys,standard,,,,,100.0,g,,False,preparation,ready to eat,{'cooking_method': ['smoked']},"ASC Scottish Cherry Wood Smoked Salmon, Taste the Difference",asc scottish cherry wood smoked salmon taste the difference
Sains,1.75,4.6,kg,Fage Fruits Strawberry Strained Yoghurt 380g,20240413,free-from,False,False,Fage Fruits Strawberry Strained Yoghurt 380g,,,,Fage,,,380.0,g,,False,,,,Fruits Strawberry Strained Yoghurt,fage fruits strawberry strained yoghurt
Sains,2.0,4.0,kg,Alpro Peach Gut Health Dairy Free Soya Yoghurt Alternative 4x125g,20240413,free-from,False,False,Alpro Peach Gut Health Dairy Free Soya Yoghurt Alternative 4x125g,,,,Alpro,4.0,count_x_size,500.0,g,,False,free_from,dairy free,,Peach Gut Health Soya Yoghurt Alternative,alpro peach gut health soya yoghurt alternative
Sains,1.4,2.6,l,Chupa Chups Squeezee Freeze Pops Mixed Flavours 12x50ml,20240413,free-from,False,False,Chupa Chups Squeezee Freeze Pops Mixed Flavours 12x50ml,,,,Chupa Chups,12.0,count_x_size,600.0,ml,,False,,,,Squeezee Freeze Pops Mixed Flavours,chupa chups squeezee freeze pops mixed flavours
Sains,1.3,54.2,kg,Cathedral City Snack Bar Original Cheese 24g,20240413,free-from,False,False,Cathedral City Snack Bar Original Cheese 24g,,,,Cathedral City,,,24.0,g,,False,,,,Snack Bar Original Cheese,cathedral city snack bar original cheese
Sains,7.5,0.25,unit,Centrum MultiGummies Mixed Flavour Food Supplement Gummies x30,20240413,free-from,False,False,Centrum MultiGummies Mixed Flavour Food Supplement Gummies x30,,,,,30.0,x_count,,,,False,,,,Centrum MultiGummies Mixed Flavour Food Supplement Gummies,centrum multigummies mixed flavour food supplement gummies
Sains,2.5,7.6,l,Oreo Mini Ice Cream 6x330ml,20240413,free-from,False,False,Oreo Mini Ice Cream 6x330ml,,,,Oreo,6.0,count_x_size,1980.0,ml,,False,,,,Mini Ice Cream,oreo mini ice cream
Sains,10.0,0.33,unit,Solgar Multi-One Food Supplement 30 Tablets,20240413,free-from,False,False,Solgar Multi-One Food Supplement 30 Tablets,,,,,,,,,,False,,,,Solgar Multi-One Food Supplement 30 Tablets,solgar multi one food supplement 30 tablets
Sains,1.4,3.41,kg,Sainsbury's Free Range Fresh Egg Noodles 410g,20240413,fresh_food,True,False,Sainsbury's Free Range Fresh Egg Noodles 410g,Sainsbury's,standard,,,,,410.0,g,,False,ethical,free range,,Fresh Egg Noodles,fresh egg noodles
Sains,2.39,7.47,kg,Sainsbury's British Fresh Chicken Breast Mini Fillets 320g,20240413,fresh_food,True,False,Sainsbury's British Fresh Chicken Breast Mini Fillets 320g,Sainsbury's,standard,,,,,320.0,g,,False,,,{'cut_meat': ['breast']},British Fresh Chicken Breast Mini Fillets,british fresh chicken breast mini fillets
Sains,1.5,6.0,kg,"Sainsbury's Sundream Plum Vine Tomatoes, Taste the Difference 250g",20240413,fresh_food,True,False,"Sainsbury's Sundream Plum Vine Tomatoes, Taste the Difference 250g",Sainsbury's,premium,Taste The Difference,,,,250.0,g,,True,,,,Sundream Plum Vine Tomatoes,sundream plum vine tomatoes
Sains,1.5,2.5,kg,Sainsbury's Sweet & Crunchy Stir Fry 600g,20240413,fresh_food,True,False,Sainsbury's Sweet & Crunchy Stir Fry 600g,Sainsbury's,standard,,,,,600.0,g,,False,,,"{'flavor': ['sweet'], 'texture': ['crunchy']}",Sweet and Crunchy Stir Fry,sweet and crunchy stir fry
Sains,1.75,5.8,kg,Sainsbury's Beetroot Salad 300g,20240413,fresh_food,True,False,Sainsbury's Beetroot Salad 300g,Sainsbury's,standard,,,,,300.0,g,,False,,,,Beetroot Salad,beetroot salad
Sains,2.4,0.6,unit,"Sainsbury's Gold Kiwi, Taste the Difference",20240413,fresh_food,True,False,"Sainsbury's Gold Kiwi, Taste the Difference",Sainsbury's,premium,Taste The Difference,,,,,,,False,,,,Gold Kiwi,gold kiwi
Sains,3.5,10.0,kg,Cathedral City Lighter Mature Cheddar Cheese 350g,20240413,fresh_food,False,False,Cathedral City Lighter Mature Cheddar Cheese 350g,,,,Cathedral City,,,350.0,g,,False,,,{'maturity': ['mature']},Lighter Mature Cheddar Cheese,cathedral city lighter mature cheddar cheese
Sains,2.19,4.38,kg,Sainsbury's Buttersoft Spreadable Butter 500g,20240413,fresh_food,True,False,Sainsbury's Buttersoft Spreadable Butter 500g,Sainsbury's,standard,,,,,500.0,g,,False,,,,Buttersoft Spreadable Butter,buttersoft spreadable butter
Sains,2.25,4.5,kg,Sainsbury's Fresh Custard 500g,20240413,fresh_food,True,False,Sainsbury's Fresh Custard 500g,Sainsbury's,standard,,,,,500.0,g,,False,,,,Fresh Custard,fresh custard
Sains,1.75,2.9,kg,Sainsbury's Cream Of Tomato Soup 600g (Serves 2),20240413,fresh_food,True,False,Sainsbury's Cream Of Tomato Soup 600g (Serves 2),Sainsbury's,standard,,,,,600.0,g,,False,,,,Cream Of Tomato Soup,cream of tomato soup
Sains,1.99,6.6,kg,Stamford Street Co. Ham Slices x12 300g,20240413,fresh_food,False,False,Stamford Street Co. Ham Slices x12 300g,Stamford Street Co.,value,Stamford Street,,12.0,x_count,300.0,g,,False,,,,Ham Slices,ham slices
Sains,1.35,6.8,kg,"Sainsbury's Red Pepper Houmous, Be Good To Yourself 200g",20240413,fresh_food,True,False,"Sainsbury's Red Pepper Houmous, Be Good To Yourself 200g",Sainsbury's,dietary,Be Good To Yourself,,,,200.0,g,,True,,,,Red Pepper Houmous,red pepper houmous
Sains,1.6,13.3,kg,Sainsbury's Pitted Green Olives 120g,20240413,fresh_food,True,False,Sainsbury's Pitted Green Olives 120g,Sainsbury's,standard,,,,,120.0,g,,False,,,{'prep_produce': ['pitted']},Pitted Green Olives,pitted green olives
Sains,1.75,10.17,kg,Cheese Snack Dairylea Dunkers Breadsticks With Cheese 4x43g,20240413,fresh_food,False,False,Cheese Snack Dairylea Dunkers Breadsticks With Cheese 4x43g,,,,,4.0,count_x_size,172.0,g,,False,,,,Cheese Snack Dairylea Dunkers Breadsticks With Cheese,cheese snack dairylea dunkers breadsticks with cheese
Sains,2.0,6.6,kg,Sainsbury's Steak Slices x2 300g,20240413,fresh_food,True,False,Sainsbury's Steak Slices x2 300g,Sainsbury's,standard,,,2.0,x_count,300.0,g,,False,,,{'cut_meat': ['steak']},Steak Slices,steak slices
Sains,2.6,6.5,kg,"Sainsbury's Cheddar & Onion Quiche, Taste the Difference 400g",20240413,fresh_food,True,False,"Sainsbury's Cheddar & Onion Quiche, Taste the Difference 400g",Sainsbury's,premium,Taste The Difference,,,,400.0,g,,True,,,,Cheddar and Onion Quiche,cheddar and onion quiche
Sains,1.25,7.57,kg,Philadelphia Sweet Chilli Soft Cheese 165g,20240413,fresh_food,False,False,Philadelphia Sweet Chilli Soft Cheese 165g,,,,Philadelphia,,,165.0,g,,False,,,"{'flavor': ['sweet'], 'texture': ['soft']}",Sweet Chilli Soft Cheese,philadelphia sweet chilli soft cheese
Sains,3.25,27.1,kg,"Sainsbury's Valencia Orange & Cranberry Topped Ham, Taste the Difference 120g",20240413,fresh_food,True,False,"Sainsbury's Valencia Orange & Cranberry Topped Ham, Taste the Difference 120g",Sainsbury's,premium,Taste The Difference,,,,120.0,g,,True,,,,Valencia Orange and Cranberry Topped Ham,valencia orange and cranberry topped ham
Sains,4.5,10.0,kg,Wasabi Chicken Katsu Curry with Rice 450g,20240413,fresh_food,False,False,Wasabi Chicken Katsu Curry with Rice 450g,,,,Wasabi,,,450.0,g,,False,,,,Chicken Katsu Curry with Rice,wasabi chicken katsu curry with rice
Sains,2.5,7.81,kg,Weight Watchers Beef Lasagne Ready Meal 320g,20240413,fresh_food,False,False,Weight Watchers Beef Lasagne Ready Meal 320g,,,,Weight Watchers,,,320.0,g,,False,preparation,ready meal,,Beef Lasagne,weight watchers beef lasagne
Sains,3.0,10.71,kg,Rana Tomato & Mozzarella Gnocchi 280g,20240413,fresh_food,False,False,Rana Tomato & Mozzarella Gnocchi 280g,,,,,,,280.0,g,,False,,,,Rana Tomato and Mozzarella Gnocchi,rana tomato and mozzarella gnocchi
Sains,3.5,8.75,kg,"Sainsbury's Spinach & Ricotta Cannelloni Ready Meal For 1, Taste the Difference 400g",20240413,fresh_food,True,False,"Sainsbury's Spinach & Ricotta Cannelloni Ready Meal For 1, Taste the Difference 400g",Sainsbury's,premium,Taste The Difference,,,,400.0,g,,True,preparation,ready meal,,Spinach and Ricotta Cannelloni For 1,spinach and ricotta cannelloni for 1
Sains,1.5,7.1,kg,Pukka Chicken & Bacon Pie 210g,20240413,fresh_food,False,False,Pukka Chicken & Bacon Pie 210g,,,,Pukka,,,210.0,g,,False,,,,Chicken and Bacon Pie,pukka chicken and bacon pie
Sains,2.65,10.6,kg,Président French Camembert Cheese 250g,20240413,fresh_food,False,False,Président French Camembert Cheese 250g,,,,Président,,,250.0,g,,False,,,,French Camembert Cheese,president french camembert cheese
Sains,1.25,5.2,kg,Cadbury Pots Of Joy Chocolate Dessert Limited Edition 4x60g,20240413,fresh_food,False,False,Cadbury Pots Of Joy Chocolate Dessert Limited Edition 4x60g,,,,Cadbury,4.0,count_x_size,240.0,g,,False,,,,Pots Of Joy Chocolate Dessert Limited Edition,cadbury pots of joy chocolate dessert limited edition
Sains,0.36,2.2,kg,Stamford Street Co. Single Garlic Baguette 165g,20240413,fresh_food,False,False,Stamford Street Co. Single Garlic Baguette 165g,Stamford Street Co.,value,Stamford Street,,,,165.0,g,,False,,,,Single Garlic Baguette,single garlic baguette
Sains,2.35,8.0,kg,Pork Farms Melton Mowbray Pork Pie 295g,20240413,fresh_food,False,False,Pork Farms Melton Mowbray Pork Pie 295g,,,,,,,295.0,g,,False,,,,Pork Farms Melton Mowbray Pork Pie,pork farms melton mowbray pork pie
Sains,3.5,10.0,kg,"Sainsbury's Beef Papardelle Pasta Ready Meal For 1, Taste the Difference 350g",20240413,fresh_food,True,False,"Sainsbury's Beef Papardelle Pasta Ready Meal For 1, Taste the Difference 350g",Sainsbury's,premium,Taste The Difference,,,,340.0,g,,True,preparation,ready meal,,Beef Papardelle Pasta For 1,beef papardelle pasta for 1
Sains,2.9,5.8,kg,Stamford Street Co. Minced Beef & Onion Pie Flaky Puff Pastry 500g,20240413,fresh_food,False,False,Stamford Street Co. Minced Beef & Onion Pie Flaky Puff Pastry 500g,Stamford Street Co.,value,Stamford Street,,,,500.0,g,,False,,,{'cut_meat': ['minced']},Minced Beef and Onion Pie Flaky Puff Pastry,minced beef and onion pie flaky puff pastry
Sains,2.75,2.75,unit,Sainsbury's Prawn Mayo Sandwich,20240413,fresh_food,True,False,Sainsbury's Prawn Mayo Sandwich,Sainsbury's,standard,,,,,,,,False,,,,Prawn Mayo Sandwich,prawn mayo sandwich
Sains,3.75,22.1,kg,Gü Inspirations Salted Caramel Cookies & Cream Dessert 2x84g,20240413,fresh_food,False,False,Gü Inspirations Salted Caramel Cookies & Cream Dessert 2x84g,,,,Gü,2.0,count_x_size,168.0,g,,False,,,,Inspirations Salted Caramel Cookies and Cream Dessert,gu inspirations salted caramel cookies and cream dessert
Sains,3.25,13.0,kg,La Famigila Rana Sicilian Style Caponata Mezzelune 250g,20240413,fresh_food,False,False,La Famigila Rana Sicilian Style Caponata Mezzelune 250g,,,,,,,250.0,g,,False,,,,La Famigila Rana Sicilian Style Caponata Mezzelune,la famigila rana sicilian style caponata mezzelune
Sains,3.0,20.83,kg,"Sainsbury's Ready Meal Side Dish For 2 Chicken Katsu Spring Rolls, Taste the Difference 144g",20240413,fresh_food,True,False,"Sainsbury's Ready Meal Side Dish For 2 Chicken Katsu Spring Rolls, Taste the Difference 144g",Sainsbury's,premium,Taste The Difference,,,,140.0,g,,True,preparation,ready meal,,Side Dish For 2 Chicken Katsu Spring Rolls,side dish for 2 chicken katsu spring rolls
Sains,4.0,5.75,kg,Birds Eye Chicken Nuggets with Golden Wholegrain x44 695g,20240413,frozen,False,False,Birds Eye Chicken Nuggets with Golden Wholegrain x44 695g,,,,Birds Eye,44.0,x_count,695.0,g,,False,,,{'bakery_type': ['wholegrain']},Chicken Nuggets with Golden Wholegrain,birds eye chicken nuggets with golden wholegrain
Sains,1.5,6.0,kg,Goodfella's Pepperoni Pizza Pockets x2 250g,20240413,frozen,False,False,Goodfella's Pepperoni Pizza Pockets x2 250g,,,,Goodfella's,2.0,x_count,250.0,g,,False,,,,Pepperoni Pizza Pockets,goodfella s pepperoni pizza pockets
Sains,2.95,2.95,kg,"Sainsbury's Maris Piper Roast Potatoes with Beef Dripping, Taste the Difference 1kg",20240413,frozen,True,False,"Sainsbury's Maris Piper Roast Potatoes with Beef Dripping, Taste the Difference 1kg",Sainsbury's,premium,Taste The Difference,,,,1000.0,g,,True,,,,Maris Piper Roast Potatoes with Beef Dripping,maris piper roast potatoes with beef dripping
Sains,3.5,10.6,l,Magnum Almond & White Chocolate Mini Ice Cream Stick 6x55ml,20240413,frozen,False,False,Magnum Almond & White Chocolate Mini Ice Cream Stick 6x55ml,,,,Magnum,6.0,count_x_size,330.0,ml,,False,,,{'bakery_type': ['white']},Almond and White Chocolate Mini Ice Cream Stick,magnum almond and white chocolate mini ice cream stick
Sains,2.0,5.88,kg,Sainsbury's Butcher's Choice British Pork Chipolata sausages x12 340g,20240413,fresh_food,True,False,Sainsbury's Butcher's Choice British Pork Chipolata sausages x12 340g,Sainsbury's,standard,,,12.0,x_count,340.0,g,,False,,,,Butcher's Choice British Pork Chipolata sausages,butcher s choice british pork chipolata sausages
Sains,3.5,14.58,kg,"Sainsbury's Smoked Air Dried Wiltshire Cured Back Bacon Rashers, Taste the Difference x8 240g",20240413,fresh_food,True,False,"Sainsbury's Smoked Air Dried Wiltshire Cured Back Bacon Rashers, Taste the Difference x8 240g",Sainsbury's,premium,Taste The Difference,,,,240.0,g,,True,,,{'cooking_method': ['smoked']},Smoked Air Dried Wiltshire Cured Back Bacon Rashers,smoked air dried wiltshire cured back bacon rashers
Sains,4.5,8.33,kg,Sainsbury's Breaded Fresh British Chicken Goujons 540g,20240413,fresh_food,True,False,Sainsbury's Breaded Fresh British Chicken Goujons 540g,Sainsbury's,standard,,,,,540.0,g,,False,,,{'texture': ['breaded']},Breaded Fresh British Chicken Goujons,breaded fresh british chicken goujons
Sains,3.5,14.0,kg,Sainsbury's Unsmoked Bacon Loin Steaks x2 250g,20240413,fresh_food,True,False,Sainsbury's Unsmoked Bacon Loin Steaks x2 250g,Sainsbury's,standard,,,2.0,x_count,250.0,g,,False,,,{'flavor': ['unsmoked']},Unsmoked Bacon Loin Steaks,unsmoked bacon loin steaks
Sains,3.9,11.14,kg,"Sainsburys Lemon & Herb British Chicken Breast Schnitzels with Zesty Caper Butter, Taste the Difference x2 350g",20240413,fresh_food,False,False,"Sainsburys Lemon & Herb British Chicken Breast Schnitzels with Zesty Caper Butter, Taste the Difference x2 350g",Sainsburys,premium,Taste The Difference,,,,340.0,g,,True,,,{'cut_meat': ['breast']},Lemon and Herb British Chicken Breast Schnitzels with Zesty Caper Butter,lemon and herb british chicken breast schnitzels with zesty caper butter
Sains,8.0,14.81,kg,"Sainsbury’s Slow Cooked Expertly Butchered British Beef Short Rib on the Bone, Taste the Difference 540g",20240413,fresh_food,False,False,"Sainsbury’s Slow Cooked Expertly Butchered British Beef Short Rib on the Bone, Taste the Difference 540g",Sainsbury's,premium,Taste The Difference,,,,530.0,g,,True,,,,Slow Cooked Expertly Butchered British Beef Short Rib on the Bone,slow cooked expertly butchered british beef short rib on the bone
Sains,1.98,0.25,unit,Sainsbury's Croissants x8,20240413,bakery,True,False,Sainsbury's Croissants x8,Sainsbury's,standard,,,8.0,x_count,,,,False,,,,Croissants,croissants
Sains,1.25,4.5,kg,Soreen Sliced Malt Loaf 290g,20240413,bakery,False,False,Soreen Sliced Malt Loaf 290g,,,,Soreen,,,290.0,g,,False,,,{'form': ['sliced']},Sliced Malt Loaf,soreen sliced malt loaf
Sains,1.15,2.9,kg,Hovis Seed Sensations Seven Seeds Medium Sliced Seeded Bread 400g,20240413,bakery,False,False,Hovis Seed Sensations Seven Seeds Medium Sliced Seeded Bread 400g,,,,Hovis,,,400.0,g,,False,,,"{'flavor': ['medium'], 'form': ['sliced'], 'bakery_type': ['seeded']}",Seed Sensations Seven Seeds Medium Sliced Seeded Bread,hovis seed sensations seven seeds medium sliced seeded bread
Sains,1.45,1.8,kg,Sainsbury's Sandwich Loaf White Bread 800g,20240413,bakery,True,False,Sainsbury's Sandwich Loaf White Bread 800g,Sainsbury's,standard,,,,,800.0,g,,False,,,{'bakery_type': ['white']},Sandwich Loaf White Bread,sandwich loaf white bread
Sains,1.75,6.36,kg,Sainsbury's Madeira Loaf Cake 275g,20240413,bakery,True,False,Sainsbury's Madeira Loaf Cake 275g,Sainsbury's,standard,,,,,275.0,g,,False,,,,Madeira Loaf Cake,madeira loaf cake
Sains,1.6,6.4,kg,Menissez Partbake Baguette 250g,20240413,bakery,False,False,Menissez Partbake Baguette 250g,,,,,,,250.0,g,,False,,,,Menissez Partbake Baguette,menissez partbake baguette
Sains,1.1,0.09,unit,Sainsbury's Iced Fairy Cakes x12,20240413,bakery,True,False,Sainsbury's Iced Fairy Cakes x12,Sainsbury's,standard,,,12.0,x_count,,,,False,,,,Iced Fairy Cakes,iced fairy cakes
Sains,1.3,0.33,unit,"Sainsbury's Multiseed Wholemeal Rolls, Taste the Difference x4",20240413,bakery,True,False,"Sainsbury's Multiseed Wholemeal Rolls, Taste the Difference x4",Sainsbury's,premium,Taste The Difference,,,,,,,False,,,{'bakery_type': ['wholemeal']},Multiseed Wholemeal Rolls,multiseed wholemeal rolls
Sains,1.5,1.5,unit,Sainsbury's Seeded White Bloomer 800g,20240413,bakery,True,False,Sainsbury's Seeded White Bloomer 800g,Sainsbury's,standard,,,,,800.0,g,,False,,,"{'bakery_type': ['seeded', 'white']}",Seeded White Bloomer,seeded white bloomer
Sains,2.6,5.5,l,Oppo Brothers Caramelised Biscuit Swirl 475ml,20240411,free-from,False,False,Oppo Brothers Caramelised Biscuit Swirl 475ml,,,,Oppo Brothers,,,475.0,ml,,False,,,,Caramelised Biscuit Swirl,oppo brothers caramelised biscuit swirl
Sains,1.09,3.2,kg,Sainsbury's Peanut Butter Smooth 340g,20240409,food_cupboard,True,False,Sainsbury's Peanut Butter Smooth 340g,Sainsbury's,standard,,,,,340.0,g,,False,,,{'texture': ['smooth']},Peanut Butter Smooth,peanut butter smooth
Sains,6.0,11.1,kg,Caribbean Choice Ackees in Salted Water 540g,20240405,free-from,False,False,Caribbean Choice Ackees in Salted Water 540g,,,,,,,540.0,g,,False,,,,Caribbean Choice Ackees in Salted Water,caribbean choice ackees in salted water
Sains,0.95,21.1,kg,Oshee Protein Bar Milk Chocolate 45g,20240405,free-from,False,False,Oshee Protein Bar Milk Chocolate 45g,,,,Oshee,,,45.0,g,,False,,,,Protein Bar Milk Chocolate,oshee protein bar milk chocolate
Sains,6.5,13.0,kg,"Sainsbury’s Extra Lean Diced British Beef, Taste the Difference 500g",20240402,fresh_food,False,False,"Sainsbury’s Extra Lean Diced British Beef, Taste the Difference 500g",Sainsbury's,premium,Taste The Difference,,,,500.0,g,,True,,,{'form': ['diced']},Extra Lean Diced British Beef,extra lean diced british beef
Sains,4.0,17.0,kg,Cadbury Creme Egg Giant Easter Egg 235g,20240330,free-from,False,False,Cadbury Creme Egg Giant Easter Egg 235g,,,,Cadbury,,,235.0,g,,False,,,,Creme Egg Giant Easter Egg,cadbury creme egg giant easter egg
Sains,1.25,9.7,kg,KitKat Chunky Milk Chocolate Medium Easter Egg 129g,20240330,food_cupboard,False,False,KitKat Chunky Milk Chocolate Medium Easter Egg 129g,,,,Kitkat,,,129.0,g,,False,,,"{'flavor': ['medium'], 'texture': ['chunky']}",Chunky Milk Chocolate Medium Easter Egg,kitkat chunky milk chocolate medium easter egg
Sains,2.0,14.3,kg,Smarties Milk Chocolate Easter Egg Hunt Box 140g,20240330,food_cupboard,False,False,Smarties Milk Chocolate Easter Egg Hunt Box 140g,,,,Smarties,,,140.0,g,,False,,,,Milk Chocolate Easter Egg Hunt Box,smarties milk chocolate easter egg hunt box
Sains,1.5,4.3,kg,Bio&Me Kefir Live Yoghurt Original 350g,20240329,free-from,False,False,Bio&Me Kefir Live Yoghurt Original 350g,,,,,,,350.0,g,,False,organic,bio,,and Me Kefir Live Yoghurt Original,and me kefir live yoghurt original
Sains,1.5,4.3,kg,Bio&Me Kefir Live Yoghurt Mango 350g,20240329,free-from,False,False,Bio&Me Kefir Live Yoghurt Mango 350g,,,,,,,350.0,g,,False,organic,bio,,and Me Kefir Live Yoghurt Mango,and me kefir live yoghurt mango
Sains,1.25,13.9,kg,Aero Dark & Milk Peppermint Chocolate Sharing Bar 90g,20240322,food_cupboard,False,False,Aero Dark & Milk Peppermint Chocolate Sharing Bar 90g,,,,Aero,,,90.0,g,,False,,,,Dark and Milk Peppermint Chocolate Sharing Bar,aero dark and milk peppermint chocolate sharing bar
Sains,0.75,7.5,kg,"Sainsbury's Belgian Blonde Cooking Chocolate, Taste the Difference 100g",20240319,free-from,True,False,"Sainsbury's Belgian Blonde Cooking Chocolate, Taste the Difference 100g",Sainsbury's,premium,Taste The Difference,,,,100.0,g,,True,,,,Belgian Blonde Cooking Chocolate,belgian blonde cooking chocolate
Sains,10.35,13.8,l,Filippo Berio Olive Oil 750ml,20240319,food_cupboard,False,False,Filippo Berio Olive Oil 750ml,,,,Filippo Berio,,,750.0,ml,,False,,,,Olive Oil,filippo berio olive oil
Sains,1.75,17.2,kg,Jacob's Mini Cheddars 30% Less Fat Double Gloucester & Chive Baked Snacks Multipack 6x17g,20240315,food_cupboard,False,False,Jacob's Mini Cheddars 30% Less Fat Double Gloucester & Chive Baked Snacks Multipack 6x17g,,,,Jacob's,6.0,count_x_size,102.0,g,,False,,,"{'cooking_method': ['baked'], 'packaging': ['multipack']}",Mini Cheddars 30% Less Fat Double Gloucester and Chive Baked Snacks Multipack,jacob s mini cheddars 30 less fat double gloucester and chive baked snacks multipack
Sains,2.65,11.0,l,Leon Aioli Smoked Garlic 240ml,20240313,food_cupboard,False,False,Leon Aioli Smoked Garlic 240ml,,,,Leon,,,240.0,ml,,False,,,{'cooking_method': ['smoked']},Aioli Smoked Garlic,leon aioli smoked garlic
Sains,3.5,14.0,kg,"Twinings Decaffeinated Everyday Tea, 80 Tea Bags",20240309,drinks,False,False,"Twinings Decaffeinated Everyday Tea, 80 Tea Bags",,,,Twinings,80.0,bag_count,250.0,g,,True,,,,Decaffeinated Everyday Tea,twinings decaffeinated everyday tea
Sains,1.0,4.55,kg,Ben's Original Classic Jasmine 220g,20240303,free-from,False,False,Ben's Original Classic Jasmine 220g,,,,Ben's Original,,,220.0,g,,False,,,,Classic Jasmine,ben s original classic jasmine
Sains,1.15,5.22,kg,Ben's Original Smokey BBQ Microwave Rice 220g,20240227,free-from,False,False,Ben's Original Smokey BBQ Microwave Rice 220g,,,,Ben's Original,,,220.0,g,,False,,,{'cooking_method': ['bbq']},Smokey BBQ Microwave Rice,ben s original smokey bbq microwave rice
Sains,2.0,33.3,l,Optimum Nutrition Gold Standard Lemon Lime Pre Workout Shot 60ml,20240227,free-from,False,False,Optimum Nutrition Gold Standard Lemon Lime Pre Workout Shot 60ml,,,,Optimum Nutrition,,,60.0,ml,,False,,,,Gold Standard Lemon Lime Pre Workout Shot,optimum nutrition gold standard lemon lime pre workout shot
Sains,14.5,21.17,kg,"Sainsbury's Rainbow Layer Cake, Taste the Difference 685g",20240222,bakery,True,False,"Sainsbury's Rainbow Layer Cake, Taste the Difference 685g",Sainsbury's,premium,Taste The Difference,,,,680.0,g,,True,,,,Rainbow Layer Cake,rainbow layer cake
Sains,2.0,11.43,kg,White Rabbit Mediterranean Veg Gluten Free Pizzetta 175g,20240213,free-from,False,False,White Rabbit Mediterranean Veg Gluten Free Pizzetta 175g,,,,,,,175.0,g,,False,free_from,gluten free,{'bakery_type': ['white']},White Rabbit Mediterranean Veg Pizzetta,white rabbit mediterranean veg pizzetta
Sains,6.75,12.98,kg,"Sainsbury's No Beef Wellington, Taste the Difference 520g",20240213,fresh_food,True,False,"Sainsbury's No Beef Wellington, Taste the Difference 520g",Sainsbury's,premium,Taste The Difference,,,,510.0,g,,True,,,,No Beef Wellington,no beef wellington
Sains,2.0,4.0,kg,Aunt Bessie's Apple Crumble 500g,20240212,frozen,False,False,Aunt Bessie's Apple Crumble 500g,,,,Aunt Bessie's,,,500.0,g,,False,,,,Apple Crumble,aunt bessie s apple crumble
Sains,4.91,4.09,kg,Sainsbury's Smoked Gammon Joint 900-1.2kg,20240209,fresh_food,True,False,Sainsbury's Smoked Gammon Joint 900-1.2kg,Sainsbury's,standard,,,,,1200.0,g,,False,,,"{'cooking_method': ['smoked'], 'cut_meat': ['gammon', 'joint']}",Smoked Gammon Joint 900,smoked gammon joint 900
Sains,1.25,11.4,kg,Cadbury Fudge Bar x5 110g,20240208,food_cupboard,False,False,Cadbury Fudge Bar x5 110g,,,,Cadbury,5.0,x_count,110.0,g,,False,,,,Fudge Bar,cadbury fudge bar
Sains,5.75,11.98,kg,"Sainsbury's Valentines Parmigiana, Taste the Difference 480g",20240207,fresh_food,True,False,"Sainsbury's Valentines Parmigiana, Taste the Difference 480g",Sainsbury's,premium,Taste The Difference,,,,475.0,g,,True,,,,Valentines Parmigiana,valentines parmigiana
Sains,3.5,7.5,l,Ben & Jerry's Dairy Free Cookie Dough Caramel Vegan Ice Cream Tub 465ml,20240205,food_cupboard,False,False,Ben & Jerry's Dairy Free Cookie Dough Caramel Vegan Ice Cream Tub 465ml,,,,,,,465.0,ml,,False,"free_from,diet","dairy free,vegan",{'packaging': ['tub']},Ben and Jerry's Cookie Dough Caramel Ice Cream Tub,ben and jerry s cookie dough caramel ice cream tub
Sains,1.5,5.3,kg,Petits Filous Kids Strawberry & Apricot Yogurt Pots 6 x 47g,20240129,fresh_food,False,False,Petits Filous Kids Strawberry & Apricot Yogurt Pots 6 x 47g,,,,Petits Filous,6.0,count_x_size,282.0,g,,False,,,,Kids Strawberry and Apricot Yogurt Pots,petits filous kids strawberry and apricot yogurt pots
Sains,2.95,3.9,l,Califia Farms Cold Brew Medium Roast Black Coffee 750ml,20240128,drinks,False,False,Califia Farms Cold Brew Medium Roast Black Coffee 750ml,,,,,,,750.0,ml,,False,,,{'flavor': ['medium']},Califia Farms Cold Brew Medium Roast Black Coffee,califia farms cold brew medium roast black coffee
Sains,2.25,15.5,kg,Maltesers Multipack Chocolate Bunny 5 x 29g,20240121,food_cupboard,False,False,Maltesers Multipack Chocolate Bunny 5 x 29g,,,,Maltesers,5.0,count_x_size,145.0,g,,False,,,{'packaging': ['multipack']},Multipack Chocolate Bunny,maltesers multipack chocolate bunny
Sains,1.5,12.2,kg,Cadbury Creme Egg Chocolate Tablet 123g,20240121,food_cupboard,False,False,Cadbury Creme Egg Chocolate Tablet 123g,,,,Cadbury,,,123.0,g,,False,,,,Creme Egg Chocolate Tablet,cadbury creme egg chocolate tablet
Sains,1.35,15.0,kg,KitKat Bites Biscoff Milk Chocolate Sharing Bag 90g,20240120,food_cupboard,False,False,KitKat Bites Biscoff Milk Chocolate Sharing Bag 90g,,,,Kitkat,,,90.0,g,,False,,,,Bites Biscoff Milk Chocolate Sharing Bag,kitkat bites biscoff milk chocolate sharing bag
Tesco,3.5,0.6,l,Highland Spring Still Bottled Water 12 X 500Ml,20240413,drinks,False,False,Highland Spring Still Bottled Water 12 X 500Ml,,,,Highland Spring,12.0,count_x_size,6000.0,ml,,False,,,,Still Bottled Water,highland spring still bottled water
Tesco,2.25,0.6,l,Buxton Sparkling Natural Mineral Water Multipack 8x500ml,20240413,drinks,False,False,Buxton Sparkling Natural Mineral Water Multipack 8x500ml,,,,Buxton,8.0,count_x_size,4000.0,ml,,False,,,{'packaging': ['multipack']},Sparkling Natural Mineral Water Multipack,buxton sparkling natural mineral water multipack
Tesco,1.85,0.9,l,Diet Coke 2L,20240413,drinks,False,False,Diet Coke 2L,,,,Diet Coke,,,2000.0,ml,,False,,,,,diet coke
Tesco,1.5,1.0,l,Oasis Summer Fruits 1.5L,20240413,drinks,False,False,Oasis Summer Fruits 1.5L,,,,Oasis,,,1500.0,ml,,False,,,,Summer Fruits,oasis summer fruits
Tesco,1.1,11.0,kg,Dunns River Everyday Seasoning 100G,20240413,food_cupboard,False,False,Dunns River Everyday Seasoning 100G,,,,,,,100.0,g,,False,,,,Dunns River Everyday Seasoning,dunns river everyday seasoning
Tesco,2.0,1.3,l,Tesco Quad Strength Orange Squash No Added Sugar 1.5L,20240413,drinks,True,False,Tesco Quad Strength Orange Squash No Added Sugar 1.5L,Tesco,standard,,,,,1500.0,ml,,False,diet,no added sugar,,Quad Strength Orange Squash,quad strength orange squash
Tesco,1.33,0.13,unit,Tesco 10 British Mixed Weight Caged Eggs,20240413,fresh_food,True,False,Tesco 10 British Mixed Weight Caged Eggs,Tesco,standard,,,10.0,leading_count,,,,False,,,,British Mixed Weight Caged Eggs,british mixed weight caged eggs
Tesco,1.5,1.7,l,Lucozade Energy Original 900Ml,20240413,drinks,False,False,Lucozade Energy Original 900Ml,,,,Lucozade,,,900.0,ml,,False,,,,Energy Original,lucozade energy original
Tesco,0.6,1.8,l,Rubicon Sparkling Lychee Juice Drink 330Ml Can,20240413,drinks,False,False,Rubicon Sparkling Lychee Juice Drink 330Ml Can,,,,Rubicon,,,330.0,ml,,False,,,{'packaging': ['can']},Sparkling Lychee Juice Drink Can,rubicon sparkling lychee juice drink can
Tesco,1.0,19.0,kg,Tesco Paprika 52G,20240413,food_cupboard,True,False,Tesco Paprika 52G,Tesco,standard,,,,,52.0,g,,False,,,,Paprika,paprika
Tesco,1.5,2.0,l,Tesco Sparkling White Grape & Elderflower 750Ml,20240413,drinks,True,False,Tesco Sparkling White Grape & Elderflower 750Ml,Tesco,standard,,,,,750.0,ml,,False,,,{'bakery_type': ['white']},Sparkling White Grape and Elderflower,sparkling white grape and elderflower
Tesco,1.5,2.0,l,Volvic Touch of Fruit Strawberry Still Flavoured Water 750ml,20240413,drinks,False,False,Volvic Touch of Fruit Strawberry Still Flavoured Water 750ml,,,,Volvic,,,750.0,ml,,False,,,,Touch of Fruit Strawberry Still Flavoured Water,volvic touch of fruit strawberry still flavoured water
Tesco,2.0,2.0,l,Tesco 100% Squeezed & Pressed Orange & Mango Juice 1 Litre,20240413,drinks,True,False,Tesco 100% Squeezed & Pressed Orange & Mango Juice 1 Litre,Tesco,standard,,,,,1000.0,ml,,False,,,,100% Squeezed and Pressed Orange and Mango Juice,100 squeezed and pressed orange and mango juice
Tesco,2.0,2.1,l,Sarsons Pickling Malt Vinegar 950Ml,20240413,food_cupboard,False,False,Sarsons Pickling Malt Vinegar 950Ml,,,,Sarsons,,,950.0,ml,,False,,,,Pickling Malt Vinegar,sarsons pickling malt vinegar
Tesco,4.5,2.2,l,Get More Vitamins Recovery Still Water Orange Drink 4X500ml,20240413,drinks,False,False,Get More Vitamins Recovery Still Water Orange Drink 4X500ml,,,,,4.0,count_x_size,2000.0,ml,,False,,,,Get More Vitamins Recovery Still Water Orange Drink,get more vitamins recovery still water orange drink
Tesco,1.2,2.4,kg,Tesco Sweet & Sour Sauce 510G,20240413,food_cupboard,True,False,Tesco Sweet & Sour Sauce 510G,Tesco,standard,,,,,510.0,g,,False,,,"{'flavor': ['sweet', 'sour']}",Sweet and Sour Sauce,sweet and sour sauce
Tesco,2.0,2.5,l,Fruit Shoot Summer Fruits Kids Juice Drink 4x200ml,20240413,drinks,False,False,Fruit Shoot Summer Fruits Kids Juice Drink 4x200ml,,,,Fruit Shoot,4.0,count_x_size,800.0,ml,,False,,,,Summer Fruits Kids Juice Drink,fruit shoot summer fruits kids juice drink
Tesco,2.5,2.5,l,Robinsons Fruit Creations Blackberry & Blueberry Squash 1L,20240413,drinks,False,False,Robinsons Fruit Creations Blackberry & Blueberry Squash 1L,,,,Robinsons,,,1000.0,ml,,False,,,,Fruit Creations Blackberry and Blueberry Squash,robinsons fruit creations blackberry and blueberry squash
Tesco,1.3,2.6,l,Rockstar Energy Drink Punched Tropical Guava 500ml,20240413,drinks,False,False,Rockstar Energy Drink Punched Tropical Guava 500ml,,,,Rockstar,,,500.0,ml,,False,,,,Energy Drink Punched Tropical Guava,rockstar energy drink punched tropical guava
Tesco,1.25,1.7,l,Robinsons Double Strength No Added Sugar Orange Squash 750ml,20240413,drinks,False,False,Robinsons Double Strength No Added Sugar Orange Squash 750ml,,,,Robinsons,,,750.0,ml,,False,diet,no added sugar,,Double Strength Orange Squash,robinsons double strength orange squash
Tesco,1.45,3.0,kg,Ski Variety Fruit Yogurt 4X120g,20240413,fresh_food,False,False,Ski Variety Fruit Yogurt 4X120g,,,,Ski,4.0,count_x_size,480.0,g,,False,,,,Variety Fruit Yogurt,ski variety fruit yogurt
Tesco,0.3,0.3,unit,Tesco Oranges Each,20240413,fresh_food,True,False,Tesco Oranges Each,Tesco,standard,,,,,,,,False,,,,Oranges Each,oranges each
Tesco,1.09,3.2,kg,Tesco Crunchy Peanut Butter 340G,20240413,food_cupboard,True,False,Tesco Crunchy Peanut Butter 340G,Tesco,standard,,,,,340.0,g,,False,,,{'texture': ['crunchy']},Crunchy Peanut Butter,crunchy peanut butter
Tesco,0.8,3.2,l,Tesco Lemon Juice 250Ml,20240413,food_cupboard,True,False,Tesco Lemon Juice 250Ml,Tesco,standard,,,,,250.0,ml,,False,,,,Lemon Juice,lemon juice
Tesco,1.0,3.3,l,Tropical Vibes Lemonade Sassy Strawberry 300Ml,20240413,food_cupboard,False,False,Tropical Vibes Lemonade Sassy Strawberry 300Ml,,,,,,,300.0,ml,,False,,,,Tropical Vibes Lemonade Sassy Strawberry,tropical vibes lemonade sassy strawberry
Tesco,1.35,0.34,unit,Tesco Chocolate Iced Ring Doughnuts 4 Pack,20240413,bakery,True,False,Tesco Chocolate Iced Ring Doughnuts 4 Pack,Tesco,standard,,,4.0,count_pack,,,,False,,,,Chocolate Iced Ring Doughnuts,chocolate iced ring doughnuts
Tesco,0.73,3.6,kg,Tesco Vegetable Gravy Granules 200G,20240413,food_cupboard,True,False,Tesco Vegetable Gravy Granules 200G,Tesco,standard,,,,,200.0,g,,False,,,,Vegetable Gravy Granules,vegetable gravy granules
Tesco,1.6,3.6,l,Tesco Real Fruit Splits 6 X 73Ml,20240413,frozen,True,False,Tesco Real Fruit Splits 6 X 73Ml,Tesco,standard,,,6.0,count_x_size,438.0,ml,,False,,,,Real Fruit Splits,real fruit splits
Tesco,1.95,3.9,l,Nomadic Mango Lassi Yogurt Drink 500Ml,20240413,food_cupboard,False,False,Nomadic Mango Lassi Yogurt Drink 500Ml,,,,Nomadic,,,500.0,ml,,False,,,,Mango Lassi Yogurt Drink,nomadic mango lassi yogurt drink
Tesco,3.0,4.0,l,Tropicana Plus Viva Vitality Fruit Drink 750Ml,20240413,drinks,False,False,Tropicana Plus Viva Vitality Fruit Drink 750Ml,,,,Tropicana,,,750.0,ml,,False,,,,Plus Viva Vitality Fruit Drink,tropicana plus viva vitality fruit drink
Tesco,4.2,4.2,l,Coca-Cola Zero Sugar 4x250ml,20240413,drinks,False,False,Coca-Cola Zero Sugar 4x250ml,,,,Coca-cola Zero,4.0,count_x_size,1000.0,ml,,False,,,,Sugar,coca cola zero sugar
Tesco,1.4,4.4,kg,Tesco Corn Tortillas X8 320G,20240413,food_cupboard,True,False,Tesco Corn Tortillas X8 320G,Tesco,standard,,,8.0,x_count,320.0,g,,False,,,,Corn Tortillas,corn tortillas
Tesco,2.7,4.5,kg,Jacobs Cream Crackers 2X300g,20240413,food_cupboard,False,False,Jacobs Cream Crackers 2X300g,,,,Jacobs,2.0,count_x_size,600.0,g,,False,,,,Cream Crackers,jacobs cream crackers
Tesco,1.35,4.6,kg,Tesco Red Onion Chutney 295G,20240413,food_cupboard,True,False,Tesco Red Onion Chutney 295G,Tesco,standard,,,,,295.0,g,,False,,,,Red Onion Chutney,red onion chutney
Tesco,2.0,4.6,kg,Oykos Peach Luxury Greek Style Yoghurt Dessert 4x110g,20240413,fresh_food,False,False,Oykos Peach Luxury Greek Style Yoghurt Dessert 4x110g,,,,,4.0,count_x_size,440.0,g,,False,,,,Oykos Peach Luxury Greek Style Yoghurt Dessert,oykos peach luxury greek style yoghurt dessert
Tesco,2.0,5.0,kg,Heinz Big Chicken & Vegetable Soup 400G,20240413,food_cupboard,False,False,Heinz Big Chicken & Vegetable Soup 400G,,,,Heinz,,,400.0,g,,False,,,,Big Chicken and Vegetable Soup,heinz big chicken and vegetable soup
Tesco,3.3,5.1,kg,Dorset Cereals Simply Delicious Muesli 650G,20240413,food_cupboard,False,False,Dorset Cereals Simply Delicious Muesli 650G,,,,Dorset Cereals,,,650.0,g,,False,,,,Simply Delicious Muesli,dorset cereals simply delicious muesli
Tesco,2.4,5.1,l,Red Bull Energy Drink 473Ml,20240413,drinks,False,False,Red Bull Energy Drink 473Ml,,,,Red Bull,,,473.0,ml,,False,,,,Energy Drink,red bull energy drink
Tesco,0.8,5.3,l,Tesco British Single Cream 150Ml,20240413,fresh_food,True,False,Tesco British Single Cream 150Ml,Tesco,standard,,,,,150.0,ml,,False,,,,British Single Cream,british single cream
Tesco,2.0,2.6,l,Naked Green Machine Super Smoothie 750ml,20240413,drinks,False,False,Naked Green Machine Super Smoothie 750ml,,,,Naked,,,750.0,ml,,False,,,,Green Machine Super Smoothie,naked green machine super smoothie
Tesco,3.0,6.0,kg,Tesco Finest Berry & Cherry Museli 500G,20240413,food_cupboard,True,False,Tesco Finest Berry & Cherry Museli 500G,Tesco Finest,premium,Finest,,,,500.0,g,,False,,,,Berry and Cherry Museli,berry and cherry museli
Tesco,3.0,6.0,kg,Tesco Finest Chocolate & Berry Granola 500G,20240413,food_cupboard,True,False,Tesco Finest Chocolate & Berry Granola 500G,Tesco Finest,premium,Finest,,,,500.0,g,,False,,,,Chocolate and Berry Granola,chocolate and berry granola
Tesco,2.5,6.2,kg,Haribo Super Mix 400G,20240413,food_cupboard,False,False,Haribo Super Mix 400G,,,,Haribo,,,400.0,g,,False,,,,Super Mix,haribo super mix
Tesco,2.45,6.5,kg,"Abra Ca Debora Sweet Pancakes 6 Pack, 375 G",20240413,bakery,False,False,"Abra Ca Debora Sweet Pancakes 6 Pack, 375 G",,,,,6.0,count_pack,375.0,g,,False,,,{'flavor': ['sweet']},Abra Ca Debora Sweet Pancakes,abra ca debora sweet pancakes
Tesco,1.7,6.8,kg,Tulip Bacon Grill 250G,20240413,food_cupboard,False,False,Tulip Bacon Grill 250G,,,,,,,250.0,g,,False,,,,Tulip Bacon Grill,tulip bacon grill
Tesco,1.1,6.9,kg,Tesco Mocha Sachets 160G (8X20g),20240413,drinks,True,False,Tesco Mocha Sachets 160G (8X20g),Tesco,standard,,,8.0,count_x_size,160.0,g,,False,,,,Mocha Sachets,mocha sachets
Tesco,2.75,0.69,unit,Warburtons Gluten Free 4 Super Soft Sliced Square Rolls,20240413,bakery,False,False,Warburtons Gluten Free 4 Super Soft Sliced Square Rolls,,,,Warburtons,,,,,,False,free_from,gluten free,"{'form': ['sliced'], 'texture': ['soft']}",4 Super Soft Sliced Square Rolls,warburtons 4 super soft sliced square rolls
Tesco,3.0,6.0,l,yfood Classic Choco Ready to Drink Complete Meal 500ml,20240413,drinks,False,False,yfood Classic Choco Ready to Drink Complete Meal 500ml,,,,Yfood,,,500.0,ml,,False,,,,Classic Choco Ready to Drink Complete Meal,yfood classic choco ready to drink complete meal
Tesco,1.2,7.6,kg,OREO Twists Vanilla & Caramel Cookie Sandwich Biscuits 157G,20240413,food_cupboard,False,False,OREO Twists Vanilla & Caramel Cookie Sandwich Biscuits 157G,,,,Oreo,,,157.0,g,,False,,,,Twists Vanilla and Caramel Cookie Sandwich Biscuits,oreo twists vanilla and caramel cookie sandwich biscuits
Tesco,2.6,7.6,kg,Tesco Finest Apricot Conserve 340G,20240413,food_cupboard,True,False,Tesco Finest Apricot Conserve 340G,Tesco Finest,premium,Finest,,,,340.0,g,,False,,,,Apricot Conserve,apricot conserve
Tesco,0.65,7.6,l,Dunns River Jamaican Style Hot Sauce 85Ml,20240413,food_cupboard,False,False,Dunns River Jamaican Style Hot Sauce 85Ml,,,,,,,85.0,ml,,False,,,{'flavor': ['hot']},Dunns River Jamaican Style Hot Sauce,dunns river jamaican style hot sauce
Tesco,1.15,7.7,kg,Tesco Milk Cooking Chocolate 150G,20240413,food_cupboard,True,False,Tesco Milk Cooking Chocolate 150G,Tesco,standard,,,,,150.0,g,,False,,,,Milk Cooking Chocolate,milk cooking chocolate
Tesco,3.85,7.7,kg,Tesco Apple Lattice Pie 500G,20240413,bakery,True,False,Tesco Apple Lattice Pie 500G,Tesco,standard,,,,,500.0,g,,False,,,,Apple Lattice Pie,apple lattice pie
Tesco,2.0,8.0,kg,Tesco Caesar Salad Kit 250G,20240413,fresh_food,True,False,Tesco Caesar Salad Kit 250G,Tesco,standard,,,,,250.0,g,,False,,,,Caesar Salad Kit,caesar salad kit
Tesco,2.0,5.3,kg,Kellogg's Crunchy Nut Salted Caramel Breakfast Cereal 375g,20240413,food_cupboard,False,False,Kellogg's Crunchy Nut Salted Caramel Breakfast Cereal 375g,,,,Kellogg's,,,375.0,g,,False,,,{'texture': ['crunchy']},Crunchy Nut Salted Caramel Breakfast Cereal,kellogg s crunchy nut salted caramel breakfast cereal
Tesco,1.4,8.0,l,Tesco Caesar Dressing 175Ml,20240413,fresh_food,True,False,Tesco Caesar Dressing 175Ml,Tesco,standard,,,,,175.0,ml,,False,,,,Caesar Dressing,caesar dressing
Tesco,3.25,0.81,unit,Tesco Finest Free From Millionaire Slices 4 Pack,20240413,bakery,True,False,Tesco Finest Free From Millionaire Slices 4 Pack,Tesco Finest,premium,Finest,,4.0,count_pack,,,,False,free_from,free from,,Millionaire Slices,millionaire slices
Tesco,4.4,8.2,kg,Tesco Sundried Tomato Antipasti 535G,20240413,food_cupboard,True,False,Tesco Sundried Tomato Antipasti 535G,Tesco,standard,,,,,535.0,g,,False,,,,Sundried Tomato Antipasti,sundried tomato antipasti
Tesco,1.5,8.3,kg,Tesco Milk Chocolate Turkish Delight Thins 180G,20240413,food_cupboard,True,False,Tesco Milk Chocolate Turkish Delight Thins 180G,Tesco,standard,,,,,180.0,g,,False,,,,Milk Chocolate Turkish Delight Thins,milk chocolate turkish delight thins
Tesco,2.0,83.0,kg,Schwartz Ground Coriander 24G Jar,20240413,food_cupboard,False,False,Schwartz Ground Coriander 24G Jar,,,,Schwartz,,,24.0,g,,False,,,"{'form': ['ground'], 'packaging': ['jar']}",Ground Coriander Jar,schwartz ground coriander jar
Tesco,2.0,8.5,kg,Tesco Egg & Bacon Sandwich Filler 235g,20240413,fresh_food,True,False,Tesco Egg & Bacon Sandwich Filler 235g,Tesco,standard,,,,,235.0,g,,False,,,,Egg and Bacon Sandwich Filler,egg and bacon sandwich filler
Tesco,1.5,8.8,kg,Shayona Phooli Ganthia 170G,20240413,food_cupboard,False,False,Shayona Phooli Ganthia 170G,,,,,,,170.0,g,,False,,,,Shayona Phooli Ganthia,shayona phooli ganthia
Tesco,1.1,7.8,kg,Port Royal Vegan Jerk Bean Jamaican Patty 140G,20240413,fresh_food,False,False,Port Royal Vegan Jerk Bean Jamaican Patty 140G,,,,,,,140.0,g,,False,diet,vegan,,Port Royal Jerk Bean Jamaican Patty,port royal jerk bean jamaican patty
Tesco,3.3,8.9,kg,Bonne Maman Raspberry Conserve 370G,20240413,food_cupboard,False,False,Bonne Maman Raspberry Conserve 370G,,,,Bonne Maman,,,370.0,g,,False,,,,Raspberry Conserve,bonne maman raspberry conserve
Tesco,1.5,6.8,l,The Coconut Collaborative Vegan Double Cream 220Ml,20240413,fresh_food,False,False,The Coconut Collaborative Vegan Double Cream 220Ml,,,,,,,220.0,ml,,False,diet,vegan,,The Coconut Collaborative Double Cream,the coconut collaborative double cream
Tesco,1.25,9.2,kg,Skittles Crazy Sour Fruit Sweets 136G,20240413,food_cupboard,False,False,Skittles Crazy Sour Fruit Sweets 136G,,,,Skittles,,,136.0,g,,False,,,{'flavor': ['sour']},Crazy Sour Fruit Sweets,skittles crazy sour fruit sweets
Tesco,2.75,9.2,kg,Sun Hee - Kimchi Sauce 300g,20240413,food_cupboard,False,False,Sun Hee - Kimchi Sauce 300g,,,,,,,300.0,g,,False,,,,Sun Hee - Kimchi Sauce,sun hee kimchi sauce
Tesco,2.0,9.5,kg,Propercorn Salted Microwave Popcorn 3X70g,20240413,food_cupboard,False,False,Propercorn Salted Microwave Popcorn 3X70g,,,,Propercorn,3.0,count_x_size,210.0,g,,False,,,,Salted Microwave Popcorn,propercorn salted microwave popcorn
Tesco,1.2,9.6,kg,Tesco All Butter Fudge 125G,20240413,food_cupboard,True,False,Tesco All Butter Fudge 125G,Tesco,standard,,,,,125.0,g,,False,,,,All Butter Fudge,all butter fudge
Tesco,2.5,9.7,kg,Chicago Town Tiger Crust Garlic Bread Chsey Pizza 258G,20240413,frozen,False,False,Chicago Town Tiger Crust Garlic Bread Chsey Pizza 258G,,,,Chicago Town,,,258.0,g,,False,,,,Tiger Crust Garlic Bread Chsey Pizza,chicago town tiger crust garlic bread chsey pizza
Tesco,2.1,1.05,unit,Genius Blueberry Muffin 2 Pack,20240413,bakery,False,False,Genius Blueberry Muffin 2 Pack,,,,Genius,2.0,count_pack,,,,False,,,,Blueberry Muffin,genius blueberry muffin
Tesco,3.5,10.6,kg,Quaker Oat So Simple Sweet Cinnamon Porridge Sachets 10x33g,20240413,food_cupboard,False,False,Quaker Oat So Simple Sweet Cinnamon Porridge Sachets 10x33g,,,,Quaker,10.0,count_x_size,330.0,g,,False,,,{'flavor': ['sweet']},Oat So Simple Sweet Cinnamon Porridge Sachets,quaker oat so simple sweet cinnamon porridge sachets
Tesco,1.1,1.1,unit,Dr. Oetker Number 6 Candle,20240413,food_cupboard,False,False,Dr. Oetker Number 6 Candle,,,,Dr. Oetker,,,,,,False,,,,Number 6 Candle,dr oetker number 6 candle
Tesco,1.95,11.5,kg,GINSTERS CHICKEN FAJITA SLICE 170G,20240413,fresh_food,False,False,GINSTERS CHICKEN FAJITA SLICE 170G,,,,Ginsters,,,170.0,g,,False,,,,CHICKEN FAJITA SLICE,ginsters chicken fajita slice
Tesco,2.0,6.6,kg,Tesco Stonebaked Spicy Meat Feast Pizza 305G,20240413,fresh_food,True,False,Tesco Stonebaked Spicy Meat Feast Pizza 305G,Tesco,standard,,,,,305.0,g,,False,,,{'flavor': ['spicy']},Stonebaked Spicy Meat Feast Pizza,stonebaked spicy meat feast pizza
Tesco,5.75,11.5,l,Tesco Olive Oil 500Ml,20240413,food_cupboard,True,False,Tesco Olive Oil 500Ml,Tesco,standard,,,,,500.0,ml,,False,,,,Olive Oil,olive oil
Tesco,5.85,11.7,kg,Yorkshire Decaffeinated 160 Tea Bags 500G,20240413,drinks,False,False,Yorkshire Decaffeinated 160 Tea Bags 500G,,,,,160.0,bag_count,500.0,g,,False,,,,Yorkshire Decaffeinated,yorkshire decaffeinated
Tesco,2.25,11.8,kg,Tesco Green Beans and Tenderstem Broccoli 190g,20240413,fresh_food,True,False,Tesco Green Beans and Tenderstem Broccoli 190g,Tesco,standard,,,,,190.0,g,,False,,,,Green Beans and Tenderstem Broccoli,green beans and tenderstem broccoli
Tesco,1.5,11.9,kg,Roysters T-Bone Steak Crisps 6X21g,20240413,food_cupboard,False,False,Roysters T-Bone Steak Crisps 6X21g,,,,Roysters,6.0,count_x_size,126.0,g,,False,,,{'cut_meat': ['steak']},T-Bone Steak Crisps,roysters t bone steak crisps
Tesco,1.2,1.2,kg,Tesco Mixed Vegetables 1Kg,20240413,frozen,True,False,Tesco Mixed Vegetables 1Kg,Tesco,standard,,,,,1000.0,g,,False,,,,Mixed Vegetables,mixed vegetables
Tesco,2.75,12.1,kg,Rodda's Clotted Cream 227G (L),20240413,fresh_food,False,False,Rodda's Clotted Cream 227G (L),,,,,,,227.0,g,,False,,,,Rodda's Clotted Cream (L),rodda s clotted cream l
Tesco,0.49,1.22,kg,Tesco Italian Chopped Tomatoes 400G,20240413,food_cupboard,True,False,Tesco Italian Chopped Tomatoes 400G,Tesco,standard,,,,,400.0,g,,False,,,{'form': ['chopped']},Italian Chopped Tomatoes,italian chopped tomatoes
Tesco,1.25,1.25,l,Laciate Milk 2% 1 Litre,20240413,food_cupboard,False,False,Laciate Milk 2% 1 Litre,,,,,,,1000.0,ml,,False,,,,Laciate Milk 2%,laciate milk 2
Tesco,2.35,13.1,kg,Twix White Chocolate Biscuit Snack Bars Multipack Chocolate 9x20g,20240413,food_cupboard,False,False,Twix White Chocolate Biscuit Snack Bars Multipack Chocolate 9x20g,,,,Twix,9.0,count_x_size,180.0,g,,False,,,"{'bakery_type': ['white'], 'packaging': ['multipack']}",White Chocolate Biscuit Snack Bars Multipack Chocolate,twix white chocolate biscuit snack bars multipack chocolate
Tesco,2.95,13.1,kg,Marmite Crunchy Peanut Butter 225G,20240413,food_cupboard,False,False,Marmite Crunchy Peanut Butter 225G,,,,Marmite,,,225.0,g,,False,,,{'texture': ['crunchy']},Crunchy Peanut Butter,marmite crunchy peanut butter
Tesco,1.0,13.9,kg,Nestle Yorkie Duo 72G,20240413,food_cupboard,False,False,Nestle Yorkie Duo 72G,,,,Nestle,,,72.0,g,,False,,,,Yorkie Duo,nestle yorkie duo
Tesco,5.75,14.4,kg,Milo Instant Malt Chocolate Drinking Powder Tin Singapore 400g,20240413,food_cupboard,False,False,Milo Instant Malt Chocolate Drinking Powder Tin Singapore 400g,,,,Milo,,,400.0,g,,False,,,"{'form': ['powder'], 'packaging': ['tin']}",Instant Malt Chocolate Drinking Powder Tin Singapore,milo instant malt chocolate drinking powder tin singapore
Tesco,1.9,14.6,kg,Tesco Smoked Pancetta 2 X 65G,20240413,fresh_food,True,False,Tesco Smoked Pancetta 2 X 65G,Tesco,standard,,,2.0,count_x_size,130.0,g,,False,,,"{'cooking_method': ['smoked'], 'cut_meat': ['pancetta']}",Smoked Pancetta,smoked pancetta
Tesco,1.9,15.2,kg,Tesco Finest Ceylon 50 Tea Bags 125G,20240413,drinks,True,False,Tesco Finest Ceylon 50 Tea Bags 125G,Tesco Finest,premium,Finest,,50.0,bag_count,125.0,g,,False,,,,Ceylon,ceylon
Tesco,1.35,12.2,kg,Cadbury Delights Hazelnut Caramel Chocolate Nougat Bar 5 Pack 110g,20240413,food_cupboard,False,False,Cadbury Delights Hazelnut Caramel Chocolate Nougat Bar 5 Pack 110g,,,,Cadbury,5.0,count_pack,110.0,g,,False,,,,Delights Hazelnut Caramel Chocolate Nougat Bar,cadbury delights hazelnut caramel chocolate nougat bar
Tesco,0.85,16.7,kg,Mars Milk Chocolate Bar 51G,20240413,food_cupboard,False,False,Mars Milk Chocolate Bar 51G,,,,Mars,,,51.0,g,,False,,,,Milk Chocolate Bar,mars milk chocolate bar
Tesco,1.7,17.0,kg,Prewetts Gluten Free Chocoful Biscuit 5 Pack 100G,20240413,food_cupboard,False,False,Prewetts Gluten Free Chocoful Biscuit 5 Pack 100G,,,,,5.0,count_pack,100.0,g,,False,free_from,gluten free,,Prewetts Chocoful Biscuit,prewetts chocoful biscuit
Tesco,2.75,17.2,kg,Peperami Pizza Buns Hot 4X40g,20240413,fresh_food,False,False,Peperami Pizza Buns Hot 4X40g,,,,Peperami,4.0,count_x_size,160.0,g,,False,,,{'flavor': ['hot']},Pizza Buns Hot,peperami pizza buns hot
Tesco,2.2,18.3,kg,Tesco 10 Chicken Satay Bites 120G,20240413,fresh_food,True,False,Tesco 10 Chicken Satay Bites 120G,Tesco,standard,,,10.0,leading_count,120.0,g,,False,,,,Chicken Satay Bites,chicken satay bites
Tesco,0.85,14.9,kg,Wibble Orange Vegan Jelly Crystals 57g,20240413,food_cupboard,False,False,Wibble Orange Vegan Jelly Crystals 57g,,,,,,,57.0,g,,False,diet,vegan,,Wibble Orange Jelly Crystals,wibble orange jelly crystals
Tesco,2.8,19.3,kg,Tesco Pitted Kalamata Olives 290G,20240413,food_cupboard,True,False,Tesco Pitted Kalamata Olives 290G,Tesco,standard,,,,,290.0,g,,False,,,{'prep_produce': ['pitted']},Pitted Kalamata Olives,pitted kalamata olives
Tesco,4.0,10.0,kg,The Gym Kitchen Chicken & Mushroom Fettuccine 400g,20240413,fresh_food,False,False,The Gym Kitchen Chicken & Mushroom Fettuccine 400g,,,,,,,400.0,g,,False,,,,The Gym Kitchen Chicken and Mushroom Fettuccine,the gym kitchen chicken and mushroom fettuccine
Tesco,4.5,10.0,kg,Tesco Unsmoked Gammon Steaks 2 Pack 450G,20240413,fresh_food,True,False,Tesco Unsmoked Gammon Steaks 2 Pack 450G,Tesco,standard,,,2.0,count_pack,450.0,g,,False,,,"{'flavor': ['unsmoked'], 'cut_meat': ['gammon']}",Unsmoked Gammon Steaks,unsmoked gammon steaks
Tesco,2.5,13.34,l,Yellow Tail Shiraz 18.7Cl,20240413,drinks,False,False,Yellow Tail Shiraz 18.7Cl,,,,Yellow Tail,,,187.0,ml,,False,,,,Shiraz,yellow tail shiraz
Tesco,10.5,13.96,l,Altano Rewilding Edition Douro Red Wine 75Cl,20240413,drinks,False,False,Altano Rewilding Edition Douro Red Wine 75Cl,,,,,,,750.0,ml,,False,,,,Altano Rewilding Edition Douro Red Wine,altano rewilding edition douro red wine
Tesco,4.25,10.62,kg,Tesco Finest Thai Inspired Red Chicken Curry & Rice 400G,20240413,fresh_food,True,False,Tesco Finest Thai Inspired Red Chicken Curry & Rice 400G,Tesco Finest,premium,Finest,,,,400.0,g,,False,,,,Thai Inspired Red Chicken Curry and Rice,thai inspired red chicken curry and rice
Tesco,2.4,10.91,kg,Tesco Free From Profiteroles 220G,20240413,frozen,True,False,Tesco Free From Profiteroles 220G,Tesco Free From,dietary,Free From,,,,220.0,g,,False,,,,Profiteroles,profiteroles
Tesco,1.2,11.01,kg,Idahoan Cheese Mash 109G,20240413,food_cupboard,False,False,Idahoan Cheese Mash 109G,,,,Idahoan,,,109.0,g,,False,,,,Cheese Mash,idahoan cheese mash
Tesco,3.7,11.01,kg,Tesco Finest 20 Mini Meatballs 336G,20240413,fresh_food,True,False,Tesco Finest 20 Mini Meatballs 336G,Tesco Finest,premium,Finest,,20.0,leading_count,336.0,g,,False,,,{'cut_meat': ['meatballs']},Mini Meatballs,mini meatballs
Tesco,3.5,10.29,kg,Highland Game Smoky Venison burger 340g,20240413,fresh_food,False,False,Highland Game Smoky Venison burger 340g,,,,,,,340.0,g,,False,,,,Highland Game Smoky Venison burger,highland game smoky venison burger
Tesco,1.6,9.09,kg,Cake Angel Disney Frozen 2 Chocolate Cupcakes Kit 176G,20240413,food_cupboard,False,False,Cake Angel Disney Frozen 2 Chocolate Cupcakes Kit 176G,,,,,,,176.0,g,,False,,,,Cake Angel Disney Frozen 2 Chocolate Cupcakes Kit,cake angel disney frozen 2 chocolate cupcakes kit
Tesco,2.5,12.5,kg,Eat Me Dates Deglet Nour Pitted 200G,20240413,food_cupboard,False,False,Eat Me Dates Deglet Nour Pitted 200G,,,,,,,200.0,g,,False,,,{'prep_produce': ['pitted']},Eat Me Dates Deglet Nour Pitted,eat me dates deglet nour pitted
Tesco,2.65,13.25,kg,Tesco Walnuts 200G,20240413,food_cupboard,True,False,Tesco Walnuts 200G,Tesco,standard,,,,,200.0,g,,False,,,,Walnuts,walnuts
Tesco,2.75,13.75,kg,The Tofoo Co. Organic Scrambled Tofu 200G,20240413,fresh_food,False,False,The Tofoo Co. Organic Scrambled Tofu 200G,,,,The Tofoo Co,,,200.0,g,,False,organic,organic,,Scrambled Tofu,the tofoo co scrambled tofu
Tesco,4.75,158.3,kg,Pukka Organic 3 Chamomile 20 Tea Bags 30G,20240413,drinks,False,False,Pukka Organic 3 Chamomile 20 Tea Bags 30G,,,,Pukka,20.0,bag_count,30.0,g,,False,organic,organic,,3 Chamomile,pukka 3 chamomile
Tesco,3.4,17.0,kg,Pataks Creamed Coconut 4Xsachets 200G,20240413,food_cupboard,False,False,Pataks Creamed Coconut 4Xsachets 200G,,,,Pataks,,,200.0,g,,False,,,,Creamed Coconut 4Xsachets,pataks creamed coconut 4xsachets
Tesco,1.2,17.14,kg,Tropical Sun Instant Cornmeal Porridge With Coconut 70G,20240413,food_cupboard,False,False,Tropical Sun Instant Cornmeal Porridge With Coconut 70G,,,,,,,70.0,g,,False,,,,Tropical Sun Instant Cornmeal Porridge With Coconut,tropical sun instant cornmeal porridge with coconut
Tesco,2.8,17.5,kg,Mexicana Hot Cheddar Cheese Slices 160 G,20240413,fresh_food,False,False,Mexicana Hot Cheddar Cheese Slices 160 G,,,,Mexicana,,,160.0,g,,False,,,{'flavor': ['hot']},Hot Cheddar Cheese Slices,mexicana hot cheddar cheese slices
Tesco,1.75,17.5,kg,Peperami Roasted Chicken Bites 4X25g,20240413,fresh_food,False,False,Peperami Roasted Chicken Bites 4X25g,,,,Peperami,4.0,count_x_size,100.0,g,,False,,,{'cooking_method': ['roasted']},Roasted Chicken Bites,peperami roasted chicken bites
Tesco,2.0,20.0,kg,Tesco Prosciutto Cotto 100G,20240413,fresh_food,True,False,Tesco Prosciutto Cotto 100G,Tesco,standard,,,,,100.0,g,,False,,,,Prosciutto Cotto,prosciutto cotto
Tesco,1.5,15.6,kg,Walkers Quavers Prawn Cocktail Multipack Crisps 6x16g,20240413,food_cupboard,False,False,Walkers Quavers Prawn Cocktail Multipack Crisps 6x16g,,,,Walkers,6.0,count_x_size,96.0,g,,False,,,{'packaging': ['multipack']},Quavers Prawn Cocktail Multipack Crisps,walkers quavers prawn cocktail multipack crisps
Tesco,1.67,27.8,kg,Fridge Raiders Meat Free Slow Roasted Tasty Bites 60G,20240413,fresh_food,False,False,Fridge Raiders Meat Free Slow Roasted Tasty Bites 60G,,,,Fridge Raiders,,,60.0,g,,False,,,{'cooking_method': ['roasted']},Meat Free Slow Roasted Tasty Bites,fridge raiders meat free slow roasted tasty bites
Tesco,2.1,2.1,l,The Original Oatly No Sugars Oat Chilled Drink 1L,20240413,fresh_food,False,False,The Original Oatly No Sugars Oat Chilled Drink 1L,,,,,,,1000.0,ml,,False,,,,The Original Oatly No Sugars Oat Chilled Drink,the original oatly no sugars oat chilled drink
Tesco,0.85,2.12,kg,Hearty Food Co Mac 'N' Cheese 400G,20240413,frozen,False,False,Hearty Food Co Mac 'N' Cheese 400G,Hearty Food Co.,value,Hearty Food Co,,,,400.0,g,,False,,,,Mac 'N' Cheese,mac n cheese
Tesco,2.5,16.7,kg,Kp Snack Packs Dry Roasted Peanuts 5 X 30G,20240413,food_cupboard,False,False,Kp Snack Packs Dry Roasted Peanuts 5 X 30G,,,,Kp,5.0,count_x_size,150.0,g,,False,,,{'cooking_method': ['roasted']},Snack Packs Dry Roasted Peanuts,kp snack packs dry roasted peanuts
Tesco,0.65,15.9,kg,Schwartz Chilli Con Carne Recipe Mix 41g,20240413,food_cupboard,False,False,Schwartz Chilli Con Carne Recipe Mix 41g,,,,Schwartz,,,41.0,g,,False,,,,Chilli Con Carne Recipe Mix,schwartz chilli con carne recipe mix
Tesco,1.9,23.8,kg,Knorr Fish Stock Cubes 8x10g,20240413,food_cupboard,False,False,Knorr Fish Stock Cubes 8x10g,,,,Knorr,8.0,count_x_size,80.0,g,,False,,,,Fish Stock Cubes,knorr fish stock cubes
Tesco,2.85,23.8,kg,Tesco Chocolate Drip Icing 120G,20240413,food_cupboard,True,False,Tesco Chocolate Drip Icing 120G,Tesco,standard,,,,,120.0,g,,False,,,,Chocolate Drip Icing,chocolate drip icing
Tesco,2.5,25.0,kg,Moo Free Cocoa Baking Drops 100G,20240413,food_cupboard,False,False,Moo Free Cocoa Baking Drops 100G,,,,,,,100.0,g,,False,,,,Moo Free Cocoa Baking Drops,moo free cocoa baking drops
Tesco,3.0,25.0,kg,Tesco Spanish Inspired Selection 120G,20240413,fresh_food,True,False,Tesco Spanish Inspired Selection 120G,Tesco,standard,,,,,120.0,g,,False,,,,Spanish Inspired Selection,spanish inspired selection
Tesco,2.85,27.1,kg,Tetley Green Tea Matcha 50 Tea Bags 105g,20240413,drinks,False,False,Tetley Green Tea Matcha 50 Tea Bags 105g,,,,Tetley,50.0,bag_count,105.0,g,,False,,,,Green Tea Matcha,tetley green tea matcha
Tesco,1.85,27.2,kg,Clif Bar Crunchy Peanut Butter 68G Bar,20240413,food_cupboard,False,False,Clif Bar Crunchy Peanut Butter 68G Bar,,,,,,,68.0,g,,False,,,{'texture': ['crunchy']},Clif Bar Crunchy Peanut Butter Bar,clif bar crunchy peanut butter bar
Tesco,1.25,2.78,kg,I Can't Believe It's Not Butter Original Spread 450G,20240413,fresh_food,False,False,I Can't Believe It's Not Butter Original Spread 450G,,,,I Can't Believe It's Not Butter,,,450.0,g,,False,,,,Original Spread,i can t believe it s not butter original spread
Tesco,5.0,2.84,l,Scrumpy Jack Premium British Cider Can 4x440ml,20240413,drinks,False,False,Scrumpy Jack Premium British Cider Can 4x440ml,,,,Scrumpy Jack,4.0,count_x_size,1760.0,ml,,False,,,{'packaging': ['can']},Premium British Cider Can,scrumpy jack premium british cider can
Tesco,0.5,20.0,kg,Tesco Mixed Nuts & Pecans 25G,20240413,food_cupboard,True,False,Tesco Mixed Nuts & Pecans 25G,Tesco,standard,,,,,25.0,g,,False,,,,Mixed Nuts and Pecans,mixed nuts and pecans
Tesco,2.1,21.0,kg,Tesco Organic Cashew Nuts 100G,20240413,food_cupboard,True,False,Tesco Organic Cashew Nuts 100G,Tesco Organic,dietary,Organic,,,,100.0,g,,False,,,,Cashew Nuts,cashew nuts
Tesco,8.0,22.86,l,De Kuyper Curacao Triple Sec Liqueur 35Cl,20240413,drinks,False,False,De Kuyper Curacao Triple Sec Liqueur 35Cl,,,,,,,350.0,ml,,False,,,,De Kuyper Curacao Triple Sec Liqueur,de kuyper curacao triple sec liqueur
Tesco,19.0,19.0,l,Bell's Original Blended Whisky Bottle 40% Vol 1L,20240413,drinks,False,False,Bell's Original Blended Whisky Bottle 40% Vol 1L,,,,Bell's,,,1000.0,ml,40.0,False,,,{'packaging': ['bottle']},Original Blended Whisky Bottle,bell s original blended whisky bottle
Tesco,18.0,25.71,l,Antica Italian Sambuca Liqueur 70cl,20240413,drinks,False,False,Antica Italian Sambuca Liqueur 70cl,,,,,,,700.0,ml,,False,,,,Antica Italian Sambuca Liqueur,antica italian sambuca liqueur
Tesco,24.0,24.0,unit,Glen Moray Twisted Vine Single Malt Scotch Whisky 70cl,20240413,drinks,False,False,Glen Moray Twisted Vine Single Malt Scotch Whisky 70cl,,,,,,,700.0,ml,,False,,,,Glen Moray Twisted Vine Single Malt Scotch Whisky,glen moray twisted vine single malt scotch whisky
Tesco,1.25,32.0,kg,Old El Paso Chilli Con Carne Seasoning Mix 39G,20240413,food_cupboard,False,False,Old El Paso Chilli Con Carne Seasoning Mix 39G,,,,Old El Paso,,,39.0,g,,False,,,,Chilli Con Carne Seasoning Mix,old el paso chilli con carne seasoning mix
Tesco,2.75,32.7,kg,Extra Peppermint Sugarfree Chewing Gum Bottle 60 Pieces,20240413,food_cupboard,False,False,Extra Peppermint Sugarfree Chewing Gum Bottle 60 Pieces,,,,,60.0,bag_count,84.1,g,,True,,,{'packaging': ['bottle']},Extra Peppermint Sugarfree Chewing Gum Bottle,extra peppermint sugarfree chewing gum bottle
Tesco,2.75,32.7,kg,Extra Spearmint Sugarfree Chewing Gum Bottle 60 Pieces,20240413,food_cupboard,False,False,Extra Spearmint Sugarfree Chewing Gum Bottle 60 Pieces,,,,,60.0,bag_count,84.1,g,,True,,,{'packaging': ['bottle']},Extra Spearmint Sugarfree Chewing Gum Bottle,extra spearmint sugarfree chewing gum bottle
Tesco,4.5,30.0,kg,Tesco Smoked Salmon 150g,20240413,fresh_food,True,False,Tesco Smoked Salmon 150g,Tesco,standard,,,,,150.0,g,,False,,,{'cooking_method': ['smoked']},Smoked Salmon,smoked salmon
Tesco,1.0,3.33,kg,Tesco Straight To Wok Medium Noodles 300G,20240413,food_cupboard,True,False,Tesco Straight To Wok Medium Noodles 300G,Tesco,standard,,,,,300.0,g,,False,,,{'flavor': ['medium']},Straight To Wok Medium Noodles,straight to wok medium noodles
Tesco,1.4,3.37,kg,Heinz Beanz No Added Sugar In Tomato Sauce 415G,20240413,food_cupboard,False,False,Heinz Beanz No Added Sugar In Tomato Sauce 415G,,,,Heinz,,,415.0,g,,False,diet,no added sugar,,Beanz In Tomato Sauce,heinz beanz in tomato sauce
Tesco,11.0,3.67,l,Henry Westons Vintage Cider 6X500ml Bottle,20240413,drinks,False,False,Henry Westons Vintage Cider 6X500ml Bottle,,,,Henry Westons,6.0,count_x_size,3000.0,ml,,False,,,"{'maturity': ['vintage'], 'packaging': ['bottle']}",Vintage Cider Bottle,henry westons vintage cider bottle
Tesco,1.89,3.78,kg,Tesco Mild Nachos Meal Kit 500G,20240413,food_cupboard,True,False,Tesco Mild Nachos Meal Kit 500G,Tesco,standard,,,,,500.0,g,,False,,,"{'flavor': ['mild'], 'maturity': ['mild']}",Mild Nachos Meal Kit,mild nachos meal kit
Tesco,3.5,38.9,kg,Tesco Finest Deli Slow Cooked Roast Beef Brisket 90G,20240413,fresh_food,True,False,Tesco Finest Deli Slow Cooked Roast Beef Brisket 90G,Tesco Finest,premium,Finest,,,,90.0,g,,False,,,{'cut_meat': ['brisket']},Deli Slow Cooked Roast Beef Brisket,deli slow cooked roast beef brisket
Tesco,30.0,30.0,unit,Bumbu Cream Rum Liqueur 70cl,20240413,drinks,False,False,Bumbu Cream Rum Liqueur 70cl,,,,,,,700.0,ml,,False,,,,Bumbu Cream Rum Liqueur,bumbu cream rum liqueur
Tesco,21.5,30.71,l,Pernod Aniseed Liqueur 70cl,20240413,drinks,False,False,Pernod Aniseed Liqueur 70cl,,,,,,,700.0,ml,,False,,,,Pernod Aniseed Liqueur,pernod aniseed liqueur
Tesco,22.0,31.43,l,Absolut Raspberri Vodka 70Cl,20240413,drinks,False,False,Absolut Raspberri Vodka 70Cl,,,,Absolut,,,700.0,ml,,False,,,,Raspberri Vodka,absolut raspberri vodka
Tesco,5.75,31.94,kg,Tesco Raw Scallops 180G,20240413,frozen,True,False,Tesco Raw Scallops 180G,Tesco,standard,,,,,180.0,g,,False,,,,Raw Scallops,raw scallops
Tesco,33.75,33.75,l,The Kraken Black Spiced Rum 1L,20240413,drinks,False,False,The Kraken Black Spiced Rum 1L,,,,,,,1000.0,ml,,False,,,,The Kraken Black Spiced Rum,the kraken black spiced rum
Tesco,0.65,41.7,kg,Extra Refreshers Strawberry Lemon Flavoured Gum 7 Pack 15.6G,20240413,food_cupboard,False,False,Extra Refreshers Strawberry Lemon Flavoured Gum 7 Pack 15.6G,,,,,7.0,count_pack,15.6,g,,False,,,,Extra Refreshers Strawberry Lemon Flavoured Gum,extra refreshers strawberry lemon flavoured gum
Tesco,1.0,4.17,kg,Tesco Cauliflower Florets 240G,20240413,fresh_food,True,False,Tesco Cauliflower Florets 240G,Tesco,standard,,,,,240.0,g,,False,,,,Cauliflower Florets,cauliflower florets
Tesco,4.39,5.84,l,Lateral Chilean Merlot 75Cl,20240413,drinks,False,False,Lateral Chilean Merlot 75Cl,,,,,,,750.0,ml,,False,,,,Lateral Chilean Merlot,lateral chilean merlot
Tesco,1.25,3.05,kg,Princes Summer Fruit Filling 410G,20240413,food_cupboard,False,False,Princes Summer Fruit Filling 410G,,,,Princes,,,410.0,g,,False,,,,Summer Fruit Filling,princes summer fruit filling
Tesco,1.75,3.5,l,Yeo Valley Organic Kefir Natural Yogurt Drink 500ml,20240413,fresh_food,False,False,Yeo Valley Organic Kefir Natural Yogurt Drink 500ml,,,,Yeo Valley,,,500.0,ml,,False,organic,organic,,Kefir Natural Yogurt Drink,yeo valley kefir natural yogurt drink
Tesco,2.5,3.12,kg,Jordan River Dates 800G,20240413,fresh_food,False,False,Jordan River Dates 800G,,,,,,,800.0,g,,False,,,,Jordan River Dates,jordan river dates
Tesco,0.65,25.0,kg,Schwartz Classic Gravy Sachet 26G,20240413,food_cupboard,False,False,Schwartz Classic Gravy Sachet 26G,,,,Schwartz,,,26.0,g,,False,,,,Classic Gravy Sachet,schwartz classic gravy sachet
Tesco,1.55,4.7,l,Carib Caribbean Lager 330Ml,20240413,drinks,False,False,Carib Caribbean Lager 330Ml,,,,,,,330.0,ml,,False,,,,Carib Caribbean Lager,carib caribbean lager
Tesco,2.35,4.7,l,Peroni Nastro Azzurro Lager Beer 500Ml,20240413,drinks,False,False,Peroni Nastro Azzurro Lager Beer 500Ml,,,,Peroni,,,500.0,ml,,False,,,,Nastro Azzurro Lager Beer,peroni nastro azzurro lager beer
Tesco,2.25,4.96,kg,Tesco Plant Chef 8 Meat Free Burgers 454G,20240413,frozen,True,False,Tesco Plant Chef 8 Meat Free Burgers 454G,Tesco Plant Chef,dietary,Plant Chef,,8.0,leading_count,454.0,g,,False,,,{'cut_meat': ['burgers']},Meat Free Burgers,meat free burgers
Tesco,29.0,41.43,l,Whitley Neill Distillers Cut Dry Gin 70Cl,20240413,drinks,False,False,Whitley Neill Distillers Cut Dry Gin 70Cl,,,,,,,700.0,ml,,False,,,,Whitley Neill Distillers Cut Dry Gin,whitley neill distillers cut dry gin
Tesco,1.25,5.0,kg,Tilda Chilli And Lime Steamed Basmati Rice 250G,20240413,food_cupboard,False,False,Tilda Chilli And Lime Steamed Basmati Rice 250G,,,,Tilda,,,250.0,g,,False,,,{'cooking_method': ['steamed']},Chilli And Lime Steamed Basmati Rice,tilda chilli and lime steamed basmati rice
Tesco,1.25,5.0,kg,Tilda Egg Fried Steamed Basmati Rice 250G,20240413,food_cupboard,False,False,Tilda Egg Fried Steamed Basmati Rice 250G,,,,Tilda,,,250.0,g,,False,,,"{'cooking_method': ['steamed', 'fried']}",Egg Fried Steamed Basmati Rice,tilda egg fried steamed basmati rice
Tesco,5.25,6.98,l,Hardy's Stamp Semillon Sauvignon 75Cl,20240413,drinks,False,False,Hardy's Stamp Semillon Sauvignon 75Cl,,,,,,,750.0,ml,,False,,,,Hardy's Stamp Semillon Sauvignon,hardy s stamp semillon sauvignon
Tesco,0.55,5.5,kg,Tesco Root Ginger Loose,20240413,fresh_food,True,False,Tesco Root Ginger Loose,Tesco,standard,,,,,100.0,g,,True,,,{'packaging': ['loose']},Root Ginger Loose,root ginger loose
Tesco,1.25,5.0,kg,Veetee Mexican Arroz Rojo Rice 250g,20240413,food_cupboard,False,False,Veetee Mexican Arroz Rojo Rice 250g,,,,Veetee,,,250.0,g,,False,,,,Mexican Arroz Rojo Rice,veetee mexican arroz rojo rice
Tesco,4.25,5.67,kg,Tesco Beef Lasagne 750G,20240413,fresh_food,True,False,Tesco Beef Lasagne 750G,Tesco,standard,,,,,750.0,g,,False,,,,Beef Lasagne,beef lasagne
Tesco,3.0,6.0,kg,Quorn Vegetarian Steak Strips 500G,20240413,frozen,False,False,Quorn Vegetarian Steak Strips 500G,,,,Quorn,,,500.0,g,,False,diet,vegetarian,{'cut_meat': ['steak']},Steak Strips,quorn steak strips
Tesco,2.4,6.12,kg,Tesco Chicken Tikka Masala 392G,20240413,food_cupboard,True,False,Tesco Chicken Tikka Masala 392G,Tesco,standard,,,,,392.0,g,,False,,,,Chicken Tikka Masala,chicken tikka masala
Tesco,2.0,4.0,kg,Tilda Thai Jasmine Rice 500G,20240413,food_cupboard,False,False,Tilda Thai Jasmine Rice 500G,,,,Tilda,,,500.0,g,,False,,,,Thai Jasmine Rice,tilda thai jasmine rice
Tesco,1.25,6.25,kg,Thai Dragon Pad Thai Rice Noodles 200G,20240413,food_cupboard,False,False,Thai Dragon Pad Thai Rice Noodles 200G,,,,,,,200.0,g,,False,,,,Thai Dragon Pad Thai Rice Noodles,thai dragon pad thai rice noodles
Tesco,2.5,6.25,kg,The Gym Kitchen Chicken Arrabbiata Linguine 400G,20240413,frozen,False,False,The Gym Kitchen Chicken Arrabbiata Linguine 400G,,,,,,,400.0,g,,False,,,,The Gym Kitchen Chicken Arrabbiata Linguine,the gym kitchen chicken arrabbiata linguine
Tesco,5.5,7.32,l,Hardys Varietal Range Pinot Grigio 75Cl,20240413,drinks,False,False,Hardys Varietal Range Pinot Grigio 75Cl,,,,Hardys,,,750.0,ml,,False,,,,Varietal Range Pinot Grigio,hardys varietal range pinot grigio
Tesco,6.5,8.64,l,I Heart Asti 75Cl,20240413,drinks,False,False,I Heart Asti 75Cl,,,,I Heart,,,750.0,ml,,False,,,,Asti,i heart asti
Tesco,3.0,6.61,kg,Birds Eye Green Cuisine 4 Veggie Quarter Pounders 454G,20240413,frozen,False,False,Birds Eye Green Cuisine 4 Veggie Quarter Pounders 454G,,,,Birds Eye,,,454.0,g,,False,,,,Green Cuisine 4 Veggie Quarter Pounders,birds eye green cuisine 4 veggie quarter pounders
Tesco,3.0,6.82,l,Fourpure Pomegranate IPA 440ml,20240413,drinks,False,False,Fourpure Pomegranate IPA 440ml,,,,,,,440.0,ml,,False,,,,Fourpure Pomegranate IPA,fourpure pomegranate ipa
Tesco,7.0,9.31,l,Jam Shed Tempranillo 750Ml,20240413,drinks,False,False,Jam Shed Tempranillo 750Ml,,,,Jam Shed,,,750.0,ml,,False,,,,Tempranillo,jam shed tempranillo
Tesco,7.75,10.31,l,Des Tourelles Premieres Cotes De Bordeaux 75Cl,20240413,drinks,False,False,Des Tourelles Premieres Cotes De Bordeaux 75Cl,,,,,,,750.0,ml,,False,,,,Des Tourelles Premieres Cotes De Bordeaux,des tourelles premieres cotes de bordeaux
Tesco,6.75,8.98,l,Kumala Reserve Shiraz 75Cl,20240413,drinks,False,False,Kumala Reserve Shiraz 75Cl,,,,Kumala,,,750.0,ml,,False,,,,Reserve Shiraz,kumala reserve shiraz
Tesco,1.6,8.0,kg,Tesco Choi Sum 200G,20240413,fresh_food,True,False,Tesco Choi Sum 200G,Tesco,standard,,,,,200.0,g,,False,,,,Choi Sum,choi sum
Tesco,2.5,8.33,kg,Linda Mccartney Vegetarian Shredded Hoisin Duck 300G,20240413,frozen,False,False,Linda Mccartney Vegetarian Shredded Hoisin Duck 300G,,,,Linda Mccartney,,,300.0,g,,False,diet,vegetarian,{'form': ['shredded']},Shredded Hoisin Duck,linda mccartney shredded hoisin duck
Tesco,3.0,7.5,kg,Tesco British Chicken Breast Mini Fillets 400G,20240413,fresh_food,True,False,Tesco British Chicken Breast Mini Fillets 400G,Tesco,standard,,,,,400.0,g,,False,,,{'cut_meat': ['breast']},British Chicken Breast Mini Fillets,british chicken breast mini fillets
Tesco,6.65,8.87,kg,Lurpak Slightly Salted Spreadable Blend of Butter and Rapeseed Oil 750g,20240413,fresh_food,False,False,Lurpak Slightly Salted Spreadable Blend of Butter and Rapeseed Oil 750g,,,,Lurpak,,,750.0,g,,False,,,,Slightly Salted Spreadable Blend of Butter and Rapeseed Oil,lurpak slightly salted spreadable blend of butter and rapeseed oil
Tesco,8.0,10.64,l,Trapiche Pure Malbec 75 cl,20240413,drinks,False,False,Trapiche Pure Malbec 75 cl,,,,Trapiche,,,750.0,ml,,False,,,,Pure Malbec,trapiche pure malbec
Tesco,1.15,9.13,kg,Peppa Pig Mini Snack Raisins 9X14g,20240413,food_cupboard,False,False,Peppa Pig Mini Snack Raisins 9X14g,,,,,9.0,count_x_size,126.0,g,,False,,,,Peppa Pig Mini Snack Raisins,peppa pig mini snack raisins
Tesco,7.3,9.36,kg,Tesco Butter Basted Frozen Turkey Breast Joint 780G,20240413,frozen,True,False,Tesco Butter Basted Frozen Turkey Breast Joint 780G,Tesco,standard,,,,,780.0,g,,False,,,"{'cut_meat': ['breast', 'joint']}",Butter Basted Frozen Turkey Breast Joint,butter basted frozen turkey breast joint
Tesco,2.0,9.52,kg,Paxo Southern Fried Breadcrumbs 210G,20240413,food_cupboard,False,False,Paxo Southern Fried Breadcrumbs 210G,,,,Paxo,,,210.0,g,,False,,,{'cooking_method': ['fried']},Southern Fried Breadcrumbs,paxo southern fried breadcrumbs
Tesco,3.25,9.56,kg,Heck 10 Pork Chipolatas 340G,20240413,fresh_food,False,False,Heck 10 Pork Chipolatas 340G,,,,Heck,,,340.0,g,,False,,,,10 Pork Chipolatas,heck 10 pork chipolatas
Tesco,3.5,1.8,l,Orangina Sparkling Orange Drink 6 X 330Ml,20240412,drinks,False,False,Orangina Sparkling Orange Drink 6 X 330Ml,,,,,6.0,count_x_size,1980.0,ml,,False,,,,Orangina Sparkling Orange Drink,orangina sparkling orange drink
Tesco,4.5,28.0,kg,Costa Coffee Caramel Latte Pods 10 X 16G,20240412,drinks,False,False,Costa Coffee Caramel Latte Pods 10 X 16G,,,,Costa,10.0,count_x_size,160.0,g,,False,,,,Coffee Caramel Latte Pods,costa coffee caramel latte pods
Tesco,3.5,5.8,kg,Nestle Shreddies Frosted Cereal 600g,20240412,food_cupboard,False,False,Nestle Shreddies Frosted Cereal 600g,,,,Nestle,,,600.0,g,,False,,,,Shreddies Frosted Cereal,nestle shreddies frosted cereal
Tesco,4.2,10.5,kg,Tesco Finest Scottish Shortbread Assortment 400G,20240412,food_cupboard,True,False,Tesco Finest Scottish Shortbread Assortment 400G,Tesco Finest,premium,Finest,,,,400.0,g,,False,,,,Scottish Shortbread Assortment,scottish shortbread assortment
Tesco,1.7,13.6,kg,Tetley 40 Teabags 125G,20240412,drinks,False,False,Tetley 40 Teabags 125G,,,,Tetley,40.0,bag_count,125.0,g,,False,,,,,tetley
Tesco,0.35,16.7,kg,Kinder Snack Bar 21G,20240412,food_cupboard,False,False,Kinder Snack Bar 21G,,,,Kinder,,,21.0,g,,False,,,,Snack Bar,kinder snack bar
Tesco,2.5,10.87,kg,TESCO PLANT CHEF 2 SOUTHERN FRIED FILLETS 230G,20240412,fresh_food,True,False,TESCO PLANT CHEF 2 SOUTHERN FRIED FILLETS 230G,Tesco Plant Chef,dietary,Plant Chef,,2.0,leading_count,230.0,g,,False,,,{'cooking_method': ['fried']},SOUTHERN FRIED FILLETS,southern fried fillets
Tesco,2.75,15.28,kg,Tesco Cheddar Pickled Onion & Chives 180G,20240412,fresh_food,True,False,Tesco Cheddar Pickled Onion & Chives 180G,Tesco,standard,,,,,180.0,g,,False,,,,Cheddar Pickled Onion and Chives,cheddar pickled onion and chives
Tesco,3.75,23.4,kg,Gu Chocolate & Salted Caramel Brownie Dessert 2X80g,20240412,fresh_food,False,False,Gu Chocolate & Salted Caramel Brownie Dessert 2X80g,,,,Gu,2.0,count_x_size,160.0,g,,False,,,,Chocolate and Salted Caramel Brownie Dessert,gu chocolate and salted caramel brownie dessert
Tesco,3.0,25.0,kg,Tesco German Style Smoked Selection 120G,20240412,fresh_food,True,False,Tesco German Style Smoked Selection 120G,Tesco,standard,,,,,120.0,g,,False,,,{'cooking_method': ['smoked']},German Style Smoked Selection,german style smoked selection
Tesco,5.6,3.18,l,Strongbow Tropical Cider Can 4x440ml,20240412,drinks,False,False,Strongbow Tropical Cider Can 4x440ml,,,,Strongbow,4.0,count_x_size,1760.0,ml,,False,,,{'packaging': ['can']},Tropical Cider Can,strongbow tropical cider can
Tesco,3.5,26.5,kg,Starbucks by Nescafe Dolce Gusto Madagascar Vanilla Macchiato Coffee Pods x12 132g,20240412,drinks,False,False,Starbucks by Nescafe Dolce Gusto Madagascar Vanilla Macchiato Coffee Pods x12 132g,,,,Starbucks,12.0,x_count,132.0,g,,False,,,,by Nescafe Dolce Gusto Madagascar Vanilla Macchiato Coffee Pods,starbucks by nescafe dolce gusto madagascar vanilla macchiato coffee pods
Tesco,2.0,6.06,l,Dead Man's Fingers Spiced Rum & Cola 330Ml,20240412,drinks,False,False,Dead Man's Fingers Spiced Rum & Cola 330Ml,,,,Dead Man's Fingers,,,330.0,ml,,False,,,,Spiced Rum and Cola,dead man s fingers spiced rum and cola
Tesco,1.4,0.08,unit,Dr. Oetker Party Candles 18,20240411,food_cupboard,False,False,Dr. Oetker Party Candles 18,,,,Dr. Oetker,,,,,,False,,,,Party Candles 18,dr oetker party candles 18
Tesco,1.3,13.0,kg,Tesco Pink Lady Apple And Grape Snack Pot 100G,20240411,fresh_food,True,False,Tesco Pink Lady Apple And Grape Snack Pot 100G,Tesco,standard,,Pink Lady,,,100.0,g,,False,,,,Apple And Grape Snack Pot,pink lady apple and grape snack pot
Tesco,19.0,3.2,l,Birra Moretti Premium Lager Beer Bottle 18x330ml,20240411,drinks,False,False,Birra Moretti Premium Lager Beer Bottle 18x330ml,,,,Birra Moretti,18.0,count_x_size,5940.0,ml,,False,,,{'packaging': ['bottle']},Premium Lager Beer Bottle,birra moretti premium lager beer bottle
Tesco,1.35,1.8,kg,Tesco Seasonal New Potatoes 750G,20240409,fresh_food,True,False,Tesco Seasonal New Potatoes 750G,Tesco,standard,,,,,750.0,g,,False,,,,Seasonal New Potatoes,seasonal new potatoes
Tesco,2.25,19.6,kg,Deli Culture German Sausage Selection 115g,20240409,fresh_food,False,False,Deli Culture German Sausage Selection 115g,,,,,,,115.0,g,,False,,,{'cut_meat': ['sausage']},Deli Culture German Sausage Selection,deli culture german sausage selection
Tesco,1.7,5.31,kg,Tesco Edamame & Tenderstem® Broccoli Stir Fry 320g,20240409,fresh_food,True,False,Tesco Edamame & Tenderstem® Broccoli Stir Fry 320g,Tesco,standard,,,,,320.0,g,,False,,,,Edamame and Tenderstem® Broccoli Stir Fry,edamame and tenderstem broccoli stir fry
Tesco,1.5,19.2,kg,Cheetos Puffs Sweet & Spicy Flamin' Hot Crisps 6 x 13g,20240406,food_cupboard,False,False,Cheetos Puffs Sweet & Spicy Flamin' Hot Crisps 6 x 13g,,,,Cheetos,6.0,count_x_size,78.0,g,,False,,,"{'flavor': ['spicy', 'sweet', 'hot']}",Puffs Sweet and Spicy Flamin' Hot Crisps,cheetos puffs sweet and spicy flamin hot crisps
Tesco,2.0,6.7,kg,Rakusens Traditional Matzos 300G,20240330,food_cupboard,False,False,Rakusens Traditional Matzos 300G,,,,,,,300.0,g,,False,,,,Rakusens Traditional Matzos,rakusens traditional matzos
Tesco,5.0,19.8,kg,Reese's Milk Chocolate Easter Egg with 3 Reese's Peanut Butter Creme Eggs 252g,20240330,food_cupboard,False,False,Reese's Milk Chocolate Easter Egg with 3 Reese's Peanut Butter Creme Eggs 252g,,,,Reese's,,,252.0,g,,False,,,,Milk Chocolate Easter Egg with 3 Reese's Peanut Butter Creme Eggs,reese s milk chocolate easter egg with 3 reese s peanut butter creme eggs
Tesco,5.0,21.0,kg,Galaxy Ripple Milk Chocolate Bar Extra Large Easter Egg 238g,20240330,food_cupboard,False,False,Galaxy Ripple Milk Chocolate Bar Extra Large Easter Egg 238g,,,,Galaxy,,,238.0,g,,False,,,,Ripple Milk Chocolate Bar Extra Large Easter Egg,galaxy ripple milk chocolate bar extra large easter egg
Tesco,2.0,25.0,kg,Kinder Bueno Mini Eggs 80G,20240330,food_cupboard,False,False,Kinder Bueno Mini Eggs 80G,,,,Kinder Bueno,,,80.0,g,,False,,,,Mini Eggs,kinder bueno mini eggs
Tesco,3.0,15.8,kg,Cadbury Crunchie Easter Egg 190G,20240329,food_cupboard,False,False,Cadbury Crunchie Easter Egg 190G,,,,Cadbury,,,190.0,g,,False,,,,Crunchie Easter Egg,cadbury crunchie easter egg
Tesco,1.25,13.2,kg,Mcvitie's Chocolate Gems 5 X 19G,20240327,food_cupboard,False,False,Mcvitie's Chocolate Gems 5 X 19G,,,,Mcvitie's,5.0,count_x_size,95.0,g,,False,,,,Chocolate Gems,mcvitie s chocolate gems
Tesco,5.0,25.0,kg,Lindt Gold Bunny Milk Chocolate 200G,20240327,food_cupboard,False,False,Lindt Gold Bunny Milk Chocolate 200G,,,,Lindt,,,200.0,g,,False,,,,Gold Bunny Milk Chocolate,lindt gold bunny milk chocolate
Tesco,1.2,12.0,kg,Drobimex Delikatesowa Chicken Ham 100g,20240325,fresh_food,False,False,Drobimex Delikatesowa Chicken Ham 100g,,,,,,,100.0,g,,False,,,,Drobimex Delikatesowa Chicken Ham,drobimex delikatesowa chicken ham
Tesco,3.0,7.0,kg,Tesco Ready To Eat Roast British Chicken Drumsticks 430G,20240322,fresh_food,True,False,Tesco Ready To Eat Roast British Chicken Drumsticks 430G,Tesco,standard,,,,,430.0,g,,False,preparation,ready to eat,,Roast British Chicken Drumsticks,roast british chicken drumsticks
Tesco,6.0,7.98,l,First Cape Special Cuvee Chenin Blanc,20240320,drinks,False,False,First Cape Special Cuvee Chenin Blanc,,,,,,,750.0,ml,,True,,,,First Cape Special Cuvee Chenin Blanc,first cape special cuvee chenin blanc
Tesco,4.0,8.81,kg,Tesco Finest 4 Vintage Cheddar Burgers 454G,20240318,fresh_food,True,False,Tesco Finest 4 Vintage Cheddar Burgers 454G,Tesco Finest,premium,Finest,,4.0,leading_count,454.0,g,,False,,,"{'cut_meat': ['burgers'], 'maturity': ['vintage']}",Vintage Cheddar Burgers,vintage cheddar burgers
Tesco,5.5,5.5,kg,Tesco Pork Shoulder Steaks 1Kg,20240317,fresh_food,True,False,Tesco Pork Shoulder Steaks 1Kg,Tesco,standard,,,,,1000.0,g,,False,,,,Pork Shoulder Steaks,pork shoulder steaks
Tesco,4.85,15.2,kg,Walkers Quavers Variety Multipack Crisps 20x16g,20240301,food_cupboard,False,False,Walkers Quavers Variety Multipack Crisps 20x16g,,,,Walkers,20.0,count_x_size,320.0,g,,False,,,{'packaging': ['multipack']},Quavers Variety Multipack Crisps,walkers quavers variety multipack crisps
Tesco,3.25,27.1,kg,Squeaky Bean Chargrilled Jerk Mini Fillets 120g,20240227,fresh_food,False,False,Squeaky Bean Chargrilled Jerk Mini Fillets 120g,,,,Squeaky Bean,,,120.0,g,,False,,,{'cooking_method': ['chargrilled']},Chargrilled Jerk Mini Fillets,squeaky bean chargrilled jerk mini fillets
Tesco,3.75,9.4,l,Ben & Jerry's Dulce-Dough Ice Cream Mini Pots Multipack 4x100ml,20240221,frozen,False,False,Ben & Jerry's Dulce-Dough Ice Cream Mini Pots Multipack 4x100ml,,,,,4.0,count_x_size,400.0,ml,,False,,,{'packaging': ['multipack']},Ben and Jerry's Dulce-Dough Ice Cream Mini Pots Multipack,ben and jerry s dulce dough ice cream mini pots multipack
Tesco,0.65,4.3,l,Schweppes Lemonade 150Ml,20240216,drinks,False,False,Schweppes Lemonade 150Ml,,,,Schweppes,,,150.0,ml,,False,,,,Lemonade,schweppes lemonade
Tesco,3.5,11.67,kg,Simply Chicken Tenders 300G,20240212,fresh_food,False,False,Simply Chicken Tenders 300G,,,,,,,300.0,g,,False,,,,Simply Chicken Tenders,simply chicken tenders
Tesco,2.1,6.36,l,Innis & Gunn Caribbean Rum Cask 330ml,20240210,drinks,False,False,Innis & Gunn Caribbean Rum Cask 330ml,,,,,,,330.0,ml,,False,,,,Innis and Gunn Caribbean Rum Cask,innis and gunn caribbean rum cask
Tesco,8.25,4.69,l,Salt X Scs The Final Straw Pale Ale 4X440ml,20240210,drinks,False,False,Salt X Scs The Final Straw Pale Ale 4X440ml,,,,,4.0,count_x_size,1760.0,ml,,False,,,,Salt X Scs The Final Straw Pale Ale,salt x scs the final straw pale ale
Tesco,1.5,11.54,kg,Oddly Good Plant-Based Gingerbread Dessert 130G,20240209,fresh_food,False,False,Oddly Good Plant-Based Gingerbread Dessert 130G,,,,,,,130.0,g,,False,diet,plant-based,,Oddly Good Gingerbread Dessert,oddly good gingerbread dessert
Tesco,5.0,5.0,kg,Tesco Pork Leg Joint Crackling 1kg,20240121,fresh_food,True,False,Tesco Pork Leg Joint Crackling 1kg,Tesco,standard,,,,,1000.0,g,,False,,,{'cut_meat': ['joint']},Pork Leg Joint Crackling,pork leg joint crackling
Tesco,1.35,18.3,kg,GALAXY Creamy Truffle Mini Eggs Bag74g,20240117,food_cupboard,False,False,GALAXY Creamy Truffle Mini Eggs Bag74g,,,,Galaxy,,,74.0,g,,False,,,{'texture': ['creamy']},Creamy Truffle Mini Eggs Bag,galaxy creamy truffle mini eggs bag
Tesco,1.5,8.6,kg,Ainsley Harriot Habanero Salsa 175G,20240117,food_cupboard,False,False,Ainsley Harriot Habanero Salsa 175G,,,,,,,175.0,g,,False,,,,Ainsley Harriot Habanero Salsa,ainsley harriot habanero salsa
Tesco,2.35,4.7,l,Angioletti Apple Cider 500Ml Bottle,20240117,drinks,False,False,Angioletti Apple Cider 500Ml Bottle,,,,,,,500.0,ml,,False,,,{'packaging': ['bottle']},Angioletti Apple Cider Bottle,angioletti apple cider bottle
Tesco,0.88,8.8,kg,Ainsley Harriott Ultimate Jamaican Jerk Paste 100g,20240116,food_cupboard,False,False,Ainsley Harriott Ultimate Jamaican Jerk Paste 100g,,,,Ainsley Harriott,,,100.0,g,,False,,,{'form': ['paste']},Ultimate Jamaican Jerk Paste,ainsley harriott ultimate jamaican jerk paste
Tesco,3.0,0.13,unit,Weetabix Banana Cereal 24 Pack,20240110,food_cupboard,False,False,Weetabix Banana Cereal 24 Pack,,,,Weetabix,24.0,count_pack,,,,False,,,,Banana Cereal,weetabix banana cereal
Tesco,2.7,21.0,kg,Belazu Zhoug Paste 130G,20240109,food_cupboard,False,False,Belazu Zhoug Paste 130G,,,,,,,130.0,g,,False,,,{'form': ['paste']},Belazu Zhoug Paste,belazu zhoug paste
