cluster_id,tier,llm_pass,reason,q1,q2,q3
1,llm_verify,True,Same branded product; pack count differences irrelevant to Q1,Yes,Yes,Yes
5,llm_verify,False,Union Hand-Roasted Timana Colombia is a different branded product; not Colombian Supremo or ASDA Extra Special Colombian,No,Yes,No
6,llm_verify,False,Union Gajah Mountain is a different origin/product; not Colombian like the others,No,Yes,No
43,llm_verify,True,Same branded Pukka product; pack count irrelevant to Q1,Yes,Yes,Yes
49,llm_verify,True,Same branded Nescafe Gold Blend; minor weight variance within tolerance,Yes,Yes,Yes
67,llm_verify,True,Same branded Twinings Decaffeinated Green Tea; pack count irrelevant to Q1,Yes,Yes,Yes
71,llm_verify,False,Tetley Green Pure Matcha vs Tetley Green Tea Matcha—product naming inconsistency suggests potential recipe/formulation difference,No,Yes,Yes
72,llm_verify,False,ASDA Gold Tea Bags is own-brand standard tier; Yorkshire Gold is a different branded product (not own-brand comparable),No,Yes,No
85,llm_verify,True,Same branded Tassimo Kenco Americano Grande pods; pack count irrelevant to Q1,Yes,Yes,Yes
92,llm_verify,True,Same branded Lavazza Espresso Barista coffee beans; minor naming variations acceptable,Yes,Yes,Yes
94,llm_verify,False,Q1 fails: Starbucks Blonde Espresso x10 (53g) vs x36 (188g) — different pod counts indicate different product specifications despite same flavour. Q2 fails: 71.8% variance exceeds 15% threshold.,No,No,Yes
102,llm_verify,True,"All Tetley Decaf 160 tea bags, 500g. Identical across retailers.",Yes,Yes,Yes
105,llm_verify,True,"All Tetley Decaf 80 tea bags, 250g. Identical across retailers.",Yes,Yes,Yes
110,llm_verify,True,"Both standard-tier own-brand decaf tea bags 80-pack. Same tier, acceptable weight variance 6.2%.",Yes,Yes,Yes
118,llm_verify,True,"All L'OR Espresso Ristretto x10 pods, 52g. Identical across retailers.",Yes,Yes,Yes
123,llm_verify,False,"Q1 fails: Sainsbury's is Sumatra origin, others are Colombia origin — different single-origin espresso variants.",No,Yes,Yes
124,llm_verify,False,"Q1 fails: ASDA is Chamomile Flowers (loose/temples), Sainsbury's and Tesco are Everyday Brew (different product line/blend).",No,Yes,Yes
126,llm_verify,True,"All Twinings Peppermint 20 tea bags, 40g. Identical across retailers.",Yes,Yes,Yes
129,llm_verify,False,"Q1 fails: Morrisons is Ringtons Tea Bags (different brand), not PG Tips like ASDA and Tesco.",No,Yes,Yes
142,llm_verify,True,All Taylors of Harrogate Rich Italian Beans Roast Coffee. Weight variance 6.7% within tolerance.,Yes,Yes,Yes
143,llm_verify,True,"All PG Tips Decaf 70 tea bags, same branded product across retailers",Yes,Yes,Yes
156,llm_verify,True,"All Tetley Herbal Pure Camomile 20 tea bags, same branded product",Yes,Yes,Yes
165,llm_verify,True,"All Pukka Organic Night Time 20 herbal tea sachets, same branded product",Yes,Yes,Yes
168,llm_verify,True,"All Nescafe Gold Cappuccino Decaf Unsweetened coffee sachets, same branded product",Yes,Yes,Yes
170,llm_verify,False,Pukka Herbal Collection vs Pukka Feel New—different product lines/variants,No,Yes,Yes
177,llm_verify,True,"All Pukka Organic Three Ginger 20 herbal tea sachets, same branded product",Yes,Yes,Yes
182,llm_verify,True,"All Pukka Organic Elderberry & Echinacea 20 fruit tea sachets, same branded product",Yes,Yes,Yes
187,llm_verify,True,"All Pukka Organic Morning Berry 20 herbal tea sachets, same branded product",Yes,Yes,Yes
190,llm_verify,True,"All standard-tier own-brand instant coffee, same tier across retailers",Yes,Yes,Yes
208,llm_verify,True,"All Nescafe Dolce Gusto Chococino coffee pods, same branded product",Yes,Yes,Yes
215,llm_verify,True,"All Starbucks Caramel Macchiato Dolce Gusto pods, same branded product across retailers",Yes,Yes,Yes
222,llm_verify,True,"All Tassimo Milk Creamer pods x16, same branded product",Yes,Yes,Yes
223,llm_verify,False,"Pack count variance: x6, x10, x6 — Sainsbury's x10 is different product specification from x6 packs",No,Yes,Yes
232,llm_verify,True,"All Coffee Mate Original, same branded product across retailers",Yes,Yes,Yes
248,llm_verify,True,"Both standard-tier chocolate melting middle puddings, same core product",Yes,Yes,Yes
260,llm_verify,True,"All standard-tier instant dried skimmed milk powder 340g, same product across retailers",Yes,Yes,Yes
264,llm_verify,True,"All Nescafe 3in1 Original sachets x6, same branded product",Yes,Yes,Yes
268,llm_verify,True,"All Nescafe 2in1 sachets x6, same branded product",Yes,Yes,Yes
276,llm_verify,False,ASDA Lungo Dolce Gusto vs Sainsbury's A Modo Mio Lungo — different capsule systems (Dolce Gusto ≠ A Modo Mio),No,Yes,Yes
282,llm_verify,True,"All Pukka Organic Vanilla Chai x20 tea bags, same branded product",Yes,Yes,Yes
285,llm_verify,False,ASDA Nescafe Americano Intenso differs from Sainsbury's and Tesco Nescafe Dolce Gusto Americano Intenso — different pod system (standard vs Dolce Gusto),No,Yes,Yes
290,llm_verify,False,Canderel Sugarly Granulated Sweetener vs Pure Via 100% Erythritol — different sweetener types and brands,No,Yes,Yes
299,llm_verify,False,Silver Spoon 200 Tablets vs 400 Tablets — different pack counts indicate different product specifications,No,Yes,Yes
302,llm_verify,False,Billington's Golden Caster vs Golden Granulated — different sugar types (caster vs granulated),No,Yes,Yes
303,llm_verify,False,ASDA/Morrisons Stevia vs Tesco Sucralose — different sweetener active ingredients; also mixed own-brand tier comparison,No,Yes,No
311,llm_verify,False,Truvia Caster vs Purevia Caster — different brands (Truvia vs Purevia),No,Yes,Yes
314,llm_verify,True,All Billington's Light Brown Soft Sugar 500g — same product across retailers,Yes,Yes,Yes
317,llm_verify,True,All Billington's Dark Brown Soft Sugar 500g — same product across retailers,Yes,Yes,Yes
319,llm_verify,True,All Billington's Light Muscovado Sugar 500g — same product across retailers,Yes,Yes,Yes
321,llm_verify,True,All Billington's Dark Muscovado Sugar 500g — same product across retailers,Yes,Yes,Yes
342,llm_verify,False,ASDA Instant Malt Drink is own-brand; Horlicks is a branded product — different core products,No,Yes,Yes
346,llm_verify,False,Butterfly Mug (homeware) vs Butterfly Cake (food) — completely different product types,No,Yes,Yes
355,llm_verify,False,Firecracker Stir-Fry Sauce vs Black Bean Stir Fry Sauce — different flavour profiles and recipes,No,Yes,Yes
391,llm_verify,True,"All green peppers, same tier, size data unavailable but assumed comparable",Yes,Yes,Yes
396,llm_verify,True,"All fresh coriander bunches, same tier, consistent weight variance",Yes,Yes,Yes
397,llm_verify,True,"Both beef tomatoes, same tier, size data unavailable but assumed comparable",Yes,Yes,Yes
399,llm_verify,True,"All fresh curly parsley bunches, same tier, consistent weight",Yes,Yes,Yes
400,llm_verify,True,"All fresh dill bunches, same tier, consistent weight variance",Yes,Yes,Yes
410,llm_verify,False,ASDA British Baby Potatoes vs Sainsbury's Jersey Royal Baby New Potatoes — different potato varieties and origins,No,Yes,Yes
411,llm_verify,True,"All roast potatoes, same tier, consistent weight",Yes,Yes,Yes
414,llm_verify,True,"All same core product (baby potatoes), same weight, same tier",Yes,Yes,Yes
423,llm_verify,True,"All same core product (red potatoes 2kg), same weight, same tier",Yes,Yes,Yes
435,llm_verify,True,"All same core product (stringless beans), variance 12.5% within tolerance, same tier",Yes,Yes,Yes
442,llm_verify,False,"Morrisons product is cabbage & sliced leeks (mixed vegetable), not pure sliced leeks; Tesco is spring greens, not leeks",No,Yes,Yes
452,llm_verify,True,"All same core product (chestnut mushrooms 250g), same weight, same tier",Yes,Yes,Yes
466,llm_verify,False,"Morrisons product is broccoli & cauliflower florets (mixed), not pure cauliflower; ASDA and Sainsbury's/Tesco are whole cauliflower",No,Yes,Yes
469,llm_verify,True,"All same core product (loose broccoli), variance 6.7% within tolerance, same tier",Yes,Yes,Yes
473,llm_verify,True,"Both garlic puree 75g, same weight; Q3 N/A (no own-brand tier information available)",Yes,Yes,Yes
479,llm_verify,True,"All same core product (loose courgettes), size data unavailable but assumed comparable, same tier",Yes,Yes,Yes
488,llm_verify,True,"All same core product (baby corn & mangetout), variance 12.5% within tolerance, same tier",Yes,Yes,Yes
496,llm_verify,False,Different core products: 'Chicken & Bacon on Malted Bread' (sandwich) vs 'Chicken & Bacon Bake' (baked item),No,Yes,Yes
514,llm_verify,True,"All Oreo Original Chocolate Sandwich Biscuits, same branded product, within variance",Yes,Yes,Yes
538,llm_verify,True,"All Oreo Choco Brownie Sandwich Biscuits, same branded product, within variance",Yes,Yes,Yes
564,llm_verify,True,"All Tropicana Pure Smooth Orange Juice 300ml, same branded product, zero variance",Yes,Yes,Yes
574,llm_verify,True,"All Hula Hoops Big Hoops Salted 45g, same branded product, zero variance",Yes,Yes,Yes
576,llm_verify,True,"All McCoy's Flame Grilled Steak 45g, same branded product, zero variance",Yes,Yes,Yes
578,llm_verify,True,"All McCoy's Cheddar & Onion 45g, same branded product, zero variance",Yes,Yes,Yes
581,llm_verify,True,"All McCoy's Salt & Malt Vinegar 45g, same branded product, zero variance",Yes,Yes,Yes
582,llm_verify,True,"All McCoy's Thai Sweet Chicken 45g, same branded product, zero variance",Yes,Yes,Yes
584,llm_verify,False,Different branded products: Feasters vs Rustlers mini beef burgers,No,Yes,Yes
603,llm_verify,True,"Same branded product (Frubes strawberry yogurt tubes), identical pack format and weight across retailers.",Yes,Yes,Yes
611,llm_verify,False,Different products: Strings & Things Yollies vs The Collective Suckies—different brand names and product lines.,No,Yes,Yes
622,llm_verify,False,Mixed products: Yop strawberry drink vs Actimel strawberry drinks—different brands and product types.,No,Yes,Yes
696,llm_verify,True,"Same core product (Cheestrings cheese snacks), pack count differences do not affect Q1, identical weight.",Yes,Yes,Yes
704,llm_verify,True,"Same branded product (Dairylea Dunkers nacho cheese snacks), minor weight variance within tolerance.",Yes,Yes,Yes
706,llm_verify,True,"Same core product (Cheestrings cheese snacks 4-pack), pack count differences do not affect Q1, identical weight.",Yes,Yes,Yes
709,llm_verify,True,"Same branded product (Innocent Kids strawberry/raspberry/apple smoothies), pack count differences do not affect Q1.",Yes,Yes,Yes
712,llm_verify,True,"Same branded product (Innocent Kids orange/mango/pineapple smoothies), pack count differences do not affect Q1.",Yes,Yes,Yes
722,llm_verify,False,Different product formats: Peperami Original sticks vs Peperami Lunchbox Minis vs Peperami Jerky—different product types.,No,Yes,Yes
732,llm_verify,False,Different product types: Peperami Snack Pack vs Peperami Jerky Original vs Peperami Tender Jerky—jerky is a different product format.,No,Yes,Yes
750,llm_verify,True,"All Dr Pepper Original 500ml, same branded product across retailers",Yes,Yes,Yes
752,llm_verify,False,Monster Monarch Juiced vs Monster Monarch vs Monster Rossi VR46 are different flavour variants,No,Yes,Yes
753,llm_verify,True,"Both Ribena Blackcurrant 500ml, same branded product",Yes,Yes,Yes
757,llm_verify,True,"All Walkers Quavers Cheese Snacks 34g, same branded product across retailers",Yes,Yes,Yes
760,llm_verify,False,Lucozade Energy Original vs Lucozade Energy Blue Burst are different flavour variants,No,Yes,Yes
766,llm_verify,True,"All Lipton Ice Tea Peach 500ml, same branded product across retailers",Yes,Yes,Yes
797,llm_verify,False,Tropicana Original Orange with Bits vs Pure Orange with Bits vs Smooth Orange are different variants,No,Yes,Yes
806,llm_verify,True,"All Juiceburst Apple 500ml, same product across retailers (minor spelling variation in Sainsbury's listing)",Yes,Yes,Yes
808,llm_verify,True,"Both Popchips Barbecue 23g, same branded product across retailers",Yes,Yes,Yes
811,llm_verify,False,Highland Spring Eco Bottle Still vs Sports Bottle are different bottle types/variants,No,Yes,Yes
816,llm_verify,False,Q1 fails: ASDA and Morrisons are own-brand tropical juice drinks; Tesco Growers Harvest is a branded product (different core product type),No,Yes,Yes
820,llm_verify,True,"All standard-tier own-brand pure apple juice, same size, same tier",Yes,Yes,Yes
837,llm_verify,False,"Q1 fails: ASDA is 'Smooth Orange with No Bits' while Morrisons, Sainsbury's, and Tesco are 'with Bits' variants—different product specifications",No,Yes,Yes
839,llm_verify,False,Q1 fails: ASDA and Sainsbury's are 'with Extra Juicy Bits' while Tesco is 'Smooth' (no bits)—different product variants,No,Yes,Yes
843,llm_verify,False,Q1 fails: ASDA and Sainsbury's are 'Pressed Apple' while Tesco is 'Pressed Apple Juice'—ASDA specifies 'Perfectly Pressed' vs standard pressed; variant mismatch,No,Yes,Yes
866,llm_verify,False,"Q1 fails: ASDA is '50% Fruit High Juice', Morrisons is 'High Juice Drink', Tesco is '100% Pressed Juice'—different juice content and product types",No,Yes,Yes
874,llm_verify,True,"All branded Lipton Ice Tea Peach, same core product, acceptable size variance",Yes,Yes,Yes
877,llm_verify,False,Q1 fails: ASDA is 'Smooth' (no bits) while Tesco is 'With Bits'—different product variants,No,Yes,Yes
893,llm_verify,False,Q1 fails: ASDA and Morrisons are 'from Concentrate' while Sainsbury's is 'Not From Concentrate'—different product specifications,No,Yes,Yes
894,llm_verify,True,"All standard-tier own-brand smooth orange juice, same core product, acceptable size variance",Yes,Yes,Yes
895,llm_verify,False,Q1 fails: ASDA and Tesco have 'With Bits' variant; Morrisons and Sainsbury's have 'Smooth' variant. Different core product specifications.,No,Yes,Yes
898,llm_verify,False,Q1 fails: ASDA is 'Fruit Medley in Juice' (mixed fruit); Sainsbury's and Tesco are 'Prunes in Juice' (single fruit type). Different products.,No,Yes,Yes
918,llm_verify,False,"Q1 fails: Sainsbury's is '100% Pure Squeezed, Not From Concentrate'; ASDA and Morrisons are 'From Concentrate'. Different processing methods = different core products.",No,Yes,Yes
935,llm_verify,False,Q1 fails: ASDA is 'Blue Machine'; Morrisons and Tesco are 'Ruby Machine'; Sainsbury's is 'Rainbow Machine'. Different flavour variants.,No,Yes,Yes
940,llm_verify,True,All Innocent Mango & Passion Fruit Smoothie 750ml variants; minor naming differences only.,Yes,Yes,Yes
944,llm_verify,True,"All Innocent Kids Strawberry, Raspberry & Apple Smoothies 600ml (4×150ml); pack count is not a Q1 factor.",Yes,Yes,Yes
950,llm_verify,False,Q1 fails: ASDA is 'Blue Spark'; Morrisons is 'Blueberry' (truncated name suggests different variant). Insufficient clarity on exact match.,No,Yes,Yes
954,llm_verify,True,All Innocent Strawberry & Banana Smoothie 750ml; minor naming/punctuation differences only.,Yes,Yes,Yes
955,llm_verify,True,"All Innocent Strawberry, Pineapple & Apple Smoothie 750ml; minor naming differences only.",Yes,Yes,Yes
965,llm_verify,True,All Innocent Strawberry & Banana Smoothie 250ml; minor naming differences only.,Yes,Yes,Yes
997,llm_verify,True,Same branded product (Wright's) across retailers; identical weight; all branded so Q3 N/A.,Yes,Yes,Yes
1000,llm_verify,True,Same licensed character product (Peppa Pig Muddy Puddle Cupcake Mix) across retailers; variance 2.9% within tolerance.,Yes,Yes,Yes
1002,llm_verify,False,"Morrisons product is 'Cake Decor' brand, not Dr. Oetker; different branded products.",No,Yes,Yes
1009,llm_verify,False,"ASDA product is '12 Handmade Decorations'; Morrisons is 'Dinosau…' (truncated, likely dinosaur-themed). Different product types.",No,Yes,Yes
1010,llm_verify,True,"All edible eye decorations, same weight 25g across all retailers; minor brand/naming variations acceptable.",Yes,Yes,Yes
1018,llm_verify,False,ASDA is 'Chocolate Sprinkles'; Sainsbury's is 'Chocolate Creme Filled Chick Net' — different products (sprinkles vs filled biscuits).,No,Yes,Yes
1019,llm_verify,True,Same branded product (Doves Farm/FREEE Gluten Free Xanthan Gum) across retailers; identical weight; all branded so Q3 N/A.,Yes,Yes,Yes
1031,llm_verify,True,All coloured/bright writing icing products at standard tier; variance 1.3% within tolerance; same product type across retailers.,Yes,Yes,Yes
1046,llm_verify,True,Same dumpling mix product at standard tier across both retailers; identical weight 137g.,Yes,Yes,Yes
1049,llm_verify,True,Same multiseed/mixed grain bread mix at standard tier across retailers; identical weight 500g.,Yes,Yes,Yes
1052,llm_verify,True,"All standard-tier own-brand dried apricots, same weight, same tier.",Yes,Yes,Yes
1054,llm_verify,False,Tesco variant includes 'Cracked Black Pepper' — different recipe from standard dumpling mix.,No,Yes,Yes
1055,llm_verify,False,Tesco 'Stoned Sayer Dates' is a specific variety; ASDA 'Soft Dates' and Sainsbury's 'Dates' are generic — different product specifications.,No,Yes,Yes
1059,llm_verify,True,"All standard-tier own-brand soft figs, weight variance 12% within tolerance.",Yes,Yes,Yes
1064,llm_verify,False,ASDA 'Cherries' vs Sainsbury's 'Berries & Cherries' — different product types (single vs mixed).,No,Yes,Yes
1073,llm_verify,True,"All branded Whitworths prunes, same weight, minor naming variations acceptable for same product.",Yes,Yes,Yes
1081,llm_verify,False,Tesco 'Dried Pineapple' vs others 'Gently Baked Pineapple' — different processing methods indicate different products.,No,Yes,Yes
1087,llm_verify,False,ASDA/Tesco 'Party Candles' vs Morrisons 'Aventure Sprinkles' — completely different products (candles vs sprinkles).,No,Yes,Yes
1132,llm_verify,False,Morrisons 'Carrot Cake Mix' vs others 'Rainbow Chip Party Cake Mix' — different cake types and flavours.,No,Yes,Yes
1179,llm_verify,True,"All standard-tier own-brand chocolate frosting/icing, same weight, minor naming variations acceptable.",Yes,Yes,Yes
1183,llm_verify,False,"Sainsbury's product is cake boards, not cupcake cases — different core product type",No,Yes,Yes
1223,llm_verify,True,"All golden syrup, same tier, within weight variance",Yes,Yes,Yes
1248,llm_verify,True,"All diet tonic water with lime, same tier, within weight variance",Yes,Yes,Yes
1295,llm_verify,True,"All Lipton Ice Tea Lemon, branded products, within weight variance",Yes,Yes,Yes
1308,llm_verify,True,"All Supermalt Original, same size, branded product",Yes,Yes,Yes
1312,llm_verify,False,Morrisons product is single 260g pack; others are 2-pack — different pack format/count indicates different product specification,No,Yes,Yes
1319,llm_verify,True,"All Amoy Udon Thick Noodles, same core product, pack count differences do not affect Q1",Yes,Yes,Yes
1341,llm_verify,False,Three different Tilda rice variants (Caribbean Rice & Peas vs Brown Basmati & Wild vs Brown Basmati & Quinoa) — different core products,No,Yes,Yes
1348,llm_verify,False,"Sainsbury's is Caribbean Rice & Peas; ASDA and Tesco are Mushroom Basmati — different flavour variants, not same core product",No,Yes,Yes
1357,llm_verify,True,"All wholegrain/wild rice microwave products, same tier, within weight variance",Yes,Yes,Yes
1361,llm_verify,True,"All standard-tier own-brand pilau microwave rice, identical weight.",Yes,Yes,Yes
1364,llm_verify,True,"All standard-tier own-brand basmati microwave rice, identical weight.",Yes,Yes,Yes
1368,llm_verify,False,"Different Tilda flavour variants: Pure Basmati, Peri Peri, and Firecracker are distinct products.",No,Yes,Yes
1382,llm_verify,False,"Different Tilda variants: Brown & Wild, Pure Basmati, and Caribbean Rice & Peas are distinct products.",No,Yes,Yes
1383,llm_verify,False,"Different Tilda flavours: Peri Peri, Mushroom, and Plain Basmati are distinct products.",No,Yes,Yes
1388,llm_verify,False,"Morrisons product is Rice Medley (mixed grains), others are Long Grain or Brown rice—different core products.",No,Yes,Yes
1390,llm_verify,True,"All Tilda Sticky Medium Grain microwave rice variants, identical weight.",Yes,Yes,Yes
1391,llm_verify,False,Different Tilda flavours: Egg Fried and Peri Peri Basmati are distinct products.,No,Yes,Yes
1407,llm_verify,False,Different Merchant Gourmet grain blends: Glorious Grains with Red Rice & Quinoa vs Spanish-Style Grains are distinct products.,No,Yes,Yes
1409,llm_verify,True,"Both standard-tier own-brand rigatoni pasta, identical weight.",Yes,Yes,Yes
1419,llm_verify,False,"Sainsbury's product is Wholewheat Fusilli, not Tricolore Fusilli — different core product type",No,Yes,Yes
1424,llm_verify,True,"All red lentils, same tier, acceptable variance",Yes,Yes,Yes
1427,llm_verify,True,"All bulgur wheat, same tier, acceptable variance",Yes,Yes,Yes
1431,llm_verify,True,"All giant couscous, same tier, acceptable variance",Yes,Yes,Yes
1456,llm_verify,False,"ASDA product is a canister (kitchenware), not pasta; Sainsbury's and Tesco are spaghetti pasta",No,Yes,Yes
1471,llm_verify,False,"Sainsbury's is Cheese & Pickle flavour, not plain Baked Cheddars — different flavour variant",No,Yes,Yes
1472,llm_verify,False,ASDA Bourbon Biscuits vs Morrisons/Tesco Bourbon Creams — different product types,No,Yes,Yes
1473,llm_verify,False,"Ovaltine Biscuits is a branded product, not a free-from digestive biscuit — different core product",No,Yes,Yes
1482,llm_verify,True,"All Rich Tea Biscuits, acceptable variance; Lyons is branded but same product type",Yes,Yes,Yes
1492,llm_verify,True,"All Loacker Napolitaner Wafers, same branded product, acceptable variance",Yes,Yes,Yes
1501,llm_verify,True,"All standard-tier own-brand cream crackers, identical weight, same tier.",Yes,Yes,Yes
1503,llm_verify,True,"All standard-tier own-brand garlic crackers, minor weight variance within tolerance.",Yes,Yes,Yes
1508,llm_verify,False,McVitie's Hobnobs (chocolate biscuit) is not the same core product as Milk Chocolate Digestives.,No,Yes,Yes
1522,llm_verify,False,Cadbury Dairy Milk Orange Fingers (biscuits) vs Fruitier & Nuttier Orange Boost (chocolate bars) are different product types.,No,Yes,Yes
1529,llm_verify,True,"All Carr's Cracker Selection branded products, identical weight, same tier.",Yes,Yes,Yes
1537,llm_verify,False,"Cadbury Snack Shortcake, Fruit & Nut bar, and Timeout Wafer are three different product types.",No,Yes,Yes
1554,llm_verify,True,"All Fox's biscuit selection products, minor weight variance within tolerance.",Yes,Yes,Yes
1561,llm_verify,True,"All Jacob's Original Cream Crackers branded products, weight variance within tolerance.",Yes,Yes,Yes
1574,llm_verify,True,"All Jacob's High Fibre Cream Crackers branded products, weight variance within tolerance.",Yes,Yes,Yes
1593,llm_verify,True,"Both Nairn's Gluten Free Biscuit Breaks products, identical weight.",Yes,Yes,Yes
1600,llm_verify,False,FarmHouse Honey and Oat biscuits are a different product from BelVita Breakfast Biscuits Honey & Nuts/Nut,No,Yes,Yes
1603,llm_verify,False,Tesco product is 'Multigrain Rye Bread' while others are 'Multigrain Crackers' — different product type,No,Yes,Yes
1604,llm_verify,True,"All Ryvita Original Crispbread Crackers, same weight, minor naming variations acceptable",Yes,Yes,Yes
1610,llm_verify,True,"All Ryvita Dark Rye Crispbread Crackers, same weight, minor naming variations acceptable",Yes,Yes,Yes
1611,llm_verify,True,"All premium-tier shortbread assortments, same weight, cross-retailer premium own-brands comparable",Yes,Yes,Yes
1612,llm_verify,False,Weight variance exceeds 15% (Sainsbury's 16-pack at 3968kg is data error; core product is Lotus Biscoff but pack format mismatch causes Q2 failure),Yes,No,Yes
1613,llm_verify,True,"All Jacob's Cheddars Cheese & Pickle crackers/biscuits, same weight, minor naming variations acceptable",Yes,Yes,Yes
1626,llm_verify,False,ASDA and Morrisons are Digestive Biscuits; Sainsbury's and Tesco are Easter Eggs — different product types,No,Yes,Yes
1630,llm_verify,True,"All McVitie's Hobnobs Dark Chocolate biscuits, weights within 15% variance",Yes,Yes,Yes
1635,llm_verify,True,"All Hovis Digestive Biscuits, same weight, minor naming variations acceptable",Yes,Yes,Yes
1663,llm_verify,True,"Same branded product (Reese's Peanut Butter Cups), pack count difference irrelevant to Q1, weight variance within tolerance.",Yes,Yes,Yes
1668,llm_verify,True,"Same core product (Fibre One Crispy Choc Brownies), pack count and naming variations do not affect Q1, weight variance within tolerance.",Yes,Yes,Yes
1672,llm_verify,False,Morrisons product is Strawberry Cheesecake Cake Bar while others are Strawberry Doughnut/Cheesecake Bars—different product types (cake vs doughnut).,No,Yes,Yes
1673,llm_verify,True,"All Fibre One Chocolate Doughnuts (Morrisons 'Choc Indulgence' is same product, different marketing name), weight variance within tolerance.",Yes,Yes,Yes
1674,llm_verify,True,"Same branded product (Ryvita Fruit Crunch Currant Seed & Oat Crispbread), minor naming variations acceptable, weight variance within tolerance.",Yes,Yes,Yes
1677,llm_verify,False,"Same branded product (Blue Riband Milk Chocolate), but Sainsbury's weight data (18kg) is inconsistent with others (108kg)—weight variance exceeds 15%.",Yes,No,Yes
1686,llm_verify,True,"Same branded product (Belvita Breakfast Biscuits Cocoa Chocolate Chip), pack count irrelevant to Q1, weight variance within tolerance.",Yes,Yes,Yes
1689,llm_verify,True,"Same branded product (Nairn's Cheese Oatcakes), minor naming variations acceptable, weight variance within tolerance.",Yes,Yes,Yes
1698,llm_verify,True,"All standard-tier own-brand White Chocolate Cookies, same product type across retailers, weight variance within tolerance.",Yes,Yes,Yes
1699,llm_verify,False,"Different branded products: The Bakehouse Minis vs Merba—different manufacturers and product lines, not the same core product.",No,Yes,Yes
1706,llm_verify,False,Tesco product is Galaxy Cookie Crumble & Milk (different variant) vs ASDA/Sainsbury's Galaxy Smooth Milk Cookies (same variant),No,Yes,Yes
1714,llm_verify,True,"Both premium-tier all-butter shortbread fingers, same weight, same tier",Yes,Yes,Yes
1718,llm_verify,False,Tesco product is Chocolate Gems (different product) vs ASDA/Sainsbury's Victoria Chocolate Creations (same product),No,Yes,Yes
1724,llm_verify,True,"All Kellogg's Pop-Tarts Chocotastic/Choctastic, same core product, pack count differences do not affect Q1",Yes,Yes,Yes
1727,llm_verify,False,Sainsbury's and Tesco are Oats Raisin variant vs ASDA/Morrisons Choc Chip variant (different flavours),No,Yes,Yes
1729,llm_verify,True,"All Cadbury Brunch Peanut bars, same core product, pack count/format differences do not affect Q1",Yes,Yes,Yes
1731,llm_verify,False,ASDA is Cadbury Bournville Brunch (premium sub-brand) vs Sainsbury's/Tesco Cadbury Brunch (standard line),No,Yes,Yes
1735,llm_verify,True,"Both Rakusen's Matzos, same product, same weight",Yes,Yes,Yes
1747,llm_verify,True,"All Snack a Jacks Caramel Jumbo/Sharing Rice Cakes, same core product, minor naming/weight variance acceptable",Yes,Yes,Yes
1753,llm_verify,True,"All Snack a Jacks Chocolate Chip Jumbo/Sharing Rice Cakes, same core product, weight variance within 15%",Yes,Yes,Yes
1760,llm_verify,True,"All Kallo Beetroot Veggie Cakes, branded product, minor naming variations acceptable",Yes,Yes,Yes
1773,llm_verify,True,"All Bakery Delights Crispbakes, same own-brand product across retailers",Yes,Yes,Yes
1775,llm_verify,True,"All Mrs Crimble Vegan Gluten Free Chocolate Macaroons, pack count difference irrelevant to Q1",Yes,Yes,Yes
1815,llm_verify,True,"All Nature Valley Crunchy Dipped Oats & Yoghurt bars, pack count irrelevant to Q1",Yes,Yes,Yes
1835,llm_verify,True,"All Belvoir Elderflower Cordial 500ml, branded product with minor naming variations",Yes,Yes,Yes
1841,llm_verify,True,"All Vimto Original Squash 2L, branded product with minor naming variations",Yes,Yes,Yes
1853,llm_verify,False,ASDA product is Black Currants; Sainsbury's and Tesco are Summer Fruits—different flavours,No,Yes,Yes
1891,llm_verify,False,ASDA has Pine Nut; Tesco has Provola—different core ingredients,No,Yes,Yes
1903,llm_verify,True,"All Pot Noodle Sticky Rib 90g, branded product with minor naming variations",Yes,Yes,Yes
1908,llm_verify,True,"All Nissin Soba Chilli Instant Noodles, branded product with minor naming variations",Yes,Yes,Yes
1912,llm_verify,True,"Same branded product (Batchelors Super Noodles Curry), minor size variance within tolerance.",Yes,Yes,Yes
1950,llm_verify,False,Tesco product is Macaroni & Cheese (different pasta shape/recipe) vs Cheese & Broccoli in others.,No,Yes,Yes
1951,llm_verify,True,"Same branded product (Nissin Wok Style Soba/Yakisoba), minor naming variations acceptable.",Yes,Yes,Yes
1960,llm_verify,False,"Different brands (Ayoola, Shangri-La, Ko-Lee) are not the same core product.",No,Yes,Yes
1984,llm_verify,False,Batchelors branded vs King Pot/Pot Pasta (different brands/product lines).,No,Yes,Yes
1987,llm_verify,False,"Different brands (Podravka, Osem) are not the same core product.",No,Yes,Yes
1989,llm_verify,False,Wai Wai Vegetable vs Kabuto Vegetable Laksa are different brands and flavour variants.,No,Yes,Yes
2004,llm_verify,True,"Same branded product (Naked Chicken Yakisoba), identical weight.",Yes,Yes,Yes
2006,llm_verify,True,"Same branded product (Indomie/Indo Mie Chicken), minor spelling variations acceptable.",Yes,Yes,Yes
2011,llm_verify,False,Different pack counts (10 vs 12 vs 9) and Peppa Pig character variant; weight variance exceeds 15%.,No,No,Yes
2034,llm_verify,True,"All branded Ainsley Harriott Spice Sensation couscous, same weight; minor spelling variation (Harriot vs Harriott) is acceptable.",Yes,Yes,Yes
2035,llm_verify,True,All standard-tier own-brand Mediterranean couscous; 9.1% variance within tolerance.,Yes,Yes,Yes
2036,llm_verify,True,Both branded Ainsley Harriott Moroccan Medley couscous; minor spelling variation acceptable.,Yes,Yes,Yes
2041,llm_verify,False,Mixed products: two Caribbean variants and one Moroccan Medley; not the same core product.,No,Yes,Yes
2059,llm_verify,True,"All standard-tier own-brand tangerines, same weight; marketing descriptors do not change core product.",Yes,Yes,Yes
2062,llm_verify,True,"All standard-tier own-brand watermelons; size data unavailable, assume comparable per pre-check.",Yes,Yes,Yes
2063,llm_verify,True,"All standard-tier own-brand Braeburn apples; pack count (5 Pack) is not a Q1 factor; size data unavailable, assume comparable.",Yes,Yes,Yes
2065,llm_verify,True,"All standard-tier own-brand Granny Smith apples; 'Single' is pack format, not a product type difference; size data unavailable, assume comparable.",Yes,Yes,Yes
2082,llm_verify,True,All standard-tier own-brand fruit loaves; 3.0% variance within tolerance.,Yes,Yes,Yes
2089,llm_verify,False,Different product formats: Ice Lollies vs Push-Ups; not the same core product despite same brand and flavour.,No,Yes,Yes
2090,llm_verify,False,Tesco product is 'Fruit Stack' not 'Fruit Twisties' — different product variant,No,Yes,Yes
2096,llm_verify,True,"All premium-tier Medjool dates, same weight, same tier",Yes,Yes,Yes
2098,llm_verify,True,All Deglet Nour dates same weight; own-brand products at same tier,Yes,Yes,Yes
2104,llm_verify,True,"All Giant Mango, standard tier own-brand; size data unavailable treated as comparable",Yes,Yes,Yes
2110,llm_verify,False,ASDA is 'Fruit Stack' while Tesco is 'Fruit Twisties' — different product variants,No,Yes,Yes
2116,llm_verify,False,Sainsbury's product is 'Lunchbox Loaf Bars x5' (individual bars) not whole malt loaf — different product format,No,Yes,Yes
2138,llm_verify,False,ASDA is 'Loose Lemon' (fresh fruit) while Morrisons/Tesco are 'Lemon Mousse' (dessert) — different products,No,Yes,Yes
2140,llm_verify,False,Tier mismatch: ASDA is branded (Wensleydale Creamery) while Morrisons is standard own-brand,Yes,Yes,No
2141,llm_verify,True,"All Wensleydale & Apricot cheese, standard tier own-brand, weight variance within 15%",Yes,Yes,Yes
2145,llm_verify,False,Ice Club (1800kg) vs The Ice Co. (2000kg) — different branded products,No,Yes,Yes
2146,llm_verify,False,Ice Club and The Ice Co. are different brands; not the same core product,No,Yes,Yes
2169,llm_verify,True,"All spray carnation bouquets, same tier own-brand across retailers",Yes,Yes,Yes
2171,llm_verify,False,Mixed Roses (flowers) vs Mixed Raisins (confectionery) are different products,No,Yes,Yes
2172,llm_verify,False,Rainbow Bouquet (flowers) vs Rainbow Belt Sweets (confectionery) are different products,No,Yes,Yes
2175,llm_verify,True,"All BEAR Fruit Yoyos Apple, same branded product across retailers",Yes,Yes,Yes
2176,llm_verify,True,"All BEAR Fruit Yoyos Raspberry, same branded product across retailers",Yes,Yes,Yes
2177,llm_verify,True,"All BEAR Fruit Yoyos Mango, same branded product across retailers",Yes,Yes,Yes
2182,llm_verify,True,"Both Kopparberg Mixed Fruit Cider, same branded product",Yes,Yes,Yes
2185,llm_verify,True,"All Kopparberg Mixed Fruit Cider cans, same branded product across retailers",Yes,Yes,Yes
2190,llm_verify,True,"Both Princes Summer Fruit Filling, same branded product",Yes,Yes,Yes
2208,llm_verify,True,"All standard-tier own-brand fruit & nut muesli, identical weight, same tier.",Yes,Yes,Yes
2217,llm_verify,True,Both Mentos branded fruit sweets; pack count difference irrelevant to Q1; all branded so Q3=N/A.,Yes,Yes,Yes
2235,llm_verify,True,All Kopparberg Alcohol-Free Premium Cider with Mixed Fruit; pack format/count differences irrelevant; all branded.,Yes,Yes,Yes
2242,llm_verify,True,All Smirnoff Premium Vodka (No.21 Red Label is the standard label); naming variations acceptable; all branded.,Yes,Yes,Yes
2244,llm_verify,False,"ASDA 'Spirit Drink' vs Morrisons 'Rum' — different product declarations; one is generic spirit, one is rum.",No,Yes,Yes
2250,llm_verify,True,All Captain Morgan Black Spiced (spirit drink/rum variants are same product); naming differences acceptable; all branded.,Yes,Yes,Yes
2254,llm_verify,False,Morrisons 'J.J. Gin' is a different brand from Gordon's; not the same core product.,No,Yes,Yes
2255,llm_verify,False,Brady's Country Cream vs Carthy's Country Cream — different brands; not the same core product.,No,Yes,Yes
2258,llm_verify,True,All Disaronno Originale Amaretto liqueur; naming variations acceptable; all branded.,Yes,Yes,Yes
2260,llm_verify,False,Jack Daniel's Gentleman Jack vs Jack Daniel's Single Barrel — different product variants/expressions.,No,Yes,Yes
2269,llm_verify,True,"All Southern Comfort Original 700ml, minor naming variations acceptable for branded spirits",Yes,Yes,Yes
2277,llm_verify,True,"All Aperol Aperitivo 1000ml, naming variants (Aperitif vs Aperitivo) are equivalent",Yes,Yes,Yes
2278,llm_verify,True,"All Fireball Cinnamon Whisky Liqueur 700ml, minor spelling variants (Whisky vs Whiskey) acceptable",Yes,Yes,Yes
2285,llm_verify,False,Haig Club Clubman vs Loch Lomond Classic are different products; different brands and styles,No,Yes,Yes
2292,llm_verify,True,"All WKD Blue 700ml ready-to-drink, naming variants acceptable",Yes,Yes,Yes
2293,llm_verify,True,"Both Nordic Spirit Bergamot Wildberry nicotine pouches, size data unavailable but assumed comparable",Yes,Yes,Yes
2302,llm_verify,True,"All Smirnoff Ice Original 700ml, naming variants acceptable for branded ready-to-drink",Yes,Yes,Yes
2303,llm_verify,False,Vicelo Pinot Grigio vs Most Wanted Pinot Grigio are different brands; not the same core product,No,Yes,Yes
2317,llm_verify,False,ASDA Extra Special Botanical Dry Gin vs The Botanist Islay Dry Gin are different brands and products,No,Yes,Yes
2330,llm_verify,False,Nemiroff De Luxe vs Xix Premium are different brands; not the same core product,No,Yes,Yes
2332,llm_verify,False,Jameson Black Barrel is a different product variant from Jameson Triple Distilled Blended; different core recipes,No,Yes,Yes
2337,llm_verify,False,ASDA Napoleon V.S.O.P. and Tesco Napoleon are different brandy variants; V.S.O.P. designation indicates different age/quality tier,No,Yes,Yes
2350,llm_verify,False,The Ardmore and The Sexton are different single malt whisky brands; not the same core product,No,Yes,Yes
2357,llm_verify,True,"All Auchentoshan American Oak Single Malt Scotch Whisky, same product across retailers",Yes,Yes,Yes
2360,llm_verify,False,"Four different whisky brands/products: The Singleton, Balvenie, and Aberlour are distinct single malts",No,Yes,Yes
2362,llm_verify,False,"Four different blended Scotch whisky brands: Monkey Shoulder, Ballantine's, and Whyte & Mackay are distinct products",No,Yes,Yes
2365,llm_verify,False,ASDA 3 Year Old V.S.O.P. French Brandy differs from Morrisons/Tesco Napoleon Brandy; different brandy types and age designations,No,Yes,Yes
2366,llm_verify,False,The Singleton of Dufftown and Penderyn are different single malt whisky brands; not the same core product,No,Yes,Yes
2377,llm_verify,False,Greenall's Pineapple Gin and Whitley Neill Pineapple Gin are different gin brands; not the same core product,No,Yes,Yes
2379,llm_verify,False,Bunnahabhain Stiuireadair and Old Pulteney are different single malt Scotch whisky brands; not the same core product,No,Yes,Yes
2380,llm_verify,True,Same branded product (Old Pulteney 12YO) across retailers; minor naming variation acceptable.,Yes,Yes,Yes
2385,llm_verify,False,"Morrisons product is Monkey Shoulder (different brand/product), not Ballantine's Finest.",No,Yes,Yes
2386,llm_verify,False,"Morrisons product is Caribbean Reserve variant, not Founder's Reserve; different product lines.",No,Yes,Yes
2387,llm_verify,False,"Tesco product is Sourz Blackcurrant (different brand), not Tanqueray Blackcurrant Royale.",No,Yes,Yes
2392,llm_verify,False,"Four different blended whisky brands (Shackleton, Grant's, The Woodsman, The Deacon); not the same product.",No,Yes,Yes
2399,llm_verify,True,Same branded product (Jägermeister Herbal Liqueur) across retailers; minor naming variations acceptable.,Yes,Yes,Yes
2402,llm_verify,True,Same branded product (Antica Sambuca Classic) across retailers; minor naming variations acceptable.,Yes,Yes,Yes
2403,llm_verify,False,"Tesco product lists 'Tequila' in description; Chivas Regal is Scotch whisky, not tequila—likely data error or different product.",No,Yes,Yes
2404,llm_verify,False,Morrisons is Reposado variant; ASDA and Sainsbury's are Blanco; Tesco is 818 (different brand). Not the same product.,No,Yes,Yes
2406,llm_verify,True,Same branded product (Drambuie Scotch Whisky Liqueur) across retailers; minor naming variations acceptable.,Yes,Yes,Yes
2410,llm_verify,False,Tesco product is Tangerine & Honeyspiced variant; others are standard Glayva — different flavour variants,No,Yes,Yes
2416,llm_verify,True,"All standard-tier own-brand white rums, same core product type",Yes,Yes,Yes
2430,llm_verify,True,"All standard-tier own-brand dark rums, same core product type",Yes,Yes,Yes
2432,llm_verify,False,"Three different branded brandies (Comte De Laze, Sainsburys own-brand, Courriere) — not the same product",No,Yes,Yes
2436,llm_verify,False,"Four different branded whiskies (Penderyn, Haig Clubman, Haig Clubman, Glen Moray) — not the same core product",No,Yes,Yes
2437,llm_verify,False,ASDA is Rhubarb & Ginger Flavoured Gin Liqueur; others are Crabbie's Rhubarb Alcoholic Ginger Beer — different product types,No,Yes,Yes
2441,llm_verify,False,Duo Spiced Rum vs Admiral's Old J Spiced Rum — different branded products,No,Yes,Yes
2443,llm_verify,False,Morrisons is Founder's Reserve; others are Caribbean Reserve — different Glenlivet variants,No,Yes,Yes
2444,llm_verify,False,ASDA and Morrisons are gift sets; Sainsbury's and Tesco are premix cans — different product formats,No,Yes,Yes
2445,llm_verify,False,Glen Moray Twisted Vine vs Tullibardine Sovereign — two different branded single malts,No,Yes,Yes
2447,llm_verify,False,Different branded products: Dewar's vs Scots Club are distinct whisky brands,No,Yes,Yes
2448,llm_verify,False,Different core products: Blended Malt vs Highland Single Malt are different whisky types,No,Yes,Yes
2473,llm_verify,True,"All premium-tier own-brand Malbec wines, same core product type",Yes,Yes,Yes
2477,llm_verify,False,Different Hardys product lines: Crest vs Stamp are distinct variants,No,Yes,Yes
2489,llm_verify,False,Four different branded Chardonnay products from different producers,No,Yes,Yes
2491,llm_verify,True,"All premium-tier own-brand Chardonnay wines, same core product type",Yes,Yes,Yes
2495,llm_verify,False,Different Hardys product lines: Stamp vs Nottage Hill are distinct variants,No,Yes,Yes
2496,llm_verify,False,Different Hardys product lines: Stamp vs Nottage Hill are distinct variants,No,Yes,Yes
2502,llm_verify,False,Different branded Rioja wines: Faustino vs Reino De La Vina,No,Yes,Yes
2503,llm_verify,False,Different Malbec variants: Uco Valley vs Cahors are distinct regional/style products,No,Yes,Yes
2506,llm_verify,False,"Different branded Merlot wines from different regions/producers (ASDA generic, Morrisons Chilean, Sainsbury's Maipo, Tesco Valle De Colchagua) — not the same core product",No,Yes,Yes
2507,llm_verify,False,"Different branded Chablis wines from different producers (ASDA Domaine de la Levee, Morrisons generic, Sainsbury's generic, Tesco Premier Cru) — not the same core product",No,Yes,Yes
2509,llm_verify,False,"Different branded Rioja wines from different producers (Faustino, Montelciego, Cune) — not the same core product",No,Yes,Yes
2520,llm_verify,False,"Different branded Rioja Gran Reserva wines from different producers (Marques del Norte, unnamed Sainsbury's, Vina Del Cura) — not the same core product",No,Yes,Yes
2522,llm_verify,False,Different branded Chardonnays from different regions/producers; also tier mismatch (ASDA unknown vs Sainsbury's/Tesco premium),No,Yes,No
2523,llm_verify,False,"Same brand (Beefsteak Club) but different Malbec variants from different regions (Pays d'Oc, Mendoza, generic) — not the same core product",No,Yes,Yes
2525,llm_verify,False,"Different branded Chardonnays from different producers/regions (Macon-Villages, Wente Vineyards, Kleine Zalze) — not the same core product",No,Yes,Yes
2528,llm_verify,False,"Different branded Rioja Reserva wines from different producers (Marques Del Norte, unnamed Sainsbury's, unnamed Tesco) — not the same core product",No,Yes,Yes
2536,llm_verify,False,"Three Wise Wolf Chardonnays but Tesco product is Casa Mana Chardonnay — different branded wines, not the same core product",No,Yes,Yes
2537,llm_verify,False,"Different branded Chardonnays from different producers (Le Manoir du Baron, Clos Du Bois, Louis Jadot, Louis Latour) — not the same core product",No,Yes,Yes
2541,llm_verify,False,"Different wine brands/producers (Vidal-Fleury, Louis Raynald, Cru Des Côtes, Palais St Vigny) — not the same core product",No,Yes,Yes
2545,llm_verify,False,"Different Chardonnay brands (Rosemount Estate, Rosemount Diamond Selection, PepperBox) — not the same core product",No,Yes,Yes
2547,llm_verify,False,"Different sparkling wine brands (Priogrigio, Bird in Hand) — not the same core product",No,Yes,Yes
2548,llm_verify,False,"Different rosé brands (La Gioiosa, Nozeco) — not the same core product",No,Yes,Yes
2550,llm_verify,False,"Different sparkling rosé brands (Pendium, Fleurs De Prairie, Rivarose) — not the same core product",No,Yes,Yes
2551,llm_verify,True,"All Kronenbourg 1664 Lager Beer, same brand and product across retailers",Yes,Yes,Yes
2552,llm_verify,True,"All Corona Extra Premium Lager Beer, same branded product across retailers",Yes,Yes,Yes
2555,llm_verify,True,"All Tyskie Polish Lager Beer, same branded product across retailers",Yes,Yes,Yes
2556,llm_verify,False,San Miguel Premium Lager vs San Miguel Especial — different product variants,No,Yes,Yes
2560,llm_verify,True,"All Cruzcampo Sevilla Lager Beer 10x440ml, same branded product across retailers",Yes,Yes,Yes
2562,llm_verify,True,"All Staropramen Premium Czech Lager, branded product, minor size variance within tolerance",Yes,Yes,Yes
2563,llm_verify,False,"Morrisons product is single bottle, others are 12-packs; different product specifications",No,Yes,Yes
2567,llm_verify,True,"All Budweiser Budvar Original Czech Lager 500ml, branded product, identical across retailers",Yes,Yes,Yes
2568,llm_verify,False,Morrisons Heverlee is different brand/product from Grolsch; not the same core product,No,Yes,Yes
2572,llm_verify,True,"All Pinot Grigio/Gris 750ml premium-tier own-brands, same tier across retailers",Yes,Yes,Yes
2574,llm_verify,True,"All Singha Premium Thai Lager ~630ml, branded product, negligible size variance",Yes,Yes,Yes
2578,llm_verify,True,"All Duvel The Original Specialty Beer 330ml, branded product, identical across retailers",Yes,Yes,Yes
2579,llm_verify,False,Brooklyn Pilsner (ASDA) is different brand from Holsten Pils (Sainsbury's/Tesco); not same core product,No,Yes,Yes
2586,llm_verify,False,Yealands and The Ned are different brands; not the same core product,No,Yes,Yes
2595,llm_verify,False,Mariana Bay and Oxford Landing are different brands; not the same core product,No,Yes,Yes
2600,llm_verify,False,Henry Westons Vintage Cider vs Henry Westons Vintage Oak Aged are different product variants (oak-aged is a distinct recipe/process),No,Yes,Yes
2602,llm_verify,False,Hardys Stamp of Australia Pinot Grigio vs Hardys VR Pinot Grigio are different product lines/variants within the Hardys brand,No,Yes,Yes
2608,llm_verify,False,"Four different branded wines (Nice Drop, Brancott Flight, Porcupine Ridge, Mountain Vineyards) — not the same core product",No,Yes,Yes
2609,llm_verify,False,Nice Drop White Zinfandel vs Sundown Beach White Zinfandel are different branded wines,No,Yes,Yes
2611,llm_verify,False,"Four different branded Sauvignon Blancs (Aupouri, Campaneo, Amandla, Amandla) — not the same core product",No,Yes,Yes
2615,llm_verify,True,All Thatchers Haze Cloudy Somerset Cider; pack count differences (10-pack vs cans) do not affect Q1; same branded product,Yes,Yes,Yes
2618,llm_verify,False,"Four different branded Sauvignon Blancs (Graham Norton, Calvet Prestige, Toluga Bay, Shallow Bay) — not the same core product",No,Yes,Yes
2622,llm_verify,False,"Three different branded Cabernet Sauvignons (Nice Drop, Hawkstone, Barkan) — not the same core product",No,Yes,Yes
2626,llm_verify,False,"Four different branded Pinot Grigio wines (Voga, Terramare, PinotPinot, Wairau Cove) — not the same core product",No,Yes,Yes
2627,llm_verify,False,"Four different branded Trebbiano Pinot Grigio wines (Nice Drop, Primo Vere, San Marco, Dino) — not the same core product",No,Yes,Yes
2628,llm_verify,False,Q1 fails: Guinness Original vs Guinness Draught are different product variants (different brewing/carbonation methods),No,Yes,Yes
2631,llm_verify,False,"Q1 fails: Cono Sur Pinot Noir, Cono Sur Bicicleta, and Zana are different branded products/variants",No,Yes,Yes
2632,llm_verify,True,All Guinness Nitrosurge stout beer cans; same core product across retailers,Yes,Yes,Yes
2637,llm_verify,False,"Q1 fails: Nice Drop, Fynbos, Bourgogne, and Estancia are four different branded Pinot Noir wines",No,Yes,Yes
2641,llm_verify,False,"Q1 fails: Diablo Black, Wise Wolf, Porcupine Ridge, and Diablo Black are different branded Cabernet Sauvignon wines",No,Yes,Yes
2645,llm_verify,False,"Q1 fails: Espartero, Beronia, and Marques De Riscal are three different branded Rioja Reserva wines",No,Yes,Yes
2655,llm_verify,False,"Q1 fails: Mud House Chile, Fairbank, and Southlands are different branded Sauvignon Blanc Rosé wines",No,Yes,Yes
2656,llm_verify,False,"Q1 fails: Hardy's Crest, Workshop Mastercraft, Vina Maipo, and Isla Negra are four different branded Sauvignon Blanc wines",No,Yes,Yes
2662,llm_verify,False,"Q1 fails: La Corriente, Chapmans Bay, Cloudy Bay, and Grande Nuit are four different branded Sauvignon Blanc wines",No,Yes,Yes
2663,llm_verify,False,"Q1 fails: LaCheteau, The Horologist, Clearsprings, and Boschendal are four different branded Sauvignon Blanc wines",No,Yes,Yes
2664,llm_verify,False,"Different branded wines (Diablo, Cono Sur, Beefsteak Club) are not the same core product",No,Yes,Yes
2665,llm_verify,False,"Different branded wines (Yellowwood, Yealands, Babich) are not the same core product",No,Yes,Yes
2669,llm_verify,False,"Different branded Cabernet Sauvignons (Wise Wolf, Head Honcho, Isla Negra) are not the same core product",No,Yes,Yes
2671,llm_verify,False,"Different branded Pinot Grigio wines (Pendium, Italia, Mondelli, Caparelli) are not the same core product",No,Yes,Yes
2678,llm_verify,False,"Different branded Pinot Grigio wines (The Ned, Sorso, Italiano) are not the same core product",No,Yes,Yes
2679,llm_verify,False,"Different branded Pinot Noir wines (Le Manoir, Paul Mas, Luis Felipe Edwards) are not the same core product",No,Yes,Yes
2685,llm_verify,True,All Guinness Original Extra Stout; same branded product across formats and retailers,Yes,Yes,Yes
2693,llm_verify,False,Different branded products (Fillipo Sansovino vs Pinot Pinot) are not the same core product,No,Yes,Yes
2694,llm_verify,False,Different Thatchers cider variants (Old Rascal Oak Aged vs Katy) are not the same core product,No,Yes,Yes
2695,llm_verify,False,Different branded rosé wines (Barefoot vs Pepperbox) are not the same core product,No,Yes,Yes
2697,llm_verify,False,"All branded wines but different brands/varieties (Paul Mas, Diablo Black, Penfolds Max's, Porcupine Ridge) — not the same core product",No,Yes,Yes
2698,llm_verify,False,"Two Gary Barlow Organic Rosé products but third is Love By Leoube — different brands, not same core product",No,Yes,Yes
2699,llm_verify,True,Same branded wine (Castillo De Ibiza/D'ibiza Rosé) across retailers; minor spelling variation acceptable,Yes,Yes,Yes
2702,llm_verify,True,Same branded cider (Thatchers Somerset Haze) across formats (bottles and cans); package format differences do not affect Q1,Yes,Yes,Yes
2705,llm_verify,False,Different branded wines (La Corriente vs Bruce Jack) — not the same core product,No,Yes,Yes
2708,llm_verify,False,Different branded rosé wines (Joy Fruity vs Not Guilty) — not the same core product,No,Yes,Yes
2721,llm_verify,False,ASDA King Prawns (plain) vs Morrisons King Prawn Linguine (pasta dish) — different core products,No,Yes,No
2762,llm_verify,False,Whitby Seafoods Scampi Bites vs Young's Popcorn Scampi Bites — different branded products,No,Yes,No
2772,llm_verify,True,All standard-tier own-brand petits pois across retailers; same food type and tier,Yes,Yes,Yes
2774,llm_verify,True,All standard-tier own-brand garden peas across retailers; same food type and tier,Yes,Yes,Yes
2775,llm_verify,True,"All same core product (broccoli florets), standard tier own-brand, within variance",Yes,Yes,Yes
2776,llm_verify,True,"All same core product (mixed vegetables), standard tier own-brand, identical weights",Yes,Yes,Yes
2778,llm_verify,True,"All same core product (brussels sprouts), standard tier own-brand, identical weights",Yes,Yes,Yes
2779,llm_verify,True,"All same branded product (Weight Watchers Salmon & Broccoli Melt), identical weights",Yes,Yes,Yes
2790,llm_verify,False,"Sainsbury's product is chicken wings, others are chicken strips—different core product",No,Yes,Yes
2793,llm_verify,True,"All same branded product (Tahira Chicken Frankfurters), pack count irrelevant to Q1, identical weights",Yes,Yes,Yes
2894,llm_verify,False,"ASDA is deep pan pepperoni, Morrisons/Tesco are stonebaked thin with different flavours—different products",No,Yes,Yes
2904,llm_verify,False,"Mixed flavours (Sloppy Joe, Margherita, Pepperoni)—not the same core product",No,Yes,Yes
2917,llm_verify,True,"All same core product (garlic baguettes x2), standard tier own-brand, within variance",Yes,Yes,Yes
2929,llm_verify,True,"All same core product (stonebaked BBQ chicken pizza), standard tier own-brand, within variance",Yes,Yes,Yes
2931,llm_verify,False,Q1 fails: Sainsbury's is 'Thin Pizza' while others are standard/deep pan crust types — different core product,No,Yes,Yes
2932,llm_verify,False,Q1 fails: ASDA 'Classic Crust Mighty Meaty Feast' vs Morrisons 'Meat Feast' — different product variants/names indicate different recipes,No,Yes,Yes
2934,llm_verify,False,"Q1 fails: Four different Dr. Oetker Ristorante variants (Mushroom, Primo Salame Piccante Nduja, Primo Salame Piccante Nduja, Hawaii) — not the same core product",No,Yes,Yes
2937,llm_verify,False,Q1 fails: ASDA 'Fully Loaded Deep Dish Pepperoni' vs Tesco 'Deep Dish Peppered Cheesesteak' — different flavour/topping variants,No,Yes,Yes
2948,llm_verify,False,Q1 fails: ASDA 'Primo Salame Piccante Nduja' vs three 'Funghi' pizzas — different product types,No,Yes,Yes
2960,llm_verify,False,Q1 fails: Morrisons 'Stuffed Pepperoni' vs ASDA/Sainsbury's 'Magnificent Meat Feast' — different topping variants,No,Yes,Yes
2964,llm_verify,False,Q1 fails: ASDA/Morrisons 'Philly Cheesesteak' vs Tesco 'Cheesy Stuffed Crust' — different product variants,No,Yes,Yes
2965,llm_verify,False,Q1 fails: ASDA/Morrisons plain 'Chicken Breast Strips' vs Sainsbury's 'Slow Cooked' and Tesco 'Slow Cooked Chasseur' — different preparation methods and flavours,No,Yes,Yes
2981,llm_verify,True,All same core product: honey-glazed gammon joint; same tier; weight variance acceptable,Yes,Yes,Yes
2982,llm_verify,False,Q1 fails: ASDA 'Diced Lamb' (unspecified cut) vs Sainsbury's 'Diced Lamb Shoulder' (specific cut) — different product specifications,No,Yes,Yes
2984,llm_verify,False,Different fat content (12% vs 20%) = different product specifications,No,Yes,Yes
2986,llm_verify,False,Beef Strips vs Minced Beef Pasties = different core products,No,Yes,Yes
2996,llm_verify,False,"Carrot, Peas & Sweetcorn vs Carrots, Broccoli & Sweetcorn = different vegetable mix",No,Yes,Yes
3032,llm_verify,False,Young's Simply Breaded vs Young's Chip Shop = different product lines/recipes,No,Yes,Yes
3043,llm_verify,True,"All wholetail breaded scampi, same tier, within variance",Yes,Yes,Yes
3049,llm_verify,False,New York Cheesecake vs Mandarin Cheesecake = different flavours,No,Yes,Yes
3077,llm_verify,True,"All calorie-controlled beef lasagne, same tier, within variance",Yes,Yes,Yes
3078,llm_verify,False,Hunters Chicken with Potato Wedges vs Hunter's Chicken Breast vs Breaded Chicken Strips = different products,No,Yes,Yes
3080,llm_verify,True,"Both quarter pound beef burgers, same tier, within variance",Yes,Yes,Yes
3106,llm_verify,True,"Both Linda McCartney's vegetarian sausage rolls, same product, within variance",Yes,Yes,Yes
3179,llm_verify,True,All Solero Red Berries ice cream; pack count differences irrelevant to Q1,Yes,Yes,Yes
3182,llm_verify,True,All Calippo Cola ice lollies; pack count irrelevant to Q1,Yes,Yes,Yes
3230,llm_verify,False,Wall's Multipack (unspecified flavour/type) vs Feast Original (specific flavour) — different core products,No,Yes,Yes
3245,llm_verify,True,All standard-tier steak family pies; minor weight variance within tolerance,Yes,Yes,Yes
3261,llm_verify,False,Spotty Lollies vs Spotty Dotties — different product names indicate different products,No,Yes,Yes
3262,llm_verify,True,All standard-tier roast chicken family pies; minor weight variance within tolerance,Yes,Yes,Yes
3289,llm_verify,False,Profiteroles & Chocolate Sauce vs M&M's Chocolate Pouch vs Chocolate Profiterole — different core products,No,Yes,Yes
3312,llm_verify,False,"Ben & Jerry's Sundae Choco-Lotta Cheesecake vs Cookie Dough — different flavours, different products",No,Yes,Yes
3316,llm_verify,False,Gut Health Cultured Coconut Yog Plain vs Natural Yogurt vs Natural Yogurt Alternative — different product variants/formulations,No,Yes,Yes
3327,llm_verify,True,All Actimel Strawberry Cultured Yoghurt Drink; pack count irrelevant to Q1,Yes,Yes,Yes
3328,llm_verify,True,"All Actimel Multifruit branded products, same core drink across retailers with minor naming variations.",Yes,Yes,Yes
3330,llm_verify,True,"All Actimel Strawberry & Blueberry branded products, same core drink across retailers.",Yes,Yes,Yes
3333,llm_verify,True,"All Actimel Plus Cherry & Elderberry Twist branded products, same core drink across retailers.",Yes,Yes,Yes
3335,llm_verify,True,"All Actimel Plus Strawberry & Pomegranate Twist branded products, same core drink across retailers.",Yes,Yes,Yes
3336,llm_verify,True,"All Actimel Plus Mango & Turmeric Twist branded products, same core drink across retailers.",Yes,Yes,Yes
3339,llm_verify,True,"All Actimel Original 0% Added Sugar Fat Free branded products, same core drink across retailers.",Yes,Yes,Yes
3340,llm_verify,True,"All Actimel Blueberry branded products, same core drink across retailers.",Yes,Yes,Yes
3342,llm_verify,True,"Both Benecol Peach & Apricot No Added Sugar branded products, same core drink.",Yes,Yes,Yes
3343,llm_verify,False,Different lemon yogurt variants: ASDA/Morrisons are plain lemon yogurt; Sainsbury's is lemon tarts; Tesco is lemon curd yogurt. Not the same core product.,No,Yes,Yes
3352,llm_verify,False,Tier mismatch: Longley Farm (standard/unknown tier) paired with Sainsbury's Taste the Difference and Tesco Finest (premium tier). Also different product lines (Longley Farm vs premium own-brands).,No,Yes,No
3354,llm_verify,False,"Longley Farm Strawberry Yogurt (own-brand at ASDA/Morrisons) is a different core product from Müller Corner Strawberry Yogurt (branded). Different manufacturers, different product lines.",No,Yes,Yes
3357,llm_verify,True,"All premium-tier own-brand Greek yogurts, same core product type across retailers.",Yes,Yes,Yes
3363,llm_verify,False,Cadbury Dairy Milk Pots of Joy (chocolate dessert) is a different core product from Cadbury Dairy Milk Chocolate Bar Multipack (chocolate bars). Different product types.,No,Yes,Yes
3387,llm_verify,False,"Yeo Valley Organic Greek Style Natural Yogurt differs from Yeo Valley Organic Natural Kefir Yogurt. Kefir is a distinct fermented product type, not the same as Greek yogurt.",No,Yes,Yes
3388,llm_verify,False,Activia Fibre Muesli Yogurt 4x115g (460g multipack) differs from Activia Fibre Muesli 450g (single pot). Different pack formats and product presentations.,No,Yes,Yes
3403,llm_verify,True,"All Activia Raspberry & Chia Seed Muesli Low Fat Yogurt, same branded product across retailers with minor naming variations.",Yes,Yes,Yes
3406,llm_verify,False,Activia Fusion Blueberry (475g single) differs from Activia Blueberry Acai Fusions 4x120g (multipack). Different pack formats and acai ingredient addition in multipack variant.,No,Yes,Yes
3407,llm_verify,False,Activia Fibre Apple Cereals Yogurt 4x115g (460g multipack) differs from Activia Fibre Apple & Cereal 450g (single pot). Different pack formats and product presentations.,No,Yes,Yes
3434,llm_verify,False,Yeo Valley Organic Greek Recipe 5% Strained differs from Yeo Valley Organic Super Thick 5% Fat. Different product variants with distinct texture/preparation descriptors.,No,Yes,Yes
3447,llm_verify,True,"All GU Milk Chocolate Mousse & Ganache desserts, same branded product across retailers. Pack count (single vs 2x70g) is irrelevant to Q1.",Yes,Yes,Yes
3450,llm_verify,True,"Same branded product (Arla Protein Strawberry), identical weight, both branded.",Yes,Yes,Yes
3454,llm_verify,False,Different product variants: 'Greek Style Mango' vs 'Go On Mango' — different product lines.,No,Yes,Yes
3456,llm_verify,False,Tesco product is 'Free From' variant (different recipe/allergen profile) vs standard Spanish Lemon Cheesecake.,No,Yes,Yes
3465,llm_verify,True,Same core product (Cholesterol Lowering Strawberry Yogurt Drink 6×100g) across standard-tier own-brands.,Yes,Yes,Yes
3468,llm_verify,True,Same core product (Cholesterol Lowering Blueberry Yogurt Drink 6×100g) across standard-tier own-brands.,Yes,Yes,Yes
3484,llm_verify,True,"Same branded product (GU Inspirations Brookie/Brookies), identical weight.",Yes,Yes,Yes
3486,llm_verify,False,Tesco product is Gogo Squeez (different brand/product type) vs Fage strained yoghurt.,No,Yes,Yes
3491,llm_verify,True,"Same branded product (Yeo Valley Organic 0% Fat Greek Style Natural Yogurt), identical weight across all variants.",Yes,Yes,Yes
3494,llm_verify,True,"Same branded product (Yeo Valley Organic Blueberry & Lime), identical weight.",Yes,Yes,Yes
3517,llm_verify,False,Sainsbury's product is 'The Collective' brand (different brand) vs Biotiful Kefir at other retailers.,No,Yes,Yes
3531,llm_verify,False,"Tesco product is Chocolate Brownie Sundae, not Chocolate Sundae; different core product type",No,Yes,Yes
3533,llm_verify,True,"Same core product (strawberry dessert), same tier, within variance",Yes,Yes,Yes
3535,llm_verify,False,"Tesco product is Trifle Chocolate, not Chocolate Supremes; different core product type",No,Yes,Yes
3554,llm_verify,False,"ASDA is 300ml, Tesco is 330ml; different volume sizes indicate different product specifications",No,Yes,Yes
3555,llm_verify,False,"Tesco product is Ufit Pro50, a different product line variant from standard Ufit Strawberry",No,Yes,Yes
3566,llm_verify,False,ASDA Apple Crumbles vs Morrisons/Sainsbury's Bramley Apple Crumble; different apple varieties indicate different products,No,Yes,Yes
3569,llm_verify,True,"Same core product (chocolate mousse), same tier, identical weight",Yes,Yes,Yes
3572,llm_verify,True,"Same core product (chocolate mousse), both value tier, pack count irrelevant to Q1",Yes,Yes,Yes
3575,llm_verify,True,"Same core product (strawberry mousse), same tier, identical weight",Yes,Yes,Yes
3580,llm_verify,True,"Same core product (sticky toffee pudding), same tier, within variance; pack count irrelevant",Yes,Yes,Yes
3599,llm_verify,False,ASDA Extra Special Finely Sliced Ham vs Morrisons Breaded Wiltshire Ham — breading is a material product difference; Tesco Finely Sliced Wiltshire Cured Ham matches ASDA but Morrisons breaded variant is distinct.,No,Yes,Yes
3604,llm_verify,True,Both standard-tier wafer-thin/lean cooked ham at identical weight; same core product.,Yes,Yes,Yes
3640,llm_verify,True,"All Najma branded smoked sliced turkey rashers, identical weight; minor naming order variations are acceptable.",Yes,Yes,Yes
3646,llm_verify,True,Both standard-tier peppered salami; weight variance 13.3% within tolerance.,Yes,Yes,Yes
3655,llm_verify,False,ASDA Smoky BBQ Pulled Pork vs Oliver James Slow Cooked Pork Ribs — different cuts and cooking methods; pulled pork ≠ ribs.,No,Yes,No
3656,llm_verify,False,"Chicken en Croûte (ASDA, Morrisons) vs Chicken Chow Mein (Tesco) — different dishes; en croûte is pastry-wrapped, chow mein is stir-fried noodles.",No,Yes,Yes
3657,llm_verify,True,All standard-tier Spanish cured meat/tapas selections at identical weight; minor naming variations acceptable.,Yes,Yes,Yes
3666,llm_verify,False,ASDA Delicate Prosciutto vs Morrisons/Tesco Prosciutto Cotto — 'Cotto' (cooked) is a distinct product type from standard prosciutto.,No,Yes,Yes
3674,llm_verify,False,ASDA German Style Salami (single) vs Morrisons Salami Selection and Tesco German Salami Selection — 'Selection' implies multiple varieties; single product ≠ selection.,No,Yes,Yes
3678,llm_verify,False,"ASDA Italian Style Salami (single) vs Morrisons Italian Selection, Sainsbury's Italian Antipasto Selection, Tesco Italian Salami Selection Platter — single product ≠ selection/platter.",No,Yes,Yes
3688,llm_verify,False,ASDA and Morrisons are own-brand cured chicken; Tulip products are branded. Different product types (own-brand vs branded cured chicken).,No,Yes,Yes
3695,llm_verify,False,Morrisons Chicken Wings is a different cut/product type than Roast Chicken Thighs in the other three items.,No,Yes,Yes
3711,llm_verify,True,"All are Hunter's Chicken (same core product), same tier, within weight variance.",Yes,Yes,Yes
3713,llm_verify,False,ASDA Smoked Hake Fillets is a different fish species than Morrisons and Sainsbury's Smoked Basa Fillets.,No,Yes,Yes
3715,llm_verify,False,H. Forman & Son is a branded premium product; ASDA and Tesco are standard-tier own-brand. Tier mismatch.,Yes,Yes,No
3731,llm_verify,False,Tesco Frosties is a different Kellogg's cereal variant than Raisin Wheats in the other three items.,No,Yes,Yes
3733,llm_verify,False,ASDA Bran Flakes and Tesco Cornflakes are different cereal types.,No,Yes,Yes
3736,llm_verify,False,ASDA Wheat Bisks is a different cereal product type than Morrisons and Sainsbury's Puffed Wheat.,No,Yes,Yes
3748,llm_verify,False,"All-Bran, Corn Flakes, and Bran Flakes are three different Kellogg's cereal variants.",No,Yes,Yes
3749,llm_verify,False,Frosted Wheats and Bran Flakes are different Kellogg's cereal variants; Sainsbury's Bran Flakes does not match the Frosted Wheats in other three items.,No,Yes,Yes
3752,llm_verify,False,Kellogg's Bran Flakes (3 products) vs Kellogg's Special K Original (Morrisons) — different branded product variants,No,Yes,Yes
3761,llm_verify,False,Triple Chocolate Crisp vs Triple Chocolate Clusters vs Triple Chocolate Trifle — different own-brand product names/recipes,No,Yes,Yes
3763,llm_verify,False,Jordans Country Crisp with Chunky Nuts (2 products) vs Jordans Super Nutty Granola — different branded product variants,No,Yes,Yes
3765,llm_verify,True,"All Jordans Country Crisp Honey & Nuts variants — same core product, minor naming differences acceptable",Yes,Yes,Yes
3780,llm_verify,True,"All Nestle Shredded Wheat Bitesize — same core product, word order and pack count variations acceptable",Yes,Yes,Yes
3787,llm_verify,True,"Both Cookie Crisp — same branded product, minor descriptor variation acceptable",Yes,Yes,Yes
3800,llm_verify,False,Kellogg's Special K Original vs Kellogg's Frosties vs Kellogg's Corn Flakes — three different branded product variants,No,Yes,Yes
3801,llm_verify,False,"Nestle Shredded Wheat (standard) vs Nestle Shredded Wheat Red Ber… (appears to be different variant, possibly Red Berries)",No,Yes,Yes
3806,llm_verify,True,"Both Wheat Biscuits cereal — same core product, pack count difference (24 vs 48) is not a Q1 factor",Yes,Yes,Yes
3808,llm_verify,False,Kellogg's Sultana Bran (2 products) vs Kellogg All Bran Original — different branded product variants,No,Yes,Yes
3840,llm_verify,True,All standard-tier own-brand apple & blueberry porridge; same core product,Yes,Yes,Yes
3861,llm_verify,True,"All Quaker Protein Original porridge; branded product, Q3 N/A",Yes,Yes,Yes
3862,llm_verify,True,"All Quaker Sultanas & Raisins multipack sachets; branded product, Q3 N/A",Yes,Yes,Yes
3863,llm_verify,True,All standard-tier own-brand golden syrup porridge oats; same core product,Yes,Yes,Yes
3883,llm_verify,True,All premium-tier own-brand fruit & nut muesli; same tier and core product,Yes,Yes,Yes
3886,llm_verify,False,Mixed products: FUEL10K porridge vs granola vs chocolate spread; not same core product,No,Yes,No
3909,llm_verify,False,Mixed products: chocolate flavour ready oats vs chocolate spread; not same core product,No,Yes,No
3911,llm_verify,True,All plain porridge oats 1kg; same core product across different own-brand ranges,Yes,Yes,Yes
3912,llm_verify,True,All roasted buckwheat groats 400g; same core product across different own-brand ranges,Yes,Yes,Yes
3949,llm_verify,True,"Both Kopparberg Raspberry cider 500ml; branded product, Q3 N/A",Yes,Yes,Yes
3965,llm_verify,False,Different branded ciders: Cornish Orchards vs Chaplin & Corks Somerset — not the same core product,No,Yes,Yes
3969,llm_verify,True,"All Thatchers Somerset Haze cider, same brand and flavour across retailers; minor naming variations acceptable",Yes,Yes,Yes
3994,llm_verify,False,Different cheese types: Edam vs Extra Mature Grated vs British Hard Goats — not the same core product,No,Yes,Yes
4042,llm_verify,False,Different branded cheeses: ASDA Shropshire Blue vs Saint Agur Blue — not the same core product,No,Yes,Yes
4043,llm_verify,True,All Cambozola (same cheese type) across standard-tier own-brands; minor naming variations acceptable,Yes,Yes,Yes
4044,llm_verify,False,Different branded grated cheeses: Eatlean vs Lake District — not the same core product,No,Yes,Yes
4074,llm_verify,False,ASDA own-brand Cheese Selection Box vs Ilchester branded selections — different product types/brands,No,Yes,Yes
4075,llm_verify,False,Different cheese types: Mlekovita Ementaler vs Miekovita Gouda — not the same core product,No,Yes,Yes
4106,llm_verify,True,All Vintage Cheddar at premium tier across retailers; minor naming variations acceptable,Yes,Yes,Yes
4110,llm_verify,True,All Chavroux Goat's Cheese Log/La Bûche (same branded product); minor naming variations acceptable,Yes,Yes,Yes
4121,llm_verify,True,Same core product (free-from sliced cheddar alternative); both standard tier own-brand; weight variance within tolerance.,Yes,Yes,Yes
4127,llm_verify,True,Same core product (Langres cheese); both premium tier own-brand; identical weight.,Yes,Yes,Yes
4131,llm_verify,True,Same branded product (Philadelphia Intense Herbes de Provence); all branded so Q3 N/A; identical weight.,Yes,Yes,Yes
4138,llm_verify,True,Same core product (Gouda slices); all branded (Mlekovita/Mlekpol); identical weight.,Yes,Yes,Yes
4153,llm_verify,True,Same core product (16 seafood sticks 250g); all standard tier own-brand; pack count irrelevant to Q1; identical weight.,Yes,Yes,Yes
4163,llm_verify,True,Same core product (Scottish mussels in garlic butter 500g); all standard tier own-brand; serving notation irrelevant to Q1; identical weight.,Yes,Yes,Yes
4165,llm_verify,True,Same core product (mild smoked salmon 100g); all premium tier own-brand; identical weight.,Yes,Yes,Yes
4175,llm_verify,True,Same core product (cod loin); all premium tier own-brand; weight variance 3.8% within 15% tolerance.,Yes,Yes,Yes
4237,llm_verify,True,Same core product (chopped tomatoes with herbs 400g); all standard tier own-brand; identical weight.,Yes,Yes,Yes
4252,llm_verify,True,Same branded product (Farrow's giant marrowfat peas); all branded; drained weight notation irrelevant; identical weight.,Yes,Yes,Yes
4264,llm_verify,False,Different core products: Green Giant Original Sweetcorn with Peppers vs Green Giant Salt Free Sweetcorn (different recipe/ingredients),No,Yes,Yes
4276,llm_verify,True,"All Heinz Spaghetti & Sausages in Tomato Sauce, same weight, minor naming variations acceptable",Yes,Yes,Yes
4281,llm_verify,False,Crosse & Blackwell Minestrone vs Crosse and Blackwell Best of British (different product lines/recipes),No,Yes,Yes
4293,llm_verify,False,Princes Stewed Steak vs Grant's Premium Stewed Steak (different brands),No,Yes,Yes
4321,llm_verify,False,Mixed Bean Salad vs 3 Bean Salad (different product types: mixed beans vs specifically 3-bean),No,Yes,Yes
4326,llm_verify,False,Mixed Beans vs Refried Beans (different product types: mixed beans vs refried preparation),No,Yes,Yes
4331,llm_verify,True,"All Satonoyuki/Satono Yuki Tofu 300g, same product with minor spelling variation",Yes,Yes,Yes
4336,llm_verify,True,"All Skipjack Tuna Chunks in Spring Water, same core product across retailers",Yes,Yes,Yes
4340,llm_verify,True,"All Skipjack Tuna Steaks in Sunflower Oil, same product (pack count difference irrelevant to Q1)",Yes,Yes,Yes
4344,llm_verify,True,"All Tuna Steaks in Brine, same product (pack count difference irrelevant to Q1)",Yes,Yes,Yes
4354,llm_verify,True,All are WW/John West Tuna in Mayonnaise with Sweetcorn; pack count differences irrelevant to Q1; same tier across retailers,Yes,Yes,Yes
4373,llm_verify,False,Ortiz Bonito Tuna is a different branded product from Rio Mare Tuna; not the same core product,No,Yes,Yes
4378,llm_verify,True,"Both are own-brand Tuna Steaks in Sunflower Oil, same standard tier",Yes,Yes,Yes
4380,llm_verify,False,John West Cracker Toppers (Mexican Style) differs from John West Spreadables (Mayonnaise Corn/Sweetcorn); different product variants,No,Yes,Yes
4421,llm_verify,True,All are Heinz Baked Beans; pack count differences irrelevant to Q1,Yes,Yes,Yes
4422,llm_verify,True,"All are own-brand Baked Beans in Tomato Sauce, same standard tier across retailers",Yes,Yes,Yes
4429,llm_verify,True,All are Branston Baked Beans with Sausages; minor naming variations acceptable,Yes,Yes,Yes
4432,llm_verify,True,All are Heinz Baked Beans Barbecue; minor naming variations acceptable,Yes,Yes,Yes
4437,llm_verify,True,All are Heinz No Added Sugar Baked Beans; minor naming variations acceptable,Yes,Yes,Yes
4442,llm_verify,False,Ye Olde Oak American Style Hot Dogs differs from Party Hot Dogs and Jumbo Hot Dogs; different product variants,No,Yes,Yes
4455,llm_verify,True,"All Princes Black Cherry Fruit Filling, same size, all branded",Yes,Yes,Yes
4456,llm_verify,True,"Same Dega Paprykarz product, same weight, branded",Yes,Yes,Yes
4462,llm_verify,False,New York Cheesecake vs Baileys are different flavours,No,Yes,Yes
4488,llm_verify,True,"Same Ambrosia Strawberry Custard, same weight, branded",Yes,Yes,Yes
4491,llm_verify,False,Devon Custard vs Deluxe Custard are different product variants,No,Yes,Yes
4493,llm_verify,True,"All Ambrosia Semolina Dessert, same weight, branded",Yes,Yes,Yes
4494,llm_verify,True,"All Ambrosia Tapioca Dessert, variance 6.2% within tolerance, branded",Yes,Yes,Yes
4500,llm_verify,False,Tomato Passata with Garlic vs Italian Passata with Garlic & Herbs are different recipes,No,Yes,Yes
4513,llm_verify,True,"Both value-tier baked beans, same weight, same tier",Yes,Yes,Yes
4514,llm_verify,True,"Same Mazzetti White Condiment, same size, branded",Yes,Yes,Yes
4525,llm_verify,False,"Two different branded products: Aroy-D and Dunns River coconut milk are distinct brands, not the same core product",No,Yes,Yes
4530,llm_verify,False,"Three different branded products: Tiger Tiger, Kingfisher, and Kingfisher are not all the same brand/product",No,Yes,Yes
4553,llm_verify,True,All standard-tier own-brand mayonnaise products; same core product type across retailers,Yes,Yes,Yes
4557,llm_verify,True,All standard-tier own-brand real mayonnaise; identical weight and product type,Yes,Yes,Yes
4559,llm_verify,True,"All Colman's Original English Mustard, same branded product across retailers",Yes,Yes,Yes
4583,llm_verify,True,All standard-tier own-brand garlic mayonnaise; same core product type across retailers,Yes,Yes,Yes
4586,llm_verify,True,"All Hellmann's Chilli Charger mayonnaise, same branded product across retailers",Yes,Yes,Yes
4591,llm_verify,False,Heinz Truffle Mayonnaise vs Heinz Seriously Good Truffle Mayonnaise vs Heinz Seriously Good Mayonnaise—different product lines/variants,No,Yes,Yes
4595,llm_verify,False,"HP Brown Sauce vs HP Fruity Brown Sauce—different flavour variants, not the same core product",No,Yes,Yes
4679,llm_verify,True,"All Nando's Hot Perinaise Peri-Peri Mayonnaise, same branded product across retailers",Yes,Yes,Yes
4684,llm_verify,False,"Tesco product is Ainsley Harriot brand, not Encona; different branded products",No,Yes,Yes
4696,llm_verify,False,COOK by ASDA Garlic Granules vs Morrisons Giant Garlic Cloves; different product types (granules vs cloves),No,Yes,Yes
4714,llm_verify,True,"All beef stock pots, same tier, within variance",Yes,Yes,Yes
4717,llm_verify,False,COOK Easy Garlic (minced/prepared) vs Morrisons Garlic Cloves (whole); different product forms,No,Yes,Yes
4752,llm_verify,False,ASDA/Morrisons are vegetable stock pots; Sainsbury's/Tesco are roasted vegetable couscous; different products,No,Yes,Yes
4777,llm_verify,True,"Both cumin seeds, same tier, within variance",Yes,Yes,Yes
4807,llm_verify,True,"All fennel seeds, same tier, within variance",Yes,Yes,Yes
4829,llm_verify,True,"All Schwartz fennel seeds (branded), within variance",Yes,Yes,Yes
4834,llm_verify,True,"All coriander seeds, same tier, within variance",Yes,Yes,Yes
4847,llm_verify,True,"All caraway seeds, same tier, within variance",Yes,Yes,Yes
4849,llm_verify,True,Same branded product (Schwartz Caraway Seeds); identical weight; both branded so Q3 N/A.,Yes,Yes,Yes
4856,llm_verify,True,"All chives, same standard tier own-brand across retailers; size data unavailable so Q2=Yes.",Yes,Yes,Yes
4867,llm_verify,True,Same branded product (Schwartz Flat Leaf Parsley); all branded so Q3 N/A; size data unavailable so Q2=Yes.,Yes,Yes,Yes
4899,llm_verify,True,"All whole black peppercorn grinders, same standard tier; identical weight 50g.",Yes,Yes,Yes
4907,llm_verify,False,"Morrisons product is '25% Balsamic Vinegar For Cold Dishes' (different formulation/use case), not standard Balsamic Vinegar of Modena.",No,Yes,Yes
4909,llm_verify,False,ASDA is plain breadcrumbs; Morrisons and Tesco are panko breadcrumbs (different product type).,No,Yes,Yes
4924,llm_verify,False,LoSalt Reduced Sodium Salt vs Saxa So Low (different brands/products); Q3 N/A due to mixed branded.,No,Yes,Yes
4926,llm_verify,False,COOK by ASDA Roast Potato Seasoning vs Old Bay Seasoning (different product types/flavours).,No,Yes,Yes
4948,llm_verify,False,Greek Koroneiki vs Greek Kalamata vs Belazu Early Harvest (different olive varieties/origins); Q3 N/A due to mixed branded.,No,Yes,Yes
4959,llm_verify,False,ASDA Tomato Relish vs Morrisons Italian Tomato & [unclear] (different product formulations/flavours).,No,Yes,Yes
5006,llm_verify,False,Different core products: beetroot vs eggs vs cabbage,No,Yes,Yes
5012,llm_verify,True,"All premium-tier balsamic vinegar of Modena, same size",Yes,Yes,Yes
5053,llm_verify,False,Different dressing types: Italian vs French,No,Yes,Yes
5061,llm_verify,False,Different Hellmann's variants: Caesar vs unspecified,No,Yes,Yes
5063,llm_verify,False,Different Hellmann's variants: Thousand Island vs Caesar,No,Yes,Yes
5065,llm_verify,False,Different brands: Pizza Express vs Farrington's,No,Yes,Yes
5102,llm_verify,False,Different Schwartz products: Nadiya Kicking Chicken Kebabs vs Classic Roast Chicken Gravy,No,Yes,Yes
5129,llm_verify,True,"All standard-tier roasted & salted mixed nuts, same size",Yes,Yes,Yes
5130,llm_verify,True,"All Marmite oven baked cashews, same size",Yes,Yes,Yes
5141,llm_verify,False,Tesco product includes cashews; others are peanuts only,No,Yes,Yes
5147,llm_verify,True,"All branded KP Flavour Kravers Flame Grilled Steak Peanuts, identical weight, all retailers.",Yes,Yes,Yes
5156,llm_verify,True,"All yogurt-coated raisins, same core product type, standard tier own-brands comparable.",Yes,Yes,Yes
5169,llm_verify,True,"All British skimmed milk, standard tier, variance 12% within acceptable range.",Yes,Yes,Yes
5170,llm_verify,True,"All British semi-skimmed milk, standard tier, variance 12% within acceptable range.",Yes,Yes,Yes
5200,llm_verify,False,Different branded products: Dunn's River Nurishment vs Angel Delight—not the same core product.,No,Yes,Yes
5207,llm_verify,True,"Both value-tier skimmed long-life milk 1L, same tier own-brands.",Yes,Yes,Yes
5210,llm_verify,True,"All semi-skimmed long-life milk 6-packs, standard tier, variance 0.5% within range.",Yes,Yes,Yes
5212,llm_verify,True,"All Dunn's River Nurishment vanilla milk drink 400g, same branded product across retailers.",Yes,Yes,Yes
5214,llm_verify,False,Different branded egg products: The Happy Egg Co vs Rymer Farm—not the same core product.,No,Yes,Yes
5223,llm_verify,False,Different products: Mighty Milkology oat-based vs Lactofree dairy milk—not the same core product.,No,Yes,Yes
5237,llm_verify,True,"Same core product (salted spreadable butter), same weight, same tier",Yes,Yes,Yes
5242,llm_verify,True,"All double cream 600ml, same tier, minor descriptor variations acceptable",Yes,Yes,Yes
5264,llm_verify,False,UFIT vs Ufit Pro50 are different product lines; Pro50 is a distinct variant,No,Yes,Yes
5284,llm_verify,False,"Morrisons Fresh Cream Sponge is a cake product, not single cream",No,Yes,Yes
5285,llm_verify,True,"All extra thick double cream 300ml, same tier, minor naming variations",Yes,Yes,Yes
5294,llm_verify,True,"All extra thick double cream 300ml, same tier, descriptor variations acceptable",Yes,Yes,Yes
5301,llm_verify,False,ASDA Skinny Latte vs Arctic Coffee vs Emmi Mr Big are different brands/products,No,Yes,Yes
5302,llm_verify,True,"All Starbucks Caffe Latte iced coffee 750ml, same branded product",Yes,Yes,Yes
5306,llm_verify,True,"All Emmi Caffe Latte Cappuccino ~230ml, same branded product",Yes,Yes,Yes
5311,llm_verify,True,"All Starbucks Caramel Macchiato iced coffee 330ml, same branded product",Yes,Yes,Yes
5312,llm_verify,True,"Same branded product (Starbucks Frappuccino Caramel), identical size, all branded.",Yes,Yes,Yes
5323,llm_verify,True,"Same branded product (Bertolli Light Spread), identical size, all branded.",Yes,Yes,Yes
5337,llm_verify,True,"Same core product (egg custards/tarts), both premium tier own-brand, size data unavailable so assume comparable.",Yes,Yes,Yes
5338,llm_verify,False,Different branded products: Britannia vs Highgrove beef dripping are distinct brands/suppliers.,No,Yes,Yes
5342,llm_verify,True,"Same core product (baking spread), all standard-tier own-brand, identical size.",Yes,Yes,Yes
5349,llm_verify,False,Different product variants: Alpro Soya (standard) vs Alpro Soya No Sugars (sugar-free) are distinct recipes.,No,Yes,Yes
5355,llm_verify,True,"Same branded product (Jus-Rol Croissants), identical weight, pack count difference is Q1-irrelevant.",Yes,Yes,Yes
5371,llm_verify,True,"Same branded product (Oatly Whole Oat Drink), identical size, minor naming variations acceptable.",Yes,Yes,Yes
5384,llm_verify,False,Different product variants: Koko Original vs Koko Original Plus Calcium are distinct formulations.,No,Yes,Yes
5391,llm_verify,False,Different product variants: Alpro Coconut No Sugars Long Life vs Alpro Coconut Chilled (different formulations/shelf-life).,No,Yes,Yes
5402,llm_verify,False,Different Oatly variants: 'No Sugars' vs 'The Original Semi' are distinct product lines with different recipes,No,Yes,Yes
5404,llm_verify,False,Oddlygood Barista Vanilla is a different brand/product from Oatly Vanilla; not the same core product,No,Yes,Yes
5417,llm_verify,True,"All same product: Eazypop/Magicorn Eazypop Salted Microwave Popcorn, ~85g across retailers",Yes,Yes,Yes
5422,llm_verify,False,Morrisons 'Sweet Popcorn' differs from others' 'Sweet & Salty' — different flavour profile,No,Yes,Yes
5426,llm_verify,False,Morrisons 'Flamin' H...' (Flamin' Hot) is a different flavour variant from 'Really Cheesy',No,Yes,Yes
5428,llm_verify,True,"All same product: Doritos Dippers Hint of Salt Sharing Tortilla Chips, 225–230g variance within tolerance",Yes,Yes,Yes
5440,llm_verify,True,All same product: Doritos Tangy Cheese Multipack 5×30g (150g total) across retailers,Yes,Yes,Yes
5442,llm_verify,False,Pom Bear and Seabrook are different brands; not the same core product,No,Yes,Yes
5445,llm_verify,False,Sainsbury's 'Variety Pack' differs from ASDA/Morrisons 'Original' — different product variants,No,Yes,Yes
5450,llm_verify,False,ASDA 'Meaty Multipack' differs from others' 'Classic Variety' — different flavour assortment,No,Yes,Yes
5462,llm_verify,False,ASDA Classic Assorted differs from Meaty Variety in other three products; different flavour assortments,No,Yes,Yes
5465,llm_verify,False,Morrisons Flamin' Ho variant differs from Really Cheesy in ASDA and Sainsbury's; different flavours,No,Yes,Yes
5471,llm_verify,True,All premium-tier sea salted hand-cooked crisps; same core product across premium own-brands,Yes,Yes,Yes
5484,llm_verify,True,All McCoy's Mighty/Meaty branded crisps; pack count differences do not affect Q1,Yes,Yes,Yes
5488,llm_verify,True,Both Popchips Thai Sweet Chilli; negligible weight variance 0.1%,Yes,Yes,Yes
5490,llm_verify,True,All Space Raiders Pickled Onion branded crisps; pack count differences do not affect Q1,Yes,Yes,Yes
5492,llm_verify,True,All premium-tier cheddar & onion hand-cooked crisps; same core product across premium own-brands,Yes,Yes,Yes
5495,llm_verify,True,All McCoy's Salt & Malt Vinegar branded crisps; pack count differences do not affect Q1,Yes,Yes,Yes
5497,llm_verify,True,All Nik Naks Nice 'N' Spicy branded crisps; pack count differences do not affect Q1,Yes,Yes,Yes
5503,llm_verify,False,ASDA Crinkles Simply Salted differs from Walkers Ready Salted in Morrisons and Tesco; different product types,No,Yes,Yes
5517,llm_verify,False,"Q1 fails: ASDA 'Triple Cheese Pizza' vs Morrisons 'Tangy Cheese' are different flavours, not the same core product",No,Yes,Yes
5573,llm_verify,False,Q1 fails: Tesco 'Proper Chips' (different brand name) vs Properchips at other retailers — not the same branded product,No,Yes,Yes
5581,llm_verify,True,"All Pom-Bear Original Potato Snacks, same weight, same branded product across retailers",Yes,Yes,Yes
5584,llm_verify,True,"All Tyrrells Tomato & Chilli Chutney crisps, same weight, same branded product",Yes,Yes,Yes
5596,llm_verify,False,"Q1 fails: ASDA 'Native' Prawn Crackers vs Morrisons/Sainsbury's 'Itsu' — different brands, not the same core product",No,Yes,Yes
5607,llm_verify,True,"Both own-brand standard-tier Prawn Cocktail crisps, same weight, same tier",Yes,Yes,Yes
5610,llm_verify,True,"All Jacob's Mini Cheddars Red Leicester, same branded product, weight variance within 15%",Yes,Yes,Yes
5643,llm_verify,False,Q1 fails: Morrisons 'Rana' Garlic & Mozzarella Flatbread is a different brand from Pizza Express at other retailers,No,Yes,Yes
5646,llm_verify,False,Q1 fails: Tesco 'Classic Pollo American' is a different Pizza Express variant from 'Margherita Formaggi' at ASDA/Sainsbury's,No,Yes,Yes
5666,llm_verify,False,Q1 fails: ASDA/Sainsbury's 'Deep Pan BBQ Chicken' vs Morrisons 'Tex Mex BBQ Chicken' are different product variants; Q3 fails: tier mismatch (standard own-brands with different recipes),No,Yes,No
5670,llm_verify,True,Same core product (garlic & coriander naan); own-brand standard tier across retailers; weight variance within tolerance.,Yes,Yes,Yes
5671,llm_verify,False,"Tesco product is Fresh Greens (different product type), not Fresh Gnocchi like ASDA and Sainsbury's.",No,Yes,Yes
5672,llm_verify,True,Same core product (garlic & herb dip 90g); own-brand standard tier; identical weight.,Yes,Yes,Yes
5688,llm_verify,False,ASDA product is Ravioli (different pasta shape) vs Sainsbury's and Tesco Girasoli (different shape); also tier mismatch (unknown/standard vs premium).,No,Yes,No
5696,llm_verify,True,Same core product (cookie dough dessert); own-brand standard tier; weight variance 1.3% within tolerance.,Yes,Yes,Yes
5703,llm_verify,True,Same core product (garlic & coriander naan); own-brand standard tier across retailers; weight variance 7.0% within tolerance.,Yes,Yes,Yes
5724,llm_verify,False,Different products: This Isn't Chicken (own-brand) vs Quorn Chicken Style (branded); not the same core product.,No,Yes,Yes
5735,llm_verify,True,Same branded product (Linda McCartney's Vegemince); identical weight; all branded so Q3 N/A.,Yes,Yes,Yes
5765,llm_verify,True,Same branded product (Skittles vegan fruit chewy sweets); weight variance 0.7% within tolerance; all branded so Q3 N/A.,Yes,Yes,Yes
5803,llm_verify,False,Different products: ASDA is Palm Oil Free variant vs Tesco standard Almond Butter (different recipe/specification).,No,Yes,Yes
5804,llm_verify,True,"All branded Meridian cashew butter, same weight, all products comparable.",Yes,Yes,Yes
5815,llm_verify,False,ASDA Tomato Salsa vs Sainsbury's Garden Tomato are different products (salsa vs plain tomato).,No,Yes,Yes
5816,llm_verify,False,KTC Pure Corn Oil and Mazola Pure Corn Oil are different branded products.,No,Yes,Yes
5818,llm_verify,False,Popchips Sea Salt differs from Popchips Sea Salt & Vinegar (different flavours).,No,Yes,Yes
5828,llm_verify,False,ASDA/Morrisons list cans without pack count; Sainsbury's/Tesco specify 24-pack. Inconsistent product specifications.,No,Yes,Yes
5846,llm_verify,True,"All Askeys Treat Chocolate Dessert/Topping Sauce, same core product, weight variance within tolerance.",Yes,Yes,Yes
5865,llm_verify,False,Starburst Minis Original Sweets Pouch vs Starburst Original Fruits are different product formats/types.,No,Yes,Yes
5879,llm_verify,True,"All branded Laila Chickpeas, identical weight and product.",Yes,Yes,Yes
5889,llm_verify,True,"All St Austell Korev Cornish Lager 6-pack cans, same product, weight variance within tolerance.",Yes,Yes,Yes
5894,llm_verify,False,Korev Lager (St Austell) and Coors Lager are different branded products.,No,Yes,Yes
5909,llm_verify,False,"ASDA product is 'Sours' (sour candy), others are jelly pots — different product types",No,Yes,Yes
5938,llm_verify,True,All Warburtons white bread 800g; minor naming variations acceptable,Yes,Yes,Yes
5943,llm_verify,False,ASDA/Sainsbury's are plain bagels; Morrisons/Tesco are bagel thins — different product types,No,Yes,Yes
5951,llm_verify,False,"ASDA is 'Danish Bread', Morrisons is 'Farmhouse', Tesco is 'Danish Sliced Small' — inconsistent product variants",No,Yes,Yes
5963,llm_verify,True,Both Warburtons thick/thickest white bread 800g; naming variations acceptable,Yes,Yes,Yes
5970,llm_verify,False,ASDA is barm cakes; Sainsbury's/Tesco are pancakes — different product types,No,Yes,Yes
5986,llm_verify,True,All Warburtons medium/old English white bread 400g; naming variations acceptable,Yes,Yes,Yes
5996,llm_verify,True,All Al'Fez Moroccan meatball sauce 450g; brand name spelling variations acceptable,Yes,Yes,Yes
6020,llm_verify,False,"ASDA is cake, Sainsbury's is tarts, Tesco is cupcakes — different product formats",No,Yes,Yes
6023,llm_verify,True,Both standard-tier jam doughnuts 5-pack; same product tier and type,Yes,Yes,Yes
6025,llm_verify,True,"Same core product (custard donuts), same standard tier across retailers, size data unavailable but assumed comparable.",Yes,Yes,Yes
6026,llm_verify,True,"Same core product (pains au chocolat), pack count differences irrelevant to Q1, all standard tier, size data unavailable but assumed comparable.",Yes,Yes,Yes
6027,llm_verify,False,Q1 fails: Crêpes vs Croissants vs Tiramisu are different product types; Franco Manca is also a branded product distinct from own-brand bakery items.,No,Yes,Yes
6028,llm_verify,False,Q1 fails: Milk Chocolate Chip Cookies vs Milk Chocolate Coins are different product types (cookies vs coins).,No,Yes,Yes
6033,llm_verify,True,"Same core product (soft white rolls), pack count differences irrelevant, all standard tier, size data unavailable but assumed comparable.",Yes,Yes,Yes
6049,llm_verify,True,"Same core product (plain bagels), pack count differences irrelevant, all standard tier, size data unavailable but assumed comparable.",Yes,Yes,Yes
6056,llm_verify,False,Q1 fails: Chocolate Chunk Muffins vs Chocolate Cupcakes are different product types (muffins vs cupcakes).,No,Yes,Yes
6059,llm_verify,True,"Same core product (croissants), pack count differences irrelevant, all standard tier, size data unavailable but assumed comparable.",Yes,Yes,Yes
6067,llm_verify,True,"Same core product (cheese topped white rolls), all standard tier, size data unavailable but assumed comparable.",Yes,Yes,Yes
6072,llm_verify,True,"Same core product (butter brioche rolls), pack count differences irrelevant, all standard tier, size data unavailable but assumed comparable.",Yes,Yes,Yes
6078,llm_verify,False,Q1 fails: Waffulls Choco Hazelnut is a different product type from Little's coffee capsules/Nespresso pods,No,Yes,Yes
6083,llm_verify,False,Q1 fails: Regal Bakery Original Cake Rusk vs Regal Soonfi Cake Rusk are different product variants (Soonfi is a distinct product line),No,Yes,Yes
6085,llm_verify,True,"All Regal Crunchy Rusks, same weight, same tier",Yes,Yes,Yes
6087,llm_verify,False,Q1 fails: Pack counts differ significantly (28 vs 18 vs 18) and ASDA Original Cake Rusk vs Morrisons/Sains/Tesco Original Cake Rusks show inconsistent naming; core product type is same but pack count variance suggests different product specifications,No,Yes,Yes
6090,llm_verify,True,"Both premium-tier almond croissants, same core product",Yes,Yes,Yes
6091,llm_verify,True,"Both premium-tier macaron selection packs, same core product (pack count difference is Q2 domain, not Q1)",Yes,Yes,Yes
6094,llm_verify,True,"All premium-tier white sourdough loaves, 400g, identical",Yes,Yes,Yes
6095,llm_verify,False,Q1 fails: Strawberry Pancakes (ASDA) is a different product type from Strawberry Granola (Morrisons/Sains/Tesco),No,Yes,Yes
6097,llm_verify,True,"All standard-tier large soft white rolls, 6-pack, same core product",Yes,Yes,Yes
6101,llm_verify,True,"All standard-tier white bread loaves, 800-850g range within 15% variance",Yes,Yes,Yes
6116,llm_verify,False,Q1 fails: 'Soft White Medium Sliced Bread' (ASDA) vs 'Crusty White Bloomer' (Tesco) are different product types — sliced bread vs bloomer loaf,No,Yes,Yes
6119,llm_verify,False,"Q1 fails: 'Farmhouse Wholemeal' (ASDA) is a loaf; 'Wholemeal Rolls' (Morrisons), 'Rustic Roll' (Sainsbury's), and 'Batch Rolls' (Tesco) are rolls — different product types",No,Yes,Yes
6125,llm_verify,False,"Q1 fails: 'Chocolate Trifle' (ASDA, Morrisons, Sainsbury's) vs 'Chocolate Tray Bake' (Tesco) — trifle is a layered dessert; tray bake is a cake — different product types",No,Yes,Yes
6135,llm_verify,True,Both are ciabatta rolls; pack count difference (2 vs 4) is irrelevant to Q1; same standard tier,Yes,Yes,Yes
6140,llm_verify,True,Both are chocolate chip brioche swirls/rolls; pack count difference (6 vs unknown) is irrelevant to Q1; same standard tier,Yes,Yes,Yes
6145,llm_verify,True,Both are multiseed rolls; pack count (4 vs 4) identical; same standard tier,Yes,Yes,Yes
6147,llm_verify,False,"Q1 fails: 'Chocolate Fairy Cakes' (12-pack, individual cakes) vs 'Large Chocolate Cake' (single cake) — different product types",No,Yes,Yes
6148,llm_verify,False,Q1 fails: 'Cheese Rolls' (savoury bread rolls) vs 'Cheese Curls' (snack/crisp product) — different product types,No,Yes,Yes
6154,llm_verify,False,Q1 fails: 'Custard Slices' (ASDA) vs 'Country Cake Slices' (Morrisons) vs 'Carrot Cake Slices' (Sainsbury's) — three different flavours/types of cake slices,No,Yes,Yes
6157,llm_verify,False,Q1 fails: 'Chocolate Coated Swiss Roll' (cake product) vs 'Chocolate Coated Raisins' (confectionery/snack) — completely different product types,No,Yes,Yes
6159,llm_verify,True,"All standard-tier own-brand white pittas, 6-pack format; same core product across retailers.",Yes,Yes,Yes
6160,llm_verify,False,"Sainsbury's item is Fizzy Strawberry Straws Sweets (confectionery), not strawberry tarts (bakery); different product types.",No,Yes,Yes
6162,llm_verify,True,"All standard-tier own-brand wholemeal pittas, 6-pack format; same core product across retailers.",Yes,Yes,Yes
6163,llm_verify,True,"All standard-tier own-brand all-butter pains au chocolat; pack count differences (4, 6, 2) do not affect Q1; same core product.",Yes,Yes,Yes
6165,llm_verify,False,"Morrisons item is Fresh Cream Strawberry (strawberry-filled), not cream horns; different product types.",No,Yes,Yes
6166,llm_verify,False,ASDA item is Harissa Folded Flatbreads; Sainsbury's and Tesco are Greek Style Flatbreads; different flavour profiles indicate different products.,No,Yes,Yes
6169,llm_verify,False,"Products are character-licensed chocolate cakes with different themes (Party, Hazelnut, Oscar the Bear, Safari); different product variants.",No,Yes,Yes
6170,llm_verify,False,ASDA is Mega Madeira Party Cake; Sainsbury's is Small Madeira Party Cake; 'Mega' vs 'Small' indicates different size tiers/product variants.,No,Yes,Yes
6172,llm_verify,True,"All standard-tier own-brand caterpillar cakes with character licensing (Letty, Morris, Slinky); same core product type across retailers.",Yes,Yes,Yes
6173,llm_verify,True,All standard-tier own-brand football-themed Madeira cakes; same core product type across retailers.,Yes,Yes,Yes
6175,llm_verify,False,"Q1 fails: Rainbow Jazzie Cake vs Rainbow Sprinkles Cake vs Rainbow Cake are different product names/types; Morrisons item appears to be a sprinkles product, not a cake",No,Yes,Yes
6182,llm_verify,False,"Q1 fails: Brownie Slices (ASDA, Sainsbury's) vs Angel Cake Slices (Morrisons, Tesco) are different cake types",No,Yes,Yes
6184,llm_verify,False,Q1 fails: Coconut Tarts (baked good) vs Coconut Drink (beverage) are fundamentally different product types,No,Yes,Yes
6190,llm_verify,True,All premium-tier ciabatta loaves; minor naming variations acceptable (Rustic vs Olive vs Stonebaked descriptors),Yes,Yes,Yes
6214,llm_verify,False,Q1 fails: Miso Caramel & Chocolate Tarts vs Chocolate Chip & Caramel Scones are different product types (tarts vs scones),No,Yes,Yes
6230,llm_verify,True,All Free From white sliced bread; same core product across retailers at same tier,Yes,Yes,Yes
6237,llm_verify,False,Q1 fails: Kingsmill 50/50 Medium vs Kingsmill 50/50 No Crusts are different product variants (crusts vs no crusts),No,Yes,Yes
6250,llm_verify,False,Q1 fails: Hovis Rustic White Bloomer (loaf) vs Hovis Home Bake Rustic White Rolls (rolls) are different product formats,No,Yes,Yes
6255,llm_verify,True,Both Yorkshire Baking Company Parkin Loaf Cake; same branded product,Yes,Yes,Yes
6274,llm_verify,False,Q1 fails: ASDA Ciabatta (loaf) vs Morrisons/Tesco Ciabatta Rolls are different formats (loaf vs rolls),No,Yes,Yes
6285,llm_verify,False,Part-baked vs fully baked baguettes are different product types,No,Yes,Yes
6289,llm_verify,False,Rolls vs loaf are different product formats,No,Yes,Yes
6293,llm_verify,False,Rolls vs loaf are different product formats,No,Yes,Yes
6301,llm_verify,False,Indulgent cake vs brownie vs Swiss roll vs cake are different product types,No,Yes,Yes
6314,llm_verify,True,"All Bonne Maman Baba Au Rhum 2x140g (280g total), same branded product",Yes,Yes,Yes
6323,llm_verify,False,ASDA product lacks Za'atar and Flame Baked descriptors; different recipe variants,No,Yes,Yes
6326,llm_verify,False,Party cake vs tray bake are different product formats,No,Yes,Yes
6335,llm_verify,False,Super Mario vs Xbox vs Marvel vs Xbox are different licensed character cakes,No,Yes,Yes
6338,llm_verify,False,Disney Cars licensed cakes vs Stamford Street Co. standard tier generic chocolate cake; tier mismatch,No,Yes,No
6339,llm_verify,True,"All Disney Princess celebration cakes, same licensed product across retailers",Yes,Yes,Yes
6342,llm_verify,False,Galaxy Tray Bake vs Galaxy Treat Cake vs Galaxy Traybake Cake — inconsistent product naming suggests different product variants or formulations,No,Yes,Yes
6363,llm_verify,False,"Mr Kipling Cherry Bakewell Tarts vs Pies vs Cakes vs Sponge Puddings — different product types (tarts, pies, cakes, puddings) are not the same core product",No,Yes,Yes
6367,llm_verify,False,Cadbury Crunchie Celebration Cake (serves 14) vs Cadbury Crunchie 190g — celebration cake is a large format; 190g is a single bar or small pack; different product types,No,Yes,Yes
6372,llm_verify,True,"Both Bonne Maman Madeleines, same branded product, 2.9% variance within tolerance",Yes,Yes,Yes
6380,llm_verify,True,"Both premium-tier own-brand millionaire's shortbread, same tier comparison",Yes,Yes,Yes
6385,llm_verify,False,Mr Kipling Millionaire Whirls vs Vienesse Whirl Cakes — different product variants (Millionaire vs Vienesse); not the same core product,No,Yes,Yes
6397,llm_verify,False,"Millionaire's Macaroon vs Millionaire's Cones — different product types (macaroon vs cone); also different own-brand tiers (ASDA standard vs Sainsbury's standard, but different product categories)",No,Yes,No
6432,llm_verify,True,"All Cawston Press Rhubarb sparkling drinks, same branded product, 1.3% variance within tolerance",Yes,Yes,Yes
6437,llm_verify,True,"All San Pellegrino Orange sparkling drinks, same branded product, 1.0% variance within tolerance",Yes,Yes,Yes
6439,llm_verify,True,"All San Pellegrino Blood Orange sparkling drinks, same branded product, 1.0% variance within tolerance",Yes,Yes,Yes
6453,llm_verify,False,Tesco product is Meta Moon flavour; ASDA and Morrisons are unspecified flavour — different variants,No,Yes,Yes
6460,llm_verify,False,Morrisons is Juicer flavour; ASDA and Sainsbury's are Fizzy Cactuz — different flavour variants,No,Yes,Yes
6474,llm_verify,False,Morrisons is Pipeline Punch flavour; ASDA is unspecified flavour — different variants,No,Yes,Yes
6514,llm_verify,True,"Same branded product, same size, same flavour across retailers",Yes,Yes,Yes
6520,llm_verify,False,Tesco is Frugo Wild Punch; ASDA and Morrisons are Prime Strawberry Watermelon — different brands/products,No,Yes,Yes
6532,llm_verify,False,ASDA is Blue Edition; Sainsbury's and Tesco are Juneberry Edition — different flavour variants,No,Yes,Yes
6539,llm_verify,True,"Same branded product (Smirnoff Ice Raspberry), same size, minor naming variations acceptable",Yes,Yes,Yes
6545,llm_verify,False,Morrisons is Supermalt Original; others are Grace Aloe Vera — different products,No,Yes,Yes
6546,llm_verify,True,"Same branded product (Smirnoff & Diet Cola), same size, minor naming variations acceptable",Yes,Yes,Yes
6571,llm_verify,False,Morrisons is Baja El Mango; ASDA and Tesco are Juiced El Mango — different variants,No,Yes,Yes
6574,llm_verify,False,Monster Energy Ultra (ASDA) vs Monster Ultra Peechy Keen (Morrisons) are different flavour variants; not the same core product,No,Yes,Yes
6575,llm_verify,True,All Monster Energy branded drinks; pack format and count differences do not affect Q1,Yes,Yes,Yes
6580,llm_verify,False,Nocco BCAA Caribbean (energy drink) vs Carib Caribbean Lager (beer) are different product types,No,Yes,Yes
6586,llm_verify,False,Nocco Blood Orange (energy drink) vs JUBEL Beer (beer) are different product types,No,Yes,Yes
6589,llm_verify,False,Prime Hydration (sports drink) vs Crabbies Raspberry (alcoholic ginger beer) are different product types,No,Yes,Yes
6611,llm_verify,False,The Distiller Aperitivo Gin Spritz (ASDA) is a different branded product from Funkin Cocktails Aperitivo Spritz,No,Yes,Yes
6612,llm_verify,True,All WKD Blue Lagoon branded cocktails; minor naming variations do not affect Q1,Yes,Yes,Yes
6617,llm_verify,True,All Tanqueray Flor de Sevilla Gin & Tonic ready-to-drink; minor naming variations acceptable,Yes,Yes,Yes
6645,llm_verify,True,All Sharwood's Kung Po cooking sauce; same branded product across retailers,Yes,Yes,Yes
6648,llm_verify,False,ASDA Butter Chicken vs Morrisons/Sainsbury's Hunters' Chicken are different sauce types; not the same core product,No,Yes,Yes
6801,llm_verify,True,Same branded falafel kit; minor naming variation (Al Fez vs Al'Fez) acceptable,Yes,Yes,Yes
6804,llm_verify,False,Mexican Style Jalapenos vs Sliced Jalapenos—different product types (whole vs sliced),No,Yes,Yes
6809,llm_verify,True,Same branded Al'Fez apricot & coriander tagine sauce across all retailers,Yes,Yes,Yes
6827,llm_verify,False,Las Chicas Totopos vs Gran Luchito—different brands and product lines,No,Yes,Yes
6834,llm_verify,True,Same core product (grated hard cheese) across standard-tier own-brands,Yes,Yes,Yes
6857,llm_verify,True,Same core product (raita dip) across standard-tier own-brands,Yes,Yes,Yes
6859,llm_verify,True,Same core product (plain naans 2-pack) across standard-tier own-brands; pack count irrelevant to Q1,Yes,Yes,Yes
6864,llm_verify,True,Same core product (peshwari naans 2-pack) across standard-tier own-brands,Yes,Yes,Yes
6889,llm_verify,False,Island Sun vs Dunn's River—different brands; not the same product,No,Yes,Yes
6904,llm_verify,True,Same core product (sun-dried tomatoes) across standard-tier own-brands,Yes,Yes,Yes
6909,llm_verify,True,"Same core product (marinated/quartered artichokes), same weight, same own-brand tier",Yes,Yes,Yes
6918,llm_verify,True,"Same branded product (Al'Fez Harissa Paste), minor spelling variants acceptable, weight variance within tolerance",Yes,Yes,Yes
6924,llm_verify,True,"Same branded product (Oxo Vegan Beef Stock Cubes), negligible weight variance",Yes,Yes,Yes
6948,llm_verify,False,Rakusen's is a branded product; ASDA/Morrisons/Tesco are own-brand free-from variants—different product types,No,Yes,Yes
6949,llm_verify,False,Chocolate Chip Cookies vs Chocolate Chip Brioche Fingers—different product types (biscuits vs brioche),No,Yes,Yes
6981,llm_verify,True,"Same branded product (Alpro Strawberry Plant-Based Yogurt), pack format difference (4×125g vs 500g single) does not affect Q1, total weight identical",Yes,Yes,Yes
6982,llm_verify,True,"Same core product (Free From Chocolate Bar), same weight, same own-brand tier",Yes,Yes,Yes
6992,llm_verify,False,Nairn's Gluten Free Oaties vs Nairns Gluten Free Oats & Fruit Biscuits—different recipes (plain oaties vs oats with fruit),No,Yes,Yes
7004,llm_verify,False,Louis Jadot Beaujolais Villages (branded) vs Sainsbury's Taste the Difference Beaujolais Villages Coteaux Granitiques (premium own-brand)—different product variants and tier mismatch,No,Yes,No
7010,llm_verify,False,Crave Monster Feet vs Crave Noughties vs Crave FF Noughties—different product shapes/types within Crave Pickled Onion range,No,Yes,Yes
7024,llm_verify,True,"All standard-tier own-brand beef stew & dumplings meals, 400g, same core product",Yes,Yes,Yes
7065,llm_verify,True,"Both standard-tier own-brand chicken & mushroom risotto, 400g, same core product",Yes,Yes,Yes
7080,llm_verify,True,"All standard-tier own-brand mini poppadoms, 70-75g variance within 15%",Yes,Yes,Yes
7082,llm_verify,False,"Bistro by ASDA (standard tier) paired with three premium-tier products (The Best, Taste the Difference, Finest)",Yes,Yes,No
7083,llm_verify,False,Bistro by ASDA (standard tier) paired with Sainsbury's Taste the Difference (premium tier),Yes,Yes,No
7099,llm_verify,False,WW (unknown tier) and value-tier products mixed; tier mismatch prevents Q3 pass,Yes,Yes,No
7111,llm_verify,True,"All premium-tier own-brand pea & ham soup, 600g, same core product",Yes,Yes,Yes
7120,llm_verify,True,"All chicken enchiladas 400g; ASDA and Morrisons standard-tier own-brand, Takul is branded product (Q3 N/A for branded)",Yes,Yes,Yes
7128,llm_verify,True,"Both standard-tier own-brand chilli cheese bites, 150-160g variance within 15%",Yes,Yes,Yes
7130,llm_verify,False,"Bistro by ASDA (standard tier) paired with two premium-tier products (The Best, Finest)",Yes,Yes,No
7145,llm_verify,True,"All standard-tier own-brand steak & gravy shortcrust pies, identical weight.",Yes,Yes,Yes
7189,llm_verify,False,"Tesco product is Haribo Starmix, not Tangfastics—different product variant.",No,Yes,Yes
7195,llm_verify,False,ASDA/Morrisons are Fruitilicious; Sainsbury's/Tesco are Funtasia—different Haribo variants.,No,Yes,Yes
7196,llm_verify,True,"All Haribo Giant Strawbs (same product, minor naming variations), identical weight.",Yes,Yes,Yes
7197,llm_verify,True,"All Maoam Stripes (Haribo brand), identical weight, same core product.",Yes,Yes,Yes
7208,llm_verify,True,"All Werther's Original Butter Sweets, negligible weight variance (0.5%).",Yes,Yes,Yes
7210,llm_verify,False,"Sainsbury's product is Cadbury Heroes, not Roses—different product variant.",No,Yes,Yes
7225,llm_verify,False,ASDA American Hard Gums vs Morrisons/Sainsbury's/Tesco Wine Gums—different product types.,No,Yes,Yes
7229,llm_verify,False,ASDA Wine Gums vs Sainsbury's/Tesco Jelly Beans—different product types.,No,Yes,Yes
7239,llm_verify,True,"All Maoam Pinballs (Haribo brand), identical weight, same core product.",Yes,Yes,Yes
7250,llm_verify,False,Eton Mess vs Shox Gourmet Sours are different flavour variants; not the same core product,No,Yes,Yes
7252,llm_verify,False,Liquorice Sweets vs Soft Eating Liquorice vs Superbly Soft Black Liquorice are different product variants,No,Yes,Yes
7259,llm_verify,True,"All Skittles Squishy Cloudz Chewy Sweets Fruit Flavoured; branded product, Q3 N/A",Yes,Yes,Yes
7268,llm_verify,False,Different origin countries (Peru vs Dominican Republic vs Ecuador) and different cocoa percentages (72% vs 85%); not the same core product,No,Yes,Yes
7271,llm_verify,False,Milk Chocolate Bar vs Milk Chocolate Break Multipack vs Milk Chocolate Eclairs are different product types,No,Yes,Yes
7281,llm_verify,False,Different origin countries (Uganda vs Ecuador) and different cocoa percentages (90% vs 75%); not the same core product,No,Yes,Yes
7285,llm_verify,False,Milk Chocolate Turkish Thins vs Milk Chocolate Raisins are different product types,No,Yes,Yes
7292,llm_verify,False,Cadbury Boost vs Cadbury Picnic are different branded chocolate bar products,No,Yes,Yes
7297,llm_verify,True,"Both Liquorice Twists/Liquorice Sweets, same standard tier own-brand",Yes,Yes,Yes
7308,llm_verify,False,Flipz Pretzels Milk Chocolate vs Stamford Street Co. Milk Chocolate are different products; also tier mismatch (unknown/standard vs value),No,Yes,No
7326,llm_verify,True,"Same branded product (Guylian Seashells), identical weight, both unknown-tier.",Yes,Yes,Yes
7327,llm_verify,False,Different core products: Maltesers Truffles vs Maltesers Chocolate Cake.,No,Yes,Yes
7360,llm_verify,False,Different core products: Cadbury Bitsa Wispa vs Cadbury Snack Shortcake Biscuits.,No,Yes,Yes
7378,llm_verify,True,"Same branded product (Ferrero Collection Pralines), identical weight, pack count notation irrelevant to Q1.",Yes,Yes,Yes
7422,llm_verify,False,Different core products: generic Surprise Egg vs Surprise Egg with Jelly Beans vs Character Surprise Egg.,No,Yes,Yes
7423,llm_verify,True,"Same branded product (Kinder Surprise Eggs 3-pack), identical weight, pack count notation irrelevant to Q1.",Yes,Yes,Yes
7438,llm_verify,False,Different core products: Galaxy Smooth Milk Chocolate Block vs Galaxy Smooth Milk Chocolate Snack Bars.,No,Yes,Yes
7454,llm_verify,True,"Same branded product (Mentos Chewy Spearmint), identical weight, pack count notation irrelevant to Q1.",Yes,Yes,Yes
7459,llm_verify,False,Different core products: Maynards Bassetts Wine Gums vs Liquorice Allsorts.,No,Yes,Yes
7462,llm_verify,False,Different core products: Maynards Bassetts Liquorice Allsorts vs Wine Gums.,No,Yes,Yes
7469,llm_verify,True,"Same core product (Fruittella Berries & Cherry), all 170g, all within acceptable variance.",Yes,Yes,Yes
7471,llm_verify,False,"Sainsbury's product is Haribo Spelly Jellies, not Goldbears — different product type.",No,Yes,Yes
7472,llm_verify,True,"Same core product (Maynards Bassetts Sports Mix Juicies), all 130g, all within acceptable variance.",Yes,Yes,Yes
7473,llm_verify,False,ASDA is Mallow & Marsh Salted Caramel Marshmallows; Morrisons is M&M'S Salted Caramel — different products.,No,Yes,Yes
7475,llm_verify,True,"Same core product (Nerds Grape & Strawberry candy), all ~46–47g, all within acceptable variance.",Yes,Yes,Yes
7487,llm_verify,True,"Same core product (Raffaello Coconut & Almond Pralines), all 225–230g, all within acceptable variance.",Yes,Yes,Yes
7491,llm_verify,True,"Same core product (Free From Chocolate Buttons), all 25g, all standard tier own-brand.",Yes,Yes,Yes
7496,llm_verify,True,"Same core product (Free From Giant Chocolate Buttons), all 119–120g, all standard tier own-brand.",Yes,Yes,Yes
7516,llm_verify,True,"Same core product (Aero Peppermint Share Bar), both ~145g, all within acceptable variance.",Yes,Yes,Yes
7523,llm_verify,True,"Same core product (NOMO Vegan Caramel Chocolate Bar), all 37.9–38g, all within acceptable variance.",Yes,Yes,Yes
7554,llm_verify,False,Fillipo Sansovino is a different branded prosecco rosé from Kylie Minogue; not the same core product,No,Yes,Yes
7558,llm_verify,False,Nice Drop and Mionetto are different branded proseccos; not the same core product,No,Yes,Yes
7561,llm_verify,True,"All Freixenet Prosecco D.O.C., same branded product across retailers with minor naming variations",Yes,Yes,Yes
7563,llm_verify,False,"Pendium, Sorso, and Soffio are three different branded proseccos; not the same core product",No,Yes,Yes
7564,llm_verify,False,Taittinger Brut Reserve and Charles De Villers are different branded champagnes; not the same core product,No,Yes,Yes
7567,llm_verify,False,Louvel Fontaine and Veuve Devanlay are different branded champagnes; not the same core product,No,Yes,Yes
7571,llm_verify,False,"Frozen Rose, Della Vite, and Canti are three different branded prosecco rosés; not the same core product",No,Yes,Yes
7609,llm_verify,True,"All Excelsior Jamaican Water Crackers 220g, same branded product across retailers",Yes,Yes,Yes
7611,llm_verify,False,George Home Blue bottle vs Sainsbury's Blue Bolt are different products; tier mismatch (standard own-brand vs standard own-brand but different product lines),No,Yes,No
7624,llm_verify,False,Fearne & Rosie Strawberry Jam vs Tesco Strawberry Jam Victoria Sponge are different products (Victoria Sponge is a flavour variant); different brands,No,Yes,No
7632,llm_verify,False,Product names vary significantly: 'Sticky Puds' vs 'Sticky Puddings' vs 'Sponge Pudding' vs 'Puddings' — unclear if all are identical Cadbury variants or different product lines,No,Yes,Yes
7644,llm_verify,False,ASDA lists 'Cherry Conserve' (single fruit) while others list 'Berries & Cherries' or 'Berries Cherries' (multi-fruit blend) — different core products,No,Yes,Yes
7646,llm_verify,True,All premium-tier Seville/bitter orange marmalades; minor naming variations acceptable; weight variance within tolerance,Yes,Yes,Yes
7665,llm_verify,True,All premium-tier mini meringues (x12); pack count irrelevant to Q1; size data unavailable but assumed comparable,Yes,Yes,Yes
7666,llm_verify,False,Morrisons lists 'MGO500 15+' (unclear specification) while ASDA and Sainsbury's list '500+ MGO' — ambiguous whether same Manuka grade,No,Yes,Yes
7677,llm_verify,True,All Ambrosia Deluxe Custard 750g; minor naming variations acceptable; identical weight,Yes,Yes,Yes
7679,llm_verify,False,Morrisons lists 'Pure & Natural Spreadable Honey' (spreadable variant) while others list 'Set Honey' (set/solid variant) — different product types,No,Yes,Yes
7696,llm_verify,True,All Robertson's/Mamade thin-cut Seville orange marmalade; minor naming variations acceptable; identical weight,Yes,Yes,Yes
7710,llm_verify,False,Sainsbury's lists '250+ MGO' while ASDA and Tesco list '100+ MGO' — different Manuka honey grades (core product difference),No,Yes,Yes
7722,llm_verify,False,"Three different branded products: Pip & Nut, Sun-Pat, and Meridian — not the same core product across cluster",No,Yes,Yes
7723,llm_verify,False,Morrisons product is 'Traditional Rice Pudding' while others are 'Deluxe Rice Pudding' — different product variants,No,Yes,Yes
7730,llm_verify,True,All same core product (Aunty's Golden Syrup Steamed Puddings); pack count differences do not affect Q1,Yes,Yes,Yes
7745,llm_verify,True,All same core product (Carnation Caramel Dessert Filling); minor naming variations acceptable,Yes,Yes,Yes
7746,llm_verify,False,Different core products: Crave Peanut Butter vs Meridian Cashew Butter — different nut bases,No,Yes,Yes
7752,llm_verify,False,Different wine products: La Vieille and Marques De Leon are different branded wines from Sainsbury's Languedoc,No,Yes,Yes
7753,llm_verify,True,All same core product (Montepulciano D'Abruzzo) at premium tier across retailers,Yes,Yes,Yes
7755,llm_verify,True,All same core product (Porta 6 Lisboa Red Wine); naming variations acceptable,Yes,Yes,Yes
7757,llm_verify,False,Tier mismatch: ASDA standard tier vs Morrisons/Sainsbury's premium tier for same wine,No,Yes,No
7763,llm_verify,True,All same core product (19 Crimes The Uprising Red Wine); pack count notation does not affect Q1,Yes,Yes,Yes
7764,llm_verify,True,All same core product (Cali by Snoop Red Wine); naming variations acceptable,Yes,Yes,Yes
7766,llm_verify,False,"Tesco product (Des Tourelles) is a specific branded wine, not a retailer own-brand Bordeaux Supérieur like the others",No,Yes,Yes
7775,llm_verify,False,"Three different branded wines (Vignerons, Prestige de Calvet, Terres de Galets) — not the same core product",No,Yes,Yes
7779,llm_verify,False,Tesco product (Casablanca Sauvignon Blanc) is a different wine from the Touraine Sauvignon Blanc in other retailers,No,Yes,Yes
7781,llm_verify,False,Tesco product (Maison Castel) is a different branded wine from Les Dauphins in other retailers,No,Yes,Yes
7783,llm_verify,False,"Three different branded Primitivo wines (Masso Antico, Most Wanted, Dino) — not the same core product",No,Yes,Yes
7784,llm_verify,False,"ASDA product includes a reed diffuser set (gift bundle), while others are wine only; also Sainsbury's is 'Still' not 'Sparkling'",No,Yes,Yes
7785,llm_verify,False,"Four different branded Rioja wines (Cune, Pata Negra, Cune Crianza, Ramon Bilbao) — not the same core product",No,Yes,Yes
7787,llm_verify,False,Four different branded Picpoul de Pinet wines — not the same core product,No,Yes,Yes
7792,llm_verify,False,"Four different branded Riesling wines (ASDA generic, Morrisons generic, Austrian Riesling, Tingleup) — not the same core product",No,Yes,Yes
7795,llm_verify,False,"Four different branded Albariño wines (ASDA Rias Baixas, Morrisons generic, Sainsbury's generic, Vinas Del Rey) — not the same core product",No,Yes,Yes
7796,llm_verify,False,Mixed branded and own-brand products; Campaneo is a different brand from ASDA Extra Special and Sainsbury's Taste the Difference,No,Yes,Yes
7800,llm_verify,False,Louvel Fontaine is a different brand from Veuve Clicquot; not the same core product,No,Yes,Yes
7805,llm_verify,False,De Colmar is a different branded product from the own-brand premium Alsace Gewürztraminer offerings,No,Yes,Yes
7807,llm_verify,False,Three different branded Alvarinho wines; not the same core product,No,Yes,Yes
7811,llm_verify,False,Piccini Bianco Toscana differs from Piccini Memoro; different product variants within same brand,No,Yes,Yes
7814,llm_verify,False,Blason Macon Villages is a different wine type from Beaujolais Villages; not the same core product,No,Yes,Yes
7828,llm_verify,False,Three different branded turkey chorizo products; not the same core product,No,Yes,Yes
7836,llm_verify,False,Zaad and Tahira are different branded mortadella products; not the same core product,No,Yes,Yes
7857,llm_verify,False,KTC Extended Life is a different branded product from Pura Vegetable Oil; not the same core product,No,Yes,Yes
7860,llm_verify,False,Cypressa Kalamata olives differ from Odysea Greek Big Kalamata Pitted Olives; different brands and product variants,No,Yes,Yes
7862,llm_verify,True,"All branded sunflower oils, same size, all 1L.",Yes,Yes,Yes
7864,llm_verify,False,Moryn Grated Horseradish vs Stockwell & Co Horseradish Sauce are different products (grated vs sauce).,No,Yes,No
7868,llm_verify,True,"All basmati rice, same 5kg size, same core product.",Yes,Yes,Yes
7896,llm_verify,True,Port Royal and Juici Patties are both Jamaican beef patties; minor weight variance within tolerance.,Yes,Yes,Yes
7905,llm_verify,True,All Dunn's River all-purpose seasoning variants; minor weight variance within tolerance.,Yes,Yes,Yes
7906,llm_verify,False,Lorenz Crunchips Paprika vs Lays Paprika Crisps are different branded products.,No,Yes,No
7930,llm_verify,False,Jutrzenka Wafle vs Familijne are different branded wafer products.,No,Yes,No
7942,llm_verify,True,Island Sun and East End are both red kidney beans 500g; same core product.,Yes,Yes,Yes
7948,llm_verify,False,Island Sun Coarse Semolina vs Island Sun Rosecoco Beans are different products.,No,Yes,No
7954,llm_verify,False,Grissini Plain Breadsticks vs Crosta & Mollica Black Olive/Olive Grissini are different flavours.,No,Yes,No
7959,llm_verify,False,Product names differ significantly (Bebe vs Be-be vs Herbatniki); unclear if same biscuit variant,No,Yes,Yes
8001,llm_verify,False,"Different branded products (Trophy, Island Sun, Liberty); not the same core product",No,Yes,Yes
8006,llm_verify,False,"Herrings (ASDA) vs Pilchards (others); different fish species, not same product",No,Yes,Yes
8011,llm_verify,False,Different branded products (Village Pride vs Samai); not the same core product,No,Yes,Yes
8023,llm_verify,False,Tesco product explicitly states 'Canned Cured Pork Meat' while others are 'Pork Knuckle'; different product form,No,Yes,Yes
8033,llm_verify,True,All Krupnik Cherry Vodka/Liqueur 500ml; same branded product across retailers,Yes,Yes,Yes
8055,llm_verify,True,"All Cofresh Chana Dal branded product; same tier, acceptable weight variance",Yes,Yes,Yes
8066,llm_verify,False,"Different brands (U Jędrusia, Virtu); not the same core product despite similar description",No,Yes,Yes
8069,llm_verify,False,Tesco specifies 'Chicken Breast Sausages' while others are 'Chicken Sausage'; different product specification,No,Yes,Yes
8071,llm_verify,False,Different products (Sausage vs Sausage Rolls) and tier mismatch (unknown vs standard),No,Yes,No
8075,llm_verify,False,Sokolow Best Selection vs Sokolow Bukowe are different product lines/variants,No,Yes,Yes
8083,llm_verify,False,U Jędrusia vs Ball Dumplings are different brands; Pierogi vs Dumplings are different product types,No,Yes,Yes
8088,llm_verify,True,"All Sokolow Nordic Style Bacon, same core product across retailers",Yes,Yes,Yes
8090,llm_verify,True,"All Krakus Zywiecka kielbasa, pack count difference does not affect Q1",Yes,Yes,Yes
8108,llm_verify,False,Sainsbury's Edam Cheese Coleslaw is a different product from ASDA/Tesco Cheese Coleslaw,No,Yes,Yes
8111,llm_verify,True,"All Tex-Mex Dip Selection, same core product across standard-tier own-brands",Yes,Yes,Yes
8128,llm_verify,False,Sainsbury's Edam Cheese is not the same as Cheese Coleslaw (different product type),No,Yes,Yes
8130,llm_verify,True,"Both Fruity Couscous, same core product with acceptable weight variance",Yes,Yes,Yes
8139,llm_verify,False,"Jalapeno Houmous, Classic Houmous, and Moroccan Houmous are different flavour variants",No,Yes,Yes
8153,llm_verify,False,ASDA Black Olives vs Sainsbury's/Tesco Nocellara Olives are different olive varieties,No,Yes,Yes
8180,llm_verify,False,"Three completely different products: paper cups, loose pepper, and houmous. Not the same core product.",No,Yes,Yes
8188,llm_verify,True,"All branded Gressingham whole ducks, minor variant naming acceptable (with/without giblets). Q3 N/A: all branded.",Yes,Yes,Yes
8211,llm_verify,True,"All premium-tier smoked British back bacon, 8-pack, 240g. Same core product across premium own-brands.",Yes,Yes,Yes
8220,llm_verify,True,"All standard-tier unsmoked gammon joints, weight variance 13.9% within tolerance.",Yes,Yes,Yes
8222,llm_verify,False,Shazans lamb mince (branded) vs Sainsbury's New Zealand lamb mince (own-brand). Different product sources/brands.,No,Yes,Yes
8232,llm_verify,False,"Mixed beef products: medallion steaks, grill steaks, and red wine beef steaks. Not the same core product type.",No,Yes,Yes
8234,llm_verify,False,"Four different branded suppliers (Shazans, Tariq Halal, Humza) for chicken thighs. Not the same branded product.",No,Yes,Yes
8262,llm_verify,True,"Both standard-tier breaded chicken breast mini fillets, 305g. Cooking method synonyms (tender/firecracker) acceptable.",Yes,Yes,Yes
8277,llm_verify,True,"All standard-tier lean beef steak mince, 5% fat, 250g. Same core product across retailers.",Yes,Yes,Yes
8286,llm_verify,True,"All premium-tier sirloin steaks, ~225g. Same core product across premium own-brands.",Yes,Yes,Yes
8287,llm_verify,True,"All premium-tier fillet steaks, same core product, weight variance 5.7%",Yes,Yes,Yes
8293,llm_verify,False,"Morrisons product is Pork & Ale Sausages, not Lincolnshire; different flavour variant",No,Yes,Yes
8302,llm_verify,False,ASDA is pork sausages; Morrisons and Sainsbury's are sausage rolls (different product type),No,Yes,Yes
8319,llm_verify,True,"Identical branded product (Krakus Kielbasa), same weight, no own-brand tier issue",Yes,Yes,Yes
8322,llm_verify,True,"All standard-tier turkey meatballs, weight variance exactly 15% (within threshold)",Yes,Yes,Yes
8329,llm_verify,True,"All Foster's Lager cans (same branded product), pack count irrelevant to Q1, variance 0.4%",Yes,Yes,Yes
8330,llm_verify,True,"All Estrella Damm lager (same branded product), bottle vs unspecified format acceptable, variance 1.0%",Yes,Yes,Yes
8338,llm_verify,False,"All Carling Lager cans, but weight variance 94.4% exceeds 15% threshold (Sainsbury's data anomaly)",Yes,No,Yes
8339,llm_verify,True,"All Old Golden Hen craft beer 500ml bottles, same core product, variance 0.0%",Yes,Yes,Yes
8343,llm_verify,False,Morrisons product is Stella Artois Unfiltered (different variant); others are standard Premium Lager,No,Yes,Yes
8352,llm_verify,False,McEwan's Champion Ale and King Goblin Ale are different branded products,No,Yes,Yes
8353,llm_verify,True,"All Carlsberg Pilsner/Danish Pilsner, same branded product across retailers",Yes,Yes,Yes
8360,llm_verify,False,Corona Lager vs Corona Extra are different product variants,No,Yes,Yes
8364,llm_verify,True,"All Greene King Abbot Ale, same branded product across retailers",Yes,Yes,Yes
8365,llm_verify,False,Leffe Brune and Leffe Blond are different flavour variants,No,Yes,Yes
8367,llm_verify,True,"Both Morland Old Crafty Hen Vintage Ale, same branded product",Yes,Yes,Yes
8369,llm_verify,True,"All Beck's Blue Alcohol-Free, same branded product across retailers",Yes,Yes,Yes
8372,llm_verify,True,"All Adnams Ghost Ship Ale, same branded product across retailers",Yes,Yes,Yes
8382,llm_verify,False,Timothy Taylor's Landlord and Hopical Storm are different branded products,No,Yes,Yes
8383,llm_verify,False,Foster's Proper Shandy vs Foster's Lager are different products; weight variance exceeds 15%,No,No,Yes
8385,llm_verify,True,"All Fuller's London Pride Amber Ale, same brand and product across retailers; pack format (cans) consistent; all branded products.",Yes,Yes,Yes
8391,llm_verify,False,ASDA Skol Lager is a different brand from Morrisons/Sainsbury's/Tesco Amstel Lager; not the same core product.,No,Yes,Yes
8392,llm_verify,True,"All McEwan's Export Original Scottish Ale, same branded product across retailers; weight variance within 15%.",Yes,Yes,Yes
8397,llm_verify,True,"All Heineken Premium Lager Beer, same branded product; pack count differences (pint cans vs 6x330ml) do not affect Q1; weight variance within 15%.",Yes,Yes,Yes
8400,llm_verify,False,"Tesco product is Budweiser Budvar Original, a different variant from ASDA/Sainsbury's standard Budweiser Lager; not the same core product.",No,Yes,Yes
8406,llm_verify,True,"All Peroni Nastro Azzurro Lager Beer bottles, same branded product; pack count differences do not affect Q1; weight variance within 15%.",Yes,Yes,Yes
8408,llm_verify,True,"All Peroni Nastro Azzurro Stile Capri Lager Beer bottles, same branded product; pack count differences do not affect Q1; weight variance within 15%.",Yes,Yes,Yes
8410,llm_verify,True,"All Heineken 0.0 Alcohol Free Lager Beer, same branded product; pack count differences do not affect Q1; weight variance within 15%.",Yes,Yes,Yes
8412,llm_verify,False,ASDA Lancaster Blonde Ale is a different brand from Morrisons/Tesco Saltaire Blonde Premium Ale; not the same core product.,No,Yes,Yes
8415,llm_verify,False,ASDA/Morrisons Marston's English Pale Ale differs from Sainsbury's Hogs Back Traditional English Ale; different brands and products.,No,Yes,Yes
8418,llm_verify,False,"Greene King East Coast IPA, Greene King IPA, and Greene King Abbot Ale are different beer variants/styles, not the same core product",No,Yes,Yes
8420,llm_verify,True,"All Heineken 0.0 Alcohol Free Lager, same branded product across retailers",Yes,Yes,Yes
8424,llm_verify,False,"BrewDog Arcade Made is the base product, but Tesco lists 'DDH IPA' variant which indicates a different recipe/style",No,Yes,Yes
8425,llm_verify,True,"All Spitfire Amber Ale, same branded product across retailers with minor naming variations",Yes,Yes,Yes
8430,llm_verify,True,"All Fuller's London Pride Amber Ale, same branded product across retailers with minor naming variations",Yes,Yes,Yes
8431,llm_verify,False,Different product variants (12-pack vs 4-pack vs gift pack) and weight variance exceeds 15%,No,No,Yes
8435,llm_verify,True,"All Greene King Icebreaker Pale Ale, same branded product across retailers; pack count differences do not affect Q1",Yes,Yes,Yes
8442,llm_verify,False,"Northern Monk Hazy Pale Ale, Heathen Hazy IPA, and Fruit Twist IPA are different beer variants/styles, not the same core product",No,Yes,Yes
8443,llm_verify,True,"All Thornbridge Jaipur India Pale Ale, same branded product across retailers; pack count differences do not affect Q1",Yes,Yes,Yes
8446,llm_verify,False,Different product variants (gift pack vs 10-pack standard) and weight variance exceeds 15%,No,No,Yes
8447,llm_verify,True,All Guinness Draught 0.0% non-alcoholic beer; pack count variance irrelevant to Q1; within weight tolerance.,Yes,Yes,Yes
8455,llm_verify,False,Different beer products: St Austell Proper Black IPA vs St Austell Korev (different styles/recipes).,No,Yes,Yes
8457,llm_verify,True,All Goose Island IPA; pack count variance irrelevant; within weight tolerance.,Yes,Yes,Yes
8459,llm_verify,True,All BrewDog Elvis Juice Grapefruit IPA; pack count variance irrelevant; within weight tolerance.,Yes,Yes,Yes
8465,llm_verify,False,Different Greene King products: IPA vs IPA Reserve vs Abbot Reserve (different product lines/recipes).,No,Yes,Yes
8468,llm_verify,True,"All Guinness NitroSurge device (same accessory product); size data unavailable, assume comparable.",Yes,Yes,Yes
8471,llm_verify,True,All Greene King India Pale Ale 4×500ml; identical pack format and weight across retailers.,Yes,Yes,Yes
8472,llm_verify,True,All BrewDog Hazy Jane New England IPA; pack count variance irrelevant; within weight tolerance.,Yes,Yes,Yes
8477,llm_verify,True,All BrewDog Hazy Jane New England IPA; pack count variance irrelevant; within weight tolerance (1.0%).,Yes,Yes,Yes
8481,llm_verify,True,All Siren Craft Brew Soundwave IPA; within weight tolerance.,Yes,Yes,Yes
8482,llm_verify,False,"Tesco product is Hazy Jane, not Triple Hazy New England IPA — different beer variant",No,Yes,Yes
8484,llm_verify,True,All BrewDog Alcohol Free Mixed Pack 8×330ml variants across retailers,Yes,Yes,Yes
8487,llm_verify,True,Both Duvel Tripel Hop Citra 330ml — same branded product,Yes,Yes,Yes
8490,llm_verify,False,Morrisons lists 'Hazy Jane Mixed' (unclear if same variant as 'Hazy Jane New England IPA'),No,Yes,Yes
8492,llm_verify,False,"Morrisons product is Toucan Tropic DDH IPA, not Love & Hate — different beer variant",No,Yes,Yes
8493,llm_verify,False,"Four different Northern Monk variants (Heathen Hazy, Fruit Twist Lolly, Faith Hazy) — not same core product",No,Yes,Yes
8494,llm_verify,True,All BrewDog Punk IPA 440ml — same branded product across retailers,Yes,Yes,Yes
8500,llm_verify,False,"Three different North Brewing Co variants (Songbird IPA, Open Space Pale Ale, Another World Hazy IPA) — not same core product",No,Yes,Yes
8501,llm_verify,False,"Tesco product is Doppleganger DDH IPA, not Life & Death — different Vocation beer variant",No,Yes,Yes
8520,llm_verify,False,"Three different Galbani cheese types (Italian Blue, Dolcelatte, Burrata) — not same core product",No,Yes,Yes
8537,llm_verify,True,"All Eat Real Veggie Straws, same flavour (Kale, Tomato & Spinach), branded product, weight variance 2.7%",Yes,Yes,Yes
8556,llm_verify,True,"All 12 pork meatballs, same tier (standard own-brand), weight variance 1.2%",Yes,Yes,Yes
8574,llm_verify,False,Different caterpillar cake products: 'Frieda' vs 'Stripey' — different character variants indicate different products,No,Yes,Yes
8579,llm_verify,True,"Both Hellmann's Vegan Mayo/Mayonnaise, same branded product, weight variance 0%",Yes,Yes,Yes
8584,llm_verify,True,"Both malted wheat cereals (Malted Wheaties vs Malt Wheats), same tier (standard own-brand), weight variance 0%",Yes,Yes,Yes
8585,llm_verify,False,ASDA Frosted Flakes (branded Kellogg's product) vs Morrisons Special Flakes (own-brand imitation) — different core products,No,Yes,Yes
8599,llm_verify,True,"All 4 beef dripping Yorkshire puddings, same tier (premium own-brand), weight variance 0%",Yes,Yes,Yes
8602,llm_verify,False,Different Tiny Rebel beers: Froozzi Fruit Smoothie IPA vs 505 Special — different product variants,No,Yes,Yes
8611,llm_verify,False,Different Wye Valley Brewery beers: HPA Hereford Pale Ale vs Hopfather — different product variants,No,Yes,Yes
8612,llm_verify,False,"Four different pale ales from different breweries (Purity Mad Goose, North Brewing Pinata, North Brewing Sputnik) — not the same core product",No,Yes,Yes
8618,llm_verify,False,Different breweries and different beer styles (Saltaire Blonde vs Yorkshire Blonde),No,Yes,Yes
8619,llm_verify,False,Mixed beer styles within same brewery (Longhorn IPA vs Mad Goose Pale Ale are different products),No,Yes,Yes
8620,llm_verify,False,Different cider brands (Henney's vs Frome Valley) despite similar naming,No,Yes,Yes
8628,llm_verify,False,Different wine brands (Bruce Jack vs Klein St Sauvignon Blanc),No,Yes,Yes
8631,llm_verify,False,Different wine brands (The Wanted/Most Wanted/Sunlight/Lateral Chardonnay),No,Yes,Yes
8635,llm_verify,True,All same core product (loaf cake liners) at standard tier,Yes,Yes,Yes
8636,llm_verify,False,Different products (Chocolate Éclairs vs Fruitier & Nuttier Chocolate Bars),No,Yes,Yes
8646,llm_verify,True,"All same core product (fresh cherries) at standard tier, same weight",Yes,Yes,Yes
8653,llm_verify,False,Mixed product types (Chocolate Gateau vs Choc Cakes are different formats),No,Yes,Yes
8661,llm_verify,False,Different products (George Easter Fuzzy Sticks vs Celery Sticks),No,Yes,Yes
8663,llm_verify,False,Different Lindt products: Egg vs Cornet vs Truffles — not the same core product type,No,Yes,Yes
8687,llm_verify,False,"Tony's Chocolonely vs Tunnock's — different branded products, not the same core product",No,Yes,Yes
8693,llm_verify,False,"Kinder Easter Mini Figures vs Kinder Friends in the Sky — different licensed character variants, not the same product",No,Yes,Yes
8712,llm_verify,True,"All Lindt Lindor Milk Chocolate Mini Eggs — same core product, minor naming variation acceptable",Yes,Yes,Yes
8729,llm_verify,True,"Both standard-tier decaf instant coffee, same weight, same tier",Yes,Yes,Yes
8739,llm_verify,False,Tesco product is 'Roly Poly' variant — different product type from standard Raspberry Jam,No,Yes,Yes
8741,llm_verify,True,"All standard-tier pure honey (Set or Squeezy format), same core product, same tier",Yes,Yes,Yes
8742,llm_verify,False,Different wine producers: Via Vincini vs Montepulciano D'Abruzzo (unbranded) vs Vista Castelli — not the same branded product,No,Yes,Yes
8756,llm_verify,True,"All Cadbury Mini Eggs 360g — same core product, minor naming variation (Block/Bar) acceptable",Yes,Yes,Yes
8760,llm_verify,True,"All Milkybar Mini Eggs — same core product, weight variance 10% within acceptable 15% threshold",Yes,Yes,Yes
8782,llm_verify,False,"Tesco product is a Number 0 Candle, not Easter Baking Cases — different core product type",No,Yes,Yes
8784,llm_verify,False,Morrisons Rainbow Sprinkles differs from Easter Party Sprinkles — different product variants,No,Yes,Yes
8794,llm_verify,False,Eatlean and Desi Paneer are branded cheeses; Morrisons and Tesco are own-brand — mixed branded and own-brand; also Paneer is a different cheese type from soft cheese,No,Yes,No
8833,llm_verify,False,Cadbury Twirl and Cadbury Wispa are different chocolate bar products,No,Yes,Yes
8837,llm_verify,True,"All Chinese curry cooking sauce, same tier, same weight",Yes,Yes,Yes
8838,llm_verify,True,"All Tango Mango Sugar Free 8×330ml multipack, same product",Yes,Yes,Yes
8861,llm_verify,False,"Tesco product is Deluxe Custard Belgian Chocolate (different flavour), and weight variance exceeds 15% (120g vs 240g)",No,No,Yes
8862,llm_verify,False,ASDA Côtes de Provence Rosé (no celebrity branding) differs from Kylie Minogue branded versions — different products,No,Yes,Yes
8865,llm_verify,False,Cadbury Wispa Large Easter Egg vs Cadbury Wispa 9 Pack Chocolate Bars — different product types (egg vs bar multipack),No,Yes,Yes
8871,llm_verify,False,Milkybar Easter Egg Hunt Carton vs Milkybar Dessert 2×65g — different product types (Easter egg vs dessert pots),No,Yes,Yes
8874,llm_verify,False,Tesco product is Share Bag (different product type) vs Easter Eggs at ASDA/Sainsbury's,No,Yes,Yes
8878,llm_verify,False,Tesco Twirl 10-pack is different product (Twirl bars) vs Creme Eggs at other retailers,No,Yes,Yes
8895,llm_verify,True,"All Kinder Joy 20g eggs, same product across retailers",Yes,Yes,Yes
8927,llm_verify,False,Disney Encanto vs Disney Princess are different character licenses/product variants,No,Yes,Yes
8980,llm_verify,True,"All standard-tier tiramisu 500g, same product across retailers",Yes,Yes,Yes
8990,llm_verify,False,Morrisons Mini Yule Logs is different product vs Cadbury Mini Eggs at other retailers,No,Yes,Yes
8992,llm_verify,False,Lily O'Briens (branded) vs Morrisons Gourmet Collection (own-brand standard tier) are different products and tiers,No,Yes,No
8998,llm_verify,False,Nice Drop Shiraz (different brand) vs Barefoot Shiraz (different brand) are not the same product,No,Yes,Yes
9026,llm_verify,False,"Four different Merlot brands (La Moneda, Alzar, Camino Del Angel, Isla Negra) are not the same product",No,Yes,Yes
9031,llm_verify,True,"All standard-tier chopped tomatoes with herbs 400g, same product across retailers",Yes,Yes,Yes
9033,llm_verify,True,"Same branded product (WKD Iron Brew), identical size, both unknown-tier (treated as branded).",Yes,Yes,Yes
9042,llm_verify,True,"Same core product (custard), all standard-tier own-brand, identical weight.",Yes,Yes,Yes
9104,llm_verify,False,"ASDA product is Cadbury Creme Egg (Easter egg), while Morrisons and Sainsbury's are Cadbury Twirl bars (chocolate bars) — different core products.",No,Yes,Yes
9135,llm_verify,False,Different brands: KTC vs Pride — not the same branded product.,No,Yes,Yes
9136,llm_verify,False,"Three different products: Bio & Me Vanilla Gut-Loving Prebiotic Yoghurt, Bio & Me Vanilla Kefir Yoghurt, and Jörd Vanilla Oat Yoghurt Alternative — different brands and product types.",No,Yes,Yes
9152,llm_verify,False,ASDA Loveheart Crumpets vs Morrisons Mum Heart Crumpets — different product names suggest different core products (Loveheart vs Mum Heart).,No,Yes,Yes
9156,llm_verify,True,"Same core product (French dressing), all standard-tier own-brand, identical size.",Yes,Yes,Yes
9159,llm_verify,True,"Same branded product (Cadbury Mini Eggs Choc Cakes), pack count differences do not affect Q1, size data unavailable so assume comparable.",Yes,Yes,Yes
9172,llm_verify,False,Different products: Nice Drop Trebbiano Pinot Grigio vs Morrisons The Best Trentino Pinot Grigio — different brands and wine varieties.,No,Yes,No
9188,llm_verify,True,"Same branded product (Breakaway Milk Chocolate Biscuit Bar), pack count differences do not affect Q1, identical weight.",Yes,Yes,Yes
9197,llm_verify,False,"Q1 and Q2 pass (same Shiraz wine, same volume), but Q3 fails: ASDA unknown-tier vs Sainsbury's premium-tier (Taste the Difference) — tier mismatch",Yes,Yes,No
9198,llm_verify,True,All Haribo Heart Throbs (branded product); Q3 N/A because all are branded,Yes,Yes,Yes
9200,llm_verify,False,"Q1 fails: ASDA 'Pamper Set' is a gift set (different product type), while Morrisons and Sainsbury's are standard Freixenet Prosecco bottles",No,Yes,Yes
9223,llm_verify,False,"Q1 fails: four different Sauvignon Blanc brands (Nice Drop, Fairbank, Phantom River, Cape Kyala) — not the same core product",No,Yes,Yes
9235,llm_verify,False,Q1 fails: George Home Unicorn Napkins (napkins) vs Tesco Unicorn Sprinkles (food sprinkles) — different product types,No,Yes,Yes
9240,llm_verify,True,"Both Dalgety Instant Ginger herbal teabags, same weight variance (0.8%), branded product",Yes,Yes,Yes
9252,llm_verify,False,"Q1 fails: three different Cabernet Sauvignon brands (Nice Drop, Bread & Butter, Vinalba Reserve) — not the same core product",No,Yes,Yes
9253,llm_verify,True,"Both Heineken Silver Pure Malt Lager 650ml, same volume, branded product",Yes,Yes,Yes
9254,llm_verify,False,"Q1 fails: ASDA and Sainsbury's are Winter/Summer Punch variants (different flavours), Morrisons is Summer Punch — not the same core product",No,Yes,Yes
9265,llm_verify,False,"Q1 fails: B. INK Red Blend (ASDA, Sainsbury's, Tesco) vs Capeography Cape Red Blend (Morrisons) — different brands, not the same core product",No,Yes,Yes
9267,llm_verify,True,"All satsumas, same weight, same standard tier across retailers",Yes,Yes,Yes
9269,llm_verify,True,"Same cholesterol-lowering peach & apricot yogurt drink product, pack count difference irrelevant to Q1",Yes,Yes,Yes
9273,llm_verify,False,ASDA product is 'Cholesterol Lowering' yogurt drink; Morrisons 'Nourish' is different product line/recipe,No,Yes,Yes
9283,llm_verify,False,Tesco product is 'Chicken Kiev Bites' (different core product); ASDA/Sainsbury's are plain 'Chicken Bites',No,Yes,Yes
9294,llm_verify,True,"Both skimmed long-life milk, same volume, same standard tier",Yes,Yes,Yes
9295,llm_verify,True,"Both Neapolitan ice cream, 4.2% variance within tolerance, same standard tier",Yes,Yes,Yes
9298,llm_verify,True,"All mandarin segments in juice/fruit juice, identical weight, same standard tier",Yes,Yes,Yes
9314,llm_verify,True,"Both Cumberland chipolatas premium tier, pack count irrelevant to Q1, same weight",Yes,Yes,Yes
9332,llm_verify,True,"Both Mighty Barista oat milk, branded products, same volume; Q3 N/A for all-branded cluster",Yes,Yes,Yes
9334,llm_verify,True,"All Oatly chocolate oat drink, branded product, same volume; Q3 N/A for all-branded cluster",Yes,Yes,Yes
9335,llm_verify,True,"All Mister Free'd Avocado Guacamole Tortilla Chips, same weight, branded product",Yes,Yes,Yes
9337,llm_verify,False,Ginger Snaps vs Ginger Nuts are different product types,No,Yes,Yes
9348,llm_verify,False,Morrisons own-brand vs Kirsty's branded pizza are different product sources,No,Yes,Yes
9363,llm_verify,False,Plain Yogurt vs Greek Style Yogurt are different product types,No,Yes,Yes
9368,llm_verify,False,Alpro Soya Chilled vs Growing Up Long Life are different product variants,No,Yes,Yes
9372,llm_verify,True,"Both Old El Paso Gluten Free Tortillas, pack count difference irrelevant to Q1",Yes,Yes,Yes
9380,llm_verify,False,Garlic Bread Bag vs Garlic Baguette are different product formats,No,Yes,Yes
9388,llm_verify,True,"Both Schar Gluten Free Crispbreads, same weight, branded product",Yes,Yes,Yes
9396,llm_verify,False,Alpro Almond Chilled vs No Sugars Long Life are different product variants,No,Yes,Yes
9400,llm_verify,True,"All Nairn's Gluten Free Oats & Stem Ginger Biscuit Breaks, same weight, branded product",Yes,Yes,Yes
9449,llm_verify,False,Pitta breads and naan breads are different core products despite same brand,No,Yes,Yes
9463,llm_verify,True,"Same branded product, identical weight, all criteria met",Yes,Yes,Yes
9481,llm_verify,False,Millionaires vs Millionaire's Cake are different products (biscuit vs cake),No,Yes,Yes
9492,llm_verify,False,Shana and Humza are different brands; not the same core product,No,Yes,Yes
9499,llm_verify,True,"Same branded product, negligible weight variance, all criteria met",Yes,Yes,Yes
9517,llm_verify,True,"Same branded product across all retailers, identical weight, all criteria met",Yes,Yes,Yes
9546,llm_verify,False,Desi Natural and Onken Biopot are different brands; not the same core product,No,Yes,Yes
9569,llm_verify,True,"Same branded product (cans vs 6-pack format is acceptable), negligible variance, all criteria met",Yes,Yes,Yes
9570,llm_verify,True,"Same branded sausage product, minimal weight variance, all criteria met",Yes,Yes,Yes
9571,llm_verify,False,Mlekpol Mazurski and Lowicz are different brands; not the same core product,No,Yes,Yes
9579,llm_verify,False,"Different branded sauerkraut products: Kuchnia Polska, Krakus, and Polish Specialities are distinct brands/variants",No,Yes,Yes
9583,llm_verify,False,Different branded roasted pepper products: Aleyna and Odysea are distinct brands with different pepper combinations,No,Yes,Yes
9589,llm_verify,False,Mixed brands: Grace (3 products) vs UFC (1 product) — not all the same core product,No,Yes,Yes
9610,llm_verify,False,Different branded hazelnut products: Grzeski vs Goplana Grzeski — distinct brands/variants,No,Yes,Yes
9614,llm_verify,True,"All McDonnells Curry Sauce, same size, minor spelling variations acceptable",Yes,Yes,Yes
9620,llm_verify,False,Different branded black olives: Cypressa vs Crespo — distinct brands,No,Yes,Yes
9652,llm_verify,True,"All Al'Fez Moroccan Spiced Couscous, same brand and product across retailers with minor naming variations",Yes,Yes,Yes
9681,llm_verify,True,"All Pakeeza Mango Lassi Thick Yogurt Drink, same core product with minor naming variations",Yes,Yes,Yes
9697,llm_verify,False,"Different products: Cidona Apple Drink (still drink) vs Tesco Apple Cider (cider, not the same product type)",No,Yes,Yes
9699,llm_verify,True,"Both Shayona Bhusoo/Bhusu, same product with minor spelling variation",Yes,Yes,Yes
9708,llm_verify,True,"Same branded product (Rakusen's Matzo Crackers), identical weight, minor naming variation acceptable.",Yes,Yes,Yes
9711,llm_verify,False,Different core products: Chicken Tikka Wrap vs Chicken Tikka Samosas (different food types).,No,Yes,Yes
9714,llm_verify,False,Different branded products: Krakus Zywiecka vs Morliny Zywiecka (different manufacturers/brands).,No,Yes,Yes
9718,llm_verify,True,"Same branded product (Sokolow Doktorska Polish Cooked Mortadela), identical weight.",Yes,Yes,Yes
9751,llm_verify,True,"Same branded product (Bradley's/Bradleys Jellied Eels), identical weight across all three retailers.",Yes,Yes,Yes
9770,llm_verify,True,Same core product (Wiltshire Ham) across premium tiers; minor weight variance (4%) within tolerance.,Yes,Yes,Yes
9800,llm_verify,False,Different core products: Edam Slices vs Gouda Slices (different cheese types).,No,Yes,Yes
9810,llm_verify,False,Different core products: Gouda Slices vs Edam Slices (different cheese types).,No,Yes,Yes
9849,llm_verify,True,"Same branded product (Stork Baking Spread), identical weight, minor naming variations acceptable.",Yes,Yes,Yes
9850,llm_verify,True,"Same branded product (Muller Light Red Fruits Fat Free Yogurt), weight variance 1.2% within tolerance.",Yes,Yes,Yes
9853,llm_verify,True,All Rustlers Quarter Pounder variants; cooking method synonyms (Flame Grilled/Microwave) are acceptable naming differences for same product,Yes,Yes,Yes
9855,llm_verify,False,President Unsalted Butter vs Isigny Unsalted Churned Butter are different branded products,No,Yes,Yes
9861,llm_verify,False,Morrisons The Best Chicken Tikka Masala vs The Gym Kitchen Chicken Tikka are different branded products,No,Yes,Yes
9871,llm_verify,False,Morrisons Italian Fusilli vs Sainsbury's Spelt Fusilli are different pasta types (wheat vs spelt),No,Yes,Yes
9872,llm_verify,False,UFC Coconut Water vs Coco Cabana Coconut Water are different branded products,No,Yes,Yes
9887,llm_verify,True,Both Vivera Veggie Shawarma/Shwarma Kebab; spelling variant acceptable,Yes,Yes,Yes
9893,llm_verify,False,Bernard Matthews Turkey Breast Slices vs Najma Halal Bear Turkey Slices are different branded products,No,Yes,Yes
9894,llm_verify,True,All Benecol Blueberry Yogurt Drinks; pack count differences (single vs 6-pack) do not affect Q1,Yes,Yes,Yes
9906,llm_verify,True,All Primula Cheese & Prawns; minor naming variations (n/with/&) acceptable,Yes,Yes,Yes
9908,llm_verify,True,All Le Rustique Camembert; pasteurisation descriptor does not change core product,Yes,Yes,Yes
9909,llm_verify,False,Morrisons product is 175g per unit (x2=350g total) while Sainsbury's and Tesco are 85g per unit; massive weight variance (51.4%) exceeds 15% threshold; also Morrisons appears to be a different product specification,No,No,Yes
9914,llm_verify,True,"All Arctic Cafe Latte branded products, 330ml each, identical size",Yes,Yes,Yes
9951,llm_verify,False,Morrisons is Strawberry Flavour (likely mousse/dessert) vs Tesco Strawberry Mousse; product names differ sufficiently to indicate different core products,No,Yes,Yes
9952,llm_verify,False,Morrisons Chicken Arrabiatta is a different dish/sauce type than Sainsbury's and Tesco Butter Chicken; different core recipes,No,Yes,Yes
9968,llm_verify,True,"Both Huel Ready To Drink Banana branded products, 500ml each, identical",Yes,Yes,Yes
9976,llm_verify,False,Morrisons Tomato & Pepperoni Pasta Sauce vs Tesco Pepperoni Pasta Bake are different product types (sauce vs bake),No,Yes,Yes
9985,llm_verify,True,"Both premium-tier Camembert cheeses, 250g each, same core product",Yes,Yes,Yes
10009,llm_verify,True,"Both standard-tier Natural/Plain Cottage Cheese, 300g each, same core product",Yes,Yes,Yes
10023,llm_verify,False,Morrisons Triple Choc Brownie Pudding vs Sainsbury's Triple Chocolate Brookie Pudding are different product types (brownie vs brookie),No,Yes,Yes
10035,llm_verify,False,Biotiful Kefir Yogurt Madagascan Vanilla vs Biotiful Oat Kefir Yogurt Vanilla are different products (dairy vs oat-based),No,Yes,Yes
10048,llm_verify,False,Jarlsberg Original vs Leerdammer Original are different cheese brands/products,No,Yes,Yes
10055,llm_verify,False,Morrisons Savers (value-tier) vs Biocol branded milk are different product tiers,No,Yes,No
10064,llm_verify,True,"All roast chicken slices, same standard tier, within weight variance",Yes,Yes,Yes
10072,llm_verify,False,"Morrisons product appears to be 'For Farmers' (different product line), not standard swede",No,Yes,Yes
10106,llm_verify,True,"All Bertolli Olive Oil Spread variants, same branded product, identical weight",Yes,Yes,Yes
10129,llm_verify,False,Sainsbury's is Lactose Free variant; others are standard 0% Fat Greek yogurt—different product types,No,Yes,Yes
10131,llm_verify,True,"All diced chorizo, same standard tier, within weight variance",Yes,Yes,Yes
10152,llm_verify,False,ASDA/Morrisons are Red Pepper Houmous; Sainsbury's/Tesco are Red Peppers (fresh produce)—different products,No,Yes,Yes
10166,llm_verify,True,"All semi-skimmed milk 1L, same standard tier, identical weight",Yes,Yes,Yes
10168,llm_verify,True,"All Ski Variety Yogurts (branded), same product across pack formats, within weight variance",Yes,Yes,Yes
10188,llm_verify,True,"All standard-tier own-brand strawberry cheesecakes, identical weight and pack format.",Yes,Yes,Yes
10189,llm_verify,False,"Tesco product is branded (The Pizza Company), not own-brand like Morrisons and Sainsbury's.",No,Yes,Yes
10190,llm_verify,True,All branded Activia Fibre Walnut & Oat yogurt; pack count differences do not affect Q1.,Yes,Yes,Yes
10205,llm_verify,True,All branded Activia Prune Fusions yogurt; minor naming variations acceptable for same product.,Yes,Yes,Yes
10210,llm_verify,True,"All standard-tier own-brand lemon cheesecakes, identical weight and pack format.",Yes,Yes,Yes
10221,llm_verify,True,Both branded Innocent Kids Strawberry smoothies; pack count difference does not affect Q1.,Yes,Yes,Yes
10233,llm_verify,False,"Sainsbury's product is Dairy Pride (different brand), not Delamere Dairy like Morrisons and Tesco.",No,Yes,Yes
10236,llm_verify,False,Morrisons is 'Clotted Cream Rice Pudding' vs Sainsbury's 'Cream Rice Pudding' — different core recipe/ingredient specification.,No,Yes,Yes
10237,llm_verify,False,ASDA and Tesco are 'Smooth' (no pulp) while Morrisons and Sainsbury's are 'with Bits' (pulp) — different product variants.,No,Yes,Yes
10245,llm_verify,False,Morrisons is Spinach & Ricotta while Sainsbury's and Tesco are Aubergine Parmigiana — different core products.,No,Yes,Yes
10247,llm_verify,True,Same core product (chargrilled/flamegrilled chicken breast mini fillets); cooking method synonyms; standard tier own-brands comparable,Yes,Yes,Yes
10259,llm_verify,False,Different branded variants: Cadbury Fingers vs Oreos are different products,No,Yes,Yes
10285,llm_verify,False,Different branded products: Minor Figures vs JORD are distinct brands,No,Yes,Yes
10312,llm_verify,True,Same core product (Indian chapattis); pack count difference irrelevant to Q1; standard tier own-brands,Yes,Yes,Yes
10331,llm_verify,False,Different branded variants: Prosciutto vs Mushroom & Ricotta are distinct products,No,Yes,Yes
10336,llm_verify,True,Same core product (shortcrust pastry block); weight variance 10.5% within tolerance; standard tier own-brands,Yes,Yes,Yes
10348,llm_verify,False,Different products: Morrisons Takeaway Indian H... (likely different variant) vs Tadka Daal vs Tarka Dahl; unclear if same recipe,No,Yes,Yes
10376,llm_verify,True,Same core product (steak bakes); pack count irrelevant to Q1; weight variance 2.9% within tolerance; standard tier own-brands,Yes,Yes,Yes
10389,llm_verify,True,Same branded product (Innocent Kiwi Cucumber & Matcha smoothie); minor naming variation acceptable,Yes,Yes,Yes
10392,llm_verify,False,Different branded variants: Flame Grilled Cheese Burger vs Twin Cheese Burger are distinct Rustlers products,No,Yes,Yes
10396,llm_verify,True,"All wafer-thin honey roast ham, standard tier own-brands, within variance.",Yes,Yes,Yes
10405,llm_verify,False,"Trifles, mousses, and sponge puddings are different dessert types; not the same core product.",No,Yes,Yes
10421,llm_verify,True,"Both premium-tier mushroom & Madeira sauce, identical weight, same tier.",Yes,Yes,Yes
10436,llm_verify,True,"Both branded Flora plant butter unsalted, identical weight; Q3 N/A (all branded).",Yes,Yes,Yes
10442,llm_verify,False,ASDA and Tesco are Mandarin & Carrot; Morrisons is Strawberry—different flavours.,No,Yes,Yes
10470,llm_verify,True,"All branded Tropicana multivitamin juice 300ml, identical weight; Q3 N/A (all branded).",Yes,Yes,Yes
10478,llm_verify,True,"Both spinach & ricotta tortelloni 250g, same core product; tier mismatch (unknown vs standard) treated as comparable own-brand.",Yes,Yes,Yes
10504,llm_verify,True,"All garden peas in water, standard tier, within variance (drained weight notation on Sainsbury's is standard).",Yes,Yes,Yes
10520,llm_verify,True,"All chocolate chip cookies, standard tier own-brands, within 15% variance.",Yes,Yes,Yes
10524,llm_verify,True,"All branded Discos variety multipack crisps, pack count differences irrelevant to Q1; within variance.",Yes,Yes,Yes
10526,llm_verify,True,All Kellogg's Rice Krispies Squares Delightfully Chocolatey bars; pack count differences (single vs 4-pack) do not affect Q1; weight variance within 15%.,Yes,Yes,Yes
10528,llm_verify,False,Cadbury Timeout Chocolate vs Cadbury Oreo Chocolate Egg are different products (different flavours/formats).,No,Yes,Yes
10533,llm_verify,True,Both standard-tier own-brand bacon products (Bacon Rashers vs Bacon Crispies are the same food type); same weight; same tier.,Yes,Yes,Yes
10534,llm_verify,True,All Twix Caramel & Milk Chocolate Fingers Twin Biscuit bars; pack count differences do not affect Q1; weight variance 0%.,Yes,Yes,Yes
10536,llm_verify,True,All Napolina Chopped Tomatoes 400g; minor naming variations ('with Herbs' vs 'in a...') are acceptable; weight variance 0%.,Yes,Yes,Yes
10545,llm_verify,True,All Heinz Baked Beans in Tomato Sauce 800g total; pack format differences (Snap Pots vs 4x200g) do not affect Q1; weight variance 0%.,Yes,Yes,Yes
10608,llm_verify,True,"All Heinz Tomato Ketchup; 'Top Down Squeezy' is a package format descriptor, not a product type change; weight variance 2.9%.",Yes,Yes,Yes
10621,llm_verify,True,All standard-tier own-brand drained tuna in spring water; same food type across retailers; weight variance 8.3%.,Yes,Yes,Yes
10636,llm_verify,True,All Fibre One 90 Calorie Milk Chocolate Popcorn Bars 84g; pack count differences do not affect Q1; weight variance 0.1%.,Yes,Yes,Yes
10639,llm_verify,True,All standard-tier own-brand fresh rosemary 20g; same food type across retailers; weight variance 0%.,Yes,Yes,Yes
10640,llm_verify,False,Different flavours: Sea Salt & Cider Vinegar vs Sea Salt & Black Pepper,No,Yes,Yes
10642,llm_verify,False,Different product variants: Special Fried vs Classic Long Grain,No,Yes,Yes
10665,llm_verify,False,"Love Corn is a different product type (corn snack, not potato crisps)",No,Yes,Yes
10702,llm_verify,True,All Old El Paso flour tortillas; size variance within tolerance,Yes,Yes,Yes
10716,llm_verify,False,Different products (Fibre Bar vs Free From Brownies) and different pack counts (6 vs 4),No,Yes,No
10717,llm_verify,False,Garlic Pepper vs Garlic Powder are different products,No,Yes,Yes
10736,llm_verify,False,Earl Grey vs Lady Grey are different tea flavours,No,Yes,Yes
10754,llm_verify,True,Both Patak's Garlic & Coriander Naans; cooking method descriptor difference acceptable,Yes,Yes,Yes
10772,llm_verify,True,"All Pringles Original; Pop & Go is packaging variant, not product variant",Yes,Yes,Yes
10777,llm_verify,False,Ground Nutmeg vs Ground Mace are different spices,No,Yes,Yes
10779,llm_verify,True,"Same core product (raspberry jam sponge pudding), both standard-tier own-brand, weight variance within tolerance.",Yes,Yes,Yes
10824,llm_verify,False,Up & Go Vanilla is a different branded product from Fuel 10K Liquid Breakfast Vanilla; different brands and product lines.,No,Yes,Yes
10828,llm_verify,False,Walkers Crinkles Simply Salted (sharing bag) is a different product from Walkers Baked Ready Salted (multipack); different product types and formats.,No,Yes,Yes
10835,llm_verify,False,"Raisin Yoghurt Flakes, Dino Yogurt Eggs, and Raisins Yogurt are different product variants within the Fruit Bowl range; not the same core product.",No,Yes,Yes
10842,llm_verify,True,"Same core product (Urban Fruit Gently Baked Strawberries), identical weight, all branded.",Yes,Yes,Yes
10845,llm_verify,False,Old El Paso Large Extra Thin Tortilla Wraps is a different product from Old El Paso Mexican Tortilla Wrap Pockets; different product types.,No,Yes,Yes
10854,llm_verify,False,Up & Go Breakfast Drink Strawberry is a different branded product from Fuel 10K Liquid Breakfast Strawberry; different brands and product lines.,No,Yes,Yes
10868,llm_verify,True,"Same core product (Twinings Superblends Calm Tea Bags), identical weight, both branded.",Yes,Yes,Yes
10874,llm_verify,True,"Same core product (Quaker Oat So Simple Summer Berries Porridge Pot), identical weight, both branded.",Yes,Yes,Yes
10945,llm_verify,True,"Same core product (Twinings Superblends Immune Support Tea Bags), identical weight and pack count, both branded.",Yes,Yes,Yes
10956,llm_verify,False,Morrisons product is Strawberry (single flavour); Sainsbury's and Tesco are Forest Fruit (different flavour). Different core products.,No,Yes,Yes
10972,llm_verify,False,Illy (branded premium instant coffee) vs Stockwell & Co (value-tier own-brand). Different brands and different tiers.,No,Yes,No
10984,llm_verify,False,"Morrisons is Minestrone; Sainsbury's and Tesco are Lobster Bisque. Different soup types, not the same core product.",No,Yes,Yes
11020,llm_verify,True,"All Twinings Everyday Decaffeinated Tea, same weight and bag count. Branded product, all identical.",Yes,Yes,Yes
11029,llm_verify,False,Morrisons Chocolate Biscuit Selection (mixed assortment) vs Tesco Chocolate Chip Digestive Biscuits (single type). Different products.,No,Yes,Yes
11030,llm_verify,False,"Sun-Pat (branded) vs Meridian (branded, different brand). Different brands, not the same core product.",No,Yes,Yes
11049,llm_verify,True,"All Milk Chocolate Digestive Biscuits, standard tier own-brand across four retailers, same weight. Same product tier.",Yes,Yes,Yes
11051,llm_verify,True,"All Spaghetti, standard tier own-brand across four retailers, same weight. Tesco's 'Short Spaghetti' is a minor descriptor variant of the same product type.",Yes,Yes,Yes
11053,llm_verify,True,"All Ginger Nut/Ginger Snap biscuits (same product, minor naming variant), standard tier own-brand, same weight.",Yes,Yes,Yes
11054,llm_verify,True,"Both Italian/Original Breadsticks, standard tier own-brand, same weight. Core product is breadsticks.",Yes,Yes,Yes
11055,llm_verify,True,"Same core product (plum tomatoes 400g), same value tier across retailers",Yes,Yes,Yes
11071,llm_verify,True,"Identical own-brand honey nut corn flakes 500g, all standard tier",Yes,Yes,Yes
11077,llm_verify,False,Rice crackers vs rice cakes are different products,No,Yes,Yes
11085,llm_verify,False,McVitie's Digestives Milk Chocolate vs Hobnob Biscuits are different branded products,No,Yes,Yes
11091,llm_verify,False,Del Monte Prunes vs Nature's Finest Pitted Prunes are different branded products,No,Yes,Yes
11095,llm_verify,False,Choco Crackles vs Choco Snaps are different own-brand product names/recipes,No,Yes,Yes
11102,llm_verify,True,"Same branded Kellogg's Variety Pack cereal, pack count differences do not affect Q1",Yes,Yes,Yes
11121,llm_verify,True,"Same branded Barny chocolate sponge bear biscuits 125g, pack format differences do not affect Q1",Yes,Yes,Yes
11129,llm_verify,False,Marrowfat peas vs black beans are different products,No,Yes,Yes
11148,llm_verify,False,Butter beans vs black beans are different products,No,Yes,Yes
11159,llm_verify,False,All-Bran Bran Flakes ≠ Corn Flakes; different cereal products,No,Yes,Yes
11161,llm_verify,True,All McVitie's Dark Chocolate Digestives; pack count differences irrelevant to Q1,Yes,Yes,Yes
11169,llm_verify,True,All Space Raiders Beef crisps; pack format/count differences irrelevant to Q1,Yes,Yes,Yes
11176,llm_verify,True,All Roysters T-Bone Steak crisps; pack format/count differences irrelevant to Q1,Yes,Yes,Yes
11202,llm_verify,True,All standard-tier own-brand brown rice; same tier across retailers,Yes,Yes,Yes
11203,llm_verify,True,All Dole Peach in Strawberry Jelly fruit snacks; pack count differences irrelevant to Q1,Yes,Yes,Yes
11215,llm_verify,True,All PG Tips Original 40 tea bags; pack count notation irrelevant to Q1,Yes,Yes,Yes
11231,llm_verify,False,Country Crisp ≠ Super Nutty Granola; different granola/cereal products,No,Yes,Yes
11235,llm_verify,True,All McVitie's Original Jaffa Cakes; pack count/format differences irrelevant to Q1,Yes,Yes,Yes
11244,llm_verify,False,Nescafe Americano ≠ Nescafe Azera Americano; different product lines,No,Yes,Yes
11260,llm_verify,True,"Both PG Tips Original tea bags, same core product; biodegradable variant is same product type",Yes,Yes,Yes
11270,llm_verify,True,"All Jordans Country Crisp Flame Raisins cereal, identical weight, same branded product",Yes,Yes,Yes
11272,llm_verify,True,"All Pek Chopped Pork, same core product; minor descriptor variation acceptable",Yes,Yes,Yes
11291,llm_verify,False,Kingfisher Anchovy Fillets (100g) vs John West Anchovy Fillets (95g) are different branded products,No,Yes,Yes
11292,llm_verify,True,"All Ryvita Crackerbread Wholegrain Crackers, same branded product across retailers",Yes,Yes,Yes
11300,llm_verify,True,"All Ainsley Harriott Roasted Vegetable Couscous, same branded product; minor spelling variation acceptable",Yes,Yes,Yes
11312,llm_verify,True,"All standard-tier own-brand Red Salmon, same tier across retailers, weight variance 1.4%",Yes,Yes,Yes
11315,llm_verify,True,"All Ryvita Crispbread Sesame Crackers, same branded product across retailers",Yes,Yes,Yes
11326,llm_verify,True,"All Kellogg's Krave Milk Chocolate cereal, same branded product across retailers",Yes,Yes,Yes
11327,llm_verify,True,"Both standard-tier own-brand Reduced Sugar Brown Sauce, same tier and product type",Yes,Yes,Yes
11333,llm_verify,True,"All same core product (whole button mushrooms in water), standard tier own-brands, within variance",Yes,Yes,Yes
11335,llm_verify,True,"All same core product (melba toast), standard tier own-brands, identical weight",Yes,Yes,Yes
11341,llm_verify,True,"All same branded product (Fox's Milk Chocolate Cookies), within variance, all branded",Yes,Yes,Yes
11343,llm_verify,False,"Tesco product is Crinkle Cut Beetroot, others are Sliced Beetroot—different product type",No,Yes,Yes
11355,llm_verify,False,Morrisons product name incomplete; Sainsbury's is Goldenfry brand—different branded products,No,Yes,Yes
11361,llm_verify,True,"All same branded product (Batchelors Super Noodles Chow Mein), identical weight",Yes,Yes,Yes
11363,llm_verify,False,"Morrisons is Mango Slice (solid product), others are Iced Mango Smoothie (liquid)—different product types",No,Yes,Yes
11408,llm_verify,True,"All same branded product (Jacob's Cornish Wafers Crackers), identical weight",Yes,Yes,Yes
11421,llm_verify,True,"All same core product (pimiento-stuffed olives in brine), standard tier own-brands, identical weight",Yes,Yes,Yes
11430,llm_verify,False,Morrisons/Tesco are Kingfisher brand; Sainsbury's is own-brand—different products; tier mismatch (standard vs unknown),No,Yes,No
11449,llm_verify,False,Different olive varieties: Fragata Selection vs Sainsbury's Romesco — different core products,No,Yes,No
11463,llm_verify,True,Both premium-tier all-butter shortbread fingers; weight variance at 15% threshold,Yes,Yes,Yes
11470,llm_verify,False,Dole Tropical Fruit vs Nature's Finest Tropical Fruits — different brands/products,No,Yes,Yes
11482,llm_verify,True,"Identical branded product: Twinings Earl Grey Decaf, same weight and pack count",Yes,Yes,Yes
11485,llm_verify,False,Different Jordans cereal variants: Country Crisp vs Super Fruity Granola — different core products,No,Yes,Yes
11488,llm_verify,True,Both standard-tier fruit muesli; identical weight and tier,Yes,Yes,Yes
11505,llm_verify,False,Different sauces: Hollandaise vs Bearnaise — different core products,No,Yes,Yes
11508,llm_verify,True,Same branded product: BEAR Yoyos Strawberry; pack format difference (family vs individual units) does not affect Q1,Yes,Yes,Yes
11509,llm_verify,False,Different BelVita variants: Soft Baked vs Crunch Live Yogurt — different core products,No,Yes,Yes
11532,llm_verify,True,Identical branded product: Horlicks Original Malted Drink; same weight across all retailers,Yes,Yes,Yes
11533,llm_verify,False,Different sauce variants: Tomato Spinach & Ricotta vs Puttanesca are distinct recipes,No,Yes,Yes
11564,llm_verify,False,Tesco Twinpack 20's is a different product format/count from the 4-pack Jonuts variants,No,Yes,Yes
11566,llm_verify,True,"Same core product (pistachio nuts), same tier (standard own-brand), same weight",Yes,Yes,Yes
11582,llm_verify,False,"Winiary and Kucharek are different branded products, not the same core product",No,Yes,Yes
11601,llm_verify,False,Frosted Pop-Tarts vs Choctastic Pop-Tarts are different flavour variants,No,Yes,Yes
11620,llm_verify,True,"Same core product (chopped apricots), same tier (standard own-brand), same weight",Yes,Yes,Yes
11626,llm_verify,True,"Same branded product (Sharwood's Black Bean & Red Pepper), same weight across all",Yes,Yes,Yes
11636,llm_verify,True,"Same branded product (Batchelors Mac 'N' Cheese Pasta), negligible weight variance",Yes,Yes,Yes
11648,llm_verify,True,"Same branded product (Mackays Dundee Orange Marmalade), same weight across all",Yes,Yes,Yes
11661,llm_verify,True,"Same branded product (Kohinoor Butter Chicken Sauce), same weight",Yes,Yes,Yes
11665,llm_verify,True,"All hazelnut chocolate spreads, same weight, all own-brand standard tier",Yes,Yes,Yes
11668,llm_verify,True,"All rooibos tea bags x80, same weight, all own-brand standard tier",Yes,Yes,Yes
11672,llm_verify,True,"Both peri peri mayo/mayonnaise, 3.6% variance within tolerance, both standard tier",Yes,Yes,Yes
11685,llm_verify,False,Different cereals: Crunchy Nut Glorious vs Crunchy Nut Not So Nutty (different recipes),No,Yes,Yes
11688,llm_verify,True,"All Jacob's Savours Salt & Black Pepper crackers, same weight, branded",Yes,Yes,Yes
11707,llm_verify,True,"Both Walkers Max Strong Hot Sauce crisps, same weight, branded",Yes,Yes,Yes
11718,llm_verify,False,Different cereals: Mixed Berries Wheats vs Corn Flakes (different products),No,Yes,Yes
11725,llm_verify,True,"Both Twinings English Breakfast tea x80 bags, same weight, branded",Yes,Yes,Yes
11731,llm_verify,True,"Both Ambrosia Deluxe West Country custard, same weight, branded",Yes,Yes,Yes
11732,llm_verify,True,"All John West Infusions tuna with jalapeno, 6.0% variance within tolerance, branded",Yes,Yes,Yes
11752,llm_verify,True,"All Twinings Camomile tea bags, same weight, all branded",Yes,Yes,Yes
11763,llm_verify,False,Different risotto products: Riso Gallo Porcini vs Gallo Pronto Mushroom vs Gallo My Risotto Perfetto—different product lines/variants,No,Yes,Yes
11774,llm_verify,False,Different brands: Up & Go vs Ufit vs UP&GO—not the same core product,No,Yes,Yes
11789,llm_verify,False,Different dressing types: French Dressing vs Moroccan Style Dressing—different recipes/flavours,No,Yes,Yes
11794,llm_verify,False,Different products: Chapatti (cooked bread) vs Chapatti Flour (dry ingredient)—not the same core product,No,Yes,Yes
11795,llm_verify,False,Different brands: Maple Crest vs Askeys Treat—not the same core product,No,Yes,Yes
11806,llm_verify,True,"All mixed peel, same weight, all standard-tier own-brand",Yes,Yes,Yes
11808,llm_verify,True,"All Sweet Baby Ray's Original BBQ Sauce, same brand, within weight variance",Yes,Yes,Yes
11815,llm_verify,True,"All chargrilled/grilled mixed peppers, same weight variance, all standard-tier own-brand",Yes,Yes,Yes
11826,llm_verify,False,Different nut blends: Morrisons product incomplete name vs Sainsbury's/Tesco with full ingredient list—cannot confirm identical recipe,No,Yes,Yes
11833,llm_verify,True,"Same branded product (Merchant Gourmet Jamaican Grains & Pulses), identical weight, all branded.",Yes,Yes,Yes
11835,llm_verify,True,All standard-tier own-brand vegetable chilli products; same food type across retailers; weight variance within tolerance.,Yes,Yes,Yes
11870,llm_verify,False,Morrisons product is a grinder variant; ASDA and Tesco are loose peppercorns. Different core product format.,No,Yes,Yes
11879,llm_verify,True,All standard-tier own-brand sprinkles (same food type); weight variance 12.5% within 15% tolerance.,Yes,Yes,Yes
11892,llm_verify,True,Same branded product (Doritos Dippers Hint of Paprika Sharing); minor weight variance within tolerance; all branded.,Yes,Yes,Yes
11898,llm_verify,False,Morrisons is Filippo Berio; Sainsbury's and Tesco are La Espanola. Different branded products.,No,Yes,Yes
11900,llm_verify,False,Morrisons is Silver Spoon; Sainsbury's is Tate + Lyle; Tesco is own-brand. Different branded products.,No,Yes,Yes
11918,llm_verify,False,Morrisons and Sainsbury's are Truvia; Tesco is Natvia. Different branded sweetener products.,No,Yes,Yes
11921,llm_verify,False,Morrisons and Tesco are De Nigris; Sainsbury's is Odysea. Different branded balsamic vinegar products.,No,Yes,Yes
11966,llm_verify,False,Morrisons is Twinings Earl Grey; Sainsbury's and Tesco are Twinings Assam. Different Twinings tea varieties.,No,Yes,Yes
11975,llm_verify,True,"Same branded product (Pukka Organic Relax Herbal Tea), identical weight, pack count irrelevant to Q1.",Yes,Yes,Yes
11984,llm_verify,True,"Same branded product (Twinings Superblends Wellbeing Collection), identical weight, pack count irrelevant to Q1.",Yes,Yes,Yes
11988,llm_verify,False,Different product types: Love Heart Sprinkles vs Silver Pearls Sprinkles are distinct decorative products.,No,Yes,Yes
11995,llm_verify,True,"Same branded product (Twinings Distinctively Smoky Tea), identical weight, minor spelling variation acceptable.",Yes,Yes,Yes
12003,llm_verify,True,"Same branded product (Nescafé Azera Perky Blenders Instant Coffee), identical weight.",Yes,Yes,Yes
12006,llm_verify,True,"Same core product (Sugar Stars Sprinkles), both standard-tier own-brand, weight variance 6.5% within tolerance.",Yes,Yes,Yes
12009,llm_verify,True,"Same branded product (Twinings Superblends Wind Down Collection), weight variance 0.6% within tolerance, pack count irrelevant to Q1.",Yes,Yes,Yes
12017,llm_verify,True,"Same core product (Canderel Liquid Sweetener), weight variance 8.9% within tolerance.",Yes,Yes,Yes
12048,llm_verify,True,"Same core product (Sundried Tomato Paste), both standard-tier own-brand, weight variance 5.3% within tolerance.",Yes,Yes,Yes
12061,llm_verify,True,"Same core product (Golden Delicious Apples), all standard-tier own-brand, size data unavailable so assume comparable.",Yes,Yes,Yes
12071,llm_verify,False,"Four different branded wines (Tukituki, Yealands, Yealands, Diablo) — not the same core product",No,Yes,Yes
12074,llm_verify,True,"All premium-tier own-brand Primitivo wines, same core product type",Yes,Yes,Yes
12076,llm_verify,False,"Four different branded wines (The Ned, Alzar, Stoneberg, Stoneleigh) — not the same core product",No,Yes,Yes
12097,llm_verify,False,"Three different branded wines (Graham Norton, Bruce Jack, Bruce Jack) — not the same core product",No,Yes,Yes
12100,llm_verify,True,"All Madri Excepcional Premium Lager, same branded product across formats",Yes,Yes,Yes
12103,llm_verify,True,"All standard-tier own-brand Chardonnay, same core product type",Yes,Yes,Yes
12106,llm_verify,True,"All Theakston Old Peculier, same branded ale product",Yes,Yes,Yes
12107,llm_verify,False,Black Sheep Ale vs Black Sheep Cry Wolf Black IPA — different beer styles/products,No,Yes,Yes
12124,llm_verify,True,"All Estrella Damm Lager cans, same branded product",Yes,Yes,Yes
12129,llm_verify,False,Sharp's Amber Ale vs Sharp's Doom Bar Exceptional Amber Ale — different product variants,No,Yes,Yes
12140,llm_verify,False,Different vodka brands (Sobieski vs Fris) — not the same core product,No,Yes,Yes
12142,llm_verify,True,"All BrewDog Punk IPA, same branded product across retailers; pack count variance irrelevant to Q1",Yes,Yes,Yes
12144,llm_verify,False,Tesco Finest The Trilogy Malbec is a different product (The Trilogy blend) vs The Wanderer Malbec at other retailers,No,Yes,No
12148,llm_verify,True,"All Leffe Blonde, same branded product; pack count and format variance irrelevant to Q1; Q2 within 15%",Yes,Yes,Yes
12153,llm_verify,False,Different Fuller's beers (Black Cab Stout vs ESB) — not the same core product,No,Yes,Yes
12157,llm_verify,False,Kumala Shiraz vs Montpierre Reserve Shiraz — different brands/products,No,Yes,Yes
12163,llm_verify,True,"All Kopparberg Alcohol Free Cider, same branded product; pack count irrelevant to Q1",Yes,Yes,Yes
12171,llm_verify,False,"Fish Hoek vs Mad Fish vs Mad Fish Blush — different brands and/or product variants (Blush is rosé, not Sauvignon Blanc)",No,Yes,Yes
12176,llm_verify,True,All Carménère wines at premium tier across retailers; same core product type,Yes,Yes,Yes
12178,llm_verify,False,Greasy Fingers vs Estancia — different Chardonnay brands,No,Yes,Yes
12180,llm_verify,False,"Different branded wines (CH Rousseau, Dynamite Factory, Marlborough Heartland, Lateral Chilean) — not the same core product",No,Yes,Yes
12182,llm_verify,True,"All Hobgoblin IPA 500ml, same branded product across retailers",Yes,Yes,Yes
12184,llm_verify,False,Different Chablis variants (Petit Chablis vs Chablis Vieilles Vignes vs standard Chablis) — not the same core product,No,Yes,Yes
12192,llm_verify,False,ASDA product tier unknown/standard mixed with three premium-tier products; also different Saint-Emilion variants (Montagne vs standard),No,Yes,No
12206,llm_verify,False,Different branded whiskies (Whyte & Mackay vs Monkey Shoulder) — not the same core product,No,Yes,Yes
12209,llm_verify,True,"Both Ravenswood Lodi Zinfandel 750ml, same branded wine",Yes,Yes,Yes
12221,llm_verify,True,"Both Southern Comfort & Lemonade 330ml, same branded product",Yes,Yes,Yes
12223,llm_verify,False,"Different branded Sauvignon Blancs (Wave Rider, Gary Barlow, Star Gazer, Wairau Cove) — not the same core product",No,Yes,Yes
12226,llm_verify,False,Different beer styles (Camden Pale Ale vs Eazy Hazy IPA) — not the same core product,No,Yes,Yes
12227,llm_verify,True,"All Captain Morgan Strawberry Daiquiri 250ml, same branded ready-to-drink product",Yes,Yes,Yes
12232,llm_verify,False,Innis & Gunn Oak Aged (Morrisons) is a different product variant from Innis & Gunn Original (Sainsbury's/Tesco); Oak Aged vs Original are distinct recipes,No,Yes,Yes
12238,llm_verify,False,Three different wines (Assyrtiko vs Wild Valley vs La Vieille Ferme); also tier mismatch (premium vs unknown),No,Yes,No
12239,llm_verify,False,Tyskie Lager and Spaten Premium Helles are different beer brands and styles,No,Yes,Yes
12242,llm_verify,True,"All BrewDog Lost Planet Lager, same branded product across formats (bottle and 4-pack cans)",Yes,Yes,Yes
12243,llm_verify,False,Glen Moray Peated (Morrisons/Sainsbury's) vs Bunnahabhain Islay (Tesco) are different single malt whiskies from different distilleries,No,Yes,Yes
12248,llm_verify,False,CleanCo Clean R vs CleanCo Clean G are different product variants (R vs G),No,Yes,Yes
12250,llm_verify,False,Three different Shiraz wines (Barossa Valley vs Fairtrade vs Limari Valley); different producers despite same tier,No,Yes,Yes
12266,llm_verify,False,"Four different Chenin Blanc wines (Bruce Jack, Capeography Co, Cape Kyala); different producers and brands",No,Yes,Yes
12270,llm_verify,True,"All Smirnoff Ice Original, same branded product across formats (bottle and 4-pack cans)",Yes,Yes,Yes
12271,llm_verify,True,"All Bacardi Mango Mojito, same branded product across retailers",Yes,Yes,Yes
12273,llm_verify,False,Different Northern Monk beer variants: Faith In Futures DDH IPA vs Outcast Hazy IPA are distinct products,No,Yes,Yes
12274,llm_verify,False,Woodforde's Wherry (amber ale) vs Wherry Best Bitter are different product variants,No,Yes,Yes
12285,llm_verify,False,Bacardi Mojito (branded) vs SERVED Mojito (own-brand) are different product lines,No,Yes,Yes
12289,llm_verify,True,"All WKD Tropical Sunrise cocktails, same core product across retailers",Yes,Yes,Yes
12290,llm_verify,False,"Gary Barlow, Cloudy Bay, and Pure Coastal are different Sauvignon Blanc brands/products",No,Yes,Yes
12291,llm_verify,True,"Both premium-tier Muscadet wines, same core product",Yes,Yes,Yes
12294,llm_verify,True,"All Brooklyn Pilsner Lager, same core product; pack count differences do not affect Q1",Yes,Yes,Yes
12313,llm_verify,True,"All Budweiser Lager Beer, same core product; pack count differences do not affect Q1",Yes,Yes,Yes
12317,llm_verify,False,McGuigan Bin 578 Merlot vs McGuigan Reserve Merlot are different product variants,No,Yes,Yes
12321,llm_verify,True,"All Guinness Alcohol Free Draught Stout, same core product; pack count differences do not affect Q1",Yes,Yes,Yes
12323,llm_verify,False,Three different branded bitter beers (Banks's vs Adnams Southwold vs Adnams The Bitter) — not the same core product,No,Yes,Yes
12328,llm_verify,True,"Both Captain Morgan Original Spiced Gold Rum — same branded product, minor naming variation acceptable",Yes,Yes,Yes
12330,llm_verify,False,Blossom Hill Red Wine vs Blossom Hill Soft & Fruity Red Wine — different product variants (Soft & Fruity is a distinct line),No,Yes,Yes
12337,llm_verify,True,"All Scrumpy Jack Premium British Cider cans — same product, pack count differences do not affect Q1, variance within tolerance",Yes,Yes,Yes
12350,llm_verify,True,"All standard-tier own-brand Blended Scotch Whisky — same tier, same core product",Yes,Yes,Yes
12353,llm_verify,True,"All Madri Excepcional Lager cans — same branded product, pack count differences do not affect Q1",Yes,Yes,Yes
12368,llm_verify,True,"All Kopparberg Pear Cider 500ml — same branded product, minor naming variations acceptable",Yes,Yes,Yes
12370,llm_verify,True,"All Fever-Tree Light Aromatic/Refreshingly Light Tonic Water — same branded product, variance 2.0% within tolerance",Yes,Yes,Yes
12382,llm_verify,True,"Both premium-tier own-brand Cremant d'Alsace — same tier, same core product",Yes,Yes,Yes
12389,llm_verify,False,Te Pa Signature Series Sauvignon Blanc vs Silver Moki Sauvignon Blanc Fizz — different branded products (Fizz variant is distinct),No,Yes,Yes
12390,llm_verify,False,Different prosecco products: Canti Rose vs generic Prosecco Rosé vs Plaza Rose — different brands/producers,No,Yes,Yes
12392,llm_verify,True,"All Corona Extra Premium Lager Beer, same branded product across retailers",Yes,Yes,Yes
12396,llm_verify,False,Different tequila products: El Jimador Blanco vs El Jimador Reposado vs Kah Blanco — different brands and types,No,Yes,Yes
12401,llm_verify,True,"Both Belvoir Fresh Root Ginger Beer, same branded product; sugar levy notation is retailer-specific labelling",Yes,Yes,Yes
12403,llm_verify,True,"All Brooklyn Pilsner Crisp Lager Beer, same branded product; pack count variance irrelevant to Q1",Yes,Yes,Yes
12404,llm_verify,True,"All Stella Artois Gluten Free Premium Lager Beer, same branded product across retailers",Yes,Yes,Yes
12410,llm_verify,False,Different brandy types: Napoleon Brandy vs XO Brandy — different product specifications,No,Yes,No
12415,llm_verify,False,Different sauvignon blanc products: Most Wanted Fizz vs Silver Moki vs Wairau Cove — different brands/producers,No,Yes,Yes
12430,llm_verify,True,"All Tanqueray Alcohol Free Spirit, same branded product; 0.0/0% notation is equivalent",Yes,Yes,Yes
12437,llm_verify,False,Different Tanqueray products: Sevilla 0.0% vs Flor De Sevilla 41.3% — different alcohol content and product variants,No,Yes,Yes
12443,llm_verify,True,"All branded Tullamore Dew Irish Whiskey, same size, all branded products",Yes,Yes,Yes
12459,llm_verify,False,Different spirits: Lamb's Pineapple Rum vs Au Vodka Pineapple Crush,No,Yes,Yes
12461,llm_verify,True,"All branded Mateus Rosé, same size, all branded products",Yes,Yes,Yes
12462,llm_verify,False,Different brands: PepperJack Shiraz vs Pepperbox Shiraz,No,Yes,Yes
12467,llm_verify,False,"Different champagne brands: Henri Cachet, Morrisons The Best Brut Premier Cru, Landric, Gartissier",No,Yes,Yes
12471,llm_verify,False,BrewDog Abstrakt Vodka vs Abstrakt Original Vodka (different brands/sources),No,Yes,Yes
12476,llm_verify,False,Different brands: McGuigan Mid Shiraz vs Kleine Zalze Reserve Shiraz,No,Yes,Yes
12479,llm_verify,True,"All branded Plymouth The Original Strength English Gin, same size, all branded products",Yes,Yes,Yes
12485,llm_verify,False,Different champagne brands: Charles Clement vs Lanson Le Black Création,No,Yes,Yes
12498,llm_verify,False,Different Bordeaux wines: Chateau Rousseau vs Calvet Prestige,No,Yes,Yes
12500,llm_verify,False,Jack Daniel's Bonded Tennessee Whiskey ≠ Gentleman Jack Whiskey — different product lines within the Jack Daniel's brand,No,Yes,Yes
12502,llm_verify,False,"Isle Of Skye, Crag & Glen, and Black Bottle are three different blended Scotch whisky brands — not the same core product",No,Yes,Yes
12504,llm_verify,False,Jura Bourbon Cask ≠ Jura Single Malt Rum Cask — different cask finishes/product variants within Jura brand,No,Yes,Yes
12517,llm_verify,True,"Both Glen Scotia Campbeltown Single Malt Scotch Whisky — same product, same size, all branded",Yes,Yes,Yes
12518,llm_verify,False,Jameson Black Barrel Triple Distilled ≠ Jameson Triple Distilled — Black Barrel is a distinct product variant,No,Yes,Yes
12529,llm_verify,False,"Aberlour 12YO, Crabbie's Yardhead, and Dewar's 12YO are four different Scotch whisky brands — not the same core product",No,Yes,Yes
12538,llm_verify,True,"Both Petit Pains, same tier (standard own-brand bakery), size data unavailable but assumed comparable",Yes,Yes,Yes
12539,llm_verify,True,"All Soreen Malt Lunchbox Loaves — same branded product, pack count differences do not affect Q1, size data unavailable but assumed comparable",Yes,Yes,Yes
12548,llm_verify,False,Mission XL Wraps Plain ≠ Mission Original Wraps — XL vs Original are different product variants,No,Yes,Yes
12558,llm_verify,False,Warburtons Protein Power 12 Pulses/Seeds/Grains ≠ Warburtons Protein Thin Bagels — different product types (loaf vs bagels),No,Yes,Yes
12561,llm_verify,True,Same branded product (Cadbury Fudge Bar); both are cake bars.,Yes,Yes,Yes
12562,llm_verify,True,Same branded product (Patak's Peshwari Naan); cooking method descriptor ('Flame Baked') is marketing variation.,Yes,Yes,Yes
12571,llm_verify,True,"Both premium-tier own-brand multiseed loaves, same weight (800g), same tier.",Yes,Yes,Yes
12592,llm_verify,False,Morrisons product is 'Sliced Loaf' (290.7g) while Sainsbury's and Tesco are 'Malt Loaf' (260g) — different product types.,No,Yes,Yes
12607,llm_verify,True,"Both standard-tier own-brand flapjack cake bars, same tier.",Yes,Yes,Yes
12613,llm_verify,False,Sainsbury's product is 'Sourdough Pave' (a different product type) while others are 'Sourdough Crumpets'.,No,Yes,Yes
12629,llm_verify,True,"All standard-tier own-brand Madeleines cakes, same tier.",Yes,Yes,Yes
12632,llm_verify,True,Same branded product (Hershey's Cookies N Creme Crepes); pack count difference (1 vs 6) is irrelevant to Q1.,Yes,Yes,Yes
12635,llm_verify,False,Morrisons is 'Salted Caramel Blondie' while Sainsbury's is 'Salted Caramel Brownie Pudding' — different product types.,No,Yes,Yes
12637,llm_verify,True,Same branded product (Shana Paratha); pack count variation (multipack vs 15-pack) is irrelevant to Q1.,Yes,Yes,Yes
12638,llm_verify,False,Different core products: Date & Walnut Cake vs Colombian Coffee & Walnut Cake; also tier mismatch (unknown vs premium),No,Yes,No
12640,llm_verify,True,"All Cadbury Raspberry Mini Rolls, same branded product; pack count differences do not affect Q1",Yes,Yes,Yes
12653,llm_verify,False,Different core products: Stonebaked Pepperoni vs Deep Pan Pepperoni (different pizza type),No,Yes,Yes
12658,llm_verify,True,"All Sweet Potato Fries/Oven Chips, same core product; minor naming variations acceptable",Yes,Yes,Yes
12664,llm_verify,True,"All Breaded Chicken Nuggets, same core product; pack count differences do not affect Q1",Yes,Yes,Yes
12676,llm_verify,True,"All Fab Strawberry Ice Lollies, same branded product; pack count and format variations do not affect Q1",Yes,Yes,Yes
12681,llm_verify,True,"All Potato Lattice/Lattices, same core product; minor naming variation acceptable",Yes,Yes,Yes
12702,llm_verify,True,"All Rowntree's Watermelon Ice Lollies, same branded product; pack count differences do not affect Q1",Yes,Yes,Yes
12704,llm_verify,False,Different core products: Gino D'Acampo brand vs Zizzi Rustica brand; different branded products,No,Yes,Yes
12717,llm_verify,True,"All Vegetable Burgers (own-brand plant-based), same core product; pack count difference does not affect Q1",Yes,Yes,Yes
12721,llm_verify,False,Country Mix vs Garden Mix Steamfresh are different product variants,No,Yes,Yes
12732,llm_verify,True,"All R Whites Lemonade Ice Lollies, same core product",Yes,Yes,Yes
12735,llm_verify,False,Sauce Filled vs Meat Feast are different pizza variants,No,Yes,Yes
12803,llm_verify,True,"All frozen mango chunks, same tier across retailers",Yes,Yes,Yes
12832,llm_verify,True,Both premium-tier triple cooked chips,Yes,Yes,Yes
12854,llm_verify,True,"Both standard-tier cinnamon rolls, pack count difference irrelevant to Q1",Yes,Yes,Yes
12868,llm_verify,False,Crispy Chicken Dippers vs Crispy Chicken Grills in Tempura Batter are different products,No,Yes,Yes
12873,llm_verify,True,"Both Pukka Steak Microwavable Pies, pack count difference irrelevant",Yes,Yes,Yes
12893,llm_verify,True,"Both standard-tier chocolate twists, pack count difference irrelevant",Yes,Yes,Yes
12918,llm_verify,False,Pollo Funghi Truffini vs Salami Piccante Nduja are different pizza flavours,No,Yes,Yes
12919,llm_verify,True,"Both branded Itsu pork gyoza products, identical weight, same core product.",Yes,Yes,Yes
12944,llm_verify,False,Morrisons is Chicken Tikka Pakoras; Sainsbury's is Chicken Tikka on Classic Crust — different product types (pakora vs crust-based).,No,Yes,Yes
12960,llm_verify,True,"Both branded Linda McCartney spicy sweet potato black bean burgers, identical weight, same core product.",Yes,Yes,Yes
13008,llm_verify,True,"All branded Mentos Mint chewy sweets/dragees, same product despite pack count variations (pack count irrelevant to Q1), identical total weight.",Yes,Yes,Yes
13013,llm_verify,False,Morrisons and Sainsbury's are Fizzy Cola Straws; Tesco is Fizzy Cola Lances — different product names/formats (straws vs lances).,No,Yes,Yes
13019,llm_verify,True,"Both branded Kinder chocolate, same core product; pack count difference (1 vs 4-pack) irrelevant to Q1, identical total weight.",Yes,Yes,Yes
13025,llm_verify,False,"All branded Ferrero Collection gift boxes, same core product, but weight variance 21.5% exceeds 15% threshold (172g×15 vs 135g×12 vs unknown).",Yes,No,Yes
13038,llm_verify,False,"Lindor Milk Chocolate Egg vs Tony's Chocolonely Milk Chocolate Giant Easter Egg — different branded products, not the same core product.",No,Yes,Yes
13049,llm_verify,True,"All standard-tier own-brand Milk Bottle sweets, same core product, weight variance 6.7% within tolerance, same tier.",Yes,Yes,Yes
13069,llm_verify,False,Fry's Turkish Delight (branded) vs Tesco Turkish Delight Bar (standard own-brand) — tier mismatch: branded vs standard-tier own-brand.,Yes,Yes,No
13096,llm_verify,False,Q1 fails: Revels Milk Chocolate with Raisins and Coffee is not the same core product as Revels Milk Chocolate plain pouch; different flavour variants,No,Yes,Yes
13101,llm_verify,False,Q1 fails: Maltesers Milk Chocolate & Honey is a different product variant from Maltesers Truffles Milk Chocolate; different core recipes,No,Yes,Yes
13114,llm_verify,False,Q1 fails: Maoam Joystixx and Maoam Pinballs are different product types (different sweets); not the same core product,No,Yes,Yes
13118,llm_verify,False,Q1 fails: Jelly Babies and Wine Gums are different product types; not the same core product,No,Yes,Yes
13119,llm_verify,False,Q1 fails: Liquorice Allsorts and Jelly Babies are different product types; not the same core product,No,Yes,Yes
13135,llm_verify,False,Q1 fails: Swizzels Scrumptious and Swizzels Bumper Bag are different product variants; not the same core product,No,Yes,Yes
13136,llm_verify,False,Q1 fails: Wine Gums and Liquorice Allsorts are different product types; not the same core product,No,Yes,Yes
13145,llm_verify,True,All items are Haribo Sour Sparks; same branded product across retailers,Yes,Yes,Yes
13163,llm_verify,True,All items are Skittles Vegan Chewy Sweets Fruit Flavoured; same branded product across retailers,Yes,Yes,Yes
13165,llm_verify,True,Both items are Extra Strawberry Flavour Sugarfree Chewing Gum; same branded product,Yes,Yes,Yes
13171,llm_verify,True,Same core product (Extra Peppermint Sugarfree Chewing Gum); pack count difference irrelevant to Q1; size data unavailable so Q2 assumed comparable; all branded so Q3 N/A.,Yes,Yes,Yes
13187,llm_verify,True,Same core product (Extra Strawberry Sugarfree Chewing Gum); pack count irrelevant; identical weight variance 0.0%; all branded so Q3 N/A.,Yes,Yes,Yes
13188,llm_verify,True,Same core product (Lindt Lindor Strawberry & Cream Truffles); Morrisons listing is abbreviated but refers to same branded product; identical weight 200g; all branded so Q3 N/A.,Yes,Yes,Yes
13189,llm_verify,True,Same core product (Extra Refreshers Bubblemint Sugarfree Chewing Gum); pack count irrelevant; variance 0.6% within 15%; all branded so Q3 N/A.,Yes,Yes,Yes
13193,llm_verify,True,Same core product (Extra Refreshers Tropical Sugarfree Chewing Gum); pack count irrelevant; identical weight variance 0.0%; all branded so Q3 N/A.,Yes,Yes,Yes
13234,llm_verify,False,"Tesco 'What The Fanta Zero Sugar' is a different branded product (What The brand), not Fanta; Morrisons and Sainsbury's are both Fanta Fruit Twist Zero (same product).",No,Yes,Yes
13269,llm_verify,True,Same core product (J20 Mocktails Strawberry & Orange Blossom Mojito); minor naming abbreviation irrelevant; identical weight 250ml; all branded so Q3 N/A.,Yes,Yes,Yes
13285,llm_verify,True,Same core product (Fanta Lemon); minor naming variations across retailers irrelevant; identical weight 500ml; all branded so Q3 N/A.,Yes,Yes,Yes
13288,llm_verify,False,"Tesco 'Jimmy's Iced Coffee Mocha' is a different branded product (Jimmy's brand), not Arctic; Morrisons and Sainsbury's are both Arctic Iced Coffee Mocha (same product).",No,Yes,Yes
13293,llm_verify,True,Same core product (Coca-Cola Original Taste); minor naming variations irrelevant; identical weight 150ml; all branded so Q3 N/A.,Yes,Yes,Yes
13296,llm_verify,False,Fruit Shoot (branded) vs Frugo (different brand/product line) — not the same core product,No,Yes,Yes
13328,llm_verify,False,"Indian Tonic Water vs Gin and Tonic — different products (one is mixer, one is pre-mixed cocktail)",No,Yes,Yes
13345,llm_verify,True,Both Nurishment Strawberry Milk 400g — same branded product across retailers,Yes,Yes,Yes
13357,llm_verify,False,"Sicilian Lemonade vs Spanish Clementine Tonic — different Fever-Tree flavours, not the same product",No,Yes,Yes
13379,llm_verify,False,Raspberry Sports Drink vs Sorbet Raspberry — different product types (sports drink vs sorbet drink),No,Yes,No
13382,llm_verify,False,Mountain Dew (unspecified variant) vs Mountain Dew Citrus Blast — different flavour variants,No,Yes,Yes
13384,llm_verify,True,"All Strawberry Flavoured Still Water, own-brand standard tier across retailers, within variance",Yes,Yes,Yes
13389,llm_verify,False,Prime Hydration vs Gatorade — different branded products (different manufacturers),No,Yes,Yes
13400,llm_verify,False,Sodastream Pepsi Blue (drink) vs Sodastream Blue CO2 Gas Cylinder (refill cartridge) — different product types,No,Yes,Yes
13410,llm_verify,False,Pork Sausages vs Pork Sausage Meat — different product forms (formed sausages vs loose meat),No,Yes,Yes
13421,llm_verify,True,"All smoked gammon steaks, same standard tier, weight variance within tolerance.",Yes,Yes,Yes
13423,llm_verify,True,"Both premium lamb steaks, identical weight, same tier.",Yes,Yes,Yes
13425,llm_verify,True,"Both premium dry-cured unsmoked bacon, weight variance within tolerance.",Yes,Yes,Yes
13448,llm_verify,False,Sizzle steak vs grill steaks are different cuts/product types.,No,Yes,Yes
13472,llm_verify,True,"All lean diced beef, identical weight, same standard tier.",Yes,Yes,Yes
13496,llm_verify,False,Pork shank joint vs pork loin steaks are different cuts/product types.,No,Yes,Yes
13502,llm_verify,False,Mr Crumb vs Tesco Finest are different brands/tiers; tier mismatch (unknown/standard vs premium).,No,Yes,No
13517,llm_verify,True,"Both Royal Gala apples, same standard tier, size data unavailable (assume comparable).",Yes,Yes,Yes
13528,llm_verify,False,Prepared sprouts vs raw Brussels sprouts are different product types.,No,Yes,Yes
13529,llm_verify,False,Egg noodles vs Singapore-style noodles are different product types.,No,Yes,Yes
13530,llm_verify,True,"All Jazz Apples, same core product across retailers at standard tier",Yes,Yes,Yes
13532,llm_verify,True,"All Mediterranean vegetables 400g, same core product and tier",Yes,Yes,Yes
13533,llm_verify,False,"Tesco product is Beetroot Salad, not Bistro Salad—different core product",No,Yes,Yes
13535,llm_verify,True,"Both herby/herb baby potatoes, same core product within variance",Yes,Yes,Yes
13540,llm_verify,True,"All British Apples, same core product across retailers at standard tier",Yes,Yes,Yes
13552,llm_verify,True,"All Strawberries 400g (Morrisons promotion does not change core product), same tier",Yes,Yes,Yes
13557,llm_verify,True,"Both Brussels Sprouts 300g, same core product and tier",Yes,Yes,Yes
13573,llm_verify,False,"Sugardrop vs Sugarbelle—different tomato varieties, not the same core product",No,Yes,Yes
13576,llm_verify,False,"Tesco product is Marmalade Oranges (specific variety), others are generic Oranges—different core products",No,Yes,Yes
13583,llm_verify,False,Morrisons Garlic Pack vs Tesco Garlic Sauce—different products (fresh garlic vs sauce),No,Yes,Yes
13585,llm_verify,True,"All coriander, same tier, comparable weight",Yes,Yes,Yes
13586,llm_verify,True,"All sweetcorn cobettes 4-pack, same tier, size data unavailable assumed comparable",Yes,Yes,Yes
13590,llm_verify,True,"All kiwi fruit 6-pack, same tier, size data unavailable assumed comparable",Yes,Yes,Yes
13642,llm_verify,True,"All fruit platters 350g, same tier, comparable weight",Yes,Yes,Yes
13650,llm_verify,False,Kellogg's Special K Mixed Berries differs from Crunchy Nut Fruit & Nut—different product variants,No,Yes,Yes
13658,llm_verify,True,"All Canderel granular sweetener 75g, branded product, comparable weight",Yes,Yes,Yes
13661,llm_verify,True,"All pitted green olives with red peppers 70g, same tier, comparable weight",Yes,Yes,Yes
13677,llm_verify,True,"All Woodford Reserve Kentucky Straight Bourbon Whiskey 70cl, branded product, comparable weight",Yes,Yes,Yes
13682,llm_verify,False,Grace Coconut Water differs from Wonderfarm Young Coconut Water—different brands/products,No,Yes,Yes
13714,llm_verify,True,"All Cornetto Classic ice cream cones, branded product, comparable weight variance 0.3%",Yes,Yes,Yes
13729,llm_verify,True,"Same branded product (Fage Total 0% Fat Greek yogurt), identical weight, all branded so Q3 N/A.",Yes,Yes,Yes
13749,llm_verify,True,"Same branded product (Blue Riband Original Milk Chocolate Wafer Biscuits), pack count differences irrelevant to Q1, variance 3.4% within tolerance, all branded so Q3 N/A.",Yes,Yes,Yes
13751,llm_verify,False,Sainsbury's product is 'Tuna Drained & Ready Oil' (different preparation/format) while others are 'Tuna Steaks In Brine' — different core product type.,No,Yes,Yes
13755,llm_verify,False,"Morrisons 'Sourdough Ciabatta Rolls' vs Sainsbury's 'Artisan Sourdough Roll' — different product types (ciabatta vs generic sourdough roll). Also tier mismatch: The Best (premium) vs Taste the Difference (premium) are same tier, but products themselves differ.",No,Yes,No
13762,llm_verify,False,"Morrisons 'Bramley Apples (Min 3)' is fresh produce, not pies — fundamentally different product type from the Bramley Apple Pies in other entries.",No,Yes,Yes
13766,llm_verify,False,"Morrisons 'Potato & Egg Salad' vs Sainsbury's 'Rich Potato Salad' — different recipes/ingredients (one includes egg, one does not).",No,Yes,Yes
13781,llm_verify,False,"Sainsbury's product is 'Chicken Wings' while others are 'Chicken Thighs' — different cuts of chicken, different core products.",No,Yes,Yes
13783,llm_verify,True,"Same branded product (Alpro Double Chocolate Mousse with Chocolate Ganache), identical total weight 140g, pack format difference (single vs 2x70g) irrelevant to Q1, all branded so Q3 N/A.",Yes,Yes,Yes
13806,llm_verify,False,"Morrisons 'Morelli Raspberry Ripple' is a different brand from Kelly's — not the same core product. Three entries are Kelly's branded, one is Morelli.",No,Yes,No
13808,llm_verify,False,"ASDA and Sainsbury's are 'Aromatic Tonic Water' while Morrisons is 'Light Lemonade' — different flavour/product type, not comparable.",No,Yes,Yes
13819,llm_verify,True,"All chocolate cheesecake desserts, same standard tier, weight variance within tolerance",Yes,Yes,Yes
13828,llm_verify,False,Monster Ultra Rosa is a different flavour variant from Monster Energy Ultra,No,Yes,Yes
13831,llm_verify,False,Monster Aussie Style Lemonade is a different flavour from standard Monster Energy Drink,No,Yes,Yes
13832,llm_verify,True,"All Monster Pipeline Punch variants, same core product across retailers",Yes,Yes,Yes
13858,llm_verify,True,"All Cadbury Dairy Milk Chunky Ultimate Easter Eggs, same branded product",Yes,Yes,Yes
13905,llm_verify,False,Easter Cupcakes and Easter Cookies are different product types,No,Yes,Yes
13912,llm_verify,False,Hot Cross Buns vs Hot Cross Bun Loaf are different formats/presentations,No,Yes,Yes
13924,llm_verify,True,"Both apple turnovers, same standard-tier product",Yes,Yes,Yes
13925,llm_verify,False,"Vanilla Slice, Vanilla Icing, and Vanilla Creme Crown are different product types",No,Yes,Yes
13947,llm_verify,False,Florio Vecchioflorio is a different brand/producer from Pellegrino Marsala variants,No,Yes,Yes
13973,llm_verify,True,Same core product (papaya) across standard-tier own-brands; size data unavailable but assumed comparable.,Yes,Yes,Yes
13974,llm_verify,False,Sainsbury's and Tesco are different product types: bunched beetroot vs cooked beetroot.,No,Yes,Yes
13980,llm_verify,False,Morrisons product name unclear (Living Thyme) vs Sainsbury's/Tesco bunched thyme; cannot confirm same core product.,No,Yes,Yes
13983,llm_verify,True,Same core product (decorate-your-own Madeira cake) across standard-tier own-brands; pack count differences irrelevant to Q1.,Yes,Yes,Yes
13985,llm_verify,True,Same core product (8 mini tortillas/wraps) across standard-tier own-brands; pack count is not a Q1 factor.,Yes,Yes,Yes
13988,llm_verify,False,Different Mr Kipling product types: Bakewell Tart vs Battenberg Cake vs Angel Slice; not the same core product.,No,Yes,Yes
13993,llm_verify,False,Different product types: Morris the Caterpillar vs Eric the Caterpillar; different character-licensed cakes are different products.,No,Yes,Yes
13996,llm_verify,False,Thorntons product names differ significantly (Ultimately Indulgent vs Indulgent Gift Cake); cannot confirm same core product.,No,Yes,Yes
14008,llm_verify,True,Same branded product (Foster's Lager 10×440ml cans) across all retailers; pack count is not a Q1 factor.,Yes,Yes,Yes
14009,llm_verify,False,Different product types: Jack Daniels Sauce and Brush vs Jack Daniels 3×5cl & Tumbler Gift Set; not the same core product.,No,Yes,Yes
14018,llm_verify,False,Bombay Citron Presse (different product) vs Bombay Sapphire (different product) — different gin variants,No,Yes,Yes
14025,llm_verify,False,Pokemon Birthday cake is a different character license from Peppa Pig cakes — different core products,No,Yes,Yes
14030,llm_verify,False,Tropicana Original with Bits (pulpy) vs Tropicana Pure Smooth (no pulp) — different product variants,No,Yes,Yes
14034,llm_verify,True,Both premium salmon & cheddar en croute products; same core product type,Yes,Yes,Yes
14053,llm_verify,False,Morrisons 52% cocoa vs Tesco 47% cocoa — different cocoa percentages indicate different recipes,No,Yes,Yes
14061,llm_verify,False,Morrisons The Best (premium) vs The Jolly Hog (branded/unknown tier) — tier mismatch; also different brands,No,Yes,No
14066,llm_verify,True,Both premium Canadian cooked prawns; same core product type,Yes,Yes,Yes
14080,llm_verify,True,All Whispering Angel Côtes de Provence Rosé; minor naming variations acceptable,Yes,Yes,Yes
14095,llm_verify,False,Inch's Medium Apple Cider vs Cornish Rattler Apple Cider — different brands/products,No,Yes,Yes
14104,llm_verify,False,Paw Patrol and My Little Pony are different character licenses — different core products,No,Yes,Yes
14108,llm_verify,False,Pack count variance (18-pack vs 4-pack) exceeds 15% weight variance threshold; Q2 fails,Yes,No,Yes
14110,llm_verify,False,Different Northern Monk beer variants (Aunt Bessies vs Lucy Ketchin IPA vs Faith in Futures); not the same core product,No,Yes,Yes
14113,llm_verify,True,All Nerds Rainbow candy variants; same core product; weight variance within tolerance,Yes,Yes,Yes
14123,llm_verify,True,Both standard-tier peach punnets; same product tier; size data unavailable treated as comparable,Yes,Yes,Yes
14127,llm_verify,True,All Dr Oetker Unicorn decoration/confetti sprinkles; same branded product; weight variance within tolerance,Yes,Yes,Yes
14128,llm_verify,False,Different Dr Oetker sprinkle variants (Rainbow Icing vs Glamour & Sparkle vs Rainbow Magic); not the same core product,No,Yes,Yes
14131,llm_verify,False,J.J Whitley Raspberry Spirit Drink vs Raspberry Vodka; spirit drink and vodka are different product types,No,Yes,Yes
14134,llm_verify,True,All Nutribrex Gluten Free Cereal; pack count variance irrelevant to Q1; weight variance within tolerance,Yes,Yes,Yes
14138,llm_verify,False,"Meridian Free From Tikka Masala vs Loyd Grossman Tikka Masala; different branded products; Q3 fails (one branded, one unknown-tier)",No,Yes,No
14141,llm_verify,True,All Prestige de Calvet wine variants (Côtes du Rhône/Bordeaux); same branded product line; weight variance within tolerance,Yes,Yes,Yes
14149,llm_verify,True,"All Gordon's Premium Pink Gin, same branded product across retailers",Yes,Yes,Yes
14156,llm_verify,False,Gu Zillionaires Chocolate vs Gu Free From Zillionaires Cheesecake — different products (chocolate vs cheesecake),No,Yes,Yes
14171,llm_verify,False,Valentines Dozen (product type unclear) vs Valentines Macarons — different products,No,Yes,Yes
14183,llm_verify,True,"All roast-in-bag whole chickens, same core product across standard-tier own-brands",Yes,Yes,Yes
14198,llm_verify,False,Peroni Nastro Azzurro Alcohol Free vs Peroni Nastro Azzurro 0.0% Beer — different product variants (alcohol-free vs 0.0% are distinct formulations),No,Yes,Yes
14208,llm_verify,False,Morrisons Date Snack Pack vs Zott Monte Snack — different branded products (date vs chocolate/wafer snack),No,Yes,Yes
14226,llm_verify,False,Shell On Walnuts vs Shelled Walnuts — different product forms (shell-on vs shelled),No,Yes,Yes
14229,llm_verify,False,BrewDog Planet Pale Ale vs BrewDog Punk IPA — different beer styles/variants,No,Yes,Yes
14236,llm_verify,False,PG Tips Decaffeinated vs PG Tips Original — different product variants (decaf vs regular),No,Yes,Yes
14239,llm_verify,True,"Both roasted tomatoes, premium-tier own-brands, same core product",Yes,Yes,Yes
14246,llm_verify,False,Tesco product is 'Choccy Flapjacks' (chocolate variant) while others are 'Oaty Flapjacks' — different flavour/recipe,No,Yes,Yes
14247,llm_verify,True,"All same branded Polish sausage, identical weight",Yes,Yes,Yes
14271,llm_verify,False,"Morrisons 'Freddo & Frien...' (truncated, likely Freddo & Friends) differs from Tesco 'Fingers Easter Egg' — different product types",No,Yes,Yes
14272,llm_verify,False,Morrisons product is '30% Less S...' (likely sugar/salt reduced variant) while others are standard Fruitilicious — different recipe,No,Yes,Yes
14298,llm_verify,False,Morrisons 'Frosted' variant differs from others which are 'Juicies' — different product variants,No,Yes,Yes
14320,llm_verify,True,"All same fresh sage, standard tier own-brand, identical weight",Yes,Yes,Yes
14325,llm_verify,False,Morrisons product includes 'Honeycomb' variant while others are standard 'Milk Chocolate' — different product variants,No,Yes,Yes
14327,llm_verify,True,"Both Linda McCartney vegetarian pies, same core product, minimal weight variance",Yes,Yes,Yes
14332,llm_verify,False,Tesco product is 'Wispa Chocolate Bar 9 Pack' while others are 'Creme Egg' — different product types,No,Yes,Yes
14338,llm_verify,True,"Both Pink Lady apples, standard tier own-brand fresh produce, pack count difference is not a Q1 factor",Yes,Yes,Yes
14351,llm_verify,True,All McVitie's Digestives Original; branded products; minor naming variations acceptable,Yes,Yes,Yes
14368,llm_verify,True,Both standard-tier all-butter shortbread fingers; same product type across retailers,Yes,Yes,Yes
14380,llm_verify,True,All Napolina Tomato Passata; branded; identical weights,Yes,Yes,Yes
14402,llm_verify,False,Morrisons product is Chopped Dates; Sainsbury's and Tesco are Chopped Tomatoes—different core products,No,Yes,Yes
14431,llm_verify,True,Both standard-tier Rich Tea Finger Biscuits; identical weights,Yes,Yes,Yes
14451,llm_verify,False,Skippy is branded peanut butter; Stamford Street Co. and Stockwell & Co. are own-brand value-tier—different product types and tier mismatch,No,Yes,No
14490,llm_verify,True,All standard-tier prunes; same core product across retailers; identical weights,Yes,Yes,Yes
14505,llm_verify,True,All Jordans Country Crisp Strawberry Cereal; branded; minor naming variations acceptable,Yes,Yes,Yes
14524,llm_verify,False,"Sainsbury's is Black Eye Beans; Tesco is Pinto Beans—different bean varieties, different core products",No,Yes,Yes
14525,llm_verify,True,Both organic baked beans in tomato sauce; same core product across retailers,Yes,Yes,Yes
14607,llm_verify,True,"All Pågen/Pagen wholegrain krisprolls, same core product despite minor naming variations across retailers.",Yes,Yes,Yes
14631,llm_verify,True,"Both Tetley Everyday Tea Bags softpack x80, identical branded product.",Yes,Yes,Yes
14682,llm_verify,False,"Nairn's Wheat Free Ginger vs Stem Ginger Oat Biscuit—different flavour/recipe variants, not the same core product.",No,Yes,Yes
14697,llm_verify,True,"All Guinness Draught Stout Beer, same branded product across different pack formats (cans/bottles).",Yes,Yes,Yes
14698,llm_verify,True,"Both Lizi's Low Sugar Granola 450g, same branded product despite minor descriptor variation.",Yes,Yes,Yes
14757,llm_verify,True,"Both standard-tier own-brand petit pois & baby carrots, same product type; weight variance at 15% threshold (acceptable).",Yes,Yes,Yes
14759,llm_verify,True,"Both Princes Drained Tuna Steak in Spring Water 3x110g, same branded product.",Yes,Yes,Yes
14771,llm_verify,True,"All Pukka Organic Three Mint herbal tea sachets x20, same branded product despite pack count notation variations.",Yes,Yes,Yes
14781,llm_verify,True,"All standard-tier own-brand fajita kits, same product type across retailers with minor weight variance.",Yes,Yes,Yes
14812,llm_verify,True,"All Tassimo Kenco 100% Colombian Coffee Pods x16, same branded product despite pack count notation variations.",Yes,Yes,Yes
14820,llm_verify,False,Different core products: Caesar Salad Dressing vs Mary Berry's Salad Dressing (different brand and flavour),No,Yes,Yes
14884,llm_verify,True,"Both are variety crisps multipacks, same tier, within weight variance",Yes,Yes,Yes
14911,llm_verify,True,"Both Nakd Salted Caramel Fruit & Nut Bars, identical weight, branded product",Yes,Yes,Yes
14949,llm_verify,True,"Both Baxters Beef Consomme Soup 400g, identical weight, branded product",Yes,Yes,Yes
14951,llm_verify,False,"Different core products: ASDA/Tesco Cranberries vs Sainsbury's Mixed Seeds, Cranberries & Goji Berries",No,Yes,Yes
14955,llm_verify,False,Different core products: Cadbury Roses vs Cadbury Twirl (different chocolate products),No,Yes,Yes
14993,llm_verify,True,"Both Cherry Bakewell Tarts, same tier, size data unavailable (assume comparable)",Yes,Yes,Yes
15031,llm_verify,False,Different core products: Spanish Quinoa vs Beluga Lentils (different legume types),No,Yes,Yes
15038,llm_verify,False,"Both BEAR Fruit Yoyos Blackcurrant 9-pack, but weight variance 88.9% exceeds 15% threshold",Yes,No,Yes
15095,llm_verify,True,"Both Mustard Seeds 60g, same tier, identical weight",Yes,Yes,Yes
15131,llm_verify,True,"Same core product (Indo Mie/Indonesian Mie spicy instant noodles), identical weight, both branded.",Yes,Yes,Yes
15135,llm_verify,True,"Same branded product (Pukka Organic Matcha Green tea), minor naming variations acceptable, identical weight.",Yes,Yes,Yes
15142,llm_verify,True,"Same branded product (Princes Tuna Steak in Sunflower Oil 3×110g), minor wording differences acceptable.",Yes,Yes,Yes
15167,llm_verify,True,"Same branded product (Sweet Freedom chocolate shot sauce), identical weight, minor naming variation.",Yes,Yes,Yes
15210,llm_verify,False,Different core products: Persian Style Quinoa & Green Lentils vs Tomatoey Puy & Green Lentils (different grain types and flavour profiles).,No,Yes,Yes
15228,llm_verify,True,"Same branded product (Ambrosia Rice Pudding with Sultanas & Nutmeg), minor wording differences acceptable.",Yes,Yes,Yes
15276,llm_verify,True,"Same core product (Earl Grey loose/leaf tea), both premium tier (Taste the Difference and Finest are equivalent premium tiers).",Yes,Yes,Yes
15279,llm_verify,False,"Percol is a branded product (not own-brand), while ASDA/Sainsbury's/Tesco items are own-brand premium; mixing branded with own-brand fails Q1 core product consistency.",No,Yes,No
15360,llm_verify,True,"Same branded product (Haribo Halal Happy-Cola Zing), minor spelling variation (Z!ng vs Zing) acceptable.",Yes,Yes,Yes
15369,llm_verify,True,"Same branded product (Teapigs Chamomile/Camomile Flowers tea bags), spelling variant acceptable, identical weight.",Yes,Yes,Yes
15373,llm_verify,True,"Same branded product (Kallo Organic Milk Chocolate Rice Cakes), identical weight, minor naming variation acceptable.",Yes,Yes,Yes
15392,llm_verify,True,"Same branded product (Princes Tuna Steak in Brine), identical pack format and weight, minor descriptor differences acceptable.",Yes,Yes,Yes
15466,llm_verify,False,Different core products: Cold Milled Flaxseed vs Milled Hemp Flax & Chia Seeds (different seed composition).,No,Yes,Yes
15499,llm_verify,True,"Same branded product (Monty Bojangles Truffles), identical weight, naming variation acceptable.",Yes,Yes,Yes
15516,llm_verify,True,"Same branded product (Jacob's Mini Cheddars Original), identical weight across all four retailers, pack count irrelevant to Q1.",Yes,Yes,Yes
15566,llm_verify,True,"Same branded product (Clipper Ginger & Turmeric Tea), identical weight, pack count format difference irrelevant to Q1.",Yes,Yes,Yes
15596,llm_verify,False,"Different brands: Island Sun (ASDA, Sainsbury's) vs Nestlé (Tesco) — not the same branded product.",No,Yes,Yes
15615,llm_verify,True,"Same branded product (Haribo Zingfest), identical weight, descriptor variation acceptable.",Yes,Yes,Yes
15681,llm_verify,True,"Same branded product (E. Wedel Pawełek/Pawelek Advocat/Advocaat), identical weight, spelling variation acceptable.",Yes,Yes,Yes
15697,llm_verify,True,"Same branded product (Twinings Buttermint Tea), identical weight, pack count format difference irrelevant to Q1.",Yes,Yes,Yes
15715,llm_verify,True,"All branded Doritos Loaded Pepperoni Pizza crisps, 180g, identical across retailers.",Yes,Yes,Yes
15748,llm_verify,True,Both Ferrero Collection assorted chocolates; pack count difference (x32 vs x30) is not a Q1 factor; variance 9.7% within tolerance.,Yes,Yes,Yes
15757,llm_verify,False,Nielsen-Massey Pure Orange Extract ≠ Orange Blossom Water; different products.,No,Yes,Yes
15836,llm_verify,True,All standard-tier own-brand chicken stock pots; same core product across retailers; variance 14.3% within tolerance.,Yes,Yes,Yes
15876,llm_verify,True,"Both standard-tier own-brand red wine stock pots, 4-pack 112g; identical.",Yes,Yes,Yes
15881,llm_verify,False,Cypressa Sesame Seeds ≠ Osem Sesame Crackers; different products (seeds vs crackers).,No,Yes,Yes
15948,llm_verify,True,Both Cafedirect Organic Machu Picchu Peru coffee beans 750g; minor spelling variation (Cafedirect vs Cafe Direct) is acceptable.,Yes,Yes,Yes
15955,llm_verify,True,"Both Riso Gallo Risotto with Porcini Mushrooms 250g; 'Risotto Pronto' is a product line variant, same core product.",Yes,Yes,Yes
15975,llm_verify,True,All Monty Bojangles Choccy Scoffy Truffles 135g; pack count/tin descriptor differences do not affect Q1.,Yes,Yes,Yes
15983,llm_verify,False,ASDA product is 1476g total (12×123g pods); Sainsbury's is 120g (single/unknown count); Tesco is 1476g (12×123g). Sainsbury's is a different product specification; variance 91.9% exceeds 15%.,No,No,Yes
15995,llm_verify,True,"All sun-dried tomatoes, same weight, all branded/unknown-tier products",Yes,Yes,Yes
16001,llm_verify,False,O'Kane branded honey vs Stockwell & Co value-tier own-brand; different products and tier mismatch,No,Yes,No
16023,llm_verify,True,"Both Cravendale semi-skimmed milk 1L, same branded product",Yes,Yes,Yes
16059,llm_verify,False,Garlic flatbread vs Sunblush Tomato & Garlic flatbread; different flavour profiles,No,Yes,Yes
16067,llm_verify,False,Coca-Cola 1.75L bottle vs 12×150ml cans; different pack formats and product presentations,No,Yes,Yes
16081,llm_verify,False,Strawberry milkshake vs strawberry sparkling flavoured water; different product types,No,Yes,Yes
16082,llm_verify,True,"Both Cravendale whole milk 1L, same branded product",Yes,Yes,Yes
16084,llm_verify,False,San Miguel Premium Lager vs San Miguel 0.0% (alcohol-free); different product variants,No,Yes,Yes
16196,llm_verify,True,"All Innocent Kids Cherry, Strawberry & Apple Smoothies 600ml, same branded product",Yes,Yes,Yes
16227,llm_verify,True,"Both Tropicana Multivitamin fruit juice 850ml, same branded product",Yes,Yes,Yes
16250,llm_verify,True,"Same branded ale, identical pack format and size",Yes,Yes,Yes
16256,llm_verify,False,Wolfie's is a different brand from Grant's Triple Wood,No,Yes,Yes
16260,llm_verify,False,Stellenrust is a different brand from Kumala; Kumala vs Kumala Reserve are different product lines,No,Yes,Yes
16286,llm_verify,False,Stamford Brook is a different brand from Penfolds Koonunga Hill,No,Yes,Yes
16289,llm_verify,True,"All premium-tier own-brand Pinotage wines, same tier across retailers",Yes,Yes,Yes
16290,llm_verify,False,"Hardys Crest, Hardys Nottage Hill, and Hardys VR are different product lines within the Hardys brand",No,Yes,Yes
16293,llm_verify,False,Phantom River and Isla Negra are different brands,No,Yes,Yes
16314,llm_verify,True,Same branded Peroni Nastro Azzurri across different pack formats; variance within acceptable range,Yes,Yes,Yes
16326,llm_verify,False,Tia Maria Cold Brew Coffee Liqueur is a different product variant from standard Tia Maria,No,Yes,Yes
16329,llm_verify,True,"Same branded Southern Comfort liqueur, identical size",Yes,Yes,Yes
16348,llm_verify,False,Different beer styles: Lager vs Hazy IPA are distinct products,No,Yes,Yes
16352,llm_verify,True,"All Carlsberg Danish Pilsner Lager, same size and pack count",Yes,Yes,Yes
16354,llm_verify,False,"Different wine brands: Barossa Ink, Laughing Llama, Lateral are distinct products",No,Yes,Yes
16393,llm_verify,True,"All Freixenet Italian Rosé Sparkling Wine, same size",Yes,Yes,Yes
16404,llm_verify,True,"All Tango Apple Sugar Free, pack count variance does not affect Q1, within 15% variance",Yes,Yes,Yes
16418,llm_verify,False,Different sparkling wines: Asti vs English Sparkling Wine are distinct products; tier mismatch (premium vs unknown),No,Yes,No
16424,llm_verify,True,"Both Hennessy VS Cognac, same size",Yes,Yes,Yes
16441,llm_verify,True,"All Leffe Blonde Ale, pack count variance does not affect Q1, within 15% variance",Yes,Yes,Yes
16442,llm_verify,False,"Different wine brands: Malbado, Alzar, Alamos are distinct products",No,Yes,Yes
16448,llm_verify,False,Different Northern Monk beers: Heathen Club Clubhouse vs Faith are distinct products,No,Yes,Yes
16455,llm_verify,True,"All Ouzo 12, same size, all branded products",Yes,Yes,Yes
16462,llm_verify,False,Different Penderyn variants: Legend vs Welsh Whisky vs Madeira Finish — different product lines,No,Yes,Yes
16482,llm_verify,False,Different wines: Perrin & Fils vs H Valrasque — different producers/brands,No,Yes,Yes
16514,llm_verify,False,Gordon's Pink Gin & Tonic vs Gordon's Pink Gin & Lemonade — different mixer flavours,No,Yes,Yes
16522,llm_verify,False,Different Blandy's Madeira variants: Duke of Clarence vs Rich — different product lines,No,Yes,Yes
16576,llm_verify,True,"All Smirnoff Ice Original 10-pack cans, same size, same product",Yes,Yes,Yes
16593,llm_verify,True,"All Brockmans Premium Gin 70cl, same product, same size",Yes,Yes,Yes
16605,llm_verify,True,"Both Stella Artois 18-pack, variance 13.9% within tolerance",Yes,Yes,Yes
16626,llm_verify,True,"Both Mermaid Pink Gin 70cl, same product, same size",Yes,Yes,Yes
16629,llm_verify,True,"Both own-brand Granny Smith Apples, standard tier, same product type",Yes,Yes,Yes
16652,llm_verify,True,"Both branded Cauldron falafels, identical weight, same product.",Yes,Yes,Yes
16685,llm_verify,True,"All Flora ProActiv Buttery Taste Spread variants, same core product, identical weight.",Yes,Yes,Yes
16771,llm_verify,True,"Both own-brand rhubarb crumbles, standard tier, weight variance 11.1% within tolerance.",Yes,Yes,Yes
16941,llm_verify,False,"Morrisons product is 'The Great Whi...' (truncated, likely White variant) vs Sainsbury's/Tesco 'Superb Sprouted Grains' — different sourdough variants, not same core product.",No,Yes,Yes
16943,llm_verify,True,"Both own-brand haddock fillets, standard tier, weight variance 7.1% within tolerance.",Yes,Yes,Yes
16949,llm_verify,True,"All Kulfi Ice Original Malai ice cream, same branded product, identical volume.",Yes,Yes,Yes
16961,llm_verify,True,"All branded Squeaky Bean chargrilled steak-style strips, weight variance 7.7% within tolerance.",Yes,Yes,Yes
16975,llm_verify,False,"Dr. Oetker Ristorante Margherita vs Mozzarella Pizza — different flavour variants, not same core product.",No,Yes,Yes
17003,llm_verify,False,"Cadbury Creme Egg Ice Cream vs Cadbury Caramilk Ice Cream — different flavours, not same core product.",No,Yes,Yes
17068,llm_verify,True,"Both own-brand sugar snap peas, standard tier, weight variance 10.0% within tolerance.",Yes,Yes,Yes
17075,llm_verify,False,Red Chillies vs Mixed Chillies — different product types,No,Yes,Yes
17108,llm_verify,False,Somerset Brie vs Shropshire Blue — different cheese varieties,No,Yes,Yes
17131,llm_verify,True,"Both curly parsley, same core product",Yes,Yes,Yes
17220,llm_verify,False,Pepperoni vs Picante N'duja — different pizza flavours,No,Yes,Yes
17237,llm_verify,True,"Both Wensleydale Cranberry Cheese, identical",Yes,Yes,Yes
17275,llm_verify,False,Stamford Street Co. (value tier) vs Sabra (branded) — different product types and tiers,No,Yes,No
17302,llm_verify,True,"Both strawberry jam & cream doughnuts, same product",Yes,Yes,Yes
17321,llm_verify,True,"Both onion bhajis, pack count difference irrelevant to Q1",Yes,Yes,Yes
17342,llm_verify,False,Cheese Triangles vs Cheese Dip & Crunch Spread — different product formats,No,Yes,Yes
17366,llm_verify,True,"All cheese selection boards, same core product",Yes,Yes,Yes
17404,llm_verify,False,Actimel Raspberry 0% Added Sugar differs from Actimel Raspberry Fat Free Immunity Live — different product variants with different claimed benefits,No,Yes,Yes
17416,llm_verify,False,German Pizza Pepperoni Slices vs German Style Peppered Salami — different meat products (pepperoni vs salami),No,Yes,Yes
17457,llm_verify,False,Italian Prosciutto Crudo vs Italian Unsmoked Pancetta — different cured meat types (prosciutto vs pancetta),No,Yes,Yes
17497,llm_verify,False,Mature Cheddar Coleslaw vs Extra Mature English Cheddar — coleslaw (salad) vs cheese (different food types),No,Yes,Yes
17517,llm_verify,False,Extra Mature Cheddar vs Mixed Olives With Mature Cheddar — cheese vs olive salad (different food types),No,Yes,Yes
17624,llm_verify,True,All Port Royal/Juici Patties chicken patties — same core product type across retailers,Yes,Yes,Yes
17654,llm_verify,False,Straight Cut Chips vs Steak Cut Chips vs Steak Oven Cut Chips — different chip cut styles (straight vs steak/oven cut),No,Yes,Yes
17708,llm_verify,True,Both Supersweet Mini Corn Cobs — same product across retailers,Yes,Yes,Yes
17794,llm_verify,False,Carte D'or Bailey Ice Cream vs Carte D'or New York Cheesecake Ice Cream — different flavours (Bailey's vs cheesecake),No,Yes,Yes
17854,llm_verify,True,Both Gressingham Spatchcock Poussin 450g — same product (serving suggestion difference is immaterial),Yes,Yes,Yes
17887,llm_verify,False,Different core products: Moy Park Barbecue Chicken Wings vs Tesco Slow Cooked BBQ Chicken Wings (different cooking methods and brands),No,Yes,Yes
17912,llm_verify,False,Different core products: Morning Roll (singular) vs Scotch Morning Rolls (different product type),No,Yes,Yes
17915,llm_verify,False,Different core products: Thick Sliced Wholemeal Bread vs Hi Fibre Wholemeal Loaf (different fibre content and product type),No,Yes,Yes
17928,llm_verify,True,"All same core product: Cherry Bakewells/Bakewell Tarts, same tier across retailers",Yes,Yes,Yes
17935,llm_verify,False,"Different core products: Cheese Twist (singular) vs Cheese Twists (plural, likely different product format)",No,Yes,Yes
17936,llm_verify,True,"Same branded product (Bonne Maman Madeleines), pack count difference is not a Q1 factor",Yes,Yes,Yes
17943,llm_verify,False,Different core products: Trifle Bakewells vs Manor House Cake vs Chocolatey Brownies (three distinct product types),No,Yes,Yes
17947,llm_verify,False,Different core products: Olive Roll vs Pitted Olives (different product types),No,Yes,Yes
17974,llm_verify,False,"Different core products: Multiseed Wholemeal Rolls vs Wholemeal Loaf (rolls vs loaf, different product types)",No,Yes,Yes
17978,llm_verify,False,Different core products: Chocolate Madeleines Cakes vs Small Chocolate Cake (different product types),No,Yes,Yes
17980,llm_verify,False,Sainsbury's product is a specific Unicorn Madeira cake; Tesco product is generic 'Celebration Cake' — different core products,No,Yes,Yes
18000,llm_verify,True,"Both standard-tier own-brand mixed nuts, identical weight",Yes,Yes,Yes
18054,llm_verify,False,Coppa and Funkin are different branded cocktail products — not the same core product,No,Yes,Yes
18063,llm_verify,False,Arla BOB is a branded product; Lactofree is a different branded product — different core products,No,Yes,Yes
18070,llm_verify,True,"Both KIND Chocolate Chip Cashew bars, same branded product with minor naming variation",Yes,Yes,Yes
18093,llm_verify,False,Vina Araya and Casa Mana are different branded Moscatel wines — not the same core product,No,Yes,Yes
18133,llm_verify,False,ASDA 12 Easter Fairy Cakes vs Sainsbury's 12 Easter Iced Fairy Cakes vs Tesco 9 Easter Cupcakes — different pack counts and product types (fairy cakes vs cupcakes),No,Yes,Yes
18195,llm_verify,True,"Both standard-tier own-brand deli-style coleslaw, identical weight",Yes,Yes,Yes
18225,llm_verify,False,Dr. Oetker Rainbow Magic Sprinkles vs Easter Party Sprinkles vs Glamour & Sparkle Sprinkles — different product variants/flavours,No,Yes,Yes
18251,llm_verify,False,Del Monte Sliced Pineapple vs Nature's Finest Pineapple — different branded products,No,Yes,Yes
18252,llm_verify,False,Del Monte (branded) vs Summer Pride (own-brand) are different products; Q1 fails,No,Yes,Yes
18278,llm_verify,False,Chicken Tikka Wrap vs Fire Pit Chicken Tikka Sizzlers are different product types; Q1 fails,No,Yes,Yes
18307,llm_verify,True,"Both Galaxy Cake Bar multipacks, same branded product",Yes,Yes,Yes
18313,llm_verify,False,Brownie Bites vs Brookie Bites are different product types; Q1 fails,No,Yes,Yes
18341,llm_verify,False,Just Love Food Company (3 retailers) vs Say It With Cake (Morrisons) are different brands/products; Q1 fails,No,Yes,Yes
18343,llm_verify,False,Paws the Puppy Chocolate Cake vs Chocolate Surprise Cake are different products; Q1 fails,No,Yes,Yes
18344,llm_verify,False,"Bluey, Barbie, and Pokemon are different licensed character cakes; Q1 fails",No,Yes,Yes
18375,llm_verify,False,Stuffed Cherry Peppers vs Stuffed Pepper Platter are different product types; Q1 fails,No,Yes,Yes
18381,llm_verify,True,"Both unsmoked gammon joints, same core product type",Yes,Yes,Yes
18385,llm_verify,False,Cadbury Roses vs Cadbury Heroes are different branded chocolate assortments; Q1 fails,No,Yes,Yes
18411,llm_verify,True,All branded Shaken Udder Vanillalicious Milkshake 750ml across retailers; identical product and size.,Yes,Yes,Yes
18425,llm_verify,False,Cadbury Flake Celebration Cake vs Cadbury Flake Cake — 'Celebration' variant differs from standard Flake Cake; different product lines.,No,Yes,Yes
18443,llm_verify,False,Sainsbury's Milk Chocolate 100g vs E.Wedel Milk Chocolate With Hazelnuts 100g — different products (plain vs hazelnut variant).,No,Yes,Yes
18483,llm_verify,False,ASDA Milk Choc Chip Mini Cookies vs Sainsbury's Milk Chocolate Mini Eggs vs Tesco Mini Milk Chocolate Cookies — different product types (cookies vs eggs vs cookies); not the same core product.,No,Yes,Yes
18491,llm_verify,False,Cadbury Dairy Milk Minis Bag vs Cadbury Dairy Milk Bar — different product formats (multipack bag vs single bar); not the same core product.,No,Yes,Yes
0,auto_pass,True,Jaccard ≥ threshold,n/a,n/a,n/a
4,auto_pass,True,Jaccard ≥ threshold,n/a,n/a,n/a
8,auto_pass,True,Jaccard ≥ threshold,n/a,n/a,n/a
9,auto_pass,True,Jaccard ≥ threshold,n/a,n/a,n/a
10,auto_pass,True,Jaccard ≥ threshold,n/a,n/a,n/a
11,auto_pass,True,Jaccard ≥ threshold,n/a,n/a,n/a
12,auto_pass,True,Jaccard ≥ threshold,n/a,n/a,n/a
13,auto_pass,True,Jaccard ≥ threshold,n/a,n/a,n/a
14,auto_pass,True,Jaccard ≥ threshold,n/a,n/a,n/a
16,auto_pass,True,Jaccard ≥ threshold,n/a,n/a,n/a
18,auto_pass,True,Jaccard ≥ threshold,n/a,n/a,n/a
19,auto_pass,True,Jaccard ≥ threshold,n/a,n/a,n/a
20,auto_pass,True,Jaccard ≥ threshold,n/a,n/a,n/a
21,auto_pass,True,Jaccard ≥ threshold,n/a,n/a,n/a
22,auto_pass,True,Jaccard ≥ threshold,n/a,n/a,n/a
23,auto_pass,True,Jaccard ≥ threshold,n/a,n/a,n/a
24,auto_pass,True,Jaccard ≥ threshold,n/a,n/a,n/a
25,auto_pass,True,Jaccard ≥ threshold,n/a,n/a,n/a
26,auto_pass,True,Jaccard ≥ threshold,n/a,n/a,n/a
27,auto_pass,True,Jaccard ≥ threshold,n/a,n/a,n/a
28,auto_pass,True,Jaccard ≥ threshold,n/a,n/a,n/a
29,auto_pass,True,Jaccard ≥ threshold,n/a,n/a,n/a
30,auto_pass,True,Jaccard ≥ threshold,n/a,n/a,n/a
31,auto_pass,True,Jaccard ≥ threshold,n/a,n/a,n/a
32,auto_pass,True,Jaccard ≥ threshold,n/a,n/a,n/a
33,auto_pass,True,Jaccard ≥ threshold,n/a,n/a,n/a
34,auto_pass,True,Jaccard ≥ threshold,n/a,n/a,n/a
35,auto_pass,True,Jaccard ≥ threshold,n/a,n/a,n/a
36,auto_pass,True,Jaccard ≥ threshold,n/a,n/a,n/a
37,auto_pass,True,Jaccard ≥ threshold,n/a,n/a,n/a
38,auto_pass,True,Jaccard ≥ threshold,n/a,n/a,n/a
39,auto_pass,True,Jaccard ≥ threshold,n/a,n/a,n/a
40,auto_pass,True,Jaccard ≥ threshold,n/a,n/a,n/a
42,auto_pass,True,Jaccard ≥ threshold,n/a,n/a,n/a
44,auto_pass,True,Jaccard ≥ threshold,n/a,n/a,n/a
45,auto_pass,True,Jaccard ≥ threshold,n/a,n/a,n/a
46,auto_pass,True,Jaccard ≥ threshold,n/a,n/a,n/a
47,auto_pass,True,Jaccard ≥ threshold,n/a,n/a,n/a
50,auto_pass,True,Jaccard ≥ threshold,n/a,n/a,n/a
51,auto_pass,True,Jaccard ≥ threshold,n/a,n/a,n/a
53,auto_pass,True,Jaccard ≥ threshold,n/a,n/a,n/a
54,auto_pass,True,Jaccard ≥ threshold,n/a,n/a,n/a
55,auto_pass,True,Jaccard ≥ threshold,n/a,n/a,n/a
56,auto_pass,True,Jaccard ≥ threshold,n/a,n/a,n/a
57,auto_pass,True,Jaccard ≥ threshold,n/a,n/a,n/a
58,auto_pass,True,Jaccard ≥ threshold,n/a,n/a,n/a
59,auto_pass,True,Jaccard ≥ threshold,n/a,n/a,n/a
60,auto_pass,True,Jaccard ≥ threshold,n/a,n/a,n/a
62,auto_pass,True,Jaccard ≥ threshold,n/a,n/a,n/a
65,auto_pass,True,Jaccard ≥ threshold,n/a,n/a,n/a
66,auto_pass,True,Jaccard ≥ threshold,n/a,n/a,n/a
68,auto_pass,True,Jaccard ≥ threshold,n/a,n/a,n/a
69,auto_pass,True,Jaccard ≥ threshold,n/a,n/a,n/a
73,auto_pass,True,Jaccard ≥ threshold,n/a,n/a,n/a
74,auto_pass,True,Jaccard ≥ threshold,n/a,n/a,n/a
75,auto_pass,True,Jaccard ≥ threshold,n/a,n/a,n/a
76,auto_pass,True,Jaccard ≥ threshold,n/a,n/a,n/a
77,auto_pass,True,Jaccard ≥ threshold,n/a,n/a,n/a
79,auto_pass,True,Jaccard ≥ threshold,n/a,n/a,n/a
81,auto_pass,True,Jaccard ≥ threshold,n/a,n/a,n/a
83,auto_pass,True,Jaccard ≥ threshold,n/a,n/a,n/a
84,auto_pass,True,Jaccard ≥ threshold,n/a,n/a,n/a
86,auto_pass,True,Jaccard ≥ threshold,n/a,n/a,n/a
87,auto_pass,True,Jaccard ≥ threshold,n/a,n/a,n/a
88,auto_pass,True,Jaccard ≥ threshold,n/a,n/a,n/a
89,auto_pass,True,Jaccard ≥ threshold,n/a,n/a,n/a
90,auto_pass,True,Jaccard ≥ threshold,n/a,n/a,n/a
91,auto_pass,True,Jaccard ≥ threshold,n/a,n/a,n/a
93,auto_pass,True,Jaccard ≥ threshold,n/a,n/a,n/a
95,auto_pass,True,Jaccard ≥ threshold,n/a,n/a,n/a
96,auto_pass,True,Jaccard ≥ threshold,n/a,n/a,n/a
99,auto_pass,True,Jaccard ≥ threshold,n/a,n/a,n/a
100,auto_pass,True,Jaccard ≥ threshold,n/a,n/a,n/a
101,auto_pass,True,Jaccard ≥ threshold,n/a,n/a,n/a
104,auto_pass,True,Jaccard ≥ threshold,n/a,n/a,n/a
106,auto_pass,True,Jaccard ≥ threshold,n/a,n/a,n/a
107,auto_pass,True,Jaccard ≥ threshold,n/a,n/a,n/a
108,auto_pass,True,Jaccard ≥ threshold,n/a,n/a,n/a
109,auto_pass,True,Jaccard ≥ threshold,n/a,n/a,n/a
113,auto_pass,True,Jaccard ≥ threshold,n/a,n/a,n/a
114,auto_pass,True,Jaccard ≥ threshold,n/a,n/a,n/a
115,auto_pass,True,Jaccard ≥ threshold,n/a,n/a,n/a
120,auto_pass,True,Jaccard ≥ threshold,n/a,n/a,n/a
121,auto_pass,True,Jaccard ≥ threshold,n/a,n/a,n/a
122,auto_pass,True,Jaccard ≥ threshold,n/a,n/a,n/a
125,auto_pass,True,Jaccard ≥ threshold,n/a,n/a,n/a
127,auto_pass,True,Jaccard ≥ threshold,n/a,n/a,n/a
135,auto_pass,True,Jaccard ≥ threshold,n/a,n/a,n/a
136,auto_pass,True,Jaccard ≥ threshold,n/a,n/a,n/a
137,auto_pass,True,Jaccard ≥ threshold,n/a,n/a,n/a
138,auto_pass,True,Jaccard ≥ threshold,n/a,n/a,n/a
139,auto_pass,True,Jaccard ≥ threshold,n/a,n/a,n/a
140,auto_pass,True,Jaccard ≥ threshold,n/a,n/a,n/a
141,auto_pass,True,Jaccard ≥ threshold,n/a,n/a,n/a
144,auto_pass,True,Jaccard ≥ threshold,n/a,n/a,n/a
145,auto_pass,True,Jaccard ≥ threshold,n/a,n/a,n/a
146,auto_pass,True,Jaccard ≥ threshold,n/a,n/a,n/a
147,auto_pass,True,Jaccard ≥ threshold,n/a,n/a,n/a
149,auto_pass,True,Jaccard ≥ threshold,n/a,n/a,n/a
150,auto_pass,True,Jaccard ≥ threshold,n/a,n/a,n/a
152,auto_pass,True,Jaccard ≥ threshold,n/a,n/a,n/a
153,auto_pass,True,Jaccard ≥ threshold,n/a,n/a,n/a
155,auto_pass,True,Jaccard ≥ threshold,n/a,n/a,n/a
157,auto_pass,True,Jaccard ≥ threshold,n/a,n/a,n/a
158,auto_pass,True,Jaccard ≥ threshold,n/a,n/a,n/a
160,auto_pass,True,Jaccard ≥ threshold,n/a,n/a,n/a
161,auto_pass,True,Jaccard ≥ threshold,n/a,n/a,n/a
162,auto_pass,True,Jaccard ≥ threshold,n/a,n/a,n/a
163,auto_pass,True,Jaccard ≥ threshold,n/a,n/a,n/a
164,auto_pass,True,Jaccard ≥ threshold,n/a,n/a,n/a
166,auto_pass,True,Jaccard ≥ threshold,n/a,n/a,n/a
167,auto_pass,True,Jaccard ≥ threshold,n/a,n/a,n/a
171,auto_pass,True,Jaccard ≥ threshold,n/a,n/a,n/a
172,auto_pass,True,Jaccard ≥ threshold,n/a,n/a,n/a
173,auto_pass,True,Jaccard ≥ threshold,n/a,n/a,n/a
176,auto_pass,True,Jaccard ≥ threshold,n/a,n/a,n/a
178,auto_pass,True,Jaccard ≥ threshold,n/a,n/a,n/a
179,auto_pass,True,Jaccard ≥ threshold,n/a,n/a,n/a
180,auto_pass,True,Jaccard ≥ threshold,n/a,n/a,n/a
181,auto_pass,True,Jaccard ≥ threshold,n/a,n/a,n/a
183,auto_pass,True,Jaccard ≥ threshold,n/a,n/a,n/a
184,auto_pass,True,Jaccard ≥ threshold,n/a,n/a,n/a
185,auto_pass,True,Jaccard ≥ threshold,n/a,n/a,n/a
186,auto_pass,True,Jaccard ≥ threshold,n/a,n/a,n/a
188,auto_pass,True,Jaccard ≥ threshold,n/a,n/a,n/a
189,auto_pass,True,Jaccard ≥ threshold,n/a,n/a,n/a
191,auto_pass,True,Jaccard ≥ threshold,n/a,n/a,n/a
192,auto_pass,True,Jaccard ≥ threshold,n/a,n/a,n/a
193,auto_pass,True,Jaccard ≥ threshold,n/a,n/a,n/a
194,auto_pass,True,Jaccard ≥ threshold,n/a,n/a,n/a
195,auto_pass,True,Jaccard ≥ threshold,n/a,n/a,n/a
196,auto_pass,True,Jaccard ≥ threshold,n/a,n/a,n/a
197,auto_pass,True,Jaccard ≥ threshold,n/a,n/a,n/a
199,auto_pass,True,Jaccard ≥ threshold,n/a,n/a,n/a
200,auto_pass,True,Jaccard ≥ threshold,n/a,n/a,n/a
201,auto_pass,True,Jaccard ≥ threshold,n/a,n/a,n/a
202,auto_pass,True,Jaccard ≥ threshold,n/a,n/a,n/a
203,auto_pass,True,Jaccard ≥ threshold,n/a,n/a,n/a
204,auto_pass,True,Jaccard ≥ threshold,n/a,n/a,n/a
206,auto_pass,True,Jaccard ≥ threshold,n/a,n/a,n/a
209,auto_pass,True,Jaccard ≥ threshold,n/a,n/a,n/a
211,auto_pass,True,Jaccard ≥ threshold,n/a,n/a,n/a
213,auto_pass,True,Jaccard ≥ threshold,n/a,n/a,n/a
216,auto_pass,True,Jaccard ≥ threshold,n/a,n/a,n/a
217,auto_pass,True,Jaccard ≥ threshold,n/a,n/a,n/a
218,auto_pass,True,Jaccard ≥ threshold,n/a,n/a,n/a
219,auto_pass,True,Jaccard ≥ threshold,n/a,n/a,n/a
221,auto_pass,True,Jaccard ≥ threshold,n/a,n/a,n/a
224,auto_pass,True,Jaccard ≥ threshold,n/a,n/a,n/a
225,auto_pass,True,Jaccard ≥ threshold,n/a,n/a,n/a
226,auto_pass,True,Jaccard ≥ threshold,n/a,n/a,n/a
227,auto_pass,True,Jaccard ≥ threshold,n/a,n/a,n/a
228,auto_pass,True,Jaccard ≥ threshold,n/a,n/a,n/a
229,auto_pass,True,Jaccard ≥ threshold,n/a,n/a,n/a
230,auto_pass,True,Jaccard ≥ threshold,n/a,n/a,n/a
231,auto_pass,True,Jaccard ≥ threshold,n/a,n/a,n/a
233,auto_pass,True,Jaccard ≥ threshold,n/a,n/a,n/a
235,auto_pass,True,Jaccard ≥ threshold,n/a,n/a,n/a
237,auto_pass,True,Jaccard ≥ threshold,n/a,n/a,n/a
238,auto_pass,True,Jaccard ≥ threshold,n/a,n/a,n/a
239,auto_pass,True,Jaccard ≥ threshold,n/a,n/a,n/a
240,auto_pass,True,Jaccard ≥ threshold,n/a,n/a,n/a
241,auto_pass,True,Jaccard ≥ threshold,n/a,n/a,n/a
242,auto_pass,True,Jaccard ≥ threshold,n/a,n/a,n/a
243,auto_pass,True,Jaccard ≥ threshold,n/a,n/a,n/a
244,auto_pass,True,Jaccard ≥ threshold,n/a,n/a,n/a
245,auto_pass,True,Jaccard ≥ threshold,n/a,n/a,n/a
246,auto_pass,True,Jaccard ≥ threshold,n/a,n/a,n/a
247,auto_pass,True,Jaccard ≥ threshold,n/a,n/a,n/a
249,auto_pass,True,Jaccard ≥ threshold,n/a,n/a,n/a
250,auto_pass,True,Jaccard ≥ threshold,n/a,n/a,n/a
251,auto_pass,True,Jaccard ≥ threshold,n/a,n/a,n/a
252,auto_pass,True,Jaccard ≥ threshold,n/a,n/a,n/a
254,auto_pass,True,Jaccard ≥ threshold,n/a,n/a,n/a
255,auto_pass,True,Jaccard ≥ threshold,n/a,n/a,n/a
256,auto_pass,True,Jaccard ≥ threshold,n/a,n/a,n/a
257,auto_pass,True,Jaccard ≥ threshold,n/a,n/a,n/a
258,auto_pass,True,Jaccard ≥ threshold,n/a,n/a,n/a
259,auto_pass,True,Jaccard ≥ threshold,n/a,n/a,n/a
261,auto_pass,True,Jaccard ≥ threshold,n/a,n/a,n/a
262,auto_pass,True,Jaccard ≥ threshold,n/a,n/a,n/a
263,auto_pass,True,Jaccard ≥ threshold,n/a,n/a,n/a
266,auto_pass,True,Jaccard ≥ threshold,n/a,n/a,n/a
269,auto_pass,True,Jaccard ≥ threshold,n/a,n/a,n/a
270,auto_pass,True,Jaccard ≥ threshold,n/a,n/a,n/a
271,auto_pass,True,Jaccard ≥ threshold,n/a,n/a,n/a
272,auto_pass,True,Jaccard ≥ threshold,n/a,n/a,n/a
275,auto_pass,True,Jaccard ≥ threshold,n/a,n/a,n/a
278,auto_pass,True,Jaccard ≥ threshold,n/a,n/a,n/a
279,auto_pass,True,Jaccard ≥ threshold,n/a,n/a,n/a
284,auto_pass,True,Jaccard ≥ threshold,n/a,n/a,n/a
286,auto_pass,True,Jaccard ≥ threshold,n/a,n/a,n/a
287,auto_pass,True,Jaccard ≥ threshold,n/a,n/a,n/a
288,auto_pass,True,Jaccard ≥ threshold,n/a,n/a,n/a
289,auto_pass,True,Jaccard ≥ threshold,n/a,n/a,n/a
291,auto_pass,True,Jaccard ≥ threshold,n/a,n/a,n/a
292,auto_pass,True,Jaccard ≥ threshold,n/a,n/a,n/a
293,auto_pass,True,Jaccard ≥ threshold,n/a,n/a,n/a
294,auto_pass,True,Jaccard ≥ threshold,n/a,n/a,n/a
295,auto_pass,True,Jaccard ≥ threshold,n/a,n/a,n/a
296,auto_pass,True,Jaccard ≥ threshold,n/a,n/a,n/a
297,auto_pass,True,Jaccard ≥ threshold,n/a,n/a,n/a
298,auto_pass,True,Jaccard ≥ threshold,n/a,n/a,n/a
300,auto_pass,True,Jaccard ≥ threshold,n/a,n/a,n/a
301,auto_pass,True,Jaccard ≥ threshold,n/a,n/a,n/a
304,auto_pass,True,Jaccard ≥ threshold,n/a,n/a,n/a
305,auto_pass,True,Jaccard ≥ threshold,n/a,n/a,n/a
306,auto_pass,True,Jaccard ≥ threshold,n/a,n/a,n/a
308,auto_pass,True,Jaccard ≥ threshold,n/a,n/a,n/a
310,auto_pass,True,Jaccard ≥ threshold,n/a,n/a,n/a
312,auto_pass,True,Jaccard ≥ threshold,n/a,n/a,n/a
313,auto_pass,True,Jaccard ≥ threshold,n/a,n/a,n/a
315,auto_pass,True,Jaccard ≥ threshold,n/a,n/a,n/a
316,auto_pass,True,Jaccard ≥ threshold,n/a,n/a,n/a
318,auto_pass,True,Jaccard ≥ threshold,n/a,n/a,n/a
320,auto_pass,True,Jaccard ≥ threshold,n/a,n/a,n/a
322,auto_pass,True,Jaccard ≥ threshold,n/a,n/a,n/a
323,auto_pass,True,Jaccard ≥ threshold,n/a,n/a,n/a
324,auto_pass,True,Jaccard ≥ threshold,n/a,n/a,n/a
325,auto_pass,True,Jaccard ≥ threshold,n/a,n/a,n/a
327,auto_pass,True,Jaccard ≥ threshold,n/a,n/a,n/a
331,auto_pass,True,Jaccard ≥ threshold,n/a,n/a,n/a
332,auto_pass,True,Jaccard ≥ threshold,n/a,n/a,n/a
333,auto_pass,True,Jaccard ≥ threshold,n/a,n/a,n/a
335,auto_pass,True,Jaccard ≥ threshold,n/a,n/a,n/a
336,auto_pass,True,Jaccard ≥ threshold,n/a,n/a,n/a
338,auto_pass,True,Jaccard ≥ threshold,n/a,n/a,n/a
339,auto_pass,True,Jaccard ≥ threshold,n/a,n/a,n/a
340,auto_pass,True,Jaccard ≥ threshold,n/a,n/a,n/a
341,auto_pass,True,Jaccard ≥ threshold,n/a,n/a,n/a
343,auto_pass,True,Jaccard ≥ threshold,n/a,n/a,n/a
344,auto_pass,True,Jaccard ≥ threshold,n/a,n/a,n/a
347,auto_pass,True,Jaccard ≥ threshold,n/a,n/a,n/a
348,auto_pass,True,Jaccard ≥ threshold,n/a,n/a,n/a
349,auto_pass,True,Jaccard ≥ threshold,n/a,n/a,n/a
351,auto_pass,True,Jaccard ≥ threshold,n/a,n/a,n/a
352,auto_pass,True,Jaccard ≥ threshold,n/a,n/a,n/a
353,auto_pass,True,Jaccard ≥ threshold,n/a,n/a,n/a
357,auto_pass,True,Jaccard ≥ threshold,n/a,n/a,n/a
359,auto_pass,True,Jaccard ≥ threshold,n/a,n/a,n/a
360,auto_pass,True,Jaccard ≥ threshold,n/a,n/a,n/a
361,auto_pass,True,Jaccard ≥ threshold,n/a,n/a,n/a
364,auto_pass,True,Jaccard ≥ threshold,n/a,n/a,n/a
365,auto_pass,True,Jaccard ≥ threshold,n/a,n/a,n/a
367,auto_pass,True,Jaccard ≥ threshold,n/a,n/a,n/a
369,auto_pass,True,Jaccard ≥ threshold,n/a,n/a,n/a
371,auto_pass,True,Jaccard ≥ threshold,n/a,n/a,n/a
373,auto_pass,True,Jaccard ≥ threshold,n/a,n/a,n/a
375,auto_pass,True,Jaccard ≥ threshold,n/a,n/a,n/a
381,auto_pass,True,Jaccard ≥ threshold,n/a,n/a,n/a
383,auto_pass,True,Jaccard ≥ threshold,n/a,n/a,n/a
386,auto_pass,True,Jaccard ≥ threshold,n/a,n/a,n/a
387,auto_pass,True,Jaccard ≥ threshold,n/a,n/a,n/a
390,auto_pass,True,Jaccard ≥ threshold,n/a,n/a,n/a
392,auto_pass,True,Jaccard ≥ threshold,n/a,n/a,n/a
394,auto_pass,True,Jaccard ≥ threshold,n/a,n/a,n/a
403,auto_pass,True,Jaccard ≥ threshold,n/a,n/a,n/a
405,auto_pass,True,Jaccard ≥ threshold,n/a,n/a,n/a
406,auto_pass,True,Jaccard ≥ threshold,n/a,n/a,n/a
407,auto_pass,True,Jaccard ≥ threshold,n/a,n/a,n/a
422,auto_pass,True,Jaccard ≥ threshold,n/a,n/a,n/a
431,auto_pass,True,Jaccard ≥ threshold,n/a,n/a,n/a
433,auto_pass,True,Jaccard ≥ threshold,n/a,n/a,n/a
439,auto_pass,True,Jaccard ≥ threshold,n/a,n/a,n/a
441,auto_pass,True,Jaccard ≥ threshold,n/a,n/a,n/a
444,auto_pass,True,Jaccard ≥ threshold,n/a,n/a,n/a
445,auto_pass,True,Jaccard ≥ threshold,n/a,n/a,n/a
449,auto_pass,True,Jaccard ≥ threshold,n/a,n/a,n/a
454,auto_pass,True,Jaccard ≥ threshold,n/a,n/a,n/a
455,auto_pass,True,Jaccard ≥ threshold,n/a,n/a,n/a
462,auto_pass,True,Jaccard ≥ threshold,n/a,n/a,n/a
465,auto_pass,True,Jaccard ≥ threshold,n/a,n/a,n/a
480,auto_pass,True,Jaccard ≥ threshold,n/a,n/a,n/a
482,auto_pass,True,Jaccard ≥ threshold,n/a,n/a,n/a
483,auto_pass,True,Jaccard ≥ threshold,n/a,n/a,n/a
484,auto_pass,True,Jaccard ≥ threshold,n/a,n/a,n/a
486,auto_pass,True,Jaccard ≥ threshold,n/a,n/a,n/a
487,auto_pass,True,Jaccard ≥ threshold,n/a,n/a,n/a
489,auto_pass,True,Jaccard ≥ threshold,n/a,n/a,n/a
490,auto_pass,True,Jaccard ≥ threshold,n/a,n/a,n/a
491,auto_pass,True,Jaccard ≥ threshold,n/a,n/a,n/a
492,auto_pass,True,Jaccard ≥ threshold,n/a,n/a,n/a
494,auto_pass,True,Jaccard ≥ threshold,n/a,n/a,n/a
495,auto_pass,True,Jaccard ≥ threshold,n/a,n/a,n/a
497,auto_pass,True,Jaccard ≥ threshold,n/a,n/a,n/a
503,auto_pass,True,Jaccard ≥ threshold,n/a,n/a,n/a
505,auto_pass,True,Jaccard ≥ threshold,n/a,n/a,n/a
506,auto_pass,True,Jaccard ≥ threshold,n/a,n/a,n/a
508,auto_pass,True,Jaccard ≥ threshold,n/a,n/a,n/a
509,auto_pass,True,Jaccard ≥ threshold,n/a,n/a,n/a
510,auto_pass,True,Jaccard ≥ threshold,n/a,n/a,n/a
515,auto_pass,True,Jaccard ≥ threshold,n/a,n/a,n/a
516,auto_pass,True,Jaccard ≥ threshold,n/a,n/a,n/a
517,auto_pass,True,Jaccard ≥ threshold,n/a,n/a,n/a
518,auto_pass,True,Jaccard ≥ threshold,n/a,n/a,n/a
519,auto_pass,True,Jaccard ≥ threshold,n/a,n/a,n/a
520,auto_pass,True,Jaccard ≥ threshold,n/a,n/a,n/a
521,auto_pass,True,Jaccard ≥ threshold,n/a,n/a,n/a
522,auto_pass,True,Jaccard ≥ threshold,n/a,n/a,n/a
523,auto_pass,True,Jaccard ≥ threshold,n/a,n/a,n/a
524,auto_pass,True,Jaccard ≥ threshold,n/a,n/a,n/a
525,auto_pass,True,Jaccard ≥ threshold,n/a,n/a,n/a
526,auto_pass,True,Jaccard ≥ threshold,n/a,n/a,n/a
527,auto_pass,True,Jaccard ≥ threshold,n/a,n/a,n/a
530,auto_pass,True,Jaccard ≥ threshold,n/a,n/a,n/a
531,auto_pass,True,Jaccard ≥ threshold,n/a,n/a,n/a
533,auto_pass,True,Jaccard ≥ threshold,n/a,n/a,n/a
535,auto_pass,True,Jaccard ≥ threshold,n/a,n/a,n/a
536,auto_pass,True,Jaccard ≥ threshold,n/a,n/a,n/a
539,auto_pass,True,Jaccard ≥ threshold,n/a,n/a,n/a
540,auto_pass,True,Jaccard ≥ threshold,n/a,n/a,n/a
541,auto_pass,True,Jaccard ≥ threshold,n/a,n/a,n/a
542,auto_pass,True,Jaccard ≥ threshold,n/a,n/a,n/a
543,auto_pass,True,Jaccard ≥ threshold,n/a,n/a,n/a
544,auto_pass,True,Jaccard ≥ threshold,n/a,n/a,n/a
546,auto_pass,True,Jaccard ≥ threshold,n/a,n/a,n/a
547,auto_pass,True,Jaccard ≥ threshold,n/a,n/a,n/a
548,auto_pass,True,Jaccard ≥ threshold,n/a,n/a,n/a
549,auto_pass,True,Jaccard ≥ threshold,n/a,n/a,n/a
550,auto_pass,True,Jaccard ≥ threshold,n/a,n/a,n/a
551,auto_pass,True,Jaccard ≥ threshold,n/a,n/a,n/a
554,auto_pass,True,Jaccard ≥ threshold,n/a,n/a,n/a
558,auto_pass,True,Jaccard ≥ threshold,n/a,n/a,n/a
559,auto_pass,True,Jaccard ≥ threshold,n/a,n/a,n/a
561,auto_pass,True,Jaccard ≥ threshold,n/a,n/a,n/a
562,auto_pass,True,Jaccard ≥ threshold,n/a,n/a,n/a
563,auto_pass,True,Jaccard ≥ threshold,n/a,n/a,n/a
565,auto_pass,True,Jaccard ≥ threshold,n/a,n/a,n/a
566,auto_pass,True,Jaccard ≥ threshold,n/a,n/a,n/a
567,auto_pass,True,Jaccard ≥ threshold,n/a,n/a,n/a
569,auto_pass,True,Jaccard ≥ threshold,n/a,n/a,n/a
570,auto_pass,True,Jaccard ≥ threshold,n/a,n/a,n/a
571,auto_pass,True,Jaccard ≥ threshold,n/a,n/a,n/a
572,auto_pass,True,Jaccard ≥ threshold,n/a,n/a,n/a
573,auto_pass,True,Jaccard ≥ threshold,n/a,n/a,n/a
575,auto_pass,True,Jaccard ≥ threshold,n/a,n/a,n/a
577,auto_pass,True,Jaccard ≥ threshold,n/a,n/a,n/a
579,auto_pass,True,Jaccard ≥ threshold,n/a,n/a,n/a
580,auto_pass,True,Jaccard ≥ threshold,n/a,n/a,n/a
583,auto_pass,True,Jaccard ≥ threshold,n/a,n/a,n/a
585,auto_pass,True,Jaccard ≥ threshold,n/a,n/a,n/a
586,auto_pass,True,Jaccard ≥ threshold,n/a,n/a,n/a
588,auto_pass,True,Jaccard ≥ threshold,n/a,n/a,n/a
589,auto_pass,True,Jaccard ≥ threshold,n/a,n/a,n/a
590,auto_pass,True,Jaccard ≥ threshold,n/a,n/a,n/a
592,auto_pass,True,Jaccard ≥ threshold,n/a,n/a,n/a
593,auto_pass,True,Jaccard ≥ threshold,n/a,n/a,n/a
594,auto_pass,True,Jaccard ≥ threshold,n/a,n/a,n/a
597,auto_pass,True,Jaccard ≥ threshold,n/a,n/a,n/a
598,auto_pass,True,Jaccard ≥ threshold,n/a,n/a,n/a
599,auto_pass,True,Jaccard ≥ threshold,n/a,n/a,n/a
600,auto_pass,True,Jaccard ≥ threshold,n/a,n/a,n/a
601,auto_pass,True,Jaccard ≥ threshold,n/a,n/a,n/a
602,auto_pass,True,Jaccard ≥ threshold,n/a,n/a,n/a
604,auto_pass,True,Jaccard ≥ threshold,n/a,n/a,n/a
605,auto_pass,True,Jaccard ≥ threshold,n/a,n/a,n/a
607,auto_pass,True,Jaccard ≥ threshold,n/a,n/a,n/a
609,auto_pass,True,Jaccard ≥ threshold,n/a,n/a,n/a
612,auto_pass,True,Jaccard ≥ threshold,n/a,n/a,n/a
614,auto_pass,True,Jaccard ≥ threshold,n/a,n/a,n/a
615,auto_pass,True,Jaccard ≥ threshold,n/a,n/a,n/a
617,auto_pass,True,Jaccard ≥ threshold,n/a,n/a,n/a
618,auto_pass,True,Jaccard ≥ threshold,n/a,n/a,n/a
619,auto_pass,True,Jaccard ≥ threshold,n/a,n/a,n/a
620,auto_pass,True,Jaccard ≥ threshold,n/a,n/a,n/a
621,auto_pass,True,Jaccard ≥ threshold,n/a,n/a,n/a
624,auto_pass,True,Jaccard ≥ threshold,n/a,n/a,n/a
625,auto_pass,True,Jaccard ≥ threshold,n/a,n/a,n/a
626,auto_pass,True,Jaccard ≥ threshold,n/a,n/a,n/a
627,auto_pass,True,Jaccard ≥ threshold,n/a,n/a,n/a
628,auto_pass,True,Jaccard ≥ threshold,n/a,n/a,n/a
629,auto_pass,True,Jaccard ≥ threshold,n/a,n/a,n/a
631,auto_pass,True,Jaccard ≥ threshold,n/a,n/a,n/a
633,auto_pass,True,Jaccard ≥ threshold,n/a,n/a,n/a
634,auto_pass,True,Jaccard ≥ threshold,n/a,n/a,n/a
637,auto_pass,True,Jaccard ≥ threshold,n/a,n/a,n/a
638,auto_pass,True,Jaccard ≥ threshold,n/a,n/a,n/a
639,auto_pass,True,Jaccard ≥ threshold,n/a,n/a,n/a
641,auto_pass,True,Jaccard ≥ threshold,n/a,n/a,n/a
642,auto_pass,True,Jaccard ≥ threshold,n/a,n/a,n/a
643,auto_pass,True,Jaccard ≥ threshold,n/a,n/a,n/a
646,auto_pass,True,Jaccard ≥ threshold,n/a,n/a,n/a
647,auto_pass,True,Jaccard ≥ threshold,n/a,n/a,n/a
648,auto_pass,True,Jaccard ≥ threshold,n/a,n/a,n/a
649,auto_pass,True,Jaccard ≥ threshold,n/a,n/a,n/a
650,auto_pass,True,Jaccard ≥ threshold,n/a,n/a,n/a
651,auto_pass,True,Jaccard ≥ threshold,n/a,n/a,n/a
652,auto_pass,True,Jaccard ≥ threshold,n/a,n/a,n/a
653,auto_pass,True,Jaccard ≥ threshold,n/a,n/a,n/a
654,auto_pass,True,Jaccard ≥ threshold,n/a,n/a,n/a
655,auto_pass,True,Jaccard ≥ threshold,n/a,n/a,n/a
657,auto_pass,True,Jaccard ≥ threshold,n/a,n/a,n/a
659,auto_pass,True,Jaccard ≥ threshold,n/a,n/a,n/a
660,auto_pass,True,Jaccard ≥ threshold,n/a,n/a,n/a
661,auto_pass,True,Jaccard ≥ threshold,n/a,n/a,n/a
664,auto_pass,True,Jaccard ≥ threshold,n/a,n/a,n/a
665,auto_pass,True,Jaccard ≥ threshold,n/a,n/a,n/a
666,auto_pass,True,Jaccard ≥ threshold,n/a,n/a,n/a
667,auto_pass,True,Jaccard ≥ threshold,n/a,n/a,n/a
668,auto_pass,True,Jaccard ≥ threshold,n/a,n/a,n/a
669,auto_pass,True,Jaccard ≥ threshold,n/a,n/a,n/a
670,auto_pass,True,Jaccard ≥ threshold,n/a,n/a,n/a
671,auto_pass,True,Jaccard ≥ threshold,n/a,n/a,n/a
672,auto_pass,True,Jaccard ≥ threshold,n/a,n/a,n/a
674,auto_pass,True,Jaccard ≥ threshold,n/a,n/a,n/a
675,auto_pass,True,Jaccard ≥ threshold,n/a,n/a,n/a
676,auto_pass,True,Jaccard ≥ threshold,n/a,n/a,n/a
678,auto_pass,True,Jaccard ≥ threshold,n/a,n/a,n/a
679,auto_pass,True,Jaccard ≥ threshold,n/a,n/a,n/a
680,auto_pass,True,Jaccard ≥ threshold,n/a,n/a,n/a
681,auto_pass,True,Jaccard ≥ threshold,n/a,n/a,n/a
682,auto_pass,True,Jaccard ≥ threshold,n/a,n/a,n/a
684,auto_pass,True,Jaccard ≥ threshold,n/a,n/a,n/a
685,auto_pass,True,Jaccard ≥ threshold,n/a,n/a,n/a
687,auto_pass,True,Jaccard ≥ threshold,n/a,n/a,n/a
689,auto_pass,True,Jaccard ≥ threshold,n/a,n/a,n/a
690,auto_pass,True,Jaccard ≥ threshold,n/a,n/a,n/a
692,auto_pass,True,Jaccard ≥ threshold,n/a,n/a,n/a
693,auto_pass,True,Jaccard ≥ threshold,n/a,n/a,n/a
694,auto_pass,True,Jaccard ≥ threshold,n/a,n/a,n/a
695,auto_pass,True,Jaccard ≥ threshold,n/a,n/a,n/a
697,auto_pass,True,Jaccard ≥ threshold,n/a,n/a,n/a
698,auto_pass,True,Jaccard ≥ threshold,n/a,n/a,n/a
699,auto_pass,True,Jaccard ≥ threshold,n/a,n/a,n/a
700,auto_pass,True,Jaccard ≥ threshold,n/a,n/a,n/a
701,auto_pass,True,Jaccard ≥ threshold,n/a,n/a,n/a
702,auto_pass,True,Jaccard ≥ threshold,n/a,n/a,n/a
703,auto_pass,True,Jaccard ≥ threshold,n/a,n/a,n/a
705,auto_pass,True,Jaccard ≥ threshold,n/a,n/a,n/a
707,auto_pass,True,Jaccard ≥ threshold,n/a,n/a,n/a
708,auto_pass,True,Jaccard ≥ threshold,n/a,n/a,n/a
710,auto_pass,True,Jaccard ≥ threshold,n/a,n/a,n/a
711,auto_pass,True,Jaccard ≥ threshold,n/a,n/a,n/a
714,auto_pass,True,Jaccard ≥ threshold,n/a,n/a,n/a
715,auto_pass,True,Jaccard ≥ threshold,n/a,n/a,n/a
716,auto_pass,True,Jaccard ≥ threshold,n/a,n/a,n/a
717,auto_pass,True,Jaccard ≥ threshold,n/a,n/a,n/a
718,auto_pass,True,Jaccard ≥ threshold,n/a,n/a,n/a
719,auto_pass,True,Jaccard ≥ threshold,n/a,n/a,n/a
720,auto_pass,True,Jaccard ≥ threshold,n/a,n/a,n/a
721,auto_pass,True,Jaccard ≥ threshold,n/a,n/a,n/a
723,auto_pass,True,Jaccard ≥ threshold,n/a,n/a,n/a
724,auto_pass,True,Jaccard ≥ threshold,n/a,n/a,n/a
725,auto_pass,True,Jaccard ≥ threshold,n/a,n/a,n/a
726,auto_pass,True,Jaccard ≥ threshold,n/a,n/a,n/a
727,auto_pass,True,Jaccard ≥ threshold,n/a,n/a,n/a
728,auto_pass,True,Jaccard ≥ threshold,n/a,n/a,n/a
729,auto_pass,True,Jaccard ≥ threshold,n/a,n/a,n/a
730,auto_pass,True,Jaccard ≥ threshold,n/a,n/a,n/a
731,auto_pass,True,Jaccard ≥ threshold,n/a,n/a,n/a
733,auto_pass,True,Jaccard ≥ threshold,n/a,n/a,n/a
734,auto_pass,True,Jaccard ≥ threshold,n/a,n/a,n/a
736,auto_pass,True,Jaccard ≥ threshold,n/a,n/a,n/a
737,auto_pass,True,Jaccard ≥ threshold,n/a,n/a,n/a
738,auto_pass,True,Jaccard ≥ threshold,n/a,n/a,n/a
739,auto_pass,True,Jaccard ≥ threshold,n/a,n/a,n/a
741,auto_pass,True,Jaccard ≥ threshold,n/a,n/a,n/a
742,auto_pass,True,Jaccard ≥ threshold,n/a,n/a,n/a
744,auto_pass,True,Jaccard ≥ threshold,n/a,n/a,n/a
745,auto_pass,True,Jaccard ≥ threshold,n/a,n/a,n/a
746,auto_pass,True,Jaccard ≥ threshold,n/a,n/a,n/a
747,auto_pass,True,Jaccard ≥ threshold,n/a,n/a,n/a
748,auto_pass,True,Jaccard ≥ threshold,n/a,n/a,n/a
749,auto_pass,True,Jaccard ≥ threshold,n/a,n/a,n/a
751,auto_pass,True,Jaccard ≥ threshold,n/a,n/a,n/a
754,auto_pass,True,Jaccard ≥ threshold,n/a,n/a,n/a
756,auto_pass,True,Jaccard ≥ threshold,n/a,n/a,n/a
758,auto_pass,True,Jaccard ≥ threshold,n/a,n/a,n/a
762,auto_pass,True,Jaccard ≥ threshold,n/a,n/a,n/a
763,auto_pass,True,Jaccard ≥ threshold,n/a,n/a,n/a
765,auto_pass,True,Jaccard ≥ threshold,n/a,n/a,n/a
767,auto_pass,True,Jaccard ≥ threshold,n/a,n/a,n/a
768,auto_pass,True,Jaccard ≥ threshold,n/a,n/a,n/a
769,auto_pass,True,Jaccard ≥ threshold,n/a,n/a,n/a
771,auto_pass,True,Jaccard ≥ threshold,n/a,n/a,n/a
772,auto_pass,True,Jaccard ≥ threshold,n/a,n/a,n/a
773,auto_pass,True,Jaccard ≥ threshold,n/a,n/a,n/a
774,auto_pass,True,Jaccard ≥ threshold,n/a,n/a,n/a
775,auto_pass,True,Jaccard ≥ threshold,n/a,n/a,n/a
776,auto_pass,True,Jaccard ≥ threshold,n/a,n/a,n/a
777,auto_pass,True,Jaccard ≥ threshold,n/a,n/a,n/a
778,auto_pass,True,Jaccard ≥ threshold,n/a,n/a,n/a
779,auto_pass,True,Jaccard ≥ threshold,n/a,n/a,n/a
780,auto_pass,True,Jaccard ≥ threshold,n/a,n/a,n/a
781,auto_pass,True,Jaccard ≥ threshold,n/a,n/a,n/a
782,auto_pass,True,Jaccard ≥ threshold,n/a,n/a,n/a
783,auto_pass,True,Jaccard ≥ threshold,n/a,n/a,n/a
785,auto_pass,True,Jaccard ≥ threshold,n/a,n/a,n/a
786,auto_pass,True,Jaccard ≥ threshold,n/a,n/a,n/a
787,auto_pass,True,Jaccard ≥ threshold,n/a,n/a,n/a
789,auto_pass,True,Jaccard ≥ threshold,n/a,n/a,n/a
790,auto_pass,True,Jaccard ≥ threshold,n/a,n/a,n/a
791,auto_pass,True,Jaccard ≥ threshold,n/a,n/a,n/a
792,auto_pass,True,Jaccard ≥ threshold,n/a,n/a,n/a
793,auto_pass,True,Jaccard ≥ threshold,n/a,n/a,n/a
794,auto_pass,True,Jaccard ≥ threshold,n/a,n/a,n/a
795,auto_pass,True,Jaccard ≥ threshold,n/a,n/a,n/a
796,auto_pass,True,Jaccard ≥ threshold,n/a,n/a,n/a
798,auto_pass,True,Jaccard ≥ threshold,n/a,n/a,n/a
799,auto_pass,True,Jaccard ≥ threshold,n/a,n/a,n/a
800,auto_pass,True,Jaccard ≥ threshold,n/a,n/a,n/a
801,auto_pass,True,Jaccard ≥ threshold,n/a,n/a,n/a
802,auto_pass,True,Jaccard ≥ threshold,n/a,n/a,n/a
803,auto_pass,True,Jaccard ≥ threshold,n/a,n/a,n/a
804,auto_pass,True,Jaccard ≥ threshold,n/a,n/a,n/a
805,auto_pass,True,Jaccard ≥ threshold,n/a,n/a,n/a
807,auto_pass,True,Jaccard ≥ threshold,n/a,n/a,n/a
809,auto_pass,True,Jaccard ≥ threshold,n/a,n/a,n/a
810,auto_pass,True,Jaccard ≥ threshold,n/a,n/a,n/a
812,auto_pass,True,Jaccard ≥ threshold,n/a,n/a,n/a
813,auto_pass,True,Jaccard ≥ threshold,n/a,n/a,n/a
814,auto_pass,True,Jaccard ≥ threshold,n/a,n/a,n/a
817,auto_pass,True,Jaccard ≥ threshold,n/a,n/a,n/a
819,auto_pass,True,Jaccard ≥ threshold,n/a,n/a,n/a
821,auto_pass,True,Jaccard ≥ threshold,n/a,n/a,n/a
822,auto_pass,True,Jaccard ≥ threshold,n/a,n/a,n/a
823,auto_pass,True,Jaccard ≥ threshold,n/a,n/a,n/a
824,auto_pass,True,Jaccard ≥ threshold,n/a,n/a,n/a
825,auto_pass,True,Jaccard ≥ threshold,n/a,n/a,n/a
826,auto_pass,True,Jaccard ≥ threshold,n/a,n/a,n/a
827,auto_pass,True,Jaccard ≥ threshold,n/a,n/a,n/a
828,auto_pass,True,Jaccard ≥ threshold,n/a,n/a,n/a
829,auto_pass,True,Jaccard ≥ threshold,n/a,n/a,n/a
830,auto_pass,True,Jaccard ≥ threshold,n/a,n/a,n/a
831,auto_pass,True,Jaccard ≥ threshold,n/a,n/a,n/a
832,auto_pass,True,Jaccard ≥ threshold,n/a,n/a,n/a
833,auto_pass,True,Jaccard ≥ threshold,n/a,n/a,n/a
834,auto_pass,True,Jaccard ≥ threshold,n/a,n/a,n/a
835,auto_pass,True,Jaccard ≥ threshold,n/a,n/a,n/a
836,auto_pass,True,Jaccard ≥ threshold,n/a,n/a,n/a
838,auto_pass,True,Jaccard ≥ threshold,n/a,n/a,n/a
840,auto_pass,True,Jaccard ≥ threshold,n/a,n/a,n/a
842,auto_pass,True,Jaccard ≥ threshold,n/a,n/a,n/a
844,auto_pass,True,Jaccard ≥ threshold,n/a,n/a,n/a
845,auto_pass,True,Jaccard ≥ threshold,n/a,n/a,n/a
846,auto_pass,True,Jaccard ≥ threshold,n/a,n/a,n/a
847,auto_pass,True,Jaccard ≥ threshold,n/a,n/a,n/a
848,auto_pass,True,Jaccard ≥ threshold,n/a,n/a,n/a
849,auto_pass,True,Jaccard ≥ threshold,n/a,n/a,n/a
850,auto_pass,True,Jaccard ≥ threshold,n/a,n/a,n/a
851,auto_pass,True,Jaccard ≥ threshold,n/a,n/a,n/a
852,auto_pass,True,Jaccard ≥ threshold,n/a,n/a,n/a
853,auto_pass,True,Jaccard ≥ threshold,n/a,n/a,n/a
855,auto_pass,True,Jaccard ≥ threshold,n/a,n/a,n/a
856,auto_pass,True,Jaccard ≥ threshold,n/a,n/a,n/a
858,auto_pass,True,Jaccard ≥ threshold,n/a,n/a,n/a
859,auto_pass,True,Jaccard ≥ threshold,n/a,n/a,n/a
861,auto_pass,True,Jaccard ≥ threshold,n/a,n/a,n/a
862,auto_pass,True,Jaccard ≥ threshold,n/a,n/a,n/a
864,auto_pass,True,Jaccard ≥ threshold,n/a,n/a,n/a
865,auto_pass,True,Jaccard ≥ threshold,n/a,n/a,n/a
867,auto_pass,True,Jaccard ≥ threshold,n/a,n/a,n/a
868,auto_pass,True,Jaccard ≥ threshold,n/a,n/a,n/a
869,auto_pass,True,Jaccard ≥ threshold,n/a,n/a,n/a
870,auto_pass,True,Jaccard ≥ threshold,n/a,n/a,n/a
871,auto_pass,True,Jaccard ≥ threshold,n/a,n/a,n/a
872,auto_pass,True,Jaccard ≥ threshold,n/a,n/a,n/a
873,auto_pass,True,Jaccard ≥ threshold,n/a,n/a,n/a
875,auto_pass,True,Jaccard ≥ threshold,n/a,n/a,n/a
876,auto_pass,True,Jaccard ≥ threshold,n/a,n/a,n/a
878,auto_pass,True,Jaccard ≥ threshold,n/a,n/a,n/a
879,auto_pass,True,Jaccard ≥ threshold,n/a,n/a,n/a
880,auto_pass,True,Jaccard ≥ threshold,n/a,n/a,n/a
881,auto_pass,True,Jaccard ≥ threshold,n/a,n/a,n/a
884,auto_pass,True,Jaccard ≥ threshold,n/a,n/a,n/a
886,auto_pass,True,Jaccard ≥ threshold,n/a,n/a,n/a
887,auto_pass,True,Jaccard ≥ threshold,n/a,n/a,n/a
888,auto_pass,True,Jaccard ≥ threshold,n/a,n/a,n/a
889,auto_pass,True,Jaccard ≥ threshold,n/a,n/a,n/a
896,auto_pass,True,Jaccard ≥ threshold,n/a,n/a,n/a
897,auto_pass,True,Jaccard ≥ threshold,n/a,n/a,n/a
899,auto_pass,True,Jaccard ≥ threshold,n/a,n/a,n/a
900,auto_pass,True,Jaccard ≥ threshold,n/a,n/a,n/a
901,auto_pass,True,Jaccard ≥ threshold,n/a,n/a,n/a
902,auto_pass,True,Jaccard ≥ threshold,n/a,n/a,n/a
903,auto_pass,True,Jaccard ≥ threshold,n/a,n/a,n/a
905,auto_pass,True,Jaccard ≥ threshold,n/a,n/a,n/a
906,auto_pass,True,Jaccard ≥ threshold,n/a,n/a,n/a
907,auto_pass,True,Jaccard ≥ threshold,n/a,n/a,n/a
909,auto_pass,True,Jaccard ≥ threshold,n/a,n/a,n/a
910,auto_pass,True,Jaccard ≥ threshold,n/a,n/a,n/a
912,auto_pass,True,Jaccard ≥ threshold,n/a,n/a,n/a
913,auto_pass,True,Jaccard ≥ threshold,n/a,n/a,n/a
915,auto_pass,True,Jaccard ≥ threshold,n/a,n/a,n/a
916,auto_pass,True,Jaccard ≥ threshold,n/a,n/a,n/a
919,auto_pass,True,Jaccard ≥ threshold,n/a,n/a,n/a
920,auto_pass,True,Jaccard ≥ threshold,n/a,n/a,n/a
921,auto_pass,True,Jaccard ≥ threshold,n/a,n/a,n/a
922,auto_pass,True,Jaccard ≥ threshold,n/a,n/a,n/a
923,auto_pass,True,Jaccard ≥ threshold,n/a,n/a,n/a
925,auto_pass,True,Jaccard ≥ threshold,n/a,n/a,n/a
926,auto_pass,True,Jaccard ≥ threshold,n/a,n/a,n/a
927,auto_pass,True,Jaccard ≥ threshold,n/a,n/a,n/a
928,auto_pass,True,Jaccard ≥ threshold,n/a,n/a,n/a
929,auto_pass,True,Jaccard ≥ threshold,n/a,n/a,n/a
930,auto_pass,True,Jaccard ≥ threshold,n/a,n/a,n/a
933,auto_pass,True,Jaccard ≥ threshold,n/a,n/a,n/a
934,auto_pass,True,Jaccard ≥ threshold,n/a,n/a,n/a
936,auto_pass,True,Jaccard ≥ threshold,n/a,n/a,n/a
937,auto_pass,True,Jaccard ≥ threshold,n/a,n/a,n/a
938,auto_pass,True,Jaccard ≥ threshold,n/a,n/a,n/a
939,auto_pass,True,Jaccard ≥ threshold,n/a,n/a,n/a
941,auto_pass,True,Jaccard ≥ threshold,n/a,n/a,n/a
942,auto_pass,True,Jaccard ≥ threshold,n/a,n/a,n/a
943,auto_pass,True,Jaccard ≥ threshold,n/a,n/a,n/a
945,auto_pass,True,Jaccard ≥ threshold,n/a,n/a,n/a
946,auto_pass,True,Jaccard ≥ threshold,n/a,n/a,n/a
947,auto_pass,True,Jaccard ≥ threshold,n/a,n/a,n/a
948,auto_pass,True,Jaccard ≥ threshold,n/a,n/a,n/a
949,auto_pass,True,Jaccard ≥ threshold,n/a,n/a,n/a
951,auto_pass,True,Jaccard ≥ threshold,n/a,n/a,n/a
953,auto_pass,True,Jaccard ≥ threshold,n/a,n/a,n/a
956,auto_pass,True,Jaccard ≥ threshold,n/a,n/a,n/a
957,auto_pass,True,Jaccard ≥ threshold,n/a,n/a,n/a
958,auto_pass,True,Jaccard ≥ threshold,n/a,n/a,n/a
959,auto_pass,True,Jaccard ≥ threshold,n/a,n/a,n/a
960,auto_pass,True,Jaccard ≥ threshold,n/a,n/a,n/a
961,auto_pass,True,Jaccard ≥ threshold,n/a,n/a,n/a
963,auto_pass,True,Jaccard ≥ threshold,n/a,n/a,n/a
964,auto_pass,True,Jaccard ≥ threshold,n/a,n/a,n/a
966,auto_pass,True,Jaccard ≥ threshold,n/a,n/a,n/a
967,auto_pass,True,Jaccard ≥ threshold,n/a,n/a,n/a
968,auto_pass,True,Jaccard ≥ threshold,n/a,n/a,n/a
969,auto_pass,True,Jaccard ≥ threshold,n/a,n/a,n/a
970,auto_pass,True,Jaccard ≥ threshold,n/a,n/a,n/a
972,auto_pass,True,Jaccard ≥ threshold,n/a,n/a,n/a
973,auto_pass,True,Jaccard ≥ threshold,n/a,n/a,n/a
974,auto_pass,True,Jaccard ≥ threshold,n/a,n/a,n/a
975,auto_pass,True,Jaccard ≥ threshold,n/a,n/a,n/a
976,auto_pass,True,Jaccard ≥ threshold,n/a,n/a,n/a
977,auto_pass,True,Jaccard ≥ threshold,n/a,n/a,n/a
979,auto_pass,True,Jaccard ≥ threshold,n/a,n/a,n/a
980,auto_pass,True,Jaccard ≥ threshold,n/a,n/a,n/a
981,auto_pass,True,Jaccard ≥ threshold,n/a,n/a,n/a
983,auto_pass,True,Jaccard ≥ threshold,n/a,n/a,n/a
984,auto_pass,True,Jaccard ≥ threshold,n/a,n/a,n/a
986,auto_pass,True,Jaccard ≥ threshold,n/a,n/a,n/a
988,auto_pass,True,Jaccard ≥ threshold,n/a,n/a,n/a
989,auto_pass,True,Jaccard ≥ threshold,n/a,n/a,n/a
990,auto_pass,True,Jaccard ≥ threshold,n/a,n/a,n/a
991,auto_pass,True,Jaccard ≥ threshold,n/a,n/a,n/a
992,auto_pass,True,Jaccard ≥ threshold,n/a,n/a,n/a
993,auto_pass,True,Jaccard ≥ threshold,n/a,n/a,n/a
996,auto_pass,True,Jaccard ≥ threshold,n/a,n/a,n/a
998,auto_pass,True,Jaccard ≥ threshold,n/a,n/a,n/a
999,auto_pass,True,Jaccard ≥ threshold,n/a,n/a,n/a
1001,auto_pass,True,Jaccard ≥ threshold,n/a,n/a,n/a
1003,auto_pass,True,Jaccard ≥ threshold,n/a,n/a,n/a
1006,auto_pass,True,Jaccard ≥ threshold,n/a,n/a,n/a
1007,auto_pass,True,Jaccard ≥ threshold,n/a,n/a,n/a
1012,auto_pass,True,Jaccard ≥ threshold,n/a,n/a,n/a
1014,auto_pass,True,Jaccard ≥ threshold,n/a,n/a,n/a
1015,auto_pass,True,Jaccard ≥ threshold,n/a,n/a,n/a
1016,auto_pass,True,Jaccard ≥ threshold,n/a,n/a,n/a
1017,auto_pass,True,Jaccard ≥ threshold,n/a,n/a,n/a
1020,auto_pass,True,Jaccard ≥ threshold,n/a,n/a,n/a
1021,auto_pass,True,Jaccard ≥ threshold,n/a,n/a,n/a
1022,auto_pass,True,Jaccard ≥ threshold,n/a,n/a,n/a
1023,auto_pass,True,Jaccard ≥ threshold,n/a,n/a,n/a
1024,auto_pass,True,Jaccard ≥ threshold,n/a,n/a,n/a
1025,auto_pass,True,Jaccard ≥ threshold,n/a,n/a,n/a
1026,auto_pass,True,Jaccard ≥ threshold,n/a,n/a,n/a
1027,auto_pass,True,Jaccard ≥ threshold,n/a,n/a,n/a
1028,auto_pass,True,Jaccard ≥ threshold,n/a,n/a,n/a
1029,auto_pass,True,Jaccard ≥ threshold,n/a,n/a,n/a
1030,auto_pass,True,Jaccard ≥ threshold,n/a,n/a,n/a
1032,auto_pass,True,Jaccard ≥ threshold,n/a,n/a,n/a
1034,auto_pass,True,Jaccard ≥ threshold,n/a,n/a,n/a
1035,auto_pass,True,Jaccard ≥ threshold,n/a,n/a,n/a
1036,auto_pass,True,Jaccard ≥ threshold,n/a,n/a,n/a
1037,auto_pass,True,Jaccard ≥ threshold,n/a,n/a,n/a
1038,auto_pass,True,Jaccard ≥ threshold,n/a,n/a,n/a
1039,auto_pass,True,Jaccard ≥ threshold,n/a,n/a,n/a
1040,auto_pass,True,Jaccard ≥ threshold,n/a,n/a,n/a
1041,auto_pass,True,Jaccard ≥ threshold,n/a,n/a,n/a
1042,auto_pass,True,Jaccard ≥ threshold,n/a,n/a,n/a
1043,auto_pass,True,Jaccard ≥ threshold,n/a,n/a,n/a
1044,auto_pass,True,Jaccard ≥ threshold,n/a,n/a,n/a
1047,auto_pass,True,Jaccard ≥ threshold,n/a,n/a,n/a
1048,auto_pass,True,Jaccard ≥ threshold,n/a,n/a,n/a
1050,auto_pass,True,Jaccard ≥ threshold,n/a,n/a,n/a
1051,auto_pass,True,Jaccard ≥ threshold,n/a,n/a,n/a
1053,auto_pass,True,Jaccard ≥ threshold,n/a,n/a,n/a
1056,auto_pass,True,Jaccard ≥ threshold,n/a,n/a,n/a
1060,auto_pass,True,Jaccard ≥ threshold,n/a,n/a,n/a
1061,auto_pass,True,Jaccard ≥ threshold,n/a,n/a,n/a
1063,auto_pass,True,Jaccard ≥ threshold,n/a,n/a,n/a
1065,auto_pass,True,Jaccard ≥ threshold,n/a,n/a,n/a
1067,auto_pass,True,Jaccard ≥ threshold,n/a,n/a,n/a
1069,auto_pass,True,Jaccard ≥ threshold,n/a,n/a,n/a
1070,auto_pass,True,Jaccard ≥ threshold,n/a,n/a,n/a
1071,auto_pass,True,Jaccard ≥ threshold,n/a,n/a,n/a
1074,auto_pass,True,Jaccard ≥ threshold,n/a,n/a,n/a
1075,auto_pass,True,Jaccard ≥ threshold,n/a,n/a,n/a
1076,auto_pass,True,Jaccard ≥ threshold,n/a,n/a,n/a
1078,auto_pass,True,Jaccard ≥ threshold,n/a,n/a,n/a
1080,auto_pass,True,Jaccard ≥ threshold,n/a,n/a,n/a
1083,auto_pass,True,Jaccard ≥ threshold,n/a,n/a,n/a
1084,auto_pass,True,Jaccard ≥ threshold,n/a,n/a,n/a
1085,auto_pass,True,Jaccard ≥ threshold,n/a,n/a,n/a
1086,auto_pass,True,Jaccard ≥ threshold,n/a,n/a,n/a
1089,auto_pass,True,Jaccard ≥ threshold,n/a,n/a,n/a
1090,auto_pass,True,Jaccard ≥ threshold,n/a,n/a,n/a
1091,auto_pass,True,Jaccard ≥ threshold,n/a,n/a,n/a
1092,auto_pass,True,Jaccard ≥ threshold,n/a,n/a,n/a
1093,auto_pass,True,Jaccard ≥ threshold,n/a,n/a,n/a
1094,auto_pass,True,Jaccard ≥ threshold,n/a,n/a,n/a
1095,auto_pass,True,Jaccard ≥ threshold,n/a,n/a,n/a
1096,auto_pass,True,Jaccard ≥ threshold,n/a,n/a,n/a
1097,auto_pass,True,Jaccard ≥ threshold,n/a,n/a,n/a
1098,auto_pass,True,Jaccard ≥ threshold,n/a,n/a,n/a
1099,auto_pass,True,Jaccard ≥ threshold,n/a,n/a,n/a
1105,auto_pass,True,Jaccard ≥ threshold,n/a,n/a,n/a
1107,auto_pass,True,Jaccard ≥ threshold,n/a,n/a,n/a
1111,auto_pass,True,Jaccard ≥ threshold,n/a,n/a,n/a
1112,auto_pass,True,Jaccard ≥ threshold,n/a,n/a,n/a
1113,auto_pass,True,Jaccard ≥ threshold,n/a,n/a,n/a
1115,auto_pass,True,Jaccard ≥ threshold,n/a,n/a,n/a
1116,auto_pass,True,Jaccard ≥ threshold,n/a,n/a,n/a
1118,auto_pass,True,Jaccard ≥ threshold,n/a,n/a,n/a
1119,auto_pass,True,Jaccard ≥ threshold,n/a,n/a,n/a
1120,auto_pass,True,Jaccard ≥ threshold,n/a,n/a,n/a
1121,auto_pass,True,Jaccard ≥ threshold,n/a,n/a,n/a
1122,auto_pass,True,Jaccard ≥ threshold,n/a,n/a,n/a
1123,auto_pass,True,Jaccard ≥ threshold,n/a,n/a,n/a
1124,auto_pass,True,Jaccard ≥ threshold,n/a,n/a,n/a
1125,auto_pass,True,Jaccard ≥ threshold,n/a,n/a,n/a
1127,auto_pass,True,Jaccard ≥ threshold,n/a,n/a,n/a
1129,auto_pass,True,Jaccard ≥ threshold,n/a,n/a,n/a
1130,auto_pass,True,Jaccard ≥ threshold,n/a,n/a,n/a
1131,auto_pass,True,Jaccard ≥ threshold,n/a,n/a,n/a
1133,auto_pass,True,Jaccard ≥ threshold,n/a,n/a,n/a
1134,auto_pass,True,Jaccard ≥ threshold,n/a,n/a,n/a
1135,auto_pass,True,Jaccard ≥ threshold,n/a,n/a,n/a
1136,auto_pass,True,Jaccard ≥ threshold,n/a,n/a,n/a
1138,auto_pass,True,Jaccard ≥ threshold,n/a,n/a,n/a
1139,auto_pass,True,Jaccard ≥ threshold,n/a,n/a,n/a
1140,auto_pass,True,Jaccard ≥ threshold,n/a,n/a,n/a
1141,auto_pass,True,Jaccard ≥ threshold,n/a,n/a,n/a
1142,auto_pass,True,Jaccard ≥ threshold,n/a,n/a,n/a
1143,auto_pass,True,Jaccard ≥ threshold,n/a,n/a,n/a
1144,auto_pass,True,Jaccard ≥ threshold,n/a,n/a,n/a
1145,auto_pass,True,Jaccard ≥ threshold,n/a,n/a,n/a
1146,auto_pass,True,Jaccard ≥ threshold,n/a,n/a,n/a
1147,auto_pass,True,Jaccard ≥ threshold,n/a,n/a,n/a
1148,auto_pass,True,Jaccard ≥ threshold,n/a,n/a,n/a
1149,auto_pass,True,Jaccard ≥ threshold,n/a,n/a,n/a
1150,auto_pass,True,Jaccard ≥ threshold,n/a,n/a,n/a
1151,auto_pass,True,Jaccard ≥ threshold,n/a,n/a,n/a
1152,auto_pass,True,Jaccard ≥ threshold,n/a,n/a,n/a
1153,auto_pass,True,Jaccard ≥ threshold,n/a,n/a,n/a
1154,auto_pass,True,Jaccard ≥ threshold,n/a,n/a,n/a
1155,auto_pass,True,Jaccard ≥ threshold,n/a,n/a,n/a
1156,auto_pass,True,Jaccard ≥ threshold,n/a,n/a,n/a
1159,auto_pass,True,Jaccard ≥ threshold,n/a,n/a,n/a
1160,auto_pass,True,Jaccard ≥ threshold,n/a,n/a,n/a
1162,auto_pass,True,Jaccard ≥ threshold,n/a,n/a,n/a
1163,auto_pass,True,Jaccard ≥ threshold,n/a,n/a,n/a
1164,auto_pass,True,Jaccard ≥ threshold,n/a,n/a,n/a
1165,auto_pass,True,Jaccard ≥ threshold,n/a,n/a,n/a
1166,auto_pass,True,Jaccard ≥ threshold,n/a,n/a,n/a
1167,auto_pass,True,Jaccard ≥ threshold,n/a,n/a,n/a
1168,auto_pass,True,Jaccard ≥ threshold,n/a,n/a,n/a
1169,auto_pass,True,Jaccard ≥ threshold,n/a,n/a,n/a
1172,auto_pass,True,Jaccard ≥ threshold,n/a,n/a,n/a
1173,auto_pass,True,Jaccard ≥ threshold,n/a,n/a,n/a
1174,auto_pass,True,Jaccard ≥ threshold,n/a,n/a,n/a
1175,auto_pass,True,Jaccard ≥ threshold,n/a,n/a,n/a
1176,auto_pass,True,Jaccard ≥ threshold,n/a,n/a,n/a
1177,auto_pass,True,Jaccard ≥ threshold,n/a,n/a,n/a
1178,auto_pass,True,Jaccard ≥ threshold,n/a,n/a,n/a
1180,auto_pass,True,Jaccard ≥ threshold,n/a,n/a,n/a
1181,auto_pass,True,Jaccard ≥ threshold,n/a,n/a,n/a
1184,auto_pass,True,Jaccard ≥ threshold,n/a,n/a,n/a
1185,auto_pass,True,Jaccard ≥ threshold,n/a,n/a,n/a
1186,auto_pass,True,Jaccard ≥ threshold,n/a,n/a,n/a
1187,auto_pass,True,Jaccard ≥ threshold,n/a,n/a,n/a
1188,auto_pass,True,Jaccard ≥ threshold,n/a,n/a,n/a
1190,auto_pass,True,Jaccard ≥ threshold,n/a,n/a,n/a
1191,auto_pass,True,Jaccard ≥ threshold,n/a,n/a,n/a
1192,auto_pass,True,Jaccard ≥ threshold,n/a,n/a,n/a
1193,auto_pass,True,Jaccard ≥ threshold,n/a,n/a,n/a
1194,auto_pass,True,Jaccard ≥ threshold,n/a,n/a,n/a
1195,auto_pass,True,Jaccard ≥ threshold,n/a,n/a,n/a
1196,auto_pass,True,Jaccard ≥ threshold,n/a,n/a,n/a
1198,auto_pass,True,Jaccard ≥ threshold,n/a,n/a,n/a
1199,auto_pass,True,Jaccard ≥ threshold,n/a,n/a,n/a
1200,auto_pass,True,Jaccard ≥ threshold,n/a,n/a,n/a
1202,auto_pass,True,Jaccard ≥ threshold,n/a,n/a,n/a
1203,auto_pass,True,Jaccard ≥ threshold,n/a,n/a,n/a
1204,auto_pass,True,Jaccard ≥ threshold,n/a,n/a,n/a
1205,auto_pass,True,Jaccard ≥ threshold,n/a,n/a,n/a
1206,auto_pass,True,Jaccard ≥ threshold,n/a,n/a,n/a
1207,auto_pass,True,Jaccard ≥ threshold,n/a,n/a,n/a
1208,auto_pass,True,Jaccard ≥ threshold,n/a,n/a,n/a
1209,auto_pass,True,Jaccard ≥ threshold,n/a,n/a,n/a
1210,auto_pass,True,Jaccard ≥ threshold,n/a,n/a,n/a
1212,auto_pass,True,Jaccard ≥ threshold,n/a,n/a,n/a
1213,auto_pass,True,Jaccard ≥ threshold,n/a,n/a,n/a
1214,auto_pass,True,Jaccard ≥ threshold,n/a,n/a,n/a
1215,auto_pass,True,Jaccard ≥ threshold,n/a,n/a,n/a
1216,auto_pass,True,Jaccard ≥ threshold,n/a,n/a,n/a
1217,auto_pass,True,Jaccard ≥ threshold,n/a,n/a,n/a
1219,auto_pass,True,Jaccard ≥ threshold,n/a,n/a,n/a
1220,auto_pass,True,Jaccard ≥ threshold,n/a,n/a,n/a
1222,auto_pass,True,Jaccard ≥ threshold,n/a,n/a,n/a
1224,auto_pass,True,Jaccard ≥ threshold,n/a,n/a,n/a
1225,auto_pass,True,Jaccard ≥ threshold,n/a,n/a,n/a
1226,auto_pass,True,Jaccard ≥ threshold,n/a,n/a,n/a
1228,auto_pass,True,Jaccard ≥ threshold,n/a,n/a,n/a
1229,auto_pass,True,Jaccard ≥ threshold,n/a,n/a,n/a
1230,auto_pass,True,Jaccard ≥ threshold,n/a,n/a,n/a
1231,auto_pass,True,Jaccard ≥ threshold,n/a,n/a,n/a
1233,auto_pass,True,Jaccard ≥ threshold,n/a,n/a,n/a
1235,auto_pass,True,Jaccard ≥ threshold,n/a,n/a,n/a
1236,auto_pass,True,Jaccard ≥ threshold,n/a,n/a,n/a
1237,auto_pass,True,Jaccard ≥ threshold,n/a,n/a,n/a
1238,auto_pass,True,Jaccard ≥ threshold,n/a,n/a,n/a
1240,auto_pass,True,Jaccard ≥ threshold,n/a,n/a,n/a
1241,auto_pass,True,Jaccard ≥ threshold,n/a,n/a,n/a
1242,auto_pass,True,Jaccard ≥ threshold,n/a,n/a,n/a
1243,auto_pass,True,Jaccard ≥ threshold,n/a,n/a,n/a
1244,auto_pass,True,Jaccard ≥ threshold,n/a,n/a,n/a
1245,auto_pass,True,Jaccard ≥ threshold,n/a,n/a,n/a
1246,auto_pass,True,Jaccard ≥ threshold,n/a,n/a,n/a
1247,auto_pass,True,Jaccard ≥ threshold,n/a,n/a,n/a
1249,auto_pass,True,Jaccard ≥ threshold,n/a,n/a,n/a
1250,auto_pass,True,Jaccard ≥ threshold,n/a,n/a,n/a
1252,auto_pass,True,Jaccard ≥ threshold,n/a,n/a,n/a
1253,auto_pass,True,Jaccard ≥ threshold,n/a,n/a,n/a
1255,auto_pass,True,Jaccard ≥ threshold,n/a,n/a,n/a
1256,auto_pass,True,Jaccard ≥ threshold,n/a,n/a,n/a
1258,auto_pass,True,Jaccard ≥ threshold,n/a,n/a,n/a
1260,auto_pass,True,Jaccard ≥ threshold,n/a,n/a,n/a
1261,auto_pass,True,Jaccard ≥ threshold,n/a,n/a,n/a
1262,auto_pass,True,Jaccard ≥ threshold,n/a,n/a,n/a
1264,auto_pass,True,Jaccard ≥ threshold,n/a,n/a,n/a
1265,auto_pass,True,Jaccard ≥ threshold,n/a,n/a,n/a
1267,auto_pass,True,Jaccard ≥ threshold,n/a,n/a,n/a
1269,auto_pass,True,Jaccard ≥ threshold,n/a,n/a,n/a
1270,auto_pass,True,Jaccard ≥ threshold,n/a,n/a,n/a
1271,auto_pass,True,Jaccard ≥ threshold,n/a,n/a,n/a
1274,auto_pass,True,Jaccard ≥ threshold,n/a,n/a,n/a
1275,auto_pass,True,Jaccard ≥ threshold,n/a,n/a,n/a
1277,auto_pass,True,Jaccard ≥ threshold,n/a,n/a,n/a
1278,auto_pass,True,Jaccard ≥ threshold,n/a,n/a,n/a
1279,auto_pass,True,Jaccard ≥ threshold,n/a,n/a,n/a
1280,auto_pass,True,Jaccard ≥ threshold,n/a,n/a,n/a
1281,auto_pass,True,Jaccard ≥ threshold,n/a,n/a,n/a
1282,auto_pass,True,Jaccard ≥ threshold,n/a,n/a,n/a
1283,auto_pass,True,Jaccard ≥ threshold,n/a,n/a,n/a
1284,auto_pass,True,Jaccard ≥ threshold,n/a,n/a,n/a
1285,auto_pass,True,Jaccard ≥ threshold,n/a,n/a,n/a
1286,auto_pass,True,Jaccard ≥ threshold,n/a,n/a,n/a
1287,auto_pass,True,Jaccard ≥ threshold,n/a,n/a,n/a
1288,auto_pass,True,Jaccard ≥ threshold,n/a,n/a,n/a
1289,auto_pass,True,Jaccard ≥ threshold,n/a,n/a,n/a
1290,auto_pass,True,Jaccard ≥ threshold,n/a,n/a,n/a
1291,auto_pass,True,Jaccard ≥ threshold,n/a,n/a,n/a
1292,auto_pass,True,Jaccard ≥ threshold,n/a,n/a,n/a
1293,auto_pass,True,Jaccard ≥ threshold,n/a,n/a,n/a
1294,auto_pass,True,Jaccard ≥ threshold,n/a,n/a,n/a
1296,auto_pass,True,Jaccard ≥ threshold,n/a,n/a,n/a
1297,auto_pass,True,Jaccard ≥ threshold,n/a,n/a,n/a
1298,auto_pass,True,Jaccard ≥ threshold,n/a,n/a,n/a
1299,auto_pass,True,Jaccard ≥ threshold,n/a,n/a,n/a
1300,auto_pass,True,Jaccard ≥ threshold,n/a,n/a,n/a
1301,auto_pass,True,Jaccard ≥ threshold,n/a,n/a,n/a
1302,auto_pass,True,Jaccard ≥ threshold,n/a,n/a,n/a
1303,auto_pass,True,Jaccard ≥ threshold,n/a,n/a,n/a
1304,auto_pass,True,Jaccard ≥ threshold,n/a,n/a,n/a
1305,auto_pass,True,Jaccard ≥ threshold,n/a,n/a,n/a
1307,auto_pass,True,Jaccard ≥ threshold,n/a,n/a,n/a
1309,auto_pass,True,Jaccard ≥ threshold,n/a,n/a,n/a
1310,auto_pass,True,Jaccard ≥ threshold,n/a,n/a,n/a
1311,auto_pass,True,Jaccard ≥ threshold,n/a,n/a,n/a
1313,auto_pass,True,Jaccard ≥ threshold,n/a,n/a,n/a
1314,auto_pass,True,Jaccard ≥ threshold,n/a,n/a,n/a
1315,auto_pass,True,Jaccard ≥ threshold,n/a,n/a,n/a
1316,auto_pass,True,Jaccard ≥ threshold,n/a,n/a,n/a
1318,auto_pass,True,Jaccard ≥ threshold,n/a,n/a,n/a
1320,auto_pass,True,Jaccard ≥ threshold,n/a,n/a,n/a
1321,auto_pass,True,Jaccard ≥ threshold,n/a,n/a,n/a
1323,auto_pass,True,Jaccard ≥ threshold,n/a,n/a,n/a
1324,auto_pass,True,Jaccard ≥ threshold,n/a,n/a,n/a
1325,auto_pass,True,Jaccard ≥ threshold,n/a,n/a,n/a
1326,auto_pass,True,Jaccard ≥ threshold,n/a,n/a,n/a
1328,auto_pass,True,Jaccard ≥ threshold,n/a,n/a,n/a
1329,auto_pass,True,Jaccard ≥ threshold,n/a,n/a,n/a
1330,auto_pass,True,Jaccard ≥ threshold,n/a,n/a,n/a
1331,auto_pass,True,Jaccard ≥ threshold,n/a,n/a,n/a
1332,auto_pass,True,Jaccard ≥ threshold,n/a,n/a,n/a
1333,auto_pass,True,Jaccard ≥ threshold,n/a,n/a,n/a
1334,auto_pass,True,Jaccard ≥ threshold,n/a,n/a,n/a
1335,auto_pass,True,Jaccard ≥ threshold,n/a,n/a,n/a
1336,auto_pass,True,Jaccard ≥ threshold,n/a,n/a,n/a
1337,auto_pass,True,Jaccard ≥ threshold,n/a,n/a,n/a
1338,auto_pass,True,Jaccard ≥ threshold,n/a,n/a,n/a
1339,auto_pass,True,Jaccard ≥ threshold,n/a,n/a,n/a
1340,auto_pass,True,Jaccard ≥ threshold,n/a,n/a,n/a
1343,auto_pass,True,Jaccard ≥ threshold,n/a,n/a,n/a
1344,auto_pass,True,Jaccard ≥ threshold,n/a,n/a,n/a
1345,auto_pass,True,Jaccard ≥ threshold,n/a,n/a,n/a
1346,auto_pass,True,Jaccard ≥ threshold,n/a,n/a,n/a
1349,auto_pass,True,Jaccard ≥ threshold,n/a,n/a,n/a
1350,auto_pass,True,Jaccard ≥ threshold,n/a,n/a,n/a
1351,auto_pass,True,Jaccard ≥ threshold,n/a,n/a,n/a
1352,auto_pass,True,Jaccard ≥ threshold,n/a,n/a,n/a
1353,auto_pass,True,Jaccard ≥ threshold,n/a,n/a,n/a
1354,auto_pass,True,Jaccard ≥ threshold,n/a,n/a,n/a
1355,auto_pass,True,Jaccard ≥ threshold,n/a,n/a,n/a
1356,auto_pass,True,Jaccard ≥ threshold,n/a,n/a,n/a
1362,auto_pass,True,Jaccard ≥ threshold,n/a,n/a,n/a
1363,auto_pass,True,Jaccard ≥ threshold,n/a,n/a,n/a
1365,auto_pass,True,Jaccard ≥ threshold,n/a,n/a,n/a
1366,auto_pass,True,Jaccard ≥ threshold,n/a,n/a,n/a
1369,auto_pass,True,Jaccard ≥ threshold,n/a,n/a,n/a
1370,auto_pass,True,Jaccard ≥ threshold,n/a,n/a,n/a
1372,auto_pass,True,Jaccard ≥ threshold,n/a,n/a,n/a
1373,auto_pass,True,Jaccard ≥ threshold,n/a,n/a,n/a
1374,auto_pass,True,Jaccard ≥ threshold,n/a,n/a,n/a
1375,auto_pass,True,Jaccard ≥ threshold,n/a,n/a,n/a
1376,auto_pass,True,Jaccard ≥ threshold,n/a,n/a,n/a
1377,auto_pass,True,Jaccard ≥ threshold,n/a,n/a,n/a
1378,auto_pass,True,Jaccard ≥ threshold,n/a,n/a,n/a
1379,auto_pass,True,Jaccard ≥ threshold,n/a,n/a,n/a
1380,auto_pass,True,Jaccard ≥ threshold,n/a,n/a,n/a
1384,auto_pass,True,Jaccard ≥ threshold,n/a,n/a,n/a
1385,auto_pass,True,Jaccard ≥ threshold,n/a,n/a,n/a
1386,auto_pass,True,Jaccard ≥ threshold,n/a,n/a,n/a
1389,auto_pass,True,Jaccard ≥ threshold,n/a,n/a,n/a
1393,auto_pass,True,Jaccard ≥ threshold,n/a,n/a,n/a
1394,auto_pass,True,Jaccard ≥ threshold,n/a,n/a,n/a
1395,auto_pass,True,Jaccard ≥ threshold,n/a,n/a,n/a
1396,auto_pass,True,Jaccard ≥ threshold,n/a,n/a,n/a
1398,auto_pass,True,Jaccard ≥ threshold,n/a,n/a,n/a
1399,auto_pass,True,Jaccard ≥ threshold,n/a,n/a,n/a
1400,auto_pass,True,Jaccard ≥ threshold,n/a,n/a,n/a
1401,auto_pass,True,Jaccard ≥ threshold,n/a,n/a,n/a
1402,auto_pass,True,Jaccard ≥ threshold,n/a,n/a,n/a
1403,auto_pass,True,Jaccard ≥ threshold,n/a,n/a,n/a
1404,auto_pass,True,Jaccard ≥ threshold,n/a,n/a,n/a
1406,auto_pass,True,Jaccard ≥ threshold,n/a,n/a,n/a
1410,auto_pass,True,Jaccard ≥ threshold,n/a,n/a,n/a
1411,auto_pass,True,Jaccard ≥ threshold,n/a,n/a,n/a
1412,auto_pass,True,Jaccard ≥ threshold,n/a,n/a,n/a
1413,auto_pass,True,Jaccard ≥ threshold,n/a,n/a,n/a
1414,auto_pass,True,Jaccard ≥ threshold,n/a,n/a,n/a
1415,auto_pass,True,Jaccard ≥ threshold,n/a,n/a,n/a
1416,auto_pass,True,Jaccard ≥ threshold,n/a,n/a,n/a
1417,auto_pass,True,Jaccard ≥ threshold,n/a,n/a,n/a
1418,auto_pass,True,Jaccard ≥ threshold,n/a,n/a,n/a
1420,auto_pass,True,Jaccard ≥ threshold,n/a,n/a,n/a
1422,auto_pass,True,Jaccard ≥ threshold,n/a,n/a,n/a
1426,auto_pass,True,Jaccard ≥ threshold,n/a,n/a,n/a
1428,auto_pass,True,Jaccard ≥ threshold,n/a,n/a,n/a
1429,auto_pass,True,Jaccard ≥ threshold,n/a,n/a,n/a
1430,auto_pass,True,Jaccard ≥ threshold,n/a,n/a,n/a
1432,auto_pass,True,Jaccard ≥ threshold,n/a,n/a,n/a
1433,auto_pass,True,Jaccard ≥ threshold,n/a,n/a,n/a
1434,auto_pass,True,Jaccard ≥ threshold,n/a,n/a,n/a
1435,auto_pass,True,Jaccard ≥ threshold,n/a,n/a,n/a
1436,auto_pass,True,Jaccard ≥ threshold,n/a,n/a,n/a
1437,auto_pass,True,Jaccard ≥ threshold,n/a,n/a,n/a
1438,auto_pass,True,Jaccard ≥ threshold,n/a,n/a,n/a
1440,auto_pass,True,Jaccard ≥ threshold,n/a,n/a,n/a
1441,auto_pass,True,Jaccard ≥ threshold,n/a,n/a,n/a
1442,auto_pass,True,Jaccard ≥ threshold,n/a,n/a,n/a
1443,auto_pass,True,Jaccard ≥ threshold,n/a,n/a,n/a
1444,auto_pass,True,Jaccard ≥ threshold,n/a,n/a,n/a
1446,auto_pass,True,Jaccard ≥ threshold,n/a,n/a,n/a
1447,auto_pass,True,Jaccard ≥ threshold,n/a,n/a,n/a
1449,auto_pass,True,Jaccard ≥ threshold,n/a,n/a,n/a
1450,auto_pass,True,Jaccard ≥ threshold,n/a,n/a,n/a
1451,auto_pass,True,Jaccard ≥ threshold,n/a,n/a,n/a
1452,auto_pass,True,Jaccard ≥ threshold,n/a,n/a,n/a
1453,auto_pass,True,Jaccard ≥ threshold,n/a,n/a,n/a
1457,auto_pass,True,Jaccard ≥ threshold,n/a,n/a,n/a
1458,auto_pass,True,Jaccard ≥ threshold,n/a,n/a,n/a
1459,auto_pass,True,Jaccard ≥ threshold,n/a,n/a,n/a
1461,auto_pass,True,Jaccard ≥ threshold,n/a,n/a,n/a
1462,auto_pass,True,Jaccard ≥ threshold,n/a,n/a,n/a
1463,auto_pass,True,Jaccard ≥ threshold,n/a,n/a,n/a
1464,auto_pass,True,Jaccard ≥ threshold,n/a,n/a,n/a
1465,auto_pass,True,Jaccard ≥ threshold,n/a,n/a,n/a
1467,auto_pass,True,Jaccard ≥ threshold,n/a,n/a,n/a
1468,auto_pass,True,Jaccard ≥ threshold,n/a,n/a,n/a
1470,auto_pass,True,Jaccard ≥ threshold,n/a,n/a,n/a
1474,auto_pass,True,Jaccard ≥ threshold,n/a,n/a,n/a
1476,auto_pass,True,Jaccard ≥ threshold,n/a,n/a,n/a
1477,auto_pass,True,Jaccard ≥ threshold,n/a,n/a,n/a
1478,auto_pass,True,Jaccard ≥ threshold,n/a,n/a,n/a
1479,auto_pass,True,Jaccard ≥ threshold,n/a,n/a,n/a
1483,auto_pass,True,Jaccard ≥ threshold,n/a,n/a,n/a
1484,auto_pass,True,Jaccard ≥ threshold,n/a,n/a,n/a
1486,auto_pass,True,Jaccard ≥ threshold,n/a,n/a,n/a
1487,auto_pass,True,Jaccard ≥ threshold,n/a,n/a,n/a
1488,auto_pass,True,Jaccard ≥ threshold,n/a,n/a,n/a
1490,auto_pass,True,Jaccard ≥ threshold,n/a,n/a,n/a
1491,auto_pass,True,Jaccard ≥ threshold,n/a,n/a,n/a
1493,auto_pass,True,Jaccard ≥ threshold,n/a,n/a,n/a
1494,auto_pass,True,Jaccard ≥ threshold,n/a,n/a,n/a
1495,auto_pass,True,Jaccard ≥ threshold,n/a,n/a,n/a
1496,auto_pass,True,Jaccard ≥ threshold,n/a,n/a,n/a
1497,auto_pass,True,Jaccard ≥ threshold,n/a,n/a,n/a
1498,auto_pass,True,Jaccard ≥ threshold,n/a,n/a,n/a
1499,auto_pass,True,Jaccard ≥ threshold,n/a,n/a,n/a
1500,auto_pass,True,Jaccard ≥ threshold,n/a,n/a,n/a
1502,auto_pass,True,Jaccard ≥ threshold,n/a,n/a,n/a
1504,auto_pass,True,Jaccard ≥ threshold,n/a,n/a,n/a
1505,auto_pass,True,Jaccard ≥ threshold,n/a,n/a,n/a
1506,auto_pass,True,Jaccard ≥ threshold,n/a,n/a,n/a
1507,auto_pass,True,Jaccard ≥ threshold,n/a,n/a,n/a
1509,auto_pass,True,Jaccard ≥ threshold,n/a,n/a,n/a
1510,auto_pass,True,Jaccard ≥ threshold,n/a,n/a,n/a
1511,auto_pass,True,Jaccard ≥ threshold,n/a,n/a,n/a
1512,auto_pass,True,Jaccard ≥ threshold,n/a,n/a,n/a
1513,auto_pass,True,Jaccard ≥ threshold,n/a,n/a,n/a
1514,auto_pass,True,Jaccard ≥ threshold,n/a,n/a,n/a
1516,auto_pass,True,Jaccard ≥ threshold,n/a,n/a,n/a
1517,auto_pass,True,Jaccard ≥ threshold,n/a,n/a,n/a
1519,auto_pass,True,Jaccard ≥ threshold,n/a,n/a,n/a
1520,auto_pass,True,Jaccard ≥ threshold,n/a,n/a,n/a
1521,auto_pass,True,Jaccard ≥ threshold,n/a,n/a,n/a
1523,auto_pass,True,Jaccard ≥ threshold,n/a,n/a,n/a
1524,auto_pass,True,Jaccard ≥ threshold,n/a,n/a,n/a
1525,auto_pass,True,Jaccard ≥ threshold,n/a,n/a,n/a
1526,auto_pass,True,Jaccard ≥ threshold,n/a,n/a,n/a
1527,auto_pass,True,Jaccard ≥ threshold,n/a,n/a,n/a
1530,auto_pass,True,Jaccard ≥ threshold,n/a,n/a,n/a
1531,auto_pass,True,Jaccard ≥ threshold,n/a,n/a,n/a
1532,auto_pass,True,Jaccard ≥ threshold,n/a,n/a,n/a
1533,auto_pass,True,Jaccard ≥ threshold,n/a,n/a,n/a
1534,auto_pass,True,Jaccard ≥ threshold,n/a,n/a,n/a
1536,auto_pass,True,Jaccard ≥ threshold,n/a,n/a,n/a
1538,auto_pass,True,Jaccard ≥ threshold,n/a,n/a,n/a
1539,auto_pass,True,Jaccard ≥ threshold,n/a,n/a,n/a
1540,auto_pass,True,Jaccard ≥ threshold,n/a,n/a,n/a
1542,auto_pass,True,Jaccard ≥ threshold,n/a,n/a,n/a
1543,auto_pass,True,Jaccard ≥ threshold,n/a,n/a,n/a
1544,auto_pass,True,Jaccard ≥ threshold,n/a,n/a,n/a
1545,auto_pass,True,Jaccard ≥ threshold,n/a,n/a,n/a
1547,auto_pass,True,Jaccard ≥ threshold,n/a,n/a,n/a
1548,auto_pass,True,Jaccard ≥ threshold,n/a,n/a,n/a
1549,auto_pass,True,Jaccard ≥ threshold,n/a,n/a,n/a
1550,auto_pass,True,Jaccard ≥ threshold,n/a,n/a,n/a
1551,auto_pass,True,Jaccard ≥ threshold,n/a,n/a,n/a
1553,auto_pass,True,Jaccard ≥ threshold,n/a,n/a,n/a
1555,auto_pass,True,Jaccard ≥ threshold,n/a,n/a,n/a
1557,auto_pass,True,Jaccard ≥ threshold,n/a,n/a,n/a
1558,auto_pass,True,Jaccard ≥ threshold,n/a,n/a,n/a
1559,auto_pass,True,Jaccard ≥ threshold,n/a,n/a,n/a
1560,auto_pass,True,Jaccard ≥ threshold,n/a,n/a,n/a
1562,auto_pass,True,Jaccard ≥ threshold,n/a,n/a,n/a
1563,auto_pass,True,Jaccard ≥ threshold,n/a,n/a,n/a
1565,auto_pass,True,Jaccard ≥ threshold,n/a,n/a,n/a
1566,auto_pass,True,Jaccard ≥ threshold,n/a,n/a,n/a
1567,auto_pass,True,Jaccard ≥ threshold,n/a,n/a,n/a
1569,auto_pass,True,Jaccard ≥ threshold,n/a,n/a,n/a
1570,auto_pass,True,Jaccard ≥ threshold,n/a,n/a,n/a
1571,auto_pass,True,Jaccard ≥ threshold,n/a,n/a,n/a
1572,auto_pass,True,Jaccard ≥ threshold,n/a,n/a,n/a
1573,auto_pass,True,Jaccard ≥ threshold,n/a,n/a,n/a
1575,auto_pass,True,Jaccard ≥ threshold,n/a,n/a,n/a
1576,auto_pass,True,Jaccard ≥ threshold,n/a,n/a,n/a
1578,auto_pass,True,Jaccard ≥ threshold,n/a,n/a,n/a
1579,auto_pass,True,Jaccard ≥ threshold,n/a,n/a,n/a
1580,auto_pass,True,Jaccard ≥ threshold,n/a,n/a,n/a
1582,auto_pass,True,Jaccard ≥ threshold,n/a,n/a,n/a
1583,auto_pass,True,Jaccard ≥ threshold,n/a,n/a,n/a
1584,auto_pass,True,Jaccard ≥ threshold,n/a,n/a,n/a
1585,auto_pass,True,Jaccard ≥ threshold,n/a,n/a,n/a
1586,auto_pass,True,Jaccard ≥ threshold,n/a,n/a,n/a
1588,auto_pass,True,Jaccard ≥ threshold,n/a,n/a,n/a
1589,auto_pass,True,Jaccard ≥ threshold,n/a,n/a,n/a
1590,auto_pass,True,Jaccard ≥ threshold,n/a,n/a,n/a
1591,auto_pass,True,Jaccard ≥ threshold,n/a,n/a,n/a
1592,auto_pass,True,Jaccard ≥ threshold,n/a,n/a,n/a
1594,auto_pass,True,Jaccard ≥ threshold,n/a,n/a,n/a
1596,auto_pass,True,Jaccard ≥ threshold,n/a,n/a,n/a
1597,auto_pass,True,Jaccard ≥ threshold,n/a,n/a,n/a
1598,auto_pass,True,Jaccard ≥ threshold,n/a,n/a,n/a
1599,auto_pass,True,Jaccard ≥ threshold,n/a,n/a,n/a
1601,auto_pass,True,Jaccard ≥ threshold,n/a,n/a,n/a
1602,auto_pass,True,Jaccard ≥ threshold,n/a,n/a,n/a
1605,auto_pass,True,Jaccard ≥ threshold,n/a,n/a,n/a
1606,auto_pass,True,Jaccard ≥ threshold,n/a,n/a,n/a
1607,auto_pass,True,Jaccard ≥ threshold,n/a,n/a,n/a
1608,auto_pass,True,Jaccard ≥ threshold,n/a,n/a,n/a
1609,auto_pass,True,Jaccard ≥ threshold,n/a,n/a,n/a
1614,auto_pass,True,Jaccard ≥ threshold,n/a,n/a,n/a
1615,auto_pass,True,Jaccard ≥ threshold,n/a,n/a,n/a
1616,auto_pass,True,Jaccard ≥ threshold,n/a,n/a,n/a
1617,auto_pass,True,Jaccard ≥ threshold,n/a,n/a,n/a
1619,auto_pass,True,Jaccard ≥ threshold,n/a,n/a,n/a
1620,auto_pass,True,Jaccard ≥ threshold,n/a,n/a,n/a
1621,auto_pass,True,Jaccard ≥ threshold,n/a,n/a,n/a
1622,auto_pass,True,Jaccard ≥ threshold,n/a,n/a,n/a
1623,auto_pass,True,Jaccard ≥ threshold,n/a,n/a,n/a
1624,auto_pass,True,Jaccard ≥ threshold,n/a,n/a,n/a
1625,auto_pass,True,Jaccard ≥ threshold,n/a,n/a,n/a
1627,auto_pass,True,Jaccard ≥ threshold,n/a,n/a,n/a
1628,auto_pass,True,Jaccard ≥ threshold,n/a,n/a,n/a
1629,auto_pass,True,Jaccard ≥ threshold,n/a,n/a,n/a
1631,auto_pass,True,Jaccard ≥ threshold,n/a,n/a,n/a
1632,auto_pass,True,Jaccard ≥ threshold,n/a,n/a,n/a
1634,auto_pass,True,Jaccard ≥ threshold,n/a,n/a,n/a
1636,auto_pass,True,Jaccard ≥ threshold,n/a,n/a,n/a
1637,auto_pass,True,Jaccard ≥ threshold,n/a,n/a,n/a
1638,auto_pass,True,Jaccard ≥ threshold,n/a,n/a,n/a
1640,auto_pass,True,Jaccard ≥ threshold,n/a,n/a,n/a
1641,auto_pass,True,Jaccard ≥ threshold,n/a,n/a,n/a
1644,auto_pass,True,Jaccard ≥ threshold,n/a,n/a,n/a
1645,auto_pass,True,Jaccard ≥ threshold,n/a,n/a,n/a
1646,auto_pass,True,Jaccard ≥ threshold,n/a,n/a,n/a
1647,auto_pass,True,Jaccard ≥ threshold,n/a,n/a,n/a
1648,auto_pass,True,Jaccard ≥ threshold,n/a,n/a,n/a
1649,auto_pass,True,Jaccard ≥ threshold,n/a,n/a,n/a
1650,auto_pass,True,Jaccard ≥ threshold,n/a,n/a,n/a
1651,auto_pass,True,Jaccard ≥ threshold,n/a,n/a,n/a
1653,auto_pass,True,Jaccard ≥ threshold,n/a,n/a,n/a
1654,auto_pass,True,Jaccard ≥ threshold,n/a,n/a,n/a
1655,auto_pass,True,Jaccard ≥ threshold,n/a,n/a,n/a
1656,auto_pass,True,Jaccard ≥ threshold,n/a,n/a,n/a
1657,auto_pass,True,Jaccard ≥ threshold,n/a,n/a,n/a
1658,auto_pass,True,Jaccard ≥ threshold,n/a,n/a,n/a
1659,auto_pass,True,Jaccard ≥ threshold,n/a,n/a,n/a
1660,auto_pass,True,Jaccard ≥ threshold,n/a,n/a,n/a
1661,auto_pass,True,Jaccard ≥ threshold,n/a,n/a,n/a
1662,auto_pass,True,Jaccard ≥ threshold,n/a,n/a,n/a
1664,auto_pass,True,Jaccard ≥ threshold,n/a,n/a,n/a
1665,auto_pass,True,Jaccard ≥ threshold,n/a,n/a,n/a
1666,auto_pass,True,Jaccard ≥ threshold,n/a,n/a,n/a
1667,auto_pass,True,Jaccard ≥ threshold,n/a,n/a,n/a
1669,auto_pass,True,Jaccard ≥ threshold,n/a,n/a,n/a
1670,auto_pass,True,Jaccard ≥ threshold,n/a,n/a,n/a
1671,auto_pass,True,Jaccard ≥ threshold,n/a,n/a,n/a
1675,auto_pass,True,Jaccard ≥ threshold,n/a,n/a,n/a
1676,auto_pass,True,Jaccard ≥ threshold,n/a,n/a,n/a
1678,auto_pass,True,Jaccard ≥ threshold,n/a,n/a,n/a
1679,auto_pass,True,Jaccard ≥ threshold,n/a,n/a,n/a
1680,auto_pass,True,Jaccard ≥ threshold,n/a,n/a,n/a
1681,auto_pass,True,Jaccard ≥ threshold,n/a,n/a,n/a
1682,auto_pass,True,Jaccard ≥ threshold,n/a,n/a,n/a
1683,auto_pass,True,Jaccard ≥ threshold,n/a,n/a,n/a
1684,auto_pass,True,Jaccard ≥ threshold,n/a,n/a,n/a
1685,auto_pass,True,Jaccard ≥ threshold,n/a,n/a,n/a
1687,auto_pass,True,Jaccard ≥ threshold,n/a,n/a,n/a
1688,auto_pass,True,Jaccard ≥ threshold,n/a,n/a,n/a
1690,auto_pass,True,Jaccard ≥ threshold,n/a,n/a,n/a
1692,auto_pass,True,Jaccard ≥ threshold,n/a,n/a,n/a
1693,auto_pass,True,Jaccard ≥ threshold,n/a,n/a,n/a
1694,auto_pass,True,Jaccard ≥ threshold,n/a,n/a,n/a
1695,auto_pass,True,Jaccard ≥ threshold,n/a,n/a,n/a
1696,auto_pass,True,Jaccard ≥ threshold,n/a,n/a,n/a
1697,auto_pass,True,Jaccard ≥ threshold,n/a,n/a,n/a
1700,auto_pass,True,Jaccard ≥ threshold,n/a,n/a,n/a
1701,auto_pass,True,Jaccard ≥ threshold,n/a,n/a,n/a
1703,auto_pass,True,Jaccard ≥ threshold,n/a,n/a,n/a
1705,auto_pass,True,Jaccard ≥ threshold,n/a,n/a,n/a
1707,auto_pass,True,Jaccard ≥ threshold,n/a,n/a,n/a
1708,auto_pass,True,Jaccard ≥ threshold,n/a,n/a,n/a
1711,auto_pass,True,Jaccard ≥ threshold,n/a,n/a,n/a
1713,auto_pass,True,Jaccard ≥ threshold,n/a,n/a,n/a
1715,auto_pass,True,Jaccard ≥ threshold,n/a,n/a,n/a
1719,auto_pass,True,Jaccard ≥ threshold,n/a,n/a,n/a
1721,auto_pass,True,Jaccard ≥ threshold,n/a,n/a,n/a
1722,auto_pass,True,Jaccard ≥ threshold,n/a,n/a,n/a
1723,auto_pass,True,Jaccard ≥ threshold,n/a,n/a,n/a
1725,auto_pass,True,Jaccard ≥ threshold,n/a,n/a,n/a
1726,auto_pass,True,Jaccard ≥ threshold,n/a,n/a,n/a
1728,auto_pass,True,Jaccard ≥ threshold,n/a,n/a,n/a
1730,auto_pass,True,Jaccard ≥ threshold,n/a,n/a,n/a
1734,auto_pass,True,Jaccard ≥ threshold,n/a,n/a,n/a
1736,auto_pass,True,Jaccard ≥ threshold,n/a,n/a,n/a
1737,auto_pass,True,Jaccard ≥ threshold,n/a,n/a,n/a
1738,auto_pass,True,Jaccard ≥ threshold,n/a,n/a,n/a
1739,auto_pass,True,Jaccard ≥ threshold,n/a,n/a,n/a
1740,auto_pass,True,Jaccard ≥ threshold,n/a,n/a,n/a
1741,auto_pass,True,Jaccard ≥ threshold,n/a,n/a,n/a
1742,auto_pass,True,Jaccard ≥ threshold,n/a,n/a,n/a
1743,auto_pass,True,Jaccard ≥ threshold,n/a,n/a,n/a
1744,auto_pass,True,Jaccard ≥ threshold,n/a,n/a,n/a
1745,auto_pass,True,Jaccard ≥ threshold,n/a,n/a,n/a
1746,auto_pass,True,Jaccard ≥ threshold,n/a,n/a,n/a
1748,auto_pass,True,Jaccard ≥ threshold,n/a,n/a,n/a
1749,auto_pass,True,Jaccard ≥ threshold,n/a,n/a,n/a
1751,auto_pass,True,Jaccard ≥ threshold,n/a,n/a,n/a
1754,auto_pass,True,Jaccard ≥ threshold,n/a,n/a,n/a
1755,auto_pass,True,Jaccard ≥ threshold,n/a,n/a,n/a
1756,auto_pass,True,Jaccard ≥ threshold,n/a,n/a,n/a
1757,auto_pass,True,Jaccard ≥ threshold,n/a,n/a,n/a
1758,auto_pass,True,Jaccard ≥ threshold,n/a,n/a,n/a
1759,auto_pass,True,Jaccard ≥ threshold,n/a,n/a,n/a
1761,auto_pass,True,Jaccard ≥ threshold,n/a,n/a,n/a
1763,auto_pass,True,Jaccard ≥ threshold,n/a,n/a,n/a
1764,auto_pass,True,Jaccard ≥ threshold,n/a,n/a,n/a
1765,auto_pass,True,Jaccard ≥ threshold,n/a,n/a,n/a
1766,auto_pass,True,Jaccard ≥ threshold,n/a,n/a,n/a
1769,auto_pass,True,Jaccard ≥ threshold,n/a,n/a,n/a
1771,auto_pass,True,Jaccard ≥ threshold,n/a,n/a,n/a
1772,auto_pass,True,Jaccard ≥ threshold,n/a,n/a,n/a
1774,auto_pass,True,Jaccard ≥ threshold,n/a,n/a,n/a
1776,auto_pass,True,Jaccard ≥ threshold,n/a,n/a,n/a
1783,auto_pass,True,Jaccard ≥ threshold,n/a,n/a,n/a
1784,auto_pass,True,Jaccard ≥ threshold,n/a,n/a,n/a
1786,auto_pass,True,Jaccard ≥ threshold,n/a,n/a,n/a
1787,auto_pass,True,Jaccard ≥ threshold,n/a,n/a,n/a
1788,auto_pass,True,Jaccard ≥ threshold,n/a,n/a,n/a
1791,auto_pass,True,Jaccard ≥ threshold,n/a,n/a,n/a
1792,auto_pass,True,Jaccard ≥ threshold,n/a,n/a,n/a
1793,auto_pass,True,Jaccard ≥ threshold,n/a,n/a,n/a
1794,auto_pass,True,Jaccard ≥ threshold,n/a,n/a,n/a
1795,auto_pass,True,Jaccard ≥ threshold,n/a,n/a,n/a
1796,auto_pass,True,Jaccard ≥ threshold,n/a,n/a,n/a
1798,auto_pass,True,Jaccard ≥ threshold,n/a,n/a,n/a
1799,auto_pass,True,Jaccard ≥ threshold,n/a,n/a,n/a
1800,auto_pass,True,Jaccard ≥ threshold,n/a,n/a,n/a
1801,auto_pass,True,Jaccard ≥ threshold,n/a,n/a,n/a
1802,auto_pass,True,Jaccard ≥ threshold,n/a,n/a,n/a
1803,auto_pass,True,Jaccard ≥ threshold,n/a,n/a,n/a
1804,auto_pass,True,Jaccard ≥ threshold,n/a,n/a,n/a
1805,auto_pass,True,Jaccard ≥ threshold,n/a,n/a,n/a
1807,auto_pass,True,Jaccard ≥ threshold,n/a,n/a,n/a
1809,auto_pass,True,Jaccard ≥ threshold,n/a,n/a,n/a
1810,auto_pass,True,Jaccard ≥ threshold,n/a,n/a,n/a
1812,auto_pass,True,Jaccard ≥ threshold,n/a,n/a,n/a
1813,auto_pass,True,Jaccard ≥ threshold,n/a,n/a,n/a
1816,auto_pass,True,Jaccard ≥ threshold,n/a,n/a,n/a
1817,auto_pass,True,Jaccard ≥ threshold,n/a,n/a,n/a
1819,auto_pass,True,Jaccard ≥ threshold,n/a,n/a,n/a
1821,auto_pass,True,Jaccard ≥ threshold,n/a,n/a,n/a
1822,auto_pass,True,Jaccard ≥ threshold,n/a,n/a,n/a
1823,auto_pass,True,Jaccard ≥ threshold,n/a,n/a,n/a
1824,auto_pass,True,Jaccard ≥ threshold,n/a,n/a,n/a
1826,auto_pass,True,Jaccard ≥ threshold,n/a,n/a,n/a
1827,auto_pass,True,Jaccard ≥ threshold,n/a,n/a,n/a
1830,auto_pass,True,Jaccard ≥ threshold,n/a,n/a,n/a
1831,auto_pass,True,Jaccard ≥ threshold,n/a,n/a,n/a
1832,auto_pass,True,Jaccard ≥ threshold,n/a,n/a,n/a
1833,auto_pass,True,Jaccard ≥ threshold,n/a,n/a,n/a
1834,auto_pass,True,Jaccard ≥ threshold,n/a,n/a,n/a
1836,auto_pass,True,Jaccard ≥ threshold,n/a,n/a,n/a
1837,auto_pass,True,Jaccard ≥ threshold,n/a,n/a,n/a
1838,auto_pass,True,Jaccard ≥ threshold,n/a,n/a,n/a
1839,auto_pass,True,Jaccard ≥ threshold,n/a,n/a,n/a
1840,auto_pass,True,Jaccard ≥ threshold,n/a,n/a,n/a
1842,auto_pass,True,Jaccard ≥ threshold,n/a,n/a,n/a
1844,auto_pass,True,Jaccard ≥ threshold,n/a,n/a,n/a
1845,auto_pass,True,Jaccard ≥ threshold,n/a,n/a,n/a
1846,auto_pass,True,Jaccard ≥ threshold,n/a,n/a,n/a
1847,auto_pass,True,Jaccard ≥ threshold,n/a,n/a,n/a
1848,auto_pass,True,Jaccard ≥ threshold,n/a,n/a,n/a
1849,auto_pass,True,Jaccard ≥ threshold,n/a,n/a,n/a
1850,auto_pass,True,Jaccard ≥ threshold,n/a,n/a,n/a
1851,auto_pass,True,Jaccard ≥ threshold,n/a,n/a,n/a
1852,auto_pass,True,Jaccard ≥ threshold,n/a,n/a,n/a
1855,auto_pass,True,Jaccard ≥ threshold,n/a,n/a,n/a
1858,auto_pass,True,Jaccard ≥ threshold,n/a,n/a,n/a
1859,auto_pass,True,Jaccard ≥ threshold,n/a,n/a,n/a
1860,auto_pass,True,Jaccard ≥ threshold,n/a,n/a,n/a
1861,auto_pass,True,Jaccard ≥ threshold,n/a,n/a,n/a
1863,auto_pass,True,Jaccard ≥ threshold,n/a,n/a,n/a
1864,auto_pass,True,Jaccard ≥ threshold,n/a,n/a,n/a
1866,auto_pass,True,Jaccard ≥ threshold,n/a,n/a,n/a
1868,auto_pass,True,Jaccard ≥ threshold,n/a,n/a,n/a
1870,auto_pass,True,Jaccard ≥ threshold,n/a,n/a,n/a
1872,auto_pass,True,Jaccard ≥ threshold,n/a,n/a,n/a
1874,auto_pass,True,Jaccard ≥ threshold,n/a,n/a,n/a
1875,auto_pass,True,Jaccard ≥ threshold,n/a,n/a,n/a
1877,auto_pass,True,Jaccard ≥ threshold,n/a,n/a,n/a
1878,auto_pass,True,Jaccard ≥ threshold,n/a,n/a,n/a
1880,auto_pass,True,Jaccard ≥ threshold,n/a,n/a,n/a
1881,auto_pass,True,Jaccard ≥ threshold,n/a,n/a,n/a
1886,auto_pass,True,Jaccard ≥ threshold,n/a,n/a,n/a
1887,auto_pass,True,Jaccard ≥ threshold,n/a,n/a,n/a
1892,auto_pass,True,Jaccard ≥ threshold,n/a,n/a,n/a
1896,auto_pass,True,Jaccard ≥ threshold,n/a,n/a,n/a
1897,auto_pass,True,Jaccard ≥ threshold,n/a,n/a,n/a
1898,auto_pass,True,Jaccard ≥ threshold,n/a,n/a,n/a
1899,auto_pass,True,Jaccard ≥ threshold,n/a,n/a,n/a
1900,auto_pass,True,Jaccard ≥ threshold,n/a,n/a,n/a
1901,auto_pass,True,Jaccard ≥ threshold,n/a,n/a,n/a
1902,auto_pass,True,Jaccard ≥ threshold,n/a,n/a,n/a
1904,auto_pass,True,Jaccard ≥ threshold,n/a,n/a,n/a
1905,auto_pass,True,Jaccard ≥ threshold,n/a,n/a,n/a
1907,auto_pass,True,Jaccard ≥ threshold,n/a,n/a,n/a
1909,auto_pass,True,Jaccard ≥ threshold,n/a,n/a,n/a
1910,auto_pass,True,Jaccard ≥ threshold,n/a,n/a,n/a
1911,auto_pass,True,Jaccard ≥ threshold,n/a,n/a,n/a
1913,auto_pass,True,Jaccard ≥ threshold,n/a,n/a,n/a
1914,auto_pass,True,Jaccard ≥ threshold,n/a,n/a,n/a
1915,auto_pass,True,Jaccard ≥ threshold,n/a,n/a,n/a
1916,auto_pass,True,Jaccard ≥ threshold,n/a,n/a,n/a
1917,auto_pass,True,Jaccard ≥ threshold,n/a,n/a,n/a
1919,auto_pass,True,Jaccard ≥ threshold,n/a,n/a,n/a
1920,auto_pass,True,Jaccard ≥ threshold,n/a,n/a,n/a
1921,auto_pass,True,Jaccard ≥ threshold,n/a,n/a,n/a
1922,auto_pass,True,Jaccard ≥ threshold,n/a,n/a,n/a
1923,auto_pass,True,Jaccard ≥ threshold,n/a,n/a,n/a
1925,auto_pass,True,Jaccard ≥ threshold,n/a,n/a,n/a
1926,auto_pass,True,Jaccard ≥ threshold,n/a,n/a,n/a
1927,auto_pass,True,Jaccard ≥ threshold,n/a,n/a,n/a
1928,auto_pass,True,Jaccard ≥ threshold,n/a,n/a,n/a
1929,auto_pass,True,Jaccard ≥ threshold,n/a,n/a,n/a
1930,auto_pass,True,Jaccard ≥ threshold,n/a,n/a,n/a
1931,auto_pass,True,Jaccard ≥ threshold,n/a,n/a,n/a
1932,auto_pass,True,Jaccard ≥ threshold,n/a,n/a,n/a
1935,auto_pass,True,Jaccard ≥ threshold,n/a,n/a,n/a
1937,auto_pass,True,Jaccard ≥ threshold,n/a,n/a,n/a
1938,auto_pass,True,Jaccard ≥ threshold,n/a,n/a,n/a
1939,auto_pass,True,Jaccard ≥ threshold,n/a,n/a,n/a
1940,auto_pass,True,Jaccard ≥ threshold,n/a,n/a,n/a
1941,auto_pass,True,Jaccard ≥ threshold,n/a,n/a,n/a
1942,auto_pass,True,Jaccard ≥ threshold,n/a,n/a,n/a
1944,auto_pass,True,Jaccard ≥ threshold,n/a,n/a,n/a
1946,auto_pass,True,Jaccard ≥ threshold,n/a,n/a,n/a
1947,auto_pass,True,Jaccard ≥ threshold,n/a,n/a,n/a
1948,auto_pass,True,Jaccard ≥ threshold,n/a,n/a,n/a
1949,auto_pass,True,Jaccard ≥ threshold,n/a,n/a,n/a
1952,auto_pass,True,Jaccard ≥ threshold,n/a,n/a,n/a
1953,auto_pass,True,Jaccard ≥ threshold,n/a,n/a,n/a
1954,auto_pass,True,Jaccard ≥ threshold,n/a,n/a,n/a
1956,auto_pass,True,Jaccard ≥ threshold,n/a,n/a,n/a
1957,auto_pass,True,Jaccard ≥ threshold,n/a,n/a,n/a
1958,auto_pass,True,Jaccard ≥ threshold,n/a,n/a,n/a
1961,auto_pass,True,Jaccard ≥ threshold,n/a,n/a,n/a
1962,auto_pass,True,Jaccard ≥ threshold,n/a,n/a,n/a
1963,auto_pass,True,Jaccard ≥ threshold,n/a,n/a,n/a
1964,auto_pass,True,Jaccard ≥ threshold,n/a,n/a,n/a
1965,auto_pass,True,Jaccard ≥ threshold,n/a,n/a,n/a
1966,auto_pass,True,Jaccard ≥ threshold,n/a,n/a,n/a
1968,auto_pass,True,Jaccard ≥ threshold,n/a,n/a,n/a
1969,auto_pass,True,Jaccard ≥ threshold,n/a,n/a,n/a
1970,auto_pass,True,Jaccard ≥ threshold,n/a,n/a,n/a
1971,auto_pass,True,Jaccard ≥ threshold,n/a,n/a,n/a
1972,auto_pass,True,Jaccard ≥ threshold,n/a,n/a,n/a
1973,auto_pass,True,Jaccard ≥ threshold,n/a,n/a,n/a
1975,auto_pass,True,Jaccard ≥ threshold,n/a,n/a,n/a
1976,auto_pass,True,Jaccard ≥ threshold,n/a,n/a,n/a
1977,auto_pass,True,Jaccard ≥ threshold,n/a,n/a,n/a
1978,auto_pass,True,Jaccard ≥ threshold,n/a,n/a,n/a
1979,auto_pass,True,Jaccard ≥ threshold,n/a,n/a,n/a
1980,auto_pass,True,Jaccard ≥ threshold,n/a,n/a,n/a
1982,auto_pass,True,Jaccard ≥ threshold,n/a,n/a,n/a
1983,auto_pass,True,Jaccard ≥ threshold,n/a,n/a,n/a
1988,auto_pass,True,Jaccard ≥ threshold,n/a,n/a,n/a
1990,auto_pass,True,Jaccard ≥ threshold,n/a,n/a,n/a
1991,auto_pass,True,Jaccard ≥ threshold,n/a,n/a,n/a
2007,auto_pass,True,Jaccard ≥ threshold,n/a,n/a,n/a
2010,auto_pass,True,Jaccard ≥ threshold,n/a,n/a,n/a
2012,auto_pass,True,Jaccard ≥ threshold,n/a,n/a,n/a
2015,auto_pass,True,Jaccard ≥ threshold,n/a,n/a,n/a
2016,auto_pass,True,Jaccard ≥ threshold,n/a,n/a,n/a
2018,auto_pass,True,Jaccard ≥ threshold,n/a,n/a,n/a
2019,auto_pass,True,Jaccard ≥ threshold,n/a,n/a,n/a
2020,auto_pass,True,Jaccard ≥ threshold,n/a,n/a,n/a
2022,auto_pass,True,Jaccard ≥ threshold,n/a,n/a,n/a
2023,auto_pass,True,Jaccard ≥ threshold,n/a,n/a,n/a
2024,auto_pass,True,Jaccard ≥ threshold,n/a,n/a,n/a
2025,auto_pass,True,Jaccard ≥ threshold,n/a,n/a,n/a
2026,auto_pass,True,Jaccard ≥ threshold,n/a,n/a,n/a
2028,auto_pass,True,Jaccard ≥ threshold,n/a,n/a,n/a
2029,auto_pass,True,Jaccard ≥ threshold,n/a,n/a,n/a
2030,auto_pass,True,Jaccard ≥ threshold,n/a,n/a,n/a
2032,auto_pass,True,Jaccard ≥ threshold,n/a,n/a,n/a
2033,auto_pass,True,Jaccard ≥ threshold,n/a,n/a,n/a
2037,auto_pass,True,Jaccard ≥ threshold,n/a,n/a,n/a
2038,auto_pass,True,Jaccard ≥ threshold,n/a,n/a,n/a
2039,auto_pass,True,Jaccard ≥ threshold,n/a,n/a,n/a
2040,auto_pass,True,Jaccard ≥ threshold,n/a,n/a,n/a
2042,auto_pass,True,Jaccard ≥ threshold,n/a,n/a,n/a
2043,auto_pass,True,Jaccard ≥ threshold,n/a,n/a,n/a
2046,auto_pass,True,Jaccard ≥ threshold,n/a,n/a,n/a
2047,auto_pass,True,Jaccard ≥ threshold,n/a,n/a,n/a
2048,auto_pass,True,Jaccard ≥ threshold,n/a,n/a,n/a
2049,auto_pass,True,Jaccard ≥ threshold,n/a,n/a,n/a
2050,auto_pass,True,Jaccard ≥ threshold,n/a,n/a,n/a
2052,auto_pass,True,Jaccard ≥ threshold,n/a,n/a,n/a
2054,auto_pass,True,Jaccard ≥ threshold,n/a,n/a,n/a
2056,auto_pass,True,Jaccard ≥ threshold,n/a,n/a,n/a
2057,auto_pass,True,Jaccard ≥ threshold,n/a,n/a,n/a
2058,auto_pass,True,Jaccard ≥ threshold,n/a,n/a,n/a
2069,auto_pass,True,Jaccard ≥ threshold,n/a,n/a,n/a
2070,auto_pass,True,Jaccard ≥ threshold,n/a,n/a,n/a
2071,auto_pass,True,Jaccard ≥ threshold,n/a,n/a,n/a
2072,auto_pass,True,Jaccard ≥ threshold,n/a,n/a,n/a
2075,auto_pass,True,Jaccard ≥ threshold,n/a,n/a,n/a
2077,auto_pass,True,Jaccard ≥ threshold,n/a,n/a,n/a
2078,auto_pass,True,Jaccard ≥ threshold,n/a,n/a,n/a
2079,auto_pass,True,Jaccard ≥ threshold,n/a,n/a,n/a
2080,auto_pass,True,Jaccard ≥ threshold,n/a,n/a,n/a
2081,auto_pass,True,Jaccard ≥ threshold,n/a,n/a,n/a
2083,auto_pass,True,Jaccard ≥ threshold,n/a,n/a,n/a
2087,auto_pass,True,Jaccard ≥ threshold,n/a,n/a,n/a
2091,auto_pass,True,Jaccard ≥ threshold,n/a,n/a,n/a
2092,auto_pass,True,Jaccard ≥ threshold,n/a,n/a,n/a
2093,auto_pass,True,Jaccard ≥ threshold,n/a,n/a,n/a
2094,auto_pass,True,Jaccard ≥ threshold,n/a,n/a,n/a
2099,auto_pass,True,Jaccard ≥ threshold,n/a,n/a,n/a
2105,auto_pass,True,Jaccard ≥ threshold,n/a,n/a,n/a
2108,auto_pass,True,Jaccard ≥ threshold,n/a,n/a,n/a
2111,auto_pass,True,Jaccard ≥ threshold,n/a,n/a,n/a
2112,auto_pass,True,Jaccard ≥ threshold,n/a,n/a,n/a
2113,auto_pass,True,Jaccard ≥ threshold,n/a,n/a,n/a
2114,auto_pass,True,Jaccard ≥ threshold,n/a,n/a,n/a
2115,auto_pass,True,Jaccard ≥ threshold,n/a,n/a,n/a
2117,auto_pass,True,Jaccard ≥ threshold,n/a,n/a,n/a
2118,auto_pass,True,Jaccard ≥ threshold,n/a,n/a,n/a
2119,auto_pass,True,Jaccard ≥ threshold,n/a,n/a,n/a
2120,auto_pass,True,Jaccard ≥ threshold,n/a,n/a,n/a
2122,auto_pass,True,Jaccard ≥ threshold,n/a,n/a,n/a
2123,auto_pass,True,Jaccard ≥ threshold,n/a,n/a,n/a
2124,auto_pass,True,Jaccard ≥ threshold,n/a,n/a,n/a
2127,auto_pass,True,Jaccard ≥ threshold,n/a,n/a,n/a
2128,auto_pass,True,Jaccard ≥ threshold,n/a,n/a,n/a
2129,auto_pass,True,Jaccard ≥ threshold,n/a,n/a,n/a
2130,auto_pass,True,Jaccard ≥ threshold,n/a,n/a,n/a
2132,auto_pass,True,Jaccard ≥ threshold,n/a,n/a,n/a
2133,auto_pass,True,Jaccard ≥ threshold,n/a,n/a,n/a
2136,auto_pass,True,Jaccard ≥ threshold,n/a,n/a,n/a
2142,auto_pass,True,Jaccard ≥ threshold,n/a,n/a,n/a
2143,auto_pass,True,Jaccard ≥ threshold,n/a,n/a,n/a
2144,auto_pass,True,Jaccard ≥ threshold,n/a,n/a,n/a
2147,auto_pass,True,Jaccard ≥ threshold,n/a,n/a,n/a
2148,auto_pass,True,Jaccard ≥ threshold,n/a,n/a,n/a
2149,auto_pass,True,Jaccard ≥ threshold,n/a,n/a,n/a
2150,auto_pass,True,Jaccard ≥ threshold,n/a,n/a,n/a
2151,auto_pass,True,Jaccard ≥ threshold,n/a,n/a,n/a
2152,auto_pass,True,Jaccard ≥ threshold,n/a,n/a,n/a
2153,auto_pass,True,Jaccard ≥ threshold,n/a,n/a,n/a
2154,auto_pass,True,Jaccard ≥ threshold,n/a,n/a,n/a
2155,auto_pass,True,Jaccard ≥ threshold,n/a,n/a,n/a
2156,auto_pass,True,Jaccard ≥ threshold,n/a,n/a,n/a
2158,auto_pass,True,Jaccard ≥ threshold,n/a,n/a,n/a
2160,auto_pass,True,Jaccard ≥ threshold,n/a,n/a,n/a
2163,auto_pass,True,Jaccard ≥ threshold,n/a,n/a,n/a
2168,auto_pass,True,Jaccard ≥ threshold,n/a,n/a,n/a
2170,auto_pass,True,Jaccard ≥ threshold,n/a,n/a,n/a
2174,auto_pass,True,Jaccard ≥ threshold,n/a,n/a,n/a
2178,auto_pass,True,Jaccard ≥ threshold,n/a,n/a,n/a
2180,auto_pass,True,Jaccard ≥ threshold,n/a,n/a,n/a
2181,auto_pass,True,Jaccard ≥ threshold,n/a,n/a,n/a
2183,auto_pass,True,Jaccard ≥ threshold,n/a,n/a,n/a
2184,auto_pass,True,Jaccard ≥ threshold,n/a,n/a,n/a
2186,auto_pass,True,Jaccard ≥ threshold,n/a,n/a,n/a
2188,auto_pass,True,Jaccard ≥ threshold,n/a,n/a,n/a
2189,auto_pass,True,Jaccard ≥ threshold,n/a,n/a,n/a
2191,auto_pass,True,Jaccard ≥ threshold,n/a,n/a,n/a
2192,auto_pass,True,Jaccard ≥ threshold,n/a,n/a,n/a
2193,auto_pass,True,Jaccard ≥ threshold,n/a,n/a,n/a
2194,auto_pass,True,Jaccard ≥ threshold,n/a,n/a,n/a
2195,auto_pass,True,Jaccard ≥ threshold,n/a,n/a,n/a
2196,auto_pass,True,Jaccard ≥ threshold,n/a,n/a,n/a
2197,auto_pass,True,Jaccard ≥ threshold,n/a,n/a,n/a
2198,auto_pass,True,Jaccard ≥ threshold,n/a,n/a,n/a
2203,auto_pass,True,Jaccard ≥ threshold,n/a,n/a,n/a
2204,auto_pass,True,Jaccard ≥ threshold,n/a,n/a,n/a
2205,auto_pass,True,Jaccard ≥ threshold,n/a,n/a,n/a
2206,auto_pass,True,Jaccard ≥ threshold,n/a,n/a,n/a
2209,auto_pass,True,Jaccard ≥ threshold,n/a,n/a,n/a
2210,auto_pass,True,Jaccard ≥ threshold,n/a,n/a,n/a
2211,auto_pass,True,Jaccard ≥ threshold,n/a,n/a,n/a
2214,auto_pass,True,Jaccard ≥ threshold,n/a,n/a,n/a
2216,auto_pass,True,Jaccard ≥ threshold,n/a,n/a,n/a
2218,auto_pass,True,Jaccard ≥ threshold,n/a,n/a,n/a
2219,auto_pass,True,Jaccard ≥ threshold,n/a,n/a,n/a
2220,auto_pass,True,Jaccard ≥ threshold,n/a,n/a,n/a
2222,auto_pass,True,Jaccard ≥ threshold,n/a,n/a,n/a
2223,auto_pass,True,Jaccard ≥ threshold,n/a,n/a,n/a
2226,auto_pass,True,Jaccard ≥ threshold,n/a,n/a,n/a
2227,auto_pass,True,Jaccard ≥ threshold,n/a,n/a,n/a
2229,auto_pass,True,Jaccard ≥ threshold,n/a,n/a,n/a
2231,auto_pass,True,Jaccard ≥ threshold,n/a,n/a,n/a
2232,auto_pass,True,Jaccard ≥ threshold,n/a,n/a,n/a
2234,auto_pass,True,Jaccard ≥ threshold,n/a,n/a,n/a
2236,auto_pass,True,Jaccard ≥ threshold,n/a,n/a,n/a
2237,auto_pass,True,Jaccard ≥ threshold,n/a,n/a,n/a
2238,auto_pass,True,Jaccard ≥ threshold,n/a,n/a,n/a
2239,auto_pass,True,Jaccard ≥ threshold,n/a,n/a,n/a
2240,auto_pass,True,Jaccard ≥ threshold,n/a,n/a,n/a
2241,auto_pass,True,Jaccard ≥ threshold,n/a,n/a,n/a
2243,auto_pass,True,Jaccard ≥ threshold,n/a,n/a,n/a
2245,auto_pass,True,Jaccard ≥ threshold,n/a,n/a,n/a
2246,auto_pass,True,Jaccard ≥ threshold,n/a,n/a,n/a
2247,auto_pass,True,Jaccard ≥ threshold,n/a,n/a,n/a
2248,auto_pass,True,Jaccard ≥ threshold,n/a,n/a,n/a
2249,auto_pass,True,Jaccard ≥ threshold,n/a,n/a,n/a
2251,auto_pass,True,Jaccard ≥ threshold,n/a,n/a,n/a
2252,auto_pass,True,Jaccard ≥ threshold,n/a,n/a,n/a
2253,auto_pass,True,Jaccard ≥ threshold,n/a,n/a,n/a
2256,auto_pass,True,Jaccard ≥ threshold,n/a,n/a,n/a
2257,auto_pass,True,Jaccard ≥ threshold,n/a,n/a,n/a
2259,auto_pass,True,Jaccard ≥ threshold,n/a,n/a,n/a
2261,auto_pass,True,Jaccard ≥ threshold,n/a,n/a,n/a
2262,auto_pass,True,Jaccard ≥ threshold,n/a,n/a,n/a
2263,auto_pass,True,Jaccard ≥ threshold,n/a,n/a,n/a
2264,auto_pass,True,Jaccard ≥ threshold,n/a,n/a,n/a
2265,auto_pass,True,Jaccard ≥ threshold,n/a,n/a,n/a
2267,auto_pass,True,Jaccard ≥ threshold,n/a,n/a,n/a
2268,auto_pass,True,Jaccard ≥ threshold,n/a,n/a,n/a
2270,auto_pass,True,Jaccard ≥ threshold,n/a,n/a,n/a
2271,auto_pass,True,Jaccard ≥ threshold,n/a,n/a,n/a
2272,auto_pass,True,Jaccard ≥ threshold,n/a,n/a,n/a
2273,auto_pass,True,Jaccard ≥ threshold,n/a,n/a,n/a
2274,auto_pass,True,Jaccard ≥ threshold,n/a,n/a,n/a
2276,auto_pass,True,Jaccard ≥ threshold,n/a,n/a,n/a
2279,auto_pass,True,Jaccard ≥ threshold,n/a,n/a,n/a
2280,auto_pass,True,Jaccard ≥ threshold,n/a,n/a,n/a
2282,auto_pass,True,Jaccard ≥ threshold,n/a,n/a,n/a
2283,auto_pass,True,Jaccard ≥ threshold,n/a,n/a,n/a
2284,auto_pass,True,Jaccard ≥ threshold,n/a,n/a,n/a
2286,auto_pass,True,Jaccard ≥ threshold,n/a,n/a,n/a
2287,auto_pass,True,Jaccard ≥ threshold,n/a,n/a,n/a
2289,auto_pass,True,Jaccard ≥ threshold,n/a,n/a,n/a
2295,auto_pass,True,Jaccard ≥ threshold,n/a,n/a,n/a
2296,auto_pass,True,Jaccard ≥ threshold,n/a,n/a,n/a
2297,auto_pass,True,Jaccard ≥ threshold,n/a,n/a,n/a
2298,auto_pass,True,Jaccard ≥ threshold,n/a,n/a,n/a
2299,auto_pass,True,Jaccard ≥ threshold,n/a,n/a,n/a
2300,auto_pass,True,Jaccard ≥ threshold,n/a,n/a,n/a
2301,auto_pass,True,Jaccard ≥ threshold,n/a,n/a,n/a
2305,auto_pass,True,Jaccard ≥ threshold,n/a,n/a,n/a
2306,auto_pass,True,Jaccard ≥ threshold,n/a,n/a,n/a
2307,auto_pass,True,Jaccard ≥ threshold,n/a,n/a,n/a
2308,auto_pass,True,Jaccard ≥ threshold,n/a,n/a,n/a
2309,auto_pass,True,Jaccard ≥ threshold,n/a,n/a,n/a
2310,auto_pass,True,Jaccard ≥ threshold,n/a,n/a,n/a
2311,auto_pass,True,Jaccard ≥ threshold,n/a,n/a,n/a
2312,auto_pass,True,Jaccard ≥ threshold,n/a,n/a,n/a
2313,auto_pass,True,Jaccard ≥ threshold,n/a,n/a,n/a
2314,auto_pass,True,Jaccard ≥ threshold,n/a,n/a,n/a
2315,auto_pass,True,Jaccard ≥ threshold,n/a,n/a,n/a
2318,auto_pass,True,Jaccard ≥ threshold,n/a,n/a,n/a
2319,auto_pass,True,Jaccard ≥ threshold,n/a,n/a,n/a
2320,auto_pass,True,Jaccard ≥ threshold,n/a,n/a,n/a
2321,auto_pass,True,Jaccard ≥ threshold,n/a,n/a,n/a
2322,auto_pass,True,Jaccard ≥ threshold,n/a,n/a,n/a
2323,auto_pass,True,Jaccard ≥ threshold,n/a,n/a,n/a
2324,auto_pass,True,Jaccard ≥ threshold,n/a,n/a,n/a
2325,auto_pass,True,Jaccard ≥ threshold,n/a,n/a,n/a
2326,auto_pass,True,Jaccard ≥ threshold,n/a,n/a,n/a
2327,auto_pass,True,Jaccard ≥ threshold,n/a,n/a,n/a
2328,auto_pass,True,Jaccard ≥ threshold,n/a,n/a,n/a
2331,auto_pass,True,Jaccard ≥ threshold,n/a,n/a,n/a
2333,auto_pass,True,Jaccard ≥ threshold,n/a,n/a,n/a
2334,auto_pass,True,Jaccard ≥ threshold,n/a,n/a,n/a
2335,auto_pass,True,Jaccard ≥ threshold,n/a,n/a,n/a
2336,auto_pass,True,Jaccard ≥ threshold,n/a,n/a,n/a
2338,auto_pass,True,Jaccard ≥ threshold,n/a,n/a,n/a
2339,auto_pass,True,Jaccard ≥ threshold,n/a,n/a,n/a
2340,auto_pass,True,Jaccard ≥ threshold,n/a,n/a,n/a
2341,auto_pass,True,Jaccard ≥ threshold,n/a,n/a,n/a
2342,auto_pass,True,Jaccard ≥ threshold,n/a,n/a,n/a
2343,auto_pass,True,Jaccard ≥ threshold,n/a,n/a,n/a
2344,auto_pass,True,Jaccard ≥ threshold,n/a,n/a,n/a
2345,auto_pass,True,Jaccard ≥ threshold,n/a,n/a,n/a
2347,auto_pass,True,Jaccard ≥ threshold,n/a,n/a,n/a
2349,auto_pass,True,Jaccard ≥ threshold,n/a,n/a,n/a
2351,auto_pass,True,Jaccard ≥ threshold,n/a,n/a,n/a
2352,auto_pass,True,Jaccard ≥ threshold,n/a,n/a,n/a
2353,auto_pass,True,Jaccard ≥ threshold,n/a,n/a,n/a
2354,auto_pass,True,Jaccard ≥ threshold,n/a,n/a,n/a
2355,auto_pass,True,Jaccard ≥ threshold,n/a,n/a,n/a
2356,auto_pass,True,Jaccard ≥ threshold,n/a,n/a,n/a
2358,auto_pass,True,Jaccard ≥ threshold,n/a,n/a,n/a
2359,auto_pass,True,Jaccard ≥ threshold,n/a,n/a,n/a
2361,auto_pass,True,Jaccard ≥ threshold,n/a,n/a,n/a
2363,auto_pass,True,Jaccard ≥ threshold,n/a,n/a,n/a
2364,auto_pass,True,Jaccard ≥ threshold,n/a,n/a,n/a
2367,auto_pass,True,Jaccard ≥ threshold,n/a,n/a,n/a
2368,auto_pass,True,Jaccard ≥ threshold,n/a,n/a,n/a
2369,auto_pass,True,Jaccard ≥ threshold,n/a,n/a,n/a
2370,auto_pass,True,Jaccard ≥ threshold,n/a,n/a,n/a
2371,auto_pass,True,Jaccard ≥ threshold,n/a,n/a,n/a
2372,auto_pass,True,Jaccard ≥ threshold,n/a,n/a,n/a
2373,auto_pass,True,Jaccard ≥ threshold,n/a,n/a,n/a
2374,auto_pass,True,Jaccard ≥ threshold,n/a,n/a,n/a
2376,auto_pass,True,Jaccard ≥ threshold,n/a,n/a,n/a
2378,auto_pass,True,Jaccard ≥ threshold,n/a,n/a,n/a
2381,auto_pass,True,Jaccard ≥ threshold,n/a,n/a,n/a
2382,auto_pass,True,Jaccard ≥ threshold,n/a,n/a,n/a
2383,auto_pass,True,Jaccard ≥ threshold,n/a,n/a,n/a
2384,auto_pass,True,Jaccard ≥ threshold,n/a,n/a,n/a
2388,auto_pass,True,Jaccard ≥ threshold,n/a,n/a,n/a
2389,auto_pass,True,Jaccard ≥ threshold,n/a,n/a,n/a
2390,auto_pass,True,Jaccard ≥ threshold,n/a,n/a,n/a
2393,auto_pass,True,Jaccard ≥ threshold,n/a,n/a,n/a
2394,auto_pass,True,Jaccard ≥ threshold,n/a,n/a,n/a
2395,auto_pass,True,Jaccard ≥ threshold,n/a,n/a,n/a
2396,auto_pass,True,Jaccard ≥ threshold,n/a,n/a,n/a
2397,auto_pass,True,Jaccard ≥ threshold,n/a,n/a,n/a
2398,auto_pass,True,Jaccard ≥ threshold,n/a,n/a,n/a
2400,auto_pass,True,Jaccard ≥ threshold,n/a,n/a,n/a
2407,auto_pass,True,Jaccard ≥ threshold,n/a,n/a,n/a
2408,auto_pass,True,Jaccard ≥ threshold,n/a,n/a,n/a
2409,auto_pass,True,Jaccard ≥ threshold,n/a,n/a,n/a
2411,auto_pass,True,Jaccard ≥ threshold,n/a,n/a,n/a
2412,auto_pass,True,Jaccard ≥ threshold,n/a,n/a,n/a
2413,auto_pass,True,Jaccard ≥ threshold,n/a,n/a,n/a
2414,auto_pass,True,Jaccard ≥ threshold,n/a,n/a,n/a
2415,auto_pass,True,Jaccard ≥ threshold,n/a,n/a,n/a
2417,auto_pass,True,Jaccard ≥ threshold,n/a,n/a,n/a
2418,auto_pass,True,Jaccard ≥ threshold,n/a,n/a,n/a
2420,auto_pass,True,Jaccard ≥ threshold,n/a,n/a,n/a
2421,auto_pass,True,Jaccard ≥ threshold,n/a,n/a,n/a
2422,auto_pass,True,Jaccard ≥ threshold,n/a,n/a,n/a
2423,auto_pass,True,Jaccard ≥ threshold,n/a,n/a,n/a
2424,auto_pass,True,Jaccard ≥ threshold,n/a,n/a,n/a
2425,auto_pass,True,Jaccard ≥ threshold,n/a,n/a,n/a
2426,auto_pass,True,Jaccard ≥ threshold,n/a,n/a,n/a
2427,auto_pass,True,Jaccard ≥ threshold,n/a,n/a,n/a
2429,auto_pass,True,Jaccard ≥ threshold,n/a,n/a,n/a
2431,auto_pass,True,Jaccard ≥ threshold,n/a,n/a,n/a
2433,auto_pass,True,Jaccard ≥ threshold,n/a,n/a,n/a
2434,auto_pass,True,Jaccard ≥ threshold,n/a,n/a,n/a
2435,auto_pass,True,Jaccard ≥ threshold,n/a,n/a,n/a
2438,auto_pass,True,Jaccard ≥ threshold,n/a,n/a,n/a
2439,auto_pass,True,Jaccard ≥ threshold,n/a,n/a,n/a
2440,auto_pass,True,Jaccard ≥ threshold,n/a,n/a,n/a
2442,auto_pass,True,Jaccard ≥ threshold,n/a,n/a,n/a
2446,auto_pass,True,Jaccard ≥ threshold,n/a,n/a,n/a
2450,auto_pass,True,Jaccard ≥ threshold,n/a,n/a,n/a
2451,auto_pass,True,Jaccard ≥ threshold,n/a,n/a,n/a
2452,auto_pass,True,Jaccard ≥ threshold,n/a,n/a,n/a
2453,auto_pass,True,Jaccard ≥ threshold,n/a,n/a,n/a
2454,auto_pass,True,Jaccard ≥ threshold,n/a,n/a,n/a
2455,auto_pass,True,Jaccard ≥ threshold,n/a,n/a,n/a
2456,auto_pass,True,Jaccard ≥ threshold,n/a,n/a,n/a
2457,auto_pass,True,Jaccard ≥ threshold,n/a,n/a,n/a
2458,auto_pass,True,Jaccard ≥ threshold,n/a,n/a,n/a
2459,auto_pass,True,Jaccard ≥ threshold,n/a,n/a,n/a
2460,auto_pass,True,Jaccard ≥ threshold,n/a,n/a,n/a
2461,auto_pass,True,Jaccard ≥ threshold,n/a,n/a,n/a
2462,auto_pass,True,Jaccard ≥ threshold,n/a,n/a,n/a
2463,auto_pass,True,Jaccard ≥ threshold,n/a,n/a,n/a
2464,auto_pass,True,Jaccard ≥ threshold,n/a,n/a,n/a
2465,auto_pass,True,Jaccard ≥ threshold,n/a,n/a,n/a
2466,auto_pass,True,Jaccard ≥ threshold,n/a,n/a,n/a
2467,auto_pass,True,Jaccard ≥ threshold,n/a,n/a,n/a
2468,auto_pass,True,Jaccard ≥ threshold,n/a,n/a,n/a
2469,auto_pass,True,Jaccard ≥ threshold,n/a,n/a,n/a
2470,auto_pass,True,Jaccard ≥ threshold,n/a,n/a,n/a
2472,auto_pass,True,Jaccard ≥ threshold,n/a,n/a,n/a
2474,auto_pass,True,Jaccard ≥ threshold,n/a,n/a,n/a
2475,auto_pass,True,Jaccard ≥ threshold,n/a,n/a,n/a
2476,auto_pass,True,Jaccard ≥ threshold,n/a,n/a,n/a
2478,auto_pass,True,Jaccard ≥ threshold,n/a,n/a,n/a
2479,auto_pass,True,Jaccard ≥ threshold,n/a,n/a,n/a
2480,auto_pass,True,Jaccard ≥ threshold,n/a,n/a,n/a
2481,auto_pass,True,Jaccard ≥ threshold,n/a,n/a,n/a
2482,auto_pass,True,Jaccard ≥ threshold,n/a,n/a,n/a
2483,auto_pass,True,Jaccard ≥ threshold,n/a,n/a,n/a
2484,auto_pass,True,Jaccard ≥ threshold,n/a,n/a,n/a
2485,auto_pass,True,Jaccard ≥ threshold,n/a,n/a,n/a
2486,auto_pass,True,Jaccard ≥ threshold,n/a,n/a,n/a
2487,auto_pass,True,Jaccard ≥ threshold,n/a,n/a,n/a
2488,auto_pass,True,Jaccard ≥ threshold,n/a,n/a,n/a
2490,auto_pass,True,Jaccard ≥ threshold,n/a,n/a,n/a
2492,auto_pass,True,Jaccard ≥ threshold,n/a,n/a,n/a
2493,auto_pass,True,Jaccard ≥ threshold,n/a,n/a,n/a
2494,auto_pass,True,Jaccard ≥ threshold,n/a,n/a,n/a
2497,auto_pass,True,Jaccard ≥ threshold,n/a,n/a,n/a
2498,auto_pass,True,Jaccard ≥ threshold,n/a,n/a,n/a
2500,auto_pass,True,Jaccard ≥ threshold,n/a,n/a,n/a
2501,auto_pass,True,Jaccard ≥ threshold,n/a,n/a,n/a
2504,auto_pass,True,Jaccard ≥ threshold,n/a,n/a,n/a
2505,auto_pass,True,Jaccard ≥ threshold,n/a,n/a,n/a
2508,auto_pass,True,Jaccard ≥ threshold,n/a,n/a,n/a
2510,auto_pass,True,Jaccard ≥ threshold,n/a,n/a,n/a
2511,auto_pass,True,Jaccard ≥ threshold,n/a,n/a,n/a
2512,auto_pass,True,Jaccard ≥ threshold,n/a,n/a,n/a
2513,auto_pass,True,Jaccard ≥ threshold,n/a,n/a,n/a
2514,auto_pass,True,Jaccard ≥ threshold,n/a,n/a,n/a
2515,auto_pass,True,Jaccard ≥ threshold,n/a,n/a,n/a
2516,auto_pass,True,Jaccard ≥ threshold,n/a,n/a,n/a
2517,auto_pass,True,Jaccard ≥ threshold,n/a,n/a,n/a
2518,auto_pass,True,Jaccard ≥ threshold,n/a,n/a,n/a
2519,auto_pass,True,Jaccard ≥ threshold,n/a,n/a,n/a
2521,auto_pass,True,Jaccard ≥ threshold,n/a,n/a,n/a
2524,auto_pass,True,Jaccard ≥ threshold,n/a,n/a,n/a
2526,auto_pass,True,Jaccard ≥ threshold,n/a,n/a,n/a
2527,auto_pass,True,Jaccard ≥ threshold,n/a,n/a,n/a
2529,auto_pass,True,Jaccard ≥ threshold,n/a,n/a,n/a
2530,auto_pass,True,Jaccard ≥ threshold,n/a,n/a,n/a
2532,auto_pass,True,Jaccard ≥ threshold,n/a,n/a,n/a
2533,auto_pass,True,Jaccard ≥ threshold,n/a,n/a,n/a
2534,auto_pass,True,Jaccard ≥ threshold,n/a,n/a,n/a
2535,auto_pass,True,Jaccard ≥ threshold,n/a,n/a,n/a
2538,auto_pass,True,Jaccard ≥ threshold,n/a,n/a,n/a
2540,auto_pass,True,Jaccard ≥ threshold,n/a,n/a,n/a
2542,auto_pass,True,Jaccard ≥ threshold,n/a,n/a,n/a
2543,auto_pass,True,Jaccard ≥ threshold,n/a,n/a,n/a
2544,auto_pass,True,Jaccard ≥ threshold,n/a,n/a,n/a
2553,auto_pass,True,Jaccard ≥ threshold,n/a,n/a,n/a
2554,auto_pass,True,Jaccard ≥ threshold,n/a,n/a,n/a
2557,auto_pass,True,Jaccard ≥ threshold,n/a,n/a,n/a
2558,auto_pass,True,Jaccard ≥ threshold,n/a,n/a,n/a
2559,auto_pass,True,Jaccard ≥ threshold,n/a,n/a,n/a
2561,auto_pass,True,Jaccard ≥ threshold,n/a,n/a,n/a
2564,auto_pass,True,Jaccard ≥ threshold,n/a,n/a,n/a
2565,auto_pass,True,Jaccard ≥ threshold,n/a,n/a,n/a
2566,auto_pass,True,Jaccard ≥ threshold,n/a,n/a,n/a
2569,auto_pass,True,Jaccard ≥ threshold,n/a,n/a,n/a
2571,auto_pass,True,Jaccard ≥ threshold,n/a,n/a,n/a
2573,auto_pass,True,Jaccard ≥ threshold,n/a,n/a,n/a
2575,auto_pass,True,Jaccard ≥ threshold,n/a,n/a,n/a
2576,auto_pass,True,Jaccard ≥ threshold,n/a,n/a,n/a
2577,auto_pass,True,Jaccard ≥ threshold,n/a,n/a,n/a
2580,auto_pass,True,Jaccard ≥ threshold,n/a,n/a,n/a
2581,auto_pass,True,Jaccard ≥ threshold,n/a,n/a,n/a
2582,auto_pass,True,Jaccard ≥ threshold,n/a,n/a,n/a
2583,auto_pass,True,Jaccard ≥ threshold,n/a,n/a,n/a
2585,auto_pass,True,Jaccard ≥ threshold,n/a,n/a,n/a
2587,auto_pass,True,Jaccard ≥ threshold,n/a,n/a,n/a
2588,auto_pass,True,Jaccard ≥ threshold,n/a,n/a,n/a
2589,auto_pass,True,Jaccard ≥ threshold,n/a,n/a,n/a
2590,auto_pass,True,Jaccard ≥ threshold,n/a,n/a,n/a
2591,auto_pass,True,Jaccard ≥ threshold,n/a,n/a,n/a
2592,auto_pass,True,Jaccard ≥ threshold,n/a,n/a,n/a
2593,auto_pass,True,Jaccard ≥ threshold,n/a,n/a,n/a
2594,auto_pass,True,Jaccard ≥ threshold,n/a,n/a,n/a
2596,auto_pass,True,Jaccard ≥ threshold,n/a,n/a,n/a
2597,auto_pass,True,Jaccard ≥ threshold,n/a,n/a,n/a
2598,auto_pass,True,Jaccard ≥ threshold,n/a,n/a,n/a
2599,auto_pass,True,Jaccard ≥ threshold,n/a,n/a,n/a
2601,auto_pass,True,Jaccard ≥ threshold,n/a,n/a,n/a
2603,auto_pass,True,Jaccard ≥ threshold,n/a,n/a,n/a
2604,auto_pass,True,Jaccard ≥ threshold,n/a,n/a,n/a
2605,auto_pass,True,Jaccard ≥ threshold,n/a,n/a,n/a
2606,auto_pass,True,Jaccard ≥ threshold,n/a,n/a,n/a
2607,auto_pass,True,Jaccard ≥ threshold,n/a,n/a,n/a
2612,auto_pass,True,Jaccard ≥ threshold,n/a,n/a,n/a
2614,auto_pass,True,Jaccard ≥ threshold,n/a,n/a,n/a
2617,auto_pass,True,Jaccard ≥ threshold,n/a,n/a,n/a
2619,auto_pass,True,Jaccard ≥ threshold,n/a,n/a,n/a
2620,auto_pass,True,Jaccard ≥ threshold,n/a,n/a,n/a
2621,auto_pass,True,Jaccard ≥ threshold,n/a,n/a,n/a
2623,auto_pass,True,Jaccard ≥ threshold,n/a,n/a,n/a
2624,auto_pass,True,Jaccard ≥ threshold,n/a,n/a,n/a
2625,auto_pass,True,Jaccard ≥ threshold,n/a,n/a,n/a
2629,auto_pass,True,Jaccard ≥ threshold,n/a,n/a,n/a
2630,auto_pass,True,Jaccard ≥ threshold,n/a,n/a,n/a
2633,auto_pass,True,Jaccard ≥ threshold,n/a,n/a,n/a
2634,auto_pass,True,Jaccard ≥ threshold,n/a,n/a,n/a
2635,auto_pass,True,Jaccard ≥ threshold,n/a,n/a,n/a
2636,auto_pass,True,Jaccard ≥ threshold,n/a,n/a,n/a
2638,auto_pass,True,Jaccard ≥ threshold,n/a,n/a,n/a
2639,auto_pass,True,Jaccard ≥ threshold,n/a,n/a,n/a
2640,auto_pass,True,Jaccard ≥ threshold,n/a,n/a,n/a
2642,auto_pass,True,Jaccard ≥ threshold,n/a,n/a,n/a
2643,auto_pass,True,Jaccard ≥ threshold,n/a,n/a,n/a
2644,auto_pass,True,Jaccard ≥ threshold,n/a,n/a,n/a
2646,auto_pass,True,Jaccard ≥ threshold,n/a,n/a,n/a
2647,auto_pass,True,Jaccard ≥ threshold,n/a,n/a,n/a
2648,auto_pass,True,Jaccard ≥ threshold,n/a,n/a,n/a
2649,auto_pass,True,Jaccard ≥ threshold,n/a,n/a,n/a
2650,auto_pass,True,Jaccard ≥ threshold,n/a,n/a,n/a
2651,auto_pass,True,Jaccard ≥ threshold,n/a,n/a,n/a
2652,auto_pass,True,Jaccard ≥ threshold,n/a,n/a,n/a
2654,auto_pass,True,Jaccard ≥ threshold,n/a,n/a,n/a
2658,auto_pass,True,Jaccard ≥ threshold,n/a,n/a,n/a
2659,auto_pass,True,Jaccard ≥ threshold,n/a,n/a,n/a
2660,auto_pass,True,Jaccard ≥ threshold,n/a,n/a,n/a
2666,auto_pass,True,Jaccard ≥ threshold,n/a,n/a,n/a
2668,auto_pass,True,Jaccard ≥ threshold,n/a,n/a,n/a
2670,auto_pass,True,Jaccard ≥ threshold,n/a,n/a,n/a
2673,auto_pass,True,Jaccard ≥ threshold,n/a,n/a,n/a
2674,auto_pass,True,Jaccard ≥ threshold,n/a,n/a,n/a
2675,auto_pass,True,Jaccard ≥ threshold,n/a,n/a,n/a
2676,auto_pass,True,Jaccard ≥ threshold,n/a,n/a,n/a
2677,auto_pass,True,Jaccard ≥ threshold,n/a,n/a,n/a
2680,auto_pass,True,Jaccard ≥ threshold,n/a,n/a,n/a
2681,auto_pass,True,Jaccard ≥ threshold,n/a,n/a,n/a
2682,auto_pass,True,Jaccard ≥ threshold,n/a,n/a,n/a
2683,auto_pass,True,Jaccard ≥ threshold,n/a,n/a,n/a
2684,auto_pass,True,Jaccard ≥ threshold,n/a,n/a,n/a
2686,auto_pass,True,Jaccard ≥ threshold,n/a,n/a,n/a
2688,auto_pass,True,Jaccard ≥ threshold,n/a,n/a,n/a
2689,auto_pass,True,Jaccard ≥ threshold,n/a,n/a,n/a
2690,auto_pass,True,Jaccard ≥ threshold,n/a,n/a,n/a
2692,auto_pass,True,Jaccard ≥ threshold,n/a,n/a,n/a
2696,auto_pass,True,Jaccard ≥ threshold,n/a,n/a,n/a
2700,auto_pass,True,Jaccard ≥ threshold,n/a,n/a,n/a
2701,auto_pass,True,Jaccard ≥ threshold,n/a,n/a,n/a
2704,auto_pass,True,Jaccard ≥ threshold,n/a,n/a,n/a
2706,auto_pass,True,Jaccard ≥ threshold,n/a,n/a,n/a
2707,auto_pass,True,Jaccard ≥ threshold,n/a,n/a,n/a
2709,auto_pass,True,Jaccard ≥ threshold,n/a,n/a,n/a
2710,auto_pass,True,Jaccard ≥ threshold,n/a,n/a,n/a
2711,auto_pass,True,Jaccard ≥ threshold,n/a,n/a,n/a
2712,auto_pass,True,Jaccard ≥ threshold,n/a,n/a,n/a
2716,auto_pass,True,Jaccard ≥ threshold,n/a,n/a,n/a
2717,auto_pass,True,Jaccard ≥ threshold,n/a,n/a,n/a
2719,auto_pass,True,Jaccard ≥ threshold,n/a,n/a,n/a
2720,auto_pass,True,Jaccard ≥ threshold,n/a,n/a,n/a
2722,auto_pass,True,Jaccard ≥ threshold,n/a,n/a,n/a
2723,auto_pass,True,Jaccard ≥ threshold,n/a,n/a,n/a
2724,auto_pass,True,Jaccard ≥ threshold,n/a,n/a,n/a
2725,auto_pass,True,Jaccard ≥ threshold,n/a,n/a,n/a
2728,auto_pass,True,Jaccard ≥ threshold,n/a,n/a,n/a
2729,auto_pass,True,Jaccard ≥ threshold,n/a,n/a,n/a
2731,auto_pass,True,Jaccard ≥ threshold,n/a,n/a,n/a
2732,auto_pass,True,Jaccard ≥ threshold,n/a,n/a,n/a
2733,auto_pass,True,Jaccard ≥ threshold,n/a,n/a,n/a
2734,auto_pass,True,Jaccard ≥ threshold,n/a,n/a,n/a
2736,auto_pass,True,Jaccard ≥ threshold,n/a,n/a,n/a
2738,auto_pass,True,Jaccard ≥ threshold,n/a,n/a,n/a
2740,auto_pass,True,Jaccard ≥ threshold,n/a,n/a,n/a
2741,auto_pass,True,Jaccard ≥ threshold,n/a,n/a,n/a
2742,auto_pass,True,Jaccard ≥ threshold,n/a,n/a,n/a
2743,auto_pass,True,Jaccard ≥ threshold,n/a,n/a,n/a
2744,auto_pass,True,Jaccard ≥ threshold,n/a,n/a,n/a
2745,auto_pass,True,Jaccard ≥ threshold,n/a,n/a,n/a
2747,auto_pass,True,Jaccard ≥ threshold,n/a,n/a,n/a
2748,auto_pass,True,Jaccard ≥ threshold,n/a,n/a,n/a
2749,auto_pass,True,Jaccard ≥ threshold,n/a,n/a,n/a
2750,auto_pass,True,Jaccard ≥ threshold,n/a,n/a,n/a
2752,auto_pass,True,Jaccard ≥ threshold,n/a,n/a,n/a
2754,auto_pass,True,Jaccard ≥ threshold,n/a,n/a,n/a
2755,auto_pass,True,Jaccard ≥ threshold,n/a,n/a,n/a
2756,auto_pass,True,Jaccard ≥ threshold,n/a,n/a,n/a
2757,auto_pass,True,Jaccard ≥ threshold,n/a,n/a,n/a
2758,auto_pass,True,Jaccard ≥ threshold,n/a,n/a,n/a
2759,auto_pass,True,Jaccard ≥ threshold,n/a,n/a,n/a
2760,auto_pass,True,Jaccard ≥ threshold,n/a,n/a,n/a
2761,auto_pass,True,Jaccard ≥ threshold,n/a,n/a,n/a
2764,auto_pass,True,Jaccard ≥ threshold,n/a,n/a,n/a
2766,auto_pass,True,Jaccard ≥ threshold,n/a,n/a,n/a
2767,auto_pass,True,Jaccard ≥ threshold,n/a,n/a,n/a
2768,auto_pass,True,Jaccard ≥ threshold,n/a,n/a,n/a
2769,auto_pass,True,Jaccard ≥ threshold,n/a,n/a,n/a
2770,auto_pass,True,Jaccard ≥ threshold,n/a,n/a,n/a
2771,auto_pass,True,Jaccard ≥ threshold,n/a,n/a,n/a
2773,auto_pass,True,Jaccard ≥ threshold,n/a,n/a,n/a
2777,auto_pass,True,Jaccard ≥ threshold,n/a,n/a,n/a
2780,auto_pass,True,Jaccard ≥ threshold,n/a,n/a,n/a
2781,auto_pass,True,Jaccard ≥ threshold,n/a,n/a,n/a
2782,auto_pass,True,Jaccard ≥ threshold,n/a,n/a,n/a
2784,auto_pass,True,Jaccard ≥ threshold,n/a,n/a,n/a
2785,auto_pass,True,Jaccard ≥ threshold,n/a,n/a,n/a
2786,auto_pass,True,Jaccard ≥ threshold,n/a,n/a,n/a
2787,auto_pass,True,Jaccard ≥ threshold,n/a,n/a,n/a
2788,auto_pass,True,Jaccard ≥ threshold,n/a,n/a,n/a
2789,auto_pass,True,Jaccard ≥ threshold,n/a,n/a,n/a
2791,auto_pass,True,Jaccard ≥ threshold,n/a,n/a,n/a
2792,auto_pass,True,Jaccard ≥ threshold,n/a,n/a,n/a
2794,auto_pass,True,Jaccard ≥ threshold,n/a,n/a,n/a
2795,auto_pass,True,Jaccard ≥ threshold,n/a,n/a,n/a
2797,auto_pass,True,Jaccard ≥ threshold,n/a,n/a,n/a
2799,auto_pass,True,Jaccard ≥ threshold,n/a,n/a,n/a
2800,auto_pass,True,Jaccard ≥ threshold,n/a,n/a,n/a
2801,auto_pass,True,Jaccard ≥ threshold,n/a,n/a,n/a
2802,auto_pass,True,Jaccard ≥ threshold,n/a,n/a,n/a
2803,auto_pass,True,Jaccard ≥ threshold,n/a,n/a,n/a
2806,auto_pass,True,Jaccard ≥ threshold,n/a,n/a,n/a
2809,auto_pass,True,Jaccard ≥ threshold,n/a,n/a,n/a
2812,auto_pass,True,Jaccard ≥ threshold,n/a,n/a,n/a
2813,auto_pass,True,Jaccard ≥ threshold,n/a,n/a,n/a
2815,auto_pass,True,Jaccard ≥ threshold,n/a,n/a,n/a
2816,auto_pass,True,Jaccard ≥ threshold,n/a,n/a,n/a
2817,auto_pass,True,Jaccard ≥ threshold,n/a,n/a,n/a
2819,auto_pass,True,Jaccard ≥ threshold,n/a,n/a,n/a
2820,auto_pass,True,Jaccard ≥ threshold,n/a,n/a,n/a
2821,auto_pass,True,Jaccard ≥ threshold,n/a,n/a,n/a
2823,auto_pass,True,Jaccard ≥ threshold,n/a,n/a,n/a
2824,auto_pass,True,Jaccard ≥ threshold,n/a,n/a,n/a
2825,auto_pass,True,Jaccard ≥ threshold,n/a,n/a,n/a
2827,auto_pass,True,Jaccard ≥ threshold,n/a,n/a,n/a
2828,auto_pass,True,Jaccard ≥ threshold,n/a,n/a,n/a
2829,auto_pass,True,Jaccard ≥ threshold,n/a,n/a,n/a
2833,auto_pass,True,Jaccard ≥ threshold,n/a,n/a,n/a
2834,auto_pass,True,Jaccard ≥ threshold,n/a,n/a,n/a
2836,auto_pass,True,Jaccard ≥ threshold,n/a,n/a,n/a
2840,auto_pass,True,Jaccard ≥ threshold,n/a,n/a,n/a
2842,auto_pass,True,Jaccard ≥ threshold,n/a,n/a,n/a
2844,auto_pass,True,Jaccard ≥ threshold,n/a,n/a,n/a
2845,auto_pass,True,Jaccard ≥ threshold,n/a,n/a,n/a
2847,auto_pass,True,Jaccard ≥ threshold,n/a,n/a,n/a
2849,auto_pass,True,Jaccard ≥ threshold,n/a,n/a,n/a
2853,auto_pass,True,Jaccard ≥ threshold,n/a,n/a,n/a
2860,auto_pass,True,Jaccard ≥ threshold,n/a,n/a,n/a
2861,auto_pass,True,Jaccard ≥ threshold,n/a,n/a,n/a
2862,auto_pass,True,Jaccard ≥ threshold,n/a,n/a,n/a
2866,auto_pass,True,Jaccard ≥ threshold,n/a,n/a,n/a
2867,auto_pass,True,Jaccard ≥ threshold,n/a,n/a,n/a
2868,auto_pass,True,Jaccard ≥ threshold,n/a,n/a,n/a
2870,auto_pass,True,Jaccard ≥ threshold,n/a,n/a,n/a
2871,auto_pass,True,Jaccard ≥ threshold,n/a,n/a,n/a
2872,auto_pass,True,Jaccard ≥ threshold,n/a,n/a,n/a
2873,auto_pass,True,Jaccard ≥ threshold,n/a,n/a,n/a
2874,auto_pass,True,Jaccard ≥ threshold,n/a,n/a,n/a
2875,auto_pass,True,Jaccard ≥ threshold,n/a,n/a,n/a
2879,auto_pass,True,Jaccard ≥ threshold,n/a,n/a,n/a
2881,auto_pass,True,Jaccard ≥ threshold,n/a,n/a,n/a
2884,auto_pass,True,Jaccard ≥ threshold,n/a,n/a,n/a
2887,auto_pass,True,Jaccard ≥ threshold,n/a,n/a,n/a
2888,auto_pass,True,Jaccard ≥ threshold,n/a,n/a,n/a
2890,auto_pass,True,Jaccard ≥ threshold,n/a,n/a,n/a
2891,auto_pass,True,Jaccard ≥ threshold,n/a,n/a,n/a
2892,auto_pass,True,Jaccard ≥ threshold,n/a,n/a,n/a
2893,auto_pass,True,Jaccard ≥ threshold,n/a,n/a,n/a
2896,auto_pass,True,Jaccard ≥ threshold,n/a,n/a,n/a
2897,auto_pass,True,Jaccard ≥ threshold,n/a,n/a,n/a
2898,auto_pass,True,Jaccard ≥ threshold,n/a,n/a,n/a
2899,auto_pass,True,Jaccard ≥ threshold,n/a,n/a,n/a
2900,auto_pass,True,Jaccard ≥ threshold,n/a,n/a,n/a
2902,auto_pass,True,Jaccard ≥ threshold,n/a,n/a,n/a
2903,auto_pass,True,Jaccard ≥ threshold,n/a,n/a,n/a
2907,auto_pass,True,Jaccard ≥ threshold,n/a,n/a,n/a
2908,auto_pass,True,Jaccard ≥ threshold,n/a,n/a,n/a
2911,auto_pass,True,Jaccard ≥ threshold,n/a,n/a,n/a
2912,auto_pass,True,Jaccard ≥ threshold,n/a,n/a,n/a
2913,auto_pass,True,Jaccard ≥ threshold,n/a,n/a,n/a
2914,auto_pass,True,Jaccard ≥ threshold,n/a,n/a,n/a
2915,auto_pass,True,Jaccard ≥ threshold,n/a,n/a,n/a
2918,auto_pass,True,Jaccard ≥ threshold,n/a,n/a,n/a
2920,auto_pass,True,Jaccard ≥ threshold,n/a,n/a,n/a
2922,auto_pass,True,Jaccard ≥ threshold,n/a,n/a,n/a
2924,auto_pass,True,Jaccard ≥ threshold,n/a,n/a,n/a
2925,auto_pass,True,Jaccard ≥ threshold,n/a,n/a,n/a
2926,auto_pass,True,Jaccard ≥ threshold,n/a,n/a,n/a
2927,auto_pass,True,Jaccard ≥ threshold,n/a,n/a,n/a
2928,auto_pass,True,Jaccard ≥ threshold,n/a,n/a,n/a
2930,auto_pass,True,Jaccard ≥ threshold,n/a,n/a,n/a
2935,auto_pass,True,Jaccard ≥ threshold,n/a,n/a,n/a
2936,auto_pass,True,Jaccard ≥ threshold,n/a,n/a,n/a
2939,auto_pass,True,Jaccard ≥ threshold,n/a,n/a,n/a
2940,auto_pass,True,Jaccard ≥ threshold,n/a,n/a,n/a
2941,auto_pass,True,Jaccard ≥ threshold,n/a,n/a,n/a
2942,auto_pass,True,Jaccard ≥ threshold,n/a,n/a,n/a
2943,auto_pass,True,Jaccard ≥ threshold,n/a,n/a,n/a
2944,auto_pass,True,Jaccard ≥ threshold,n/a,n/a,n/a
2945,auto_pass,True,Jaccard ≥ threshold,n/a,n/a,n/a
2946,auto_pass,True,Jaccard ≥ threshold,n/a,n/a,n/a
2947,auto_pass,True,Jaccard ≥ threshold,n/a,n/a,n/a
2949,auto_pass,True,Jaccard ≥ threshold,n/a,n/a,n/a
2950,auto_pass,True,Jaccard ≥ threshold,n/a,n/a,n/a
2951,auto_pass,True,Jaccard ≥ threshold,n/a,n/a,n/a
2952,auto_pass,True,Jaccard ≥ threshold,n/a,n/a,n/a
2953,auto_pass,True,Jaccard ≥ threshold,n/a,n/a,n/a
2954,auto_pass,True,Jaccard ≥ threshold,n/a,n/a,n/a
2955,auto_pass,True,Jaccard ≥ threshold,n/a,n/a,n/a
2956,auto_pass,True,Jaccard ≥ threshold,n/a,n/a,n/a
2957,auto_pass,True,Jaccard ≥ threshold,n/a,n/a,n/a
2961,auto_pass,True,Jaccard ≥ threshold,n/a,n/a,n/a
2962,auto_pass,True,Jaccard ≥ threshold,n/a,n/a,n/a
2963,auto_pass,True,Jaccard ≥ threshold,n/a,n/a,n/a
2967,auto_pass,True,Jaccard ≥ threshold,n/a,n/a,n/a
2968,auto_pass,True,Jaccard ≥ threshold,n/a,n/a,n/a
2969,auto_pass,True,Jaccard ≥ threshold,n/a,n/a,n/a
2970,auto_pass,True,Jaccard ≥ threshold,n/a,n/a,n/a
2971,auto_pass,True,Jaccard ≥ threshold,n/a,n/a,n/a
2973,auto_pass,True,Jaccard ≥ threshold,n/a,n/a,n/a
2974,auto_pass,True,Jaccard ≥ threshold,n/a,n/a,n/a
2976,auto_pass,True,Jaccard ≥ threshold,n/a,n/a,n/a
2977,auto_pass,True,Jaccard ≥ threshold,n/a,n/a,n/a
2978,auto_pass,True,Jaccard ≥ threshold,n/a,n/a,n/a
2979,auto_pass,True,Jaccard ≥ threshold,n/a,n/a,n/a
2980,auto_pass,True,Jaccard ≥ threshold,n/a,n/a,n/a
2990,auto_pass,True,Jaccard ≥ threshold,n/a,n/a,n/a
2991,auto_pass,True,Jaccard ≥ threshold,n/a,n/a,n/a
2993,auto_pass,True,Jaccard ≥ threshold,n/a,n/a,n/a
2994,auto_pass,True,Jaccard ≥ threshold,n/a,n/a,n/a
2995,auto_pass,True,Jaccard ≥ threshold,n/a,n/a,n/a
2997,auto_pass,True,Jaccard ≥ threshold,n/a,n/a,n/a
2999,auto_pass,True,Jaccard ≥ threshold,n/a,n/a,n/a
3000,auto_pass,True,Jaccard ≥ threshold,n/a,n/a,n/a
3001,auto_pass,True,Jaccard ≥ threshold,n/a,n/a,n/a
3002,auto_pass,True,Jaccard ≥ threshold,n/a,n/a,n/a
3003,auto_pass,True,Jaccard ≥ threshold,n/a,n/a,n/a
3004,auto_pass,True,Jaccard ≥ threshold,n/a,n/a,n/a
3006,auto_pass,True,Jaccard ≥ threshold,n/a,n/a,n/a
3007,auto_pass,True,Jaccard ≥ threshold,n/a,n/a,n/a
3008,auto_pass,True,Jaccard ≥ threshold,n/a,n/a,n/a
3009,auto_pass,True,Jaccard ≥ threshold,n/a,n/a,n/a
3010,auto_pass,True,Jaccard ≥ threshold,n/a,n/a,n/a
3012,auto_pass,True,Jaccard ≥ threshold,n/a,n/a,n/a
3014,auto_pass,True,Jaccard ≥ threshold,n/a,n/a,n/a
3015,auto_pass,True,Jaccard ≥ threshold,n/a,n/a,n/a
3016,auto_pass,True,Jaccard ≥ threshold,n/a,n/a,n/a
3017,auto_pass,True,Jaccard ≥ threshold,n/a,n/a,n/a
3018,auto_pass,True,Jaccard ≥ threshold,n/a,n/a,n/a
3019,auto_pass,True,Jaccard ≥ threshold,n/a,n/a,n/a
3020,auto_pass,True,Jaccard ≥ threshold,n/a,n/a,n/a
3021,auto_pass,True,Jaccard ≥ threshold,n/a,n/a,n/a
3022,auto_pass,True,Jaccard ≥ threshold,n/a,n/a,n/a
3024,auto_pass,True,Jaccard ≥ threshold,n/a,n/a,n/a
3025,auto_pass,True,Jaccard ≥ threshold,n/a,n/a,n/a
3027,auto_pass,True,Jaccard ≥ threshold,n/a,n/a,n/a
3030,auto_pass,True,Jaccard ≥ threshold,n/a,n/a,n/a
3035,auto_pass,True,Jaccard ≥ threshold,n/a,n/a,n/a
3036,auto_pass,True,Jaccard ≥ threshold,n/a,n/a,n/a
3038,auto_pass,True,Jaccard ≥ threshold,n/a,n/a,n/a
3044,auto_pass,True,Jaccard ≥ threshold,n/a,n/a,n/a
3045,auto_pass,True,Jaccard ≥ threshold,n/a,n/a,n/a
3050,auto_pass,True,Jaccard ≥ threshold,n/a,n/a,n/a
3053,auto_pass,True,Jaccard ≥ threshold,n/a,n/a,n/a
3054,auto_pass,True,Jaccard ≥ threshold,n/a,n/a,n/a
3055,auto_pass,True,Jaccard ≥ threshold,n/a,n/a,n/a
3056,auto_pass,True,Jaccard ≥ threshold,n/a,n/a,n/a
3059,auto_pass,True,Jaccard ≥ threshold,n/a,n/a,n/a
3061,auto_pass,True,Jaccard ≥ threshold,n/a,n/a,n/a
3062,auto_pass,True,Jaccard ≥ threshold,n/a,n/a,n/a
3063,auto_pass,True,Jaccard ≥ threshold,n/a,n/a,n/a
3064,auto_pass,True,Jaccard ≥ threshold,n/a,n/a,n/a
3065,auto_pass,True,Jaccard ≥ threshold,n/a,n/a,n/a
3066,auto_pass,True,Jaccard ≥ threshold,n/a,n/a,n/a
3067,auto_pass,True,Jaccard ≥ threshold,n/a,n/a,n/a
3068,auto_pass,True,Jaccard ≥ threshold,n/a,n/a,n/a
3069,auto_pass,True,Jaccard ≥ threshold,n/a,n/a,n/a
3070,auto_pass,True,Jaccard ≥ threshold,n/a,n/a,n/a
3072,auto_pass,True,Jaccard ≥ threshold,n/a,n/a,n/a
3073,auto_pass,True,Jaccard ≥ threshold,n/a,n/a,n/a
3074,auto_pass,True,Jaccard ≥ threshold,n/a,n/a,n/a
3076,auto_pass,True,Jaccard ≥ threshold,n/a,n/a,n/a
3081,auto_pass,True,Jaccard ≥ threshold,n/a,n/a,n/a
3082,auto_pass,True,Jaccard ≥ threshold,n/a,n/a,n/a
3084,auto_pass,True,Jaccard ≥ threshold,n/a,n/a,n/a
3085,auto_pass,True,Jaccard ≥ threshold,n/a,n/a,n/a
3086,auto_pass,True,Jaccard ≥ threshold,n/a,n/a,n/a
3087,auto_pass,True,Jaccard ≥ threshold,n/a,n/a,n/a
3088,auto_pass,True,Jaccard ≥ threshold,n/a,n/a,n/a
3089,auto_pass,True,Jaccard ≥ threshold,n/a,n/a,n/a
3090,auto_pass,True,Jaccard ≥ threshold,n/a,n/a,n/a
3091,auto_pass,True,Jaccard ≥ threshold,n/a,n/a,n/a
3092,auto_pass,True,Jaccard ≥ threshold,n/a,n/a,n/a
3093,auto_pass,True,Jaccard ≥ threshold,n/a,n/a,n/a
3094,auto_pass,True,Jaccard ≥ threshold,n/a,n/a,n/a
3095,auto_pass,True,Jaccard ≥ threshold,n/a,n/a,n/a
3096,auto_pass,True,Jaccard ≥ threshold,n/a,n/a,n/a
3098,auto_pass,True,Jaccard ≥ threshold,n/a,n/a,n/a
3101,auto_pass,True,Jaccard ≥ threshold,n/a,n/a,n/a
3102,auto_pass,True,Jaccard ≥ threshold,n/a,n/a,n/a
3103,auto_pass,True,Jaccard ≥ threshold,n/a,n/a,n/a
3105,auto_pass,True,Jaccard ≥ threshold,n/a,n/a,n/a
3107,auto_pass,True,Jaccard ≥ threshold,n/a,n/a,n/a
3109,auto_pass,True,Jaccard ≥ threshold,n/a,n/a,n/a
3110,auto_pass,True,Jaccard ≥ threshold,n/a,n/a,n/a
3112,auto_pass,True,Jaccard ≥ threshold,n/a,n/a,n/a
3113,auto_pass,True,Jaccard ≥ threshold,n/a,n/a,n/a
3114,auto_pass,True,Jaccard ≥ threshold,n/a,n/a,n/a
3115,auto_pass,True,Jaccard ≥ threshold,n/a,n/a,n/a
3116,auto_pass,True,Jaccard ≥ threshold,n/a,n/a,n/a
3117,auto_pass,True,Jaccard ≥ threshold,n/a,n/a,n/a
3118,auto_pass,True,Jaccard ≥ threshold,n/a,n/a,n/a
3119,auto_pass,True,Jaccard ≥ threshold,n/a,n/a,n/a
3120,auto_pass,True,Jaccard ≥ threshold,n/a,n/a,n/a
3122,auto_pass,True,Jaccard ≥ threshold,n/a,n/a,n/a
3125,auto_pass,True,Jaccard ≥ threshold,n/a,n/a,n/a
3126,auto_pass,True,Jaccard ≥ threshold,n/a,n/a,n/a
3127,auto_pass,True,Jaccard ≥ threshold,n/a,n/a,n/a
3128,auto_pass,True,Jaccard ≥ threshold,n/a,n/a,n/a
3129,auto_pass,True,Jaccard ≥ threshold,n/a,n/a,n/a
3130,auto_pass,True,Jaccard ≥ threshold,n/a,n/a,n/a
3131,auto_pass,True,Jaccard ≥ threshold,n/a,n/a,n/a
3132,auto_pass,True,Jaccard ≥ threshold,n/a,n/a,n/a
3133,auto_pass,True,Jaccard ≥ threshold,n/a,n/a,n/a
3134,auto_pass,True,Jaccard ≥ threshold,n/a,n/a,n/a
3135,auto_pass,True,Jaccard ≥ threshold,n/a,n/a,n/a
3136,auto_pass,True,Jaccard ≥ threshold,n/a,n/a,n/a
3137,auto_pass,True,Jaccard ≥ threshold,n/a,n/a,n/a
3138,auto_pass,True,Jaccard ≥ threshold,n/a,n/a,n/a
3139,auto_pass,True,Jaccard ≥ threshold,n/a,n/a,n/a
3140,auto_pass,True,Jaccard ≥ threshold,n/a,n/a,n/a
3145,auto_pass,True,Jaccard ≥ threshold,n/a,n/a,n/a
3146,auto_pass,True,Jaccard ≥ threshold,n/a,n/a,n/a
3147,auto_pass,True,Jaccard ≥ threshold,n/a,n/a,n/a
3148,auto_pass,True,Jaccard ≥ threshold,n/a,n/a,n/a
3149,auto_pass,True,Jaccard ≥ threshold,n/a,n/a,n/a
3150,auto_pass,True,Jaccard ≥ threshold,n/a,n/a,n/a
3151,auto_pass,True,Jaccard ≥ threshold,n/a,n/a,n/a
3152,auto_pass,True,Jaccard ≥ threshold,n/a,n/a,n/a
3155,auto_pass,True,Jaccard ≥ threshold,n/a,n/a,n/a
3156,auto_pass,True,Jaccard ≥ threshold,n/a,n/a,n/a
3157,auto_pass,True,Jaccard ≥ threshold,n/a,n/a,n/a
3158,auto_pass,True,Jaccard ≥ threshold,n/a,n/a,n/a
3163,auto_pass,True,Jaccard ≥ threshold,n/a,n/a,n/a
3164,auto_pass,True,Jaccard ≥ threshold,n/a,n/a,n/a
3165,auto_pass,True,Jaccard ≥ threshold,n/a,n/a,n/a
3166,auto_pass,True,Jaccard ≥ threshold,n/a,n/a,n/a
3167,auto_pass,True,Jaccard ≥ threshold,n/a,n/a,n/a
3170,auto_pass,True,Jaccard ≥ threshold,n/a,n/a,n/a
3171,auto_pass,True,Jaccard ≥ threshold,n/a,n/a,n/a
3173,auto_pass,True,Jaccard ≥ threshold,n/a,n/a,n/a
3174,auto_pass,True,Jaccard ≥ threshold,n/a,n/a,n/a
3181,auto_pass,True,Jaccard ≥ threshold,n/a,n/a,n/a
3183,auto_pass,True,Jaccard ≥ threshold,n/a,n/a,n/a
3185,auto_pass,True,Jaccard ≥ threshold,n/a,n/a,n/a
3187,auto_pass,True,Jaccard ≥ threshold,n/a,n/a,n/a
3188,auto_pass,True,Jaccard ≥ threshold,n/a,n/a,n/a
3189,auto_pass,True,Jaccard ≥ threshold,n/a,n/a,n/a
3190,auto_pass,True,Jaccard ≥ threshold,n/a,n/a,n/a
3194,auto_pass,True,Jaccard ≥ threshold,n/a,n/a,n/a
3195,auto_pass,True,Jaccard ≥ threshold,n/a,n/a,n/a
3196,auto_pass,True,Jaccard ≥ threshold,n/a,n/a,n/a
3197,auto_pass,True,Jaccard ≥ threshold,n/a,n/a,n/a
3198,auto_pass,True,Jaccard ≥ threshold,n/a,n/a,n/a
3199,auto_pass,True,Jaccard ≥ threshold,n/a,n/a,n/a
3201,auto_pass,True,Jaccard ≥ threshold,n/a,n/a,n/a
3204,auto_pass,True,Jaccard ≥ threshold,n/a,n/a,n/a
3205,auto_pass,True,Jaccard ≥ threshold,n/a,n/a,n/a
3206,auto_pass,True,Jaccard ≥ threshold,n/a,n/a,n/a
3207,auto_pass,True,Jaccard ≥ threshold,n/a,n/a,n/a
3210,auto_pass,True,Jaccard ≥ threshold,n/a,n/a,n/a
3215,auto_pass,True,Jaccard ≥ threshold,n/a,n/a,n/a
3216,auto_pass,True,Jaccard ≥ threshold,n/a,n/a,n/a
3217,auto_pass,True,Jaccard ≥ threshold,n/a,n/a,n/a
3220,auto_pass,True,Jaccard ≥ threshold,n/a,n/a,n/a
3222,auto_pass,True,Jaccard ≥ threshold,n/a,n/a,n/a
3223,auto_pass,True,Jaccard ≥ threshold,n/a,n/a,n/a
3224,auto_pass,True,Jaccard ≥ threshold,n/a,n/a,n/a
3226,auto_pass,True,Jaccard ≥ threshold,n/a,n/a,n/a
3227,auto_pass,True,Jaccard ≥ threshold,n/a,n/a,n/a
3228,auto_pass,True,Jaccard ≥ threshold,n/a,n/a,n/a
3231,auto_pass,True,Jaccard ≥ threshold,n/a,n/a,n/a
3235,auto_pass,True,Jaccard ≥ threshold,n/a,n/a,n/a
3236,auto_pass,True,Jaccard ≥ threshold,n/a,n/a,n/a
3237,auto_pass,True,Jaccard ≥ threshold,n/a,n/a,n/a
3240,auto_pass,True,Jaccard ≥ threshold,n/a,n/a,n/a
3241,auto_pass,True,Jaccard ≥ threshold,n/a,n/a,n/a
3242,auto_pass,True,Jaccard ≥ threshold,n/a,n/a,n/a
3243,auto_pass,True,Jaccard ≥ threshold,n/a,n/a,n/a
3244,auto_pass,True,Jaccard ≥ threshold,n/a,n/a,n/a
3246,auto_pass,True,Jaccard ≥ threshold,n/a,n/a,n/a
3247,auto_pass,True,Jaccard ≥ threshold,n/a,n/a,n/a
3248,auto_pass,True,Jaccard ≥ threshold,n/a,n/a,n/a
3249,auto_pass,True,Jaccard ≥ threshold,n/a,n/a,n/a
3250,auto_pass,True,Jaccard ≥ threshold,n/a,n/a,n/a
3251,auto_pass,True,Jaccard ≥ threshold,n/a,n/a,n/a
3257,auto_pass,True,Jaccard ≥ threshold,n/a,n/a,n/a
3258,auto_pass,True,Jaccard ≥ threshold,n/a,n/a,n/a
3260,auto_pass,True,Jaccard ≥ threshold,n/a,n/a,n/a
3264,auto_pass,True,Jaccard ≥ threshold,n/a,n/a,n/a
3266,auto_pass,True,Jaccard ≥ threshold,n/a,n/a,n/a
3268,auto_pass,True,Jaccard ≥ threshold,n/a,n/a,n/a
3270,auto_pass,True,Jaccard ≥ threshold,n/a,n/a,n/a
3272,auto_pass,True,Jaccard ≥ threshold,n/a,n/a,n/a
3276,auto_pass,True,Jaccard ≥ threshold,n/a,n/a,n/a
3277,auto_pass,True,Jaccard ≥ threshold,n/a,n/a,n/a
3278,auto_pass,True,Jaccard ≥ threshold,n/a,n/a,n/a
3279,auto_pass,True,Jaccard ≥ threshold,n/a,n/a,n/a
3281,auto_pass,True,Jaccard ≥ threshold,n/a,n/a,n/a
3282,auto_pass,True,Jaccard ≥ threshold,n/a,n/a,n/a
3283,auto_pass,True,Jaccard ≥ threshold,n/a,n/a,n/a
3284,auto_pass,True,Jaccard ≥ threshold,n/a,n/a,n/a
3285,auto_pass,True,Jaccard ≥ threshold,n/a,n/a,n/a
3286,auto_pass,True,Jaccard ≥ threshold,n/a,n/a,n/a
3287,auto_pass,True,Jaccard ≥ threshold,n/a,n/a,n/a
3288,auto_pass,True,Jaccard ≥ threshold,n/a,n/a,n/a
3290,auto_pass,True,Jaccard ≥ threshold,n/a,n/a,n/a
3291,auto_pass,True,Jaccard ≥ threshold,n/a,n/a,n/a
3293,auto_pass,True,Jaccard ≥ threshold,n/a,n/a,n/a
3296,auto_pass,True,Jaccard ≥ threshold,n/a,n/a,n/a
3298,auto_pass,True,Jaccard ≥ threshold,n/a,n/a,n/a
3299,auto_pass,True,Jaccard ≥ threshold,n/a,n/a,n/a
3301,auto_pass,True,Jaccard ≥ threshold,n/a,n/a,n/a
3302,auto_pass,True,Jaccard ≥ threshold,n/a,n/a,n/a
3303,auto_pass,True,Jaccard ≥ threshold,n/a,n/a,n/a
3304,auto_pass,True,Jaccard ≥ threshold,n/a,n/a,n/a
3305,auto_pass,True,Jaccard ≥ threshold,n/a,n/a,n/a
3306,auto_pass,True,Jaccard ≥ threshold,n/a,n/a,n/a
3307,auto_pass,True,Jaccard ≥ threshold,n/a,n/a,n/a
3308,auto_pass,True,Jaccard ≥ threshold,n/a,n/a,n/a
3309,auto_pass,True,Jaccard ≥ threshold,n/a,n/a,n/a
3310,auto_pass,True,Jaccard ≥ threshold,n/a,n/a,n/a
3311,auto_pass,True,Jaccard ≥ threshold,n/a,n/a,n/a
3313,auto_pass,True,Jaccard ≥ threshold,n/a,n/a,n/a
3314,auto_pass,True,Jaccard ≥ threshold,n/a,n/a,n/a
3315,auto_pass,True,Jaccard ≥ threshold,n/a,n/a,n/a
3317,auto_pass,True,Jaccard ≥ threshold,n/a,n/a,n/a
3318,auto_pass,True,Jaccard ≥ threshold,n/a,n/a,n/a
3319,auto_pass,True,Jaccard ≥ threshold,n/a,n/a,n/a
3320,auto_pass,True,Jaccard ≥ threshold,n/a,n/a,n/a
3321,auto_pass,True,Jaccard ≥ threshold,n/a,n/a,n/a
3322,auto_pass,True,Jaccard ≥ threshold,n/a,n/a,n/a
3323,auto_pass,True,Jaccard ≥ threshold,n/a,n/a,n/a
3325,auto_pass,True,Jaccard ≥ threshold,n/a,n/a,n/a
3326,auto_pass,True,Jaccard ≥ threshold,n/a,n/a,n/a
3329,auto_pass,True,Jaccard ≥ threshold,n/a,n/a,n/a
3331,auto_pass,True,Jaccard ≥ threshold,n/a,n/a,n/a
3332,auto_pass,True,Jaccard ≥ threshold,n/a,n/a,n/a
3338,auto_pass,True,Jaccard ≥ threshold,n/a,n/a,n/a
3341,auto_pass,True,Jaccard ≥ threshold,n/a,n/a,n/a
3344,auto_pass,True,Jaccard ≥ threshold,n/a,n/a,n/a
3346,auto_pass,True,Jaccard ≥ threshold,n/a,n/a,n/a
3347,auto_pass,True,Jaccard ≥ threshold,n/a,n/a,n/a
3348,auto_pass,True,Jaccard ≥ threshold,n/a,n/a,n/a
3349,auto_pass,True,Jaccard ≥ threshold,n/a,n/a,n/a
3350,auto_pass,True,Jaccard ≥ threshold,n/a,n/a,n/a
3351,auto_pass,True,Jaccard ≥ threshold,n/a,n/a,n/a
3353,auto_pass,True,Jaccard ≥ threshold,n/a,n/a,n/a
3355,auto_pass,True,Jaccard ≥ threshold,n/a,n/a,n/a
3356,auto_pass,True,Jaccard ≥ threshold,n/a,n/a,n/a
3358,auto_pass,True,Jaccard ≥ threshold,n/a,n/a,n/a
3359,auto_pass,True,Jaccard ≥ threshold,n/a,n/a,n/a
3360,auto_pass,True,Jaccard ≥ threshold,n/a,n/a,n/a
3361,auto_pass,True,Jaccard ≥ threshold,n/a,n/a,n/a
3362,auto_pass,True,Jaccard ≥ threshold,n/a,n/a,n/a
3364,auto_pass,True,Jaccard ≥ threshold,n/a,n/a,n/a
3365,auto_pass,True,Jaccard ≥ threshold,n/a,n/a,n/a
3366,auto_pass,True,Jaccard ≥ threshold,n/a,n/a,n/a
3367,auto_pass,True,Jaccard ≥ threshold,n/a,n/a,n/a
3368,auto_pass,True,Jaccard ≥ threshold,n/a,n/a,n/a
3369,auto_pass,True,Jaccard ≥ threshold,n/a,n/a,n/a
3371,auto_pass,True,Jaccard ≥ threshold,n/a,n/a,n/a
3372,auto_pass,True,Jaccard ≥ threshold,n/a,n/a,n/a
3373,auto_pass,True,Jaccard ≥ threshold,n/a,n/a,n/a
3374,auto_pass,True,Jaccard ≥ threshold,n/a,n/a,n/a
3375,auto_pass,True,Jaccard ≥ threshold,n/a,n/a,n/a
3376,auto_pass,True,Jaccard ≥ threshold,n/a,n/a,n/a
3377,auto_pass,True,Jaccard ≥ threshold,n/a,n/a,n/a
3378,auto_pass,True,Jaccard ≥ threshold,n/a,n/a,n/a
3379,auto_pass,True,Jaccard ≥ threshold,n/a,n/a,n/a
3380,auto_pass,True,Jaccard ≥ threshold,n/a,n/a,n/a
3381,auto_pass,True,Jaccard ≥ threshold,n/a,n/a,n/a
3386,auto_pass,True,Jaccard ≥ threshold,n/a,n/a,n/a
3391,auto_pass,True,Jaccard ≥ threshold,n/a,n/a,n/a
3394,auto_pass,True,Jaccard ≥ threshold,n/a,n/a,n/a
3395,auto_pass,True,Jaccard ≥ threshold,n/a,n/a,n/a
3396,auto_pass,True,Jaccard ≥ threshold,n/a,n/a,n/a
3398,auto_pass,True,Jaccard ≥ threshold,n/a,n/a,n/a
3399,auto_pass,True,Jaccard ≥ threshold,n/a,n/a,n/a
3401,auto_pass,True,Jaccard ≥ threshold,n/a,n/a,n/a
3402,auto_pass,True,Jaccard ≥ threshold,n/a,n/a,n/a
3404,auto_pass,True,Jaccard ≥ threshold,n/a,n/a,n/a
3405,auto_pass,True,Jaccard ≥ threshold,n/a,n/a,n/a
3408,auto_pass,True,Jaccard ≥ threshold,n/a,n/a,n/a
3411,auto_pass,True,Jaccard ≥ threshold,n/a,n/a,n/a
3412,auto_pass,True,Jaccard ≥ threshold,n/a,n/a,n/a
3414,auto_pass,True,Jaccard ≥ threshold,n/a,n/a,n/a
3415,auto_pass,True,Jaccard ≥ threshold,n/a,n/a,n/a
3418,auto_pass,True,Jaccard ≥ threshold,n/a,n/a,n/a
3419,auto_pass,True,Jaccard ≥ threshold,n/a,n/a,n/a
3420,auto_pass,True,Jaccard ≥ threshold,n/a,n/a,n/a
3421,auto_pass,True,Jaccard ≥ threshold,n/a,n/a,n/a
3422,auto_pass,True,Jaccard ≥ threshold,n/a,n/a,n/a
3424,auto_pass,True,Jaccard ≥ threshold,n/a,n/a,n/a
3425,auto_pass,True,Jaccard ≥ threshold,n/a,n/a,n/a
3426,auto_pass,True,Jaccard ≥ threshold,n/a,n/a,n/a
3428,auto_pass,True,Jaccard ≥ threshold,n/a,n/a,n/a
3430,auto_pass,True,Jaccard ≥ threshold,n/a,n/a,n/a
3432,auto_pass,True,Jaccard ≥ threshold,n/a,n/a,n/a
3433,auto_pass,True,Jaccard ≥ threshold,n/a,n/a,n/a
3436,auto_pass,True,Jaccard ≥ threshold,n/a,n/a,n/a
3437,auto_pass,True,Jaccard ≥ threshold,n/a,n/a,n/a
3438,auto_pass,True,Jaccard ≥ threshold,n/a,n/a,n/a
3439,auto_pass,True,Jaccard ≥ threshold,n/a,n/a,n/a
3440,auto_pass,True,Jaccard ≥ threshold,n/a,n/a,n/a
3441,auto_pass,True,Jaccard ≥ threshold,n/a,n/a,n/a
3442,auto_pass,True,Jaccard ≥ threshold,n/a,n/a,n/a
3443,auto_pass,True,Jaccard ≥ threshold,n/a,n/a,n/a
3445,auto_pass,True,Jaccard ≥ threshold,n/a,n/a,n/a
3446,auto_pass,True,Jaccard ≥ threshold,n/a,n/a,n/a
3448,auto_pass,True,Jaccard ≥ threshold,n/a,n/a,n/a
3449,auto_pass,True,Jaccard ≥ threshold,n/a,n/a,n/a
3452,auto_pass,True,Jaccard ≥ threshold,n/a,n/a,n/a
3453,auto_pass,True,Jaccard ≥ threshold,n/a,n/a,n/a
3455,auto_pass,True,Jaccard ≥ threshold,n/a,n/a,n/a
3457,auto_pass,True,Jaccard ≥ threshold,n/a,n/a,n/a
3458,auto_pass,True,Jaccard ≥ threshold,n/a,n/a,n/a
3459,auto_pass,True,Jaccard ≥ threshold,n/a,n/a,n/a
3460,auto_pass,True,Jaccard ≥ threshold,n/a,n/a,n/a
3461,auto_pass,True,Jaccard ≥ threshold,n/a,n/a,n/a
3462,auto_pass,True,Jaccard ≥ threshold,n/a,n/a,n/a
3463,auto_pass,True,Jaccard ≥ threshold,n/a,n/a,n/a
3464,auto_pass,True,Jaccard ≥ threshold,n/a,n/a,n/a
3466,auto_pass,True,Jaccard ≥ threshold,n/a,n/a,n/a
3467,auto_pass,True,Jaccard ≥ threshold,n/a,n/a,n/a
3469,auto_pass,True,Jaccard ≥ threshold,n/a,n/a,n/a
3470,auto_pass,True,Jaccard ≥ threshold,n/a,n/a,n/a
3471,auto_pass,True,Jaccard ≥ threshold,n/a,n/a,n/a
3472,auto_pass,True,Jaccard ≥ threshold,n/a,n/a,n/a
3473,auto_pass,True,Jaccard ≥ threshold,n/a,n/a,n/a
3475,auto_pass,True,Jaccard ≥ threshold,n/a,n/a,n/a
3476,auto_pass,True,Jaccard ≥ threshold,n/a,n/a,n/a
3477,auto_pass,True,Jaccard ≥ threshold,n/a,n/a,n/a
3480,auto_pass,True,Jaccard ≥ threshold,n/a,n/a,n/a
3481,auto_pass,True,Jaccard ≥ threshold,n/a,n/a,n/a
3482,auto_pass,True,Jaccard ≥ threshold,n/a,n/a,n/a
3483,auto_pass,True,Jaccard ≥ threshold,n/a,n/a,n/a
3489,auto_pass,True,Jaccard ≥ threshold,n/a,n/a,n/a
3490,auto_pass,True,Jaccard ≥ threshold,n/a,n/a,n/a
3493,auto_pass,True,Jaccard ≥ threshold,n/a,n/a,n/a
3496,auto_pass,True,Jaccard ≥ threshold,n/a,n/a,n/a
3497,auto_pass,True,Jaccard ≥ threshold,n/a,n/a,n/a
3498,auto_pass,True,Jaccard ≥ threshold,n/a,n/a,n/a
3499,auto_pass,True,Jaccard ≥ threshold,n/a,n/a,n/a
3502,auto_pass,True,Jaccard ≥ threshold,n/a,n/a,n/a
3503,auto_pass,True,Jaccard ≥ threshold,n/a,n/a,n/a
3504,auto_pass,True,Jaccard ≥ threshold,n/a,n/a,n/a
3506,auto_pass,True,Jaccard ≥ threshold,n/a,n/a,n/a
3507,auto_pass,True,Jaccard ≥ threshold,n/a,n/a,n/a
3508,auto_pass,True,Jaccard ≥ threshold,n/a,n/a,n/a
3509,auto_pass,True,Jaccard ≥ threshold,n/a,n/a,n/a
3510,auto_pass,True,Jaccard ≥ threshold,n/a,n/a,n/a
3512,auto_pass,True,Jaccard ≥ threshold,n/a,n/a,n/a
3514,auto_pass,True,Jaccard ≥ threshold,n/a,n/a,n/a
3515,auto_pass,True,Jaccard ≥ threshold,n/a,n/a,n/a
3516,auto_pass,True,Jaccard ≥ threshold,n/a,n/a,n/a
3518,auto_pass,True,Jaccard ≥ threshold,n/a,n/a,n/a
3519,auto_pass,True,Jaccard ≥ threshold,n/a,n/a,n/a
3520,auto_pass,True,Jaccard ≥ threshold,n/a,n/a,n/a
3521,auto_pass,True,Jaccard ≥ threshold,n/a,n/a,n/a
3522,auto_pass,True,Jaccard ≥ threshold,n/a,n/a,n/a
3524,auto_pass,True,Jaccard ≥ threshold,n/a,n/a,n/a
3526,auto_pass,True,Jaccard ≥ threshold,n/a,n/a,n/a
3527,auto_pass,True,Jaccard ≥ threshold,n/a,n/a,n/a
3528,auto_pass,True,Jaccard ≥ threshold,n/a,n/a,n/a
3530,auto_pass,True,Jaccard ≥ threshold,n/a,n/a,n/a
3532,auto_pass,True,Jaccard ≥ threshold,n/a,n/a,n/a
3534,auto_pass,True,Jaccard ≥ threshold,n/a,n/a,n/a
3536,auto_pass,True,Jaccard ≥ threshold,n/a,n/a,n/a
3537,auto_pass,True,Jaccard ≥ threshold,n/a,n/a,n/a
3538,auto_pass,True,Jaccard ≥ threshold,n/a,n/a,n/a
3540,auto_pass,True,Jaccard ≥ threshold,n/a,n/a,n/a
3541,auto_pass,True,Jaccard ≥ threshold,n/a,n/a,n/a
3542,auto_pass,True,Jaccard ≥ threshold,n/a,n/a,n/a
3543,auto_pass,True,Jaccard ≥ threshold,n/a,n/a,n/a
3544,auto_pass,True,Jaccard ≥ threshold,n/a,n/a,n/a
3545,auto_pass,True,Jaccard ≥ threshold,n/a,n/a,n/a
3546,auto_pass,True,Jaccard ≥ threshold,n/a,n/a,n/a
3549,auto_pass,True,Jaccard ≥ threshold,n/a,n/a,n/a
3550,auto_pass,True,Jaccard ≥ threshold,n/a,n/a,n/a
3551,auto_pass,True,Jaccard ≥ threshold,n/a,n/a,n/a
3552,auto_pass,True,Jaccard ≥ threshold,n/a,n/a,n/a
3553,auto_pass,True,Jaccard ≥ threshold,n/a,n/a,n/a
3556,auto_pass,True,Jaccard ≥ threshold,n/a,n/a,n/a
3557,auto_pass,True,Jaccard ≥ threshold,n/a,n/a,n/a
3558,auto_pass,True,Jaccard ≥ threshold,n/a,n/a,n/a
3559,auto_pass,True,Jaccard ≥ threshold,n/a,n/a,n/a
3560,auto_pass,True,Jaccard ≥ threshold,n/a,n/a,n/a
3561,auto_pass,True,Jaccard ≥ threshold,n/a,n/a,n/a
3563,auto_pass,True,Jaccard ≥ threshold,n/a,n/a,n/a
3564,auto_pass,True,Jaccard ≥ threshold,n/a,n/a,n/a
3565,auto_pass,True,Jaccard ≥ threshold,n/a,n/a,n/a
3567,auto_pass,True,Jaccard ≥ threshold,n/a,n/a,n/a
3568,auto_pass,True,Jaccard ≥ threshold,n/a,n/a,n/a
3570,auto_pass,True,Jaccard ≥ threshold,n/a,n/a,n/a
3571,auto_pass,True,Jaccard ≥ threshold,n/a,n/a,n/a
3576,auto_pass,True,Jaccard ≥ threshold,n/a,n/a,n/a
3577,auto_pass,True,Jaccard ≥ threshold,n/a,n/a,n/a
3578,auto_pass,True,Jaccard ≥ threshold,n/a,n/a,n/a
3581,auto_pass,True,Jaccard ≥ threshold,n/a,n/a,n/a
3584,auto_pass,True,Jaccard ≥ threshold,n/a,n/a,n/a
3585,auto_pass,True,Jaccard ≥ threshold,n/a,n/a,n/a
3592,auto_pass,True,Jaccard ≥ threshold,n/a,n/a,n/a
3605,auto_pass,True,Jaccard ≥ threshold,n/a,n/a,n/a
3606,auto_pass,True,Jaccard ≥ threshold,n/a,n/a,n/a
3607,auto_pass,True,Jaccard ≥ threshold,n/a,n/a,n/a
3611,auto_pass,True,Jaccard ≥ threshold,n/a,n/a,n/a
3613,auto_pass,True,Jaccard ≥ threshold,n/a,n/a,n/a
3614,auto_pass,True,Jaccard ≥ threshold,n/a,n/a,n/a
3616,auto_pass,True,Jaccard ≥ threshold,n/a,n/a,n/a
3617,auto_pass,True,Jaccard ≥ threshold,n/a,n/a,n/a
3618,auto_pass,True,Jaccard ≥ threshold,n/a,n/a,n/a
3621,auto_pass,True,Jaccard ≥ threshold,n/a,n/a,n/a
3622,auto_pass,True,Jaccard ≥ threshold,n/a,n/a,n/a
3623,auto_pass,True,Jaccard ≥ threshold,n/a,n/a,n/a
3624,auto_pass,True,Jaccard ≥ threshold,n/a,n/a,n/a
3627,auto_pass,True,Jaccard ≥ threshold,n/a,n/a,n/a
3628,auto_pass,True,Jaccard ≥ threshold,n/a,n/a,n/a
3630,auto_pass,True,Jaccard ≥ threshold,n/a,n/a,n/a
3631,auto_pass,True,Jaccard ≥ threshold,n/a,n/a,n/a
3632,auto_pass,True,Jaccard ≥ threshold,n/a,n/a,n/a
3636,auto_pass,True,Jaccard ≥ threshold,n/a,n/a,n/a
3637,auto_pass,True,Jaccard ≥ threshold,n/a,n/a,n/a
3642,auto_pass,True,Jaccard ≥ threshold,n/a,n/a,n/a
3644,auto_pass,True,Jaccard ≥ threshold,n/a,n/a,n/a
3647,auto_pass,True,Jaccard ≥ threshold,n/a,n/a,n/a
3652,auto_pass,True,Jaccard ≥ threshold,n/a,n/a,n/a
3659,auto_pass,True,Jaccard ≥ threshold,n/a,n/a,n/a
3660,auto_pass,True,Jaccard ≥ threshold,n/a,n/a,n/a
3661,auto_pass,True,Jaccard ≥ threshold,n/a,n/a,n/a
3662,auto_pass,True,Jaccard ≥ threshold,n/a,n/a,n/a
3664,auto_pass,True,Jaccard ≥ threshold,n/a,n/a,n/a
3665,auto_pass,True,Jaccard ≥ threshold,n/a,n/a,n/a
3667,auto_pass,True,Jaccard ≥ threshold,n/a,n/a,n/a
3668,auto_pass,True,Jaccard ≥ threshold,n/a,n/a,n/a
3669,auto_pass,True,Jaccard ≥ threshold,n/a,n/a,n/a
3670,auto_pass,True,Jaccard ≥ threshold,n/a,n/a,n/a
3671,auto_pass,True,Jaccard ≥ threshold,n/a,n/a,n/a
3672,auto_pass,True,Jaccard ≥ threshold,n/a,n/a,n/a
3673,auto_pass,True,Jaccard ≥ threshold,n/a,n/a,n/a
3676,auto_pass,True,Jaccard ≥ threshold,n/a,n/a,n/a
3679,auto_pass,True,Jaccard ≥ threshold,n/a,n/a,n/a
3680,auto_pass,True,Jaccard ≥ threshold,n/a,n/a,n/a
3681,auto_pass,True,Jaccard ≥ threshold,n/a,n/a,n/a
3682,auto_pass,True,Jaccard ≥ threshold,n/a,n/a,n/a
3683,auto_pass,True,Jaccard ≥ threshold,n/a,n/a,n/a
3684,auto_pass,True,Jaccard ≥ threshold,n/a,n/a,n/a
3685,auto_pass,True,Jaccard ≥ threshold,n/a,n/a,n/a
3686,auto_pass,True,Jaccard ≥ threshold,n/a,n/a,n/a
3687,auto_pass,True,Jaccard ≥ threshold,n/a,n/a,n/a
3689,auto_pass,True,Jaccard ≥ threshold,n/a,n/a,n/a
3690,auto_pass,True,Jaccard ≥ threshold,n/a,n/a,n/a
3692,auto_pass,True,Jaccard ≥ threshold,n/a,n/a,n/a
3694,auto_pass,True,Jaccard ≥ threshold,n/a,n/a,n/a
3696,auto_pass,True,Jaccard ≥ threshold,n/a,n/a,n/a
3697,auto_pass,True,Jaccard ≥ threshold,n/a,n/a,n/a
3698,auto_pass,True,Jaccard ≥ threshold,n/a,n/a,n/a
3699,auto_pass,True,Jaccard ≥ threshold,n/a,n/a,n/a
3701,auto_pass,True,Jaccard ≥ threshold,n/a,n/a,n/a
3702,auto_pass,True,Jaccard ≥ threshold,n/a,n/a,n/a
3704,auto_pass,True,Jaccard ≥ threshold,n/a,n/a,n/a
3706,auto_pass,True,Jaccard ≥ threshold,n/a,n/a,n/a
3707,auto_pass,True,Jaccard ≥ threshold,n/a,n/a,n/a
3708,auto_pass,True,Jaccard ≥ threshold,n/a,n/a,n/a
3709,auto_pass,True,Jaccard ≥ threshold,n/a,n/a,n/a
3712,auto_pass,True,Jaccard ≥ threshold,n/a,n/a,n/a
3716,auto_pass,True,Jaccard ≥ threshold,n/a,n/a,n/a
3717,auto_pass,True,Jaccard ≥ threshold,n/a,n/a,n/a
3718,auto_pass,True,Jaccard ≥ threshold,n/a,n/a,n/a
3719,auto_pass,True,Jaccard ≥ threshold,n/a,n/a,n/a
3720,auto_pass,True,Jaccard ≥ threshold,n/a,n/a,n/a
3721,auto_pass,True,Jaccard ≥ threshold,n/a,n/a,n/a
3722,auto_pass,True,Jaccard ≥ threshold,n/a,n/a,n/a
3723,auto_pass,True,Jaccard ≥ threshold,n/a,n/a,n/a
3724,auto_pass,True,Jaccard ≥ threshold,n/a,n/a,n/a
3726,auto_pass,True,Jaccard ≥ threshold,n/a,n/a,n/a
3727,auto_pass,True,Jaccard ≥ threshold,n/a,n/a,n/a
3729,auto_pass,True,Jaccard ≥ threshold,n/a,n/a,n/a
3730,auto_pass,True,Jaccard ≥ threshold,n/a,n/a,n/a
3732,auto_pass,True,Jaccard ≥ threshold,n/a,n/a,n/a
3734,auto_pass,True,Jaccard ≥ threshold,n/a,n/a,n/a
3735,auto_pass,True,Jaccard ≥ threshold,n/a,n/a,n/a
3737,auto_pass,True,Jaccard ≥ threshold,n/a,n/a,n/a
3738,auto_pass,True,Jaccard ≥ threshold,n/a,n/a,n/a
3739,auto_pass,True,Jaccard ≥ threshold,n/a,n/a,n/a
3740,auto_pass,True,Jaccard ≥ threshold,n/a,n/a,n/a
3741,auto_pass,True,Jaccard ≥ threshold,n/a,n/a,n/a
3742,auto_pass,True,Jaccard ≥ threshold,n/a,n/a,n/a
3743,auto_pass,True,Jaccard ≥ threshold,n/a,n/a,n/a
3744,auto_pass,True,Jaccard ≥ threshold,n/a,n/a,n/a
3745,auto_pass,True,Jaccard ≥ threshold,n/a,n/a,n/a
3746,auto_pass,True,Jaccard ≥ threshold,n/a,n/a,n/a
3750,auto_pass,True,Jaccard ≥ threshold,n/a,n/a,n/a
3751,auto_pass,True,Jaccard ≥ threshold,n/a,n/a,n/a
3753,auto_pass,True,Jaccard ≥ threshold,n/a,n/a,n/a
3754,auto_pass,True,Jaccard ≥ threshold,n/a,n/a,n/a
3755,auto_pass,True,Jaccard ≥ threshold,n/a,n/a,n/a
3756,auto_pass,True,Jaccard ≥ threshold,n/a,n/a,n/a
3757,auto_pass,True,Jaccard ≥ threshold,n/a,n/a,n/a
3758,auto_pass,True,Jaccard ≥ threshold,n/a,n/a,n/a
3759,auto_pass,True,Jaccard ≥ threshold,n/a,n/a,n/a
3760,auto_pass,True,Jaccard ≥ threshold,n/a,n/a,n/a
3762,auto_pass,True,Jaccard ≥ threshold,n/a,n/a,n/a
3764,auto_pass,True,Jaccard ≥ threshold,n/a,n/a,n/a
3766,auto_pass,True,Jaccard ≥ threshold,n/a,n/a,n/a
3767,auto_pass,True,Jaccard ≥ threshold,n/a,n/a,n/a
3769,auto_pass,True,Jaccard ≥ threshold,n/a,n/a,n/a
3771,auto_pass,True,Jaccard ≥ threshold,n/a,n/a,n/a
3772,auto_pass,True,Jaccard ≥ threshold,n/a,n/a,n/a
3773,auto_pass,True,Jaccard ≥ threshold,n/a,n/a,n/a
3774,auto_pass,True,Jaccard ≥ threshold,n/a,n/a,n/a
3775,auto_pass,True,Jaccard ≥ threshold,n/a,n/a,n/a
3776,auto_pass,True,Jaccard ≥ threshold,n/a,n/a,n/a
3778,auto_pass,True,Jaccard ≥ threshold,n/a,n/a,n/a
3779,auto_pass,True,Jaccard ≥ threshold,n/a,n/a,n/a
3783,auto_pass,True,Jaccard ≥ threshold,n/a,n/a,n/a
3784,auto_pass,True,Jaccard ≥ threshold,n/a,n/a,n/a
3785,auto_pass,True,Jaccard ≥ threshold,n/a,n/a,n/a
3786,auto_pass,True,Jaccard ≥ threshold,n/a,n/a,n/a
3788,auto_pass,True,Jaccard ≥ threshold,n/a,n/a,n/a
3789,auto_pass,True,Jaccard ≥ threshold,n/a,n/a,n/a
3790,auto_pass,True,Jaccard ≥ threshold,n/a,n/a,n/a
3791,auto_pass,True,Jaccard ≥ threshold,n/a,n/a,n/a
3793,auto_pass,True,Jaccard ≥ threshold,n/a,n/a,n/a
3795,auto_pass,True,Jaccard ≥ threshold,n/a,n/a,n/a
3796,auto_pass,True,Jaccard ≥ threshold,n/a,n/a,n/a
3797,auto_pass,True,Jaccard ≥ threshold,n/a,n/a,n/a
3798,auto_pass,True,Jaccard ≥ threshold,n/a,n/a,n/a
3802,auto_pass,True,Jaccard ≥ threshold,n/a,n/a,n/a
3803,auto_pass,True,Jaccard ≥ threshold,n/a,n/a,n/a
3804,auto_pass,True,Jaccard ≥ threshold,n/a,n/a,n/a
3807,auto_pass,True,Jaccard ≥ threshold,n/a,n/a,n/a
3809,auto_pass,True,Jaccard ≥ threshold,n/a,n/a,n/a
3810,auto_pass,True,Jaccard ≥ threshold,n/a,n/a,n/a
3811,auto_pass,True,Jaccard ≥ threshold,n/a,n/a,n/a
3812,auto_pass,True,Jaccard ≥ threshold,n/a,n/a,n/a
3813,auto_pass,True,Jaccard ≥ threshold,n/a,n/a,n/a
3814,auto_pass,True,Jaccard ≥ threshold,n/a,n/a,n/a
3815,auto_pass,True,Jaccard ≥ threshold,n/a,n/a,n/a
3816,auto_pass,True,Jaccard ≥ threshold,n/a,n/a,n/a
3817,auto_pass,True,Jaccard ≥ threshold,n/a,n/a,n/a
3818,auto_pass,True,Jaccard ≥ threshold,n/a,n/a,n/a
3819,auto_pass,True,Jaccard ≥ threshold,n/a,n/a,n/a
3820,auto_pass,True,Jaccard ≥ threshold,n/a,n/a,n/a
3821,auto_pass,True,Jaccard ≥ threshold,n/a,n/a,n/a
3822,auto_pass,True,Jaccard ≥ threshold,n/a,n/a,n/a
3825,auto_pass,True,Jaccard ≥ threshold,n/a,n/a,n/a
3830,auto_pass,True,Jaccard ≥ threshold,n/a,n/a,n/a
3831,auto_pass,True,Jaccard ≥ threshold,n/a,n/a,n/a
3832,auto_pass,True,Jaccard ≥ threshold,n/a,n/a,n/a
3833,auto_pass,True,Jaccard ≥ threshold,n/a,n/a,n/a
3834,auto_pass,True,Jaccard ≥ threshold,n/a,n/a,n/a
3836,auto_pass,True,Jaccard ≥ threshold,n/a,n/a,n/a
3837,auto_pass,True,Jaccard ≥ threshold,n/a,n/a,n/a
3838,auto_pass,True,Jaccard ≥ threshold,n/a,n/a,n/a
3839,auto_pass,True,Jaccard ≥ threshold,n/a,n/a,n/a
3841,auto_pass,True,Jaccard ≥ threshold,n/a,n/a,n/a
3842,auto_pass,True,Jaccard ≥ threshold,n/a,n/a,n/a
3844,auto_pass,True,Jaccard ≥ threshold,n/a,n/a,n/a
3846,auto_pass,True,Jaccard ≥ threshold,n/a,n/a,n/a
3847,auto_pass,True,Jaccard ≥ threshold,n/a,n/a,n/a
3848,auto_pass,True,Jaccard ≥ threshold,n/a,n/a,n/a
3851,auto_pass,True,Jaccard ≥ threshold,n/a,n/a,n/a
3852,auto_pass,True,Jaccard ≥ threshold,n/a,n/a,n/a
3853,auto_pass,True,Jaccard ≥ threshold,n/a,n/a,n/a
3854,auto_pass,True,Jaccard ≥ threshold,n/a,n/a,n/a
3855,auto_pass,True,Jaccard ≥ threshold,n/a,n/a,n/a
3856,auto_pass,True,Jaccard ≥ threshold,n/a,n/a,n/a
3857,auto_pass,True,Jaccard ≥ threshold,n/a,n/a,n/a
3858,auto_pass,True,Jaccard ≥ threshold,n/a,n/a,n/a
3859,auto_pass,True,Jaccard ≥ threshold,n/a,n/a,n/a
3866,auto_pass,True,Jaccard ≥ threshold,n/a,n/a,n/a
3867,auto_pass,True,Jaccard ≥ threshold,n/a,n/a,n/a
3868,auto_pass,True,Jaccard ≥ threshold,n/a,n/a,n/a
3869,auto_pass,True,Jaccard ≥ threshold,n/a,n/a,n/a
3870,auto_pass,True,Jaccard ≥ threshold,n/a,n/a,n/a
3871,auto_pass,True,Jaccard ≥ threshold,n/a,n/a,n/a
3872,auto_pass,True,Jaccard ≥ threshold,n/a,n/a,n/a
3873,auto_pass,True,Jaccard ≥ threshold,n/a,n/a,n/a
3874,auto_pass,True,Jaccard ≥ threshold,n/a,n/a,n/a
3875,auto_pass,True,Jaccard ≥ threshold,n/a,n/a,n/a
3876,auto_pass,True,Jaccard ≥ threshold,n/a,n/a,n/a
3877,auto_pass,True,Jaccard ≥ threshold,n/a,n/a,n/a
3878,auto_pass,True,Jaccard ≥ threshold,n/a,n/a,n/a
3879,auto_pass,True,Jaccard ≥ threshold,n/a,n/a,n/a
3880,auto_pass,True,Jaccard ≥ threshold,n/a,n/a,n/a
3881,auto_pass,True,Jaccard ≥ threshold,n/a,n/a,n/a
3882,auto_pass,True,Jaccard ≥ threshold,n/a,n/a,n/a
3884,auto_pass,True,Jaccard ≥ threshold,n/a,n/a,n/a
3885,auto_pass,True,Jaccard ≥ threshold,n/a,n/a,n/a
3887,auto_pass,True,Jaccard ≥ threshold,n/a,n/a,n/a
3888,auto_pass,True,Jaccard ≥ threshold,n/a,n/a,n/a
3889,auto_pass,True,Jaccard ≥ threshold,n/a,n/a,n/a
3890,auto_pass,True,Jaccard ≥ threshold,n/a,n/a,n/a
3891,auto_pass,True,Jaccard ≥ threshold,n/a,n/a,n/a
3892,auto_pass,True,Jaccard ≥ threshold,n/a,n/a,n/a
3893,auto_pass,True,Jaccard ≥ threshold,n/a,n/a,n/a
3894,auto_pass,True,Jaccard ≥ threshold,n/a,n/a,n/a
3897,auto_pass,True,Jaccard ≥ threshold,n/a,n/a,n/a
3899,auto_pass,True,Jaccard ≥ threshold,n/a,n/a,n/a
3900,auto_pass,True,Jaccard ≥ threshold,n/a,n/a,n/a
3902,auto_pass,True,Jaccard ≥ threshold,n/a,n/a,n/a
3903,auto_pass,True,Jaccard ≥ threshold,n/a,n/a,n/a
3904,auto_pass,True,Jaccard ≥ threshold,n/a,n/a,n/a
3905,auto_pass,True,Jaccard ≥ threshold,n/a,n/a,n/a
3906,auto_pass,True,Jaccard ≥ threshold,n/a,n/a,n/a
3908,auto_pass,True,Jaccard ≥ threshold,n/a,n/a,n/a
3910,auto_pass,True,Jaccard ≥ threshold,n/a,n/a,n/a
3914,auto_pass,True,Jaccard ≥ threshold,n/a,n/a,n/a
3916,auto_pass,True,Jaccard ≥ threshold,n/a,n/a,n/a
3917,auto_pass,True,Jaccard ≥ threshold,n/a,n/a,n/a
3918,auto_pass,True,Jaccard ≥ threshold,n/a,n/a,n/a
3919,auto_pass,True,Jaccard ≥ threshold,n/a,n/a,n/a
3920,auto_pass,True,Jaccard ≥ threshold,n/a,n/a,n/a
3922,auto_pass,True,Jaccard ≥ threshold,n/a,n/a,n/a
3924,auto_pass,True,Jaccard ≥ threshold,n/a,n/a,n/a
3927,auto_pass,True,Jaccard ≥ threshold,n/a,n/a,n/a
3928,auto_pass,True,Jaccard ≥ threshold,n/a,n/a,n/a
3930,auto_pass,True,Jaccard ≥ threshold,n/a,n/a,n/a
3932,auto_pass,True,Jaccard ≥ threshold,n/a,n/a,n/a
3933,auto_pass,True,Jaccard ≥ threshold,n/a,n/a,n/a
3934,auto_pass,True,Jaccard ≥ threshold,n/a,n/a,n/a
3935,auto_pass,True,Jaccard ≥ threshold,n/a,n/a,n/a
3936,auto_pass,True,Jaccard ≥ threshold,n/a,n/a,n/a
3937,auto_pass,True,Jaccard ≥ threshold,n/a,n/a,n/a
3938,auto_pass,True,Jaccard ≥ threshold,n/a,n/a,n/a
3939,auto_pass,True,Jaccard ≥ threshold,n/a,n/a,n/a
3940,auto_pass,True,Jaccard ≥ threshold,n/a,n/a,n/a
3942,auto_pass,True,Jaccard ≥ threshold,n/a,n/a,n/a
3943,auto_pass,True,Jaccard ≥ threshold,n/a,n/a,n/a
3944,auto_pass,True,Jaccard ≥ threshold,n/a,n/a,n/a
3945,auto_pass,True,Jaccard ≥ threshold,n/a,n/a,n/a
3946,auto_pass,True,Jaccard ≥ threshold,n/a,n/a,n/a
3947,auto_pass,True,Jaccard ≥ threshold,n/a,n/a,n/a
3948,auto_pass,True,Jaccard ≥ threshold,n/a,n/a,n/a
3950,auto_pass,True,Jaccard ≥ threshold,n/a,n/a,n/a
3951,auto_pass,True,Jaccard ≥ threshold,n/a,n/a,n/a
3952,auto_pass,True,Jaccard ≥ threshold,n/a,n/a,n/a
3953,auto_pass,True,Jaccard ≥ threshold,n/a,n/a,n/a
3954,auto_pass,True,Jaccard ≥ threshold,n/a,n/a,n/a
3955,auto_pass,True,Jaccard ≥ threshold,n/a,n/a,n/a
3956,auto_pass,True,Jaccard ≥ threshold,n/a,n/a,n/a
3957,auto_pass,True,Jaccard ≥ threshold,n/a,n/a,n/a
3958,auto_pass,True,Jaccard ≥ threshold,n/a,n/a,n/a
3959,auto_pass,True,Jaccard ≥ threshold,n/a,n/a,n/a
3960,auto_pass,True,Jaccard ≥ threshold,n/a,n/a,n/a
3961,auto_pass,True,Jaccard ≥ threshold,n/a,n/a,n/a
3962,auto_pass,True,Jaccard ≥ threshold,n/a,n/a,n/a
3963,auto_pass,True,Jaccard ≥ threshold,n/a,n/a,n/a
3964,auto_pass,True,Jaccard ≥ threshold,n/a,n/a,n/a
3967,auto_pass,True,Jaccard ≥ threshold,n/a,n/a,n/a
3968,auto_pass,True,Jaccard ≥ threshold,n/a,n/a,n/a
3970,auto_pass,True,Jaccard ≥ threshold,n/a,n/a,n/a
3971,auto_pass,True,Jaccard ≥ threshold,n/a,n/a,n/a
3972,auto_pass,True,Jaccard ≥ threshold,n/a,n/a,n/a
3973,auto_pass,True,Jaccard ≥ threshold,n/a,n/a,n/a
3974,auto_pass,True,Jaccard ≥ threshold,n/a,n/a,n/a
3975,auto_pass,True,Jaccard ≥ threshold,n/a,n/a,n/a
3976,auto_pass,True,Jaccard ≥ threshold,n/a,n/a,n/a
3977,auto_pass,True,Jaccard ≥ threshold,n/a,n/a,n/a
3978,auto_pass,True,Jaccard ≥ threshold,n/a,n/a,n/a
3979,auto_pass,True,Jaccard ≥ threshold,n/a,n/a,n/a
3980,auto_pass,True,Jaccard ≥ threshold,n/a,n/a,n/a
3983,auto_pass,True,Jaccard ≥ threshold,n/a,n/a,n/a
3984,auto_pass,True,Jaccard ≥ threshold,n/a,n/a,n/a
3985,auto_pass,True,Jaccard ≥ threshold,n/a,n/a,n/a
3986,auto_pass,True,Jaccard ≥ threshold,n/a,n/a,n/a
3987,auto_pass,True,Jaccard ≥ threshold,n/a,n/a,n/a
3988,auto_pass,True,Jaccard ≥ threshold,n/a,n/a,n/a
3989,auto_pass,True,Jaccard ≥ threshold,n/a,n/a,n/a
3991,auto_pass,True,Jaccard ≥ threshold,n/a,n/a,n/a
3992,auto_pass,True,Jaccard ≥ threshold,n/a,n/a,n/a
3993,auto_pass,True,Jaccard ≥ threshold,n/a,n/a,n/a
3996,auto_pass,True,Jaccard ≥ threshold,n/a,n/a,n/a
3997,auto_pass,True,Jaccard ≥ threshold,n/a,n/a,n/a
3999,auto_pass,True,Jaccard ≥ threshold,n/a,n/a,n/a
4002,auto_pass,True,Jaccard ≥ threshold,n/a,n/a,n/a
4009,auto_pass,True,Jaccard ≥ threshold,n/a,n/a,n/a
4010,auto_pass,True,Jaccard ≥ threshold,n/a,n/a,n/a
4013,auto_pass,True,Jaccard ≥ threshold,n/a,n/a,n/a
4016,auto_pass,True,Jaccard ≥ threshold,n/a,n/a,n/a
4018,auto_pass,True,Jaccard ≥ threshold,n/a,n/a,n/a
4019,auto_pass,True,Jaccard ≥ threshold,n/a,n/a,n/a
4020,auto_pass,True,Jaccard ≥ threshold,n/a,n/a,n/a
4022,auto_pass,True,Jaccard ≥ threshold,n/a,n/a,n/a
4023,auto_pass,True,Jaccard ≥ threshold,n/a,n/a,n/a
4024,auto_pass,True,Jaccard ≥ threshold,n/a,n/a,n/a
4027,auto_pass,True,Jaccard ≥ threshold,n/a,n/a,n/a
4029,auto_pass,True,Jaccard ≥ threshold,n/a,n/a,n/a
4030,auto_pass,True,Jaccard ≥ threshold,n/a,n/a,n/a
4031,auto_pass,True,Jaccard ≥ threshold,n/a,n/a,n/a
4032,auto_pass,True,Jaccard ≥ threshold,n/a,n/a,n/a
4034,auto_pass,True,Jaccard ≥ threshold,n/a,n/a,n/a
4035,auto_pass,True,Jaccard ≥ threshold,n/a,n/a,n/a
4037,auto_pass,True,Jaccard ≥ threshold,n/a,n/a,n/a
4038,auto_pass,True,Jaccard ≥ threshold,n/a,n/a,n/a
4039,auto_pass,True,Jaccard ≥ threshold,n/a,n/a,n/a
4040,auto_pass,True,Jaccard ≥ threshold,n/a,n/a,n/a
4041,auto_pass,True,Jaccard ≥ threshold,n/a,n/a,n/a
4045,auto_pass,True,Jaccard ≥ threshold,n/a,n/a,n/a
4046,auto_pass,True,Jaccard ≥ threshold,n/a,n/a,n/a
4047,auto_pass,True,Jaccard ≥ threshold,n/a,n/a,n/a
4048,auto_pass,True,Jaccard ≥ threshold,n/a,n/a,n/a
4049,auto_pass,True,Jaccard ≥ threshold,n/a,n/a,n/a
4051,auto_pass,True,Jaccard ≥ threshold,n/a,n/a,n/a
4052,auto_pass,True,Jaccard ≥ threshold,n/a,n/a,n/a
4053,auto_pass,True,Jaccard ≥ threshold,n/a,n/a,n/a
4056,auto_pass,True,Jaccard ≥ threshold,n/a,n/a,n/a
4057,auto_pass,True,Jaccard ≥ threshold,n/a,n/a,n/a
4058,auto_pass,True,Jaccard ≥ threshold,n/a,n/a,n/a
4059,auto_pass,True,Jaccard ≥ threshold,n/a,n/a,n/a
4060,auto_pass,True,Jaccard ≥ threshold,n/a,n/a,n/a
4061,auto_pass,True,Jaccard ≥ threshold,n/a,n/a,n/a
4062,auto_pass,True,Jaccard ≥ threshold,n/a,n/a,n/a
4063,auto_pass,True,Jaccard ≥ threshold,n/a,n/a,n/a
4064,auto_pass,True,Jaccard ≥ threshold,n/a,n/a,n/a
4065,auto_pass,True,Jaccard ≥ threshold,n/a,n/a,n/a
4067,auto_pass,True,Jaccard ≥ threshold,n/a,n/a,n/a
4068,auto_pass,True,Jaccard ≥ threshold,n/a,n/a,n/a
4069,auto_pass,True,Jaccard ≥ threshold,n/a,n/a,n/a
4073,auto_pass,True,Jaccard ≥ threshold,n/a,n/a,n/a
4076,auto_pass,True,Jaccard ≥ threshold,n/a,n/a,n/a
4077,auto_pass,True,Jaccard ≥ threshold,n/a,n/a,n/a
4079,auto_pass,True,Jaccard ≥ threshold,n/a,n/a,n/a
4080,auto_pass,True,Jaccard ≥ threshold,n/a,n/a,n/a
4081,auto_pass,True,Jaccard ≥ threshold,n/a,n/a,n/a
4082,auto_pass,True,Jaccard ≥ threshold,n/a,n/a,n/a
4084,auto_pass,True,Jaccard ≥ threshold,n/a,n/a,n/a
4085,auto_pass,True,Jaccard ≥ threshold,n/a,n/a,n/a
4090,auto_pass,True,Jaccard ≥ threshold,n/a,n/a,n/a
4091,auto_pass,True,Jaccard ≥ threshold,n/a,n/a,n/a
4092,auto_pass,True,Jaccard ≥ threshold,n/a,n/a,n/a
4093,auto_pass,True,Jaccard ≥ threshold,n/a,n/a,n/a
4095,auto_pass,True,Jaccard ≥ threshold,n/a,n/a,n/a
4097,auto_pass,True,Jaccard ≥ threshold,n/a,n/a,n/a
4098,auto_pass,True,Jaccard ≥ threshold,n/a,n/a,n/a
4100,auto_pass,True,Jaccard ≥ threshold,n/a,n/a,n/a
4101,auto_pass,True,Jaccard ≥ threshold,n/a,n/a,n/a
4104,auto_pass,True,Jaccard ≥ threshold,n/a,n/a,n/a
4107,auto_pass,True,Jaccard ≥ threshold,n/a,n/a,n/a
4108,auto_pass,True,Jaccard ≥ threshold,n/a,n/a,n/a
4111,auto_pass,True,Jaccard ≥ threshold,n/a,n/a,n/a
4112,auto_pass,True,Jaccard ≥ threshold,n/a,n/a,n/a
4113,auto_pass,True,Jaccard ≥ threshold,n/a,n/a,n/a
4114,auto_pass,True,Jaccard ≥ threshold,n/a,n/a,n/a
4115,auto_pass,True,Jaccard ≥ threshold,n/a,n/a,n/a
4116,auto_pass,True,Jaccard ≥ threshold,n/a,n/a,n/a
4119,auto_pass,True,Jaccard ≥ threshold,n/a,n/a,n/a
4120,auto_pass,True,Jaccard ≥ threshold,n/a,n/a,n/a
4122,auto_pass,True,Jaccard ≥ threshold,n/a,n/a,n/a
4123,auto_pass,True,Jaccard ≥ threshold,n/a,n/a,n/a
4124,auto_pass,True,Jaccard ≥ threshold,n/a,n/a,n/a
4132,auto_pass,True,Jaccard ≥ threshold,n/a,n/a,n/a
4133,auto_pass,True,Jaccard ≥ threshold,n/a,n/a,n/a
4134,auto_pass,True,Jaccard ≥ threshold,n/a,n/a,n/a
4137,auto_pass,True,Jaccard ≥ threshold,n/a,n/a,n/a
4140,auto_pass,True,Jaccard ≥ threshold,n/a,n/a,n/a
4141,auto_pass,True,Jaccard ≥ threshold,n/a,n/a,n/a
4143,auto_pass,True,Jaccard ≥ threshold,n/a,n/a,n/a
4145,auto_pass,True,Jaccard ≥ threshold,n/a,n/a,n/a
4146,auto_pass,True,Jaccard ≥ threshold,n/a,n/a,n/a
4150,auto_pass,True,Jaccard ≥ threshold,n/a,n/a,n/a
4155,auto_pass,True,Jaccard ≥ threshold,n/a,n/a,n/a
4156,auto_pass,True,Jaccard ≥ threshold,n/a,n/a,n/a
4158,auto_pass,True,Jaccard ≥ threshold,n/a,n/a,n/a
4159,auto_pass,True,Jaccard ≥ threshold,n/a,n/a,n/a
4161,auto_pass,True,Jaccard ≥ threshold,n/a,n/a,n/a
4162,auto_pass,True,Jaccard ≥ threshold,n/a,n/a,n/a
4164,auto_pass,True,Jaccard ≥ threshold,n/a,n/a,n/a
4167,auto_pass,True,Jaccard ≥ threshold,n/a,n/a,n/a
4177,auto_pass,True,Jaccard ≥ threshold,n/a,n/a,n/a
4178,auto_pass,True,Jaccard ≥ threshold,n/a,n/a,n/a
4179,auto_pass,True,Jaccard ≥ threshold,n/a,n/a,n/a
4180,auto_pass,True,Jaccard ≥ threshold,n/a,n/a,n/a
4181,auto_pass,True,Jaccard ≥ threshold,n/a,n/a,n/a
4182,auto_pass,True,Jaccard ≥ threshold,n/a,n/a,n/a
4183,auto_pass,True,Jaccard ≥ threshold,n/a,n/a,n/a
4185,auto_pass,True,Jaccard ≥ threshold,n/a,n/a,n/a
4186,auto_pass,True,Jaccard ≥ threshold,n/a,n/a,n/a
4187,auto_pass,True,Jaccard ≥ threshold,n/a,n/a,n/a
4188,auto_pass,True,Jaccard ≥ threshold,n/a,n/a,n/a
4189,auto_pass,True,Jaccard ≥ threshold,n/a,n/a,n/a
4190,auto_pass,True,Jaccard ≥ threshold,n/a,n/a,n/a
4191,auto_pass,True,Jaccard ≥ threshold,n/a,n/a,n/a
4192,auto_pass,True,Jaccard ≥ threshold,n/a,n/a,n/a
4193,auto_pass,True,Jaccard ≥ threshold,n/a,n/a,n/a
4194,auto_pass,True,Jaccard ≥ threshold,n/a,n/a,n/a
4195,auto_pass,True,Jaccard ≥ threshold,n/a,n/a,n/a
4196,auto_pass,True,Jaccard ≥ threshold,n/a,n/a,n/a
4198,auto_pass,True,Jaccard ≥ threshold,n/a,n/a,n/a
4200,auto_pass,True,Jaccard ≥ threshold,n/a,n/a,n/a
4201,auto_pass,True,Jaccard ≥ threshold,n/a,n/a,n/a
4202,auto_pass,True,Jaccard ≥ threshold,n/a,n/a,n/a
4203,auto_pass,True,Jaccard ≥ threshold,n/a,n/a,n/a
4204,auto_pass,True,Jaccard ≥ threshold,n/a,n/a,n/a
4205,auto_pass,True,Jaccard ≥ threshold,n/a,n/a,n/a
4206,auto_pass,True,Jaccard ≥ threshold,n/a,n/a,n/a
4207,auto_pass,True,Jaccard ≥ threshold,n/a,n/a,n/a
4208,auto_pass,True,Jaccard ≥ threshold,n/a,n/a,n/a
4209,auto_pass,True,Jaccard ≥ threshold,n/a,n/a,n/a
4210,auto_pass,True,Jaccard ≥ threshold,n/a,n/a,n/a
4211,auto_pass,True,Jaccard ≥ threshold,n/a,n/a,n/a
4212,auto_pass,True,Jaccard ≥ threshold,n/a,n/a,n/a
4213,auto_pass,True,Jaccard ≥ threshold,n/a,n/a,n/a
4214,auto_pass,True,Jaccard ≥ threshold,n/a,n/a,n/a
4217,auto_pass,True,Jaccard ≥ threshold,n/a,n/a,n/a
4219,auto_pass,True,Jaccard ≥ threshold,n/a,n/a,n/a
4220,auto_pass,True,Jaccard ≥ threshold,n/a,n/a,n/a
4221,auto_pass,True,Jaccard ≥ threshold,n/a,n/a,n/a
4222,auto_pass,True,Jaccard ≥ threshold,n/a,n/a,n/a
4223,auto_pass,True,Jaccard ≥ threshold,n/a,n/a,n/a
4224,auto_pass,True,Jaccard ≥ threshold,n/a,n/a,n/a
4225,auto_pass,True,Jaccard ≥ threshold,n/a,n/a,n/a
4227,auto_pass,True,Jaccard ≥ threshold,n/a,n/a,n/a
4228,auto_pass,True,Jaccard ≥ threshold,n/a,n/a,n/a
4230,auto_pass,True,Jaccard ≥ threshold,n/a,n/a,n/a
4232,auto_pass,True,Jaccard ≥ threshold,n/a,n/a,n/a
4233,auto_pass,True,Jaccard ≥ threshold,n/a,n/a,n/a
4234,auto_pass,True,Jaccard ≥ threshold,n/a,n/a,n/a
4236,auto_pass,True,Jaccard ≥ threshold,n/a,n/a,n/a
4238,auto_pass,True,Jaccard ≥ threshold,n/a,n/a,n/a
4239,auto_pass,True,Jaccard ≥ threshold,n/a,n/a,n/a
4240,auto_pass,True,Jaccard ≥ threshold,n/a,n/a,n/a
4241,auto_pass,True,Jaccard ≥ threshold,n/a,n/a,n/a
4242,auto_pass,True,Jaccard ≥ threshold,n/a,n/a,n/a
4245,auto_pass,True,Jaccard ≥ threshold,n/a,n/a,n/a
4246,auto_pass,True,Jaccard ≥ threshold,n/a,n/a,n/a
4248,auto_pass,True,Jaccard ≥ threshold,n/a,n/a,n/a
4249,auto_pass,True,Jaccard ≥ threshold,n/a,n/a,n/a
4251,auto_pass,True,Jaccard ≥ threshold,n/a,n/a,n/a
4254,auto_pass,True,Jaccard ≥ threshold,n/a,n/a,n/a
4255,auto_pass,True,Jaccard ≥ threshold,n/a,n/a,n/a
4256,auto_pass,True,Jaccard ≥ threshold,n/a,n/a,n/a
4258,auto_pass,True,Jaccard ≥ threshold,n/a,n/a,n/a
4259,auto_pass,True,Jaccard ≥ threshold,n/a,n/a,n/a
4260,auto_pass,True,Jaccard ≥ threshold,n/a,n/a,n/a
4261,auto_pass,True,Jaccard ≥ threshold,n/a,n/a,n/a
4262,auto_pass,True,Jaccard ≥ threshold,n/a,n/a,n/a
4263,auto_pass,True,Jaccard ≥ threshold,n/a,n/a,n/a
4265,auto_pass,True,Jaccard ≥ threshold,n/a,n/a,n/a
4266,auto_pass,True,Jaccard ≥ threshold,n/a,n/a,n/a
4267,auto_pass,True,Jaccard ≥ threshold,n/a,n/a,n/a
4268,auto_pass,True,Jaccard ≥ threshold,n/a,n/a,n/a
4270,auto_pass,True,Jaccard ≥ threshold,n/a,n/a,n/a
4272,auto_pass,True,Jaccard ≥ threshold,n/a,n/a,n/a
4273,auto_pass,True,Jaccard ≥ threshold,n/a,n/a,n/a
4277,auto_pass,True,Jaccard ≥ threshold,n/a,n/a,n/a
4278,auto_pass,True,Jaccard ≥ threshold,n/a,n/a,n/a
4280,auto_pass,True,Jaccard ≥ threshold,n/a,n/a,n/a
4283,auto_pass,True,Jaccard ≥ threshold,n/a,n/a,n/a
4284,auto_pass,True,Jaccard ≥ threshold,n/a,n/a,n/a
4285,auto_pass,True,Jaccard ≥ threshold,n/a,n/a,n/a
4287,auto_pass,True,Jaccard ≥ threshold,n/a,n/a,n/a
4289,auto_pass,True,Jaccard ≥ threshold,n/a,n/a,n/a
4291,auto_pass,True,Jaccard ≥ threshold,n/a,n/a,n/a
4292,auto_pass,True,Jaccard ≥ threshold,n/a,n/a,n/a
4294,auto_pass,True,Jaccard ≥ threshold,n/a,n/a,n/a
4296,auto_pass,True,Jaccard ≥ threshold,n/a,n/a,n/a
4297,auto_pass,True,Jaccard ≥ threshold,n/a,n/a,n/a
4298,auto_pass,True,Jaccard ≥ threshold,n/a,n/a,n/a
4299,auto_pass,True,Jaccard ≥ threshold,n/a,n/a,n/a
4300,auto_pass,True,Jaccard ≥ threshold,n/a,n/a,n/a
4301,auto_pass,True,Jaccard ≥ threshold,n/a,n/a,n/a
4302,auto_pass,True,Jaccard ≥ threshold,n/a,n/a,n/a
4304,auto_pass,True,Jaccard ≥ threshold,n/a,n/a,n/a
4305,auto_pass,True,Jaccard ≥ threshold,n/a,n/a,n/a
4307,auto_pass,True,Jaccard ≥ threshold,n/a,n/a,n/a
4308,auto_pass,True,Jaccard ≥ threshold,n/a,n/a,n/a
4310,auto_pass,True,Jaccard ≥ threshold,n/a,n/a,n/a
4311,auto_pass,True,Jaccard ≥ threshold,n/a,n/a,n/a
4312,auto_pass,True,Jaccard ≥ threshold,n/a,n/a,n/a
4313,auto_pass,True,Jaccard ≥ threshold,n/a,n/a,n/a
4314,auto_pass,True,Jaccard ≥ threshold,n/a,n/a,n/a
4316,auto_pass,True,Jaccard ≥ threshold,n/a,n/a,n/a
4317,auto_pass,True,Jaccard ≥ threshold,n/a,n/a,n/a
4319,auto_pass,True,Jaccard ≥ threshold,n/a,n/a,n/a
4320,auto_pass,True,Jaccard ≥ threshold,n/a,n/a,n/a
4322,auto_pass,True,Jaccard ≥ threshold,n/a,n/a,n/a
4323,auto_pass,True,Jaccard ≥ threshold,n/a,n/a,n/a
4325,auto_pass,True,Jaccard ≥ threshold,n/a,n/a,n/a
4328,auto_pass,True,Jaccard ≥ threshold,n/a,n/a,n/a
4329,auto_pass,True,Jaccard ≥ threshold,n/a,n/a,n/a
4330,auto_pass,True,Jaccard ≥ threshold,n/a,n/a,n/a
4333,auto_pass,True,Jaccard ≥ threshold,n/a,n/a,n/a
4334,auto_pass,True,Jaccard ≥ threshold,n/a,n/a,n/a
4337,auto_pass,True,Jaccard ≥ threshold,n/a,n/a,n/a
4338,auto_pass,True,Jaccard ≥ threshold,n/a,n/a,n/a
4339,auto_pass,True,Jaccard ≥ threshold,n/a,n/a,n/a
4341,auto_pass,True,Jaccard ≥ threshold,n/a,n/a,n/a
4342,auto_pass,True,Jaccard ≥ threshold,n/a,n/a,n/a
4343,auto_pass,True,Jaccard ≥ threshold,n/a,n/a,n/a
4345,auto_pass,True,Jaccard ≥ threshold,n/a,n/a,n/a
4346,auto_pass,True,Jaccard ≥ threshold,n/a,n/a,n/a
4347,auto_pass,True,Jaccard ≥ threshold,n/a,n/a,n/a
4348,auto_pass,True,Jaccard ≥ threshold,n/a,n/a,n/a
4349,auto_pass,True,Jaccard ≥ threshold,n/a,n/a,n/a
4350,auto_pass,True,Jaccard ≥ threshold,n/a,n/a,n/a
4351,auto_pass,True,Jaccard ≥ threshold,n/a,n/a,n/a
4352,auto_pass,True,Jaccard ≥ threshold,n/a,n/a,n/a
4353,auto_pass,True,Jaccard ≥ threshold,n/a,n/a,n/a
4355,auto_pass,True,Jaccard ≥ threshold,n/a,n/a,n/a
4356,auto_pass,True,Jaccard ≥ threshold,n/a,n/a,n/a
4357,auto_pass,True,Jaccard ≥ threshold,n/a,n/a,n/a
4358,auto_pass,True,Jaccard ≥ threshold,n/a,n/a,n/a
4360,auto_pass,True,Jaccard ≥ threshold,n/a,n/a,n/a
4361,auto_pass,True,Jaccard ≥ threshold,n/a,n/a,n/a
4362,auto_pass,True,Jaccard ≥ threshold,n/a,n/a,n/a
4363,auto_pass,True,Jaccard ≥ threshold,n/a,n/a,n/a
4365,auto_pass,True,Jaccard ≥ threshold,n/a,n/a,n/a
4366,auto_pass,True,Jaccard ≥ threshold,n/a,n/a,n/a
4367,auto_pass,True,Jaccard ≥ threshold,n/a,n/a,n/a
4368,auto_pass,True,Jaccard ≥ threshold,n/a,n/a,n/a
4369,auto_pass,True,Jaccard ≥ threshold,n/a,n/a,n/a
4370,auto_pass,True,Jaccard ≥ threshold,n/a,n/a,n/a
4371,auto_pass,True,Jaccard ≥ threshold,n/a,n/a,n/a
4372,auto_pass,True,Jaccard ≥ threshold,n/a,n/a,n/a
4374,auto_pass,True,Jaccard ≥ threshold,n/a,n/a,n/a
4375,auto_pass,True,Jaccard ≥ threshold,n/a,n/a,n/a
4376,auto_pass,True,Jaccard ≥ threshold,n/a,n/a,n/a
4382,auto_pass,True,Jaccard ≥ threshold,n/a,n/a,n/a
4383,auto_pass,True,Jaccard ≥ threshold,n/a,n/a,n/a
4384,auto_pass,True,Jaccard ≥ threshold,n/a,n/a,n/a
4385,auto_pass,True,Jaccard ≥ threshold,n/a,n/a,n/a
4388,auto_pass,True,Jaccard ≥ threshold,n/a,n/a,n/a
4389,auto_pass,True,Jaccard ≥ threshold,n/a,n/a,n/a
4391,auto_pass,True,Jaccard ≥ threshold,n/a,n/a,n/a
4392,auto_pass,True,Jaccard ≥ threshold,n/a,n/a,n/a
4394,auto_pass,True,Jaccard ≥ threshold,n/a,n/a,n/a
4396,auto_pass,True,Jaccard ≥ threshold,n/a,n/a,n/a
4397,auto_pass,True,Jaccard ≥ threshold,n/a,n/a,n/a
4399,auto_pass,True,Jaccard ≥ threshold,n/a,n/a,n/a
4400,auto_pass,True,Jaccard ≥ threshold,n/a,n/a,n/a
4401,auto_pass,True,Jaccard ≥ threshold,n/a,n/a,n/a
4402,auto_pass,True,Jaccard ≥ threshold,n/a,n/a,n/a
4403,auto_pass,True,Jaccard ≥ threshold,n/a,n/a,n/a
4404,auto_pass,True,Jaccard ≥ threshold,n/a,n/a,n/a
4405,auto_pass,True,Jaccard ≥ threshold,n/a,n/a,n/a
4407,auto_pass,True,Jaccard ≥ threshold,n/a,n/a,n/a
4408,auto_pass,True,Jaccard ≥ threshold,n/a,n/a,n/a
4409,auto_pass,True,Jaccard ≥ threshold,n/a,n/a,n/a
4412,auto_pass,True,Jaccard ≥ threshold,n/a,n/a,n/a
4413,auto_pass,True,Jaccard ≥ threshold,n/a,n/a,n/a
4414,auto_pass,True,Jaccard ≥ threshold,n/a,n/a,n/a
4417,auto_pass,True,Jaccard ≥ threshold,n/a,n/a,n/a
4418,auto_pass,True,Jaccard ≥ threshold,n/a,n/a,n/a
4419,auto_pass,True,Jaccard ≥ threshold,n/a,n/a,n/a
4420,auto_pass,True,Jaccard ≥ threshold,n/a,n/a,n/a
4423,auto_pass,True,Jaccard ≥ threshold,n/a,n/a,n/a
4426,auto_pass,True,Jaccard ≥ threshold,n/a,n/a,n/a
4427,auto_pass,True,Jaccard ≥ threshold,n/a,n/a,n/a
4428,auto_pass,True,Jaccard ≥ threshold,n/a,n/a,n/a
4433,auto_pass,True,Jaccard ≥ threshold,n/a,n/a,n/a
4435,auto_pass,True,Jaccard ≥ threshold,n/a,n/a,n/a
4436,auto_pass,True,Jaccard ≥ threshold,n/a,n/a,n/a
4438,auto_pass,True,Jaccard ≥ threshold,n/a,n/a,n/a
4439,auto_pass,True,Jaccard ≥ threshold,n/a,n/a,n/a
4441,auto_pass,True,Jaccard ≥ threshold,n/a,n/a,n/a
4446,auto_pass,True,Jaccard ≥ threshold,n/a,n/a,n/a
4447,auto_pass,True,Jaccard ≥ threshold,n/a,n/a,n/a
4449,auto_pass,True,Jaccard ≥ threshold,n/a,n/a,n/a
4450,auto_pass,True,Jaccard ≥ threshold,n/a,n/a,n/a
4451,auto_pass,True,Jaccard ≥ threshold,n/a,n/a,n/a
4452,auto_pass,True,Jaccard ≥ threshold,n/a,n/a,n/a
4453,auto_pass,True,Jaccard ≥ threshold,n/a,n/a,n/a
4454,auto_pass,True,Jaccard ≥ threshold,n/a,n/a,n/a
4458,auto_pass,True,Jaccard ≥ threshold,n/a,n/a,n/a
4459,auto_pass,True,Jaccard ≥ threshold,n/a,n/a,n/a
4460,auto_pass,True,Jaccard ≥ threshold,n/a,n/a,n/a
4461,auto_pass,True,Jaccard ≥ threshold,n/a,n/a,n/a
4463,auto_pass,True,Jaccard ≥ threshold,n/a,n/a,n/a
4464,auto_pass,True,Jaccard ≥ threshold,n/a,n/a,n/a
4465,auto_pass,True,Jaccard ≥ threshold,n/a,n/a,n/a
4466,auto_pass,True,Jaccard ≥ threshold,n/a,n/a,n/a
4467,auto_pass,True,Jaccard ≥ threshold,n/a,n/a,n/a
4468,auto_pass,True,Jaccard ≥ threshold,n/a,n/a,n/a
4469,auto_pass,True,Jaccard ≥ threshold,n/a,n/a,n/a
4470,auto_pass,True,Jaccard ≥ threshold,n/a,n/a,n/a
4471,auto_pass,True,Jaccard ≥ threshold,n/a,n/a,n/a
4472,auto_pass,True,Jaccard ≥ threshold,n/a,n/a,n/a
4473,auto_pass,True,Jaccard ≥ threshold,n/a,n/a,n/a
4474,auto_pass,True,Jaccard ≥ threshold,n/a,n/a,n/a
4475,auto_pass,True,Jaccard ≥ threshold,n/a,n/a,n/a
4476,auto_pass,True,Jaccard ≥ threshold,n/a,n/a,n/a
4477,auto_pass,True,Jaccard ≥ threshold,n/a,n/a,n/a
4478,auto_pass,True,Jaccard ≥ threshold,n/a,n/a,n/a
4479,auto_pass,True,Jaccard ≥ threshold,n/a,n/a,n/a
4480,auto_pass,True,Jaccard ≥ threshold,n/a,n/a,n/a
4481,auto_pass,True,Jaccard ≥ threshold,n/a,n/a,n/a
4482,auto_pass,True,Jaccard ≥ threshold,n/a,n/a,n/a
4483,auto_pass,True,Jaccard ≥ threshold,n/a,n/a,n/a
4485,auto_pass,True,Jaccard ≥ threshold,n/a,n/a,n/a
4486,auto_pass,True,Jaccard ≥ threshold,n/a,n/a,n/a
4487,auto_pass,True,Jaccard ≥ threshold,n/a,n/a,n/a
4489,auto_pass,True,Jaccard ≥ threshold,n/a,n/a,n/a
4492,auto_pass,True,Jaccard ≥ threshold,n/a,n/a,n/a
4498,auto_pass,True,Jaccard ≥ threshold,n/a,n/a,n/a
4499,auto_pass,True,Jaccard ≥ threshold,n/a,n/a,n/a
4501,auto_pass,True,Jaccard ≥ threshold,n/a,n/a,n/a
4502,auto_pass,True,Jaccard ≥ threshold,n/a,n/a,n/a
4503,auto_pass,True,Jaccard ≥ threshold,n/a,n/a,n/a
4505,auto_pass,True,Jaccard ≥ threshold,n/a,n/a,n/a
4506,auto_pass,True,Jaccard ≥ threshold,n/a,n/a,n/a
4508,auto_pass,True,Jaccard ≥ threshold,n/a,n/a,n/a
4509,auto_pass,True,Jaccard ≥ threshold,n/a,n/a,n/a
4510,auto_pass,True,Jaccard ≥ threshold,n/a,n/a,n/a
4511,auto_pass,True,Jaccard ≥ threshold,n/a,n/a,n/a
4515,auto_pass,True,Jaccard ≥ threshold,n/a,n/a,n/a
4516,auto_pass,True,Jaccard ≥ threshold,n/a,n/a,n/a
4517,auto_pass,True,Jaccard ≥ threshold,n/a,n/a,n/a
4518,auto_pass,True,Jaccard ≥ threshold,n/a,n/a,n/a
4520,auto_pass,True,Jaccard ≥ threshold,n/a,n/a,n/a
4522,auto_pass,True,Jaccard ≥ threshold,n/a,n/a,n/a
4523,auto_pass,True,Jaccard ≥ threshold,n/a,n/a,n/a
4524,auto_pass,True,Jaccard ≥ threshold,n/a,n/a,n/a
4526,auto_pass,True,Jaccard ≥ threshold,n/a,n/a,n/a
4527,auto_pass,True,Jaccard ≥ threshold,n/a,n/a,n/a
4528,auto_pass,True,Jaccard ≥ threshold,n/a,n/a,n/a
4529,auto_pass,True,Jaccard ≥ threshold,n/a,n/a,n/a
4532,auto_pass,True,Jaccard ≥ threshold,n/a,n/a,n/a
4533,auto_pass,True,Jaccard ≥ threshold,n/a,n/a,n/a
4534,auto_pass,True,Jaccard ≥ threshold,n/a,n/a,n/a
4535,auto_pass,True,Jaccard ≥ threshold,n/a,n/a,n/a
4537,auto_pass,True,Jaccard ≥ threshold,n/a,n/a,n/a
4538,auto_pass,True,Jaccard ≥ threshold,n/a,n/a,n/a
4539,auto_pass,True,Jaccard ≥ threshold,n/a,n/a,n/a
4543,auto_pass,True,Jaccard ≥ threshold,n/a,n/a,n/a
4544,auto_pass,True,Jaccard ≥ threshold,n/a,n/a,n/a
4545,auto_pass,True,Jaccard ≥ threshold,n/a,n/a,n/a
4547,auto_pass,True,Jaccard ≥ threshold,n/a,n/a,n/a
4548,auto_pass,True,Jaccard ≥ threshold,n/a,n/a,n/a
4549,auto_pass,True,Jaccard ≥ threshold,n/a,n/a,n/a
4550,auto_pass,True,Jaccard ≥ threshold,n/a,n/a,n/a
4551,auto_pass,True,Jaccard ≥ threshold,n/a,n/a,n/a
4552,auto_pass,True,Jaccard ≥ threshold,n/a,n/a,n/a
4556,auto_pass,True,Jaccard ≥ threshold,n/a,n/a,n/a
4558,auto_pass,True,Jaccard ≥ threshold,n/a,n/a,n/a
4560,auto_pass,True,Jaccard ≥ threshold,n/a,n/a,n/a
4561,auto_pass,True,Jaccard ≥ threshold,n/a,n/a,n/a
4563,auto_pass,True,Jaccard ≥ threshold,n/a,n/a,n/a
4565,auto_pass,True,Jaccard ≥ threshold,n/a,n/a,n/a
4566,auto_pass,True,Jaccard ≥ threshold,n/a,n/a,n/a
4567,auto_pass,True,Jaccard ≥ threshold,n/a,n/a,n/a
4569,auto_pass,True,Jaccard ≥ threshold,n/a,n/a,n/a
4570,auto_pass,True,Jaccard ≥ threshold,n/a,n/a,n/a
4571,auto_pass,True,Jaccard ≥ threshold,n/a,n/a,n/a
4572,auto_pass,True,Jaccard ≥ threshold,n/a,n/a,n/a
4573,auto_pass,True,Jaccard ≥ threshold,n/a,n/a,n/a
4574,auto_pass,True,Jaccard ≥ threshold,n/a,n/a,n/a
4575,auto_pass,True,Jaccard ≥ threshold,n/a,n/a,n/a
4577,auto_pass,True,Jaccard ≥ threshold,n/a,n/a,n/a
4578,auto_pass,True,Jaccard ≥ threshold,n/a,n/a,n/a
4579,auto_pass,True,Jaccard ≥ threshold,n/a,n/a,n/a
4580,auto_pass,True,Jaccard ≥ threshold,n/a,n/a,n/a
4582,auto_pass,True,Jaccard ≥ threshold,n/a,n/a,n/a
4584,auto_pass,True,Jaccard ≥ threshold,n/a,n/a,n/a
4585,auto_pass,True,Jaccard ≥ threshold,n/a,n/a,n/a
4587,auto_pass,True,Jaccard ≥ threshold,n/a,n/a,n/a
4588,auto_pass,True,Jaccard ≥ threshold,n/a,n/a,n/a
4589,auto_pass,True,Jaccard ≥ threshold,n/a,n/a,n/a
4590,auto_pass,True,Jaccard ≥ threshold,n/a,n/a,n/a
4592,auto_pass,True,Jaccard ≥ threshold,n/a,n/a,n/a
4593,auto_pass,True,Jaccard ≥ threshold,n/a,n/a,n/a
4594,auto_pass,True,Jaccard ≥ threshold,n/a,n/a,n/a
4597,auto_pass,True,Jaccard ≥ threshold,n/a,n/a,n/a
4598,auto_pass,True,Jaccard ≥ threshold,n/a,n/a,n/a
4599,auto_pass,True,Jaccard ≥ threshold,n/a,n/a,n/a
4600,auto_pass,True,Jaccard ≥ threshold,n/a,n/a,n/a
4601,auto_pass,True,Jaccard ≥ threshold,n/a,n/a,n/a
4603,auto_pass,True,Jaccard ≥ threshold,n/a,n/a,n/a
4604,auto_pass,True,Jaccard ≥ threshold,n/a,n/a,n/a
4605,auto_pass,True,Jaccard ≥ threshold,n/a,n/a,n/a
4606,auto_pass,True,Jaccard ≥ threshold,n/a,n/a,n/a
4607,auto_pass,True,Jaccard ≥ threshold,n/a,n/a,n/a
4608,auto_pass,True,Jaccard ≥ threshold,n/a,n/a,n/a
4609,auto_pass,True,Jaccard ≥ threshold,n/a,n/a,n/a
4610,auto_pass,True,Jaccard ≥ threshold,n/a,n/a,n/a
4611,auto_pass,True,Jaccard ≥ threshold,n/a,n/a,n/a
4612,auto_pass,True,Jaccard ≥ threshold,n/a,n/a,n/a
4613,auto_pass,True,Jaccard ≥ threshold,n/a,n/a,n/a
4614,auto_pass,True,Jaccard ≥ threshold,n/a,n/a,n/a
4615,auto_pass,True,Jaccard ≥ threshold,n/a,n/a,n/a
4616,auto_pass,True,Jaccard ≥ threshold,n/a,n/a,n/a
4619,auto_pass,True,Jaccard ≥ threshold,n/a,n/a,n/a
4621,auto_pass,True,Jaccard ≥ threshold,n/a,n/a,n/a
4622,auto_pass,True,Jaccard ≥ threshold,n/a,n/a,n/a
4623,auto_pass,True,Jaccard ≥ threshold,n/a,n/a,n/a
4624,auto_pass,True,Jaccard ≥ threshold,n/a,n/a,n/a
4625,auto_pass,True,Jaccard ≥ threshold,n/a,n/a,n/a
4626,auto_pass,True,Jaccard ≥ threshold,n/a,n/a,n/a
4628,auto_pass,True,Jaccard ≥ threshold,n/a,n/a,n/a
4629,auto_pass,True,Jaccard ≥ threshold,n/a,n/a,n/a
4630,auto_pass,True,Jaccard ≥ threshold,n/a,n/a,n/a
4631,auto_pass,True,Jaccard ≥ threshold,n/a,n/a,n/a
4632,auto_pass,True,Jaccard ≥ threshold,n/a,n/a,n/a
4633,auto_pass,True,Jaccard ≥ threshold,n/a,n/a,n/a
4634,auto_pass,True,Jaccard ≥ threshold,n/a,n/a,n/a
4635,auto_pass,True,Jaccard ≥ threshold,n/a,n/a,n/a
4636,auto_pass,True,Jaccard ≥ threshold,n/a,n/a,n/a
4637,auto_pass,True,Jaccard ≥ threshold,n/a,n/a,n/a
4638,auto_pass,True,Jaccard ≥ threshold,n/a,n/a,n/a
4640,auto_pass,True,Jaccard ≥ threshold,n/a,n/a,n/a
4641,auto_pass,True,Jaccard ≥ threshold,n/a,n/a,n/a
4642,auto_pass,True,Jaccard ≥ threshold,n/a,n/a,n/a
4644,auto_pass,True,Jaccard ≥ threshold,n/a,n/a,n/a
4645,auto_pass,True,Jaccard ≥ threshold,n/a,n/a,n/a
4646,auto_pass,True,Jaccard ≥ threshold,n/a,n/a,n/a
4647,auto_pass,True,Jaccard ≥ threshold,n/a,n/a,n/a
4648,auto_pass,True,Jaccard ≥ threshold,n/a,n/a,n/a
4649,auto_pass,True,Jaccard ≥ threshold,n/a,n/a,n/a
4650,auto_pass,True,Jaccard ≥ threshold,n/a,n/a,n/a
4651,auto_pass,True,Jaccard ≥ threshold,n/a,n/a,n/a
4652,auto_pass,True,Jaccard ≥ threshold,n/a,n/a,n/a
4655,auto_pass,True,Jaccard ≥ threshold,n/a,n/a,n/a
4656,auto_pass,True,Jaccard ≥ threshold,n/a,n/a,n/a
4657,auto_pass,True,Jaccard ≥ threshold,n/a,n/a,n/a
4658,auto_pass,True,Jaccard ≥ threshold,n/a,n/a,n/a
4659,auto_pass,True,Jaccard ≥ threshold,n/a,n/a,n/a
4660,auto_pass,True,Jaccard ≥ threshold,n/a,n/a,n/a
4661,auto_pass,True,Jaccard ≥ threshold,n/a,n/a,n/a
4662,auto_pass,True,Jaccard ≥ threshold,n/a,n/a,n/a
4664,auto_pass,True,Jaccard ≥ threshold,n/a,n/a,n/a
4665,auto_pass,True,Jaccard ≥ threshold,n/a,n/a,n/a
4667,auto_pass,True,Jaccard ≥ threshold,n/a,n/a,n/a
4668,auto_pass,True,Jaccard ≥ threshold,n/a,n/a,n/a
4669,auto_pass,True,Jaccard ≥ threshold,n/a,n/a,n/a
4670,auto_pass,True,Jaccard ≥ threshold,n/a,n/a,n/a
4671,auto_pass,True,Jaccard ≥ threshold,n/a,n/a,n/a
4672,auto_pass,True,Jaccard ≥ threshold,n/a,n/a,n/a
4673,auto_pass,True,Jaccard ≥ threshold,n/a,n/a,n/a
4675,auto_pass,True,Jaccard ≥ threshold,n/a,n/a,n/a
4676,auto_pass,True,Jaccard ≥ threshold,n/a,n/a,n/a
4677,auto_pass,True,Jaccard ≥ threshold,n/a,n/a,n/a
4678,auto_pass,True,Jaccard ≥ threshold,n/a,n/a,n/a
4680,auto_pass,True,Jaccard ≥ threshold,n/a,n/a,n/a
4681,auto_pass,True,Jaccard ≥ threshold,n/a,n/a,n/a
4682,auto_pass,True,Jaccard ≥ threshold,n/a,n/a,n/a
4685,auto_pass,True,Jaccard ≥ threshold,n/a,n/a,n/a
4687,auto_pass,True,Jaccard ≥ threshold,n/a,n/a,n/a
4688,auto_pass,True,Jaccard ≥ threshold,n/a,n/a,n/a
4689,auto_pass,True,Jaccard ≥ threshold,n/a,n/a,n/a
4690,auto_pass,True,Jaccard ≥ threshold,n/a,n/a,n/a
4691,auto_pass,True,Jaccard ≥ threshold,n/a,n/a,n/a
4692,auto_pass,True,Jaccard ≥ threshold,n/a,n/a,n/a
4693,auto_pass,True,Jaccard ≥ threshold,n/a,n/a,n/a
4694,auto_pass,True,Jaccard ≥ threshold,n/a,n/a,n/a
4695,auto_pass,True,Jaccard ≥ threshold,n/a,n/a,n/a
4697,auto_pass,True,Jaccard ≥ threshold,n/a,n/a,n/a
4698,auto_pass,True,Jaccard ≥ threshold,n/a,n/a,n/a
4699,auto_pass,True,Jaccard ≥ threshold,n/a,n/a,n/a
4700,auto_pass,True,Jaccard ≥ threshold,n/a,n/a,n/a
4701,auto_pass,True,Jaccard ≥ threshold,n/a,n/a,n/a
4702,auto_pass,True,Jaccard ≥ threshold,n/a,n/a,n/a
4703,auto_pass,True,Jaccard ≥ threshold,n/a,n/a,n/a
4705,auto_pass,True,Jaccard ≥ threshold,n/a,n/a,n/a
4706,auto_pass,True,Jaccard ≥ threshold,n/a,n/a,n/a
4707,auto_pass,True,Jaccard ≥ threshold,n/a,n/a,n/a
4708,auto_pass,True,Jaccard ≥ threshold,n/a,n/a,n/a
4709,auto_pass,True,Jaccard ≥ threshold,n/a,n/a,n/a
4710,auto_pass,True,Jaccard ≥ threshold,n/a,n/a,n/a
4711,auto_pass,True,Jaccard ≥ threshold,n/a,n/a,n/a
4712,auto_pass,True,Jaccard ≥ threshold,n/a,n/a,n/a
4713,auto_pass,True,Jaccard ≥ threshold,n/a,n/a,n/a
4715,auto_pass,True,Jaccard ≥ threshold,n/a,n/a,n/a
4716,auto_pass,True,Jaccard ≥ threshold,n/a,n/a,n/a
4718,auto_pass,True,Jaccard ≥ threshold,n/a,n/a,n/a
4719,auto_pass,True,Jaccard ≥ threshold,n/a,n/a,n/a
4720,auto_pass,True,Jaccard ≥ threshold,n/a,n/a,n/a
4721,auto_pass,True,Jaccard ≥ threshold,n/a,n/a,n/a
4722,auto_pass,True,Jaccard ≥ threshold,n/a,n/a,n/a
4723,auto_pass,True,Jaccard ≥ threshold,n/a,n/a,n/a
4724,auto_pass,True,Jaccard ≥ threshold,n/a,n/a,n/a
4726,auto_pass,True,Jaccard ≥ threshold,n/a,n/a,n/a
4727,auto_pass,True,Jaccard ≥ threshold,n/a,n/a,n/a
4728,auto_pass,True,Jaccard ≥ threshold,n/a,n/a,n/a
4729,auto_pass,True,Jaccard ≥ threshold,n/a,n/a,n/a
4730,auto_pass,True,Jaccard ≥ threshold,n/a,n/a,n/a
4731,auto_pass,True,Jaccard ≥ threshold,n/a,n/a,n/a
4732,auto_pass,True,Jaccard ≥ threshold,n/a,n/a,n/a
4733,auto_pass,True,Jaccard ≥ threshold,n/a,n/a,n/a
4734,auto_pass,True,Jaccard ≥ threshold,n/a,n/a,n/a
4735,auto_pass,True,Jaccard ≥ threshold,n/a,n/a,n/a
4736,auto_pass,True,Jaccard ≥ threshold,n/a,n/a,n/a
4737,auto_pass,True,Jaccard ≥ threshold,n/a,n/a,n/a
4738,auto_pass,True,Jaccard ≥ threshold,n/a,n/a,n/a
4739,auto_pass,True,Jaccard ≥ threshold,n/a,n/a,n/a
4740,auto_pass,True,Jaccard ≥ threshold,n/a,n/a,n/a
4741,auto_pass,True,Jaccard ≥ threshold,n/a,n/a,n/a
4742,auto_pass,True,Jaccard ≥ threshold,n/a,n/a,n/a
4743,auto_pass,True,Jaccard ≥ threshold,n/a,n/a,n/a
4744,auto_pass,True,Jaccard ≥ threshold,n/a,n/a,n/a
4745,auto_pass,True,Jaccard ≥ threshold,n/a,n/a,n/a
4746,auto_pass,True,Jaccard ≥ threshold,n/a,n/a,n/a
4749,auto_pass,True,Jaccard ≥ threshold,n/a,n/a,n/a
4750,auto_pass,True,Jaccard ≥ threshold,n/a,n/a,n/a
4751,auto_pass,True,Jaccard ≥ threshold,n/a,n/a,n/a
4753,auto_pass,True,Jaccard ≥ threshold,n/a,n/a,n/a
4754,auto_pass,True,Jaccard ≥ threshold,n/a,n/a,n/a
4755,auto_pass,True,Jaccard ≥ threshold,n/a,n/a,n/a
4757,auto_pass,True,Jaccard ≥ threshold,n/a,n/a,n/a
4758,auto_pass,True,Jaccard ≥ threshold,n/a,n/a,n/a
4759,auto_pass,True,Jaccard ≥ threshold,n/a,n/a,n/a
4761,auto_pass,True,Jaccard ≥ threshold,n/a,n/a,n/a
4762,auto_pass,True,Jaccard ≥ threshold,n/a,n/a,n/a
4763,auto_pass,True,Jaccard ≥ threshold,n/a,n/a,n/a
4766,auto_pass,True,Jaccard ≥ threshold,n/a,n/a,n/a
4767,auto_pass,True,Jaccard ≥ threshold,n/a,n/a,n/a
4768,auto_pass,True,Jaccard ≥ threshold,n/a,n/a,n/a
4769,auto_pass,True,Jaccard ≥ threshold,n/a,n/a,n/a
4770,auto_pass,True,Jaccard ≥ threshold,n/a,n/a,n/a
4771,auto_pass,True,Jaccard ≥ threshold,n/a,n/a,n/a
4772,auto_pass,True,Jaccard ≥ threshold,n/a,n/a,n/a
4773,auto_pass,True,Jaccard ≥ threshold,n/a,n/a,n/a
4774,auto_pass,True,Jaccard ≥ threshold,n/a,n/a,n/a
4775,auto_pass,True,Jaccard ≥ threshold,n/a,n/a,n/a
4776,auto_pass,True,Jaccard ≥ threshold,n/a,n/a,n/a
4778,auto_pass,True,Jaccard ≥ threshold,n/a,n/a,n/a
4780,auto_pass,True,Jaccard ≥ threshold,n/a,n/a,n/a
4782,auto_pass,True,Jaccard ≥ threshold,n/a,n/a,n/a
4783,auto_pass,True,Jaccard ≥ threshold,n/a,n/a,n/a
4785,auto_pass,True,Jaccard ≥ threshold,n/a,n/a,n/a
4786,auto_pass,True,Jaccard ≥ threshold,n/a,n/a,n/a
4787,auto_pass,True,Jaccard ≥ threshold,n/a,n/a,n/a
4788,auto_pass,True,Jaccard ≥ threshold,n/a,n/a,n/a
4789,auto_pass,True,Jaccard ≥ threshold,n/a,n/a,n/a
4790,auto_pass,True,Jaccard ≥ threshold,n/a,n/a,n/a
4791,auto_pass,True,Jaccard ≥ threshold,n/a,n/a,n/a
4794,auto_pass,True,Jaccard ≥ threshold,n/a,n/a,n/a
4795,auto_pass,True,Jaccard ≥ threshold,n/a,n/a,n/a
4796,auto_pass,True,Jaccard ≥ threshold,n/a,n/a,n/a
4798,auto_pass,True,Jaccard ≥ threshold,n/a,n/a,n/a
4799,auto_pass,True,Jaccard ≥ threshold,n/a,n/a,n/a
4800,auto_pass,True,Jaccard ≥ threshold,n/a,n/a,n/a
4801,auto_pass,True,Jaccard ≥ threshold,n/a,n/a,n/a
4802,auto_pass,True,Jaccard ≥ threshold,n/a,n/a,n/a
4805,auto_pass,True,Jaccard ≥ threshold,n/a,n/a,n/a
4806,auto_pass,True,Jaccard ≥ threshold,n/a,n/a,n/a
4809,auto_pass,True,Jaccard ≥ threshold,n/a,n/a,n/a
4811,auto_pass,True,Jaccard ≥ threshold,n/a,n/a,n/a
4813,auto_pass,True,Jaccard ≥ threshold,n/a,n/a,n/a
4815,auto_pass,True,Jaccard ≥ threshold,n/a,n/a,n/a
4816,auto_pass,True,Jaccard ≥ threshold,n/a,n/a,n/a
4817,auto_pass,True,Jaccard ≥ threshold,n/a,n/a,n/a
4818,auto_pass,True,Jaccard ≥ threshold,n/a,n/a,n/a
4820,auto_pass,True,Jaccard ≥ threshold,n/a,n/a,n/a
4821,auto_pass,True,Jaccard ≥ threshold,n/a,n/a,n/a
4822,auto_pass,True,Jaccard ≥ threshold,n/a,n/a,n/a
4824,auto_pass,True,Jaccard ≥ threshold,n/a,n/a,n/a
4825,auto_pass,True,Jaccard ≥ threshold,n/a,n/a,n/a
4826,auto_pass,True,Jaccard ≥ threshold,n/a,n/a,n/a
4827,auto_pass,True,Jaccard ≥ threshold,n/a,n/a,n/a
4828,auto_pass,True,Jaccard ≥ threshold,n/a,n/a,n/a
4830,auto_pass,True,Jaccard ≥ threshold,n/a,n/a,n/a
4831,auto_pass,True,Jaccard ≥ threshold,n/a,n/a,n/a
4833,auto_pass,True,Jaccard ≥ threshold,n/a,n/a,n/a
4836,auto_pass,True,Jaccard ≥ threshold,n/a,n/a,n/a
4837,auto_pass,True,Jaccard ≥ threshold,n/a,n/a,n/a
4838,auto_pass,True,Jaccard ≥ threshold,n/a,n/a,n/a
4839,auto_pass,True,Jaccard ≥ threshold,n/a,n/a,n/a
4840,auto_pass,True,Jaccard ≥ threshold,n/a,n/a,n/a
4841,auto_pass,True,Jaccard ≥ threshold,n/a,n/a,n/a
4842,auto_pass,True,Jaccard ≥ threshold,n/a,n/a,n/a
4843,auto_pass,True,Jaccard ≥ threshold,n/a,n/a,n/a
4844,auto_pass,True,Jaccard ≥ threshold,n/a,n/a,n/a
4845,auto_pass,True,Jaccard ≥ threshold,n/a,n/a,n/a
4846,auto_pass,True,Jaccard ≥ threshold,n/a,n/a,n/a
4850,auto_pass,True,Jaccard ≥ threshold,n/a,n/a,n/a
4851,auto_pass,True,Jaccard ≥ threshold,n/a,n/a,n/a
4852,auto_pass,True,Jaccard ≥ threshold,n/a,n/a,n/a
4853,auto_pass,True,Jaccard ≥ threshold,n/a,n/a,n/a
4854,auto_pass,True,Jaccard ≥ threshold,n/a,n/a,n/a
4855,auto_pass,True,Jaccard ≥ threshold,n/a,n/a,n/a
4857,auto_pass,True,Jaccard ≥ threshold,n/a,n/a,n/a
4858,auto_pass,True,Jaccard ≥ threshold,n/a,n/a,n/a
4859,auto_pass,True,Jaccard ≥ threshold,n/a,n/a,n/a
4861,auto_pass,True,Jaccard ≥ threshold,n/a,n/a,n/a
4862,auto_pass,True,Jaccard ≥ threshold,n/a,n/a,n/a
4863,auto_pass,True,Jaccard ≥ threshold,n/a,n/a,n/a
4864,auto_pass,True,Jaccard ≥ threshold,n/a,n/a,n/a
4865,auto_pass,True,Jaccard ≥ threshold,n/a,n/a,n/a
4866,auto_pass,True,Jaccard ≥ threshold,n/a,n/a,n/a
4868,auto_pass,True,Jaccard ≥ threshold,n/a,n/a,n/a
4869,auto_pass,True,Jaccard ≥ threshold,n/a,n/a,n/a
4870,auto_pass,True,Jaccard ≥ threshold,n/a,n/a,n/a
4871,auto_pass,True,Jaccard ≥ threshold,n/a,n/a,n/a
4872,auto_pass,True,Jaccard ≥ threshold,n/a,n/a,n/a
4873,auto_pass,True,Jaccard ≥ threshold,n/a,n/a,n/a
4874,auto_pass,True,Jaccard ≥ threshold,n/a,n/a,n/a
4875,auto_pass,True,Jaccard ≥ threshold,n/a,n/a,n/a
4876,auto_pass,True,Jaccard ≥ threshold,n/a,n/a,n/a
4878,auto_pass,True,Jaccard ≥ threshold,n/a,n/a,n/a
4879,auto_pass,True,Jaccard ≥ threshold,n/a,n/a,n/a
4880,auto_pass,True,Jaccard ≥ threshold,n/a,n/a,n/a
4881,auto_pass,True,Jaccard ≥ threshold,n/a,n/a,n/a
4882,auto_pass,True,Jaccard ≥ threshold,n/a,n/a,n/a
4883,auto_pass,True,Jaccard ≥ threshold,n/a,n/a,n/a
4885,auto_pass,True,Jaccard ≥ threshold,n/a,n/a,n/a
4886,auto_pass,True,Jaccard ≥ threshold,n/a,n/a,n/a
4887,auto_pass,True,Jaccard ≥ threshold,n/a,n/a,n/a
4888,auto_pass,True,Jaccard ≥ threshold,n/a,n/a,n/a
4889,auto_pass,True,Jaccard ≥ threshold,n/a,n/a,n/a
4890,auto_pass,True,Jaccard ≥ threshold,n/a,n/a,n/a
4891,auto_pass,True,Jaccard ≥ threshold,n/a,n/a,n/a
4892,auto_pass,True,Jaccard ≥ threshold,n/a,n/a,n/a
4893,auto_pass,True,Jaccard ≥ threshold,n/a,n/a,n/a
4894,auto_pass,True,Jaccard ≥ threshold,n/a,n/a,n/a
4895,auto_pass,True,Jaccard ≥ threshold,n/a,n/a,n/a
4896,auto_pass,True,Jaccard ≥ threshold,n/a,n/a,n/a
4897,auto_pass,True,Jaccard ≥ threshold,n/a,n/a,n/a
4898,auto_pass,True,Jaccard ≥ threshold,n/a,n/a,n/a
4900,auto_pass,True,Jaccard ≥ threshold,n/a,n/a,n/a
4901,auto_pass,True,Jaccard ≥ threshold,n/a,n/a,n/a
4902,auto_pass,True,Jaccard ≥ threshold,n/a,n/a,n/a
4903,auto_pass,True,Jaccard ≥ threshold,n/a,n/a,n/a
4904,auto_pass,True,Jaccard ≥ threshold,n/a,n/a,n/a
4905,auto_pass,True,Jaccard ≥ threshold,n/a,n/a,n/a
4906,auto_pass,True,Jaccard ≥ threshold,n/a,n/a,n/a
4908,auto_pass,True,Jaccard ≥ threshold,n/a,n/a,n/a
4912,auto_pass,True,Jaccard ≥ threshold,n/a,n/a,n/a
4914,auto_pass,True,Jaccard ≥ threshold,n/a,n/a,n/a
4915,auto_pass,True,Jaccard ≥ threshold,n/a,n/a,n/a
4917,auto_pass,True,Jaccard ≥ threshold,n/a,n/a,n/a
4918,auto_pass,True,Jaccard ≥ threshold,n/a,n/a,n/a
4919,auto_pass,True,Jaccard ≥ threshold,n/a,n/a,n/a
4920,auto_pass,True,Jaccard ≥ threshold,n/a,n/a,n/a
4921,auto_pass,True,Jaccard ≥ threshold,n/a,n/a,n/a
4922,auto_pass,True,Jaccard ≥ threshold,n/a,n/a,n/a
4923,auto_pass,True,Jaccard ≥ threshold,n/a,n/a,n/a
4925,auto_pass,True,Jaccard ≥ threshold,n/a,n/a,n/a
4927,auto_pass,True,Jaccard ≥ threshold,n/a,n/a,n/a
4929,auto_pass,True,Jaccard ≥ threshold,n/a,n/a,n/a
4930,auto_pass,True,Jaccard ≥ threshold,n/a,n/a,n/a
4931,auto_pass,True,Jaccard ≥ threshold,n/a,n/a,n/a
4932,auto_pass,True,Jaccard ≥ threshold,n/a,n/a,n/a
4933,auto_pass,True,Jaccard ≥ threshold,n/a,n/a,n/a
4934,auto_pass,True,Jaccard ≥ threshold,n/a,n/a,n/a
4935,auto_pass,True,Jaccard ≥ threshold,n/a,n/a,n/a
4937,auto_pass,True,Jaccard ≥ threshold,n/a,n/a,n/a
4938,auto_pass,True,Jaccard ≥ threshold,n/a,n/a,n/a
4939,auto_pass,True,Jaccard ≥ threshold,n/a,n/a,n/a
4940,auto_pass,True,Jaccard ≥ threshold,n/a,n/a,n/a
4942,auto_pass,True,Jaccard ≥ threshold,n/a,n/a,n/a
4943,auto_pass,True,Jaccard ≥ threshold,n/a,n/a,n/a
4944,auto_pass,True,Jaccard ≥ threshold,n/a,n/a,n/a
4946,auto_pass,True,Jaccard ≥ threshold,n/a,n/a,n/a
4947,auto_pass,True,Jaccard ≥ threshold,n/a,n/a,n/a
4949,auto_pass,True,Jaccard ≥ threshold,n/a,n/a,n/a
4950,auto_pass,True,Jaccard ≥ threshold,n/a,n/a,n/a
4953,auto_pass,True,Jaccard ≥ threshold,n/a,n/a,n/a
4954,auto_pass,True,Jaccard ≥ threshold,n/a,n/a,n/a
4955,auto_pass,True,Jaccard ≥ threshold,n/a,n/a,n/a
4957,auto_pass,True,Jaccard ≥ threshold,n/a,n/a,n/a
4960,auto_pass,True,Jaccard ≥ threshold,n/a,n/a,n/a
4961,auto_pass,True,Jaccard ≥ threshold,n/a,n/a,n/a
4962,auto_pass,True,Jaccard ≥ threshold,n/a,n/a,n/a
4963,auto_pass,True,Jaccard ≥ threshold,n/a,n/a,n/a
4964,auto_pass,True,Jaccard ≥ threshold,n/a,n/a,n/a
4965,auto_pass,True,Jaccard ≥ threshold,n/a,n/a,n/a
4966,auto_pass,True,Jaccard ≥ threshold,n/a,n/a,n/a
4967,auto_pass,True,Jaccard ≥ threshold,n/a,n/a,n/a
4968,auto_pass,True,Jaccard ≥ threshold,n/a,n/a,n/a
4969,auto_pass,True,Jaccard ≥ threshold,n/a,n/a,n/a
4970,auto_pass,True,Jaccard ≥ threshold,n/a,n/a,n/a
4972,auto_pass,True,Jaccard ≥ threshold,n/a,n/a,n/a
4973,auto_pass,True,Jaccard ≥ threshold,n/a,n/a,n/a
4974,auto_pass,True,Jaccard ≥ threshold,n/a,n/a,n/a
4975,auto_pass,True,Jaccard ≥ threshold,n/a,n/a,n/a
4977,auto_pass,True,Jaccard ≥ threshold,n/a,n/a,n/a
4978,auto_pass,True,Jaccard ≥ threshold,n/a,n/a,n/a
4979,auto_pass,True,Jaccard ≥ threshold,n/a,n/a,n/a
4980,auto_pass,True,Jaccard ≥ threshold,n/a,n/a,n/a
4982,auto_pass,True,Jaccard ≥ threshold,n/a,n/a,n/a
4983,auto_pass,True,Jaccard ≥ threshold,n/a,n/a,n/a
4985,auto_pass,True,Jaccard ≥ threshold,n/a,n/a,n/a
4986,auto_pass,True,Jaccard ≥ threshold,n/a,n/a,n/a
4987,auto_pass,True,Jaccard ≥ threshold,n/a,n/a,n/a
4988,auto_pass,True,Jaccard ≥ threshold,n/a,n/a,n/a
4989,auto_pass,True,Jaccard ≥ threshold,n/a,n/a,n/a
4990,auto_pass,True,Jaccard ≥ threshold,n/a,n/a,n/a
4991,auto_pass,True,Jaccard ≥ threshold,n/a,n/a,n/a
4993,auto_pass,True,Jaccard ≥ threshold,n/a,n/a,n/a
4994,auto_pass,True,Jaccard ≥ threshold,n/a,n/a,n/a
4995,auto_pass,True,Jaccard ≥ threshold,n/a,n/a,n/a
4996,auto_pass,True,Jaccard ≥ threshold,n/a,n/a,n/a
4997,auto_pass,True,Jaccard ≥ threshold,n/a,n/a,n/a
4998,auto_pass,True,Jaccard ≥ threshold,n/a,n/a,n/a
5000,auto_pass,True,Jaccard ≥ threshold,n/a,n/a,n/a
5001,auto_pass,True,Jaccard ≥ threshold,n/a,n/a,n/a
5002,auto_pass,True,Jaccard ≥ threshold,n/a,n/a,n/a
5003,auto_pass,True,Jaccard ≥ threshold,n/a,n/a,n/a
5004,auto_pass,True,Jaccard ≥ threshold,n/a,n/a,n/a
5005,auto_pass,True,Jaccard ≥ threshold,n/a,n/a,n/a
5007,auto_pass,True,Jaccard ≥ threshold,n/a,n/a,n/a
5008,auto_pass,True,Jaccard ≥ threshold,n/a,n/a,n/a
5010,auto_pass,True,Jaccard ≥ threshold,n/a,n/a,n/a
5011,auto_pass,True,Jaccard ≥ threshold,n/a,n/a,n/a
5013,auto_pass,True,Jaccard ≥ threshold,n/a,n/a,n/a
5014,auto_pass,True,Jaccard ≥ threshold,n/a,n/a,n/a
5015,auto_pass,True,Jaccard ≥ threshold,n/a,n/a,n/a
5016,auto_pass,True,Jaccard ≥ threshold,n/a,n/a,n/a
5017,auto_pass,True,Jaccard ≥ threshold,n/a,n/a,n/a
5018,auto_pass,True,Jaccard ≥ threshold,n/a,n/a,n/a
5019,auto_pass,True,Jaccard ≥ threshold,n/a,n/a,n/a
5023,auto_pass,True,Jaccard ≥ threshold,n/a,n/a,n/a
5024,auto_pass,True,Jaccard ≥ threshold,n/a,n/a,n/a
5025,auto_pass,True,Jaccard ≥ threshold,n/a,n/a,n/a
5026,auto_pass,True,Jaccard ≥ threshold,n/a,n/a,n/a
5027,auto_pass,True,Jaccard ≥ threshold,n/a,n/a,n/a
5028,auto_pass,True,Jaccard ≥ threshold,n/a,n/a,n/a
5029,auto_pass,True,Jaccard ≥ threshold,n/a,n/a,n/a
5030,auto_pass,True,Jaccard ≥ threshold,n/a,n/a,n/a
5032,auto_pass,True,Jaccard ≥ threshold,n/a,n/a,n/a
5033,auto_pass,True,Jaccard ≥ threshold,n/a,n/a,n/a
5035,auto_pass,True,Jaccard ≥ threshold,n/a,n/a,n/a
5036,auto_pass,True,Jaccard ≥ threshold,n/a,n/a,n/a
5037,auto_pass,True,Jaccard ≥ threshold,n/a,n/a,n/a
5038,auto_pass,True,Jaccard ≥ threshold,n/a,n/a,n/a
5039,auto_pass,True,Jaccard ≥ threshold,n/a,n/a,n/a
5042,auto_pass,True,Jaccard ≥ threshold,n/a,n/a,n/a
5043,auto_pass,True,Jaccard ≥ threshold,n/a,n/a,n/a
5044,auto_pass,True,Jaccard ≥ threshold,n/a,n/a,n/a
5045,auto_pass,True,Jaccard ≥ threshold,n/a,n/a,n/a
5047,auto_pass,True,Jaccard ≥ threshold,n/a,n/a,n/a
5048,auto_pass,True,Jaccard ≥ threshold,n/a,n/a,n/a
5049,auto_pass,True,Jaccard ≥ threshold,n/a,n/a,n/a
5050,auto_pass,True,Jaccard ≥ threshold,n/a,n/a,n/a
5052,auto_pass,True,Jaccard ≥ threshold,n/a,n/a,n/a
5055,auto_pass,True,Jaccard ≥ threshold,n/a,n/a,n/a
5056,auto_pass,True,Jaccard ≥ threshold,n/a,n/a,n/a
5057,auto_pass,True,Jaccard ≥ threshold,n/a,n/a,n/a
5059,auto_pass,True,Jaccard ≥ threshold,n/a,n/a,n/a
5060,auto_pass,True,Jaccard ≥ threshold,n/a,n/a,n/a
5064,auto_pass,True,Jaccard ≥ threshold,n/a,n/a,n/a
5066,auto_pass,True,Jaccard ≥ threshold,n/a,n/a,n/a
5067,auto_pass,True,Jaccard ≥ threshold,n/a,n/a,n/a
5068,auto_pass,True,Jaccard ≥ threshold,n/a,n/a,n/a
5069,auto_pass,True,Jaccard ≥ threshold,n/a,n/a,n/a
5070,auto_pass,True,Jaccard ≥ threshold,n/a,n/a,n/a
5071,auto_pass,True,Jaccard ≥ threshold,n/a,n/a,n/a
5072,auto_pass,True,Jaccard ≥ threshold,n/a,n/a,n/a
5073,auto_pass,True,Jaccard ≥ threshold,n/a,n/a,n/a
5074,auto_pass,True,Jaccard ≥ threshold,n/a,n/a,n/a
5075,auto_pass,True,Jaccard ≥ threshold,n/a,n/a,n/a
5076,auto_pass,True,Jaccard ≥ threshold,n/a,n/a,n/a
5077,auto_pass,True,Jaccard ≥ threshold,n/a,n/a,n/a
5078,auto_pass,True,Jaccard ≥ threshold,n/a,n/a,n/a
5079,auto_pass,True,Jaccard ≥ threshold,n/a,n/a,n/a
5080,auto_pass,True,Jaccard ≥ threshold,n/a,n/a,n/a
5081,auto_pass,True,Jaccard ≥ threshold,n/a,n/a,n/a
5082,auto_pass,True,Jaccard ≥ threshold,n/a,n/a,n/a
5083,auto_pass,True,Jaccard ≥ threshold,n/a,n/a,n/a
5084,auto_pass,True,Jaccard ≥ threshold,n/a,n/a,n/a
5085,auto_pass,True,Jaccard ≥ threshold,n/a,n/a,n/a
5087,auto_pass,True,Jaccard ≥ threshold,n/a,n/a,n/a
5088,auto_pass,True,Jaccard ≥ threshold,n/a,n/a,n/a
5089,auto_pass,True,Jaccard ≥ threshold,n/a,n/a,n/a
5091,auto_pass,True,Jaccard ≥ threshold,n/a,n/a,n/a
5092,auto_pass,True,Jaccard ≥ threshold,n/a,n/a,n/a
5093,auto_pass,True,Jaccard ≥ threshold,n/a,n/a,n/a
5094,auto_pass,True,Jaccard ≥ threshold,n/a,n/a,n/a
5095,auto_pass,True,Jaccard ≥ threshold,n/a,n/a,n/a
5096,auto_pass,True,Jaccard ≥ threshold,n/a,n/a,n/a
5097,auto_pass,True,Jaccard ≥ threshold,n/a,n/a,n/a
5098,auto_pass,True,Jaccard ≥ threshold,n/a,n/a,n/a
5099,auto_pass,True,Jaccard ≥ threshold,n/a,n/a,n/a
5100,auto_pass,True,Jaccard ≥ threshold,n/a,n/a,n/a
5101,auto_pass,True,Jaccard ≥ threshold,n/a,n/a,n/a
5103,auto_pass,True,Jaccard ≥ threshold,n/a,n/a,n/a
5105,auto_pass,True,Jaccard ≥ threshold,n/a,n/a,n/a
5106,auto_pass,True,Jaccard ≥ threshold,n/a,n/a,n/a
5107,auto_pass,True,Jaccard ≥ threshold,n/a,n/a,n/a
5108,auto_pass,True,Jaccard ≥ threshold,n/a,n/a,n/a
5109,auto_pass,True,Jaccard ≥ threshold,n/a,n/a,n/a
5110,auto_pass,True,Jaccard ≥ threshold,n/a,n/a,n/a
5111,auto_pass,True,Jaccard ≥ threshold,n/a,n/a,n/a
5112,auto_pass,True,Jaccard ≥ threshold,n/a,n/a,n/a
5113,auto_pass,True,Jaccard ≥ threshold,n/a,n/a,n/a
5114,auto_pass,True,Jaccard ≥ threshold,n/a,n/a,n/a
5116,auto_pass,True,Jaccard ≥ threshold,n/a,n/a,n/a
5118,auto_pass,True,Jaccard ≥ threshold,n/a,n/a,n/a
5119,auto_pass,True,Jaccard ≥ threshold,n/a,n/a,n/a
5121,auto_pass,True,Jaccard ≥ threshold,n/a,n/a,n/a
5122,auto_pass,True,Jaccard ≥ threshold,n/a,n/a,n/a
5123,auto_pass,True,Jaccard ≥ threshold,n/a,n/a,n/a
5127,auto_pass,True,Jaccard ≥ threshold,n/a,n/a,n/a
5132,auto_pass,True,Jaccard ≥ threshold,n/a,n/a,n/a
5133,auto_pass,True,Jaccard ≥ threshold,n/a,n/a,n/a
5134,auto_pass,True,Jaccard ≥ threshold,n/a,n/a,n/a
5135,auto_pass,True,Jaccard ≥ threshold,n/a,n/a,n/a
5136,auto_pass,True,Jaccard ≥ threshold,n/a,n/a,n/a
5137,auto_pass,True,Jaccard ≥ threshold,n/a,n/a,n/a
5138,auto_pass,True,Jaccard ≥ threshold,n/a,n/a,n/a
5139,auto_pass,True,Jaccard ≥ threshold,n/a,n/a,n/a
5140,auto_pass,True,Jaccard ≥ threshold,n/a,n/a,n/a
5145,auto_pass,True,Jaccard ≥ threshold,n/a,n/a,n/a
5148,auto_pass,True,Jaccard ≥ threshold,n/a,n/a,n/a
5149,auto_pass,True,Jaccard ≥ threshold,n/a,n/a,n/a
5150,auto_pass,True,Jaccard ≥ threshold,n/a,n/a,n/a
5151,auto_pass,True,Jaccard ≥ threshold,n/a,n/a,n/a
5152,auto_pass,True,Jaccard ≥ threshold,n/a,n/a,n/a
5153,auto_pass,True,Jaccard ≥ threshold,n/a,n/a,n/a
5154,auto_pass,True,Jaccard ≥ threshold,n/a,n/a,n/a
5155,auto_pass,True,Jaccard ≥ threshold,n/a,n/a,n/a
5157,auto_pass,True,Jaccard ≥ threshold,n/a,n/a,n/a
5158,auto_pass,True,Jaccard ≥ threshold,n/a,n/a,n/a
5159,auto_pass,True,Jaccard ≥ threshold,n/a,n/a,n/a
5160,auto_pass,True,Jaccard ≥ threshold,n/a,n/a,n/a
5162,auto_pass,True,Jaccard ≥ threshold,n/a,n/a,n/a
5163,auto_pass,True,Jaccard ≥ threshold,n/a,n/a,n/a
5165,auto_pass,True,Jaccard ≥ threshold,n/a,n/a,n/a
5166,auto_pass,True,Jaccard ≥ threshold,n/a,n/a,n/a
5168,auto_pass,True,Jaccard ≥ threshold,n/a,n/a,n/a
5171,auto_pass,True,Jaccard ≥ threshold,n/a,n/a,n/a
5172,auto_pass,True,Jaccard ≥ threshold,n/a,n/a,n/a
5174,auto_pass,True,Jaccard ≥ threshold,n/a,n/a,n/a
5175,auto_pass,True,Jaccard ≥ threshold,n/a,n/a,n/a
5177,auto_pass,True,Jaccard ≥ threshold,n/a,n/a,n/a
5179,auto_pass,True,Jaccard ≥ threshold,n/a,n/a,n/a
5180,auto_pass,True,Jaccard ≥ threshold,n/a,n/a,n/a
5181,auto_pass,True,Jaccard ≥ threshold,n/a,n/a,n/a
5182,auto_pass,True,Jaccard ≥ threshold,n/a,n/a,n/a
5183,auto_pass,True,Jaccard ≥ threshold,n/a,n/a,n/a
5184,auto_pass,True,Jaccard ≥ threshold,n/a,n/a,n/a
5185,auto_pass,True,Jaccard ≥ threshold,n/a,n/a,n/a
5186,auto_pass,True,Jaccard ≥ threshold,n/a,n/a,n/a
5187,auto_pass,True,Jaccard ≥ threshold,n/a,n/a,n/a
5188,auto_pass,True,Jaccard ≥ threshold,n/a,n/a,n/a
5189,auto_pass,True,Jaccard ≥ threshold,n/a,n/a,n/a
5190,auto_pass,True,Jaccard ≥ threshold,n/a,n/a,n/a
5191,auto_pass,True,Jaccard ≥ threshold,n/a,n/a,n/a
5193,auto_pass,True,Jaccard ≥ threshold,n/a,n/a,n/a
5194,auto_pass,True,Jaccard ≥ threshold,n/a,n/a,n/a
5195,auto_pass,True,Jaccard ≥ threshold,n/a,n/a,n/a
5196,auto_pass,True,Jaccard ≥ threshold,n/a,n/a,n/a
5197,auto_pass,True,Jaccard ≥ threshold,n/a,n/a,n/a
5201,auto_pass,True,Jaccard ≥ threshold,n/a,n/a,n/a
5202,auto_pass,True,Jaccard ≥ threshold,n/a,n/a,n/a
5203,auto_pass,True,Jaccard ≥ threshold,n/a,n/a,n/a
5204,auto_pass,True,Jaccard ≥ threshold,n/a,n/a,n/a
5205,auto_pass,True,Jaccard ≥ threshold,n/a,n/a,n/a
5206,auto_pass,True,Jaccard ≥ threshold,n/a,n/a,n/a
5208,auto_pass,True,Jaccard ≥ threshold,n/a,n/a,n/a
5209,auto_pass,True,Jaccard ≥ threshold,n/a,n/a,n/a
5211,auto_pass,True,Jaccard ≥ threshold,n/a,n/a,n/a
5213,auto_pass,True,Jaccard ≥ threshold,n/a,n/a,n/a
5218,auto_pass,True,Jaccard ≥ threshold,n/a,n/a,n/a
5219,auto_pass,True,Jaccard ≥ threshold,n/a,n/a,n/a
5221,auto_pass,True,Jaccard ≥ threshold,n/a,n/a,n/a
5224,auto_pass,True,Jaccard ≥ threshold,n/a,n/a,n/a
5225,auto_pass,True,Jaccard ≥ threshold,n/a,n/a,n/a
5226,auto_pass,True,Jaccard ≥ threshold,n/a,n/a,n/a
5227,auto_pass,True,Jaccard ≥ threshold,n/a,n/a,n/a
5232,auto_pass,True,Jaccard ≥ threshold,n/a,n/a,n/a
5233,auto_pass,True,Jaccard ≥ threshold,n/a,n/a,n/a
5235,auto_pass,True,Jaccard ≥ threshold,n/a,n/a,n/a
5238,auto_pass,True,Jaccard ≥ threshold,n/a,n/a,n/a
5239,auto_pass,True,Jaccard ≥ threshold,n/a,n/a,n/a
5240,auto_pass,True,Jaccard ≥ threshold,n/a,n/a,n/a
5241,auto_pass,True,Jaccard ≥ threshold,n/a,n/a,n/a
5245,auto_pass,True,Jaccard ≥ threshold,n/a,n/a,n/a
5246,auto_pass,True,Jaccard ≥ threshold,n/a,n/a,n/a
5247,auto_pass,True,Jaccard ≥ threshold,n/a,n/a,n/a
5248,auto_pass,True,Jaccard ≥ threshold,n/a,n/a,n/a
5249,auto_pass,True,Jaccard ≥ threshold,n/a,n/a,n/a
5250,auto_pass,True,Jaccard ≥ threshold,n/a,n/a,n/a
5251,auto_pass,True,Jaccard ≥ threshold,n/a,n/a,n/a
5252,auto_pass,True,Jaccard ≥ threshold,n/a,n/a,n/a
5253,auto_pass,True,Jaccard ≥ threshold,n/a,n/a,n/a
5254,auto_pass,True,Jaccard ≥ threshold,n/a,n/a,n/a
5257,auto_pass,True,Jaccard ≥ threshold,n/a,n/a,n/a
5258,auto_pass,True,Jaccard ≥ threshold,n/a,n/a,n/a
5259,auto_pass,True,Jaccard ≥ threshold,n/a,n/a,n/a
5260,auto_pass,True,Jaccard ≥ threshold,n/a,n/a,n/a
5261,auto_pass,True,Jaccard ≥ threshold,n/a,n/a,n/a
5262,auto_pass,True,Jaccard ≥ threshold,n/a,n/a,n/a
5265,auto_pass,True,Jaccard ≥ threshold,n/a,n/a,n/a
5266,auto_pass,True,Jaccard ≥ threshold,n/a,n/a,n/a
5268,auto_pass,True,Jaccard ≥ threshold,n/a,n/a,n/a
5269,auto_pass,True,Jaccard ≥ threshold,n/a,n/a,n/a
5270,auto_pass,True,Jaccard ≥ threshold,n/a,n/a,n/a
5272,auto_pass,True,Jaccard ≥ threshold,n/a,n/a,n/a
5273,auto_pass,True,Jaccard ≥ threshold,n/a,n/a,n/a
5275,auto_pass,True,Jaccard ≥ threshold,n/a,n/a,n/a
5276,auto_pass,True,Jaccard ≥ threshold,n/a,n/a,n/a
5277,auto_pass,True,Jaccard ≥ threshold,n/a,n/a,n/a
5278,auto_pass,True,Jaccard ≥ threshold,n/a,n/a,n/a
5279,auto_pass,True,Jaccard ≥ threshold,n/a,n/a,n/a
5280,auto_pass,True,Jaccard ≥ threshold,n/a,n/a,n/a
5281,auto_pass,True,Jaccard ≥ threshold,n/a,n/a,n/a
5282,auto_pass,True,Jaccard ≥ threshold,n/a,n/a,n/a
5286,auto_pass,True,Jaccard ≥ threshold,n/a,n/a,n/a
5287,auto_pass,True,Jaccard ≥ threshold,n/a,n/a,n/a
5288,auto_pass,True,Jaccard ≥ threshold,n/a,n/a,n/a
5289,auto_pass,True,Jaccard ≥ threshold,n/a,n/a,n/a
5290,auto_pass,True,Jaccard ≥ threshold,n/a,n/a,n/a
5292,auto_pass,True,Jaccard ≥ threshold,n/a,n/a,n/a
5295,auto_pass,True,Jaccard ≥ threshold,n/a,n/a,n/a
5296,auto_pass,True,Jaccard ≥ threshold,n/a,n/a,n/a
5297,auto_pass,True,Jaccard ≥ threshold,n/a,n/a,n/a
5298,auto_pass,True,Jaccard ≥ threshold,n/a,n/a,n/a
5300,auto_pass,True,Jaccard ≥ threshold,n/a,n/a,n/a
5303,auto_pass,True,Jaccard ≥ threshold,n/a,n/a,n/a
5304,auto_pass,True,Jaccard ≥ threshold,n/a,n/a,n/a
5305,auto_pass,True,Jaccard ≥ threshold,n/a,n/a,n/a
5307,auto_pass,True,Jaccard ≥ threshold,n/a,n/a,n/a
5308,auto_pass,True,Jaccard ≥ threshold,n/a,n/a,n/a
5309,auto_pass,True,Jaccard ≥ threshold,n/a,n/a,n/a
5316,auto_pass,True,Jaccard ≥ threshold,n/a,n/a,n/a
5317,auto_pass,True,Jaccard ≥ threshold,n/a,n/a,n/a
5318,auto_pass,True,Jaccard ≥ threshold,n/a,n/a,n/a
5320,auto_pass,True,Jaccard ≥ threshold,n/a,n/a,n/a
5322,auto_pass,True,Jaccard ≥ threshold,n/a,n/a,n/a
5325,auto_pass,True,Jaccard ≥ threshold,n/a,n/a,n/a
5329,auto_pass,True,Jaccard ≥ threshold,n/a,n/a,n/a
5330,auto_pass,True,Jaccard ≥ threshold,n/a,n/a,n/a
5331,auto_pass,True,Jaccard ≥ threshold,n/a,n/a,n/a
5332,auto_pass,True,Jaccard ≥ threshold,n/a,n/a,n/a
5334,auto_pass,True,Jaccard ≥ threshold,n/a,n/a,n/a
5335,auto_pass,True,Jaccard ≥ threshold,n/a,n/a,n/a
5336,auto_pass,True,Jaccard ≥ threshold,n/a,n/a,n/a
5339,auto_pass,True,Jaccard ≥ threshold,n/a,n/a,n/a
5340,auto_pass,True,Jaccard ≥ threshold,n/a,n/a,n/a
5341,auto_pass,True,Jaccard ≥ threshold,n/a,n/a,n/a
5343,auto_pass,True,Jaccard ≥ threshold,n/a,n/a,n/a
5345,auto_pass,True,Jaccard ≥ threshold,n/a,n/a,n/a
5346,auto_pass,True,Jaccard ≥ threshold,n/a,n/a,n/a
5348,auto_pass,True,Jaccard ≥ threshold,n/a,n/a,n/a
5351,auto_pass,True,Jaccard ≥ threshold,n/a,n/a,n/a
5352,auto_pass,True,Jaccard ≥ threshold,n/a,n/a,n/a
5353,auto_pass,True,Jaccard ≥ threshold,n/a,n/a,n/a
5354,auto_pass,True,Jaccard ≥ threshold,n/a,n/a,n/a
5356,auto_pass,True,Jaccard ≥ threshold,n/a,n/a,n/a
5358,auto_pass,True,Jaccard ≥ threshold,n/a,n/a,n/a
5359,auto_pass,True,Jaccard ≥ threshold,n/a,n/a,n/a
5362,auto_pass,True,Jaccard ≥ threshold,n/a,n/a,n/a
5363,auto_pass,True,Jaccard ≥ threshold,n/a,n/a,n/a
5365,auto_pass,True,Jaccard ≥ threshold,n/a,n/a,n/a
5369,auto_pass,True,Jaccard ≥ threshold,n/a,n/a,n/a
5370,auto_pass,True,Jaccard ≥ threshold,n/a,n/a,n/a
5372,auto_pass,True,Jaccard ≥ threshold,n/a,n/a,n/a
5373,auto_pass,True,Jaccard ≥ threshold,n/a,n/a,n/a
5375,auto_pass,True,Jaccard ≥ threshold,n/a,n/a,n/a
5376,auto_pass,True,Jaccard ≥ threshold,n/a,n/a,n/a
5377,auto_pass,True,Jaccard ≥ threshold,n/a,n/a,n/a
5379,auto_pass,True,Jaccard ≥ threshold,n/a,n/a,n/a
5381,auto_pass,True,Jaccard ≥ threshold,n/a,n/a,n/a
5385,auto_pass,True,Jaccard ≥ threshold,n/a,n/a,n/a
5387,auto_pass,True,Jaccard ≥ threshold,n/a,n/a,n/a
5389,auto_pass,True,Jaccard ≥ threshold,n/a,n/a,n/a
5390,auto_pass,True,Jaccard ≥ threshold,n/a,n/a,n/a
5392,auto_pass,True,Jaccard ≥ threshold,n/a,n/a,n/a
5395,auto_pass,True,Jaccard ≥ threshold,n/a,n/a,n/a
5396,auto_pass,True,Jaccard ≥ threshold,n/a,n/a,n/a
5397,auto_pass,True,Jaccard ≥ threshold,n/a,n/a,n/a
5398,auto_pass,True,Jaccard ≥ threshold,n/a,n/a,n/a
5399,auto_pass,True,Jaccard ≥ threshold,n/a,n/a,n/a
5400,auto_pass,True,Jaccard ≥ threshold,n/a,n/a,n/a
5401,auto_pass,True,Jaccard ≥ threshold,n/a,n/a,n/a
5403,auto_pass,True,Jaccard ≥ threshold,n/a,n/a,n/a
5405,auto_pass,True,Jaccard ≥ threshold,n/a,n/a,n/a
5406,auto_pass,True,Jaccard ≥ threshold,n/a,n/a,n/a
5407,auto_pass,True,Jaccard ≥ threshold,n/a,n/a,n/a
5408,auto_pass,True,Jaccard ≥ threshold,n/a,n/a,n/a
5410,auto_pass,True,Jaccard ≥ threshold,n/a,n/a,n/a
5411,auto_pass,True,Jaccard ≥ threshold,n/a,n/a,n/a
5412,auto_pass,True,Jaccard ≥ threshold,n/a,n/a,n/a
5413,auto_pass,True,Jaccard ≥ threshold,n/a,n/a,n/a
5414,auto_pass,True,Jaccard ≥ threshold,n/a,n/a,n/a
5415,auto_pass,True,Jaccard ≥ threshold,n/a,n/a,n/a
5419,auto_pass,True,Jaccard ≥ threshold,n/a,n/a,n/a
5420,auto_pass,True,Jaccard ≥ threshold,n/a,n/a,n/a
5421,auto_pass,True,Jaccard ≥ threshold,n/a,n/a,n/a
5423,auto_pass,True,Jaccard ≥ threshold,n/a,n/a,n/a
5424,auto_pass,True,Jaccard ≥ threshold,n/a,n/a,n/a
5425,auto_pass,True,Jaccard ≥ threshold,n/a,n/a,n/a
5427,auto_pass,True,Jaccard ≥ threshold,n/a,n/a,n/a
5429,auto_pass,True,Jaccard ≥ threshold,n/a,n/a,n/a
5430,auto_pass,True,Jaccard ≥ threshold,n/a,n/a,n/a
5431,auto_pass,True,Jaccard ≥ threshold,n/a,n/a,n/a
5432,auto_pass,True,Jaccard ≥ threshold,n/a,n/a,n/a
5433,auto_pass,True,Jaccard ≥ threshold,n/a,n/a,n/a
5434,auto_pass,True,Jaccard ≥ threshold,n/a,n/a,n/a
5435,auto_pass,True,Jaccard ≥ threshold,n/a,n/a,n/a
5436,auto_pass,True,Jaccard ≥ threshold,n/a,n/a,n/a
5437,auto_pass,True,Jaccard ≥ threshold,n/a,n/a,n/a
5438,auto_pass,True,Jaccard ≥ threshold,n/a,n/a,n/a
5439,auto_pass,True,Jaccard ≥ threshold,n/a,n/a,n/a
5441,auto_pass,True,Jaccard ≥ threshold,n/a,n/a,n/a
5443,auto_pass,True,Jaccard ≥ threshold,n/a,n/a,n/a
5444,auto_pass,True,Jaccard ≥ threshold,n/a,n/a,n/a
5446,auto_pass,True,Jaccard ≥ threshold,n/a,n/a,n/a
5447,auto_pass,True,Jaccard ≥ threshold,n/a,n/a,n/a
5448,auto_pass,True,Jaccard ≥ threshold,n/a,n/a,n/a
5449,auto_pass,True,Jaccard ≥ threshold,n/a,n/a,n/a
5451,auto_pass,True,Jaccard ≥ threshold,n/a,n/a,n/a
5452,auto_pass,True,Jaccard ≥ threshold,n/a,n/a,n/a
5453,auto_pass,True,Jaccard ≥ threshold,n/a,n/a,n/a
5454,auto_pass,True,Jaccard ≥ threshold,n/a,n/a,n/a
5455,auto_pass,True,Jaccard ≥ threshold,n/a,n/a,n/a
5456,auto_pass,True,Jaccard ≥ threshold,n/a,n/a,n/a
5457,auto_pass,True,Jaccard ≥ threshold,n/a,n/a,n/a
5459,auto_pass,True,Jaccard ≥ threshold,n/a,n/a,n/a
5460,auto_pass,True,Jaccard ≥ threshold,n/a,n/a,n/a
5464,auto_pass,True,Jaccard ≥ threshold,n/a,n/a,n/a
5467,auto_pass,True,Jaccard ≥ threshold,n/a,n/a,n/a
5468,auto_pass,True,Jaccard ≥ threshold,n/a,n/a,n/a
5469,auto_pass,True,Jaccard ≥ threshold,n/a,n/a,n/a
5470,auto_pass,True,Jaccard ≥ threshold,n/a,n/a,n/a
5472,auto_pass,True,Jaccard ≥ threshold,n/a,n/a,n/a
5473,auto_pass,True,Jaccard ≥ threshold,n/a,n/a,n/a
5474,auto_pass,True,Jaccard ≥ threshold,n/a,n/a,n/a
5475,auto_pass,True,Jaccard ≥ threshold,n/a,n/a,n/a
5476,auto_pass,True,Jaccard ≥ threshold,n/a,n/a,n/a
5477,auto_pass,True,Jaccard ≥ threshold,n/a,n/a,n/a
5478,auto_pass,True,Jaccard ≥ threshold,n/a,n/a,n/a
5479,auto_pass,True,Jaccard ≥ threshold,n/a,n/a,n/a
5480,auto_pass,True,Jaccard ≥ threshold,n/a,n/a,n/a
5481,auto_pass,True,Jaccard ≥ threshold,n/a,n/a,n/a
5482,auto_pass,True,Jaccard ≥ threshold,n/a,n/a,n/a
5483,auto_pass,True,Jaccard ≥ threshold,n/a,n/a,n/a
5485,auto_pass,True,Jaccard ≥ threshold,n/a,n/a,n/a
5486,auto_pass,True,Jaccard ≥ threshold,n/a,n/a,n/a
5487,auto_pass,True,Jaccard ≥ threshold,n/a,n/a,n/a
5489,auto_pass,True,Jaccard ≥ threshold,n/a,n/a,n/a
5491,auto_pass,True,Jaccard ≥ threshold,n/a,n/a,n/a
5493,auto_pass,True,Jaccard ≥ threshold,n/a,n/a,n/a
5494,auto_pass,True,Jaccard ≥ threshold,n/a,n/a,n/a
5496,auto_pass,True,Jaccard ≥ threshold,n/a,n/a,n/a
5498,auto_pass,True,Jaccard ≥ threshold,n/a,n/a,n/a
5499,auto_pass,True,Jaccard ≥ threshold,n/a,n/a,n/a
5500,auto_pass,True,Jaccard ≥ threshold,n/a,n/a,n/a
5501,auto_pass,True,Jaccard ≥ threshold,n/a,n/a,n/a
5502,auto_pass,True,Jaccard ≥ threshold,n/a,n/a,n/a
5505,auto_pass,True,Jaccard ≥ threshold,n/a,n/a,n/a
5507,auto_pass,True,Jaccard ≥ threshold,n/a,n/a,n/a
5508,auto_pass,True,Jaccard ≥ threshold,n/a,n/a,n/a
5509,auto_pass,True,Jaccard ≥ threshold,n/a,n/a,n/a
5510,auto_pass,True,Jaccard ≥ threshold,n/a,n/a,n/a
5511,auto_pass,True,Jaccard ≥ threshold,n/a,n/a,n/a
5512,auto_pass,True,Jaccard ≥ threshold,n/a,n/a,n/a
5513,auto_pass,True,Jaccard ≥ threshold,n/a,n/a,n/a
5514,auto_pass,True,Jaccard ≥ threshold,n/a,n/a,n/a
5515,auto_pass,True,Jaccard ≥ threshold,n/a,n/a,n/a
5516,auto_pass,True,Jaccard ≥ threshold,n/a,n/a,n/a
5518,auto_pass,True,Jaccard ≥ threshold,n/a,n/a,n/a
5519,auto_pass,True,Jaccard ≥ threshold,n/a,n/a,n/a
5520,auto_pass,True,Jaccard ≥ threshold,n/a,n/a,n/a
5521,auto_pass,True,Jaccard ≥ threshold,n/a,n/a,n/a
5522,auto_pass,True,Jaccard ≥ threshold,n/a,n/a,n/a
5523,auto_pass,True,Jaccard ≥ threshold,n/a,n/a,n/a
5524,auto_pass,True,Jaccard ≥ threshold,n/a,n/a,n/a
5526,auto_pass,True,Jaccard ≥ threshold,n/a,n/a,n/a
5527,auto_pass,True,Jaccard ≥ threshold,n/a,n/a,n/a
5529,auto_pass,True,Jaccard ≥ threshold,n/a,n/a,n/a
5530,auto_pass,True,Jaccard ≥ threshold,n/a,n/a,n/a
5531,auto_pass,True,Jaccard ≥ threshold,n/a,n/a,n/a
5532,auto_pass,True,Jaccard ≥ threshold,n/a,n/a,n/a
5533,auto_pass,True,Jaccard ≥ threshold,n/a,n/a,n/a
5535,auto_pass,True,Jaccard ≥ threshold,n/a,n/a,n/a
5536,auto_pass,True,Jaccard ≥ threshold,n/a,n/a,n/a
5537,auto_pass,True,Jaccard ≥ threshold,n/a,n/a,n/a
5538,auto_pass,True,Jaccard ≥ threshold,n/a,n/a,n/a
5539,auto_pass,True,Jaccard ≥ threshold,n/a,n/a,n/a
5540,auto_pass,True,Jaccard ≥ threshold,n/a,n/a,n/a
5541,auto_pass,True,Jaccard ≥ threshold,n/a,n/a,n/a
5542,auto_pass,True,Jaccard ≥ threshold,n/a,n/a,n/a
5543,auto_pass,True,Jaccard ≥ threshold,n/a,n/a,n/a
5544,auto_pass,True,Jaccard ≥ threshold,n/a,n/a,n/a
5545,auto_pass,True,Jaccard ≥ threshold,n/a,n/a,n/a
5546,auto_pass,True,Jaccard ≥ threshold,n/a,n/a,n/a
5547,auto_pass,True,Jaccard ≥ threshold,n/a,n/a,n/a
5548,auto_pass,True,Jaccard ≥ threshold,n/a,n/a,n/a
5549,auto_pass,True,Jaccard ≥ threshold,n/a,n/a,n/a
5550,auto_pass,True,Jaccard ≥ threshold,n/a,n/a,n/a
5551,auto_pass,True,Jaccard ≥ threshold,n/a,n/a,n/a
5552,auto_pass,True,Jaccard ≥ threshold,n/a,n/a,n/a
5553,auto_pass,True,Jaccard ≥ threshold,n/a,n/a,n/a
5554,auto_pass,True,Jaccard ≥ threshold,n/a,n/a,n/a
5555,auto_pass,True,Jaccard ≥ threshold,n/a,n/a,n/a
5556,auto_pass,True,Jaccard ≥ threshold,n/a,n/a,n/a
5557,auto_pass,True,Jaccard ≥ threshold,n/a,n/a,n/a
5558,auto_pass,True,Jaccard ≥ threshold,n/a,n/a,n/a
5559,auto_pass,True,Jaccard ≥ threshold,n/a,n/a,n/a
5560,auto_pass,True,Jaccard ≥ threshold,n/a,n/a,n/a
5561,auto_pass,True,Jaccard ≥ threshold,n/a,n/a,n/a
5562,auto_pass,True,Jaccard ≥ threshold,n/a,n/a,n/a
5563,auto_pass,True,Jaccard ≥ threshold,n/a,n/a,n/a
5566,auto_pass,True,Jaccard ≥ threshold,n/a,n/a,n/a
5567,auto_pass,True,Jaccard ≥ threshold,n/a,n/a,n/a
5568,auto_pass,True,Jaccard ≥ threshold,n/a,n/a,n/a
5569,auto_pass,True,Jaccard ≥ threshold,n/a,n/a,n/a
5570,auto_pass,True,Jaccard ≥ threshold,n/a,n/a,n/a
5571,auto_pass,True,Jaccard ≥ threshold,n/a,n/a,n/a
5572,auto_pass,True,Jaccard ≥ threshold,n/a,n/a,n/a
5575,auto_pass,True,Jaccard ≥ threshold,n/a,n/a,n/a
5576,auto_pass,True,Jaccard ≥ threshold,n/a,n/a,n/a
5577,auto_pass,True,Jaccard ≥ threshold,n/a,n/a,n/a
5579,auto_pass,True,Jaccard ≥ threshold,n/a,n/a,n/a
5580,auto_pass,True,Jaccard ≥ threshold,n/a,n/a,n/a
5582,auto_pass,True,Jaccard ≥ threshold,n/a,n/a,n/a
5585,auto_pass,True,Jaccard ≥ threshold,n/a,n/a,n/a
5586,auto_pass,True,Jaccard ≥ threshold,n/a,n/a,n/a
5588,auto_pass,True,Jaccard ≥ threshold,n/a,n/a,n/a
5589,auto_pass,True,Jaccard ≥ threshold,n/a,n/a,n/a
5590,auto_pass,True,Jaccard ≥ threshold,n/a,n/a,n/a
5592,auto_pass,True,Jaccard ≥ threshold,n/a,n/a,n/a
5593,auto_pass,True,Jaccard ≥ threshold,n/a,n/a,n/a
5594,auto_pass,True,Jaccard ≥ threshold,n/a,n/a,n/a
5597,auto_pass,True,Jaccard ≥ threshold,n/a,n/a,n/a
5598,auto_pass,True,Jaccard ≥ threshold,n/a,n/a,n/a
5599,auto_pass,True,Jaccard ≥ threshold,n/a,n/a,n/a
5600,auto_pass,True,Jaccard ≥ threshold,n/a,n/a,n/a
5601,auto_pass,True,Jaccard ≥ threshold,n/a,n/a,n/a
5603,auto_pass,True,Jaccard ≥ threshold,n/a,n/a,n/a
5604,auto_pass,True,Jaccard ≥ threshold,n/a,n/a,n/a
5605,auto_pass,True,Jaccard ≥ threshold,n/a,n/a,n/a
5606,auto_pass,True,Jaccard ≥ threshold,n/a,n/a,n/a
5608,auto_pass,True,Jaccard ≥ threshold,n/a,n/a,n/a
5609,auto_pass,True,Jaccard ≥ threshold,n/a,n/a,n/a
5611,auto_pass,True,Jaccard ≥ threshold,n/a,n/a,n/a
5612,auto_pass,True,Jaccard ≥ threshold,n/a,n/a,n/a
5613,auto_pass,True,Jaccard ≥ threshold,n/a,n/a,n/a
5615,auto_pass,True,Jaccard ≥ threshold,n/a,n/a,n/a
5616,auto_pass,True,Jaccard ≥ threshold,n/a,n/a,n/a
5617,auto_pass,True,Jaccard ≥ threshold,n/a,n/a,n/a
5621,auto_pass,True,Jaccard ≥ threshold,n/a,n/a,n/a
5622,auto_pass,True,Jaccard ≥ threshold,n/a,n/a,n/a
5623,auto_pass,True,Jaccard ≥ threshold,n/a,n/a,n/a
5624,auto_pass,True,Jaccard ≥ threshold,n/a,n/a,n/a
5625,auto_pass,True,Jaccard ≥ threshold,n/a,n/a,n/a
5626,auto_pass,True,Jaccard ≥ threshold,n/a,n/a,n/a
5627,auto_pass,True,Jaccard ≥ threshold,n/a,n/a,n/a
5628,auto_pass,True,Jaccard ≥ threshold,n/a,n/a,n/a
5629,auto_pass,True,Jaccard ≥ threshold,n/a,n/a,n/a
5630,auto_pass,True,Jaccard ≥ threshold,n/a,n/a,n/a
5631,auto_pass,True,Jaccard ≥ threshold,n/a,n/a,n/a
5633,auto_pass,True,Jaccard ≥ threshold,n/a,n/a,n/a
5636,auto_pass,True,Jaccard ≥ threshold,n/a,n/a,n/a
5645,auto_pass,True,Jaccard ≥ threshold,n/a,n/a,n/a
5649,auto_pass,True,Jaccard ≥ threshold,n/a,n/a,n/a
5651,auto_pass,True,Jaccard ≥ threshold,n/a,n/a,n/a
5652,auto_pass,True,Jaccard ≥ threshold,n/a,n/a,n/a
5654,auto_pass,True,Jaccard ≥ threshold,n/a,n/a,n/a
5655,auto_pass,True,Jaccard ≥ threshold,n/a,n/a,n/a
5656,auto_pass,True,Jaccard ≥ threshold,n/a,n/a,n/a
5657,auto_pass,True,Jaccard ≥ threshold,n/a,n/a,n/a
5658,auto_pass,True,Jaccard ≥ threshold,n/a,n/a,n/a
5660,auto_pass,True,Jaccard ≥ threshold,n/a,n/a,n/a
5661,auto_pass,True,Jaccard ≥ threshold,n/a,n/a,n/a
5662,auto_pass,True,Jaccard ≥ threshold,n/a,n/a,n/a
5663,auto_pass,True,Jaccard ≥ threshold,n/a,n/a,n/a
5664,auto_pass,True,Jaccard ≥ threshold,n/a,n/a,n/a
5678,auto_pass,True,Jaccard ≥ threshold,n/a,n/a,n/a
5679,auto_pass,True,Jaccard ≥ threshold,n/a,n/a,n/a
5680,auto_pass,True,Jaccard ≥ threshold,n/a,n/a,n/a
5681,auto_pass,True,Jaccard ≥ threshold,n/a,n/a,n/a
5683,auto_pass,True,Jaccard ≥ threshold,n/a,n/a,n/a
5684,auto_pass,True,Jaccard ≥ threshold,n/a,n/a,n/a
5685,auto_pass,True,Jaccard ≥ threshold,n/a,n/a,n/a
5686,auto_pass,True,Jaccard ≥ threshold,n/a,n/a,n/a
5687,auto_pass,True,Jaccard ≥ threshold,n/a,n/a,n/a
5690,auto_pass,True,Jaccard ≥ threshold,n/a,n/a,n/a
5691,auto_pass,True,Jaccard ≥ threshold,n/a,n/a,n/a
5692,auto_pass,True,Jaccard ≥ threshold,n/a,n/a,n/a
5693,auto_pass,True,Jaccard ≥ threshold,n/a,n/a,n/a
5700,auto_pass,True,Jaccard ≥ threshold,n/a,n/a,n/a
5702,auto_pass,True,Jaccard ≥ threshold,n/a,n/a,n/a
5707,auto_pass,True,Jaccard ≥ threshold,n/a,n/a,n/a
5708,auto_pass,True,Jaccard ≥ threshold,n/a,n/a,n/a
5710,auto_pass,True,Jaccard ≥ threshold,n/a,n/a,n/a
5711,auto_pass,True,Jaccard ≥ threshold,n/a,n/a,n/a
5714,auto_pass,True,Jaccard ≥ threshold,n/a,n/a,n/a
5715,auto_pass,True,Jaccard ≥ threshold,n/a,n/a,n/a
5716,auto_pass,True,Jaccard ≥ threshold,n/a,n/a,n/a
5717,auto_pass,True,Jaccard ≥ threshold,n/a,n/a,n/a
5718,auto_pass,True,Jaccard ≥ threshold,n/a,n/a,n/a
5719,auto_pass,True,Jaccard ≥ threshold,n/a,n/a,n/a
5720,auto_pass,True,Jaccard ≥ threshold,n/a,n/a,n/a
5722,auto_pass,True,Jaccard ≥ threshold,n/a,n/a,n/a
5725,auto_pass,True,Jaccard ≥ threshold,n/a,n/a,n/a
5726,auto_pass,True,Jaccard ≥ threshold,n/a,n/a,n/a
5727,auto_pass,True,Jaccard ≥ threshold,n/a,n/a,n/a
5728,auto_pass,True,Jaccard ≥ threshold,n/a,n/a,n/a
5730,auto_pass,True,Jaccard ≥ threshold,n/a,n/a,n/a
5732,auto_pass,True,Jaccard ≥ threshold,n/a,n/a,n/a
5736,auto_pass,True,Jaccard ≥ threshold,n/a,n/a,n/a
5738,auto_pass,True,Jaccard ≥ threshold,n/a,n/a,n/a
5740,auto_pass,True,Jaccard ≥ threshold,n/a,n/a,n/a
5741,auto_pass,True,Jaccard ≥ threshold,n/a,n/a,n/a
5742,auto_pass,True,Jaccard ≥ threshold,n/a,n/a,n/a
5743,auto_pass,True,Jaccard ≥ threshold,n/a,n/a,n/a
5744,auto_pass,True,Jaccard ≥ threshold,n/a,n/a,n/a
5748,auto_pass,True,Jaccard ≥ threshold,n/a,n/a,n/a
5749,auto_pass,True,Jaccard ≥ threshold,n/a,n/a,n/a
5751,auto_pass,True,Jaccard ≥ threshold,n/a,n/a,n/a
5753,auto_pass,True,Jaccard ≥ threshold,n/a,n/a,n/a
5754,auto_pass,True,Jaccard ≥ threshold,n/a,n/a,n/a
5756,auto_pass,True,Jaccard ≥ threshold,n/a,n/a,n/a
5757,auto_pass,True,Jaccard ≥ threshold,n/a,n/a,n/a
5758,auto_pass,True,Jaccard ≥ threshold,n/a,n/a,n/a
5767,auto_pass,True,Jaccard ≥ threshold,n/a,n/a,n/a
5771,auto_pass,True,Jaccard ≥ threshold,n/a,n/a,n/a
5772,auto_pass,True,Jaccard ≥ threshold,n/a,n/a,n/a
5774,auto_pass,True,Jaccard ≥ threshold,n/a,n/a,n/a
5775,auto_pass,True,Jaccard ≥ threshold,n/a,n/a,n/a
5776,auto_pass,True,Jaccard ≥ threshold,n/a,n/a,n/a
5777,auto_pass,True,Jaccard ≥ threshold,n/a,n/a,n/a
5780,auto_pass,True,Jaccard ≥ threshold,n/a,n/a,n/a
5781,auto_pass,True,Jaccard ≥ threshold,n/a,n/a,n/a
5782,auto_pass,True,Jaccard ≥ threshold,n/a,n/a,n/a
5783,auto_pass,True,Jaccard ≥ threshold,n/a,n/a,n/a
5785,auto_pass,True,Jaccard ≥ threshold,n/a,n/a,n/a
5786,auto_pass,True,Jaccard ≥ threshold,n/a,n/a,n/a
5787,auto_pass,True,Jaccard ≥ threshold,n/a,n/a,n/a
5788,auto_pass,True,Jaccard ≥ threshold,n/a,n/a,n/a
5789,auto_pass,True,Jaccard ≥ threshold,n/a,n/a,n/a
5790,auto_pass,True,Jaccard ≥ threshold,n/a,n/a,n/a
5791,auto_pass,True,Jaccard ≥ threshold,n/a,n/a,n/a
5793,auto_pass,True,Jaccard ≥ threshold,n/a,n/a,n/a
5794,auto_pass,True,Jaccard ≥ threshold,n/a,n/a,n/a
5795,auto_pass,True,Jaccard ≥ threshold,n/a,n/a,n/a
5796,auto_pass,True,Jaccard ≥ threshold,n/a,n/a,n/a
5797,auto_pass,True,Jaccard ≥ threshold,n/a,n/a,n/a
5798,auto_pass,True,Jaccard ≥ threshold,n/a,n/a,n/a
5799,auto_pass,True,Jaccard ≥ threshold,n/a,n/a,n/a
5800,auto_pass,True,Jaccard ≥ threshold,n/a,n/a,n/a
5802,auto_pass,True,Jaccard ≥ threshold,n/a,n/a,n/a
5805,auto_pass,True,Jaccard ≥ threshold,n/a,n/a,n/a
5806,auto_pass,True,Jaccard ≥ threshold,n/a,n/a,n/a
5807,auto_pass,True,Jaccard ≥ threshold,n/a,n/a,n/a
5808,auto_pass,True,Jaccard ≥ threshold,n/a,n/a,n/a
5810,auto_pass,True,Jaccard ≥ threshold,n/a,n/a,n/a
5811,auto_pass,True,Jaccard ≥ threshold,n/a,n/a,n/a
5812,auto_pass,True,Jaccard ≥ threshold,n/a,n/a,n/a
5813,auto_pass,True,Jaccard ≥ threshold,n/a,n/a,n/a
5814,auto_pass,True,Jaccard ≥ threshold,n/a,n/a,n/a
5820,auto_pass,True,Jaccard ≥ threshold,n/a,n/a,n/a
5821,auto_pass,True,Jaccard ≥ threshold,n/a,n/a,n/a
5824,auto_pass,True,Jaccard ≥ threshold,n/a,n/a,n/a
5825,auto_pass,True,Jaccard ≥ threshold,n/a,n/a,n/a
5826,auto_pass,True,Jaccard ≥ threshold,n/a,n/a,n/a
5827,auto_pass,True,Jaccard ≥ threshold,n/a,n/a,n/a
5829,auto_pass,True,Jaccard ≥ threshold,n/a,n/a,n/a
5832,auto_pass,True,Jaccard ≥ threshold,n/a,n/a,n/a
5833,auto_pass,True,Jaccard ≥ threshold,n/a,n/a,n/a
5834,auto_pass,True,Jaccard ≥ threshold,n/a,n/a,n/a
5836,auto_pass,True,Jaccard ≥ threshold,n/a,n/a,n/a
5837,auto_pass,True,Jaccard ≥ threshold,n/a,n/a,n/a
5838,auto_pass,True,Jaccard ≥ threshold,n/a,n/a,n/a
5840,auto_pass,True,Jaccard ≥ threshold,n/a,n/a,n/a
5841,auto_pass,True,Jaccard ≥ threshold,n/a,n/a,n/a
5842,auto_pass,True,Jaccard ≥ threshold,n/a,n/a,n/a
5844,auto_pass,True,Jaccard ≥ threshold,n/a,n/a,n/a
5847,auto_pass,True,Jaccard ≥ threshold,n/a,n/a,n/a
5848,auto_pass,True,Jaccard ≥ threshold,n/a,n/a,n/a
5849,auto_pass,True,Jaccard ≥ threshold,n/a,n/a,n/a
5850,auto_pass,True,Jaccard ≥ threshold,n/a,n/a,n/a
5851,auto_pass,True,Jaccard ≥ threshold,n/a,n/a,n/a
5852,auto_pass,True,Jaccard ≥ threshold,n/a,n/a,n/a
5853,auto_pass,True,Jaccard ≥ threshold,n/a,n/a,n/a
5854,auto_pass,True,Jaccard ≥ threshold,n/a,n/a,n/a
5855,auto_pass,True,Jaccard ≥ threshold,n/a,n/a,n/a
5856,auto_pass,True,Jaccard ≥ threshold,n/a,n/a,n/a
5857,auto_pass,True,Jaccard ≥ threshold,n/a,n/a,n/a
5861,auto_pass,True,Jaccard ≥ threshold,n/a,n/a,n/a
5862,auto_pass,True,Jaccard ≥ threshold,n/a,n/a,n/a
5863,auto_pass,True,Jaccard ≥ threshold,n/a,n/a,n/a
5864,auto_pass,True,Jaccard ≥ threshold,n/a,n/a,n/a
5866,auto_pass,True,Jaccard ≥ threshold,n/a,n/a,n/a
5867,auto_pass,True,Jaccard ≥ threshold,n/a,n/a,n/a
5868,auto_pass,True,Jaccard ≥ threshold,n/a,n/a,n/a
5869,auto_pass,True,Jaccard ≥ threshold,n/a,n/a,n/a
5870,auto_pass,True,Jaccard ≥ threshold,n/a,n/a,n/a
5871,auto_pass,True,Jaccard ≥ threshold,n/a,n/a,n/a
5872,auto_pass,True,Jaccard ≥ threshold,n/a,n/a,n/a
5873,auto_pass,True,Jaccard ≥ threshold,n/a,n/a,n/a
5874,auto_pass,True,Jaccard ≥ threshold,n/a,n/a,n/a
5875,auto_pass,True,Jaccard ≥ threshold,n/a,n/a,n/a
5876,auto_pass,True,Jaccard ≥ threshold,n/a,n/a,n/a
5877,auto_pass,True,Jaccard ≥ threshold,n/a,n/a,n/a
5878,auto_pass,True,Jaccard ≥ threshold,n/a,n/a,n/a
5880,auto_pass,True,Jaccard ≥ threshold,n/a,n/a,n/a
5881,auto_pass,True,Jaccard ≥ threshold,n/a,n/a,n/a
5883,auto_pass,True,Jaccard ≥ threshold,n/a,n/a,n/a
5884,auto_pass,True,Jaccard ≥ threshold,n/a,n/a,n/a
5885,auto_pass,True,Jaccard ≥ threshold,n/a,n/a,n/a
5886,auto_pass,True,Jaccard ≥ threshold,n/a,n/a,n/a
5887,auto_pass,True,Jaccard ≥ threshold,n/a,n/a,n/a
5888,auto_pass,True,Jaccard ≥ threshold,n/a,n/a,n/a
5890,auto_pass,True,Jaccard ≥ threshold,n/a,n/a,n/a
5891,auto_pass,True,Jaccard ≥ threshold,n/a,n/a,n/a
5892,auto_pass,True,Jaccard ≥ threshold,n/a,n/a,n/a
5893,auto_pass,True,Jaccard ≥ threshold,n/a,n/a,n/a
5895,auto_pass,True,Jaccard ≥ threshold,n/a,n/a,n/a
5896,auto_pass,True,Jaccard ≥ threshold,n/a,n/a,n/a
5897,auto_pass,True,Jaccard ≥ threshold,n/a,n/a,n/a
5898,auto_pass,True,Jaccard ≥ threshold,n/a,n/a,n/a
5899,auto_pass,True,Jaccard ≥ threshold,n/a,n/a,n/a
5900,auto_pass,True,Jaccard ≥ threshold,n/a,n/a,n/a
5901,auto_pass,True,Jaccard ≥ threshold,n/a,n/a,n/a
5902,auto_pass,True,Jaccard ≥ threshold,n/a,n/a,n/a
5903,auto_pass,True,Jaccard ≥ threshold,n/a,n/a,n/a
5904,auto_pass,True,Jaccard ≥ threshold,n/a,n/a,n/a
5906,auto_pass,True,Jaccard ≥ threshold,n/a,n/a,n/a
5907,auto_pass,True,Jaccard ≥ threshold,n/a,n/a,n/a
5910,auto_pass,True,Jaccard ≥ threshold,n/a,n/a,n/a
5911,auto_pass,True,Jaccard ≥ threshold,n/a,n/a,n/a
5912,auto_pass,True,Jaccard ≥ threshold,n/a,n/a,n/a
5913,auto_pass,True,Jaccard ≥ threshold,n/a,n/a,n/a
5914,auto_pass,True,Jaccard ≥ threshold,n/a,n/a,n/a
5915,auto_pass,True,Jaccard ≥ threshold,n/a,n/a,n/a
5916,auto_pass,True,Jaccard ≥ threshold,n/a,n/a,n/a
5918,auto_pass,True,Jaccard ≥ threshold,n/a,n/a,n/a
5919,auto_pass,True,Jaccard ≥ threshold,n/a,n/a,n/a
5920,auto_pass,True,Jaccard ≥ threshold,n/a,n/a,n/a
5923,auto_pass,True,Jaccard ≥ threshold,n/a,n/a,n/a
5924,auto_pass,True,Jaccard ≥ threshold,n/a,n/a,n/a
5925,auto_pass,True,Jaccard ≥ threshold,n/a,n/a,n/a
5926,auto_pass,True,Jaccard ≥ threshold,n/a,n/a,n/a
5927,auto_pass,True,Jaccard ≥ threshold,n/a,n/a,n/a
5928,auto_pass,True,Jaccard ≥ threshold,n/a,n/a,n/a
5929,auto_pass,True,Jaccard ≥ threshold,n/a,n/a,n/a
5930,auto_pass,True,Jaccard ≥ threshold,n/a,n/a,n/a
5931,auto_pass,True,Jaccard ≥ threshold,n/a,n/a,n/a
5932,auto_pass,True,Jaccard ≥ threshold,n/a,n/a,n/a
5933,auto_pass,True,Jaccard ≥ threshold,n/a,n/a,n/a
5934,auto_pass,True,Jaccard ≥ threshold,n/a,n/a,n/a
5937,auto_pass,True,Jaccard ≥ threshold,n/a,n/a,n/a
5939,auto_pass,True,Jaccard ≥ threshold,n/a,n/a,n/a
5940,auto_pass,True,Jaccard ≥ threshold,n/a,n/a,n/a
5941,auto_pass,True,Jaccard ≥ threshold,n/a,n/a,n/a
5942,auto_pass,True,Jaccard ≥ threshold,n/a,n/a,n/a
5944,auto_pass,True,Jaccard ≥ threshold,n/a,n/a,n/a
5945,auto_pass,True,Jaccard ≥ threshold,n/a,n/a,n/a
5946,auto_pass,True,Jaccard ≥ threshold,n/a,n/a,n/a
5947,auto_pass,True,Jaccard ≥ threshold,n/a,n/a,n/a
5948,auto_pass,True,Jaccard ≥ threshold,n/a,n/a,n/a
5949,auto_pass,True,Jaccard ≥ threshold,n/a,n/a,n/a
5950,auto_pass,True,Jaccard ≥ threshold,n/a,n/a,n/a
5952,auto_pass,True,Jaccard ≥ threshold,n/a,n/a,n/a
5953,auto_pass,True,Jaccard ≥ threshold,n/a,n/a,n/a
5954,auto_pass,True,Jaccard ≥ threshold,n/a,n/a,n/a
5955,auto_pass,True,Jaccard ≥ threshold,n/a,n/a,n/a
5956,auto_pass,True,Jaccard ≥ threshold,n/a,n/a,n/a
5957,auto_pass,True,Jaccard ≥ threshold,n/a,n/a,n/a
5958,auto_pass,True,Jaccard ≥ threshold,n/a,n/a,n/a
5961,auto_pass,True,Jaccard ≥ threshold,n/a,n/a,n/a
5964,auto_pass,True,Jaccard ≥ threshold,n/a,n/a,n/a
5965,auto_pass,True,Jaccard ≥ threshold,n/a,n/a,n/a
5967,auto_pass,True,Jaccard ≥ threshold,n/a,n/a,n/a
5968,auto_pass,True,Jaccard ≥ threshold,n/a,n/a,n/a
5969,auto_pass,True,Jaccard ≥ threshold,n/a,n/a,n/a
5972,auto_pass,True,Jaccard ≥ threshold,n/a,n/a,n/a
5973,auto_pass,True,Jaccard ≥ threshold,n/a,n/a,n/a
5975,auto_pass,True,Jaccard ≥ threshold,n/a,n/a,n/a
5977,auto_pass,True,Jaccard ≥ threshold,n/a,n/a,n/a
5978,auto_pass,True,Jaccard ≥ threshold,n/a,n/a,n/a
5979,auto_pass,True,Jaccard ≥ threshold,n/a,n/a,n/a
5980,auto_pass,True,Jaccard ≥ threshold,n/a,n/a,n/a
5981,auto_pass,True,Jaccard ≥ threshold,n/a,n/a,n/a
5982,auto_pass,True,Jaccard ≥ threshold,n/a,n/a,n/a
5983,auto_pass,True,Jaccard ≥ threshold,n/a,n/a,n/a
5984,auto_pass,True,Jaccard ≥ threshold,n/a,n/a,n/a
5985,auto_pass,True,Jaccard ≥ threshold,n/a,n/a,n/a
5988,auto_pass,True,Jaccard ≥ threshold,n/a,n/a,n/a
5989,auto_pass,True,Jaccard ≥ threshold,n/a,n/a,n/a
5990,auto_pass,True,Jaccard ≥ threshold,n/a,n/a,n/a
5992,auto_pass,True,Jaccard ≥ threshold,n/a,n/a,n/a
5994,auto_pass,True,Jaccard ≥ threshold,n/a,n/a,n/a
5997,auto_pass,True,Jaccard ≥ threshold,n/a,n/a,n/a
5998,auto_pass,True,Jaccard ≥ threshold,n/a,n/a,n/a
5999,auto_pass,True,Jaccard ≥ threshold,n/a,n/a,n/a
6000,auto_pass,True,Jaccard ≥ threshold,n/a,n/a,n/a
6001,auto_pass,True,Jaccard ≥ threshold,n/a,n/a,n/a
6002,auto_pass,True,Jaccard ≥ threshold,n/a,n/a,n/a
6003,auto_pass,True,Jaccard ≥ threshold,n/a,n/a,n/a
6004,auto_pass,True,Jaccard ≥ threshold,n/a,n/a,n/a
6005,auto_pass,True,Jaccard ≥ threshold,n/a,n/a,n/a
6006,auto_pass,True,Jaccard ≥ threshold,n/a,n/a,n/a
6007,auto_pass,True,Jaccard ≥ threshold,n/a,n/a,n/a
6008,auto_pass,True,Jaccard ≥ threshold,n/a,n/a,n/a
6009,auto_pass,True,Jaccard ≥ threshold,n/a,n/a,n/a
6012,auto_pass,True,Jaccard ≥ threshold,n/a,n/a,n/a
6013,auto_pass,True,Jaccard ≥ threshold,n/a,n/a,n/a
6014,auto_pass,True,Jaccard ≥ threshold,n/a,n/a,n/a
6015,auto_pass,True,Jaccard ≥ threshold,n/a,n/a,n/a
6016,auto_pass,True,Jaccard ≥ threshold,n/a,n/a,n/a
6018,auto_pass,True,Jaccard ≥ threshold,n/a,n/a,n/a
6021,auto_pass,True,Jaccard ≥ threshold,n/a,n/a,n/a
6022,auto_pass,True,Jaccard ≥ threshold,n/a,n/a,n/a
6024,auto_pass,True,Jaccard ≥ threshold,n/a,n/a,n/a
6029,auto_pass,True,Jaccard ≥ threshold,n/a,n/a,n/a
6031,auto_pass,True,Jaccard ≥ threshold,n/a,n/a,n/a
6034,auto_pass,True,Jaccard ≥ threshold,n/a,n/a,n/a
6035,auto_pass,True,Jaccard ≥ threshold,n/a,n/a,n/a
6036,auto_pass,True,Jaccard ≥ threshold,n/a,n/a,n/a
6037,auto_pass,True,Jaccard ≥ threshold,n/a,n/a,n/a
6038,auto_pass,True,Jaccard ≥ threshold,n/a,n/a,n/a
6039,auto_pass,True,Jaccard ≥ threshold,n/a,n/a,n/a
6041,auto_pass,True,Jaccard ≥ threshold,n/a,n/a,n/a
6042,auto_pass,True,Jaccard ≥ threshold,n/a,n/a,n/a
6046,auto_pass,True,Jaccard ≥ threshold,n/a,n/a,n/a
6047,auto_pass,True,Jaccard ≥ threshold,n/a,n/a,n/a
6050,auto_pass,True,Jaccard ≥ threshold,n/a,n/a,n/a
6051,auto_pass,True,Jaccard ≥ threshold,n/a,n/a,n/a
6052,auto_pass,True,Jaccard ≥ threshold,n/a,n/a,n/a
6053,auto_pass,True,Jaccard ≥ threshold,n/a,n/a,n/a
6054,auto_pass,True,Jaccard ≥ threshold,n/a,n/a,n/a
6057,auto_pass,True,Jaccard ≥ threshold,n/a,n/a,n/a
6061,auto_pass,True,Jaccard ≥ threshold,n/a,n/a,n/a
6062,auto_pass,True,Jaccard ≥ threshold,n/a,n/a,n/a
6064,auto_pass,True,Jaccard ≥ threshold,n/a,n/a,n/a
6066,auto_pass,True,Jaccard ≥ threshold,n/a,n/a,n/a
6069,auto_pass,True,Jaccard ≥ threshold,n/a,n/a,n/a
6071,auto_pass,True,Jaccard ≥ threshold,n/a,n/a,n/a
6074,auto_pass,True,Jaccard ≥ threshold,n/a,n/a,n/a
6076,auto_pass,True,Jaccard ≥ threshold,n/a,n/a,n/a
6077,auto_pass,True,Jaccard ≥ threshold,n/a,n/a,n/a
6080,auto_pass,True,Jaccard ≥ threshold,n/a,n/a,n/a
6082,auto_pass,True,Jaccard ≥ threshold,n/a,n/a,n/a
6086,auto_pass,True,Jaccard ≥ threshold,n/a,n/a,n/a
6088,auto_pass,True,Jaccard ≥ threshold,n/a,n/a,n/a
6092,auto_pass,True,Jaccard ≥ threshold,n/a,n/a,n/a
6093,auto_pass,True,Jaccard ≥ threshold,n/a,n/a,n/a
6096,auto_pass,True,Jaccard ≥ threshold,n/a,n/a,n/a
6098,auto_pass,True,Jaccard ≥ threshold,n/a,n/a,n/a
6099,auto_pass,True,Jaccard ≥ threshold,n/a,n/a,n/a
6100,auto_pass,True,Jaccard ≥ threshold,n/a,n/a,n/a
6104,auto_pass,True,Jaccard ≥ threshold,n/a,n/a,n/a
6105,auto_pass,True,Jaccard ≥ threshold,n/a,n/a,n/a
6108,auto_pass,True,Jaccard ≥ threshold,n/a,n/a,n/a
6109,auto_pass,True,Jaccard ≥ threshold,n/a,n/a,n/a
6110,auto_pass,True,Jaccard ≥ threshold,n/a,n/a,n/a
6111,auto_pass,True,Jaccard ≥ threshold,n/a,n/a,n/a
6112,auto_pass,True,Jaccard ≥ threshold,n/a,n/a,n/a
6113,auto_pass,True,Jaccard ≥ threshold,n/a,n/a,n/a
6114,auto_pass,True,Jaccard ≥ threshold,n/a,n/a,n/a
6115,auto_pass,True,Jaccard ≥ threshold,n/a,n/a,n/a
6117,auto_pass,True,Jaccard ≥ threshold,n/a,n/a,n/a
6118,auto_pass,True,Jaccard ≥ threshold,n/a,n/a,n/a
6120,auto_pass,True,Jaccard ≥ threshold,n/a,n/a,n/a
6121,auto_pass,True,Jaccard ≥ threshold,n/a,n/a,n/a
6122,auto_pass,True,Jaccard ≥ threshold,n/a,n/a,n/a
6123,auto_pass,True,Jaccard ≥ threshold,n/a,n/a,n/a
6124,auto_pass,True,Jaccard ≥ threshold,n/a,n/a,n/a
6127,auto_pass,True,Jaccard ≥ threshold,n/a,n/a,n/a
6128,auto_pass,True,Jaccard ≥ threshold,n/a,n/a,n/a
6129,auto_pass,True,Jaccard ≥ threshold,n/a,n/a,n/a
6130,auto_pass,True,Jaccard ≥ threshold,n/a,n/a,n/a
6131,auto_pass,True,Jaccard ≥ threshold,n/a,n/a,n/a
6132,auto_pass,True,Jaccard ≥ threshold,n/a,n/a,n/a
6134,auto_pass,True,Jaccard ≥ threshold,n/a,n/a,n/a
6137,auto_pass,True,Jaccard ≥ threshold,n/a,n/a,n/a
6138,auto_pass,True,Jaccard ≥ threshold,n/a,n/a,n/a
6139,auto_pass,True,Jaccard ≥ threshold,n/a,n/a,n/a
6141,auto_pass,True,Jaccard ≥ threshold,n/a,n/a,n/a
6142,auto_pass,True,Jaccard ≥ threshold,n/a,n/a,n/a
6146,auto_pass,True,Jaccard ≥ threshold,n/a,n/a,n/a
6151,auto_pass,True,Jaccard ≥ threshold,n/a,n/a,n/a
6153,auto_pass,True,Jaccard ≥ threshold,n/a,n/a,n/a
6158,auto_pass,True,Jaccard ≥ threshold,n/a,n/a,n/a
6161,auto_pass,True,Jaccard ≥ threshold,n/a,n/a,n/a
6167,auto_pass,True,Jaccard ≥ threshold,n/a,n/a,n/a
6168,auto_pass,True,Jaccard ≥ threshold,n/a,n/a,n/a
6171,auto_pass,True,Jaccard ≥ threshold,n/a,n/a,n/a
6174,auto_pass,True,Jaccard ≥ threshold,n/a,n/a,n/a
6176,auto_pass,True,Jaccard ≥ threshold,n/a,n/a,n/a
6177,auto_pass,True,Jaccard ≥ threshold,n/a,n/a,n/a
6179,auto_pass,True,Jaccard ≥ threshold,n/a,n/a,n/a
6180,auto_pass,True,Jaccard ≥ threshold,n/a,n/a,n/a
6183,auto_pass,True,Jaccard ≥ threshold,n/a,n/a,n/a
6186,auto_pass,True,Jaccard ≥ threshold,n/a,n/a,n/a
6187,auto_pass,True,Jaccard ≥ threshold,n/a,n/a,n/a
6191,auto_pass,True,Jaccard ≥ threshold,n/a,n/a,n/a
6192,auto_pass,True,Jaccard ≥ threshold,n/a,n/a,n/a
6194,auto_pass,True,Jaccard ≥ threshold,n/a,n/a,n/a
6196,auto_pass,True,Jaccard ≥ threshold,n/a,n/a,n/a
6198,auto_pass,True,Jaccard ≥ threshold,n/a,n/a,n/a
6199,auto_pass,True,Jaccard ≥ threshold,n/a,n/a,n/a
6201,auto_pass,True,Jaccard ≥ threshold,n/a,n/a,n/a
6202,auto_pass,True,Jaccard ≥ threshold,n/a,n/a,n/a
6203,auto_pass,True,Jaccard ≥ threshold,n/a,n/a,n/a
6205,auto_pass,True,Jaccard ≥ threshold,n/a,n/a,n/a
6206,auto_pass,True,Jaccard ≥ threshold,n/a,n/a,n/a
6208,auto_pass,True,Jaccard ≥ threshold,n/a,n/a,n/a
6209,auto_pass,True,Jaccard ≥ threshold,n/a,n/a,n/a
6210,auto_pass,True,Jaccard ≥ threshold,n/a,n/a,n/a
6211,auto_pass,True,Jaccard ≥ threshold,n/a,n/a,n/a
6213,auto_pass,True,Jaccard ≥ threshold,n/a,n/a,n/a
6216,auto_pass,True,Jaccard ≥ threshold,n/a,n/a,n/a
6219,auto_pass,True,Jaccard ≥ threshold,n/a,n/a,n/a
6221,auto_pass,True,Jaccard ≥ threshold,n/a,n/a,n/a
6222,auto_pass,True,Jaccard ≥ threshold,n/a,n/a,n/a
6224,auto_pass,True,Jaccard ≥ threshold,n/a,n/a,n/a
6225,auto_pass,True,Jaccard ≥ threshold,n/a,n/a,n/a
6226,auto_pass,True,Jaccard ≥ threshold,n/a,n/a,n/a
6227,auto_pass,True,Jaccard ≥ threshold,n/a,n/a,n/a
6228,auto_pass,True,Jaccard ≥ threshold,n/a,n/a,n/a
6229,auto_pass,True,Jaccard ≥ threshold,n/a,n/a,n/a
6231,auto_pass,True,Jaccard ≥ threshold,n/a,n/a,n/a
6232,auto_pass,True,Jaccard ≥ threshold,n/a,n/a,n/a
6233,auto_pass,True,Jaccard ≥ threshold,n/a,n/a,n/a
6235,auto_pass,True,Jaccard ≥ threshold,n/a,n/a,n/a
6239,auto_pass,True,Jaccard ≥ threshold,n/a,n/a,n/a
6240,auto_pass,True,Jaccard ≥ threshold,n/a,n/a,n/a
6241,auto_pass,True,Jaccard ≥ threshold,n/a,n/a,n/a
6242,auto_pass,True,Jaccard ≥ threshold,n/a,n/a,n/a
6244,auto_pass,True,Jaccard ≥ threshold,n/a,n/a,n/a
6245,auto_pass,True,Jaccard ≥ threshold,n/a,n/a,n/a
6246,auto_pass,True,Jaccard ≥ threshold,n/a,n/a,n/a
6249,auto_pass,True,Jaccard ≥ threshold,n/a,n/a,n/a
6251,auto_pass,True,Jaccard ≥ threshold,n/a,n/a,n/a
6253,auto_pass,True,Jaccard ≥ threshold,n/a,n/a,n/a
6254,auto_pass,True,Jaccard ≥ threshold,n/a,n/a,n/a
6256,auto_pass,True,Jaccard ≥ threshold,n/a,n/a,n/a
6258,auto_pass,True,Jaccard ≥ threshold,n/a,n/a,n/a
6259,auto_pass,True,Jaccard ≥ threshold,n/a,n/a,n/a
6262,auto_pass,True,Jaccard ≥ threshold,n/a,n/a,n/a
6263,auto_pass,True,Jaccard ≥ threshold,n/a,n/a,n/a
6266,auto_pass,True,Jaccard ≥ threshold,n/a,n/a,n/a
6267,auto_pass,True,Jaccard ≥ threshold,n/a,n/a,n/a
6270,auto_pass,True,Jaccard ≥ threshold,n/a,n/a,n/a
6272,auto_pass,True,Jaccard ≥ threshold,n/a,n/a,n/a
6273,auto_pass,True,Jaccard ≥ threshold,n/a,n/a,n/a
6275,auto_pass,True,Jaccard ≥ threshold,n/a,n/a,n/a
6276,auto_pass,True,Jaccard ≥ threshold,n/a,n/a,n/a
6277,auto_pass,True,Jaccard ≥ threshold,n/a,n/a,n/a
6278,auto_pass,True,Jaccard ≥ threshold,n/a,n/a,n/a
6279,auto_pass,True,Jaccard ≥ threshold,n/a,n/a,n/a
6280,auto_pass,True,Jaccard ≥ threshold,n/a,n/a,n/a
6281,auto_pass,True,Jaccard ≥ threshold,n/a,n/a,n/a
6282,auto_pass,True,Jaccard ≥ threshold,n/a,n/a,n/a
6283,auto_pass,True,Jaccard ≥ threshold,n/a,n/a,n/a
6284,auto_pass,True,Jaccard ≥ threshold,n/a,n/a,n/a
6286,auto_pass,True,Jaccard ≥ threshold,n/a,n/a,n/a
6288,auto_pass,True,Jaccard ≥ threshold,n/a,n/a,n/a
6290,auto_pass,True,Jaccard ≥ threshold,n/a,n/a,n/a
6292,auto_pass,True,Jaccard ≥ threshold,n/a,n/a,n/a
6295,auto_pass,True,Jaccard ≥ threshold,n/a,n/a,n/a
6298,auto_pass,True,Jaccard ≥ threshold,n/a,n/a,n/a
6299,auto_pass,True,Jaccard ≥ threshold,n/a,n/a,n/a
6302,auto_pass,True,Jaccard ≥ threshold,n/a,n/a,n/a
6306,auto_pass,True,Jaccard ≥ threshold,n/a,n/a,n/a
6308,auto_pass,True,Jaccard ≥ threshold,n/a,n/a,n/a
6309,auto_pass,True,Jaccard ≥ threshold,n/a,n/a,n/a
6313,auto_pass,True,Jaccard ≥ threshold,n/a,n/a,n/a
6315,auto_pass,True,Jaccard ≥ threshold,n/a,n/a,n/a
6316,auto_pass,True,Jaccard ≥ threshold,n/a,n/a,n/a
6317,auto_pass,True,Jaccard ≥ threshold,n/a,n/a,n/a
6319,auto_pass,True,Jaccard ≥ threshold,n/a,n/a,n/a
6320,auto_pass,True,Jaccard ≥ threshold,n/a,n/a,n/a
6321,auto_pass,True,Jaccard ≥ threshold,n/a,n/a,n/a
6322,auto_pass,True,Jaccard ≥ threshold,n/a,n/a,n/a
6324,auto_pass,True,Jaccard ≥ threshold,n/a,n/a,n/a
6328,auto_pass,True,Jaccard ≥ threshold,n/a,n/a,n/a
6329,auto_pass,True,Jaccard ≥ threshold,n/a,n/a,n/a
6330,auto_pass,True,Jaccard ≥ threshold,n/a,n/a,n/a
6332,auto_pass,True,Jaccard ≥ threshold,n/a,n/a,n/a
6334,auto_pass,True,Jaccard ≥ threshold,n/a,n/a,n/a
6337,auto_pass,True,Jaccard ≥ threshold,n/a,n/a,n/a
6341,auto_pass,True,Jaccard ≥ threshold,n/a,n/a,n/a
6344,auto_pass,True,Jaccard ≥ threshold,n/a,n/a,n/a
6345,auto_pass,True,Jaccard ≥ threshold,n/a,n/a,n/a
6346,auto_pass,True,Jaccard ≥ threshold,n/a,n/a,n/a
6347,auto_pass,True,Jaccard ≥ threshold,n/a,n/a,n/a
6349,auto_pass,True,Jaccard ≥ threshold,n/a,n/a,n/a
6350,auto_pass,True,Jaccard ≥ threshold,n/a,n/a,n/a
6351,auto_pass,True,Jaccard ≥ threshold,n/a,n/a,n/a
6352,auto_pass,True,Jaccard ≥ threshold,n/a,n/a,n/a
6354,auto_pass,True,Jaccard ≥ threshold,n/a,n/a,n/a
6356,auto_pass,True,Jaccard ≥ threshold,n/a,n/a,n/a
6357,auto_pass,True,Jaccard ≥ threshold,n/a,n/a,n/a
6358,auto_pass,True,Jaccard ≥ threshold,n/a,n/a,n/a
6359,auto_pass,True,Jaccard ≥ threshold,n/a,n/a,n/a
6362,auto_pass,True,Jaccard ≥ threshold,n/a,n/a,n/a
6364,auto_pass,True,Jaccard ≥ threshold,n/a,n/a,n/a
6369,auto_pass,True,Jaccard ≥ threshold,n/a,n/a,n/a
6370,auto_pass,True,Jaccard ≥ threshold,n/a,n/a,n/a
6371,auto_pass,True,Jaccard ≥ threshold,n/a,n/a,n/a
6373,auto_pass,True,Jaccard ≥ threshold,n/a,n/a,n/a
6382,auto_pass,True,Jaccard ≥ threshold,n/a,n/a,n/a
6384,auto_pass,True,Jaccard ≥ threshold,n/a,n/a,n/a
6386,auto_pass,True,Jaccard ≥ threshold,n/a,n/a,n/a
6387,auto_pass,True,Jaccard ≥ threshold,n/a,n/a,n/a
6388,auto_pass,True,Jaccard ≥ threshold,n/a,n/a,n/a
6390,auto_pass,True,Jaccard ≥ threshold,n/a,n/a,n/a
6392,auto_pass,True,Jaccard ≥ threshold,n/a,n/a,n/a
6394,auto_pass,True,Jaccard ≥ threshold,n/a,n/a,n/a
6395,auto_pass,True,Jaccard ≥ threshold,n/a,n/a,n/a
6399,auto_pass,True,Jaccard ≥ threshold,n/a,n/a,n/a
6401,auto_pass,True,Jaccard ≥ threshold,n/a,n/a,n/a
6408,auto_pass,True,Jaccard ≥ threshold,n/a,n/a,n/a
6411,auto_pass,True,Jaccard ≥ threshold,n/a,n/a,n/a
6412,auto_pass,True,Jaccard ≥ threshold,n/a,n/a,n/a
6414,auto_pass,True,Jaccard ≥ threshold,n/a,n/a,n/a
6415,auto_pass,True,Jaccard ≥ threshold,n/a,n/a,n/a
6416,auto_pass,True,Jaccard ≥ threshold,n/a,n/a,n/a
6417,auto_pass,True,Jaccard ≥ threshold,n/a,n/a,n/a
6418,auto_pass,True,Jaccard ≥ threshold,n/a,n/a,n/a
6419,auto_pass,True,Jaccard ≥ threshold,n/a,n/a,n/a
6420,auto_pass,True,Jaccard ≥ threshold,n/a,n/a,n/a
6422,auto_pass,True,Jaccard ≥ threshold,n/a,n/a,n/a
6423,auto_pass,True,Jaccard ≥ threshold,n/a,n/a,n/a
6426,auto_pass,True,Jaccard ≥ threshold,n/a,n/a,n/a
6427,auto_pass,True,Jaccard ≥ threshold,n/a,n/a,n/a
6429,auto_pass,True,Jaccard ≥ threshold,n/a,n/a,n/a
6430,auto_pass,True,Jaccard ≥ threshold,n/a,n/a,n/a
6431,auto_pass,True,Jaccard ≥ threshold,n/a,n/a,n/a
6433,auto_pass,True,Jaccard ≥ threshold,n/a,n/a,n/a
6434,auto_pass,True,Jaccard ≥ threshold,n/a,n/a,n/a
6435,auto_pass,True,Jaccard ≥ threshold,n/a,n/a,n/a
6436,auto_pass,True,Jaccard ≥ threshold,n/a,n/a,n/a
6438,auto_pass,True,Jaccard ≥ threshold,n/a,n/a,n/a
6440,auto_pass,True,Jaccard ≥ threshold,n/a,n/a,n/a
6441,auto_pass,True,Jaccard ≥ threshold,n/a,n/a,n/a
6443,auto_pass,True,Jaccard ≥ threshold,n/a,n/a,n/a
6444,auto_pass,True,Jaccard ≥ threshold,n/a,n/a,n/a
6445,auto_pass,True,Jaccard ≥ threshold,n/a,n/a,n/a
6446,auto_pass,True,Jaccard ≥ threshold,n/a,n/a,n/a
6447,auto_pass,True,Jaccard ≥ threshold,n/a,n/a,n/a
6448,auto_pass,True,Jaccard ≥ threshold,n/a,n/a,n/a
6449,auto_pass,True,Jaccard ≥ threshold,n/a,n/a,n/a
6450,auto_pass,True,Jaccard ≥ threshold,n/a,n/a,n/a
6451,auto_pass,True,Jaccard ≥ threshold,n/a,n/a,n/a
6452,auto_pass,True,Jaccard ≥ threshold,n/a,n/a,n/a
6455,auto_pass,True,Jaccard ≥ threshold,n/a,n/a,n/a
6456,auto_pass,True,Jaccard ≥ threshold,n/a,n/a,n/a
6457,auto_pass,True,Jaccard ≥ threshold,n/a,n/a,n/a
6458,auto_pass,True,Jaccard ≥ threshold,n/a,n/a,n/a
6459,auto_pass,True,Jaccard ≥ threshold,n/a,n/a,n/a
6461,auto_pass,True,Jaccard ≥ threshold,n/a,n/a,n/a
6462,auto_pass,True,Jaccard ≥ threshold,n/a,n/a,n/a
6464,auto_pass,True,Jaccard ≥ threshold,n/a,n/a,n/a
6465,auto_pass,True,Jaccard ≥ threshold,n/a,n/a,n/a
6466,auto_pass,True,Jaccard ≥ threshold,n/a,n/a,n/a
6467,auto_pass,True,Jaccard ≥ threshold,n/a,n/a,n/a
6468,auto_pass,True,Jaccard ≥ threshold,n/a,n/a,n/a
6469,auto_pass,True,Jaccard ≥ threshold,n/a,n/a,n/a
6470,auto_pass,True,Jaccard ≥ threshold,n/a,n/a,n/a
6471,auto_pass,True,Jaccard ≥ threshold,n/a,n/a,n/a
6473,auto_pass,True,Jaccard ≥ threshold,n/a,n/a,n/a
6475,auto_pass,True,Jaccard ≥ threshold,n/a,n/a,n/a
6477,auto_pass,True,Jaccard ≥ threshold,n/a,n/a,n/a
6478,auto_pass,True,Jaccard ≥ threshold,n/a,n/a,n/a
6479,auto_pass,True,Jaccard ≥ threshold,n/a,n/a,n/a
6480,auto_pass,True,Jaccard ≥ threshold,n/a,n/a,n/a
6481,auto_pass,True,Jaccard ≥ threshold,n/a,n/a,n/a
6482,auto_pass,True,Jaccard ≥ threshold,n/a,n/a,n/a
6483,auto_pass,True,Jaccard ≥ threshold,n/a,n/a,n/a
6484,auto_pass,True,Jaccard ≥ threshold,n/a,n/a,n/a
6485,auto_pass,True,Jaccard ≥ threshold,n/a,n/a,n/a
6486,auto_pass,True,Jaccard ≥ threshold,n/a,n/a,n/a
6487,auto_pass,True,Jaccard ≥ threshold,n/a,n/a,n/a
6488,auto_pass,True,Jaccard ≥ threshold,n/a,n/a,n/a
6490,auto_pass,True,Jaccard ≥ threshold,n/a,n/a,n/a
6491,auto_pass,True,Jaccard ≥ threshold,n/a,n/a,n/a
6492,auto_pass,True,Jaccard ≥ threshold,n/a,n/a,n/a
6493,auto_pass,True,Jaccard ≥ threshold,n/a,n/a,n/a
6494,auto_pass,True,Jaccard ≥ threshold,n/a,n/a,n/a
6495,auto_pass,True,Jaccard ≥ threshold,n/a,n/a,n/a
6496,auto_pass,True,Jaccard ≥ threshold,n/a,n/a,n/a
6497,auto_pass,True,Jaccard ≥ threshold,n/a,n/a,n/a
6498,auto_pass,True,Jaccard ≥ threshold,n/a,n/a,n/a
6499,auto_pass,True,Jaccard ≥ threshold,n/a,n/a,n/a
6500,auto_pass,True,Jaccard ≥ threshold,n/a,n/a,n/a
6501,auto_pass,True,Jaccard ≥ threshold,n/a,n/a,n/a
6502,auto_pass,True,Jaccard ≥ threshold,n/a,n/a,n/a
6503,auto_pass,True,Jaccard ≥ threshold,n/a,n/a,n/a
6504,auto_pass,True,Jaccard ≥ threshold,n/a,n/a,n/a
6507,auto_pass,True,Jaccard ≥ threshold,n/a,n/a,n/a
6508,auto_pass,True,Jaccard ≥ threshold,n/a,n/a,n/a
6509,auto_pass,True,Jaccard ≥ threshold,n/a,n/a,n/a
6511,auto_pass,True,Jaccard ≥ threshold,n/a,n/a,n/a
6512,auto_pass,True,Jaccard ≥ threshold,n/a,n/a,n/a
6513,auto_pass,True,Jaccard ≥ threshold,n/a,n/a,n/a
6516,auto_pass,True,Jaccard ≥ threshold,n/a,n/a,n/a
6518,auto_pass,True,Jaccard ≥ threshold,n/a,n/a,n/a
6519,auto_pass,True,Jaccard ≥ threshold,n/a,n/a,n/a
6521,auto_pass,True,Jaccard ≥ threshold,n/a,n/a,n/a
6522,auto_pass,True,Jaccard ≥ threshold,n/a,n/a,n/a
6523,auto_pass,True,Jaccard ≥ threshold,n/a,n/a,n/a
6524,auto_pass,True,Jaccard ≥ threshold,n/a,n/a,n/a
6525,auto_pass,True,Jaccard ≥ threshold,n/a,n/a,n/a
6526,auto_pass,True,Jaccard ≥ threshold,n/a,n/a,n/a
6527,auto_pass,True,Jaccard ≥ threshold,n/a,n/a,n/a
6528,auto_pass,True,Jaccard ≥ threshold,n/a,n/a,n/a
6529,auto_pass,True,Jaccard ≥ threshold,n/a,n/a,n/a
6531,auto_pass,True,Jaccard ≥ threshold,n/a,n/a,n/a
6533,auto_pass,True,Jaccard ≥ threshold,n/a,n/a,n/a
6534,auto_pass,True,Jaccard ≥ threshold,n/a,n/a,n/a
6536,auto_pass,True,Jaccard ≥ threshold,n/a,n/a,n/a
6537,auto_pass,True,Jaccard ≥ threshold,n/a,n/a,n/a
6538,auto_pass,True,Jaccard ≥ threshold,n/a,n/a,n/a
6540,auto_pass,True,Jaccard ≥ threshold,n/a,n/a,n/a
6542,auto_pass,True,Jaccard ≥ threshold,n/a,n/a,n/a
6543,auto_pass,True,Jaccard ≥ threshold,n/a,n/a,n/a
6544,auto_pass,True,Jaccard ≥ threshold,n/a,n/a,n/a
6547,auto_pass,True,Jaccard ≥ threshold,n/a,n/a,n/a
6548,auto_pass,True,Jaccard ≥ threshold,n/a,n/a,n/a
6549,auto_pass,True,Jaccard ≥ threshold,n/a,n/a,n/a
6553,auto_pass,True,Jaccard ≥ threshold,n/a,n/a,n/a
6554,auto_pass,True,Jaccard ≥ threshold,n/a,n/a,n/a
6555,auto_pass,True,Jaccard ≥ threshold,n/a,n/a,n/a
6556,auto_pass,True,Jaccard ≥ threshold,n/a,n/a,n/a
6557,auto_pass,True,Jaccard ≥ threshold,n/a,n/a,n/a
6558,auto_pass,True,Jaccard ≥ threshold,n/a,n/a,n/a
6559,auto_pass,True,Jaccard ≥ threshold,n/a,n/a,n/a
6560,auto_pass,True,Jaccard ≥ threshold,n/a,n/a,n/a
6562,auto_pass,True,Jaccard ≥ threshold,n/a,n/a,n/a
6563,auto_pass,True,Jaccard ≥ threshold,n/a,n/a,n/a
6564,auto_pass,True,Jaccard ≥ threshold,n/a,n/a,n/a
6567,auto_pass,True,Jaccard ≥ threshold,n/a,n/a,n/a
6568,auto_pass,True,Jaccard ≥ threshold,n/a,n/a,n/a
6572,auto_pass,True,Jaccard ≥ threshold,n/a,n/a,n/a
6573,auto_pass,True,Jaccard ≥ threshold,n/a,n/a,n/a
6578,auto_pass,True,Jaccard ≥ threshold,n/a,n/a,n/a
6579,auto_pass,True,Jaccard ≥ threshold,n/a,n/a,n/a
6581,auto_pass,True,Jaccard ≥ threshold,n/a,n/a,n/a
6582,auto_pass,True,Jaccard ≥ threshold,n/a,n/a,n/a
6583,auto_pass,True,Jaccard ≥ threshold,n/a,n/a,n/a
6584,auto_pass,True,Jaccard ≥ threshold,n/a,n/a,n/a
6585,auto_pass,True,Jaccard ≥ threshold,n/a,n/a,n/a
6587,auto_pass,True,Jaccard ≥ threshold,n/a,n/a,n/a
6588,auto_pass,True,Jaccard ≥ threshold,n/a,n/a,n/a
6590,auto_pass,True,Jaccard ≥ threshold,n/a,n/a,n/a
6591,auto_pass,True,Jaccard ≥ threshold,n/a,n/a,n/a
6592,auto_pass,True,Jaccard ≥ threshold,n/a,n/a,n/a
6593,auto_pass,True,Jaccard ≥ threshold,n/a,n/a,n/a
6594,auto_pass,True,Jaccard ≥ threshold,n/a,n/a,n/a
6595,auto_pass,True,Jaccard ≥ threshold,n/a,n/a,n/a
6596,auto_pass,True,Jaccard ≥ threshold,n/a,n/a,n/a
6598,auto_pass,True,Jaccard ≥ threshold,n/a,n/a,n/a
6599,auto_pass,True,Jaccard ≥ threshold,n/a,n/a,n/a
6600,auto_pass,True,Jaccard ≥ threshold,n/a,n/a,n/a
6601,auto_pass,True,Jaccard ≥ threshold,n/a,n/a,n/a
6602,auto_pass,True,Jaccard ≥ threshold,n/a,n/a,n/a
6603,auto_pass,True,Jaccard ≥ threshold,n/a,n/a,n/a
6604,auto_pass,True,Jaccard ≥ threshold,n/a,n/a,n/a
6606,auto_pass,True,Jaccard ≥ threshold,n/a,n/a,n/a
6607,auto_pass,True,Jaccard ≥ threshold,n/a,n/a,n/a
6608,auto_pass,True,Jaccard ≥ threshold,n/a,n/a,n/a
6609,auto_pass,True,Jaccard ≥ threshold,n/a,n/a,n/a
6610,auto_pass,True,Jaccard ≥ threshold,n/a,n/a,n/a
6613,auto_pass,True,Jaccard ≥ threshold,n/a,n/a,n/a
6615,auto_pass,True,Jaccard ≥ threshold,n/a,n/a,n/a
6616,auto_pass,True,Jaccard ≥ threshold,n/a,n/a,n/a
6618,auto_pass,True,Jaccard ≥ threshold,n/a,n/a,n/a
6620,auto_pass,True,Jaccard ≥ threshold,n/a,n/a,n/a
6621,auto_pass,True,Jaccard ≥ threshold,n/a,n/a,n/a
6623,auto_pass,True,Jaccard ≥ threshold,n/a,n/a,n/a
6624,auto_pass,True,Jaccard ≥ threshold,n/a,n/a,n/a
6625,auto_pass,True,Jaccard ≥ threshold,n/a,n/a,n/a
6626,auto_pass,True,Jaccard ≥ threshold,n/a,n/a,n/a
6628,auto_pass,True,Jaccard ≥ threshold,n/a,n/a,n/a
6630,auto_pass,True,Jaccard ≥ threshold,n/a,n/a,n/a
6631,auto_pass,True,Jaccard ≥ threshold,n/a,n/a,n/a
6632,auto_pass,True,Jaccard ≥ threshold,n/a,n/a,n/a
6633,auto_pass,True,Jaccard ≥ threshold,n/a,n/a,n/a
6634,auto_pass,True,Jaccard ≥ threshold,n/a,n/a,n/a
6635,auto_pass,True,Jaccard ≥ threshold,n/a,n/a,n/a
6636,auto_pass,True,Jaccard ≥ threshold,n/a,n/a,n/a
6637,auto_pass,True,Jaccard ≥ threshold,n/a,n/a,n/a
6638,auto_pass,True,Jaccard ≥ threshold,n/a,n/a,n/a
6640,auto_pass,True,Jaccard ≥ threshold,n/a,n/a,n/a
6641,auto_pass,True,Jaccard ≥ threshold,n/a,n/a,n/a
6643,auto_pass,True,Jaccard ≥ threshold,n/a,n/a,n/a
6644,auto_pass,True,Jaccard ≥ threshold,n/a,n/a,n/a
6647,auto_pass,True,Jaccard ≥ threshold,n/a,n/a,n/a
6649,auto_pass,True,Jaccard ≥ threshold,n/a,n/a,n/a
6650,auto_pass,True,Jaccard ≥ threshold,n/a,n/a,n/a
6652,auto_pass,True,Jaccard ≥ threshold,n/a,n/a,n/a
6653,auto_pass,True,Jaccard ≥ threshold,n/a,n/a,n/a
6654,auto_pass,True,Jaccard ≥ threshold,n/a,n/a,n/a
6655,auto_pass,True,Jaccard ≥ threshold,n/a,n/a,n/a
6656,auto_pass,True,Jaccard ≥ threshold,n/a,n/a,n/a
6657,auto_pass,True,Jaccard ≥ threshold,n/a,n/a,n/a
6658,auto_pass,True,Jaccard ≥ threshold,n/a,n/a,n/a
6661,auto_pass,True,Jaccard ≥ threshold,n/a,n/a,n/a
6662,auto_pass,True,Jaccard ≥ threshold,n/a,n/a,n/a
6663,auto_pass,True,Jaccard ≥ threshold,n/a,n/a,n/a
6665,auto_pass,True,Jaccard ≥ threshold,n/a,n/a,n/a
6666,auto_pass,True,Jaccard ≥ threshold,n/a,n/a,n/a
6667,auto_pass,True,Jaccard ≥ threshold,n/a,n/a,n/a
6668,auto_pass,True,Jaccard ≥ threshold,n/a,n/a,n/a
6669,auto_pass,True,Jaccard ≥ threshold,n/a,n/a,n/a
6670,auto_pass,True,Jaccard ≥ threshold,n/a,n/a,n/a
6672,auto_pass,True,Jaccard ≥ threshold,n/a,n/a,n/a
6673,auto_pass,True,Jaccard ≥ threshold,n/a,n/a,n/a
6674,auto_pass,True,Jaccard ≥ threshold,n/a,n/a,n/a
6676,auto_pass,True,Jaccard ≥ threshold,n/a,n/a,n/a
6678,auto_pass,True,Jaccard ≥ threshold,n/a,n/a,n/a
6679,auto_pass,True,Jaccard ≥ threshold,n/a,n/a,n/a
6680,auto_pass,True,Jaccard ≥ threshold,n/a,n/a,n/a
6682,auto_pass,True,Jaccard ≥ threshold,n/a,n/a,n/a
6683,auto_pass,True,Jaccard ≥ threshold,n/a,n/a,n/a
6684,auto_pass,True,Jaccard ≥ threshold,n/a,n/a,n/a
6685,auto_pass,True,Jaccard ≥ threshold,n/a,n/a,n/a
6686,auto_pass,True,Jaccard ≥ threshold,n/a,n/a,n/a
6687,auto_pass,True,Jaccard ≥ threshold,n/a,n/a,n/a
6688,auto_pass,True,Jaccard ≥ threshold,n/a,n/a,n/a
6689,auto_pass,True,Jaccard ≥ threshold,n/a,n/a,n/a
6690,auto_pass,True,Jaccard ≥ threshold,n/a,n/a,n/a
6691,auto_pass,True,Jaccard ≥ threshold,n/a,n/a,n/a
6692,auto_pass,True,Jaccard ≥ threshold,n/a,n/a,n/a
6693,auto_pass,True,Jaccard ≥ threshold,n/a,n/a,n/a
6694,auto_pass,True,Jaccard ≥ threshold,n/a,n/a,n/a
6695,auto_pass,True,Jaccard ≥ threshold,n/a,n/a,n/a
6696,auto_pass,True,Jaccard ≥ threshold,n/a,n/a,n/a
6697,auto_pass,True,Jaccard ≥ threshold,n/a,n/a,n/a
6698,auto_pass,True,Jaccard ≥ threshold,n/a,n/a,n/a
6699,auto_pass,True,Jaccard ≥ threshold,n/a,n/a,n/a
6700,auto_pass,True,Jaccard ≥ threshold,n/a,n/a,n/a
6701,auto_pass,True,Jaccard ≥ threshold,n/a,n/a,n/a
6702,auto_pass,True,Jaccard ≥ threshold,n/a,n/a,n/a
6703,auto_pass,True,Jaccard ≥ threshold,n/a,n/a,n/a
6704,auto_pass,True,Jaccard ≥ threshold,n/a,n/a,n/a
6705,auto_pass,True,Jaccard ≥ threshold,n/a,n/a,n/a
6706,auto_pass,True,Jaccard ≥ threshold,n/a,n/a,n/a
6707,auto_pass,True,Jaccard ≥ threshold,n/a,n/a,n/a
6711,auto_pass,True,Jaccard ≥ threshold,n/a,n/a,n/a
6712,auto_pass,True,Jaccard ≥ threshold,n/a,n/a,n/a
6713,auto_pass,True,Jaccard ≥ threshold,n/a,n/a,n/a
6714,auto_pass,True,Jaccard ≥ threshold,n/a,n/a,n/a
6715,auto_pass,True,Jaccard ≥ threshold,n/a,n/a,n/a
6716,auto_pass,True,Jaccard ≥ threshold,n/a,n/a,n/a
6717,auto_pass,True,Jaccard ≥ threshold,n/a,n/a,n/a
6718,auto_pass,True,Jaccard ≥ threshold,n/a,n/a,n/a
6720,auto_pass,True,Jaccard ≥ threshold,n/a,n/a,n/a
6723,auto_pass,True,Jaccard ≥ threshold,n/a,n/a,n/a
6724,auto_pass,True,Jaccard ≥ threshold,n/a,n/a,n/a
6727,auto_pass,True,Jaccard ≥ threshold,n/a,n/a,n/a
6728,auto_pass,True,Jaccard ≥ threshold,n/a,n/a,n/a
6730,auto_pass,True,Jaccard ≥ threshold,n/a,n/a,n/a
6731,auto_pass,True,Jaccard ≥ threshold,n/a,n/a,n/a
6732,auto_pass,True,Jaccard ≥ threshold,n/a,n/a,n/a
6733,auto_pass,True,Jaccard ≥ threshold,n/a,n/a,n/a
6735,auto_pass,True,Jaccard ≥ threshold,n/a,n/a,n/a
6736,auto_pass,True,Jaccard ≥ threshold,n/a,n/a,n/a
6737,auto_pass,True,Jaccard ≥ threshold,n/a,n/a,n/a
6738,auto_pass,True,Jaccard ≥ threshold,n/a,n/a,n/a
6739,auto_pass,True,Jaccard ≥ threshold,n/a,n/a,n/a
6740,auto_pass,True,Jaccard ≥ threshold,n/a,n/a,n/a
6741,auto_pass,True,Jaccard ≥ threshold,n/a,n/a,n/a
6742,auto_pass,True,Jaccard ≥ threshold,n/a,n/a,n/a
6745,auto_pass,True,Jaccard ≥ threshold,n/a,n/a,n/a
6746,auto_pass,True,Jaccard ≥ threshold,n/a,n/a,n/a
6747,auto_pass,True,Jaccard ≥ threshold,n/a,n/a,n/a
6748,auto_pass,True,Jaccard ≥ threshold,n/a,n/a,n/a
6749,auto_pass,True,Jaccard ≥ threshold,n/a,n/a,n/a
6752,auto_pass,True,Jaccard ≥ threshold,n/a,n/a,n/a
6753,auto_pass,True,Jaccard ≥ threshold,n/a,n/a,n/a
6754,auto_pass,True,Jaccard ≥ threshold,n/a,n/a,n/a
6755,auto_pass,True,Jaccard ≥ threshold,n/a,n/a,n/a
6756,auto_pass,True,Jaccard ≥ threshold,n/a,n/a,n/a
6757,auto_pass,True,Jaccard ≥ threshold,n/a,n/a,n/a
6758,auto_pass,True,Jaccard ≥ threshold,n/a,n/a,n/a
6759,auto_pass,True,Jaccard ≥ threshold,n/a,n/a,n/a
6760,auto_pass,True,Jaccard ≥ threshold,n/a,n/a,n/a
6761,auto_pass,True,Jaccard ≥ threshold,n/a,n/a,n/a
6762,auto_pass,True,Jaccard ≥ threshold,n/a,n/a,n/a
6763,auto_pass,True,Jaccard ≥ threshold,n/a,n/a,n/a
6765,auto_pass,True,Jaccard ≥ threshold,n/a,n/a,n/a
6766,auto_pass,True,Jaccard ≥ threshold,n/a,n/a,n/a
6767,auto_pass,True,Jaccard ≥ threshold,n/a,n/a,n/a
6768,auto_pass,True,Jaccard ≥ threshold,n/a,n/a,n/a
6769,auto_pass,True,Jaccard ≥ threshold,n/a,n/a,n/a
6771,auto_pass,True,Jaccard ≥ threshold,n/a,n/a,n/a
6772,auto_pass,True,Jaccard ≥ threshold,n/a,n/a,n/a
6773,auto_pass,True,Jaccard ≥ threshold,n/a,n/a,n/a
6774,auto_pass,True,Jaccard ≥ threshold,n/a,n/a,n/a
6776,auto_pass,True,Jaccard ≥ threshold,n/a,n/a,n/a
6777,auto_pass,True,Jaccard ≥ threshold,n/a,n/a,n/a
6779,auto_pass,True,Jaccard ≥ threshold,n/a,n/a,n/a
6780,auto_pass,True,Jaccard ≥ threshold,n/a,n/a,n/a
6785,auto_pass,True,Jaccard ≥ threshold,n/a,n/a,n/a
6787,auto_pass,True,Jaccard ≥ threshold,n/a,n/a,n/a
6788,auto_pass,True,Jaccard ≥ threshold,n/a,n/a,n/a
6790,auto_pass,True,Jaccard ≥ threshold,n/a,n/a,n/a
6791,auto_pass,True,Jaccard ≥ threshold,n/a,n/a,n/a
6792,auto_pass,True,Jaccard ≥ threshold,n/a,n/a,n/a
6793,auto_pass,True,Jaccard ≥ threshold,n/a,n/a,n/a
6794,auto_pass,True,Jaccard ≥ threshold,n/a,n/a,n/a
6800,auto_pass,True,Jaccard ≥ threshold,n/a,n/a,n/a
6802,auto_pass,True,Jaccard ≥ threshold,n/a,n/a,n/a
6803,auto_pass,True,Jaccard ≥ threshold,n/a,n/a,n/a
6805,auto_pass,True,Jaccard ≥ threshold,n/a,n/a,n/a
6806,auto_pass,True,Jaccard ≥ threshold,n/a,n/a,n/a
6807,auto_pass,True,Jaccard ≥ threshold,n/a,n/a,n/a
6808,auto_pass,True,Jaccard ≥ threshold,n/a,n/a,n/a
6810,auto_pass,True,Jaccard ≥ threshold,n/a,n/a,n/a
6811,auto_pass,True,Jaccard ≥ threshold,n/a,n/a,n/a
6812,auto_pass,True,Jaccard ≥ threshold,n/a,n/a,n/a
6813,auto_pass,True,Jaccard ≥ threshold,n/a,n/a,n/a
6814,auto_pass,True,Jaccard ≥ threshold,n/a,n/a,n/a
6816,auto_pass,True,Jaccard ≥ threshold,n/a,n/a,n/a
6819,auto_pass,True,Jaccard ≥ threshold,n/a,n/a,n/a
6821,auto_pass,True,Jaccard ≥ threshold,n/a,n/a,n/a
6825,auto_pass,True,Jaccard ≥ threshold,n/a,n/a,n/a
6829,auto_pass,True,Jaccard ≥ threshold,n/a,n/a,n/a
6830,auto_pass,True,Jaccard ≥ threshold,n/a,n/a,n/a
6831,auto_pass,True,Jaccard ≥ threshold,n/a,n/a,n/a
6832,auto_pass,True,Jaccard ≥ threshold,n/a,n/a,n/a
6835,auto_pass,True,Jaccard ≥ threshold,n/a,n/a,n/a
6836,auto_pass,True,Jaccard ≥ threshold,n/a,n/a,n/a
6837,auto_pass,True,Jaccard ≥ threshold,n/a,n/a,n/a
6838,auto_pass,True,Jaccard ≥ threshold,n/a,n/a,n/a
6839,auto_pass,True,Jaccard ≥ threshold,n/a,n/a,n/a
6840,auto_pass,True,Jaccard ≥ threshold,n/a,n/a,n/a
6842,auto_pass,True,Jaccard ≥ threshold,n/a,n/a,n/a
6844,auto_pass,True,Jaccard ≥ threshold,n/a,n/a,n/a
6845,auto_pass,True,Jaccard ≥ threshold,n/a,n/a,n/a
6846,auto_pass,True,Jaccard ≥ threshold,n/a,n/a,n/a
6847,auto_pass,True,Jaccard ≥ threshold,n/a,n/a,n/a
6849,auto_pass,True,Jaccard ≥ threshold,n/a,n/a,n/a
6850,auto_pass,True,Jaccard ≥ threshold,n/a,n/a,n/a
6852,auto_pass,True,Jaccard ≥ threshold,n/a,n/a,n/a
6853,auto_pass,True,Jaccard ≥ threshold,n/a,n/a,n/a
6855,auto_pass,True,Jaccard ≥ threshold,n/a,n/a,n/a
6858,auto_pass,True,Jaccard ≥ threshold,n/a,n/a,n/a
6860,auto_pass,True,Jaccard ≥ threshold,n/a,n/a,n/a
6861,auto_pass,True,Jaccard ≥ threshold,n/a,n/a,n/a
6862,auto_pass,True,Jaccard ≥ threshold,n/a,n/a,n/a
6863,auto_pass,True,Jaccard ≥ threshold,n/a,n/a,n/a
6866,auto_pass,True,Jaccard ≥ threshold,n/a,n/a,n/a
6873,auto_pass,True,Jaccard ≥ threshold,n/a,n/a,n/a
6875,auto_pass,True,Jaccard ≥ threshold,n/a,n/a,n/a
6876,auto_pass,True,Jaccard ≥ threshold,n/a,n/a,n/a
6878,auto_pass,True,Jaccard ≥ threshold,n/a,n/a,n/a
6880,auto_pass,True,Jaccard ≥ threshold,n/a,n/a,n/a
6883,auto_pass,True,Jaccard ≥ threshold,n/a,n/a,n/a
6884,auto_pass,True,Jaccard ≥ threshold,n/a,n/a,n/a
6885,auto_pass,True,Jaccard ≥ threshold,n/a,n/a,n/a
6886,auto_pass,True,Jaccard ≥ threshold,n/a,n/a,n/a
6887,auto_pass,True,Jaccard ≥ threshold,n/a,n/a,n/a
6888,auto_pass,True,Jaccard ≥ threshold,n/a,n/a,n/a
6890,auto_pass,True,Jaccard ≥ threshold,n/a,n/a,n/a
6891,auto_pass,True,Jaccard ≥ threshold,n/a,n/a,n/a
6893,auto_pass,True,Jaccard ≥ threshold,n/a,n/a,n/a
6894,auto_pass,True,Jaccard ≥ threshold,n/a,n/a,n/a
6896,auto_pass,True,Jaccard ≥ threshold,n/a,n/a,n/a
6897,auto_pass,True,Jaccard ≥ threshold,n/a,n/a,n/a
6898,auto_pass,True,Jaccard ≥ threshold,n/a,n/a,n/a
6899,auto_pass,True,Jaccard ≥ threshold,n/a,n/a,n/a
6900,auto_pass,True,Jaccard ≥ threshold,n/a,n/a,n/a
6901,auto_pass,True,Jaccard ≥ threshold,n/a,n/a,n/a
6902,auto_pass,True,Jaccard ≥ threshold,n/a,n/a,n/a
6903,auto_pass,True,Jaccard ≥ threshold,n/a,n/a,n/a
6907,auto_pass,True,Jaccard ≥ threshold,n/a,n/a,n/a
6910,auto_pass,True,Jaccard ≥ threshold,n/a,n/a,n/a
6911,auto_pass,True,Jaccard ≥ threshold,n/a,n/a,n/a
6912,auto_pass,True,Jaccard ≥ threshold,n/a,n/a,n/a
6913,auto_pass,True,Jaccard ≥ threshold,n/a,n/a,n/a
6915,auto_pass,True,Jaccard ≥ threshold,n/a,n/a,n/a
6916,auto_pass,True,Jaccard ≥ threshold,n/a,n/a,n/a
6917,auto_pass,True,Jaccard ≥ threshold,n/a,n/a,n/a
6920,auto_pass,True,Jaccard ≥ threshold,n/a,n/a,n/a
6922,auto_pass,True,Jaccard ≥ threshold,n/a,n/a,n/a
6923,auto_pass,True,Jaccard ≥ threshold,n/a,n/a,n/a
6925,auto_pass,True,Jaccard ≥ threshold,n/a,n/a,n/a
6927,auto_pass,True,Jaccard ≥ threshold,n/a,n/a,n/a
6928,auto_pass,True,Jaccard ≥ threshold,n/a,n/a,n/a
6930,auto_pass,True,Jaccard ≥ threshold,n/a,n/a,n/a
6933,auto_pass,True,Jaccard ≥ threshold,n/a,n/a,n/a
6934,auto_pass,True,Jaccard ≥ threshold,n/a,n/a,n/a
6936,auto_pass,True,Jaccard ≥ threshold,n/a,n/a,n/a
6937,auto_pass,True,Jaccard ≥ threshold,n/a,n/a,n/a
6938,auto_pass,True,Jaccard ≥ threshold,n/a,n/a,n/a
6939,auto_pass,True,Jaccard ≥ threshold,n/a,n/a,n/a
6940,auto_pass,True,Jaccard ≥ threshold,n/a,n/a,n/a
6941,auto_pass,True,Jaccard ≥ threshold,n/a,n/a,n/a
6944,auto_pass,True,Jaccard ≥ threshold,n/a,n/a,n/a
6946,auto_pass,True,Jaccard ≥ threshold,n/a,n/a,n/a
6947,auto_pass,True,Jaccard ≥ threshold,n/a,n/a,n/a
6950,auto_pass,True,Jaccard ≥ threshold,n/a,n/a,n/a
6951,auto_pass,True,Jaccard ≥ threshold,n/a,n/a,n/a
6952,auto_pass,True,Jaccard ≥ threshold,n/a,n/a,n/a
6953,auto_pass,True,Jaccard ≥ threshold,n/a,n/a,n/a
6955,auto_pass,True,Jaccard ≥ threshold,n/a,n/a,n/a
6957,auto_pass,True,Jaccard ≥ threshold,n/a,n/a,n/a
6958,auto_pass,True,Jaccard ≥ threshold,n/a,n/a,n/a
6959,auto_pass,True,Jaccard ≥ threshold,n/a,n/a,n/a
6962,auto_pass,True,Jaccard ≥ threshold,n/a,n/a,n/a
6963,auto_pass,True,Jaccard ≥ threshold,n/a,n/a,n/a
6964,auto_pass,True,Jaccard ≥ threshold,n/a,n/a,n/a
6965,auto_pass,True,Jaccard ≥ threshold,n/a,n/a,n/a
6966,auto_pass,True,Jaccard ≥ threshold,n/a,n/a,n/a
6967,auto_pass,True,Jaccard ≥ threshold,n/a,n/a,n/a
6968,auto_pass,True,Jaccard ≥ threshold,n/a,n/a,n/a
6969,auto_pass,True,Jaccard ≥ threshold,n/a,n/a,n/a
6970,auto_pass,True,Jaccard ≥ threshold,n/a,n/a,n/a
6972,auto_pass,True,Jaccard ≥ threshold,n/a,n/a,n/a
6973,auto_pass,True,Jaccard ≥ threshold,n/a,n/a,n/a
6974,auto_pass,True,Jaccard ≥ threshold,n/a,n/a,n/a
6976,auto_pass,True,Jaccard ≥ threshold,n/a,n/a,n/a
6978,auto_pass,True,Jaccard ≥ threshold,n/a,n/a,n/a
6979,auto_pass,True,Jaccard ≥ threshold,n/a,n/a,n/a
6980,auto_pass,True,Jaccard ≥ threshold,n/a,n/a,n/a
6983,auto_pass,True,Jaccard ≥ threshold,n/a,n/a,n/a
6984,auto_pass,True,Jaccard ≥ threshold,n/a,n/a,n/a
6987,auto_pass,True,Jaccard ≥ threshold,n/a,n/a,n/a
6988,auto_pass,True,Jaccard ≥ threshold,n/a,n/a,n/a
6990,auto_pass,True,Jaccard ≥ threshold,n/a,n/a,n/a
6991,auto_pass,True,Jaccard ≥ threshold,n/a,n/a,n/a
6997,auto_pass,True,Jaccard ≥ threshold,n/a,n/a,n/a
6998,auto_pass,True,Jaccard ≥ threshold,n/a,n/a,n/a
6999,auto_pass,True,Jaccard ≥ threshold,n/a,n/a,n/a
7002,auto_pass,True,Jaccard ≥ threshold,n/a,n/a,n/a
7006,auto_pass,True,Jaccard ≥ threshold,n/a,n/a,n/a
7009,auto_pass,True,Jaccard ≥ threshold,n/a,n/a,n/a
7012,auto_pass,True,Jaccard ≥ threshold,n/a,n/a,n/a
7014,auto_pass,True,Jaccard ≥ threshold,n/a,n/a,n/a
7015,auto_pass,True,Jaccard ≥ threshold,n/a,n/a,n/a
7016,auto_pass,True,Jaccard ≥ threshold,n/a,n/a,n/a
7017,auto_pass,True,Jaccard ≥ threshold,n/a,n/a,n/a
7018,auto_pass,True,Jaccard ≥ threshold,n/a,n/a,n/a
7019,auto_pass,True,Jaccard ≥ threshold,n/a,n/a,n/a
7021,auto_pass,True,Jaccard ≥ threshold,n/a,n/a,n/a
7022,auto_pass,True,Jaccard ≥ threshold,n/a,n/a,n/a
7025,auto_pass,True,Jaccard ≥ threshold,n/a,n/a,n/a
7027,auto_pass,True,Jaccard ≥ threshold,n/a,n/a,n/a
7028,auto_pass,True,Jaccard ≥ threshold,n/a,n/a,n/a
7029,auto_pass,True,Jaccard ≥ threshold,n/a,n/a,n/a
7030,auto_pass,True,Jaccard ≥ threshold,n/a,n/a,n/a
7031,auto_pass,True,Jaccard ≥ threshold,n/a,n/a,n/a
7035,auto_pass,True,Jaccard ≥ threshold,n/a,n/a,n/a
7037,auto_pass,True,Jaccard ≥ threshold,n/a,n/a,n/a
7039,auto_pass,True,Jaccard ≥ threshold,n/a,n/a,n/a
7040,auto_pass,True,Jaccard ≥ threshold,n/a,n/a,n/a
7041,auto_pass,True,Jaccard ≥ threshold,n/a,n/a,n/a
7042,auto_pass,True,Jaccard ≥ threshold,n/a,n/a,n/a
7054,auto_pass,True,Jaccard ≥ threshold,n/a,n/a,n/a
7057,auto_pass,True,Jaccard ≥ threshold,n/a,n/a,n/a
7058,auto_pass,True,Jaccard ≥ threshold,n/a,n/a,n/a
7060,auto_pass,True,Jaccard ≥ threshold,n/a,n/a,n/a
7061,auto_pass,True,Jaccard ≥ threshold,n/a,n/a,n/a
7063,auto_pass,True,Jaccard ≥ threshold,n/a,n/a,n/a
7075,auto_pass,True,Jaccard ≥ threshold,n/a,n/a,n/a
7078,auto_pass,True,Jaccard ≥ threshold,n/a,n/a,n/a
7084,auto_pass,True,Jaccard ≥ threshold,n/a,n/a,n/a
7085,auto_pass,True,Jaccard ≥ threshold,n/a,n/a,n/a
7087,auto_pass,True,Jaccard ≥ threshold,n/a,n/a,n/a
7088,auto_pass,True,Jaccard ≥ threshold,n/a,n/a,n/a
7089,auto_pass,True,Jaccard ≥ threshold,n/a,n/a,n/a
7090,auto_pass,True,Jaccard ≥ threshold,n/a,n/a,n/a
7091,auto_pass,True,Jaccard ≥ threshold,n/a,n/a,n/a
7093,auto_pass,True,Jaccard ≥ threshold,n/a,n/a,n/a
7094,auto_pass,True,Jaccard ≥ threshold,n/a,n/a,n/a
7096,auto_pass,True,Jaccard ≥ threshold,n/a,n/a,n/a
7098,auto_pass,True,Jaccard ≥ threshold,n/a,n/a,n/a
7100,auto_pass,True,Jaccard ≥ threshold,n/a,n/a,n/a
7101,auto_pass,True,Jaccard ≥ threshold,n/a,n/a,n/a
7102,auto_pass,True,Jaccard ≥ threshold,n/a,n/a,n/a
7105,auto_pass,True,Jaccard ≥ threshold,n/a,n/a,n/a
7106,auto_pass,True,Jaccard ≥ threshold,n/a,n/a,n/a
7107,auto_pass,True,Jaccard ≥ threshold,n/a,n/a,n/a
7108,auto_pass,True,Jaccard ≥ threshold,n/a,n/a,n/a
7109,auto_pass,True,Jaccard ≥ threshold,n/a,n/a,n/a
7112,auto_pass,True,Jaccard ≥ threshold,n/a,n/a,n/a
7113,auto_pass,True,Jaccard ≥ threshold,n/a,n/a,n/a
7115,auto_pass,True,Jaccard ≥ threshold,n/a,n/a,n/a
7118,auto_pass,True,Jaccard ≥ threshold,n/a,n/a,n/a
7119,auto_pass,True,Jaccard ≥ threshold,n/a,n/a,n/a
7124,auto_pass,True,Jaccard ≥ threshold,n/a,n/a,n/a
7129,auto_pass,True,Jaccard ≥ threshold,n/a,n/a,n/a
7131,auto_pass,True,Jaccard ≥ threshold,n/a,n/a,n/a
7132,auto_pass,True,Jaccard ≥ threshold,n/a,n/a,n/a
7133,auto_pass,True,Jaccard ≥ threshold,n/a,n/a,n/a
7135,auto_pass,True,Jaccard ≥ threshold,n/a,n/a,n/a
7136,auto_pass,True,Jaccard ≥ threshold,n/a,n/a,n/a
7137,auto_pass,True,Jaccard ≥ threshold,n/a,n/a,n/a
7138,auto_pass,True,Jaccard ≥ threshold,n/a,n/a,n/a
7139,auto_pass,True,Jaccard ≥ threshold,n/a,n/a,n/a
7141,auto_pass,True,Jaccard ≥ threshold,n/a,n/a,n/a
7142,auto_pass,True,Jaccard ≥ threshold,n/a,n/a,n/a
7143,auto_pass,True,Jaccard ≥ threshold,n/a,n/a,n/a
7147,auto_pass,True,Jaccard ≥ threshold,n/a,n/a,n/a
7149,auto_pass,True,Jaccard ≥ threshold,n/a,n/a,n/a
7150,auto_pass,True,Jaccard ≥ threshold,n/a,n/a,n/a
7151,auto_pass,True,Jaccard ≥ threshold,n/a,n/a,n/a
7152,auto_pass,True,Jaccard ≥ threshold,n/a,n/a,n/a
7153,auto_pass,True,Jaccard ≥ threshold,n/a,n/a,n/a
7154,auto_pass,True,Jaccard ≥ threshold,n/a,n/a,n/a
7161,auto_pass,True,Jaccard ≥ threshold,n/a,n/a,n/a
7163,auto_pass,True,Jaccard ≥ threshold,n/a,n/a,n/a
7164,auto_pass,True,Jaccard ≥ threshold,n/a,n/a,n/a
7166,auto_pass,True,Jaccard ≥ threshold,n/a,n/a,n/a
7167,auto_pass,True,Jaccard ≥ threshold,n/a,n/a,n/a
7168,auto_pass,True,Jaccard ≥ threshold,n/a,n/a,n/a
7169,auto_pass,True,Jaccard ≥ threshold,n/a,n/a,n/a
7170,auto_pass,True,Jaccard ≥ threshold,n/a,n/a,n/a
7171,auto_pass,True,Jaccard ≥ threshold,n/a,n/a,n/a
7172,auto_pass,True,Jaccard ≥ threshold,n/a,n/a,n/a
7173,auto_pass,True,Jaccard ≥ threshold,n/a,n/a,n/a
7174,auto_pass,True,Jaccard ≥ threshold,n/a,n/a,n/a
7175,auto_pass,True,Jaccard ≥ threshold,n/a,n/a,n/a
7176,auto_pass,True,Jaccard ≥ threshold,n/a,n/a,n/a
7178,auto_pass,True,Jaccard ≥ threshold,n/a,n/a,n/a
7183,auto_pass,True,Jaccard ≥ threshold,n/a,n/a,n/a
7184,auto_pass,True,Jaccard ≥ threshold,n/a,n/a,n/a
7185,auto_pass,True,Jaccard ≥ threshold,n/a,n/a,n/a
7186,auto_pass,True,Jaccard ≥ threshold,n/a,n/a,n/a
7187,auto_pass,True,Jaccard ≥ threshold,n/a,n/a,n/a
7188,auto_pass,True,Jaccard ≥ threshold,n/a,n/a,n/a
7190,auto_pass,True,Jaccard ≥ threshold,n/a,n/a,n/a
7192,auto_pass,True,Jaccard ≥ threshold,n/a,n/a,n/a
7194,auto_pass,True,Jaccard ≥ threshold,n/a,n/a,n/a
7198,auto_pass,True,Jaccard ≥ threshold,n/a,n/a,n/a
7199,auto_pass,True,Jaccard ≥ threshold,n/a,n/a,n/a
7200,auto_pass,True,Jaccard ≥ threshold,n/a,n/a,n/a
7201,auto_pass,True,Jaccard ≥ threshold,n/a,n/a,n/a
7202,auto_pass,True,Jaccard ≥ threshold,n/a,n/a,n/a
7204,auto_pass,True,Jaccard ≥ threshold,n/a,n/a,n/a
7206,auto_pass,True,Jaccard ≥ threshold,n/a,n/a,n/a
7207,auto_pass,True,Jaccard ≥ threshold,n/a,n/a,n/a
7211,auto_pass,True,Jaccard ≥ threshold,n/a,n/a,n/a
7215,auto_pass,True,Jaccard ≥ threshold,n/a,n/a,n/a
7216,auto_pass,True,Jaccard ≥ threshold,n/a,n/a,n/a
7218,auto_pass,True,Jaccard ≥ threshold,n/a,n/a,n/a
7220,auto_pass,True,Jaccard ≥ threshold,n/a,n/a,n/a
7221,auto_pass,True,Jaccard ≥ threshold,n/a,n/a,n/a
7224,auto_pass,True,Jaccard ≥ threshold,n/a,n/a,n/a
7228,auto_pass,True,Jaccard ≥ threshold,n/a,n/a,n/a
7232,auto_pass,True,Jaccard ≥ threshold,n/a,n/a,n/a
7233,auto_pass,True,Jaccard ≥ threshold,n/a,n/a,n/a
7234,auto_pass,True,Jaccard ≥ threshold,n/a,n/a,n/a
7235,auto_pass,True,Jaccard ≥ threshold,n/a,n/a,n/a
7236,auto_pass,True,Jaccard ≥ threshold,n/a,n/a,n/a
7237,auto_pass,True,Jaccard ≥ threshold,n/a,n/a,n/a
7238,auto_pass,True,Jaccard ≥ threshold,n/a,n/a,n/a
7240,auto_pass,True,Jaccard ≥ threshold,n/a,n/a,n/a
7241,auto_pass,True,Jaccard ≥ threshold,n/a,n/a,n/a
7245,auto_pass,True,Jaccard ≥ threshold,n/a,n/a,n/a
7246,auto_pass,True,Jaccard ≥ threshold,n/a,n/a,n/a
7247,auto_pass,True,Jaccard ≥ threshold,n/a,n/a,n/a
7248,auto_pass,True,Jaccard ≥ threshold,n/a,n/a,n/a
7249,auto_pass,True,Jaccard ≥ threshold,n/a,n/a,n/a
7251,auto_pass,True,Jaccard ≥ threshold,n/a,n/a,n/a
7253,auto_pass,True,Jaccard ≥ threshold,n/a,n/a,n/a
7254,auto_pass,True,Jaccard ≥ threshold,n/a,n/a,n/a
7255,auto_pass,True,Jaccard ≥ threshold,n/a,n/a,n/a
7256,auto_pass,True,Jaccard ≥ threshold,n/a,n/a,n/a
7257,auto_pass,True,Jaccard ≥ threshold,n/a,n/a,n/a
7258,auto_pass,True,Jaccard ≥ threshold,n/a,n/a,n/a
7262,auto_pass,True,Jaccard ≥ threshold,n/a,n/a,n/a
7263,auto_pass,True,Jaccard ≥ threshold,n/a,n/a,n/a
7264,auto_pass,True,Jaccard ≥ threshold,n/a,n/a,n/a
7266,auto_pass,True,Jaccard ≥ threshold,n/a,n/a,n/a
7270,auto_pass,True,Jaccard ≥ threshold,n/a,n/a,n/a
7273,auto_pass,True,Jaccard ≥ threshold,n/a,n/a,n/a
7274,auto_pass,True,Jaccard ≥ threshold,n/a,n/a,n/a
7276,auto_pass,True,Jaccard ≥ threshold,n/a,n/a,n/a
7278,auto_pass,True,Jaccard ≥ threshold,n/a,n/a,n/a
7279,auto_pass,True,Jaccard ≥ threshold,n/a,n/a,n/a
7288,auto_pass,True,Jaccard ≥ threshold,n/a,n/a,n/a
7290,auto_pass,True,Jaccard ≥ threshold,n/a,n/a,n/a
7293,auto_pass,True,Jaccard ≥ threshold,n/a,n/a,n/a
7295,auto_pass,True,Jaccard ≥ threshold,n/a,n/a,n/a
7296,auto_pass,True,Jaccard ≥ threshold,n/a,n/a,n/a
7298,auto_pass,True,Jaccard ≥ threshold,n/a,n/a,n/a
7299,auto_pass,True,Jaccard ≥ threshold,n/a,n/a,n/a
7300,auto_pass,True,Jaccard ≥ threshold,n/a,n/a,n/a
7301,auto_pass,True,Jaccard ≥ threshold,n/a,n/a,n/a
7303,auto_pass,True,Jaccard ≥ threshold,n/a,n/a,n/a
7304,auto_pass,True,Jaccard ≥ threshold,n/a,n/a,n/a
7305,auto_pass,True,Jaccard ≥ threshold,n/a,n/a,n/a
7306,auto_pass,True,Jaccard ≥ threshold,n/a,n/a,n/a
7309,auto_pass,True,Jaccard ≥ threshold,n/a,n/a,n/a
7310,auto_pass,True,Jaccard ≥ threshold,n/a,n/a,n/a
7311,auto_pass,True,Jaccard ≥ threshold,n/a,n/a,n/a
7312,auto_pass,True,Jaccard ≥ threshold,n/a,n/a,n/a
7313,auto_pass,True,Jaccard ≥ threshold,n/a,n/a,n/a
7314,auto_pass,True,Jaccard ≥ threshold,n/a,n/a,n/a
7315,auto_pass,True,Jaccard ≥ threshold,n/a,n/a,n/a
7317,auto_pass,True,Jaccard ≥ threshold,n/a,n/a,n/a
7318,auto_pass,True,Jaccard ≥ threshold,n/a,n/a,n/a
7320,auto_pass,True,Jaccard ≥ threshold,n/a,n/a,n/a
7321,auto_pass,True,Jaccard ≥ threshold,n/a,n/a,n/a
7322,auto_pass,True,Jaccard ≥ threshold,n/a,n/a,n/a
7323,auto_pass,True,Jaccard ≥ threshold,n/a,n/a,n/a
7324,auto_pass,True,Jaccard ≥ threshold,n/a,n/a,n/a
7325,auto_pass,True,Jaccard ≥ threshold,n/a,n/a,n/a
7328,auto_pass,True,Jaccard ≥ threshold,n/a,n/a,n/a
7329,auto_pass,True,Jaccard ≥ threshold,n/a,n/a,n/a
7332,auto_pass,True,Jaccard ≥ threshold,n/a,n/a,n/a
7334,auto_pass,True,Jaccard ≥ threshold,n/a,n/a,n/a
7335,auto_pass,True,Jaccard ≥ threshold,n/a,n/a,n/a
7336,auto_pass,True,Jaccard ≥ threshold,n/a,n/a,n/a
7338,auto_pass,True,Jaccard ≥ threshold,n/a,n/a,n/a
7340,auto_pass,True,Jaccard ≥ threshold,n/a,n/a,n/a
7341,auto_pass,True,Jaccard ≥ threshold,n/a,n/a,n/a
7342,auto_pass,True,Jaccard ≥ threshold,n/a,n/a,n/a
7343,auto_pass,True,Jaccard ≥ threshold,n/a,n/a,n/a
7344,auto_pass,True,Jaccard ≥ threshold,n/a,n/a,n/a
7345,auto_pass,True,Jaccard ≥ threshold,n/a,n/a,n/a
7346,auto_pass,True,Jaccard ≥ threshold,n/a,n/a,n/a
7347,auto_pass,True,Jaccard ≥ threshold,n/a,n/a,n/a
7348,auto_pass,True,Jaccard ≥ threshold,n/a,n/a,n/a
7350,auto_pass,True,Jaccard ≥ threshold,n/a,n/a,n/a
7351,auto_pass,True,Jaccard ≥ threshold,n/a,n/a,n/a
7352,auto_pass,True,Jaccard ≥ threshold,n/a,n/a,n/a
7353,auto_pass,True,Jaccard ≥ threshold,n/a,n/a,n/a
7356,auto_pass,True,Jaccard ≥ threshold,n/a,n/a,n/a
7357,auto_pass,True,Jaccard ≥ threshold,n/a,n/a,n/a
7361,auto_pass,True,Jaccard ≥ threshold,n/a,n/a,n/a
7362,auto_pass,True,Jaccard ≥ threshold,n/a,n/a,n/a
7363,auto_pass,True,Jaccard ≥ threshold,n/a,n/a,n/a
7364,auto_pass,True,Jaccard ≥ threshold,n/a,n/a,n/a
7365,auto_pass,True,Jaccard ≥ threshold,n/a,n/a,n/a
7366,auto_pass,True,Jaccard ≥ threshold,n/a,n/a,n/a
7367,auto_pass,True,Jaccard ≥ threshold,n/a,n/a,n/a
7368,auto_pass,True,Jaccard ≥ threshold,n/a,n/a,n/a
7369,auto_pass,True,Jaccard ≥ threshold,n/a,n/a,n/a
7370,auto_pass,True,Jaccard ≥ threshold,n/a,n/a,n/a
7371,auto_pass,True,Jaccard ≥ threshold,n/a,n/a,n/a
7372,auto_pass,True,Jaccard ≥ threshold,n/a,n/a,n/a
7375,auto_pass,True,Jaccard ≥ threshold,n/a,n/a,n/a
7376,auto_pass,True,Jaccard ≥ threshold,n/a,n/a,n/a
7377,auto_pass,True,Jaccard ≥ threshold,n/a,n/a,n/a
7380,auto_pass,True,Jaccard ≥ threshold,n/a,n/a,n/a
7381,auto_pass,True,Jaccard ≥ threshold,n/a,n/a,n/a
7382,auto_pass,True,Jaccard ≥ threshold,n/a,n/a,n/a
7384,auto_pass,True,Jaccard ≥ threshold,n/a,n/a,n/a
7386,auto_pass,True,Jaccard ≥ threshold,n/a,n/a,n/a
7388,auto_pass,True,Jaccard ≥ threshold,n/a,n/a,n/a
7390,auto_pass,True,Jaccard ≥ threshold,n/a,n/a,n/a
7391,auto_pass,True,Jaccard ≥ threshold,n/a,n/a,n/a
7394,auto_pass,True,Jaccard ≥ threshold,n/a,n/a,n/a
7395,auto_pass,True,Jaccard ≥ threshold,n/a,n/a,n/a
7396,auto_pass,True,Jaccard ≥ threshold,n/a,n/a,n/a
7397,auto_pass,True,Jaccard ≥ threshold,n/a,n/a,n/a
7398,auto_pass,True,Jaccard ≥ threshold,n/a,n/a,n/a
7399,auto_pass,True,Jaccard ≥ threshold,n/a,n/a,n/a
7400,auto_pass,True,Jaccard ≥ threshold,n/a,n/a,n/a
7403,auto_pass,True,Jaccard ≥ threshold,n/a,n/a,n/a
7404,auto_pass,True,Jaccard ≥ threshold,n/a,n/a,n/a
7405,auto_pass,True,Jaccard ≥ threshold,n/a,n/a,n/a
7406,auto_pass,True,Jaccard ≥ threshold,n/a,n/a,n/a
7408,auto_pass,True,Jaccard ≥ threshold,n/a,n/a,n/a
7410,auto_pass,True,Jaccard ≥ threshold,n/a,n/a,n/a
7411,auto_pass,True,Jaccard ≥ threshold,n/a,n/a,n/a
7412,auto_pass,True,Jaccard ≥ threshold,n/a,n/a,n/a
7413,auto_pass,True,Jaccard ≥ threshold,n/a,n/a,n/a
7414,auto_pass,True,Jaccard ≥ threshold,n/a,n/a,n/a
7415,auto_pass,True,Jaccard ≥ threshold,n/a,n/a,n/a
7416,auto_pass,True,Jaccard ≥ threshold,n/a,n/a,n/a
7417,auto_pass,True,Jaccard ≥ threshold,n/a,n/a,n/a
7418,auto_pass,True,Jaccard ≥ threshold,n/a,n/a,n/a
7419,auto_pass,True,Jaccard ≥ threshold,n/a,n/a,n/a
7420,auto_pass,True,Jaccard ≥ threshold,n/a,n/a,n/a
7421,auto_pass,True,Jaccard ≥ threshold,n/a,n/a,n/a
7424,auto_pass,True,Jaccard ≥ threshold,n/a,n/a,n/a
7425,auto_pass,True,Jaccard ≥ threshold,n/a,n/a,n/a
7426,auto_pass,True,Jaccard ≥ threshold,n/a,n/a,n/a
7427,auto_pass,True,Jaccard ≥ threshold,n/a,n/a,n/a
7428,auto_pass,True,Jaccard ≥ threshold,n/a,n/a,n/a
7429,auto_pass,True,Jaccard ≥ threshold,n/a,n/a,n/a
7430,auto_pass,True,Jaccard ≥ threshold,n/a,n/a,n/a
7431,auto_pass,True,Jaccard ≥ threshold,n/a,n/a,n/a
7432,auto_pass,True,Jaccard ≥ threshold,n/a,n/a,n/a
7433,auto_pass,True,Jaccard ≥ threshold,n/a,n/a,n/a
7435,auto_pass,True,Jaccard ≥ threshold,n/a,n/a,n/a
7436,auto_pass,True,Jaccard ≥ threshold,n/a,n/a,n/a
7437,auto_pass,True,Jaccard ≥ threshold,n/a,n/a,n/a
7439,auto_pass,True,Jaccard ≥ threshold,n/a,n/a,n/a
7440,auto_pass,True,Jaccard ≥ threshold,n/a,n/a,n/a
7441,auto_pass,True,Jaccard ≥ threshold,n/a,n/a,n/a
7442,auto_pass,True,Jaccard ≥ threshold,n/a,n/a,n/a
7443,auto_pass,True,Jaccard ≥ threshold,n/a,n/a,n/a
7445,auto_pass,True,Jaccard ≥ threshold,n/a,n/a,n/a
7446,auto_pass,True,Jaccard ≥ threshold,n/a,n/a,n/a
7447,auto_pass,True,Jaccard ≥ threshold,n/a,n/a,n/a
7448,auto_pass,True,Jaccard ≥ threshold,n/a,n/a,n/a
7449,auto_pass,True,Jaccard ≥ threshold,n/a,n/a,n/a
7452,auto_pass,True,Jaccard ≥ threshold,n/a,n/a,n/a
7453,auto_pass,True,Jaccard ≥ threshold,n/a,n/a,n/a
7456,auto_pass,True,Jaccard ≥ threshold,n/a,n/a,n/a
7457,auto_pass,True,Jaccard ≥ threshold,n/a,n/a,n/a
7458,auto_pass,True,Jaccard ≥ threshold,n/a,n/a,n/a
7460,auto_pass,True,Jaccard ≥ threshold,n/a,n/a,n/a
7461,auto_pass,True,Jaccard ≥ threshold,n/a,n/a,n/a
7463,auto_pass,True,Jaccard ≥ threshold,n/a,n/a,n/a
7464,auto_pass,True,Jaccard ≥ threshold,n/a,n/a,n/a
7465,auto_pass,True,Jaccard ≥ threshold,n/a,n/a,n/a
7466,auto_pass,True,Jaccard ≥ threshold,n/a,n/a,n/a
7467,auto_pass,True,Jaccard ≥ threshold,n/a,n/a,n/a
7468,auto_pass,True,Jaccard ≥ threshold,n/a,n/a,n/a
7470,auto_pass,True,Jaccard ≥ threshold,n/a,n/a,n/a
7474,auto_pass,True,Jaccard ≥ threshold,n/a,n/a,n/a
7477,auto_pass,True,Jaccard ≥ threshold,n/a,n/a,n/a
7478,auto_pass,True,Jaccard ≥ threshold,n/a,n/a,n/a
7479,auto_pass,True,Jaccard ≥ threshold,n/a,n/a,n/a
7480,auto_pass,True,Jaccard ≥ threshold,n/a,n/a,n/a
7481,auto_pass,True,Jaccard ≥ threshold,n/a,n/a,n/a
7482,auto_pass,True,Jaccard ≥ threshold,n/a,n/a,n/a
7483,auto_pass,True,Jaccard ≥ threshold,n/a,n/a,n/a
7488,auto_pass,True,Jaccard ≥ threshold,n/a,n/a,n/a
7489,auto_pass,True,Jaccard ≥ threshold,n/a,n/a,n/a
7492,auto_pass,True,Jaccard ≥ threshold,n/a,n/a,n/a
7493,auto_pass,True,Jaccard ≥ threshold,n/a,n/a,n/a
7494,auto_pass,True,Jaccard ≥ threshold,n/a,n/a,n/a
7499,auto_pass,True,Jaccard ≥ threshold,n/a,n/a,n/a
7500,auto_pass,True,Jaccard ≥ threshold,n/a,n/a,n/a
7502,auto_pass,True,Jaccard ≥ threshold,n/a,n/a,n/a
7503,auto_pass,True,Jaccard ≥ threshold,n/a,n/a,n/a
7505,auto_pass,True,Jaccard ≥ threshold,n/a,n/a,n/a
7506,auto_pass,True,Jaccard ≥ threshold,n/a,n/a,n/a
7507,auto_pass,True,Jaccard ≥ threshold,n/a,n/a,n/a
7508,auto_pass,True,Jaccard ≥ threshold,n/a,n/a,n/a
7509,auto_pass,True,Jaccard ≥ threshold,n/a,n/a,n/a
7510,auto_pass,True,Jaccard ≥ threshold,n/a,n/a,n/a
7511,auto_pass,True,Jaccard ≥ threshold,n/a,n/a,n/a
7512,auto_pass,True,Jaccard ≥ threshold,n/a,n/a,n/a
7513,auto_pass,True,Jaccard ≥ threshold,n/a,n/a,n/a
7514,auto_pass,True,Jaccard ≥ threshold,n/a,n/a,n/a
7515,auto_pass,True,Jaccard ≥ threshold,n/a,n/a,n/a
7517,auto_pass,True,Jaccard ≥ threshold,n/a,n/a,n/a
7519,auto_pass,True,Jaccard ≥ threshold,n/a,n/a,n/a
7520,auto_pass,True,Jaccard ≥ threshold,n/a,n/a,n/a
7521,auto_pass,True,Jaccard ≥ threshold,n/a,n/a,n/a
7524,auto_pass,True,Jaccard ≥ threshold,n/a,n/a,n/a
7525,auto_pass,True,Jaccard ≥ threshold,n/a,n/a,n/a
7526,auto_pass,True,Jaccard ≥ threshold,n/a,n/a,n/a
7528,auto_pass,True,Jaccard ≥ threshold,n/a,n/a,n/a
7529,auto_pass,True,Jaccard ≥ threshold,n/a,n/a,n/a
7530,auto_pass,True,Jaccard ≥ threshold,n/a,n/a,n/a
7531,auto_pass,True,Jaccard ≥ threshold,n/a,n/a,n/a
7532,auto_pass,True,Jaccard ≥ threshold,n/a,n/a,n/a
7533,auto_pass,True,Jaccard ≥ threshold,n/a,n/a,n/a
7534,auto_pass,True,Jaccard ≥ threshold,n/a,n/a,n/a
7535,auto_pass,True,Jaccard ≥ threshold,n/a,n/a,n/a
7537,auto_pass,True,Jaccard ≥ threshold,n/a,n/a,n/a
7538,auto_pass,True,Jaccard ≥ threshold,n/a,n/a,n/a
7548,auto_pass,True,Jaccard ≥ threshold,n/a,n/a,n/a
7549,auto_pass,True,Jaccard ≥ threshold,n/a,n/a,n/a
7553,auto_pass,True,Jaccard ≥ threshold,n/a,n/a,n/a
7556,auto_pass,True,Jaccard ≥ threshold,n/a,n/a,n/a
7557,auto_pass,True,Jaccard ≥ threshold,n/a,n/a,n/a
7560,auto_pass,True,Jaccard ≥ threshold,n/a,n/a,n/a
7569,auto_pass,True,Jaccard ≥ threshold,n/a,n/a,n/a
7572,auto_pass,True,Jaccard ≥ threshold,n/a,n/a,n/a
7573,auto_pass,True,Jaccard ≥ threshold,n/a,n/a,n/a
7574,auto_pass,True,Jaccard ≥ threshold,n/a,n/a,n/a
7579,auto_pass,True,Jaccard ≥ threshold,n/a,n/a,n/a
7581,auto_pass,True,Jaccard ≥ threshold,n/a,n/a,n/a
7584,auto_pass,True,Jaccard ≥ threshold,n/a,n/a,n/a
7585,auto_pass,True,Jaccard ≥ threshold,n/a,n/a,n/a
7586,auto_pass,True,Jaccard ≥ threshold,n/a,n/a,n/a
7587,auto_pass,True,Jaccard ≥ threshold,n/a,n/a,n/a
7588,auto_pass,True,Jaccard ≥ threshold,n/a,n/a,n/a
7589,auto_pass,True,Jaccard ≥ threshold,n/a,n/a,n/a
7591,auto_pass,True,Jaccard ≥ threshold,n/a,n/a,n/a
7592,auto_pass,True,Jaccard ≥ threshold,n/a,n/a,n/a
7593,auto_pass,True,Jaccard ≥ threshold,n/a,n/a,n/a
7594,auto_pass,True,Jaccard ≥ threshold,n/a,n/a,n/a
7595,auto_pass,True,Jaccard ≥ threshold,n/a,n/a,n/a
7596,auto_pass,True,Jaccard ≥ threshold,n/a,n/a,n/a
7597,auto_pass,True,Jaccard ≥ threshold,n/a,n/a,n/a
7598,auto_pass,True,Jaccard ≥ threshold,n/a,n/a,n/a
7599,auto_pass,True,Jaccard ≥ threshold,n/a,n/a,n/a
7600,auto_pass,True,Jaccard ≥ threshold,n/a,n/a,n/a
7602,auto_pass,True,Jaccard ≥ threshold,n/a,n/a,n/a
7603,auto_pass,True,Jaccard ≥ threshold,n/a,n/a,n/a
7604,auto_pass,True,Jaccard ≥ threshold,n/a,n/a,n/a
7605,auto_pass,True,Jaccard ≥ threshold,n/a,n/a,n/a
7606,auto_pass,True,Jaccard ≥ threshold,n/a,n/a,n/a
7608,auto_pass,True,Jaccard ≥ threshold,n/a,n/a,n/a
7612,auto_pass,True,Jaccard ≥ threshold,n/a,n/a,n/a
7613,auto_pass,True,Jaccard ≥ threshold,n/a,n/a,n/a
7614,auto_pass,True,Jaccard ≥ threshold,n/a,n/a,n/a
7615,auto_pass,True,Jaccard ≥ threshold,n/a,n/a,n/a
7616,auto_pass,True,Jaccard ≥ threshold,n/a,n/a,n/a
7617,auto_pass,True,Jaccard ≥ threshold,n/a,n/a,n/a
7618,auto_pass,True,Jaccard ≥ threshold,n/a,n/a,n/a
7619,auto_pass,True,Jaccard ≥ threshold,n/a,n/a,n/a
7620,auto_pass,True,Jaccard ≥ threshold,n/a,n/a,n/a
7621,auto_pass,True,Jaccard ≥ threshold,n/a,n/a,n/a
7622,auto_pass,True,Jaccard ≥ threshold,n/a,n/a,n/a
7623,auto_pass,True,Jaccard ≥ threshold,n/a,n/a,n/a
7625,auto_pass,True,Jaccard ≥ threshold,n/a,n/a,n/a
7627,auto_pass,True,Jaccard ≥ threshold,n/a,n/a,n/a
7628,auto_pass,True,Jaccard ≥ threshold,n/a,n/a,n/a
7629,auto_pass,True,Jaccard ≥ threshold,n/a,n/a,n/a
7630,auto_pass,True,Jaccard ≥ threshold,n/a,n/a,n/a
7633,auto_pass,True,Jaccard ≥ threshold,n/a,n/a,n/a
7634,auto_pass,True,Jaccard ≥ threshold,n/a,n/a,n/a
7635,auto_pass,True,Jaccard ≥ threshold,n/a,n/a,n/a
7636,auto_pass,True,Jaccard ≥ threshold,n/a,n/a,n/a
7637,auto_pass,True,Jaccard ≥ threshold,n/a,n/a,n/a
7638,auto_pass,True,Jaccard ≥ threshold,n/a,n/a,n/a
7639,auto_pass,True,Jaccard ≥ threshold,n/a,n/a,n/a
7640,auto_pass,True,Jaccard ≥ threshold,n/a,n/a,n/a
7641,auto_pass,True,Jaccard ≥ threshold,n/a,n/a,n/a
7642,auto_pass,True,Jaccard ≥ threshold,n/a,n/a,n/a
7643,auto_pass,True,Jaccard ≥ threshold,n/a,n/a,n/a
7645,auto_pass,True,Jaccard ≥ threshold,n/a,n/a,n/a
7647,auto_pass,True,Jaccard ≥ threshold,n/a,n/a,n/a
7648,auto_pass,True,Jaccard ≥ threshold,n/a,n/a,n/a
7650,auto_pass,True,Jaccard ≥ threshold,n/a,n/a,n/a
7651,auto_pass,True,Jaccard ≥ threshold,n/a,n/a,n/a
7652,auto_pass,True,Jaccard ≥ threshold,n/a,n/a,n/a
7653,auto_pass,True,Jaccard ≥ threshold,n/a,n/a,n/a
7655,auto_pass,True,Jaccard ≥ threshold,n/a,n/a,n/a
7656,auto_pass,True,Jaccard ≥ threshold,n/a,n/a,n/a
7657,auto_pass,True,Jaccard ≥ threshold,n/a,n/a,n/a
7658,auto_pass,True,Jaccard ≥ threshold,n/a,n/a,n/a
7659,auto_pass,True,Jaccard ≥ threshold,n/a,n/a,n/a
7660,auto_pass,True,Jaccard ≥ threshold,n/a,n/a,n/a
7661,auto_pass,True,Jaccard ≥ threshold,n/a,n/a,n/a
7662,auto_pass,True,Jaccard ≥ threshold,n/a,n/a,n/a
7663,auto_pass,True,Jaccard ≥ threshold,n/a,n/a,n/a
7668,auto_pass,True,Jaccard ≥ threshold,n/a,n/a,n/a
7669,auto_pass,True,Jaccard ≥ threshold,n/a,n/a,n/a
7670,auto_pass,True,Jaccard ≥ threshold,n/a,n/a,n/a
7671,auto_pass,True,Jaccard ≥ threshold,n/a,n/a,n/a
7673,auto_pass,True,Jaccard ≥ threshold,n/a,n/a,n/a
7678,auto_pass,True,Jaccard ≥ threshold,n/a,n/a,n/a
7680,auto_pass,True,Jaccard ≥ threshold,n/a,n/a,n/a
7681,auto_pass,True,Jaccard ≥ threshold,n/a,n/a,n/a
7682,auto_pass,True,Jaccard ≥ threshold,n/a,n/a,n/a
7683,auto_pass,True,Jaccard ≥ threshold,n/a,n/a,n/a
7684,auto_pass,True,Jaccard ≥ threshold,n/a,n/a,n/a
7685,auto_pass,True,Jaccard ≥ threshold,n/a,n/a,n/a
7686,auto_pass,True,Jaccard ≥ threshold,n/a,n/a,n/a
7687,auto_pass,True,Jaccard ≥ threshold,n/a,n/a,n/a
7688,auto_pass,True,Jaccard ≥ threshold,n/a,n/a,n/a
7689,auto_pass,True,Jaccard ≥ threshold,n/a,n/a,n/a
7691,auto_pass,True,Jaccard ≥ threshold,n/a,n/a,n/a
7692,auto_pass,True,Jaccard ≥ threshold,n/a,n/a,n/a
7693,auto_pass,True,Jaccard ≥ threshold,n/a,n/a,n/a
7695,auto_pass,True,Jaccard ≥ threshold,n/a,n/a,n/a
7697,auto_pass,True,Jaccard ≥ threshold,n/a,n/a,n/a
7698,auto_pass,True,Jaccard ≥ threshold,n/a,n/a,n/a
7699,auto_pass,True,Jaccard ≥ threshold,n/a,n/a,n/a
7700,auto_pass,True,Jaccard ≥ threshold,n/a,n/a,n/a
7701,auto_pass,True,Jaccard ≥ threshold,n/a,n/a,n/a
7704,auto_pass,True,Jaccard ≥ threshold,n/a,n/a,n/a
7705,auto_pass,True,Jaccard ≥ threshold,n/a,n/a,n/a
7706,auto_pass,True,Jaccard ≥ threshold,n/a,n/a,n/a
7707,auto_pass,True,Jaccard ≥ threshold,n/a,n/a,n/a
7708,auto_pass,True,Jaccard ≥ threshold,n/a,n/a,n/a
7709,auto_pass,True,Jaccard ≥ threshold,n/a,n/a,n/a
7711,auto_pass,True,Jaccard ≥ threshold,n/a,n/a,n/a
7712,auto_pass,True,Jaccard ≥ threshold,n/a,n/a,n/a
7713,auto_pass,True,Jaccard ≥ threshold,n/a,n/a,n/a
7714,auto_pass,True,Jaccard ≥ threshold,n/a,n/a,n/a
7715,auto_pass,True,Jaccard ≥ threshold,n/a,n/a,n/a
7716,auto_pass,True,Jaccard ≥ threshold,n/a,n/a,n/a
7717,auto_pass,True,Jaccard ≥ threshold,n/a,n/a,n/a
7718,auto_pass,True,Jaccard ≥ threshold,n/a,n/a,n/a
7719,auto_pass,True,Jaccard ≥ threshold,n/a,n/a,n/a
7720,auto_pass,True,Jaccard ≥ threshold,n/a,n/a,n/a
7724,auto_pass,True,Jaccard ≥ threshold,n/a,n/a,n/a
7725,auto_pass,True,Jaccard ≥ threshold,n/a,n/a,n/a
7727,auto_pass,True,Jaccard ≥ threshold,n/a,n/a,n/a
7728,auto_pass,True,Jaccard ≥ threshold,n/a,n/a,n/a
7732,auto_pass,True,Jaccard ≥ threshold,n/a,n/a,n/a
7734,auto_pass,True,Jaccard ≥ threshold,n/a,n/a,n/a
7736,auto_pass,True,Jaccard ≥ threshold,n/a,n/a,n/a
7739,auto_pass,True,Jaccard ≥ threshold,n/a,n/a,n/a
7740,auto_pass,True,Jaccard ≥ threshold,n/a,n/a,n/a
7741,auto_pass,True,Jaccard ≥ threshold,n/a,n/a,n/a
7742,auto_pass,True,Jaccard ≥ threshold,n/a,n/a,n/a
7743,auto_pass,True,Jaccard ≥ threshold,n/a,n/a,n/a
7744,auto_pass,True,Jaccard ≥ threshold,n/a,n/a,n/a
7747,auto_pass,True,Jaccard ≥ threshold,n/a,n/a,n/a
7748,auto_pass,True,Jaccard ≥ threshold,n/a,n/a,n/a
7749,auto_pass,True,Jaccard ≥ threshold,n/a,n/a,n/a
7750,auto_pass,True,Jaccard ≥ threshold,n/a,n/a,n/a
7751,auto_pass,True,Jaccard ≥ threshold,n/a,n/a,n/a
7754,auto_pass,True,Jaccard ≥ threshold,n/a,n/a,n/a
7756,auto_pass,True,Jaccard ≥ threshold,n/a,n/a,n/a
7758,auto_pass,True,Jaccard ≥ threshold,n/a,n/a,n/a
7759,auto_pass,True,Jaccard ≥ threshold,n/a,n/a,n/a
7761,auto_pass,True,Jaccard ≥ threshold,n/a,n/a,n/a
7765,auto_pass,True,Jaccard ≥ threshold,n/a,n/a,n/a
7767,auto_pass,True,Jaccard ≥ threshold,n/a,n/a,n/a
7768,auto_pass,True,Jaccard ≥ threshold,n/a,n/a,n/a
7769,auto_pass,True,Jaccard ≥ threshold,n/a,n/a,n/a
7770,auto_pass,True,Jaccard ≥ threshold,n/a,n/a,n/a
7771,auto_pass,True,Jaccard ≥ threshold,n/a,n/a,n/a
7772,auto_pass,True,Jaccard ≥ threshold,n/a,n/a,n/a
7773,auto_pass,True,Jaccard ≥ threshold,n/a,n/a,n/a
7774,auto_pass,True,Jaccard ≥ threshold,n/a,n/a,n/a
7776,auto_pass,True,Jaccard ≥ threshold,n/a,n/a,n/a
7777,auto_pass,True,Jaccard ≥ threshold,n/a,n/a,n/a
7778,auto_pass,True,Jaccard ≥ threshold,n/a,n/a,n/a
7780,auto_pass,True,Jaccard ≥ threshold,n/a,n/a,n/a
7782,auto_pass,True,Jaccard ≥ threshold,n/a,n/a,n/a
7786,auto_pass,True,Jaccard ≥ threshold,n/a,n/a,n/a
7788,auto_pass,True,Jaccard ≥ threshold,n/a,n/a,n/a
7789,auto_pass,True,Jaccard ≥ threshold,n/a,n/a,n/a
7790,auto_pass,True,Jaccard ≥ threshold,n/a,n/a,n/a
7791,auto_pass,True,Jaccard ≥ threshold,n/a,n/a,n/a
7793,auto_pass,True,Jaccard ≥ threshold,n/a,n/a,n/a
7794,auto_pass,True,Jaccard ≥ threshold,n/a,n/a,n/a
7797,auto_pass,True,Jaccard ≥ threshold,n/a,n/a,n/a
7798,auto_pass,True,Jaccard ≥ threshold,n/a,n/a,n/a
7799,auto_pass,True,Jaccard ≥ threshold,n/a,n/a,n/a
7801,auto_pass,True,Jaccard ≥ threshold,n/a,n/a,n/a
7803,auto_pass,True,Jaccard ≥ threshold,n/a,n/a,n/a
7804,auto_pass,True,Jaccard ≥ threshold,n/a,n/a,n/a
7806,auto_pass,True,Jaccard ≥ threshold,n/a,n/a,n/a
7808,auto_pass,True,Jaccard ≥ threshold,n/a,n/a,n/a
7809,auto_pass,True,Jaccard ≥ threshold,n/a,n/a,n/a
7812,auto_pass,True,Jaccard ≥ threshold,n/a,n/a,n/a
7813,auto_pass,True,Jaccard ≥ threshold,n/a,n/a,n/a
7815,auto_pass,True,Jaccard ≥ threshold,n/a,n/a,n/a
7818,auto_pass,True,Jaccard ≥ threshold,n/a,n/a,n/a
7819,auto_pass,True,Jaccard ≥ threshold,n/a,n/a,n/a
7821,auto_pass,True,Jaccard ≥ threshold,n/a,n/a,n/a
7822,auto_pass,True,Jaccard ≥ threshold,n/a,n/a,n/a
7823,auto_pass,True,Jaccard ≥ threshold,n/a,n/a,n/a
7824,auto_pass,True,Jaccard ≥ threshold,n/a,n/a,n/a
7825,auto_pass,True,Jaccard ≥ threshold,n/a,n/a,n/a
7827,auto_pass,True,Jaccard ≥ threshold,n/a,n/a,n/a
7829,auto_pass,True,Jaccard ≥ threshold,n/a,n/a,n/a
7830,auto_pass,True,Jaccard ≥ threshold,n/a,n/a,n/a
7831,auto_pass,True,Jaccard ≥ threshold,n/a,n/a,n/a
7832,auto_pass,True,Jaccard ≥ threshold,n/a,n/a,n/a
7833,auto_pass,True,Jaccard ≥ threshold,n/a,n/a,n/a
7834,auto_pass,True,Jaccard ≥ threshold,n/a,n/a,n/a
7835,auto_pass,True,Jaccard ≥ threshold,n/a,n/a,n/a
7837,auto_pass,True,Jaccard ≥ threshold,n/a,n/a,n/a
7838,auto_pass,True,Jaccard ≥ threshold,n/a,n/a,n/a
7839,auto_pass,True,Jaccard ≥ threshold,n/a,n/a,n/a
7840,auto_pass,True,Jaccard ≥ threshold,n/a,n/a,n/a
7841,auto_pass,True,Jaccard ≥ threshold,n/a,n/a,n/a
7842,auto_pass,True,Jaccard ≥ threshold,n/a,n/a,n/a
7843,auto_pass,True,Jaccard ≥ threshold,n/a,n/a,n/a
7844,auto_pass,True,Jaccard ≥ threshold,n/a,n/a,n/a
7845,auto_pass,True,Jaccard ≥ threshold,n/a,n/a,n/a
7846,auto_pass,True,Jaccard ≥ threshold,n/a,n/a,n/a
7848,auto_pass,True,Jaccard ≥ threshold,n/a,n/a,n/a
7849,auto_pass,True,Jaccard ≥ threshold,n/a,n/a,n/a
7851,auto_pass,True,Jaccard ≥ threshold,n/a,n/a,n/a
7853,auto_pass,True,Jaccard ≥ threshold,n/a,n/a,n/a
7854,auto_pass,True,Jaccard ≥ threshold,n/a,n/a,n/a
7855,auto_pass,True,Jaccard ≥ threshold,n/a,n/a,n/a
7856,auto_pass,True,Jaccard ≥ threshold,n/a,n/a,n/a
7858,auto_pass,True,Jaccard ≥ threshold,n/a,n/a,n/a
7861,auto_pass,True,Jaccard ≥ threshold,n/a,n/a,n/a
7863,auto_pass,True,Jaccard ≥ threshold,n/a,n/a,n/a
7865,auto_pass,True,Jaccard ≥ threshold,n/a,n/a,n/a
7866,auto_pass,True,Jaccard ≥ threshold,n/a,n/a,n/a
7867,auto_pass,True,Jaccard ≥ threshold,n/a,n/a,n/a
7870,auto_pass,True,Jaccard ≥ threshold,n/a,n/a,n/a
7871,auto_pass,True,Jaccard ≥ threshold,n/a,n/a,n/a
7872,auto_pass,True,Jaccard ≥ threshold,n/a,n/a,n/a
7874,auto_pass,True,Jaccard ≥ threshold,n/a,n/a,n/a
7875,auto_pass,True,Jaccard ≥ threshold,n/a,n/a,n/a
7876,auto_pass,True,Jaccard ≥ threshold,n/a,n/a,n/a
7877,auto_pass,True,Jaccard ≥ threshold,n/a,n/a,n/a
7878,auto_pass,True,Jaccard ≥ threshold,n/a,n/a,n/a
7881,auto_pass,True,Jaccard ≥ threshold,n/a,n/a,n/a
7882,auto_pass,True,Jaccard ≥ threshold,n/a,n/a,n/a
7883,auto_pass,True,Jaccard ≥ threshold,n/a,n/a,n/a
7884,auto_pass,True,Jaccard ≥ threshold,n/a,n/a,n/a
7885,auto_pass,True,Jaccard ≥ threshold,n/a,n/a,n/a
7886,auto_pass,True,Jaccard ≥ threshold,n/a,n/a,n/a
7887,auto_pass,True,Jaccard ≥ threshold,n/a,n/a,n/a
7888,auto_pass,True,Jaccard ≥ threshold,n/a,n/a,n/a
7889,auto_pass,True,Jaccard ≥ threshold,n/a,n/a,n/a
7890,auto_pass,True,Jaccard ≥ threshold,n/a,n/a,n/a
7891,auto_pass,True,Jaccard ≥ threshold,n/a,n/a,n/a
7893,auto_pass,True,Jaccard ≥ threshold,n/a,n/a,n/a
7894,auto_pass,True,Jaccard ≥ threshold,n/a,n/a,n/a
7897,auto_pass,True,Jaccard ≥ threshold,n/a,n/a,n/a
7898,auto_pass,True,Jaccard ≥ threshold,n/a,n/a,n/a
7899,auto_pass,True,Jaccard ≥ threshold,n/a,n/a,n/a
7900,auto_pass,True,Jaccard ≥ threshold,n/a,n/a,n/a
7902,auto_pass,True,Jaccard ≥ threshold,n/a,n/a,n/a
7903,auto_pass,True,Jaccard ≥ threshold,n/a,n/a,n/a
7904,auto_pass,True,Jaccard ≥ threshold,n/a,n/a,n/a
7907,auto_pass,True,Jaccard ≥ threshold,n/a,n/a,n/a
7908,auto_pass,True,Jaccard ≥ threshold,n/a,n/a,n/a
7909,auto_pass,True,Jaccard ≥ threshold,n/a,n/a,n/a
7910,auto_pass,True,Jaccard ≥ threshold,n/a,n/a,n/a
7912,auto_pass,True,Jaccard ≥ threshold,n/a,n/a,n/a
7913,auto_pass,True,Jaccard ≥ threshold,n/a,n/a,n/a
7914,auto_pass,True,Jaccard ≥ threshold,n/a,n/a,n/a
7915,auto_pass,True,Jaccard ≥ threshold,n/a,n/a,n/a
7916,auto_pass,True,Jaccard ≥ threshold,n/a,n/a,n/a
7917,auto_pass,True,Jaccard ≥ threshold,n/a,n/a,n/a
7918,auto_pass,True,Jaccard ≥ threshold,n/a,n/a,n/a
7920,auto_pass,True,Jaccard ≥ threshold,n/a,n/a,n/a
7921,auto_pass,True,Jaccard ≥ threshold,n/a,n/a,n/a
7922,auto_pass,True,Jaccard ≥ threshold,n/a,n/a,n/a
7923,auto_pass,True,Jaccard ≥ threshold,n/a,n/a,n/a
7924,auto_pass,True,Jaccard ≥ threshold,n/a,n/a,n/a
7925,auto_pass,True,Jaccard ≥ threshold,n/a,n/a,n/a
7927,auto_pass,True,Jaccard ≥ threshold,n/a,n/a,n/a
7928,auto_pass,True,Jaccard ≥ threshold,n/a,n/a,n/a
7929,auto_pass,True,Jaccard ≥ threshold,n/a,n/a,n/a
7931,auto_pass,True,Jaccard ≥ threshold,n/a,n/a,n/a
7932,auto_pass,True,Jaccard ≥ threshold,n/a,n/a,n/a
7934,auto_pass,True,Jaccard ≥ threshold,n/a,n/a,n/a
7936,auto_pass,True,Jaccard ≥ threshold,n/a,n/a,n/a
7937,auto_pass,True,Jaccard ≥ threshold,n/a,n/a,n/a
7939,auto_pass,True,Jaccard ≥ threshold,n/a,n/a,n/a
7940,auto_pass,True,Jaccard ≥ threshold,n/a,n/a,n/a
7943,auto_pass,True,Jaccard ≥ threshold,n/a,n/a,n/a
7944,auto_pass,True,Jaccard ≥ threshold,n/a,n/a,n/a
7945,auto_pass,True,Jaccard ≥ threshold,n/a,n/a,n/a
7946,auto_pass,True,Jaccard ≥ threshold,n/a,n/a,n/a
7947,auto_pass,True,Jaccard ≥ threshold,n/a,n/a,n/a
7949,auto_pass,True,Jaccard ≥ threshold,n/a,n/a,n/a
7950,auto_pass,True,Jaccard ≥ threshold,n/a,n/a,n/a
7951,auto_pass,True,Jaccard ≥ threshold,n/a,n/a,n/a
7952,auto_pass,True,Jaccard ≥ threshold,n/a,n/a,n/a
7953,auto_pass,True,Jaccard ≥ threshold,n/a,n/a,n/a
7955,auto_pass,True,Jaccard ≥ threshold,n/a,n/a,n/a
7956,auto_pass,True,Jaccard ≥ threshold,n/a,n/a,n/a
7957,auto_pass,True,Jaccard ≥ threshold,n/a,n/a,n/a
7960,auto_pass,True,Jaccard ≥ threshold,n/a,n/a,n/a
7961,auto_pass,True,Jaccard ≥ threshold,n/a,n/a,n/a
7962,auto_pass,True,Jaccard ≥ threshold,n/a,n/a,n/a
7963,auto_pass,True,Jaccard ≥ threshold,n/a,n/a,n/a
7965,auto_pass,True,Jaccard ≥ threshold,n/a,n/a,n/a
7966,auto_pass,True,Jaccard ≥ threshold,n/a,n/a,n/a
7967,auto_pass,True,Jaccard ≥ threshold,n/a,n/a,n/a
7968,auto_pass,True,Jaccard ≥ threshold,n/a,n/a,n/a
7970,auto_pass,True,Jaccard ≥ threshold,n/a,n/a,n/a
7971,auto_pass,True,Jaccard ≥ threshold,n/a,n/a,n/a
7972,auto_pass,True,Jaccard ≥ threshold,n/a,n/a,n/a
7973,auto_pass,True,Jaccard ≥ threshold,n/a,n/a,n/a
7974,auto_pass,True,Jaccard ≥ threshold,n/a,n/a,n/a
7975,auto_pass,True,Jaccard ≥ threshold,n/a,n/a,n/a
7976,auto_pass,True,Jaccard ≥ threshold,n/a,n/a,n/a
7977,auto_pass,True,Jaccard ≥ threshold,n/a,n/a,n/a
7978,auto_pass,True,Jaccard ≥ threshold,n/a,n/a,n/a
7979,auto_pass,True,Jaccard ≥ threshold,n/a,n/a,n/a
7981,auto_pass,True,Jaccard ≥ threshold,n/a,n/a,n/a
7982,auto_pass,True,Jaccard ≥ threshold,n/a,n/a,n/a
7984,auto_pass,True,Jaccard ≥ threshold,n/a,n/a,n/a
7985,auto_pass,True,Jaccard ≥ threshold,n/a,n/a,n/a
7986,auto_pass,True,Jaccard ≥ threshold,n/a,n/a,n/a
7987,auto_pass,True,Jaccard ≥ threshold,n/a,n/a,n/a
7988,auto_pass,True,Jaccard ≥ threshold,n/a,n/a,n/a
7989,auto_pass,True,Jaccard ≥ threshold,n/a,n/a,n/a
7991,auto_pass,True,Jaccard ≥ threshold,n/a,n/a,n/a
7993,auto_pass,True,Jaccard ≥ threshold,n/a,n/a,n/a
7995,auto_pass,True,Jaccard ≥ threshold,n/a,n/a,n/a
7997,auto_pass,True,Jaccard ≥ threshold,n/a,n/a,n/a
7998,auto_pass,True,Jaccard ≥ threshold,n/a,n/a,n/a
8000,auto_pass,True,Jaccard ≥ threshold,n/a,n/a,n/a
8002,auto_pass,True,Jaccard ≥ threshold,n/a,n/a,n/a
8004,auto_pass,True,Jaccard ≥ threshold,n/a,n/a,n/a
8005,auto_pass,True,Jaccard ≥ threshold,n/a,n/a,n/a
8007,auto_pass,True,Jaccard ≥ threshold,n/a,n/a,n/a
8008,auto_pass,True,Jaccard ≥ threshold,n/a,n/a,n/a
8009,auto_pass,True,Jaccard ≥ threshold,n/a,n/a,n/a
8013,auto_pass,True,Jaccard ≥ threshold,n/a,n/a,n/a
8015,auto_pass,True,Jaccard ≥ threshold,n/a,n/a,n/a
8017,auto_pass,True,Jaccard ≥ threshold,n/a,n/a,n/a
8018,auto_pass,True,Jaccard ≥ threshold,n/a,n/a,n/a
8019,auto_pass,True,Jaccard ≥ threshold,n/a,n/a,n/a
8020,auto_pass,True,Jaccard ≥ threshold,n/a,n/a,n/a
8021,auto_pass,True,Jaccard ≥ threshold,n/a,n/a,n/a
8025,auto_pass,True,Jaccard ≥ threshold,n/a,n/a,n/a
8026,auto_pass,True,Jaccard ≥ threshold,n/a,n/a,n/a
8027,auto_pass,True,Jaccard ≥ threshold,n/a,n/a,n/a
8028,auto_pass,True,Jaccard ≥ threshold,n/a,n/a,n/a
8029,auto_pass,True,Jaccard ≥ threshold,n/a,n/a,n/a
8030,auto_pass,True,Jaccard ≥ threshold,n/a,n/a,n/a
8031,auto_pass,True,Jaccard ≥ threshold,n/a,n/a,n/a
8032,auto_pass,True,Jaccard ≥ threshold,n/a,n/a,n/a
8035,auto_pass,True,Jaccard ≥ threshold,n/a,n/a,n/a
8036,auto_pass,True,Jaccard ≥ threshold,n/a,n/a,n/a
8037,auto_pass,True,Jaccard ≥ threshold,n/a,n/a,n/a
8038,auto_pass,True,Jaccard ≥ threshold,n/a,n/a,n/a
8040,auto_pass,True,Jaccard ≥ threshold,n/a,n/a,n/a
8041,auto_pass,True,Jaccard ≥ threshold,n/a,n/a,n/a
8042,auto_pass,True,Jaccard ≥ threshold,n/a,n/a,n/a
8043,auto_pass,True,Jaccard ≥ threshold,n/a,n/a,n/a
8046,auto_pass,True,Jaccard ≥ threshold,n/a,n/a,n/a
8047,auto_pass,True,Jaccard ≥ threshold,n/a,n/a,n/a
8048,auto_pass,True,Jaccard ≥ threshold,n/a,n/a,n/a
8049,auto_pass,True,Jaccard ≥ threshold,n/a,n/a,n/a
8051,auto_pass,True,Jaccard ≥ threshold,n/a,n/a,n/a
8052,auto_pass,True,Jaccard ≥ threshold,n/a,n/a,n/a
8053,auto_pass,True,Jaccard ≥ threshold,n/a,n/a,n/a
8054,auto_pass,True,Jaccard ≥ threshold,n/a,n/a,n/a
8056,auto_pass,True,Jaccard ≥ threshold,n/a,n/a,n/a
8057,auto_pass,True,Jaccard ≥ threshold,n/a,n/a,n/a
8058,auto_pass,True,Jaccard ≥ threshold,n/a,n/a,n/a
8059,auto_pass,True,Jaccard ≥ threshold,n/a,n/a,n/a
8060,auto_pass,True,Jaccard ≥ threshold,n/a,n/a,n/a
8062,auto_pass,True,Jaccard ≥ threshold,n/a,n/a,n/a
8063,auto_pass,True,Jaccard ≥ threshold,n/a,n/a,n/a
8065,auto_pass,True,Jaccard ≥ threshold,n/a,n/a,n/a
8067,auto_pass,True,Jaccard ≥ threshold,n/a,n/a,n/a
8070,auto_pass,True,Jaccard ≥ threshold,n/a,n/a,n/a
8073,auto_pass,True,Jaccard ≥ threshold,n/a,n/a,n/a
8074,auto_pass,True,Jaccard ≥ threshold,n/a,n/a,n/a
8076,auto_pass,True,Jaccard ≥ threshold,n/a,n/a,n/a
8077,auto_pass,True,Jaccard ≥ threshold,n/a,n/a,n/a
8078,auto_pass,True,Jaccard ≥ threshold,n/a,n/a,n/a
8080,auto_pass,True,Jaccard ≥ threshold,n/a,n/a,n/a
8081,auto_pass,True,Jaccard ≥ threshold,n/a,n/a,n/a
8082,auto_pass,True,Jaccard ≥ threshold,n/a,n/a,n/a
8084,auto_pass,True,Jaccard ≥ threshold,n/a,n/a,n/a
8085,auto_pass,True,Jaccard ≥ threshold,n/a,n/a,n/a
8086,auto_pass,True,Jaccard ≥ threshold,n/a,n/a,n/a
8087,auto_pass,True,Jaccard ≥ threshold,n/a,n/a,n/a
8089,auto_pass,True,Jaccard ≥ threshold,n/a,n/a,n/a
8092,auto_pass,True,Jaccard ≥ threshold,n/a,n/a,n/a
8097,auto_pass,True,Jaccard ≥ threshold,n/a,n/a,n/a
8098,auto_pass,True,Jaccard ≥ threshold,n/a,n/a,n/a
8099,auto_pass,True,Jaccard ≥ threshold,n/a,n/a,n/a
8101,auto_pass,True,Jaccard ≥ threshold,n/a,n/a,n/a
8102,auto_pass,True,Jaccard ≥ threshold,n/a,n/a,n/a
8104,auto_pass,True,Jaccard ≥ threshold,n/a,n/a,n/a
8105,auto_pass,True,Jaccard ≥ threshold,n/a,n/a,n/a
8106,auto_pass,True,Jaccard ≥ threshold,n/a,n/a,n/a
8107,auto_pass,True,Jaccard ≥ threshold,n/a,n/a,n/a
8110,auto_pass,True,Jaccard ≥ threshold,n/a,n/a,n/a
8112,auto_pass,True,Jaccard ≥ threshold,n/a,n/a,n/a
8114,auto_pass,True,Jaccard ≥ threshold,n/a,n/a,n/a
8115,auto_pass,True,Jaccard ≥ threshold,n/a,n/a,n/a
8116,auto_pass,True,Jaccard ≥ threshold,n/a,n/a,n/a
8117,auto_pass,True,Jaccard ≥ threshold,n/a,n/a,n/a
8118,auto_pass,True,Jaccard ≥ threshold,n/a,n/a,n/a
8119,auto_pass,True,Jaccard ≥ threshold,n/a,n/a,n/a
8120,auto_pass,True,Jaccard ≥ threshold,n/a,n/a,n/a
8121,auto_pass,True,Jaccard ≥ threshold,n/a,n/a,n/a
8123,auto_pass,True,Jaccard ≥ threshold,n/a,n/a,n/a
8124,auto_pass,True,Jaccard ≥ threshold,n/a,n/a,n/a
8125,auto_pass,True,Jaccard ≥ threshold,n/a,n/a,n/a
8133,auto_pass,True,Jaccard ≥ threshold,n/a,n/a,n/a
8136,auto_pass,True,Jaccard ≥ threshold,n/a,n/a,n/a
8137,auto_pass,True,Jaccard ≥ threshold,n/a,n/a,n/a
8138,auto_pass,True,Jaccard ≥ threshold,n/a,n/a,n/a
8141,auto_pass,True,Jaccard ≥ threshold,n/a,n/a,n/a
8142,auto_pass,True,Jaccard ≥ threshold,n/a,n/a,n/a
8143,auto_pass,True,Jaccard ≥ threshold,n/a,n/a,n/a
8144,auto_pass,True,Jaccard ≥ threshold,n/a,n/a,n/a
8145,auto_pass,True,Jaccard ≥ threshold,n/a,n/a,n/a
8146,auto_pass,True,Jaccard ≥ threshold,n/a,n/a,n/a
8147,auto_pass,True,Jaccard ≥ threshold,n/a,n/a,n/a
8148,auto_pass,True,Jaccard ≥ threshold,n/a,n/a,n/a
8150,auto_pass,True,Jaccard ≥ threshold,n/a,n/a,n/a
8151,auto_pass,True,Jaccard ≥ threshold,n/a,n/a,n/a
8152,auto_pass,True,Jaccard ≥ threshold,n/a,n/a,n/a
8154,auto_pass,True,Jaccard ≥ threshold,n/a,n/a,n/a
8155,auto_pass,True,Jaccard ≥ threshold,n/a,n/a,n/a
8156,auto_pass,True,Jaccard ≥ threshold,n/a,n/a,n/a
8157,auto_pass,True,Jaccard ≥ threshold,n/a,n/a,n/a
8158,auto_pass,True,Jaccard ≥ threshold,n/a,n/a,n/a
8159,auto_pass,True,Jaccard ≥ threshold,n/a,n/a,n/a
8161,auto_pass,True,Jaccard ≥ threshold,n/a,n/a,n/a
8162,auto_pass,True,Jaccard ≥ threshold,n/a,n/a,n/a
8163,auto_pass,True,Jaccard ≥ threshold,n/a,n/a,n/a
8165,auto_pass,True,Jaccard ≥ threshold,n/a,n/a,n/a
8169,auto_pass,True,Jaccard ≥ threshold,n/a,n/a,n/a
8170,auto_pass,True,Jaccard ≥ threshold,n/a,n/a,n/a
8172,auto_pass,True,Jaccard ≥ threshold,n/a,n/a,n/a
8173,auto_pass,True,Jaccard ≥ threshold,n/a,n/a,n/a
8174,auto_pass,True,Jaccard ≥ threshold,n/a,n/a,n/a
8175,auto_pass,True,Jaccard ≥ threshold,n/a,n/a,n/a
8177,auto_pass,True,Jaccard ≥ threshold,n/a,n/a,n/a
8178,auto_pass,True,Jaccard ≥ threshold,n/a,n/a,n/a
8182,auto_pass,True,Jaccard ≥ threshold,n/a,n/a,n/a
8187,auto_pass,True,Jaccard ≥ threshold,n/a,n/a,n/a
8189,auto_pass,True,Jaccard ≥ threshold,n/a,n/a,n/a
8191,auto_pass,True,Jaccard ≥ threshold,n/a,n/a,n/a
8194,auto_pass,True,Jaccard ≥ threshold,n/a,n/a,n/a
8196,auto_pass,True,Jaccard ≥ threshold,n/a,n/a,n/a
8199,auto_pass,True,Jaccard ≥ threshold,n/a,n/a,n/a
8200,auto_pass,True,Jaccard ≥ threshold,n/a,n/a,n/a
8203,auto_pass,True,Jaccard ≥ threshold,n/a,n/a,n/a
8204,auto_pass,True,Jaccard ≥ threshold,n/a,n/a,n/a
8205,auto_pass,True,Jaccard ≥ threshold,n/a,n/a,n/a
8206,auto_pass,True,Jaccard ≥ threshold,n/a,n/a,n/a
8207,auto_pass,True,Jaccard ≥ threshold,n/a,n/a,n/a
8208,auto_pass,True,Jaccard ≥ threshold,n/a,n/a,n/a
8210,auto_pass,True,Jaccard ≥ threshold,n/a,n/a,n/a
8213,auto_pass,True,Jaccard ≥ threshold,n/a,n/a,n/a
8214,auto_pass,True,Jaccard ≥ threshold,n/a,n/a,n/a
8216,auto_pass,True,Jaccard ≥ threshold,n/a,n/a,n/a
8218,auto_pass,True,Jaccard ≥ threshold,n/a,n/a,n/a
8219,auto_pass,True,Jaccard ≥ threshold,n/a,n/a,n/a
8230,auto_pass,True,Jaccard ≥ threshold,n/a,n/a,n/a
8239,auto_pass,True,Jaccard ≥ threshold,n/a,n/a,n/a
8240,auto_pass,True,Jaccard ≥ threshold,n/a,n/a,n/a
8241,auto_pass,True,Jaccard ≥ threshold,n/a,n/a,n/a
8243,auto_pass,True,Jaccard ≥ threshold,n/a,n/a,n/a
8245,auto_pass,True,Jaccard ≥ threshold,n/a,n/a,n/a
8246,auto_pass,True,Jaccard ≥ threshold,n/a,n/a,n/a
8248,auto_pass,True,Jaccard ≥ threshold,n/a,n/a,n/a
8250,auto_pass,True,Jaccard ≥ threshold,n/a,n/a,n/a
8251,auto_pass,True,Jaccard ≥ threshold,n/a,n/a,n/a
8252,auto_pass,True,Jaccard ≥ threshold,n/a,n/a,n/a
8253,auto_pass,True,Jaccard ≥ threshold,n/a,n/a,n/a
8254,auto_pass,True,Jaccard ≥ threshold,n/a,n/a,n/a
8255,auto_pass,True,Jaccard ≥ threshold,n/a,n/a,n/a
8259,auto_pass,True,Jaccard ≥ threshold,n/a,n/a,n/a
8260,auto_pass,True,Jaccard ≥ threshold,n/a,n/a,n/a
8265,auto_pass,True,Jaccard ≥ threshold,n/a,n/a,n/a
8267,auto_pass,True,Jaccard ≥ threshold,n/a,n/a,n/a
8271,auto_pass,True,Jaccard ≥ threshold,n/a,n/a,n/a
8272,auto_pass,True,Jaccard ≥ threshold,n/a,n/a,n/a
8273,auto_pass,True,Jaccard ≥ threshold,n/a,n/a,n/a
8275,auto_pass,True,Jaccard ≥ threshold,n/a,n/a,n/a
8279,auto_pass,True,Jaccard ≥ threshold,n/a,n/a,n/a
8281,auto_pass,True,Jaccard ≥ threshold,n/a,n/a,n/a
8283,auto_pass,True,Jaccard ≥ threshold,n/a,n/a,n/a
8284,auto_pass,True,Jaccard ≥ threshold,n/a,n/a,n/a
8288,auto_pass,True,Jaccard ≥ threshold,n/a,n/a,n/a
8291,auto_pass,True,Jaccard ≥ threshold,n/a,n/a,n/a
8292,auto_pass,True,Jaccard ≥ threshold,n/a,n/a,n/a
8294,auto_pass,True,Jaccard ≥ threshold,n/a,n/a,n/a
8295,auto_pass,True,Jaccard ≥ threshold,n/a,n/a,n/a
8298,auto_pass,True,Jaccard ≥ threshold,n/a,n/a,n/a
8299,auto_pass,True,Jaccard ≥ threshold,n/a,n/a,n/a
8300,auto_pass,True,Jaccard ≥ threshold,n/a,n/a,n/a
8301,auto_pass,True,Jaccard ≥ threshold,n/a,n/a,n/a
8304,auto_pass,True,Jaccard ≥ threshold,n/a,n/a,n/a
8305,auto_pass,True,Jaccard ≥ threshold,n/a,n/a,n/a
8306,auto_pass,True,Jaccard ≥ threshold,n/a,n/a,n/a
8307,auto_pass,True,Jaccard ≥ threshold,n/a,n/a,n/a
8309,auto_pass,True,Jaccard ≥ threshold,n/a,n/a,n/a
8310,auto_pass,True,Jaccard ≥ threshold,n/a,n/a,n/a
8314,auto_pass,True,Jaccard ≥ threshold,n/a,n/a,n/a
8316,auto_pass,True,Jaccard ≥ threshold,n/a,n/a,n/a
8317,auto_pass,True,Jaccard ≥ threshold,n/a,n/a,n/a
8320,auto_pass,True,Jaccard ≥ threshold,n/a,n/a,n/a
8321,auto_pass,True,Jaccard ≥ threshold,n/a,n/a,n/a
8323,auto_pass,True,Jaccard ≥ threshold,n/a,n/a,n/a
8324,auto_pass,True,Jaccard ≥ threshold,n/a,n/a,n/a
8325,auto_pass,True,Jaccard ≥ threshold,n/a,n/a,n/a
8326,auto_pass,True,Jaccard ≥ threshold,n/a,n/a,n/a
8327,auto_pass,True,Jaccard ≥ threshold,n/a,n/a,n/a
8332,auto_pass,True,Jaccard ≥ threshold,n/a,n/a,n/a
8333,auto_pass,True,Jaccard ≥ threshold,n/a,n/a,n/a
8334,auto_pass,True,Jaccard ≥ threshold,n/a,n/a,n/a
8335,auto_pass,True,Jaccard ≥ threshold,n/a,n/a,n/a
8336,auto_pass,True,Jaccard ≥ threshold,n/a,n/a,n/a
8337,auto_pass,True,Jaccard ≥ threshold,n/a,n/a,n/a
8340,auto_pass,True,Jaccard ≥ threshold,n/a,n/a,n/a
8341,auto_pass,True,Jaccard ≥ threshold,n/a,n/a,n/a
8342,auto_pass,True,Jaccard ≥ threshold,n/a,n/a,n/a
8344,auto_pass,True,Jaccard ≥ threshold,n/a,n/a,n/a
8345,auto_pass,True,Jaccard ≥ threshold,n/a,n/a,n/a
8346,auto_pass,True,Jaccard ≥ threshold,n/a,n/a,n/a
8347,auto_pass,True,Jaccard ≥ threshold,n/a,n/a,n/a
8348,auto_pass,True,Jaccard ≥ threshold,n/a,n/a,n/a
8349,auto_pass,True,Jaccard ≥ threshold,n/a,n/a,n/a
8350,auto_pass,True,Jaccard ≥ threshold,n/a,n/a,n/a
8351,auto_pass,True,Jaccard ≥ threshold,n/a,n/a,n/a
8354,auto_pass,True,Jaccard ≥ threshold,n/a,n/a,n/a
8355,auto_pass,True,Jaccard ≥ threshold,n/a,n/a,n/a
8356,auto_pass,True,Jaccard ≥ threshold,n/a,n/a,n/a
8357,auto_pass,True,Jaccard ≥ threshold,n/a,n/a,n/a
8358,auto_pass,True,Jaccard ≥ threshold,n/a,n/a,n/a
8359,auto_pass,True,Jaccard ≥ threshold,n/a,n/a,n/a
8361,auto_pass,True,Jaccard ≥ threshold,n/a,n/a,n/a
8362,auto_pass,True,Jaccard ≥ threshold,n/a,n/a,n/a
8363,auto_pass,True,Jaccard ≥ threshold,n/a,n/a,n/a
8366,auto_pass,True,Jaccard ≥ threshold,n/a,n/a,n/a
8368,auto_pass,True,Jaccard ≥ threshold,n/a,n/a,n/a
8370,auto_pass,True,Jaccard ≥ threshold,n/a,n/a,n/a
8371,auto_pass,True,Jaccard ≥ threshold,n/a,n/a,n/a
8373,auto_pass,True,Jaccard ≥ threshold,n/a,n/a,n/a
8374,auto_pass,True,Jaccard ≥ threshold,n/a,n/a,n/a
8376,auto_pass,True,Jaccard ≥ threshold,n/a,n/a,n/a
8379,auto_pass,True,Jaccard ≥ threshold,n/a,n/a,n/a
8380,auto_pass,True,Jaccard ≥ threshold,n/a,n/a,n/a
8381,auto_pass,True,Jaccard ≥ threshold,n/a,n/a,n/a
8384,auto_pass,True,Jaccard ≥ threshold,n/a,n/a,n/a
8386,auto_pass,True,Jaccard ≥ threshold,n/a,n/a,n/a
8387,auto_pass,True,Jaccard ≥ threshold,n/a,n/a,n/a
8388,auto_pass,True,Jaccard ≥ threshold,n/a,n/a,n/a
8389,auto_pass,True,Jaccard ≥ threshold,n/a,n/a,n/a
8393,auto_pass,True,Jaccard ≥ threshold,n/a,n/a,n/a
8394,auto_pass,True,Jaccard ≥ threshold,n/a,n/a,n/a
8395,auto_pass,True,Jaccard ≥ threshold,n/a,n/a,n/a
8398,auto_pass,True,Jaccard ≥ threshold,n/a,n/a,n/a
8399,auto_pass,True,Jaccard ≥ threshold,n/a,n/a,n/a
8401,auto_pass,True,Jaccard ≥ threshold,n/a,n/a,n/a
8402,auto_pass,True,Jaccard ≥ threshold,n/a,n/a,n/a
8403,auto_pass,True,Jaccard ≥ threshold,n/a,n/a,n/a
8407,auto_pass,True,Jaccard ≥ threshold,n/a,n/a,n/a
8409,auto_pass,True,Jaccard ≥ threshold,n/a,n/a,n/a
8411,auto_pass,True,Jaccard ≥ threshold,n/a,n/a,n/a
8413,auto_pass,True,Jaccard ≥ threshold,n/a,n/a,n/a
8414,auto_pass,True,Jaccard ≥ threshold,n/a,n/a,n/a
8416,auto_pass,True,Jaccard ≥ threshold,n/a,n/a,n/a
8417,auto_pass,True,Jaccard ≥ threshold,n/a,n/a,n/a
8421,auto_pass,True,Jaccard ≥ threshold,n/a,n/a,n/a
8422,auto_pass,True,Jaccard ≥ threshold,n/a,n/a,n/a
8426,auto_pass,True,Jaccard ≥ threshold,n/a,n/a,n/a
8427,auto_pass,True,Jaccard ≥ threshold,n/a,n/a,n/a
8428,auto_pass,True,Jaccard ≥ threshold,n/a,n/a,n/a
8432,auto_pass,True,Jaccard ≥ threshold,n/a,n/a,n/a
8433,auto_pass,True,Jaccard ≥ threshold,n/a,n/a,n/a
8434,auto_pass,True,Jaccard ≥ threshold,n/a,n/a,n/a
8437,auto_pass,True,Jaccard ≥ threshold,n/a,n/a,n/a
8438,auto_pass,True,Jaccard ≥ threshold,n/a,n/a,n/a
8439,auto_pass,True,Jaccard ≥ threshold,n/a,n/a,n/a
8440,auto_pass,True,Jaccard ≥ threshold,n/a,n/a,n/a
8441,auto_pass,True,Jaccard ≥ threshold,n/a,n/a,n/a
8445,auto_pass,True,Jaccard ≥ threshold,n/a,n/a,n/a
8448,auto_pass,True,Jaccard ≥ threshold,n/a,n/a,n/a
8449,auto_pass,True,Jaccard ≥ threshold,n/a,n/a,n/a
8450,auto_pass,True,Jaccard ≥ threshold,n/a,n/a,n/a
8451,auto_pass,True,Jaccard ≥ threshold,n/a,n/a,n/a
8452,auto_pass,True,Jaccard ≥ threshold,n/a,n/a,n/a
8453,auto_pass,True,Jaccard ≥ threshold,n/a,n/a,n/a
8458,auto_pass,True,Jaccard ≥ threshold,n/a,n/a,n/a
8460,auto_pass,True,Jaccard ≥ threshold,n/a,n/a,n/a
8461,auto_pass,True,Jaccard ≥ threshold,n/a,n/a,n/a
8463,auto_pass,True,Jaccard ≥ threshold,n/a,n/a,n/a
8464,auto_pass,True,Jaccard ≥ threshold,n/a,n/a,n/a
8466,auto_pass,True,Jaccard ≥ threshold,n/a,n/a,n/a
8469,auto_pass,True,Jaccard ≥ threshold,n/a,n/a,n/a
8470,auto_pass,True,Jaccard ≥ threshold,n/a,n/a,n/a
8473,auto_pass,True,Jaccard ≥ threshold,n/a,n/a,n/a
8474,auto_pass,True,Jaccard ≥ threshold,n/a,n/a,n/a
8475,auto_pass,True,Jaccard ≥ threshold,n/a,n/a,n/a
8478,auto_pass,True,Jaccard ≥ threshold,n/a,n/a,n/a
8479,auto_pass,True,Jaccard ≥ threshold,n/a,n/a,n/a
8480,auto_pass,True,Jaccard ≥ threshold,n/a,n/a,n/a
8483,auto_pass,True,Jaccard ≥ threshold,n/a,n/a,n/a
8485,auto_pass,True,Jaccard ≥ threshold,n/a,n/a,n/a
8486,auto_pass,True,Jaccard ≥ threshold,n/a,n/a,n/a
8488,auto_pass,True,Jaccard ≥ threshold,n/a,n/a,n/a
8489,auto_pass,True,Jaccard ≥ threshold,n/a,n/a,n/a
8491,auto_pass,True,Jaccard ≥ threshold,n/a,n/a,n/a
8495,auto_pass,True,Jaccard ≥ threshold,n/a,n/a,n/a
8496,auto_pass,True,Jaccard ≥ threshold,n/a,n/a,n/a
8498,auto_pass,True,Jaccard ≥ threshold,n/a,n/a,n/a
8499,auto_pass,True,Jaccard ≥ threshold,n/a,n/a,n/a
8502,auto_pass,True,Jaccard ≥ threshold,n/a,n/a,n/a
8503,auto_pass,True,Jaccard ≥ threshold,n/a,n/a,n/a
8504,auto_pass,True,Jaccard ≥ threshold,n/a,n/a,n/a
8505,auto_pass,True,Jaccard ≥ threshold,n/a,n/a,n/a
8506,auto_pass,True,Jaccard ≥ threshold,n/a,n/a,n/a
8508,auto_pass,True,Jaccard ≥ threshold,n/a,n/a,n/a
8509,auto_pass,True,Jaccard ≥ threshold,n/a,n/a,n/a
8510,auto_pass,True,Jaccard ≥ threshold,n/a,n/a,n/a
8511,auto_pass,True,Jaccard ≥ threshold,n/a,n/a,n/a
8512,auto_pass,True,Jaccard ≥ threshold,n/a,n/a,n/a
8513,auto_pass,True,Jaccard ≥ threshold,n/a,n/a,n/a
8514,auto_pass,True,Jaccard ≥ threshold,n/a,n/a,n/a
8516,auto_pass,True,Jaccard ≥ threshold,n/a,n/a,n/a
8517,auto_pass,True,Jaccard ≥ threshold,n/a,n/a,n/a
8518,auto_pass,True,Jaccard ≥ threshold,n/a,n/a,n/a
8519,auto_pass,True,Jaccard ≥ threshold,n/a,n/a,n/a
8521,auto_pass,True,Jaccard ≥ threshold,n/a,n/a,n/a
8522,auto_pass,True,Jaccard ≥ threshold,n/a,n/a,n/a
8523,auto_pass,True,Jaccard ≥ threshold,n/a,n/a,n/a
8524,auto_pass,True,Jaccard ≥ threshold,n/a,n/a,n/a
8527,auto_pass,True,Jaccard ≥ threshold,n/a,n/a,n/a
8528,auto_pass,True,Jaccard ≥ threshold,n/a,n/a,n/a
8529,auto_pass,True,Jaccard ≥ threshold,n/a,n/a,n/a
8530,auto_pass,True,Jaccard ≥ threshold,n/a,n/a,n/a
8531,auto_pass,True,Jaccard ≥ threshold,n/a,n/a,n/a
8532,auto_pass,True,Jaccard ≥ threshold,n/a,n/a,n/a
8534,auto_pass,True,Jaccard ≥ threshold,n/a,n/a,n/a
8536,auto_pass,True,Jaccard ≥ threshold,n/a,n/a,n/a
8538,auto_pass,True,Jaccard ≥ threshold,n/a,n/a,n/a
8540,auto_pass,True,Jaccard ≥ threshold,n/a,n/a,n/a
8541,auto_pass,True,Jaccard ≥ threshold,n/a,n/a,n/a
8542,auto_pass,True,Jaccard ≥ threshold,n/a,n/a,n/a
8544,auto_pass,True,Jaccard ≥ threshold,n/a,n/a,n/a
8545,auto_pass,True,Jaccard ≥ threshold,n/a,n/a,n/a
8549,auto_pass,True,Jaccard ≥ threshold,n/a,n/a,n/a
8552,auto_pass,True,Jaccard ≥ threshold,n/a,n/a,n/a
8553,auto_pass,True,Jaccard ≥ threshold,n/a,n/a,n/a
8561,auto_pass,True,Jaccard ≥ threshold,n/a,n/a,n/a
8564,auto_pass,True,Jaccard ≥ threshold,n/a,n/a,n/a
8566,auto_pass,True,Jaccard ≥ threshold,n/a,n/a,n/a
8567,auto_pass,True,Jaccard ≥ threshold,n/a,n/a,n/a
8568,auto_pass,True,Jaccard ≥ threshold,n/a,n/a,n/a
8570,auto_pass,True,Jaccard ≥ threshold,n/a,n/a,n/a
8576,auto_pass,True,Jaccard ≥ threshold,n/a,n/a,n/a
8580,auto_pass,True,Jaccard ≥ threshold,n/a,n/a,n/a
8581,auto_pass,True,Jaccard ≥ threshold,n/a,n/a,n/a
8582,auto_pass,True,Jaccard ≥ threshold,n/a,n/a,n/a
8587,auto_pass,True,Jaccard ≥ threshold,n/a,n/a,n/a
8588,auto_pass,True,Jaccard ≥ threshold,n/a,n/a,n/a
8589,auto_pass,True,Jaccard ≥ threshold,n/a,n/a,n/a
8592,auto_pass,True,Jaccard ≥ threshold,n/a,n/a,n/a
8594,auto_pass,True,Jaccard ≥ threshold,n/a,n/a,n/a
8595,auto_pass,True,Jaccard ≥ threshold,n/a,n/a,n/a
8596,auto_pass,True,Jaccard ≥ threshold,n/a,n/a,n/a
8597,auto_pass,True,Jaccard ≥ threshold,n/a,n/a,n/a
8598,auto_pass,True,Jaccard ≥ threshold,n/a,n/a,n/a
8601,auto_pass,True,Jaccard ≥ threshold,n/a,n/a,n/a
8603,auto_pass,True,Jaccard ≥ threshold,n/a,n/a,n/a
8607,auto_pass,True,Jaccard ≥ threshold,n/a,n/a,n/a
8608,auto_pass,True,Jaccard ≥ threshold,n/a,n/a,n/a
8609,auto_pass,True,Jaccard ≥ threshold,n/a,n/a,n/a
8613,auto_pass,True,Jaccard ≥ threshold,n/a,n/a,n/a
8614,auto_pass,True,Jaccard ≥ threshold,n/a,n/a,n/a
8615,auto_pass,True,Jaccard ≥ threshold,n/a,n/a,n/a
8616,auto_pass,True,Jaccard ≥ threshold,n/a,n/a,n/a
8617,auto_pass,True,Jaccard ≥ threshold,n/a,n/a,n/a
8622,auto_pass,True,Jaccard ≥ threshold,n/a,n/a,n/a
8624,auto_pass,True,Jaccard ≥ threshold,n/a,n/a,n/a
8625,auto_pass,True,Jaccard ≥ threshold,n/a,n/a,n/a
8627,auto_pass,True,Jaccard ≥ threshold,n/a,n/a,n/a
8629,auto_pass,True,Jaccard ≥ threshold,n/a,n/a,n/a
8630,auto_pass,True,Jaccard ≥ threshold,n/a,n/a,n/a
8632,auto_pass,True,Jaccard ≥ threshold,n/a,n/a,n/a
8633,auto_pass,True,Jaccard ≥ threshold,n/a,n/a,n/a
8634,auto_pass,True,Jaccard ≥ threshold,n/a,n/a,n/a
8637,auto_pass,True,Jaccard ≥ threshold,n/a,n/a,n/a
8638,auto_pass,True,Jaccard ≥ threshold,n/a,n/a,n/a
8639,auto_pass,True,Jaccard ≥ threshold,n/a,n/a,n/a
8640,auto_pass,True,Jaccard ≥ threshold,n/a,n/a,n/a
8641,auto_pass,True,Jaccard ≥ threshold,n/a,n/a,n/a
8643,auto_pass,True,Jaccard ≥ threshold,n/a,n/a,n/a
8644,auto_pass,True,Jaccard ≥ threshold,n/a,n/a,n/a
8645,auto_pass,True,Jaccard ≥ threshold,n/a,n/a,n/a
8652,auto_pass,True,Jaccard ≥ threshold,n/a,n/a,n/a
8654,auto_pass,True,Jaccard ≥ threshold,n/a,n/a,n/a
8655,auto_pass,True,Jaccard ≥ threshold,n/a,n/a,n/a
8657,auto_pass,True,Jaccard ≥ threshold,n/a,n/a,n/a
8662,auto_pass,True,Jaccard ≥ threshold,n/a,n/a,n/a
8664,auto_pass,True,Jaccard ≥ threshold,n/a,n/a,n/a
8665,auto_pass,True,Jaccard ≥ threshold,n/a,n/a,n/a
8666,auto_pass,True,Jaccard ≥ threshold,n/a,n/a,n/a
8668,auto_pass,True,Jaccard ≥ threshold,n/a,n/a,n/a
8669,auto_pass,True,Jaccard ≥ threshold,n/a,n/a,n/a
8670,auto_pass,True,Jaccard ≥ threshold,n/a,n/a,n/a
8671,auto_pass,True,Jaccard ≥ threshold,n/a,n/a,n/a
8672,auto_pass,True,Jaccard ≥ threshold,n/a,n/a,n/a
8673,auto_pass,True,Jaccard ≥ threshold,n/a,n/a,n/a
8674,auto_pass,True,Jaccard ≥ threshold,n/a,n/a,n/a
8675,auto_pass,True,Jaccard ≥ threshold,n/a,n/a,n/a
8676,auto_pass,True,Jaccard ≥ threshold,n/a,n/a,n/a
8678,auto_pass,True,Jaccard ≥ threshold,n/a,n/a,n/a
8679,auto_pass,True,Jaccard ≥ threshold,n/a,n/a,n/a
8680,auto_pass,True,Jaccard ≥ threshold,n/a,n/a,n/a
8681,auto_pass,True,Jaccard ≥ threshold,n/a,n/a,n/a
8682,auto_pass,True,Jaccard ≥ threshold,n/a,n/a,n/a
8683,auto_pass,True,Jaccard ≥ threshold,n/a,n/a,n/a
8684,auto_pass,True,Jaccard ≥ threshold,n/a,n/a,n/a
8685,auto_pass,True,Jaccard ≥ threshold,n/a,n/a,n/a
8688,auto_pass,True,Jaccard ≥ threshold,n/a,n/a,n/a
8689,auto_pass,True,Jaccard ≥ threshold,n/a,n/a,n/a
8691,auto_pass,True,Jaccard ≥ threshold,n/a,n/a,n/a
8694,auto_pass,True,Jaccard ≥ threshold,n/a,n/a,n/a
8697,auto_pass,True,Jaccard ≥ threshold,n/a,n/a,n/a
8699,auto_pass,True,Jaccard ≥ threshold,n/a,n/a,n/a
8700,auto_pass,True,Jaccard ≥ threshold,n/a,n/a,n/a
8701,auto_pass,True,Jaccard ≥ threshold,n/a,n/a,n/a
8703,auto_pass,True,Jaccard ≥ threshold,n/a,n/a,n/a
8704,auto_pass,True,Jaccard ≥ threshold,n/a,n/a,n/a
8706,auto_pass,True,Jaccard ≥ threshold,n/a,n/a,n/a
8708,auto_pass,True,Jaccard ≥ threshold,n/a,n/a,n/a
8710,auto_pass,True,Jaccard ≥ threshold,n/a,n/a,n/a
8711,auto_pass,True,Jaccard ≥ threshold,n/a,n/a,n/a
8714,auto_pass,True,Jaccard ≥ threshold,n/a,n/a,n/a
8715,auto_pass,True,Jaccard ≥ threshold,n/a,n/a,n/a
8716,auto_pass,True,Jaccard ≥ threshold,n/a,n/a,n/a
8717,auto_pass,True,Jaccard ≥ threshold,n/a,n/a,n/a
8718,auto_pass,True,Jaccard ≥ threshold,n/a,n/a,n/a
8719,auto_pass,True,Jaccard ≥ threshold,n/a,n/a,n/a
8721,auto_pass,True,Jaccard ≥ threshold,n/a,n/a,n/a
8723,auto_pass,True,Jaccard ≥ threshold,n/a,n/a,n/a
8727,auto_pass,True,Jaccard ≥ threshold,n/a,n/a,n/a
8730,auto_pass,True,Jaccard ≥ threshold,n/a,n/a,n/a
8731,auto_pass,True,Jaccard ≥ threshold,n/a,n/a,n/a
8732,auto_pass,True,Jaccard ≥ threshold,n/a,n/a,n/a
8733,auto_pass,True,Jaccard ≥ threshold,n/a,n/a,n/a
8734,auto_pass,True,Jaccard ≥ threshold,n/a,n/a,n/a
8736,auto_pass,True,Jaccard ≥ threshold,n/a,n/a,n/a
8737,auto_pass,True,Jaccard ≥ threshold,n/a,n/a,n/a
8740,auto_pass,True,Jaccard ≥ threshold,n/a,n/a,n/a
8743,auto_pass,True,Jaccard ≥ threshold,n/a,n/a,n/a
8744,auto_pass,True,Jaccard ≥ threshold,n/a,n/a,n/a
8745,auto_pass,True,Jaccard ≥ threshold,n/a,n/a,n/a
8746,auto_pass,True,Jaccard ≥ threshold,n/a,n/a,n/a
8748,auto_pass,True,Jaccard ≥ threshold,n/a,n/a,n/a
8749,auto_pass,True,Jaccard ≥ threshold,n/a,n/a,n/a
8750,auto_pass,True,Jaccard ≥ threshold,n/a,n/a,n/a
8751,auto_pass,True,Jaccard ≥ threshold,n/a,n/a,n/a
8752,auto_pass,True,Jaccard ≥ threshold,n/a,n/a,n/a
8755,auto_pass,True,Jaccard ≥ threshold,n/a,n/a,n/a
8757,auto_pass,True,Jaccard ≥ threshold,n/a,n/a,n/a
8758,auto_pass,True,Jaccard ≥ threshold,n/a,n/a,n/a
8759,auto_pass,True,Jaccard ≥ threshold,n/a,n/a,n/a
8761,auto_pass,True,Jaccard ≥ threshold,n/a,n/a,n/a
8762,auto_pass,True,Jaccard ≥ threshold,n/a,n/a,n/a
8763,auto_pass,True,Jaccard ≥ threshold,n/a,n/a,n/a
8765,auto_pass,True,Jaccard ≥ threshold,n/a,n/a,n/a
8766,auto_pass,True,Jaccard ≥ threshold,n/a,n/a,n/a
8767,auto_pass,True,Jaccard ≥ threshold,n/a,n/a,n/a
8768,auto_pass,True,Jaccard ≥ threshold,n/a,n/a,n/a
8772,auto_pass,True,Jaccard ≥ threshold,n/a,n/a,n/a
8773,auto_pass,True,Jaccard ≥ threshold,n/a,n/a,n/a
8774,auto_pass,True,Jaccard ≥ threshold,n/a,n/a,n/a
8775,auto_pass,True,Jaccard ≥ threshold,n/a,n/a,n/a
8776,auto_pass,True,Jaccard ≥ threshold,n/a,n/a,n/a
8777,auto_pass,True,Jaccard ≥ threshold,n/a,n/a,n/a
8779,auto_pass,True,Jaccard ≥ threshold,n/a,n/a,n/a
8781,auto_pass,True,Jaccard ≥ threshold,n/a,n/a,n/a
8783,auto_pass,True,Jaccard ≥ threshold,n/a,n/a,n/a
8785,auto_pass,True,Jaccard ≥ threshold,n/a,n/a,n/a
8786,auto_pass,True,Jaccard ≥ threshold,n/a,n/a,n/a
8787,auto_pass,True,Jaccard ≥ threshold,n/a,n/a,n/a
8788,auto_pass,True,Jaccard ≥ threshold,n/a,n/a,n/a
8789,auto_pass,True,Jaccard ≥ threshold,n/a,n/a,n/a
8790,auto_pass,True,Jaccard ≥ threshold,n/a,n/a,n/a
8795,auto_pass,True,Jaccard ≥ threshold,n/a,n/a,n/a
8797,auto_pass,True,Jaccard ≥ threshold,n/a,n/a,n/a
8798,auto_pass,True,Jaccard ≥ threshold,n/a,n/a,n/a
8800,auto_pass,True,Jaccard ≥ threshold,n/a,n/a,n/a
8801,auto_pass,True,Jaccard ≥ threshold,n/a,n/a,n/a
8802,auto_pass,True,Jaccard ≥ threshold,n/a,n/a,n/a
8803,auto_pass,True,Jaccard ≥ threshold,n/a,n/a,n/a
8804,auto_pass,True,Jaccard ≥ threshold,n/a,n/a,n/a
8805,auto_pass,True,Jaccard ≥ threshold,n/a,n/a,n/a
8806,auto_pass,True,Jaccard ≥ threshold,n/a,n/a,n/a
8807,auto_pass,True,Jaccard ≥ threshold,n/a,n/a,n/a
8808,auto_pass,True,Jaccard ≥ threshold,n/a,n/a,n/a
8809,auto_pass,True,Jaccard ≥ threshold,n/a,n/a,n/a
8810,auto_pass,True,Jaccard ≥ threshold,n/a,n/a,n/a
8811,auto_pass,True,Jaccard ≥ threshold,n/a,n/a,n/a
8813,auto_pass,True,Jaccard ≥ threshold,n/a,n/a,n/a
8815,auto_pass,True,Jaccard ≥ threshold,n/a,n/a,n/a
8816,auto_pass,True,Jaccard ≥ threshold,n/a,n/a,n/a
8819,auto_pass,True,Jaccard ≥ threshold,n/a,n/a,n/a
8821,auto_pass,True,Jaccard ≥ threshold,n/a,n/a,n/a
8822,auto_pass,True,Jaccard ≥ threshold,n/a,n/a,n/a
8823,auto_pass,True,Jaccard ≥ threshold,n/a,n/a,n/a
8824,auto_pass,True,Jaccard ≥ threshold,n/a,n/a,n/a
8825,auto_pass,True,Jaccard ≥ threshold,n/a,n/a,n/a
8826,auto_pass,True,Jaccard ≥ threshold,n/a,n/a,n/a
8827,auto_pass,True,Jaccard ≥ threshold,n/a,n/a,n/a
8828,auto_pass,True,Jaccard ≥ threshold,n/a,n/a,n/a
8830,auto_pass,True,Jaccard ≥ threshold,n/a,n/a,n/a
8831,auto_pass,True,Jaccard ≥ threshold,n/a,n/a,n/a
8832,auto_pass,True,Jaccard ≥ threshold,n/a,n/a,n/a
8839,auto_pass,True,Jaccard ≥ threshold,n/a,n/a,n/a
8841,auto_pass,True,Jaccard ≥ threshold,n/a,n/a,n/a
8844,auto_pass,True,Jaccard ≥ threshold,n/a,n/a,n/a
8845,auto_pass,True,Jaccard ≥ threshold,n/a,n/a,n/a
8846,auto_pass,True,Jaccard ≥ threshold,n/a,n/a,n/a
8848,auto_pass,True,Jaccard ≥ threshold,n/a,n/a,n/a
8850,auto_pass,True,Jaccard ≥ threshold,n/a,n/a,n/a
8852,auto_pass,True,Jaccard ≥ threshold,n/a,n/a,n/a
8854,auto_pass,True,Jaccard ≥ threshold,n/a,n/a,n/a
8855,auto_pass,True,Jaccard ≥ threshold,n/a,n/a,n/a
8856,auto_pass,True,Jaccard ≥ threshold,n/a,n/a,n/a
8860,auto_pass,True,Jaccard ≥ threshold,n/a,n/a,n/a
8863,auto_pass,True,Jaccard ≥ threshold,n/a,n/a,n/a
8866,auto_pass,True,Jaccard ≥ threshold,n/a,n/a,n/a
8867,auto_pass,True,Jaccard ≥ threshold,n/a,n/a,n/a
8868,auto_pass,True,Jaccard ≥ threshold,n/a,n/a,n/a
8869,auto_pass,True,Jaccard ≥ threshold,n/a,n/a,n/a
8872,auto_pass,True,Jaccard ≥ threshold,n/a,n/a,n/a
8876,auto_pass,True,Jaccard ≥ threshold,n/a,n/a,n/a
8877,auto_pass,True,Jaccard ≥ threshold,n/a,n/a,n/a
8881,auto_pass,True,Jaccard ≥ threshold,n/a,n/a,n/a
8882,auto_pass,True,Jaccard ≥ threshold,n/a,n/a,n/a
8885,auto_pass,True,Jaccard ≥ threshold,n/a,n/a,n/a
8886,auto_pass,True,Jaccard ≥ threshold,n/a,n/a,n/a
8887,auto_pass,True,Jaccard ≥ threshold,n/a,n/a,n/a
8888,auto_pass,True,Jaccard ≥ threshold,n/a,n/a,n/a
8889,auto_pass,True,Jaccard ≥ threshold,n/a,n/a,n/a
8890,auto_pass,True,Jaccard ≥ threshold,n/a,n/a,n/a
8891,auto_pass,True,Jaccard ≥ threshold,n/a,n/a,n/a
8892,auto_pass,True,Jaccard ≥ threshold,n/a,n/a,n/a
8893,auto_pass,True,Jaccard ≥ threshold,n/a,n/a,n/a
8894,auto_pass,True,Jaccard ≥ threshold,n/a,n/a,n/a
8896,auto_pass,True,Jaccard ≥ threshold,n/a,n/a,n/a
8897,auto_pass,True,Jaccard ≥ threshold,n/a,n/a,n/a
8898,auto_pass,True,Jaccard ≥ threshold,n/a,n/a,n/a
8899,auto_pass,True,Jaccard ≥ threshold,n/a,n/a,n/a
8900,auto_pass,True,Jaccard ≥ threshold,n/a,n/a,n/a
8901,auto_pass,True,Jaccard ≥ threshold,n/a,n/a,n/a
8902,auto_pass,True,Jaccard ≥ threshold,n/a,n/a,n/a
8903,auto_pass,True,Jaccard ≥ threshold,n/a,n/a,n/a
8904,auto_pass,True,Jaccard ≥ threshold,n/a,n/a,n/a
8905,auto_pass,True,Jaccard ≥ threshold,n/a,n/a,n/a
8906,auto_pass,True,Jaccard ≥ threshold,n/a,n/a,n/a
8907,auto_pass,True,Jaccard ≥ threshold,n/a,n/a,n/a
8908,auto_pass,True,Jaccard ≥ threshold,n/a,n/a,n/a
8909,auto_pass,True,Jaccard ≥ threshold,n/a,n/a,n/a
8910,auto_pass,True,Jaccard ≥ threshold,n/a,n/a,n/a
8911,auto_pass,True,Jaccard ≥ threshold,n/a,n/a,n/a
8912,auto_pass,True,Jaccard ≥ threshold,n/a,n/a,n/a
8915,auto_pass,True,Jaccard ≥ threshold,n/a,n/a,n/a
8916,auto_pass,True,Jaccard ≥ threshold,n/a,n/a,n/a
8917,auto_pass,True,Jaccard ≥ threshold,n/a,n/a,n/a
8918,auto_pass,True,Jaccard ≥ threshold,n/a,n/a,n/a
8919,auto_pass,True,Jaccard ≥ threshold,n/a,n/a,n/a
8923,auto_pass,True,Jaccard ≥ threshold,n/a,n/a,n/a
8924,auto_pass,True,Jaccard ≥ threshold,n/a,n/a,n/a
8925,auto_pass,True,Jaccard ≥ threshold,n/a,n/a,n/a
8926,auto_pass,True,Jaccard ≥ threshold,n/a,n/a,n/a
8928,auto_pass,True,Jaccard ≥ threshold,n/a,n/a,n/a
8929,auto_pass,True,Jaccard ≥ threshold,n/a,n/a,n/a
8932,auto_pass,True,Jaccard ≥ threshold,n/a,n/a,n/a
8933,auto_pass,True,Jaccard ≥ threshold,n/a,n/a,n/a
8934,auto_pass,True,Jaccard ≥ threshold,n/a,n/a,n/a
8937,auto_pass,True,Jaccard ≥ threshold,n/a,n/a,n/a
8943,auto_pass,True,Jaccard ≥ threshold,n/a,n/a,n/a
8946,auto_pass,True,Jaccard ≥ threshold,n/a,n/a,n/a
8947,auto_pass,True,Jaccard ≥ threshold,n/a,n/a,n/a
8949,auto_pass,True,Jaccard ≥ threshold,n/a,n/a,n/a
8950,auto_pass,True,Jaccard ≥ threshold,n/a,n/a,n/a
8954,auto_pass,True,Jaccard ≥ threshold,n/a,n/a,n/a
8955,auto_pass,True,Jaccard ≥ threshold,n/a,n/a,n/a
8956,auto_pass,True,Jaccard ≥ threshold,n/a,n/a,n/a
8957,auto_pass,True,Jaccard ≥ threshold,n/a,n/a,n/a
8963,auto_pass,True,Jaccard ≥ threshold,n/a,n/a,n/a
8967,auto_pass,True,Jaccard ≥ threshold,n/a,n/a,n/a
8971,auto_pass,True,Jaccard ≥ threshold,n/a,n/a,n/a
8973,auto_pass,True,Jaccard ≥ threshold,n/a,n/a,n/a
8974,auto_pass,True,Jaccard ≥ threshold,n/a,n/a,n/a
8975,auto_pass,True,Jaccard ≥ threshold,n/a,n/a,n/a
8976,auto_pass,True,Jaccard ≥ threshold,n/a,n/a,n/a
8977,auto_pass,True,Jaccard ≥ threshold,n/a,n/a,n/a
8979,auto_pass,True,Jaccard ≥ threshold,n/a,n/a,n/a
8981,auto_pass,True,Jaccard ≥ threshold,n/a,n/a,n/a
8983,auto_pass,True,Jaccard ≥ threshold,n/a,n/a,n/a
8984,auto_pass,True,Jaccard ≥ threshold,n/a,n/a,n/a
8985,auto_pass,True,Jaccard ≥ threshold,n/a,n/a,n/a
8986,auto_pass,True,Jaccard ≥ threshold,n/a,n/a,n/a
8987,auto_pass,True,Jaccard ≥ threshold,n/a,n/a,n/a
8989,auto_pass,True,Jaccard ≥ threshold,n/a,n/a,n/a
8993,auto_pass,True,Jaccard ≥ threshold,n/a,n/a,n/a
8995,auto_pass,True,Jaccard ≥ threshold,n/a,n/a,n/a
8996,auto_pass,True,Jaccard ≥ threshold,n/a,n/a,n/a
8997,auto_pass,True,Jaccard ≥ threshold,n/a,n/a,n/a
9000,auto_pass,True,Jaccard ≥ threshold,n/a,n/a,n/a
9006,auto_pass,True,Jaccard ≥ threshold,n/a,n/a,n/a
9008,auto_pass,True,Jaccard ≥ threshold,n/a,n/a,n/a
9009,auto_pass,True,Jaccard ≥ threshold,n/a,n/a,n/a
9010,auto_pass,True,Jaccard ≥ threshold,n/a,n/a,n/a
9011,auto_pass,True,Jaccard ≥ threshold,n/a,n/a,n/a
9012,auto_pass,True,Jaccard ≥ threshold,n/a,n/a,n/a
9013,auto_pass,True,Jaccard ≥ threshold,n/a,n/a,n/a
9014,auto_pass,True,Jaccard ≥ threshold,n/a,n/a,n/a
9016,auto_pass,True,Jaccard ≥ threshold,n/a,n/a,n/a
9017,auto_pass,True,Jaccard ≥ threshold,n/a,n/a,n/a
9018,auto_pass,True,Jaccard ≥ threshold,n/a,n/a,n/a
9019,auto_pass,True,Jaccard ≥ threshold,n/a,n/a,n/a
9020,auto_pass,True,Jaccard ≥ threshold,n/a,n/a,n/a
9021,auto_pass,True,Jaccard ≥ threshold,n/a,n/a,n/a
9022,auto_pass,True,Jaccard ≥ threshold,n/a,n/a,n/a
9023,auto_pass,True,Jaccard ≥ threshold,n/a,n/a,n/a
9025,auto_pass,True,Jaccard ≥ threshold,n/a,n/a,n/a
9029,auto_pass,True,Jaccard ≥ threshold,n/a,n/a,n/a
9032,auto_pass,True,Jaccard ≥ threshold,n/a,n/a,n/a
9034,auto_pass,True,Jaccard ≥ threshold,n/a,n/a,n/a
9035,auto_pass,True,Jaccard ≥ threshold,n/a,n/a,n/a
9038,auto_pass,True,Jaccard ≥ threshold,n/a,n/a,n/a
9040,auto_pass,True,Jaccard ≥ threshold,n/a,n/a,n/a
9041,auto_pass,True,Jaccard ≥ threshold,n/a,n/a,n/a
9043,auto_pass,True,Jaccard ≥ threshold,n/a,n/a,n/a
9044,auto_pass,True,Jaccard ≥ threshold,n/a,n/a,n/a
9047,auto_pass,True,Jaccard ≥ threshold,n/a,n/a,n/a
9049,auto_pass,True,Jaccard ≥ threshold,n/a,n/a,n/a
9056,auto_pass,True,Jaccard ≥ threshold,n/a,n/a,n/a
9057,auto_pass,True,Jaccard ≥ threshold,n/a,n/a,n/a
9060,auto_pass,True,Jaccard ≥ threshold,n/a,n/a,n/a
9063,auto_pass,True,Jaccard ≥ threshold,n/a,n/a,n/a
9065,auto_pass,True,Jaccard ≥ threshold,n/a,n/a,n/a
9066,auto_pass,True,Jaccard ≥ threshold,n/a,n/a,n/a
9067,auto_pass,True,Jaccard ≥ threshold,n/a,n/a,n/a
9068,auto_pass,True,Jaccard ≥ threshold,n/a,n/a,n/a
9069,auto_pass,True,Jaccard ≥ threshold,n/a,n/a,n/a
9070,auto_pass,True,Jaccard ≥ threshold,n/a,n/a,n/a
9071,auto_pass,True,Jaccard ≥ threshold,n/a,n/a,n/a
9074,auto_pass,True,Jaccard ≥ threshold,n/a,n/a,n/a
9075,auto_pass,True,Jaccard ≥ threshold,n/a,n/a,n/a
9077,auto_pass,True,Jaccard ≥ threshold,n/a,n/a,n/a
9078,auto_pass,True,Jaccard ≥ threshold,n/a,n/a,n/a
9079,auto_pass,True,Jaccard ≥ threshold,n/a,n/a,n/a
9081,auto_pass,True,Jaccard ≥ threshold,n/a,n/a,n/a
9082,auto_pass,True,Jaccard ≥ threshold,n/a,n/a,n/a
9083,auto_pass,True,Jaccard ≥ threshold,n/a,n/a,n/a
9084,auto_pass,True,Jaccard ≥ threshold,n/a,n/a,n/a
9085,auto_pass,True,Jaccard ≥ threshold,n/a,n/a,n/a
9087,auto_pass,True,Jaccard ≥ threshold,n/a,n/a,n/a
9088,auto_pass,True,Jaccard ≥ threshold,n/a,n/a,n/a
9089,auto_pass,True,Jaccard ≥ threshold,n/a,n/a,n/a
9090,auto_pass,True,Jaccard ≥ threshold,n/a,n/a,n/a
9092,auto_pass,True,Jaccard ≥ threshold,n/a,n/a,n/a
9093,auto_pass,True,Jaccard ≥ threshold,n/a,n/a,n/a
9095,auto_pass,True,Jaccard ≥ threshold,n/a,n/a,n/a
9101,auto_pass,True,Jaccard ≥ threshold,n/a,n/a,n/a
9102,auto_pass,True,Jaccard ≥ threshold,n/a,n/a,n/a
9103,auto_pass,True,Jaccard ≥ threshold,n/a,n/a,n/a
9108,auto_pass,True,Jaccard ≥ threshold,n/a,n/a,n/a
9109,auto_pass,True,Jaccard ≥ threshold,n/a,n/a,n/a
9112,auto_pass,True,Jaccard ≥ threshold,n/a,n/a,n/a
9113,auto_pass,True,Jaccard ≥ threshold,n/a,n/a,n/a
9116,auto_pass,True,Jaccard ≥ threshold,n/a,n/a,n/a
9120,auto_pass,True,Jaccard ≥ threshold,n/a,n/a,n/a
9123,auto_pass,True,Jaccard ≥ threshold,n/a,n/a,n/a
9124,auto_pass,True,Jaccard ≥ threshold,n/a,n/a,n/a
9129,auto_pass,True,Jaccard ≥ threshold,n/a,n/a,n/a
9130,auto_pass,True,Jaccard ≥ threshold,n/a,n/a,n/a
9131,auto_pass,True,Jaccard ≥ threshold,n/a,n/a,n/a
9132,auto_pass,True,Jaccard ≥ threshold,n/a,n/a,n/a
9134,auto_pass,True,Jaccard ≥ threshold,n/a,n/a,n/a
9137,auto_pass,True,Jaccard ≥ threshold,n/a,n/a,n/a
9141,auto_pass,True,Jaccard ≥ threshold,n/a,n/a,n/a
9143,auto_pass,True,Jaccard ≥ threshold,n/a,n/a,n/a
9145,auto_pass,True,Jaccard ≥ threshold,n/a,n/a,n/a
9146,auto_pass,True,Jaccard ≥ threshold,n/a,n/a,n/a
9147,auto_pass,True,Jaccard ≥ threshold,n/a,n/a,n/a
9148,auto_pass,True,Jaccard ≥ threshold,n/a,n/a,n/a
9153,auto_pass,True,Jaccard ≥ threshold,n/a,n/a,n/a
9154,auto_pass,True,Jaccard ≥ threshold,n/a,n/a,n/a
9155,auto_pass,True,Jaccard ≥ threshold,n/a,n/a,n/a
9161,auto_pass,True,Jaccard ≥ threshold,n/a,n/a,n/a
9163,auto_pass,True,Jaccard ≥ threshold,n/a,n/a,n/a
9164,auto_pass,True,Jaccard ≥ threshold,n/a,n/a,n/a
9166,auto_pass,True,Jaccard ≥ threshold,n/a,n/a,n/a
9167,auto_pass,True,Jaccard ≥ threshold,n/a,n/a,n/a
9168,auto_pass,True,Jaccard ≥ threshold,n/a,n/a,n/a
9170,auto_pass,True,Jaccard ≥ threshold,n/a,n/a,n/a
9171,auto_pass,True,Jaccard ≥ threshold,n/a,n/a,n/a
9173,auto_pass,True,Jaccard ≥ threshold,n/a,n/a,n/a
9176,auto_pass,True,Jaccard ≥ threshold,n/a,n/a,n/a
9177,auto_pass,True,Jaccard ≥ threshold,n/a,n/a,n/a
9178,auto_pass,True,Jaccard ≥ threshold,n/a,n/a,n/a
9179,auto_pass,True,Jaccard ≥ threshold,n/a,n/a,n/a
9180,auto_pass,True,Jaccard ≥ threshold,n/a,n/a,n/a
9181,auto_pass,True,Jaccard ≥ threshold,n/a,n/a,n/a
9183,auto_pass,True,Jaccard ≥ threshold,n/a,n/a,n/a
9184,auto_pass,True,Jaccard ≥ threshold,n/a,n/a,n/a
9185,auto_pass,True,Jaccard ≥ threshold,n/a,n/a,n/a
9186,auto_pass,True,Jaccard ≥ threshold,n/a,n/a,n/a
9190,auto_pass,True,Jaccard ≥ threshold,n/a,n/a,n/a
9192,auto_pass,True,Jaccard ≥ threshold,n/a,n/a,n/a
9193,auto_pass,True,Jaccard ≥ threshold,n/a,n/a,n/a
9195,auto_pass,True,Jaccard ≥ threshold,n/a,n/a,n/a
9196,auto_pass,True,Jaccard ≥ threshold,n/a,n/a,n/a
9199,auto_pass,True,Jaccard ≥ threshold,n/a,n/a,n/a
9201,auto_pass,True,Jaccard ≥ threshold,n/a,n/a,n/a
9202,auto_pass,True,Jaccard ≥ threshold,n/a,n/a,n/a
9204,auto_pass,True,Jaccard ≥ threshold,n/a,n/a,n/a
9208,auto_pass,True,Jaccard ≥ threshold,n/a,n/a,n/a
9209,auto_pass,True,Jaccard ≥ threshold,n/a,n/a,n/a
9213,auto_pass,True,Jaccard ≥ threshold,n/a,n/a,n/a
9214,auto_pass,True,Jaccard ≥ threshold,n/a,n/a,n/a
9215,auto_pass,True,Jaccard ≥ threshold,n/a,n/a,n/a
9216,auto_pass,True,Jaccard ≥ threshold,n/a,n/a,n/a
9217,auto_pass,True,Jaccard ≥ threshold,n/a,n/a,n/a
9218,auto_pass,True,Jaccard ≥ threshold,n/a,n/a,n/a
9221,auto_pass,True,Jaccard ≥ threshold,n/a,n/a,n/a
9222,auto_pass,True,Jaccard ≥ threshold,n/a,n/a,n/a
9226,auto_pass,True,Jaccard ≥ threshold,n/a,n/a,n/a
9229,auto_pass,True,Jaccard ≥ threshold,n/a,n/a,n/a
9230,auto_pass,True,Jaccard ≥ threshold,n/a,n/a,n/a
9231,auto_pass,True,Jaccard ≥ threshold,n/a,n/a,n/a
9234,auto_pass,True,Jaccard ≥ threshold,n/a,n/a,n/a
9237,auto_pass,True,Jaccard ≥ threshold,n/a,n/a,n/a
9245,auto_pass,True,Jaccard ≥ threshold,n/a,n/a,n/a
9246,auto_pass,True,Jaccard ≥ threshold,n/a,n/a,n/a
9247,auto_pass,True,Jaccard ≥ threshold,n/a,n/a,n/a
9248,auto_pass,True,Jaccard ≥ threshold,n/a,n/a,n/a
9251,auto_pass,True,Jaccard ≥ threshold,n/a,n/a,n/a
9255,auto_pass,True,Jaccard ≥ threshold,n/a,n/a,n/a
9256,auto_pass,True,Jaccard ≥ threshold,n/a,n/a,n/a
9257,auto_pass,True,Jaccard ≥ threshold,n/a,n/a,n/a
9261,auto_pass,True,Jaccard ≥ threshold,n/a,n/a,n/a
9262,auto_pass,True,Jaccard ≥ threshold,n/a,n/a,n/a
9264,auto_pass,True,Jaccard ≥ threshold,n/a,n/a,n/a
9268,auto_pass,True,Jaccard ≥ threshold,n/a,n/a,n/a
9270,auto_pass,True,Jaccard ≥ threshold,n/a,n/a,n/a
9272,auto_pass,True,Jaccard ≥ threshold,n/a,n/a,n/a
9276,auto_pass,True,Jaccard ≥ threshold,n/a,n/a,n/a
9277,auto_pass,True,Jaccard ≥ threshold,n/a,n/a,n/a
9279,auto_pass,True,Jaccard ≥ threshold,n/a,n/a,n/a
9280,auto_pass,True,Jaccard ≥ threshold,n/a,n/a,n/a
9282,auto_pass,True,Jaccard ≥ threshold,n/a,n/a,n/a
9284,auto_pass,True,Jaccard ≥ threshold,n/a,n/a,n/a
9287,auto_pass,True,Jaccard ≥ threshold,n/a,n/a,n/a
9288,auto_pass,True,Jaccard ≥ threshold,n/a,n/a,n/a
9289,auto_pass,True,Jaccard ≥ threshold,n/a,n/a,n/a
9300,auto_pass,True,Jaccard ≥ threshold,n/a,n/a,n/a
9301,auto_pass,True,Jaccard ≥ threshold,n/a,n/a,n/a
9302,auto_pass,True,Jaccard ≥ threshold,n/a,n/a,n/a
9306,auto_pass,True,Jaccard ≥ threshold,n/a,n/a,n/a
9307,auto_pass,True,Jaccard ≥ threshold,n/a,n/a,n/a
9311,auto_pass,True,Jaccard ≥ threshold,n/a,n/a,n/a
9317,auto_pass,True,Jaccard ≥ threshold,n/a,n/a,n/a
9321,auto_pass,True,Jaccard ≥ threshold,n/a,n/a,n/a
9322,auto_pass,True,Jaccard ≥ threshold,n/a,n/a,n/a
9324,auto_pass,True,Jaccard ≥ threshold,n/a,n/a,n/a
9325,auto_pass,True,Jaccard ≥ threshold,n/a,n/a,n/a
9326,auto_pass,True,Jaccard ≥ threshold,n/a,n/a,n/a
9330,auto_pass,True,Jaccard ≥ threshold,n/a,n/a,n/a
9331,auto_pass,True,Jaccard ≥ threshold,n/a,n/a,n/a
9333,auto_pass,True,Jaccard ≥ threshold,n/a,n/a,n/a
9338,auto_pass,True,Jaccard ≥ threshold,n/a,n/a,n/a
9340,auto_pass,True,Jaccard ≥ threshold,n/a,n/a,n/a
9345,auto_pass,True,Jaccard ≥ threshold,n/a,n/a,n/a
9347,auto_pass,True,Jaccard ≥ threshold,n/a,n/a,n/a
9349,auto_pass,True,Jaccard ≥ threshold,n/a,n/a,n/a
9352,auto_pass,True,Jaccard ≥ threshold,n/a,n/a,n/a
9354,auto_pass,True,Jaccard ≥ threshold,n/a,n/a,n/a
9365,auto_pass,True,Jaccard ≥ threshold,n/a,n/a,n/a
9366,auto_pass,True,Jaccard ≥ threshold,n/a,n/a,n/a
9367,auto_pass,True,Jaccard ≥ threshold,n/a,n/a,n/a
9371,auto_pass,True,Jaccard ≥ threshold,n/a,n/a,n/a
9373,auto_pass,True,Jaccard ≥ threshold,n/a,n/a,n/a
9375,auto_pass,True,Jaccard ≥ threshold,n/a,n/a,n/a
9378,auto_pass,True,Jaccard ≥ threshold,n/a,n/a,n/a
9382,auto_pass,True,Jaccard ≥ threshold,n/a,n/a,n/a
9386,auto_pass,True,Jaccard ≥ threshold,n/a,n/a,n/a
9390,auto_pass,True,Jaccard ≥ threshold,n/a,n/a,n/a
9392,auto_pass,True,Jaccard ≥ threshold,n/a,n/a,n/a
9395,auto_pass,True,Jaccard ≥ threshold,n/a,n/a,n/a
9398,auto_pass,True,Jaccard ≥ threshold,n/a,n/a,n/a
9399,auto_pass,True,Jaccard ≥ threshold,n/a,n/a,n/a
9402,auto_pass,True,Jaccard ≥ threshold,n/a,n/a,n/a
9406,auto_pass,True,Jaccard ≥ threshold,n/a,n/a,n/a
9407,auto_pass,True,Jaccard ≥ threshold,n/a,n/a,n/a
9413,auto_pass,True,Jaccard ≥ threshold,n/a,n/a,n/a
9415,auto_pass,True,Jaccard ≥ threshold,n/a,n/a,n/a
9419,auto_pass,True,Jaccard ≥ threshold,n/a,n/a,n/a
9429,auto_pass,True,Jaccard ≥ threshold,n/a,n/a,n/a
9431,auto_pass,True,Jaccard ≥ threshold,n/a,n/a,n/a
9432,auto_pass,True,Jaccard ≥ threshold,n/a,n/a,n/a
9433,auto_pass,True,Jaccard ≥ threshold,n/a,n/a,n/a
9434,auto_pass,True,Jaccard ≥ threshold,n/a,n/a,n/a
9436,auto_pass,True,Jaccard ≥ threshold,n/a,n/a,n/a
9440,auto_pass,True,Jaccard ≥ threshold,n/a,n/a,n/a
9441,auto_pass,True,Jaccard ≥ threshold,n/a,n/a,n/a
9442,auto_pass,True,Jaccard ≥ threshold,n/a,n/a,n/a
9443,auto_pass,True,Jaccard ≥ threshold,n/a,n/a,n/a
9446,auto_pass,True,Jaccard ≥ threshold,n/a,n/a,n/a
9448,auto_pass,True,Jaccard ≥ threshold,n/a,n/a,n/a
9450,auto_pass,True,Jaccard ≥ threshold,n/a,n/a,n/a
9455,auto_pass,True,Jaccard ≥ threshold,n/a,n/a,n/a
9456,auto_pass,True,Jaccard ≥ threshold,n/a,n/a,n/a
9459,auto_pass,True,Jaccard ≥ threshold,n/a,n/a,n/a
9461,auto_pass,True,Jaccard ≥ threshold,n/a,n/a,n/a
9462,auto_pass,True,Jaccard ≥ threshold,n/a,n/a,n/a
9470,auto_pass,True,Jaccard ≥ threshold,n/a,n/a,n/a
9476,auto_pass,True,Jaccard ≥ threshold,n/a,n/a,n/a
9477,auto_pass,True,Jaccard ≥ threshold,n/a,n/a,n/a
9479,auto_pass,True,Jaccard ≥ threshold,n/a,n/a,n/a
9482,auto_pass,True,Jaccard ≥ threshold,n/a,n/a,n/a
9483,auto_pass,True,Jaccard ≥ threshold,n/a,n/a,n/a
9484,auto_pass,True,Jaccard ≥ threshold,n/a,n/a,n/a
9485,auto_pass,True,Jaccard ≥ threshold,n/a,n/a,n/a
9487,auto_pass,True,Jaccard ≥ threshold,n/a,n/a,n/a
9488,auto_pass,True,Jaccard ≥ threshold,n/a,n/a,n/a
9489,auto_pass,True,Jaccard ≥ threshold,n/a,n/a,n/a
9490,auto_pass,True,Jaccard ≥ threshold,n/a,n/a,n/a
9491,auto_pass,True,Jaccard ≥ threshold,n/a,n/a,n/a
9493,auto_pass,True,Jaccard ≥ threshold,n/a,n/a,n/a
9495,auto_pass,True,Jaccard ≥ threshold,n/a,n/a,n/a
9501,auto_pass,True,Jaccard ≥ threshold,n/a,n/a,n/a
9502,auto_pass,True,Jaccard ≥ threshold,n/a,n/a,n/a
9505,auto_pass,True,Jaccard ≥ threshold,n/a,n/a,n/a
9507,auto_pass,True,Jaccard ≥ threshold,n/a,n/a,n/a
9508,auto_pass,True,Jaccard ≥ threshold,n/a,n/a,n/a
9509,auto_pass,True,Jaccard ≥ threshold,n/a,n/a,n/a
9510,auto_pass,True,Jaccard ≥ threshold,n/a,n/a,n/a
9511,auto_pass,True,Jaccard ≥ threshold,n/a,n/a,n/a
9512,auto_pass,True,Jaccard ≥ threshold,n/a,n/a,n/a
9513,auto_pass,True,Jaccard ≥ threshold,n/a,n/a,n/a
9514,auto_pass,True,Jaccard ≥ threshold,n/a,n/a,n/a
9515,auto_pass,True,Jaccard ≥ threshold,n/a,n/a,n/a
9516,auto_pass,True,Jaccard ≥ threshold,n/a,n/a,n/a
9518,auto_pass,True,Jaccard ≥ threshold,n/a,n/a,n/a
9519,auto_pass,True,Jaccard ≥ threshold,n/a,n/a,n/a
9520,auto_pass,True,Jaccard ≥ threshold,n/a,n/a,n/a
9521,auto_pass,True,Jaccard ≥ threshold,n/a,n/a,n/a
9522,auto_pass,True,Jaccard ≥ threshold,n/a,n/a,n/a
9526,auto_pass,True,Jaccard ≥ threshold,n/a,n/a,n/a
9527,auto_pass,True,Jaccard ≥ threshold,n/a,n/a,n/a
9528,auto_pass,True,Jaccard ≥ threshold,n/a,n/a,n/a
9529,auto_pass,True,Jaccard ≥ threshold,n/a,n/a,n/a
9530,auto_pass,True,Jaccard ≥ threshold,n/a,n/a,n/a
9531,auto_pass,True,Jaccard ≥ threshold,n/a,n/a,n/a
9533,auto_pass,True,Jaccard ≥ threshold,n/a,n/a,n/a
9534,auto_pass,True,Jaccard ≥ threshold,n/a,n/a,n/a
9535,auto_pass,True,Jaccard ≥ threshold,n/a,n/a,n/a
9539,auto_pass,True,Jaccard ≥ threshold,n/a,n/a,n/a
9540,auto_pass,True,Jaccard ≥ threshold,n/a,n/a,n/a
9541,auto_pass,True,Jaccard ≥ threshold,n/a,n/a,n/a
9543,auto_pass,True,Jaccard ≥ threshold,n/a,n/a,n/a
9545,auto_pass,True,Jaccard ≥ threshold,n/a,n/a,n/a
9547,auto_pass,True,Jaccard ≥ threshold,n/a,n/a,n/a
9548,auto_pass,True,Jaccard ≥ threshold,n/a,n/a,n/a
9549,auto_pass,True,Jaccard ≥ threshold,n/a,n/a,n/a
9550,auto_pass,True,Jaccard ≥ threshold,n/a,n/a,n/a
9551,auto_pass,True,Jaccard ≥ threshold,n/a,n/a,n/a
9552,auto_pass,True,Jaccard ≥ threshold,n/a,n/a,n/a
9553,auto_pass,True,Jaccard ≥ threshold,n/a,n/a,n/a
9554,auto_pass,True,Jaccard ≥ threshold,n/a,n/a,n/a
9556,auto_pass,True,Jaccard ≥ threshold,n/a,n/a,n/a
9557,auto_pass,True,Jaccard ≥ threshold,n/a,n/a,n/a
9558,auto_pass,True,Jaccard ≥ threshold,n/a,n/a,n/a
9559,auto_pass,True,Jaccard ≥ threshold,n/a,n/a,n/a
9561,auto_pass,True,Jaccard ≥ threshold,n/a,n/a,n/a
9562,auto_pass,True,Jaccard ≥ threshold,n/a,n/a,n/a
9563,auto_pass,True,Jaccard ≥ threshold,n/a,n/a,n/a
9564,auto_pass,True,Jaccard ≥ threshold,n/a,n/a,n/a
9565,auto_pass,True,Jaccard ≥ threshold,n/a,n/a,n/a
9568,auto_pass,True,Jaccard ≥ threshold,n/a,n/a,n/a
9572,auto_pass,True,Jaccard ≥ threshold,n/a,n/a,n/a
9573,auto_pass,True,Jaccard ≥ threshold,n/a,n/a,n/a
9575,auto_pass,True,Jaccard ≥ threshold,n/a,n/a,n/a
9576,auto_pass,True,Jaccard ≥ threshold,n/a,n/a,n/a
9578,auto_pass,True,Jaccard ≥ threshold,n/a,n/a,n/a
9580,auto_pass,True,Jaccard ≥ threshold,n/a,n/a,n/a
9581,auto_pass,True,Jaccard ≥ threshold,n/a,n/a,n/a
9582,auto_pass,True,Jaccard ≥ threshold,n/a,n/a,n/a
9585,auto_pass,True,Jaccard ≥ threshold,n/a,n/a,n/a
9587,auto_pass,True,Jaccard ≥ threshold,n/a,n/a,n/a
9588,auto_pass,True,Jaccard ≥ threshold,n/a,n/a,n/a
9590,auto_pass,True,Jaccard ≥ threshold,n/a,n/a,n/a
9594,auto_pass,True,Jaccard ≥ threshold,n/a,n/a,n/a
9595,auto_pass,True,Jaccard ≥ threshold,n/a,n/a,n/a
9597,auto_pass,True,Jaccard ≥ threshold,n/a,n/a,n/a
9599,auto_pass,True,Jaccard ≥ threshold,n/a,n/a,n/a
9600,auto_pass,True,Jaccard ≥ threshold,n/a,n/a,n/a
9602,auto_pass,True,Jaccard ≥ threshold,n/a,n/a,n/a
9603,auto_pass,True,Jaccard ≥ threshold,n/a,n/a,n/a
9604,auto_pass,True,Jaccard ≥ threshold,n/a,n/a,n/a
9605,auto_pass,True,Jaccard ≥ threshold,n/a,n/a,n/a
9607,auto_pass,True,Jaccard ≥ threshold,n/a,n/a,n/a
9609,auto_pass,True,Jaccard ≥ threshold,n/a,n/a,n/a
9611,auto_pass,True,Jaccard ≥ threshold,n/a,n/a,n/a
9612,auto_pass,True,Jaccard ≥ threshold,n/a,n/a,n/a
9613,auto_pass,True,Jaccard ≥ threshold,n/a,n/a,n/a
9615,auto_pass,True,Jaccard ≥ threshold,n/a,n/a,n/a
9616,auto_pass,True,Jaccard ≥ threshold,n/a,n/a,n/a
9618,auto_pass,True,Jaccard ≥ threshold,n/a,n/a,n/a
9619,auto_pass,True,Jaccard ≥ threshold,n/a,n/a,n/a
9622,auto_pass,True,Jaccard ≥ threshold,n/a,n/a,n/a
9623,auto_pass,True,Jaccard ≥ threshold,n/a,n/a,n/a
9624,auto_pass,True,Jaccard ≥ threshold,n/a,n/a,n/a
9627,auto_pass,True,Jaccard ≥ threshold,n/a,n/a,n/a
9628,auto_pass,True,Jaccard ≥ threshold,n/a,n/a,n/a
9630,auto_pass,True,Jaccard ≥ threshold,n/a,n/a,n/a
9631,auto_pass,True,Jaccard ≥ threshold,n/a,n/a,n/a
9634,auto_pass,True,Jaccard ≥ threshold,n/a,n/a,n/a
9636,auto_pass,True,Jaccard ≥ threshold,n/a,n/a,n/a
9638,auto_pass,True,Jaccard ≥ threshold,n/a,n/a,n/a
9639,auto_pass,True,Jaccard ≥ threshold,n/a,n/a,n/a
9641,auto_pass,True,Jaccard ≥ threshold,n/a,n/a,n/a
9643,auto_pass,True,Jaccard ≥ threshold,n/a,n/a,n/a
9645,auto_pass,True,Jaccard ≥ threshold,n/a,n/a,n/a
9646,auto_pass,True,Jaccard ≥ threshold,n/a,n/a,n/a
9647,auto_pass,True,Jaccard ≥ threshold,n/a,n/a,n/a
9648,auto_pass,True,Jaccard ≥ threshold,n/a,n/a,n/a
9649,auto_pass,True,Jaccard ≥ threshold,n/a,n/a,n/a
9650,auto_pass,True,Jaccard ≥ threshold,n/a,n/a,n/a
9654,auto_pass,True,Jaccard ≥ threshold,n/a,n/a,n/a
9655,auto_pass,True,Jaccard ≥ threshold,n/a,n/a,n/a
9657,auto_pass,True,Jaccard ≥ threshold,n/a,n/a,n/a
9660,auto_pass,True,Jaccard ≥ threshold,n/a,n/a,n/a
9661,auto_pass,True,Jaccard ≥ threshold,n/a,n/a,n/a
9662,auto_pass,True,Jaccard ≥ threshold,n/a,n/a,n/a
9663,auto_pass,True,Jaccard ≥ threshold,n/a,n/a,n/a
9667,auto_pass,True,Jaccard ≥ threshold,n/a,n/a,n/a
9668,auto_pass,True,Jaccard ≥ threshold,n/a,n/a,n/a
9673,auto_pass,True,Jaccard ≥ threshold,n/a,n/a,n/a
9674,auto_pass,True,Jaccard ≥ threshold,n/a,n/a,n/a
9675,auto_pass,True,Jaccard ≥ threshold,n/a,n/a,n/a
9678,auto_pass,True,Jaccard ≥ threshold,n/a,n/a,n/a
9679,auto_pass,True,Jaccard ≥ threshold,n/a,n/a,n/a
9682,auto_pass,True,Jaccard ≥ threshold,n/a,n/a,n/a
9683,auto_pass,True,Jaccard ≥ threshold,n/a,n/a,n/a
9684,auto_pass,True,Jaccard ≥ threshold,n/a,n/a,n/a
9685,auto_pass,True,Jaccard ≥ threshold,n/a,n/a,n/a
9686,auto_pass,True,Jaccard ≥ threshold,n/a,n/a,n/a
9687,auto_pass,True,Jaccard ≥ threshold,n/a,n/a,n/a
9690,auto_pass,True,Jaccard ≥ threshold,n/a,n/a,n/a
9692,auto_pass,True,Jaccard ≥ threshold,n/a,n/a,n/a
9693,auto_pass,True,Jaccard ≥ threshold,n/a,n/a,n/a
9695,auto_pass,True,Jaccard ≥ threshold,n/a,n/a,n/a
9698,auto_pass,True,Jaccard ≥ threshold,n/a,n/a,n/a
9701,auto_pass,True,Jaccard ≥ threshold,n/a,n/a,n/a
9703,auto_pass,True,Jaccard ≥ threshold,n/a,n/a,n/a
9704,auto_pass,True,Jaccard ≥ threshold,n/a,n/a,n/a
9705,auto_pass,True,Jaccard ≥ threshold,n/a,n/a,n/a
9706,auto_pass,True,Jaccard ≥ threshold,n/a,n/a,n/a
9712,auto_pass,True,Jaccard ≥ threshold,n/a,n/a,n/a
9715,auto_pass,True,Jaccard ≥ threshold,n/a,n/a,n/a
9716,auto_pass,True,Jaccard ≥ threshold,n/a,n/a,n/a
9719,auto_pass,True,Jaccard ≥ threshold,n/a,n/a,n/a
9726,auto_pass,True,Jaccard ≥ threshold,n/a,n/a,n/a
9734,auto_pass,True,Jaccard ≥ threshold,n/a,n/a,n/a
9735,auto_pass,True,Jaccard ≥ threshold,n/a,n/a,n/a
9736,auto_pass,True,Jaccard ≥ threshold,n/a,n/a,n/a
9738,auto_pass,True,Jaccard ≥ threshold,n/a,n/a,n/a
9742,auto_pass,True,Jaccard ≥ threshold,n/a,n/a,n/a
9745,auto_pass,True,Jaccard ≥ threshold,n/a,n/a,n/a
9752,auto_pass,True,Jaccard ≥ threshold,n/a,n/a,n/a
9754,auto_pass,True,Jaccard ≥ threshold,n/a,n/a,n/a
9757,auto_pass,True,Jaccard ≥ threshold,n/a,n/a,n/a
9758,auto_pass,True,Jaccard ≥ threshold,n/a,n/a,n/a
9764,auto_pass,True,Jaccard ≥ threshold,n/a,n/a,n/a
9765,auto_pass,True,Jaccard ≥ threshold,n/a,n/a,n/a
9769,auto_pass,True,Jaccard ≥ threshold,n/a,n/a,n/a
9776,auto_pass,True,Jaccard ≥ threshold,n/a,n/a,n/a
9777,auto_pass,True,Jaccard ≥ threshold,n/a,n/a,n/a
9778,auto_pass,True,Jaccard ≥ threshold,n/a,n/a,n/a
9780,auto_pass,True,Jaccard ≥ threshold,n/a,n/a,n/a
9782,auto_pass,True,Jaccard ≥ threshold,n/a,n/a,n/a
9784,auto_pass,True,Jaccard ≥ threshold,n/a,n/a,n/a
9786,auto_pass,True,Jaccard ≥ threshold,n/a,n/a,n/a
9787,auto_pass,True,Jaccard ≥ threshold,n/a,n/a,n/a
9789,auto_pass,True,Jaccard ≥ threshold,n/a,n/a,n/a
9790,auto_pass,True,Jaccard ≥ threshold,n/a,n/a,n/a
9793,auto_pass,True,Jaccard ≥ threshold,n/a,n/a,n/a
9795,auto_pass,True,Jaccard ≥ threshold,n/a,n/a,n/a
9796,auto_pass,True,Jaccard ≥ threshold,n/a,n/a,n/a
9801,auto_pass,True,Jaccard ≥ threshold,n/a,n/a,n/a
9802,auto_pass,True,Jaccard ≥ threshold,n/a,n/a,n/a
9803,auto_pass,True,Jaccard ≥ threshold,n/a,n/a,n/a
9805,auto_pass,True,Jaccard ≥ threshold,n/a,n/a,n/a
9806,auto_pass,True,Jaccard ≥ threshold,n/a,n/a,n/a
9808,auto_pass,True,Jaccard ≥ threshold,n/a,n/a,n/a
9813,auto_pass,True,Jaccard ≥ threshold,n/a,n/a,n/a
9815,auto_pass,True,Jaccard ≥ threshold,n/a,n/a,n/a
9816,auto_pass,True,Jaccard ≥ threshold,n/a,n/a,n/a
9819,auto_pass,True,Jaccard ≥ threshold,n/a,n/a,n/a
9821,auto_pass,True,Jaccard ≥ threshold,n/a,n/a,n/a
9827,auto_pass,True,Jaccard ≥ threshold,n/a,n/a,n/a
9828,auto_pass,True,Jaccard ≥ threshold,n/a,n/a,n/a
9831,auto_pass,True,Jaccard ≥ threshold,n/a,n/a,n/a
9833,auto_pass,True,Jaccard ≥ threshold,n/a,n/a,n/a
9834,auto_pass,True,Jaccard ≥ threshold,n/a,n/a,n/a
9835,auto_pass,True,Jaccard ≥ threshold,n/a,n/a,n/a
9837,auto_pass,True,Jaccard ≥ threshold,n/a,n/a,n/a
9842,auto_pass,True,Jaccard ≥ threshold,n/a,n/a,n/a
9843,auto_pass,True,Jaccard ≥ threshold,n/a,n/a,n/a
9844,auto_pass,True,Jaccard ≥ threshold,n/a,n/a,n/a
9846,auto_pass,True,Jaccard ≥ threshold,n/a,n/a,n/a
9851,auto_pass,True,Jaccard ≥ threshold,n/a,n/a,n/a
9852,auto_pass,True,Jaccard ≥ threshold,n/a,n/a,n/a
9854,auto_pass,True,Jaccard ≥ threshold,n/a,n/a,n/a
9857,auto_pass,True,Jaccard ≥ threshold,n/a,n/a,n/a
9858,auto_pass,True,Jaccard ≥ threshold,n/a,n/a,n/a
9859,auto_pass,True,Jaccard ≥ threshold,n/a,n/a,n/a
9862,auto_pass,True,Jaccard ≥ threshold,n/a,n/a,n/a
9865,auto_pass,True,Jaccard ≥ threshold,n/a,n/a,n/a
9867,auto_pass,True,Jaccard ≥ threshold,n/a,n/a,n/a
9873,auto_pass,True,Jaccard ≥ threshold,n/a,n/a,n/a
9875,auto_pass,True,Jaccard ≥ threshold,n/a,n/a,n/a
9877,auto_pass,True,Jaccard ≥ threshold,n/a,n/a,n/a
9878,auto_pass,True,Jaccard ≥ threshold,n/a,n/a,n/a
9879,auto_pass,True,Jaccard ≥ threshold,n/a,n/a,n/a
9880,auto_pass,True,Jaccard ≥ threshold,n/a,n/a,n/a
9883,auto_pass,True,Jaccard ≥ threshold,n/a,n/a,n/a
9884,auto_pass,True,Jaccard ≥ threshold,n/a,n/a,n/a
9885,auto_pass,True,Jaccard ≥ threshold,n/a,n/a,n/a
9889,auto_pass,True,Jaccard ≥ threshold,n/a,n/a,n/a
9890,auto_pass,True,Jaccard ≥ threshold,n/a,n/a,n/a
9892,auto_pass,True,Jaccard ≥ threshold,n/a,n/a,n/a
9896,auto_pass,True,Jaccard ≥ threshold,n/a,n/a,n/a
9899,auto_pass,True,Jaccard ≥ threshold,n/a,n/a,n/a
9900,auto_pass,True,Jaccard ≥ threshold,n/a,n/a,n/a
9901,auto_pass,True,Jaccard ≥ threshold,n/a,n/a,n/a
9903,auto_pass,True,Jaccard ≥ threshold,n/a,n/a,n/a
9905,auto_pass,True,Jaccard ≥ threshold,n/a,n/a,n/a
9907,auto_pass,True,Jaccard ≥ threshold,n/a,n/a,n/a
9910,auto_pass,True,Jaccard ≥ threshold,n/a,n/a,n/a
9911,auto_pass,True,Jaccard ≥ threshold,n/a,n/a,n/a
9912,auto_pass,True,Jaccard ≥ threshold,n/a,n/a,n/a
9913,auto_pass,True,Jaccard ≥ threshold,n/a,n/a,n/a
9917,auto_pass,True,Jaccard ≥ threshold,n/a,n/a,n/a
9918,auto_pass,True,Jaccard ≥ threshold,n/a,n/a,n/a
9927,auto_pass,True,Jaccard ≥ threshold,n/a,n/a,n/a
9928,auto_pass,True,Jaccard ≥ threshold,n/a,n/a,n/a
9929,auto_pass,True,Jaccard ≥ threshold,n/a,n/a,n/a
9933,auto_pass,True,Jaccard ≥ threshold,n/a,n/a,n/a
9938,auto_pass,True,Jaccard ≥ threshold,n/a,n/a,n/a
9941,auto_pass,True,Jaccard ≥ threshold,n/a,n/a,n/a
9943,auto_pass,True,Jaccard ≥ threshold,n/a,n/a,n/a
9946,auto_pass,True,Jaccard ≥ threshold,n/a,n/a,n/a
9947,auto_pass,True,Jaccard ≥ threshold,n/a,n/a,n/a
9948,auto_pass,True,Jaccard ≥ threshold,n/a,n/a,n/a
9954,auto_pass,True,Jaccard ≥ threshold,n/a,n/a,n/a
9957,auto_pass,True,Jaccard ≥ threshold,n/a,n/a,n/a
9960,auto_pass,True,Jaccard ≥ threshold,n/a,n/a,n/a
9962,auto_pass,True,Jaccard ≥ threshold,n/a,n/a,n/a
9964,auto_pass,True,Jaccard ≥ threshold,n/a,n/a,n/a
9966,auto_pass,True,Jaccard ≥ threshold,n/a,n/a,n/a
9967,auto_pass,True,Jaccard ≥ threshold,n/a,n/a,n/a
9969,auto_pass,True,Jaccard ≥ threshold,n/a,n/a,n/a
9970,auto_pass,True,Jaccard ≥ threshold,n/a,n/a,n/a
9972,auto_pass,True,Jaccard ≥ threshold,n/a,n/a,n/a
9973,auto_pass,True,Jaccard ≥ threshold,n/a,n/a,n/a
9975,auto_pass,True,Jaccard ≥ threshold,n/a,n/a,n/a
9978,auto_pass,True,Jaccard ≥ threshold,n/a,n/a,n/a
9981,auto_pass,True,Jaccard ≥ threshold,n/a,n/a,n/a
9982,auto_pass,True,Jaccard ≥ threshold,n/a,n/a,n/a
9983,auto_pass,True,Jaccard ≥ threshold,n/a,n/a,n/a
9984,auto_pass,True,Jaccard ≥ threshold,n/a,n/a,n/a
9990,auto_pass,True,Jaccard ≥ threshold,n/a,n/a,n/a
9993,auto_pass,True,Jaccard ≥ threshold,n/a,n/a,n/a
9996,auto_pass,True,Jaccard ≥ threshold,n/a,n/a,n/a
9997,auto_pass,True,Jaccard ≥ threshold,n/a,n/a,n/a
9998,auto_pass,True,Jaccard ≥ threshold,n/a,n/a,n/a
9999,auto_pass,True,Jaccard ≥ threshold,n/a,n/a,n/a
10000,auto_pass,True,Jaccard ≥ threshold,n/a,n/a,n/a
10001,auto_pass,True,Jaccard ≥ threshold,n/a,n/a,n/a
10003,auto_pass,True,Jaccard ≥ threshold,n/a,n/a,n/a
10006,auto_pass,True,Jaccard ≥ threshold,n/a,n/a,n/a
10010,auto_pass,True,Jaccard ≥ threshold,n/a,n/a,n/a
10012,auto_pass,True,Jaccard ≥ threshold,n/a,n/a,n/a
10013,auto_pass,True,Jaccard ≥ threshold,n/a,n/a,n/a
10015,auto_pass,True,Jaccard ≥ threshold,n/a,n/a,n/a
10016,auto_pass,True,Jaccard ≥ threshold,n/a,n/a,n/a
10018,auto_pass,True,Jaccard ≥ threshold,n/a,n/a,n/a
10019,auto_pass,True,Jaccard ≥ threshold,n/a,n/a,n/a
10026,auto_pass,True,Jaccard ≥ threshold,n/a,n/a,n/a
10028,auto_pass,True,Jaccard ≥ threshold,n/a,n/a,n/a
10031,auto_pass,True,Jaccard ≥ threshold,n/a,n/a,n/a
10032,auto_pass,True,Jaccard ≥ threshold,n/a,n/a,n/a
10033,auto_pass,True,Jaccard ≥ threshold,n/a,n/a,n/a
10036,auto_pass,True,Jaccard ≥ threshold,n/a,n/a,n/a
10037,auto_pass,True,Jaccard ≥ threshold,n/a,n/a,n/a
10038,auto_pass,True,Jaccard ≥ threshold,n/a,n/a,n/a
10043,auto_pass,True,Jaccard ≥ threshold,n/a,n/a,n/a
10044,auto_pass,True,Jaccard ≥ threshold,n/a,n/a,n/a
10045,auto_pass,True,Jaccard ≥ threshold,n/a,n/a,n/a
10047,auto_pass,True,Jaccard ≥ threshold,n/a,n/a,n/a
10049,auto_pass,True,Jaccard ≥ threshold,n/a,n/a,n/a
10050,auto_pass,True,Jaccard ≥ threshold,n/a,n/a,n/a
10051,auto_pass,True,Jaccard ≥ threshold,n/a,n/a,n/a
10052,auto_pass,True,Jaccard ≥ threshold,n/a,n/a,n/a
10053,auto_pass,True,Jaccard ≥ threshold,n/a,n/a,n/a
10057,auto_pass,True,Jaccard ≥ threshold,n/a,n/a,n/a
10059,auto_pass,True,Jaccard ≥ threshold,n/a,n/a,n/a
10063,auto_pass,True,Jaccard ≥ threshold,n/a,n/a,n/a
10066,auto_pass,True,Jaccard ≥ threshold,n/a,n/a,n/a
10068,auto_pass,True,Jaccard ≥ threshold,n/a,n/a,n/a
10069,auto_pass,True,Jaccard ≥ threshold,n/a,n/a,n/a
10070,auto_pass,True,Jaccard ≥ threshold,n/a,n/a,n/a
10075,auto_pass,True,Jaccard ≥ threshold,n/a,n/a,n/a
10077,auto_pass,True,Jaccard ≥ threshold,n/a,n/a,n/a
10078,auto_pass,True,Jaccard ≥ threshold,n/a,n/a,n/a
10082,auto_pass,True,Jaccard ≥ threshold,n/a,n/a,n/a
10086,auto_pass,True,Jaccard ≥ threshold,n/a,n/a,n/a
10089,auto_pass,True,Jaccard ≥ threshold,n/a,n/a,n/a
10097,auto_pass,True,Jaccard ≥ threshold,n/a,n/a,n/a
10098,auto_pass,True,Jaccard ≥ threshold,n/a,n/a,n/a
10100,auto_pass,True,Jaccard ≥ threshold,n/a,n/a,n/a
10101,auto_pass,True,Jaccard ≥ threshold,n/a,n/a,n/a
10102,auto_pass,True,Jaccard ≥ threshold,n/a,n/a,n/a
10107,auto_pass,True,Jaccard ≥ threshold,n/a,n/a,n/a
10108,auto_pass,True,Jaccard ≥ threshold,n/a,n/a,n/a
10109,auto_pass,True,Jaccard ≥ threshold,n/a,n/a,n/a
10110,auto_pass,True,Jaccard ≥ threshold,n/a,n/a,n/a
10111,auto_pass,True,Jaccard ≥ threshold,n/a,n/a,n/a
10112,auto_pass,True,Jaccard ≥ threshold,n/a,n/a,n/a
10116,auto_pass,True,Jaccard ≥ threshold,n/a,n/a,n/a
10120,auto_pass,True,Jaccard ≥ threshold,n/a,n/a,n/a
10122,auto_pass,True,Jaccard ≥ threshold,n/a,n/a,n/a
10124,auto_pass,True,Jaccard ≥ threshold,n/a,n/a,n/a
10126,auto_pass,True,Jaccard ≥ threshold,n/a,n/a,n/a
10127,auto_pass,True,Jaccard ≥ threshold,n/a,n/a,n/a
10134,auto_pass,True,Jaccard ≥ threshold,n/a,n/a,n/a
10137,auto_pass,True,Jaccard ≥ threshold,n/a,n/a,n/a
10144,auto_pass,True,Jaccard ≥ threshold,n/a,n/a,n/a
10146,auto_pass,True,Jaccard ≥ threshold,n/a,n/a,n/a
10151,auto_pass,True,Jaccard ≥ threshold,n/a,n/a,n/a
10153,auto_pass,True,Jaccard ≥ threshold,n/a,n/a,n/a
10154,auto_pass,True,Jaccard ≥ threshold,n/a,n/a,n/a
10155,auto_pass,True,Jaccard ≥ threshold,n/a,n/a,n/a
10157,auto_pass,True,Jaccard ≥ threshold,n/a,n/a,n/a
10170,auto_pass,True,Jaccard ≥ threshold,n/a,n/a,n/a
10171,auto_pass,True,Jaccard ≥ threshold,n/a,n/a,n/a
10173,auto_pass,True,Jaccard ≥ threshold,n/a,n/a,n/a
10175,auto_pass,True,Jaccard ≥ threshold,n/a,n/a,n/a
10177,auto_pass,True,Jaccard ≥ threshold,n/a,n/a,n/a
10179,auto_pass,True,Jaccard ≥ threshold,n/a,n/a,n/a
10184,auto_pass,True,Jaccard ≥ threshold,n/a,n/a,n/a
10192,auto_pass,True,Jaccard ≥ threshold,n/a,n/a,n/a
10200,auto_pass,True,Jaccard ≥ threshold,n/a,n/a,n/a
10206,auto_pass,True,Jaccard ≥ threshold,n/a,n/a,n/a
10207,auto_pass,True,Jaccard ≥ threshold,n/a,n/a,n/a
10208,auto_pass,True,Jaccard ≥ threshold,n/a,n/a,n/a
10215,auto_pass,True,Jaccard ≥ threshold,n/a,n/a,n/a
10217,auto_pass,True,Jaccard ≥ threshold,n/a,n/a,n/a
10218,auto_pass,True,Jaccard ≥ threshold,n/a,n/a,n/a
10223,auto_pass,True,Jaccard ≥ threshold,n/a,n/a,n/a
10225,auto_pass,True,Jaccard ≥ threshold,n/a,n/a,n/a
10226,auto_pass,True,Jaccard ≥ threshold,n/a,n/a,n/a
10228,auto_pass,True,Jaccard ≥ threshold,n/a,n/a,n/a
10230,auto_pass,True,Jaccard ≥ threshold,n/a,n/a,n/a
10232,auto_pass,True,Jaccard ≥ threshold,n/a,n/a,n/a
10239,auto_pass,True,Jaccard ≥ threshold,n/a,n/a,n/a
10243,auto_pass,True,Jaccard ≥ threshold,n/a,n/a,n/a
10248,auto_pass,True,Jaccard ≥ threshold,n/a,n/a,n/a
10249,auto_pass,True,Jaccard ≥ threshold,n/a,n/a,n/a
10250,auto_pass,True,Jaccard ≥ threshold,n/a,n/a,n/a
10253,auto_pass,True,Jaccard ≥ threshold,n/a,n/a,n/a
10260,auto_pass,True,Jaccard ≥ threshold,n/a,n/a,n/a
10261,auto_pass,True,Jaccard ≥ threshold,n/a,n/a,n/a
10264,auto_pass,True,Jaccard ≥ threshold,n/a,n/a,n/a
10266,auto_pass,True,Jaccard ≥ threshold,n/a,n/a,n/a
10267,auto_pass,True,Jaccard ≥ threshold,n/a,n/a,n/a
10270,auto_pass,True,Jaccard ≥ threshold,n/a,n/a,n/a
10272,auto_pass,True,Jaccard ≥ threshold,n/a,n/a,n/a
10273,auto_pass,True,Jaccard ≥ threshold,n/a,n/a,n/a
10274,auto_pass,True,Jaccard ≥ threshold,n/a,n/a,n/a
10275,auto_pass,True,Jaccard ≥ threshold,n/a,n/a,n/a
10278,auto_pass,True,Jaccard ≥ threshold,n/a,n/a,n/a
10281,auto_pass,True,Jaccard ≥ threshold,n/a,n/a,n/a
10282,auto_pass,True,Jaccard ≥ threshold,n/a,n/a,n/a
10283,auto_pass,True,Jaccard ≥ threshold,n/a,n/a,n/a
10284,auto_pass,True,Jaccard ≥ threshold,n/a,n/a,n/a
10286,auto_pass,True,Jaccard ≥ threshold,n/a,n/a,n/a
10287,auto_pass,True,Jaccard ≥ threshold,n/a,n/a,n/a
10288,auto_pass,True,Jaccard ≥ threshold,n/a,n/a,n/a
10289,auto_pass,True,Jaccard ≥ threshold,n/a,n/a,n/a
10293,auto_pass,True,Jaccard ≥ threshold,n/a,n/a,n/a
10297,auto_pass,True,Jaccard ≥ threshold,n/a,n/a,n/a
10300,auto_pass,True,Jaccard ≥ threshold,n/a,n/a,n/a
10307,auto_pass,True,Jaccard ≥ threshold,n/a,n/a,n/a
10308,auto_pass,True,Jaccard ≥ threshold,n/a,n/a,n/a
10309,auto_pass,True,Jaccard ≥ threshold,n/a,n/a,n/a
10310,auto_pass,True,Jaccard ≥ threshold,n/a,n/a,n/a
10311,auto_pass,True,Jaccard ≥ threshold,n/a,n/a,n/a
10313,auto_pass,True,Jaccard ≥ threshold,n/a,n/a,n/a
10317,auto_pass,True,Jaccard ≥ threshold,n/a,n/a,n/a
10321,auto_pass,True,Jaccard ≥ threshold,n/a,n/a,n/a
10322,auto_pass,True,Jaccard ≥ threshold,n/a,n/a,n/a
10324,auto_pass,True,Jaccard ≥ threshold,n/a,n/a,n/a
10328,auto_pass,True,Jaccard ≥ threshold,n/a,n/a,n/a
10329,auto_pass,True,Jaccard ≥ threshold,n/a,n/a,n/a
10338,auto_pass,True,Jaccard ≥ threshold,n/a,n/a,n/a
10340,auto_pass,True,Jaccard ≥ threshold,n/a,n/a,n/a
10341,auto_pass,True,Jaccard ≥ threshold,n/a,n/a,n/a
10342,auto_pass,True,Jaccard ≥ threshold,n/a,n/a,n/a
10343,auto_pass,True,Jaccard ≥ threshold,n/a,n/a,n/a
10345,auto_pass,True,Jaccard ≥ threshold,n/a,n/a,n/a
10347,auto_pass,True,Jaccard ≥ threshold,n/a,n/a,n/a
10349,auto_pass,True,Jaccard ≥ threshold,n/a,n/a,n/a
10350,auto_pass,True,Jaccard ≥ threshold,n/a,n/a,n/a
10352,auto_pass,True,Jaccard ≥ threshold,n/a,n/a,n/a
10353,auto_pass,True,Jaccard ≥ threshold,n/a,n/a,n/a
10354,auto_pass,True,Jaccard ≥ threshold,n/a,n/a,n/a
10357,auto_pass,True,Jaccard ≥ threshold,n/a,n/a,n/a
10359,auto_pass,True,Jaccard ≥ threshold,n/a,n/a,n/a
10360,auto_pass,True,Jaccard ≥ threshold,n/a,n/a,n/a
10361,auto_pass,True,Jaccard ≥ threshold,n/a,n/a,n/a
10364,auto_pass,True,Jaccard ≥ threshold,n/a,n/a,n/a
10365,auto_pass,True,Jaccard ≥ threshold,n/a,n/a,n/a
10366,auto_pass,True,Jaccard ≥ threshold,n/a,n/a,n/a
10369,auto_pass,True,Jaccard ≥ threshold,n/a,n/a,n/a
10370,auto_pass,True,Jaccard ≥ threshold,n/a,n/a,n/a
10371,auto_pass,True,Jaccard ≥ threshold,n/a,n/a,n/a
10375,auto_pass,True,Jaccard ≥ threshold,n/a,n/a,n/a
10377,auto_pass,True,Jaccard ≥ threshold,n/a,n/a,n/a
10379,auto_pass,True,Jaccard ≥ threshold,n/a,n/a,n/a
10382,auto_pass,True,Jaccard ≥ threshold,n/a,n/a,n/a
10383,auto_pass,True,Jaccard ≥ threshold,n/a,n/a,n/a
10387,auto_pass,True,Jaccard ≥ threshold,n/a,n/a,n/a
10391,auto_pass,True,Jaccard ≥ threshold,n/a,n/a,n/a
10393,auto_pass,True,Jaccard ≥ threshold,n/a,n/a,n/a
10394,auto_pass,True,Jaccard ≥ threshold,n/a,n/a,n/a
10395,auto_pass,True,Jaccard ≥ threshold,n/a,n/a,n/a
10404,auto_pass,True,Jaccard ≥ threshold,n/a,n/a,n/a
10406,auto_pass,True,Jaccard ≥ threshold,n/a,n/a,n/a
10409,auto_pass,True,Jaccard ≥ threshold,n/a,n/a,n/a
10411,auto_pass,True,Jaccard ≥ threshold,n/a,n/a,n/a
10412,auto_pass,True,Jaccard ≥ threshold,n/a,n/a,n/a
10413,auto_pass,True,Jaccard ≥ threshold,n/a,n/a,n/a
10414,auto_pass,True,Jaccard ≥ threshold,n/a,n/a,n/a
10415,auto_pass,True,Jaccard ≥ threshold,n/a,n/a,n/a
10416,auto_pass,True,Jaccard ≥ threshold,n/a,n/a,n/a
10417,auto_pass,True,Jaccard ≥ threshold,n/a,n/a,n/a
10418,auto_pass,True,Jaccard ≥ threshold,n/a,n/a,n/a
10419,auto_pass,True,Jaccard ≥ threshold,n/a,n/a,n/a
10422,auto_pass,True,Jaccard ≥ threshold,n/a,n/a,n/a
10424,auto_pass,True,Jaccard ≥ threshold,n/a,n/a,n/a
10425,auto_pass,True,Jaccard ≥ threshold,n/a,n/a,n/a
10427,auto_pass,True,Jaccard ≥ threshold,n/a,n/a,n/a
10428,auto_pass,True,Jaccard ≥ threshold,n/a,n/a,n/a
10429,auto_pass,True,Jaccard ≥ threshold,n/a,n/a,n/a
10430,auto_pass,True,Jaccard ≥ threshold,n/a,n/a,n/a
10431,auto_pass,True,Jaccard ≥ threshold,n/a,n/a,n/a
10434,auto_pass,True,Jaccard ≥ threshold,n/a,n/a,n/a
10435,auto_pass,True,Jaccard ≥ threshold,n/a,n/a,n/a
10438,auto_pass,True,Jaccard ≥ threshold,n/a,n/a,n/a
10440,auto_pass,True,Jaccard ≥ threshold,n/a,n/a,n/a
10443,auto_pass,True,Jaccard ≥ threshold,n/a,n/a,n/a
10444,auto_pass,True,Jaccard ≥ threshold,n/a,n/a,n/a
10445,auto_pass,True,Jaccard ≥ threshold,n/a,n/a,n/a
10446,auto_pass,True,Jaccard ≥ threshold,n/a,n/a,n/a
10447,auto_pass,True,Jaccard ≥ threshold,n/a,n/a,n/a
10455,auto_pass,True,Jaccard ≥ threshold,n/a,n/a,n/a
10456,auto_pass,True,Jaccard ≥ threshold,n/a,n/a,n/a
10462,auto_pass,True,Jaccard ≥ threshold,n/a,n/a,n/a
10465,auto_pass,True,Jaccard ≥ threshold,n/a,n/a,n/a
10466,auto_pass,True,Jaccard ≥ threshold,n/a,n/a,n/a
10469,auto_pass,True,Jaccard ≥ threshold,n/a,n/a,n/a
10472,auto_pass,True,Jaccard ≥ threshold,n/a,n/a,n/a
10473,auto_pass,True,Jaccard ≥ threshold,n/a,n/a,n/a
10474,auto_pass,True,Jaccard ≥ threshold,n/a,n/a,n/a
10475,auto_pass,True,Jaccard ≥ threshold,n/a,n/a,n/a
10476,auto_pass,True,Jaccard ≥ threshold,n/a,n/a,n/a
10477,auto_pass,True,Jaccard ≥ threshold,n/a,n/a,n/a
10480,auto_pass,True,Jaccard ≥ threshold,n/a,n/a,n/a
10481,auto_pass,True,Jaccard ≥ threshold,n/a,n/a,n/a
10482,auto_pass,True,Jaccard ≥ threshold,n/a,n/a,n/a
10483,auto_pass,True,Jaccard ≥ threshold,n/a,n/a,n/a
10484,auto_pass,True,Jaccard ≥ threshold,n/a,n/a,n/a
10485,auto_pass,True,Jaccard ≥ threshold,n/a,n/a,n/a
10487,auto_pass,True,Jaccard ≥ threshold,n/a,n/a,n/a
10488,auto_pass,True,Jaccard ≥ threshold,n/a,n/a,n/a
10493,auto_pass,True,Jaccard ≥ threshold,n/a,n/a,n/a
10495,auto_pass,True,Jaccard ≥ threshold,n/a,n/a,n/a
10496,auto_pass,True,Jaccard ≥ threshold,n/a,n/a,n/a
10502,auto_pass,True,Jaccard ≥ threshold,n/a,n/a,n/a
10503,auto_pass,True,Jaccard ≥ threshold,n/a,n/a,n/a
10509,auto_pass,True,Jaccard ≥ threshold,n/a,n/a,n/a
10515,auto_pass,True,Jaccard ≥ threshold,n/a,n/a,n/a
10519,auto_pass,True,Jaccard ≥ threshold,n/a,n/a,n/a
10521,auto_pass,True,Jaccard ≥ threshold,n/a,n/a,n/a
10522,auto_pass,True,Jaccard ≥ threshold,n/a,n/a,n/a
10523,auto_pass,True,Jaccard ≥ threshold,n/a,n/a,n/a
10525,auto_pass,True,Jaccard ≥ threshold,n/a,n/a,n/a
10529,auto_pass,True,Jaccard ≥ threshold,n/a,n/a,n/a
10530,auto_pass,True,Jaccard ≥ threshold,n/a,n/a,n/a
10532,auto_pass,True,Jaccard ≥ threshold,n/a,n/a,n/a
10537,auto_pass,True,Jaccard ≥ threshold,n/a,n/a,n/a
10538,auto_pass,True,Jaccard ≥ threshold,n/a,n/a,n/a
10542,auto_pass,True,Jaccard ≥ threshold,n/a,n/a,n/a
10543,auto_pass,True,Jaccard ≥ threshold,n/a,n/a,n/a
10544,auto_pass,True,Jaccard ≥ threshold,n/a,n/a,n/a
10546,auto_pass,True,Jaccard ≥ threshold,n/a,n/a,n/a
10547,auto_pass,True,Jaccard ≥ threshold,n/a,n/a,n/a
10549,auto_pass,True,Jaccard ≥ threshold,n/a,n/a,n/a
10550,auto_pass,True,Jaccard ≥ threshold,n/a,n/a,n/a
10552,auto_pass,True,Jaccard ≥ threshold,n/a,n/a,n/a
10553,auto_pass,True,Jaccard ≥ threshold,n/a,n/a,n/a
10554,auto_pass,True,Jaccard ≥ threshold,n/a,n/a,n/a
10555,auto_pass,True,Jaccard ≥ threshold,n/a,n/a,n/a
10556,auto_pass,True,Jaccard ≥ threshold,n/a,n/a,n/a
10557,auto_pass,True,Jaccard ≥ threshold,n/a,n/a,n/a
10558,auto_pass,True,Jaccard ≥ threshold,n/a,n/a,n/a
10559,auto_pass,True,Jaccard ≥ threshold,n/a,n/a,n/a
10560,auto_pass,True,Jaccard ≥ threshold,n/a,n/a,n/a
10561,auto_pass,True,Jaccard ≥ threshold,n/a,n/a,n/a
10562,auto_pass,True,Jaccard ≥ threshold,n/a,n/a,n/a
10563,auto_pass,True,Jaccard ≥ threshold,n/a,n/a,n/a
10564,auto_pass,True,Jaccard ≥ threshold,n/a,n/a,n/a
10565,auto_pass,True,Jaccard ≥ threshold,n/a,n/a,n/a
10567,auto_pass,True,Jaccard ≥ threshold,n/a,n/a,n/a
10569,auto_pass,True,Jaccard ≥ threshold,n/a,n/a,n/a
10571,auto_pass,True,Jaccard ≥ threshold,n/a,n/a,n/a
10572,auto_pass,True,Jaccard ≥ threshold,n/a,n/a,n/a
10573,auto_pass,True,Jaccard ≥ threshold,n/a,n/a,n/a
10576,auto_pass,True,Jaccard ≥ threshold,n/a,n/a,n/a
10578,auto_pass,True,Jaccard ≥ threshold,n/a,n/a,n/a
10579,auto_pass,True,Jaccard ≥ threshold,n/a,n/a,n/a
10580,auto_pass,True,Jaccard ≥ threshold,n/a,n/a,n/a
10581,auto_pass,True,Jaccard ≥ threshold,n/a,n/a,n/a
10582,auto_pass,True,Jaccard ≥ threshold,n/a,n/a,n/a
10583,auto_pass,True,Jaccard ≥ threshold,n/a,n/a,n/a
10584,auto_pass,True,Jaccard ≥ threshold,n/a,n/a,n/a
10587,auto_pass,True,Jaccard ≥ threshold,n/a,n/a,n/a
10589,auto_pass,True,Jaccard ≥ threshold,n/a,n/a,n/a
10591,auto_pass,True,Jaccard ≥ threshold,n/a,n/a,n/a
10592,auto_pass,True,Jaccard ≥ threshold,n/a,n/a,n/a
10593,auto_pass,True,Jaccard ≥ threshold,n/a,n/a,n/a
10595,auto_pass,True,Jaccard ≥ threshold,n/a,n/a,n/a
10598,auto_pass,True,Jaccard ≥ threshold,n/a,n/a,n/a
10599,auto_pass,True,Jaccard ≥ threshold,n/a,n/a,n/a
10601,auto_pass,True,Jaccard ≥ threshold,n/a,n/a,n/a
10602,auto_pass,True,Jaccard ≥ threshold,n/a,n/a,n/a
10603,auto_pass,True,Jaccard ≥ threshold,n/a,n/a,n/a
10604,auto_pass,True,Jaccard ≥ threshold,n/a,n/a,n/a
10610,auto_pass,True,Jaccard ≥ threshold,n/a,n/a,n/a
10613,auto_pass,True,Jaccard ≥ threshold,n/a,n/a,n/a
10614,auto_pass,True,Jaccard ≥ threshold,n/a,n/a,n/a
10616,auto_pass,True,Jaccard ≥ threshold,n/a,n/a,n/a
10617,auto_pass,True,Jaccard ≥ threshold,n/a,n/a,n/a
10620,auto_pass,True,Jaccard ≥ threshold,n/a,n/a,n/a
10622,auto_pass,True,Jaccard ≥ threshold,n/a,n/a,n/a
10623,auto_pass,True,Jaccard ≥ threshold,n/a,n/a,n/a
10624,auto_pass,True,Jaccard ≥ threshold,n/a,n/a,n/a
10626,auto_pass,True,Jaccard ≥ threshold,n/a,n/a,n/a
10627,auto_pass,True,Jaccard ≥ threshold,n/a,n/a,n/a
10628,auto_pass,True,Jaccard ≥ threshold,n/a,n/a,n/a
10629,auto_pass,True,Jaccard ≥ threshold,n/a,n/a,n/a
10633,auto_pass,True,Jaccard ≥ threshold,n/a,n/a,n/a
10637,auto_pass,True,Jaccard ≥ threshold,n/a,n/a,n/a
10638,auto_pass,True,Jaccard ≥ threshold,n/a,n/a,n/a
10641,auto_pass,True,Jaccard ≥ threshold,n/a,n/a,n/a
10643,auto_pass,True,Jaccard ≥ threshold,n/a,n/a,n/a
10644,auto_pass,True,Jaccard ≥ threshold,n/a,n/a,n/a
10645,auto_pass,True,Jaccard ≥ threshold,n/a,n/a,n/a
10647,auto_pass,True,Jaccard ≥ threshold,n/a,n/a,n/a
10648,auto_pass,True,Jaccard ≥ threshold,n/a,n/a,n/a
10649,auto_pass,True,Jaccard ≥ threshold,n/a,n/a,n/a
10650,auto_pass,True,Jaccard ≥ threshold,n/a,n/a,n/a
10651,auto_pass,True,Jaccard ≥ threshold,n/a,n/a,n/a
10652,auto_pass,True,Jaccard ≥ threshold,n/a,n/a,n/a
10655,auto_pass,True,Jaccard ≥ threshold,n/a,n/a,n/a
10656,auto_pass,True,Jaccard ≥ threshold,n/a,n/a,n/a
10657,auto_pass,True,Jaccard ≥ threshold,n/a,n/a,n/a
10658,auto_pass,True,Jaccard ≥ threshold,n/a,n/a,n/a
10659,auto_pass,True,Jaccard ≥ threshold,n/a,n/a,n/a
10660,auto_pass,True,Jaccard ≥ threshold,n/a,n/a,n/a
10666,auto_pass,True,Jaccard ≥ threshold,n/a,n/a,n/a
10668,auto_pass,True,Jaccard ≥ threshold,n/a,n/a,n/a
10669,auto_pass,True,Jaccard ≥ threshold,n/a,n/a,n/a
10670,auto_pass,True,Jaccard ≥ threshold,n/a,n/a,n/a
10671,auto_pass,True,Jaccard ≥ threshold,n/a,n/a,n/a
10672,auto_pass,True,Jaccard ≥ threshold,n/a,n/a,n/a
10673,auto_pass,True,Jaccard ≥ threshold,n/a,n/a,n/a
10675,auto_pass,True,Jaccard ≥ threshold,n/a,n/a,n/a
10677,auto_pass,True,Jaccard ≥ threshold,n/a,n/a,n/a
10678,auto_pass,True,Jaccard ≥ threshold,n/a,n/a,n/a
10680,auto_pass,True,Jaccard ≥ threshold,n/a,n/a,n/a
10681,auto_pass,True,Jaccard ≥ threshold,n/a,n/a,n/a
10685,auto_pass,True,Jaccard ≥ threshold,n/a,n/a,n/a
10686,auto_pass,True,Jaccard ≥ threshold,n/a,n/a,n/a
10687,auto_pass,True,Jaccard ≥ threshold,n/a,n/a,n/a
10689,auto_pass,True,Jaccard ≥ threshold,n/a,n/a,n/a
10691,auto_pass,True,Jaccard ≥ threshold,n/a,n/a,n/a
10692,auto_pass,True,Jaccard ≥ threshold,n/a,n/a,n/a
10694,auto_pass,True,Jaccard ≥ threshold,n/a,n/a,n/a
10697,auto_pass,True,Jaccard ≥ threshold,n/a,n/a,n/a
10698,auto_pass,True,Jaccard ≥ threshold,n/a,n/a,n/a
10699,auto_pass,True,Jaccard ≥ threshold,n/a,n/a,n/a
10701,auto_pass,True,Jaccard ≥ threshold,n/a,n/a,n/a
10703,auto_pass,True,Jaccard ≥ threshold,n/a,n/a,n/a
10704,auto_pass,True,Jaccard ≥ threshold,n/a,n/a,n/a
10705,auto_pass,True,Jaccard ≥ threshold,n/a,n/a,n/a
10706,auto_pass,True,Jaccard ≥ threshold,n/a,n/a,n/a
10708,auto_pass,True,Jaccard ≥ threshold,n/a,n/a,n/a
10709,auto_pass,True,Jaccard ≥ threshold,n/a,n/a,n/a
10711,auto_pass,True,Jaccard ≥ threshold,n/a,n/a,n/a
10712,auto_pass,True,Jaccard ≥ threshold,n/a,n/a,n/a
10714,auto_pass,True,Jaccard ≥ threshold,n/a,n/a,n/a
10718,auto_pass,True,Jaccard ≥ threshold,n/a,n/a,n/a
10719,auto_pass,True,Jaccard ≥ threshold,n/a,n/a,n/a
10720,auto_pass,True,Jaccard ≥ threshold,n/a,n/a,n/a
10721,auto_pass,True,Jaccard ≥ threshold,n/a,n/a,n/a
10722,auto_pass,True,Jaccard ≥ threshold,n/a,n/a,n/a
10723,auto_pass,True,Jaccard ≥ threshold,n/a,n/a,n/a
10726,auto_pass,True,Jaccard ≥ threshold,n/a,n/a,n/a
10728,auto_pass,True,Jaccard ≥ threshold,n/a,n/a,n/a
10729,auto_pass,True,Jaccard ≥ threshold,n/a,n/a,n/a
10731,auto_pass,True,Jaccard ≥ threshold,n/a,n/a,n/a
10732,auto_pass,True,Jaccard ≥ threshold,n/a,n/a,n/a
10734,auto_pass,True,Jaccard ≥ threshold,n/a,n/a,n/a
10737,auto_pass,True,Jaccard ≥ threshold,n/a,n/a,n/a
10738,auto_pass,True,Jaccard ≥ threshold,n/a,n/a,n/a
10741,auto_pass,True,Jaccard ≥ threshold,n/a,n/a,n/a
10742,auto_pass,True,Jaccard ≥ threshold,n/a,n/a,n/a
10743,auto_pass,True,Jaccard ≥ threshold,n/a,n/a,n/a
10744,auto_pass,True,Jaccard ≥ threshold,n/a,n/a,n/a
10746,auto_pass,True,Jaccard ≥ threshold,n/a,n/a,n/a
10749,auto_pass,True,Jaccard ≥ threshold,n/a,n/a,n/a
10750,auto_pass,True,Jaccard ≥ threshold,n/a,n/a,n/a
10751,auto_pass,True,Jaccard ≥ threshold,n/a,n/a,n/a
10753,auto_pass,True,Jaccard ≥ threshold,n/a,n/a,n/a
10755,auto_pass,True,Jaccard ≥ threshold,n/a,n/a,n/a
10757,auto_pass,True,Jaccard ≥ threshold,n/a,n/a,n/a
10759,auto_pass,True,Jaccard ≥ threshold,n/a,n/a,n/a
10760,auto_pass,True,Jaccard ≥ threshold,n/a,n/a,n/a
10762,auto_pass,True,Jaccard ≥ threshold,n/a,n/a,n/a
10763,auto_pass,True,Jaccard ≥ threshold,n/a,n/a,n/a
10764,auto_pass,True,Jaccard ≥ threshold,n/a,n/a,n/a
10765,auto_pass,True,Jaccard ≥ threshold,n/a,n/a,n/a
10769,auto_pass,True,Jaccard ≥ threshold,n/a,n/a,n/a
10773,auto_pass,True,Jaccard ≥ threshold,n/a,n/a,n/a
10778,auto_pass,True,Jaccard ≥ threshold,n/a,n/a,n/a
10780,auto_pass,True,Jaccard ≥ threshold,n/a,n/a,n/a
10782,auto_pass,True,Jaccard ≥ threshold,n/a,n/a,n/a
10783,auto_pass,True,Jaccard ≥ threshold,n/a,n/a,n/a
10787,auto_pass,True,Jaccard ≥ threshold,n/a,n/a,n/a
10788,auto_pass,True,Jaccard ≥ threshold,n/a,n/a,n/a
10790,auto_pass,True,Jaccard ≥ threshold,n/a,n/a,n/a
10792,auto_pass,True,Jaccard ≥ threshold,n/a,n/a,n/a
10793,auto_pass,True,Jaccard ≥ threshold,n/a,n/a,n/a
10795,auto_pass,True,Jaccard ≥ threshold,n/a,n/a,n/a
10796,auto_pass,True,Jaccard ≥ threshold,n/a,n/a,n/a
10801,auto_pass,True,Jaccard ≥ threshold,n/a,n/a,n/a
10803,auto_pass,True,Jaccard ≥ threshold,n/a,n/a,n/a
10804,auto_pass,True,Jaccard ≥ threshold,n/a,n/a,n/a
10805,auto_pass,True,Jaccard ≥ threshold,n/a,n/a,n/a
10806,auto_pass,True,Jaccard ≥ threshold,n/a,n/a,n/a
10808,auto_pass,True,Jaccard ≥ threshold,n/a,n/a,n/a
10810,auto_pass,True,Jaccard ≥ threshold,n/a,n/a,n/a
10811,auto_pass,True,Jaccard ≥ threshold,n/a,n/a,n/a
10813,auto_pass,True,Jaccard ≥ threshold,n/a,n/a,n/a
10815,auto_pass,True,Jaccard ≥ threshold,n/a,n/a,n/a
10816,auto_pass,True,Jaccard ≥ threshold,n/a,n/a,n/a
10820,auto_pass,True,Jaccard ≥ threshold,n/a,n/a,n/a
10822,auto_pass,True,Jaccard ≥ threshold,n/a,n/a,n/a
10823,auto_pass,True,Jaccard ≥ threshold,n/a,n/a,n/a
10825,auto_pass,True,Jaccard ≥ threshold,n/a,n/a,n/a
10827,auto_pass,True,Jaccard ≥ threshold,n/a,n/a,n/a
10829,auto_pass,True,Jaccard ≥ threshold,n/a,n/a,n/a
10830,auto_pass,True,Jaccard ≥ threshold,n/a,n/a,n/a
10832,auto_pass,True,Jaccard ≥ threshold,n/a,n/a,n/a
10833,auto_pass,True,Jaccard ≥ threshold,n/a,n/a,n/a
10834,auto_pass,True,Jaccard ≥ threshold,n/a,n/a,n/a
10838,auto_pass,True,Jaccard ≥ threshold,n/a,n/a,n/a
10840,auto_pass,True,Jaccard ≥ threshold,n/a,n/a,n/a
10843,auto_pass,True,Jaccard ≥ threshold,n/a,n/a,n/a
10844,auto_pass,True,Jaccard ≥ threshold,n/a,n/a,n/a
10848,auto_pass,True,Jaccard ≥ threshold,n/a,n/a,n/a
10851,auto_pass,True,Jaccard ≥ threshold,n/a,n/a,n/a
10855,auto_pass,True,Jaccard ≥ threshold,n/a,n/a,n/a
10856,auto_pass,True,Jaccard ≥ threshold,n/a,n/a,n/a
10857,auto_pass,True,Jaccard ≥ threshold,n/a,n/a,n/a
10858,auto_pass,True,Jaccard ≥ threshold,n/a,n/a,n/a
10859,auto_pass,True,Jaccard ≥ threshold,n/a,n/a,n/a
10861,auto_pass,True,Jaccard ≥ threshold,n/a,n/a,n/a
10862,auto_pass,True,Jaccard ≥ threshold,n/a,n/a,n/a
10864,auto_pass,True,Jaccard ≥ threshold,n/a,n/a,n/a
10865,auto_pass,True,Jaccard ≥ threshold,n/a,n/a,n/a
10866,auto_pass,True,Jaccard ≥ threshold,n/a,n/a,n/a
10869,auto_pass,True,Jaccard ≥ threshold,n/a,n/a,n/a
10870,auto_pass,True,Jaccard ≥ threshold,n/a,n/a,n/a
10871,auto_pass,True,Jaccard ≥ threshold,n/a,n/a,n/a
10872,auto_pass,True,Jaccard ≥ threshold,n/a,n/a,n/a
10876,auto_pass,True,Jaccard ≥ threshold,n/a,n/a,n/a
10877,auto_pass,True,Jaccard ≥ threshold,n/a,n/a,n/a
10878,auto_pass,True,Jaccard ≥ threshold,n/a,n/a,n/a
10880,auto_pass,True,Jaccard ≥ threshold,n/a,n/a,n/a
10884,auto_pass,True,Jaccard ≥ threshold,n/a,n/a,n/a
10885,auto_pass,True,Jaccard ≥ threshold,n/a,n/a,n/a
10886,auto_pass,True,Jaccard ≥ threshold,n/a,n/a,n/a
10890,auto_pass,True,Jaccard ≥ threshold,n/a,n/a,n/a
10891,auto_pass,True,Jaccard ≥ threshold,n/a,n/a,n/a
10892,auto_pass,True,Jaccard ≥ threshold,n/a,n/a,n/a
10893,auto_pass,True,Jaccard ≥ threshold,n/a,n/a,n/a
10896,auto_pass,True,Jaccard ≥ threshold,n/a,n/a,n/a
10897,auto_pass,True,Jaccard ≥ threshold,n/a,n/a,n/a
10900,auto_pass,True,Jaccard ≥ threshold,n/a,n/a,n/a
10906,auto_pass,True,Jaccard ≥ threshold,n/a,n/a,n/a
10907,auto_pass,True,Jaccard ≥ threshold,n/a,n/a,n/a
10911,auto_pass,True,Jaccard ≥ threshold,n/a,n/a,n/a
10912,auto_pass,True,Jaccard ≥ threshold,n/a,n/a,n/a
10914,auto_pass,True,Jaccard ≥ threshold,n/a,n/a,n/a
10916,auto_pass,True,Jaccard ≥ threshold,n/a,n/a,n/a
10917,auto_pass,True,Jaccard ≥ threshold,n/a,n/a,n/a
10918,auto_pass,True,Jaccard ≥ threshold,n/a,n/a,n/a
10919,auto_pass,True,Jaccard ≥ threshold,n/a,n/a,n/a
10921,auto_pass,True,Jaccard ≥ threshold,n/a,n/a,n/a
10922,auto_pass,True,Jaccard ≥ threshold,n/a,n/a,n/a
10923,auto_pass,True,Jaccard ≥ threshold,n/a,n/a,n/a
10924,auto_pass,True,Jaccard ≥ threshold,n/a,n/a,n/a
10925,auto_pass,True,Jaccard ≥ threshold,n/a,n/a,n/a
10926,auto_pass,True,Jaccard ≥ threshold,n/a,n/a,n/a
10927,auto_pass,True,Jaccard ≥ threshold,n/a,n/a,n/a
10928,auto_pass,True,Jaccard ≥ threshold,n/a,n/a,n/a
10930,auto_pass,True,Jaccard ≥ threshold,n/a,n/a,n/a
10932,auto_pass,True,Jaccard ≥ threshold,n/a,n/a,n/a
10934,auto_pass,True,Jaccard ≥ threshold,n/a,n/a,n/a
10936,auto_pass,True,Jaccard ≥ threshold,n/a,n/a,n/a
10938,auto_pass,True,Jaccard ≥ threshold,n/a,n/a,n/a
10939,auto_pass,True,Jaccard ≥ threshold,n/a,n/a,n/a
10941,auto_pass,True,Jaccard ≥ threshold,n/a,n/a,n/a
10944,auto_pass,True,Jaccard ≥ threshold,n/a,n/a,n/a
10946,auto_pass,True,Jaccard ≥ threshold,n/a,n/a,n/a
10947,auto_pass,True,Jaccard ≥ threshold,n/a,n/a,n/a
10948,auto_pass,True,Jaccard ≥ threshold,n/a,n/a,n/a
10949,auto_pass,True,Jaccard ≥ threshold,n/a,n/a,n/a
10952,auto_pass,True,Jaccard ≥ threshold,n/a,n/a,n/a
10962,auto_pass,True,Jaccard ≥ threshold,n/a,n/a,n/a
10963,auto_pass,True,Jaccard ≥ threshold,n/a,n/a,n/a
10964,auto_pass,True,Jaccard ≥ threshold,n/a,n/a,n/a
10965,auto_pass,True,Jaccard ≥ threshold,n/a,n/a,n/a
10967,auto_pass,True,Jaccard ≥ threshold,n/a,n/a,n/a
10973,auto_pass,True,Jaccard ≥ threshold,n/a,n/a,n/a
10976,auto_pass,True,Jaccard ≥ threshold,n/a,n/a,n/a
10978,auto_pass,True,Jaccard ≥ threshold,n/a,n/a,n/a
10981,auto_pass,True,Jaccard ≥ threshold,n/a,n/a,n/a
10983,auto_pass,True,Jaccard ≥ threshold,n/a,n/a,n/a
10985,auto_pass,True,Jaccard ≥ threshold,n/a,n/a,n/a
10987,auto_pass,True,Jaccard ≥ threshold,n/a,n/a,n/a
10988,auto_pass,True,Jaccard ≥ threshold,n/a,n/a,n/a
10989,auto_pass,True,Jaccard ≥ threshold,n/a,n/a,n/a
10992,auto_pass,True,Jaccard ≥ threshold,n/a,n/a,n/a
10993,auto_pass,True,Jaccard ≥ threshold,n/a,n/a,n/a
10997,auto_pass,True,Jaccard ≥ threshold,n/a,n/a,n/a
11002,auto_pass,True,Jaccard ≥ threshold,n/a,n/a,n/a
11005,auto_pass,True,Jaccard ≥ threshold,n/a,n/a,n/a
11006,auto_pass,True,Jaccard ≥ threshold,n/a,n/a,n/a
11007,auto_pass,True,Jaccard ≥ threshold,n/a,n/a,n/a
11008,auto_pass,True,Jaccard ≥ threshold,n/a,n/a,n/a
11010,auto_pass,True,Jaccard ≥ threshold,n/a,n/a,n/a
11011,auto_pass,True,Jaccard ≥ threshold,n/a,n/a,n/a
11012,auto_pass,True,Jaccard ≥ threshold,n/a,n/a,n/a
11013,auto_pass,True,Jaccard ≥ threshold,n/a,n/a,n/a
11015,auto_pass,True,Jaccard ≥ threshold,n/a,n/a,n/a
11016,auto_pass,True,Jaccard ≥ threshold,n/a,n/a,n/a
11017,auto_pass,True,Jaccard ≥ threshold,n/a,n/a,n/a
11018,auto_pass,True,Jaccard ≥ threshold,n/a,n/a,n/a
11021,auto_pass,True,Jaccard ≥ threshold,n/a,n/a,n/a
11023,auto_pass,True,Jaccard ≥ threshold,n/a,n/a,n/a
11025,auto_pass,True,Jaccard ≥ threshold,n/a,n/a,n/a
11028,auto_pass,True,Jaccard ≥ threshold,n/a,n/a,n/a
11031,auto_pass,True,Jaccard ≥ threshold,n/a,n/a,n/a
11032,auto_pass,True,Jaccard ≥ threshold,n/a,n/a,n/a
11033,auto_pass,True,Jaccard ≥ threshold,n/a,n/a,n/a
11034,auto_pass,True,Jaccard ≥ threshold,n/a,n/a,n/a
11035,auto_pass,True,Jaccard ≥ threshold,n/a,n/a,n/a
11037,auto_pass,True,Jaccard ≥ threshold,n/a,n/a,n/a
11038,auto_pass,True,Jaccard ≥ threshold,n/a,n/a,n/a
11039,auto_pass,True,Jaccard ≥ threshold,n/a,n/a,n/a
11040,auto_pass,True,Jaccard ≥ threshold,n/a,n/a,n/a
11041,auto_pass,True,Jaccard ≥ threshold,n/a,n/a,n/a
11042,auto_pass,True,Jaccard ≥ threshold,n/a,n/a,n/a
11043,auto_pass,True,Jaccard ≥ threshold,n/a,n/a,n/a
11045,auto_pass,True,Jaccard ≥ threshold,n/a,n/a,n/a
11047,auto_pass,True,Jaccard ≥ threshold,n/a,n/a,n/a
11050,auto_pass,True,Jaccard ≥ threshold,n/a,n/a,n/a
11056,auto_pass,True,Jaccard ≥ threshold,n/a,n/a,n/a
11057,auto_pass,True,Jaccard ≥ threshold,n/a,n/a,n/a
11059,auto_pass,True,Jaccard ≥ threshold,n/a,n/a,n/a
11060,auto_pass,True,Jaccard ≥ threshold,n/a,n/a,n/a
11061,auto_pass,True,Jaccard ≥ threshold,n/a,n/a,n/a
11062,auto_pass,True,Jaccard ≥ threshold,n/a,n/a,n/a
11064,auto_pass,True,Jaccard ≥ threshold,n/a,n/a,n/a
11065,auto_pass,True,Jaccard ≥ threshold,n/a,n/a,n/a
11066,auto_pass,True,Jaccard ≥ threshold,n/a,n/a,n/a
11068,auto_pass,True,Jaccard ≥ threshold,n/a,n/a,n/a
11069,auto_pass,True,Jaccard ≥ threshold,n/a,n/a,n/a
11073,auto_pass,True,Jaccard ≥ threshold,n/a,n/a,n/a
11075,auto_pass,True,Jaccard ≥ threshold,n/a,n/a,n/a
11076,auto_pass,True,Jaccard ≥ threshold,n/a,n/a,n/a
11078,auto_pass,True,Jaccard ≥ threshold,n/a,n/a,n/a
11081,auto_pass,True,Jaccard ≥ threshold,n/a,n/a,n/a
11082,auto_pass,True,Jaccard ≥ threshold,n/a,n/a,n/a
11083,auto_pass,True,Jaccard ≥ threshold,n/a,n/a,n/a
11084,auto_pass,True,Jaccard ≥ threshold,n/a,n/a,n/a
11086,auto_pass,True,Jaccard ≥ threshold,n/a,n/a,n/a
11088,auto_pass,True,Jaccard ≥ threshold,n/a,n/a,n/a
11089,auto_pass,True,Jaccard ≥ threshold,n/a,n/a,n/a
11090,auto_pass,True,Jaccard ≥ threshold,n/a,n/a,n/a
11092,auto_pass,True,Jaccard ≥ threshold,n/a,n/a,n/a
11094,auto_pass,True,Jaccard ≥ threshold,n/a,n/a,n/a
11096,auto_pass,True,Jaccard ≥ threshold,n/a,n/a,n/a
11098,auto_pass,True,Jaccard ≥ threshold,n/a,n/a,n/a
11101,auto_pass,True,Jaccard ≥ threshold,n/a,n/a,n/a
11103,auto_pass,True,Jaccard ≥ threshold,n/a,n/a,n/a
11104,auto_pass,True,Jaccard ≥ threshold,n/a,n/a,n/a
11105,auto_pass,True,Jaccard ≥ threshold,n/a,n/a,n/a
11106,auto_pass,True,Jaccard ≥ threshold,n/a,n/a,n/a
11108,auto_pass,True,Jaccard ≥ threshold,n/a,n/a,n/a
11109,auto_pass,True,Jaccard ≥ threshold,n/a,n/a,n/a
11110,auto_pass,True,Jaccard ≥ threshold,n/a,n/a,n/a
11112,auto_pass,True,Jaccard ≥ threshold,n/a,n/a,n/a
11113,auto_pass,True,Jaccard ≥ threshold,n/a,n/a,n/a
11114,auto_pass,True,Jaccard ≥ threshold,n/a,n/a,n/a
11115,auto_pass,True,Jaccard ≥ threshold,n/a,n/a,n/a
11116,auto_pass,True,Jaccard ≥ threshold,n/a,n/a,n/a
11117,auto_pass,True,Jaccard ≥ threshold,n/a,n/a,n/a
11118,auto_pass,True,Jaccard ≥ threshold,n/a,n/a,n/a
11120,auto_pass,True,Jaccard ≥ threshold,n/a,n/a,n/a
11122,auto_pass,True,Jaccard ≥ threshold,n/a,n/a,n/a
11125,auto_pass,True,Jaccard ≥ threshold,n/a,n/a,n/a
11126,auto_pass,True,Jaccard ≥ threshold,n/a,n/a,n/a
11127,auto_pass,True,Jaccard ≥ threshold,n/a,n/a,n/a
11133,auto_pass,True,Jaccard ≥ threshold,n/a,n/a,n/a
11138,auto_pass,True,Jaccard ≥ threshold,n/a,n/a,n/a
11141,auto_pass,True,Jaccard ≥ threshold,n/a,n/a,n/a
11142,auto_pass,True,Jaccard ≥ threshold,n/a,n/a,n/a
11143,auto_pass,True,Jaccard ≥ threshold,n/a,n/a,n/a
11144,auto_pass,True,Jaccard ≥ threshold,n/a,n/a,n/a
11145,auto_pass,True,Jaccard ≥ threshold,n/a,n/a,n/a
11146,auto_pass,True,Jaccard ≥ threshold,n/a,n/a,n/a
11147,auto_pass,True,Jaccard ≥ threshold,n/a,n/a,n/a
11149,auto_pass,True,Jaccard ≥ threshold,n/a,n/a,n/a
11151,auto_pass,True,Jaccard ≥ threshold,n/a,n/a,n/a
11152,auto_pass,True,Jaccard ≥ threshold,n/a,n/a,n/a
11153,auto_pass,True,Jaccard ≥ threshold,n/a,n/a,n/a
11154,auto_pass,True,Jaccard ≥ threshold,n/a,n/a,n/a
11156,auto_pass,True,Jaccard ≥ threshold,n/a,n/a,n/a
11157,auto_pass,True,Jaccard ≥ threshold,n/a,n/a,n/a
11158,auto_pass,True,Jaccard ≥ threshold,n/a,n/a,n/a
11160,auto_pass,True,Jaccard ≥ threshold,n/a,n/a,n/a
11165,auto_pass,True,Jaccard ≥ threshold,n/a,n/a,n/a
11167,auto_pass,True,Jaccard ≥ threshold,n/a,n/a,n/a
11171,auto_pass,True,Jaccard ≥ threshold,n/a,n/a,n/a
11172,auto_pass,True,Jaccard ≥ threshold,n/a,n/a,n/a
11173,auto_pass,True,Jaccard ≥ threshold,n/a,n/a,n/a
11174,auto_pass,True,Jaccard ≥ threshold,n/a,n/a,n/a
11175,auto_pass,True,Jaccard ≥ threshold,n/a,n/a,n/a
11177,auto_pass,True,Jaccard ≥ threshold,n/a,n/a,n/a
11178,auto_pass,True,Jaccard ≥ threshold,n/a,n/a,n/a
11180,auto_pass,True,Jaccard ≥ threshold,n/a,n/a,n/a
11183,auto_pass,True,Jaccard ≥ threshold,n/a,n/a,n/a
11184,auto_pass,True,Jaccard ≥ threshold,n/a,n/a,n/a
11186,auto_pass,True,Jaccard ≥ threshold,n/a,n/a,n/a
11187,auto_pass,True,Jaccard ≥ threshold,n/a,n/a,n/a
11189,auto_pass,True,Jaccard ≥ threshold,n/a,n/a,n/a
11190,auto_pass,True,Jaccard ≥ threshold,n/a,n/a,n/a
11191,auto_pass,True,Jaccard ≥ threshold,n/a,n/a,n/a
11192,auto_pass,True,Jaccard ≥ threshold,n/a,n/a,n/a
11193,auto_pass,True,Jaccard ≥ threshold,n/a,n/a,n/a
11194,auto_pass,True,Jaccard ≥ threshold,n/a,n/a,n/a
11195,auto_pass,True,Jaccard ≥ threshold,n/a,n/a,n/a
11197,auto_pass,True,Jaccard ≥ threshold,n/a,n/a,n/a
11198,auto_pass,True,Jaccard ≥ threshold,n/a,n/a,n/a
11199,auto_pass,True,Jaccard ≥ threshold,n/a,n/a,n/a
11200,auto_pass,True,Jaccard ≥ threshold,n/a,n/a,n/a
11205,auto_pass,True,Jaccard ≥ threshold,n/a,n/a,n/a
11206,auto_pass,True,Jaccard ≥ threshold,n/a,n/a,n/a
11208,auto_pass,True,Jaccard ≥ threshold,n/a,n/a,n/a
11210,auto_pass,True,Jaccard ≥ threshold,n/a,n/a,n/a
11211,auto_pass,True,Jaccard ≥ threshold,n/a,n/a,n/a
11213,auto_pass,True,Jaccard ≥ threshold,n/a,n/a,n/a
11218,auto_pass,True,Jaccard ≥ threshold,n/a,n/a,n/a
11220,auto_pass,True,Jaccard ≥ threshold,n/a,n/a,n/a
11221,auto_pass,True,Jaccard ≥ threshold,n/a,n/a,n/a
11222,auto_pass,True,Jaccard ≥ threshold,n/a,n/a,n/a
11225,auto_pass,True,Jaccard ≥ threshold,n/a,n/a,n/a
11226,auto_pass,True,Jaccard ≥ threshold,n/a,n/a,n/a
11228,auto_pass,True,Jaccard ≥ threshold,n/a,n/a,n/a
11229,auto_pass,True,Jaccard ≥ threshold,n/a,n/a,n/a
11234,auto_pass,True,Jaccard ≥ threshold,n/a,n/a,n/a
11236,auto_pass,True,Jaccard ≥ threshold,n/a,n/a,n/a
11237,auto_pass,True,Jaccard ≥ threshold,n/a,n/a,n/a
11238,auto_pass,True,Jaccard ≥ threshold,n/a,n/a,n/a
11239,auto_pass,True,Jaccard ≥ threshold,n/a,n/a,n/a
11240,auto_pass,True,Jaccard ≥ threshold,n/a,n/a,n/a
11241,auto_pass,True,Jaccard ≥ threshold,n/a,n/a,n/a
11242,auto_pass,True,Jaccard ≥ threshold,n/a,n/a,n/a
11245,auto_pass,True,Jaccard ≥ threshold,n/a,n/a,n/a
11248,auto_pass,True,Jaccard ≥ threshold,n/a,n/a,n/a
11249,auto_pass,True,Jaccard ≥ threshold,n/a,n/a,n/a
11251,auto_pass,True,Jaccard ≥ threshold,n/a,n/a,n/a
11252,auto_pass,True,Jaccard ≥ threshold,n/a,n/a,n/a
11254,auto_pass,True,Jaccard ≥ threshold,n/a,n/a,n/a
11257,auto_pass,True,Jaccard ≥ threshold,n/a,n/a,n/a
11259,auto_pass,True,Jaccard ≥ threshold,n/a,n/a,n/a
11261,auto_pass,True,Jaccard ≥ threshold,n/a,n/a,n/a
11263,auto_pass,True,Jaccard ≥ threshold,n/a,n/a,n/a
11266,auto_pass,True,Jaccard ≥ threshold,n/a,n/a,n/a
11268,auto_pass,True,Jaccard ≥ threshold,n/a,n/a,n/a
11271,auto_pass,True,Jaccard ≥ threshold,n/a,n/a,n/a
11274,auto_pass,True,Jaccard ≥ threshold,n/a,n/a,n/a
11277,auto_pass,True,Jaccard ≥ threshold,n/a,n/a,n/a
11279,auto_pass,True,Jaccard ≥ threshold,n/a,n/a,n/a
11282,auto_pass,True,Jaccard ≥ threshold,n/a,n/a,n/a
11284,auto_pass,True,Jaccard ≥ threshold,n/a,n/a,n/a
11285,auto_pass,True,Jaccard ≥ threshold,n/a,n/a,n/a
11286,auto_pass,True,Jaccard ≥ threshold,n/a,n/a,n/a
11287,auto_pass,True,Jaccard ≥ threshold,n/a,n/a,n/a
11288,auto_pass,True,Jaccard ≥ threshold,n/a,n/a,n/a
11289,auto_pass,True,Jaccard ≥ threshold,n/a,n/a,n/a
11293,auto_pass,True,Jaccard ≥ threshold,n/a,n/a,n/a
11294,auto_pass,True,Jaccard ≥ threshold,n/a,n/a,n/a
11296,auto_pass,True,Jaccard ≥ threshold,n/a,n/a,n/a
11297,auto_pass,True,Jaccard ≥ threshold,n/a,n/a,n/a
11299,auto_pass,True,Jaccard ≥ threshold,n/a,n/a,n/a
11301,auto_pass,True,Jaccard ≥ threshold,n/a,n/a,n/a
11304,auto_pass,True,Jaccard ≥ threshold,n/a,n/a,n/a
11306,auto_pass,True,Jaccard ≥ threshold,n/a,n/a,n/a
11307,auto_pass,True,Jaccard ≥ threshold,n/a,n/a,n/a
11309,auto_pass,True,Jaccard ≥ threshold,n/a,n/a,n/a
11310,auto_pass,True,Jaccard ≥ threshold,n/a,n/a,n/a
11311,auto_pass,True,Jaccard ≥ threshold,n/a,n/a,n/a
11316,auto_pass,True,Jaccard ≥ threshold,n/a,n/a,n/a
11317,auto_pass,True,Jaccard ≥ threshold,n/a,n/a,n/a
11318,auto_pass,True,Jaccard ≥ threshold,n/a,n/a,n/a
11319,auto_pass,True,Jaccard ≥ threshold,n/a,n/a,n/a
11321,auto_pass,True,Jaccard ≥ threshold,n/a,n/a,n/a
11325,auto_pass,True,Jaccard ≥ threshold,n/a,n/a,n/a
11330,auto_pass,True,Jaccard ≥ threshold,n/a,n/a,n/a
11331,auto_pass,True,Jaccard ≥ threshold,n/a,n/a,n/a
11340,auto_pass,True,Jaccard ≥ threshold,n/a,n/a,n/a
11346,auto_pass,True,Jaccard ≥ threshold,n/a,n/a,n/a
11347,auto_pass,True,Jaccard ≥ threshold,n/a,n/a,n/a
11349,auto_pass,True,Jaccard ≥ threshold,n/a,n/a,n/a
11350,auto_pass,True,Jaccard ≥ threshold,n/a,n/a,n/a
11352,auto_pass,True,Jaccard ≥ threshold,n/a,n/a,n/a
11353,auto_pass,True,Jaccard ≥ threshold,n/a,n/a,n/a
11358,auto_pass,True,Jaccard ≥ threshold,n/a,n/a,n/a
11359,auto_pass,True,Jaccard ≥ threshold,n/a,n/a,n/a
11362,auto_pass,True,Jaccard ≥ threshold,n/a,n/a,n/a
11364,auto_pass,True,Jaccard ≥ threshold,n/a,n/a,n/a
11366,auto_pass,True,Jaccard ≥ threshold,n/a,n/a,n/a
11376,auto_pass,True,Jaccard ≥ threshold,n/a,n/a,n/a
11377,auto_pass,True,Jaccard ≥ threshold,n/a,n/a,n/a
11378,auto_pass,True,Jaccard ≥ threshold,n/a,n/a,n/a
11380,auto_pass,True,Jaccard ≥ threshold,n/a,n/a,n/a
11382,auto_pass,True,Jaccard ≥ threshold,n/a,n/a,n/a
11383,auto_pass,True,Jaccard ≥ threshold,n/a,n/a,n/a
11384,auto_pass,True,Jaccard ≥ threshold,n/a,n/a,n/a
11385,auto_pass,True,Jaccard ≥ threshold,n/a,n/a,n/a
11387,auto_pass,True,Jaccard ≥ threshold,n/a,n/a,n/a
11388,auto_pass,True,Jaccard ≥ threshold,n/a,n/a,n/a
11389,auto_pass,True,Jaccard ≥ threshold,n/a,n/a,n/a
11390,auto_pass,True,Jaccard ≥ threshold,n/a,n/a,n/a
11391,auto_pass,True,Jaccard ≥ threshold,n/a,n/a,n/a
11394,auto_pass,True,Jaccard ≥ threshold,n/a,n/a,n/a
11395,auto_pass,True,Jaccard ≥ threshold,n/a,n/a,n/a
11396,auto_pass,True,Jaccard ≥ threshold,n/a,n/a,n/a
11397,auto_pass,True,Jaccard ≥ threshold,n/a,n/a,n/a
11398,auto_pass,True,Jaccard ≥ threshold,n/a,n/a,n/a
11399,auto_pass,True,Jaccard ≥ threshold,n/a,n/a,n/a
11400,auto_pass,True,Jaccard ≥ threshold,n/a,n/a,n/a
11402,auto_pass,True,Jaccard ≥ threshold,n/a,n/a,n/a
11403,auto_pass,True,Jaccard ≥ threshold,n/a,n/a,n/a
11404,auto_pass,True,Jaccard ≥ threshold,n/a,n/a,n/a
11405,auto_pass,True,Jaccard ≥ threshold,n/a,n/a,n/a
11406,auto_pass,True,Jaccard ≥ threshold,n/a,n/a,n/a
11407,auto_pass,True,Jaccard ≥ threshold,n/a,n/a,n/a
11409,auto_pass,True,Jaccard ≥ threshold,n/a,n/a,n/a
11411,auto_pass,True,Jaccard ≥ threshold,n/a,n/a,n/a
11413,auto_pass,True,Jaccard ≥ threshold,n/a,n/a,n/a
11416,auto_pass,True,Jaccard ≥ threshold,n/a,n/a,n/a
11418,auto_pass,True,Jaccard ≥ threshold,n/a,n/a,n/a
11419,auto_pass,True,Jaccard ≥ threshold,n/a,n/a,n/a
11420,auto_pass,True,Jaccard ≥ threshold,n/a,n/a,n/a
11423,auto_pass,True,Jaccard ≥ threshold,n/a,n/a,n/a
11424,auto_pass,True,Jaccard ≥ threshold,n/a,n/a,n/a
11425,auto_pass,True,Jaccard ≥ threshold,n/a,n/a,n/a
11426,auto_pass,True,Jaccard ≥ threshold,n/a,n/a,n/a
11431,auto_pass,True,Jaccard ≥ threshold,n/a,n/a,n/a
11433,auto_pass,True,Jaccard ≥ threshold,n/a,n/a,n/a
11434,auto_pass,True,Jaccard ≥ threshold,n/a,n/a,n/a
11435,auto_pass,True,Jaccard ≥ threshold,n/a,n/a,n/a
11436,auto_pass,True,Jaccard ≥ threshold,n/a,n/a,n/a
11437,auto_pass,True,Jaccard ≥ threshold,n/a,n/a,n/a
11439,auto_pass,True,Jaccard ≥ threshold,n/a,n/a,n/a
11440,auto_pass,True,Jaccard ≥ threshold,n/a,n/a,n/a
11442,auto_pass,True,Jaccard ≥ threshold,n/a,n/a,n/a
11451,auto_pass,True,Jaccard ≥ threshold,n/a,n/a,n/a
11453,auto_pass,True,Jaccard ≥ threshold,n/a,n/a,n/a
11454,auto_pass,True,Jaccard ≥ threshold,n/a,n/a,n/a
11456,auto_pass,True,Jaccard ≥ threshold,n/a,n/a,n/a
11457,auto_pass,True,Jaccard ≥ threshold,n/a,n/a,n/a
11458,auto_pass,True,Jaccard ≥ threshold,n/a,n/a,n/a
11460,auto_pass,True,Jaccard ≥ threshold,n/a,n/a,n/a
11461,auto_pass,True,Jaccard ≥ threshold,n/a,n/a,n/a
11465,auto_pass,True,Jaccard ≥ threshold,n/a,n/a,n/a
11466,auto_pass,True,Jaccard ≥ threshold,n/a,n/a,n/a
11468,auto_pass,True,Jaccard ≥ threshold,n/a,n/a,n/a
11469,auto_pass,True,Jaccard ≥ threshold,n/a,n/a,n/a
11472,auto_pass,True,Jaccard ≥ threshold,n/a,n/a,n/a
11473,auto_pass,True,Jaccard ≥ threshold,n/a,n/a,n/a
11474,auto_pass,True,Jaccard ≥ threshold,n/a,n/a,n/a
11477,auto_pass,True,Jaccard ≥ threshold,n/a,n/a,n/a
11478,auto_pass,True,Jaccard ≥ threshold,n/a,n/a,n/a
11479,auto_pass,True,Jaccard ≥ threshold,n/a,n/a,n/a
11480,auto_pass,True,Jaccard ≥ threshold,n/a,n/a,n/a
11483,auto_pass,True,Jaccard ≥ threshold,n/a,n/a,n/a
11487,auto_pass,True,Jaccard ≥ threshold,n/a,n/a,n/a
11489,auto_pass,True,Jaccard ≥ threshold,n/a,n/a,n/a
11491,auto_pass,True,Jaccard ≥ threshold,n/a,n/a,n/a
11493,auto_pass,True,Jaccard ≥ threshold,n/a,n/a,n/a
11498,auto_pass,True,Jaccard ≥ threshold,n/a,n/a,n/a
11499,auto_pass,True,Jaccard ≥ threshold,n/a,n/a,n/a
11500,auto_pass,True,Jaccard ≥ threshold,n/a,n/a,n/a
11501,auto_pass,True,Jaccard ≥ threshold,n/a,n/a,n/a
11510,auto_pass,True,Jaccard ≥ threshold,n/a,n/a,n/a
11511,auto_pass,True,Jaccard ≥ threshold,n/a,n/a,n/a
11512,auto_pass,True,Jaccard ≥ threshold,n/a,n/a,n/a
11513,auto_pass,True,Jaccard ≥ threshold,n/a,n/a,n/a
11516,auto_pass,True,Jaccard ≥ threshold,n/a,n/a,n/a
11517,auto_pass,True,Jaccard ≥ threshold,n/a,n/a,n/a
11518,auto_pass,True,Jaccard ≥ threshold,n/a,n/a,n/a
11520,auto_pass,True,Jaccard ≥ threshold,n/a,n/a,n/a
11527,auto_pass,True,Jaccard ≥ threshold,n/a,n/a,n/a
11528,auto_pass,True,Jaccard ≥ threshold,n/a,n/a,n/a
11529,auto_pass,True,Jaccard ≥ threshold,n/a,n/a,n/a
11530,auto_pass,True,Jaccard ≥ threshold,n/a,n/a,n/a
11535,auto_pass,True,Jaccard ≥ threshold,n/a,n/a,n/a
11537,auto_pass,True,Jaccard ≥ threshold,n/a,n/a,n/a
11538,auto_pass,True,Jaccard ≥ threshold,n/a,n/a,n/a
11541,auto_pass,True,Jaccard ≥ threshold,n/a,n/a,n/a
11542,auto_pass,True,Jaccard ≥ threshold,n/a,n/a,n/a
11543,auto_pass,True,Jaccard ≥ threshold,n/a,n/a,n/a
11545,auto_pass,True,Jaccard ≥ threshold,n/a,n/a,n/a
11547,auto_pass,True,Jaccard ≥ threshold,n/a,n/a,n/a
11548,auto_pass,True,Jaccard ≥ threshold,n/a,n/a,n/a
11551,auto_pass,True,Jaccard ≥ threshold,n/a,n/a,n/a
11552,auto_pass,True,Jaccard ≥ threshold,n/a,n/a,n/a
11553,auto_pass,True,Jaccard ≥ threshold,n/a,n/a,n/a
11555,auto_pass,True,Jaccard ≥ threshold,n/a,n/a,n/a
11558,auto_pass,True,Jaccard ≥ threshold,n/a,n/a,n/a
11559,auto_pass,True,Jaccard ≥ threshold,n/a,n/a,n/a
11561,auto_pass,True,Jaccard ≥ threshold,n/a,n/a,n/a
11562,auto_pass,True,Jaccard ≥ threshold,n/a,n/a,n/a
11565,auto_pass,True,Jaccard ≥ threshold,n/a,n/a,n/a
11567,auto_pass,True,Jaccard ≥ threshold,n/a,n/a,n/a
11570,auto_pass,True,Jaccard ≥ threshold,n/a,n/a,n/a
11571,auto_pass,True,Jaccard ≥ threshold,n/a,n/a,n/a
11572,auto_pass,True,Jaccard ≥ threshold,n/a,n/a,n/a
11573,auto_pass,True,Jaccard ≥ threshold,n/a,n/a,n/a
11576,auto_pass,True,Jaccard ≥ threshold,n/a,n/a,n/a
11580,auto_pass,True,Jaccard ≥ threshold,n/a,n/a,n/a
11581,auto_pass,True,Jaccard ≥ threshold,n/a,n/a,n/a
11583,auto_pass,True,Jaccard ≥ threshold,n/a,n/a,n/a
11584,auto_pass,True,Jaccard ≥ threshold,n/a,n/a,n/a
11585,auto_pass,True,Jaccard ≥ threshold,n/a,n/a,n/a
11590,auto_pass,True,Jaccard ≥ threshold,n/a,n/a,n/a
11591,auto_pass,True,Jaccard ≥ threshold,n/a,n/a,n/a
11592,auto_pass,True,Jaccard ≥ threshold,n/a,n/a,n/a
11593,auto_pass,True,Jaccard ≥ threshold,n/a,n/a,n/a
11594,auto_pass,True,Jaccard ≥ threshold,n/a,n/a,n/a
11596,auto_pass,True,Jaccard ≥ threshold,n/a,n/a,n/a
11597,auto_pass,True,Jaccard ≥ threshold,n/a,n/a,n/a
11599,auto_pass,True,Jaccard ≥ threshold,n/a,n/a,n/a
11600,auto_pass,True,Jaccard ≥ threshold,n/a,n/a,n/a
11604,auto_pass,True,Jaccard ≥ threshold,n/a,n/a,n/a
11605,auto_pass,True,Jaccard ≥ threshold,n/a,n/a,n/a
11606,auto_pass,True,Jaccard ≥ threshold,n/a,n/a,n/a
11608,auto_pass,True,Jaccard ≥ threshold,n/a,n/a,n/a
11609,auto_pass,True,Jaccard ≥ threshold,n/a,n/a,n/a
11611,auto_pass,True,Jaccard ≥ threshold,n/a,n/a,n/a
11613,auto_pass,True,Jaccard ≥ threshold,n/a,n/a,n/a
11614,auto_pass,True,Jaccard ≥ threshold,n/a,n/a,n/a
11617,auto_pass,True,Jaccard ≥ threshold,n/a,n/a,n/a
11618,auto_pass,True,Jaccard ≥ threshold,n/a,n/a,n/a
11619,auto_pass,True,Jaccard ≥ threshold,n/a,n/a,n/a
11621,auto_pass,True,Jaccard ≥ threshold,n/a,n/a,n/a
11622,auto_pass,True,Jaccard ≥ threshold,n/a,n/a,n/a
11623,auto_pass,True,Jaccard ≥ threshold,n/a,n/a,n/a
11627,auto_pass,True,Jaccard ≥ threshold,n/a,n/a,n/a
11628,auto_pass,True,Jaccard ≥ threshold,n/a,n/a,n/a
11629,auto_pass,True,Jaccard ≥ threshold,n/a,n/a,n/a
11630,auto_pass,True,Jaccard ≥ threshold,n/a,n/a,n/a
11634,auto_pass,True,Jaccard ≥ threshold,n/a,n/a,n/a
11638,auto_pass,True,Jaccard ≥ threshold,n/a,n/a,n/a
11640,auto_pass,True,Jaccard ≥ threshold,n/a,n/a,n/a
11641,auto_pass,True,Jaccard ≥ threshold,n/a,n/a,n/a
11643,auto_pass,True,Jaccard ≥ threshold,n/a,n/a,n/a
11644,auto_pass,True,Jaccard ≥ threshold,n/a,n/a,n/a
11650,auto_pass,True,Jaccard ≥ threshold,n/a,n/a,n/a
11651,auto_pass,True,Jaccard ≥ threshold,n/a,n/a,n/a
11653,auto_pass,True,Jaccard ≥ threshold,n/a,n/a,n/a
11654,auto_pass,True,Jaccard ≥ threshold,n/a,n/a,n/a
11655,auto_pass,True,Jaccard ≥ threshold,n/a,n/a,n/a
11656,auto_pass,True,Jaccard ≥ threshold,n/a,n/a,n/a
11658,auto_pass,True,Jaccard ≥ threshold,n/a,n/a,n/a
11659,auto_pass,True,Jaccard ≥ threshold,n/a,n/a,n/a
11662,auto_pass,True,Jaccard ≥ threshold,n/a,n/a,n/a
11663,auto_pass,True,Jaccard ≥ threshold,n/a,n/a,n/a
11667,auto_pass,True,Jaccard ≥ threshold,n/a,n/a,n/a
11670,auto_pass,True,Jaccard ≥ threshold,n/a,n/a,n/a
11671,auto_pass,True,Jaccard ≥ threshold,n/a,n/a,n/a
11673,auto_pass,True,Jaccard ≥ threshold,n/a,n/a,n/a
11676,auto_pass,True,Jaccard ≥ threshold,n/a,n/a,n/a
11678,auto_pass,True,Jaccard ≥ threshold,n/a,n/a,n/a
11679,auto_pass,True,Jaccard ≥ threshold,n/a,n/a,n/a
11682,auto_pass,True,Jaccard ≥ threshold,n/a,n/a,n/a
11683,auto_pass,True,Jaccard ≥ threshold,n/a,n/a,n/a
11684,auto_pass,True,Jaccard ≥ threshold,n/a,n/a,n/a
11689,auto_pass,True,Jaccard ≥ threshold,n/a,n/a,n/a
11691,auto_pass,True,Jaccard ≥ threshold,n/a,n/a,n/a
11692,auto_pass,True,Jaccard ≥ threshold,n/a,n/a,n/a
11693,auto_pass,True,Jaccard ≥ threshold,n/a,n/a,n/a
11697,auto_pass,True,Jaccard ≥ threshold,n/a,n/a,n/a
11698,auto_pass,True,Jaccard ≥ threshold,n/a,n/a,n/a
11699,auto_pass,True,Jaccard ≥ threshold,n/a,n/a,n/a
11700,auto_pass,True,Jaccard ≥ threshold,n/a,n/a,n/a
11703,auto_pass,True,Jaccard ≥ threshold,n/a,n/a,n/a
11704,auto_pass,True,Jaccard ≥ threshold,n/a,n/a,n/a
11705,auto_pass,True,Jaccard ≥ threshold,n/a,n/a,n/a
11706,auto_pass,True,Jaccard ≥ threshold,n/a,n/a,n/a
11708,auto_pass,True,Jaccard ≥ threshold,n/a,n/a,n/a
11710,auto_pass,True,Jaccard ≥ threshold,n/a,n/a,n/a
11711,auto_pass,True,Jaccard ≥ threshold,n/a,n/a,n/a
11712,auto_pass,True,Jaccard ≥ threshold,n/a,n/a,n/a
11714,auto_pass,True,Jaccard ≥ threshold,n/a,n/a,n/a
11715,auto_pass,True,Jaccard ≥ threshold,n/a,n/a,n/a
11716,auto_pass,True,Jaccard ≥ threshold,n/a,n/a,n/a
11720,auto_pass,True,Jaccard ≥ threshold,n/a,n/a,n/a
11721,auto_pass,True,Jaccard ≥ threshold,n/a,n/a,n/a
11722,auto_pass,True,Jaccard ≥ threshold,n/a,n/a,n/a
11723,auto_pass,True,Jaccard ≥ threshold,n/a,n/a,n/a
11724,auto_pass,True,Jaccard ≥ threshold,n/a,n/a,n/a
11726,auto_pass,True,Jaccard ≥ threshold,n/a,n/a,n/a
11728,auto_pass,True,Jaccard ≥ threshold,n/a,n/a,n/a
11729,auto_pass,True,Jaccard ≥ threshold,n/a,n/a,n/a
11733,auto_pass,True,Jaccard ≥ threshold,n/a,n/a,n/a
11734,auto_pass,True,Jaccard ≥ threshold,n/a,n/a,n/a
11736,auto_pass,True,Jaccard ≥ threshold,n/a,n/a,n/a
11738,auto_pass,True,Jaccard ≥ threshold,n/a,n/a,n/a
11739,auto_pass,True,Jaccard ≥ threshold,n/a,n/a,n/a
11740,auto_pass,True,Jaccard ≥ threshold,n/a,n/a,n/a
11742,auto_pass,True,Jaccard ≥ threshold,n/a,n/a,n/a
11743,auto_pass,True,Jaccard ≥ threshold,n/a,n/a,n/a
11744,auto_pass,True,Jaccard ≥ threshold,n/a,n/a,n/a
11746,auto_pass,True,Jaccard ≥ threshold,n/a,n/a,n/a
11749,auto_pass,True,Jaccard ≥ threshold,n/a,n/a,n/a
11750,auto_pass,True,Jaccard ≥ threshold,n/a,n/a,n/a
11751,auto_pass,True,Jaccard ≥ threshold,n/a,n/a,n/a
11754,auto_pass,True,Jaccard ≥ threshold,n/a,n/a,n/a
11757,auto_pass,True,Jaccard ≥ threshold,n/a,n/a,n/a
11759,auto_pass,True,Jaccard ≥ threshold,n/a,n/a,n/a
11761,auto_pass,True,Jaccard ≥ threshold,n/a,n/a,n/a
11762,auto_pass,True,Jaccard ≥ threshold,n/a,n/a,n/a
11765,auto_pass,True,Jaccard ≥ threshold,n/a,n/a,n/a
11766,auto_pass,True,Jaccard ≥ threshold,n/a,n/a,n/a
11769,auto_pass,True,Jaccard ≥ threshold,n/a,n/a,n/a
11770,auto_pass,True,Jaccard ≥ threshold,n/a,n/a,n/a
11771,auto_pass,True,Jaccard ≥ threshold,n/a,n/a,n/a
11773,auto_pass,True,Jaccard ≥ threshold,n/a,n/a,n/a
11775,auto_pass,True,Jaccard ≥ threshold,n/a,n/a,n/a
11777,auto_pass,True,Jaccard ≥ threshold,n/a,n/a,n/a
11779,auto_pass,True,Jaccard ≥ threshold,n/a,n/a,n/a
11781,auto_pass,True,Jaccard ≥ threshold,n/a,n/a,n/a
11784,auto_pass,True,Jaccard ≥ threshold,n/a,n/a,n/a
11785,auto_pass,True,Jaccard ≥ threshold,n/a,n/a,n/a
11786,auto_pass,True,Jaccard ≥ threshold,n/a,n/a,n/a
11787,auto_pass,True,Jaccard ≥ threshold,n/a,n/a,n/a
11790,auto_pass,True,Jaccard ≥ threshold,n/a,n/a,n/a
11792,auto_pass,True,Jaccard ≥ threshold,n/a,n/a,n/a
11796,auto_pass,True,Jaccard ≥ threshold,n/a,n/a,n/a
11797,auto_pass,True,Jaccard ≥ threshold,n/a,n/a,n/a
11800,auto_pass,True,Jaccard ≥ threshold,n/a,n/a,n/a
11801,auto_pass,True,Jaccard ≥ threshold,n/a,n/a,n/a
11802,auto_pass,True,Jaccard ≥ threshold,n/a,n/a,n/a
11803,auto_pass,True,Jaccard ≥ threshold,n/a,n/a,n/a
11804,auto_pass,True,Jaccard ≥ threshold,n/a,n/a,n/a
11805,auto_pass,True,Jaccard ≥ threshold,n/a,n/a,n/a
11809,auto_pass,True,Jaccard ≥ threshold,n/a,n/a,n/a
11810,auto_pass,True,Jaccard ≥ threshold,n/a,n/a,n/a
11812,auto_pass,True,Jaccard ≥ threshold,n/a,n/a,n/a
11813,auto_pass,True,Jaccard ≥ threshold,n/a,n/a,n/a
11814,auto_pass,True,Jaccard ≥ threshold,n/a,n/a,n/a
11819,auto_pass,True,Jaccard ≥ threshold,n/a,n/a,n/a
11820,auto_pass,True,Jaccard ≥ threshold,n/a,n/a,n/a
11821,auto_pass,True,Jaccard ≥ threshold,n/a,n/a,n/a
11822,auto_pass,True,Jaccard ≥ threshold,n/a,n/a,n/a
11824,auto_pass,True,Jaccard ≥ threshold,n/a,n/a,n/a
11825,auto_pass,True,Jaccard ≥ threshold,n/a,n/a,n/a
11828,auto_pass,True,Jaccard ≥ threshold,n/a,n/a,n/a
11832,auto_pass,True,Jaccard ≥ threshold,n/a,n/a,n/a
11834,auto_pass,True,Jaccard ≥ threshold,n/a,n/a,n/a
11836,auto_pass,True,Jaccard ≥ threshold,n/a,n/a,n/a
11837,auto_pass,True,Jaccard ≥ threshold,n/a,n/a,n/a
11839,auto_pass,True,Jaccard ≥ threshold,n/a,n/a,n/a
11843,auto_pass,True,Jaccard ≥ threshold,n/a,n/a,n/a
11844,auto_pass,True,Jaccard ≥ threshold,n/a,n/a,n/a
11849,auto_pass,True,Jaccard ≥ threshold,n/a,n/a,n/a
11850,auto_pass,True,Jaccard ≥ threshold,n/a,n/a,n/a
11851,auto_pass,True,Jaccard ≥ threshold,n/a,n/a,n/a
11852,auto_pass,True,Jaccard ≥ threshold,n/a,n/a,n/a
11853,auto_pass,True,Jaccard ≥ threshold,n/a,n/a,n/a
11854,auto_pass,True,Jaccard ≥ threshold,n/a,n/a,n/a
11856,auto_pass,True,Jaccard ≥ threshold,n/a,n/a,n/a
11858,auto_pass,True,Jaccard ≥ threshold,n/a,n/a,n/a
11859,auto_pass,True,Jaccard ≥ threshold,n/a,n/a,n/a
11864,auto_pass,True,Jaccard ≥ threshold,n/a,n/a,n/a
11865,auto_pass,True,Jaccard ≥ threshold,n/a,n/a,n/a
11868,auto_pass,True,Jaccard ≥ threshold,n/a,n/a,n/a
11871,auto_pass,True,Jaccard ≥ threshold,n/a,n/a,n/a
11873,auto_pass,True,Jaccard ≥ threshold,n/a,n/a,n/a
11874,auto_pass,True,Jaccard ≥ threshold,n/a,n/a,n/a
11876,auto_pass,True,Jaccard ≥ threshold,n/a,n/a,n/a
11878,auto_pass,True,Jaccard ≥ threshold,n/a,n/a,n/a
11880,auto_pass,True,Jaccard ≥ threshold,n/a,n/a,n/a
11881,auto_pass,True,Jaccard ≥ threshold,n/a,n/a,n/a
11882,auto_pass,True,Jaccard ≥ threshold,n/a,n/a,n/a
11883,auto_pass,True,Jaccard ≥ threshold,n/a,n/a,n/a
11884,auto_pass,True,Jaccard ≥ threshold,n/a,n/a,n/a
11885,auto_pass,True,Jaccard ≥ threshold,n/a,n/a,n/a
11886,auto_pass,True,Jaccard ≥ threshold,n/a,n/a,n/a
11888,auto_pass,True,Jaccard ≥ threshold,n/a,n/a,n/a
11889,auto_pass,True,Jaccard ≥ threshold,n/a,n/a,n/a
11891,auto_pass,True,Jaccard ≥ threshold,n/a,n/a,n/a
11894,auto_pass,True,Jaccard ≥ threshold,n/a,n/a,n/a
11899,auto_pass,True,Jaccard ≥ threshold,n/a,n/a,n/a
11903,auto_pass,True,Jaccard ≥ threshold,n/a,n/a,n/a
11905,auto_pass,True,Jaccard ≥ threshold,n/a,n/a,n/a
11908,auto_pass,True,Jaccard ≥ threshold,n/a,n/a,n/a
11909,auto_pass,True,Jaccard ≥ threshold,n/a,n/a,n/a
11910,auto_pass,True,Jaccard ≥ threshold,n/a,n/a,n/a
11911,auto_pass,True,Jaccard ≥ threshold,n/a,n/a,n/a
11912,auto_pass,True,Jaccard ≥ threshold,n/a,n/a,n/a
11915,auto_pass,True,Jaccard ≥ threshold,n/a,n/a,n/a
11919,auto_pass,True,Jaccard ≥ threshold,n/a,n/a,n/a
11920,auto_pass,True,Jaccard ≥ threshold,n/a,n/a,n/a
11923,auto_pass,True,Jaccard ≥ threshold,n/a,n/a,n/a
11926,auto_pass,True,Jaccard ≥ threshold,n/a,n/a,n/a
11928,auto_pass,True,Jaccard ≥ threshold,n/a,n/a,n/a
11932,auto_pass,True,Jaccard ≥ threshold,n/a,n/a,n/a
11936,auto_pass,True,Jaccard ≥ threshold,n/a,n/a,n/a
11938,auto_pass,True,Jaccard ≥ threshold,n/a,n/a,n/a
11939,auto_pass,True,Jaccard ≥ threshold,n/a,n/a,n/a
11941,auto_pass,True,Jaccard ≥ threshold,n/a,n/a,n/a
11942,auto_pass,True,Jaccard ≥ threshold,n/a,n/a,n/a
11945,auto_pass,True,Jaccard ≥ threshold,n/a,n/a,n/a
11946,auto_pass,True,Jaccard ≥ threshold,n/a,n/a,n/a
11947,auto_pass,True,Jaccard ≥ threshold,n/a,n/a,n/a
11950,auto_pass,True,Jaccard ≥ threshold,n/a,n/a,n/a
11958,auto_pass,True,Jaccard ≥ threshold,n/a,n/a,n/a
11959,auto_pass,True,Jaccard ≥ threshold,n/a,n/a,n/a
11960,auto_pass,True,Jaccard ≥ threshold,n/a,n/a,n/a
11962,auto_pass,True,Jaccard ≥ threshold,n/a,n/a,n/a
11965,auto_pass,True,Jaccard ≥ threshold,n/a,n/a,n/a
11969,auto_pass,True,Jaccard ≥ threshold,n/a,n/a,n/a
11970,auto_pass,True,Jaccard ≥ threshold,n/a,n/a,n/a
11972,auto_pass,True,Jaccard ≥ threshold,n/a,n/a,n/a
11976,auto_pass,True,Jaccard ≥ threshold,n/a,n/a,n/a
11977,auto_pass,True,Jaccard ≥ threshold,n/a,n/a,n/a
11981,auto_pass,True,Jaccard ≥ threshold,n/a,n/a,n/a
11983,auto_pass,True,Jaccard ≥ threshold,n/a,n/a,n/a
11986,auto_pass,True,Jaccard ≥ threshold,n/a,n/a,n/a
11989,auto_pass,True,Jaccard ≥ threshold,n/a,n/a,n/a
11990,auto_pass,True,Jaccard ≥ threshold,n/a,n/a,n/a
11993,auto_pass,True,Jaccard ≥ threshold,n/a,n/a,n/a
11997,auto_pass,True,Jaccard ≥ threshold,n/a,n/a,n/a
11998,auto_pass,True,Jaccard ≥ threshold,n/a,n/a,n/a
11999,auto_pass,True,Jaccard ≥ threshold,n/a,n/a,n/a
12000,auto_pass,True,Jaccard ≥ threshold,n/a,n/a,n/a
12004,auto_pass,True,Jaccard ≥ threshold,n/a,n/a,n/a
12007,auto_pass,True,Jaccard ≥ threshold,n/a,n/a,n/a
12011,auto_pass,True,Jaccard ≥ threshold,n/a,n/a,n/a
12013,auto_pass,True,Jaccard ≥ threshold,n/a,n/a,n/a
12015,auto_pass,True,Jaccard ≥ threshold,n/a,n/a,n/a
12020,auto_pass,True,Jaccard ≥ threshold,n/a,n/a,n/a
12021,auto_pass,True,Jaccard ≥ threshold,n/a,n/a,n/a
12023,auto_pass,True,Jaccard ≥ threshold,n/a,n/a,n/a
12024,auto_pass,True,Jaccard ≥ threshold,n/a,n/a,n/a
12025,auto_pass,True,Jaccard ≥ threshold,n/a,n/a,n/a
12026,auto_pass,True,Jaccard ≥ threshold,n/a,n/a,n/a
12027,auto_pass,True,Jaccard ≥ threshold,n/a,n/a,n/a
12028,auto_pass,True,Jaccard ≥ threshold,n/a,n/a,n/a
12031,auto_pass,True,Jaccard ≥ threshold,n/a,n/a,n/a
12032,auto_pass,True,Jaccard ≥ threshold,n/a,n/a,n/a
12033,auto_pass,True,Jaccard ≥ threshold,n/a,n/a,n/a
12034,auto_pass,True,Jaccard ≥ threshold,n/a,n/a,n/a
12035,auto_pass,True,Jaccard ≥ threshold,n/a,n/a,n/a
12036,auto_pass,True,Jaccard ≥ threshold,n/a,n/a,n/a
12037,auto_pass,True,Jaccard ≥ threshold,n/a,n/a,n/a
12038,auto_pass,True,Jaccard ≥ threshold,n/a,n/a,n/a
12039,auto_pass,True,Jaccard ≥ threshold,n/a,n/a,n/a
12040,auto_pass,True,Jaccard ≥ threshold,n/a,n/a,n/a
12041,auto_pass,True,Jaccard ≥ threshold,n/a,n/a,n/a
12042,auto_pass,True,Jaccard ≥ threshold,n/a,n/a,n/a
12043,auto_pass,True,Jaccard ≥ threshold,n/a,n/a,n/a
12044,auto_pass,True,Jaccard ≥ threshold,n/a,n/a,n/a
12045,auto_pass,True,Jaccard ≥ threshold,n/a,n/a,n/a
12046,auto_pass,True,Jaccard ≥ threshold,n/a,n/a,n/a
12049,auto_pass,True,Jaccard ≥ threshold,n/a,n/a,n/a
12051,auto_pass,True,Jaccard ≥ threshold,n/a,n/a,n/a
12056,auto_pass,True,Jaccard ≥ threshold,n/a,n/a,n/a
12057,auto_pass,True,Jaccard ≥ threshold,n/a,n/a,n/a
12060,auto_pass,True,Jaccard ≥ threshold,n/a,n/a,n/a
12062,auto_pass,True,Jaccard ≥ threshold,n/a,n/a,n/a
12063,auto_pass,True,Jaccard ≥ threshold,n/a,n/a,n/a
12064,auto_pass,True,Jaccard ≥ threshold,n/a,n/a,n/a
12066,auto_pass,True,Jaccard ≥ threshold,n/a,n/a,n/a
12068,auto_pass,True,Jaccard ≥ threshold,n/a,n/a,n/a
12069,auto_pass,True,Jaccard ≥ threshold,n/a,n/a,n/a
12070,auto_pass,True,Jaccard ≥ threshold,n/a,n/a,n/a
12073,auto_pass,True,Jaccard ≥ threshold,n/a,n/a,n/a
12075,auto_pass,True,Jaccard ≥ threshold,n/a,n/a,n/a
12077,auto_pass,True,Jaccard ≥ threshold,n/a,n/a,n/a
12078,auto_pass,True,Jaccard ≥ threshold,n/a,n/a,n/a
12080,auto_pass,True,Jaccard ≥ threshold,n/a,n/a,n/a
12082,auto_pass,True,Jaccard ≥ threshold,n/a,n/a,n/a
12083,auto_pass,True,Jaccard ≥ threshold,n/a,n/a,n/a
12084,auto_pass,True,Jaccard ≥ threshold,n/a,n/a,n/a
12085,auto_pass,True,Jaccard ≥ threshold,n/a,n/a,n/a
12088,auto_pass,True,Jaccard ≥ threshold,n/a,n/a,n/a
12089,auto_pass,True,Jaccard ≥ threshold,n/a,n/a,n/a
12090,auto_pass,True,Jaccard ≥ threshold,n/a,n/a,n/a
12091,auto_pass,True,Jaccard ≥ threshold,n/a,n/a,n/a
12092,auto_pass,True,Jaccard ≥ threshold,n/a,n/a,n/a
12093,auto_pass,True,Jaccard ≥ threshold,n/a,n/a,n/a
12094,auto_pass,True,Jaccard ≥ threshold,n/a,n/a,n/a
12096,auto_pass,True,Jaccard ≥ threshold,n/a,n/a,n/a
12099,auto_pass,True,Jaccard ≥ threshold,n/a,n/a,n/a
12101,auto_pass,True,Jaccard ≥ threshold,n/a,n/a,n/a
12104,auto_pass,True,Jaccard ≥ threshold,n/a,n/a,n/a
12108,auto_pass,True,Jaccard ≥ threshold,n/a,n/a,n/a
12112,auto_pass,True,Jaccard ≥ threshold,n/a,n/a,n/a
12113,auto_pass,True,Jaccard ≥ threshold,n/a,n/a,n/a
12114,auto_pass,True,Jaccard ≥ threshold,n/a,n/a,n/a
12115,auto_pass,True,Jaccard ≥ threshold,n/a,n/a,n/a
12116,auto_pass,True,Jaccard ≥ threshold,n/a,n/a,n/a
12117,auto_pass,True,Jaccard ≥ threshold,n/a,n/a,n/a
12118,auto_pass,True,Jaccard ≥ threshold,n/a,n/a,n/a
12120,auto_pass,True,Jaccard ≥ threshold,n/a,n/a,n/a
12121,auto_pass,True,Jaccard ≥ threshold,n/a,n/a,n/a
12122,auto_pass,True,Jaccard ≥ threshold,n/a,n/a,n/a
12125,auto_pass,True,Jaccard ≥ threshold,n/a,n/a,n/a
12126,auto_pass,True,Jaccard ≥ threshold,n/a,n/a,n/a
12127,auto_pass,True,Jaccard ≥ threshold,n/a,n/a,n/a
12128,auto_pass,True,Jaccard ≥ threshold,n/a,n/a,n/a
12130,auto_pass,True,Jaccard ≥ threshold,n/a,n/a,n/a
12131,auto_pass,True,Jaccard ≥ threshold,n/a,n/a,n/a
12133,auto_pass,True,Jaccard ≥ threshold,n/a,n/a,n/a
12135,auto_pass,True,Jaccard ≥ threshold,n/a,n/a,n/a
12137,auto_pass,True,Jaccard ≥ threshold,n/a,n/a,n/a
12138,auto_pass,True,Jaccard ≥ threshold,n/a,n/a,n/a
12139,auto_pass,True,Jaccard ≥ threshold,n/a,n/a,n/a
12143,auto_pass,True,Jaccard ≥ threshold,n/a,n/a,n/a
12145,auto_pass,True,Jaccard ≥ threshold,n/a,n/a,n/a
12146,auto_pass,True,Jaccard ≥ threshold,n/a,n/a,n/a
12149,auto_pass,True,Jaccard ≥ threshold,n/a,n/a,n/a
12150,auto_pass,True,Jaccard ≥ threshold,n/a,n/a,n/a
12152,auto_pass,True,Jaccard ≥ threshold,n/a,n/a,n/a
12155,auto_pass,True,Jaccard ≥ threshold,n/a,n/a,n/a
12158,auto_pass,True,Jaccard ≥ threshold,n/a,n/a,n/a
12165,auto_pass,True,Jaccard ≥ threshold,n/a,n/a,n/a
12166,auto_pass,True,Jaccard ≥ threshold,n/a,n/a,n/a
12167,auto_pass,True,Jaccard ≥ threshold,n/a,n/a,n/a
12169,auto_pass,True,Jaccard ≥ threshold,n/a,n/a,n/a
12170,auto_pass,True,Jaccard ≥ threshold,n/a,n/a,n/a
12172,auto_pass,True,Jaccard ≥ threshold,n/a,n/a,n/a
12173,auto_pass,True,Jaccard ≥ threshold,n/a,n/a,n/a
12174,auto_pass,True,Jaccard ≥ threshold,n/a,n/a,n/a
12177,auto_pass,True,Jaccard ≥ threshold,n/a,n/a,n/a
12179,auto_pass,True,Jaccard ≥ threshold,n/a,n/a,n/a
12181,auto_pass,True,Jaccard ≥ threshold,n/a,n/a,n/a
12183,auto_pass,True,Jaccard ≥ threshold,n/a,n/a,n/a
12185,auto_pass,True,Jaccard ≥ threshold,n/a,n/a,n/a
12186,auto_pass,True,Jaccard ≥ threshold,n/a,n/a,n/a
12188,auto_pass,True,Jaccard ≥ threshold,n/a,n/a,n/a
12190,auto_pass,True,Jaccard ≥ threshold,n/a,n/a,n/a
12191,auto_pass,True,Jaccard ≥ threshold,n/a,n/a,n/a
12193,auto_pass,True,Jaccard ≥ threshold,n/a,n/a,n/a
12197,auto_pass,True,Jaccard ≥ threshold,n/a,n/a,n/a
12199,auto_pass,True,Jaccard ≥ threshold,n/a,n/a,n/a
12200,auto_pass,True,Jaccard ≥ threshold,n/a,n/a,n/a
12201,auto_pass,True,Jaccard ≥ threshold,n/a,n/a,n/a
12202,auto_pass,True,Jaccard ≥ threshold,n/a,n/a,n/a
12203,auto_pass,True,Jaccard ≥ threshold,n/a,n/a,n/a
12205,auto_pass,True,Jaccard ≥ threshold,n/a,n/a,n/a
12210,auto_pass,True,Jaccard ≥ threshold,n/a,n/a,n/a
12211,auto_pass,True,Jaccard ≥ threshold,n/a,n/a,n/a
12212,auto_pass,True,Jaccard ≥ threshold,n/a,n/a,n/a
12213,auto_pass,True,Jaccard ≥ threshold,n/a,n/a,n/a
12215,auto_pass,True,Jaccard ≥ threshold,n/a,n/a,n/a
12217,auto_pass,True,Jaccard ≥ threshold,n/a,n/a,n/a
12218,auto_pass,True,Jaccard ≥ threshold,n/a,n/a,n/a
12219,auto_pass,True,Jaccard ≥ threshold,n/a,n/a,n/a
12220,auto_pass,True,Jaccard ≥ threshold,n/a,n/a,n/a
12222,auto_pass,True,Jaccard ≥ threshold,n/a,n/a,n/a
12228,auto_pass,True,Jaccard ≥ threshold,n/a,n/a,n/a
12230,auto_pass,True,Jaccard ≥ threshold,n/a,n/a,n/a
12233,auto_pass,True,Jaccard ≥ threshold,n/a,n/a,n/a
12234,auto_pass,True,Jaccard ≥ threshold,n/a,n/a,n/a
12236,auto_pass,True,Jaccard ≥ threshold,n/a,n/a,n/a
12240,auto_pass,True,Jaccard ≥ threshold,n/a,n/a,n/a
12241,auto_pass,True,Jaccard ≥ threshold,n/a,n/a,n/a
12245,auto_pass,True,Jaccard ≥ threshold,n/a,n/a,n/a
12247,auto_pass,True,Jaccard ≥ threshold,n/a,n/a,n/a
12251,auto_pass,True,Jaccard ≥ threshold,n/a,n/a,n/a
12254,auto_pass,True,Jaccard ≥ threshold,n/a,n/a,n/a
12255,auto_pass,True,Jaccard ≥ threshold,n/a,n/a,n/a
12258,auto_pass,True,Jaccard ≥ threshold,n/a,n/a,n/a
12259,auto_pass,True,Jaccard ≥ threshold,n/a,n/a,n/a
12260,auto_pass,True,Jaccard ≥ threshold,n/a,n/a,n/a
12262,auto_pass,True,Jaccard ≥ threshold,n/a,n/a,n/a
12263,auto_pass,True,Jaccard ≥ threshold,n/a,n/a,n/a
12264,auto_pass,True,Jaccard ≥ threshold,n/a,n/a,n/a
12267,auto_pass,True,Jaccard ≥ threshold,n/a,n/a,n/a
12268,auto_pass,True,Jaccard ≥ threshold,n/a,n/a,n/a
12269,auto_pass,True,Jaccard ≥ threshold,n/a,n/a,n/a
12272,auto_pass,True,Jaccard ≥ threshold,n/a,n/a,n/a
12275,auto_pass,True,Jaccard ≥ threshold,n/a,n/a,n/a
12277,auto_pass,True,Jaccard ≥ threshold,n/a,n/a,n/a
12279,auto_pass,True,Jaccard ≥ threshold,n/a,n/a,n/a
12280,auto_pass,True,Jaccard ≥ threshold,n/a,n/a,n/a
12281,auto_pass,True,Jaccard ≥ threshold,n/a,n/a,n/a
12282,auto_pass,True,Jaccard ≥ threshold,n/a,n/a,n/a
12283,auto_pass,True,Jaccard ≥ threshold,n/a,n/a,n/a
12284,auto_pass,True,Jaccard ≥ threshold,n/a,n/a,n/a
12286,auto_pass,True,Jaccard ≥ threshold,n/a,n/a,n/a
12292,auto_pass,True,Jaccard ≥ threshold,n/a,n/a,n/a
12293,auto_pass,True,Jaccard ≥ threshold,n/a,n/a,n/a
12296,auto_pass,True,Jaccard ≥ threshold,n/a,n/a,n/a
12297,auto_pass,True,Jaccard ≥ threshold,n/a,n/a,n/a
12298,auto_pass,True,Jaccard ≥ threshold,n/a,n/a,n/a
12299,auto_pass,True,Jaccard ≥ threshold,n/a,n/a,n/a
12300,auto_pass,True,Jaccard ≥ threshold,n/a,n/a,n/a
12302,auto_pass,True,Jaccard ≥ threshold,n/a,n/a,n/a
12303,auto_pass,True,Jaccard ≥ threshold,n/a,n/a,n/a
12304,auto_pass,True,Jaccard ≥ threshold,n/a,n/a,n/a
12307,auto_pass,True,Jaccard ≥ threshold,n/a,n/a,n/a
12308,auto_pass,True,Jaccard ≥ threshold,n/a,n/a,n/a
12309,auto_pass,True,Jaccard ≥ threshold,n/a,n/a,n/a
12311,auto_pass,True,Jaccard ≥ threshold,n/a,n/a,n/a
12318,auto_pass,True,Jaccard ≥ threshold,n/a,n/a,n/a
12319,auto_pass,True,Jaccard ≥ threshold,n/a,n/a,n/a
12322,auto_pass,True,Jaccard ≥ threshold,n/a,n/a,n/a
12324,auto_pass,True,Jaccard ≥ threshold,n/a,n/a,n/a
12325,auto_pass,True,Jaccard ≥ threshold,n/a,n/a,n/a
12326,auto_pass,True,Jaccard ≥ threshold,n/a,n/a,n/a
12327,auto_pass,True,Jaccard ≥ threshold,n/a,n/a,n/a
12331,auto_pass,True,Jaccard ≥ threshold,n/a,n/a,n/a
12332,auto_pass,True,Jaccard ≥ threshold,n/a,n/a,n/a
12335,auto_pass,True,Jaccard ≥ threshold,n/a,n/a,n/a
12336,auto_pass,True,Jaccard ≥ threshold,n/a,n/a,n/a
12338,auto_pass,True,Jaccard ≥ threshold,n/a,n/a,n/a
12339,auto_pass,True,Jaccard ≥ threshold,n/a,n/a,n/a
12340,auto_pass,True,Jaccard ≥ threshold,n/a,n/a,n/a
12342,auto_pass,True,Jaccard ≥ threshold,n/a,n/a,n/a
12343,auto_pass,True,Jaccard ≥ threshold,n/a,n/a,n/a
12344,auto_pass,True,Jaccard ≥ threshold,n/a,n/a,n/a
12346,auto_pass,True,Jaccard ≥ threshold,n/a,n/a,n/a
12348,auto_pass,True,Jaccard ≥ threshold,n/a,n/a,n/a
12349,auto_pass,True,Jaccard ≥ threshold,n/a,n/a,n/a
12351,auto_pass,True,Jaccard ≥ threshold,n/a,n/a,n/a
12352,auto_pass,True,Jaccard ≥ threshold,n/a,n/a,n/a
12356,auto_pass,True,Jaccard ≥ threshold,n/a,n/a,n/a
12357,auto_pass,True,Jaccard ≥ threshold,n/a,n/a,n/a
12358,auto_pass,True,Jaccard ≥ threshold,n/a,n/a,n/a
12359,auto_pass,True,Jaccard ≥ threshold,n/a,n/a,n/a
12360,auto_pass,True,Jaccard ≥ threshold,n/a,n/a,n/a
12361,auto_pass,True,Jaccard ≥ threshold,n/a,n/a,n/a
12362,auto_pass,True,Jaccard ≥ threshold,n/a,n/a,n/a
12363,auto_pass,True,Jaccard ≥ threshold,n/a,n/a,n/a
12364,auto_pass,True,Jaccard ≥ threshold,n/a,n/a,n/a
12365,auto_pass,True,Jaccard ≥ threshold,n/a,n/a,n/a
12366,auto_pass,True,Jaccard ≥ threshold,n/a,n/a,n/a
12367,auto_pass,True,Jaccard ≥ threshold,n/a,n/a,n/a
12369,auto_pass,True,Jaccard ≥ threshold,n/a,n/a,n/a
12371,auto_pass,True,Jaccard ≥ threshold,n/a,n/a,n/a
12372,auto_pass,True,Jaccard ≥ threshold,n/a,n/a,n/a
12374,auto_pass,True,Jaccard ≥ threshold,n/a,n/a,n/a
12375,auto_pass,True,Jaccard ≥ threshold,n/a,n/a,n/a
12380,auto_pass,True,Jaccard ≥ threshold,n/a,n/a,n/a
12383,auto_pass,True,Jaccard ≥ threshold,n/a,n/a,n/a
12384,auto_pass,True,Jaccard ≥ threshold,n/a,n/a,n/a
12386,auto_pass,True,Jaccard ≥ threshold,n/a,n/a,n/a
12387,auto_pass,True,Jaccard ≥ threshold,n/a,n/a,n/a
12388,auto_pass,True,Jaccard ≥ threshold,n/a,n/a,n/a
12391,auto_pass,True,Jaccard ≥ threshold,n/a,n/a,n/a
12395,auto_pass,True,Jaccard ≥ threshold,n/a,n/a,n/a
12398,auto_pass,True,Jaccard ≥ threshold,n/a,n/a,n/a
12399,auto_pass,True,Jaccard ≥ threshold,n/a,n/a,n/a
12400,auto_pass,True,Jaccard ≥ threshold,n/a,n/a,n/a
12402,auto_pass,True,Jaccard ≥ threshold,n/a,n/a,n/a
12405,auto_pass,True,Jaccard ≥ threshold,n/a,n/a,n/a
12406,auto_pass,True,Jaccard ≥ threshold,n/a,n/a,n/a
12408,auto_pass,True,Jaccard ≥ threshold,n/a,n/a,n/a
12409,auto_pass,True,Jaccard ≥ threshold,n/a,n/a,n/a
12414,auto_pass,True,Jaccard ≥ threshold,n/a,n/a,n/a
12416,auto_pass,True,Jaccard ≥ threshold,n/a,n/a,n/a
12417,auto_pass,True,Jaccard ≥ threshold,n/a,n/a,n/a
12418,auto_pass,True,Jaccard ≥ threshold,n/a,n/a,n/a
12420,auto_pass,True,Jaccard ≥ threshold,n/a,n/a,n/a
12421,auto_pass,True,Jaccard ≥ threshold,n/a,n/a,n/a
12422,auto_pass,True,Jaccard ≥ threshold,n/a,n/a,n/a
12423,auto_pass,True,Jaccard ≥ threshold,n/a,n/a,n/a
12424,auto_pass,True,Jaccard ≥ threshold,n/a,n/a,n/a
12425,auto_pass,True,Jaccard ≥ threshold,n/a,n/a,n/a
12427,auto_pass,True,Jaccard ≥ threshold,n/a,n/a,n/a
12428,auto_pass,True,Jaccard ≥ threshold,n/a,n/a,n/a
12429,auto_pass,True,Jaccard ≥ threshold,n/a,n/a,n/a
12432,auto_pass,True,Jaccard ≥ threshold,n/a,n/a,n/a
12433,auto_pass,True,Jaccard ≥ threshold,n/a,n/a,n/a
12434,auto_pass,True,Jaccard ≥ threshold,n/a,n/a,n/a
12435,auto_pass,True,Jaccard ≥ threshold,n/a,n/a,n/a
12436,auto_pass,True,Jaccard ≥ threshold,n/a,n/a,n/a
12438,auto_pass,True,Jaccard ≥ threshold,n/a,n/a,n/a
12440,auto_pass,True,Jaccard ≥ threshold,n/a,n/a,n/a
12441,auto_pass,True,Jaccard ≥ threshold,n/a,n/a,n/a
12442,auto_pass,True,Jaccard ≥ threshold,n/a,n/a,n/a
12446,auto_pass,True,Jaccard ≥ threshold,n/a,n/a,n/a
12447,auto_pass,True,Jaccard ≥ threshold,n/a,n/a,n/a
12448,auto_pass,True,Jaccard ≥ threshold,n/a,n/a,n/a
12449,auto_pass,True,Jaccard ≥ threshold,n/a,n/a,n/a
12450,auto_pass,True,Jaccard ≥ threshold,n/a,n/a,n/a
12452,auto_pass,True,Jaccard ≥ threshold,n/a,n/a,n/a
12453,auto_pass,True,Jaccard ≥ threshold,n/a,n/a,n/a
12454,auto_pass,True,Jaccard ≥ threshold,n/a,n/a,n/a
12457,auto_pass,True,Jaccard ≥ threshold,n/a,n/a,n/a
12458,auto_pass,True,Jaccard ≥ threshold,n/a,n/a,n/a
12460,auto_pass,True,Jaccard ≥ threshold,n/a,n/a,n/a
12463,auto_pass,True,Jaccard ≥ threshold,n/a,n/a,n/a
12464,auto_pass,True,Jaccard ≥ threshold,n/a,n/a,n/a
12465,auto_pass,True,Jaccard ≥ threshold,n/a,n/a,n/a
12466,auto_pass,True,Jaccard ≥ threshold,n/a,n/a,n/a
12469,auto_pass,True,Jaccard ≥ threshold,n/a,n/a,n/a
12472,auto_pass,True,Jaccard ≥ threshold,n/a,n/a,n/a
12473,auto_pass,True,Jaccard ≥ threshold,n/a,n/a,n/a
12474,auto_pass,True,Jaccard ≥ threshold,n/a,n/a,n/a
12475,auto_pass,True,Jaccard ≥ threshold,n/a,n/a,n/a
12478,auto_pass,True,Jaccard ≥ threshold,n/a,n/a,n/a
12480,auto_pass,True,Jaccard ≥ threshold,n/a,n/a,n/a
12482,auto_pass,True,Jaccard ≥ threshold,n/a,n/a,n/a
12484,auto_pass,True,Jaccard ≥ threshold,n/a,n/a,n/a
12486,auto_pass,True,Jaccard ≥ threshold,n/a,n/a,n/a
12490,auto_pass,True,Jaccard ≥ threshold,n/a,n/a,n/a
12491,auto_pass,True,Jaccard ≥ threshold,n/a,n/a,n/a
12492,auto_pass,True,Jaccard ≥ threshold,n/a,n/a,n/a
12493,auto_pass,True,Jaccard ≥ threshold,n/a,n/a,n/a
12494,auto_pass,True,Jaccard ≥ threshold,n/a,n/a,n/a
12495,auto_pass,True,Jaccard ≥ threshold,n/a,n/a,n/a
12496,auto_pass,True,Jaccard ≥ threshold,n/a,n/a,n/a
12497,auto_pass,True,Jaccard ≥ threshold,n/a,n/a,n/a
12499,auto_pass,True,Jaccard ≥ threshold,n/a,n/a,n/a
12505,auto_pass,True,Jaccard ≥ threshold,n/a,n/a,n/a
12507,auto_pass,True,Jaccard ≥ threshold,n/a,n/a,n/a
12508,auto_pass,True,Jaccard ≥ threshold,n/a,n/a,n/a
12510,auto_pass,True,Jaccard ≥ threshold,n/a,n/a,n/a
12511,auto_pass,True,Jaccard ≥ threshold,n/a,n/a,n/a
12513,auto_pass,True,Jaccard ≥ threshold,n/a,n/a,n/a
12514,auto_pass,True,Jaccard ≥ threshold,n/a,n/a,n/a
12515,auto_pass,True,Jaccard ≥ threshold,n/a,n/a,n/a
12516,auto_pass,True,Jaccard ≥ threshold,n/a,n/a,n/a
12519,auto_pass,True,Jaccard ≥ threshold,n/a,n/a,n/a
12522,auto_pass,True,Jaccard ≥ threshold,n/a,n/a,n/a
12524,auto_pass,True,Jaccard ≥ threshold,n/a,n/a,n/a
12526,auto_pass,True,Jaccard ≥ threshold,n/a,n/a,n/a
12527,auto_pass,True,Jaccard ≥ threshold,n/a,n/a,n/a
12528,auto_pass,True,Jaccard ≥ threshold,n/a,n/a,n/a
12530,auto_pass,True,Jaccard ≥ threshold,n/a,n/a,n/a
12535,auto_pass,True,Jaccard ≥ threshold,n/a,n/a,n/a
12537,auto_pass,True,Jaccard ≥ threshold,n/a,n/a,n/a
12540,auto_pass,True,Jaccard ≥ threshold,n/a,n/a,n/a
12542,auto_pass,True,Jaccard ≥ threshold,n/a,n/a,n/a
12544,auto_pass,True,Jaccard ≥ threshold,n/a,n/a,n/a
12546,auto_pass,True,Jaccard ≥ threshold,n/a,n/a,n/a
12547,auto_pass,True,Jaccard ≥ threshold,n/a,n/a,n/a
12549,auto_pass,True,Jaccard ≥ threshold,n/a,n/a,n/a
12552,auto_pass,True,Jaccard ≥ threshold,n/a,n/a,n/a
12553,auto_pass,True,Jaccard ≥ threshold,n/a,n/a,n/a
12555,auto_pass,True,Jaccard ≥ threshold,n/a,n/a,n/a
12556,auto_pass,True,Jaccard ≥ threshold,n/a,n/a,n/a
12563,auto_pass,True,Jaccard ≥ threshold,n/a,n/a,n/a
12564,auto_pass,True,Jaccard ≥ threshold,n/a,n/a,n/a
12566,auto_pass,True,Jaccard ≥ threshold,n/a,n/a,n/a
12573,auto_pass,True,Jaccard ≥ threshold,n/a,n/a,n/a
12575,auto_pass,True,Jaccard ≥ threshold,n/a,n/a,n/a
12576,auto_pass,True,Jaccard ≥ threshold,n/a,n/a,n/a
12579,auto_pass,True,Jaccard ≥ threshold,n/a,n/a,n/a
12580,auto_pass,True,Jaccard ≥ threshold,n/a,n/a,n/a
12581,auto_pass,True,Jaccard ≥ threshold,n/a,n/a,n/a
12582,auto_pass,True,Jaccard ≥ threshold,n/a,n/a,n/a
12583,auto_pass,True,Jaccard ≥ threshold,n/a,n/a,n/a
12585,auto_pass,True,Jaccard ≥ threshold,n/a,n/a,n/a
12586,auto_pass,True,Jaccard ≥ threshold,n/a,n/a,n/a
12587,auto_pass,True,Jaccard ≥ threshold,n/a,n/a,n/a
12589,auto_pass,True,Jaccard ≥ threshold,n/a,n/a,n/a
12590,auto_pass,True,Jaccard ≥ threshold,n/a,n/a,n/a
12591,auto_pass,True,Jaccard ≥ threshold,n/a,n/a,n/a
12593,auto_pass,True,Jaccard ≥ threshold,n/a,n/a,n/a
12594,auto_pass,True,Jaccard ≥ threshold,n/a,n/a,n/a
12596,auto_pass,True,Jaccard ≥ threshold,n/a,n/a,n/a
12597,auto_pass,True,Jaccard ≥ threshold,n/a,n/a,n/a
12599,auto_pass,True,Jaccard ≥ threshold,n/a,n/a,n/a
12601,auto_pass,True,Jaccard ≥ threshold,n/a,n/a,n/a
12602,auto_pass,True,Jaccard ≥ threshold,n/a,n/a,n/a
12604,auto_pass,True,Jaccard ≥ threshold,n/a,n/a,n/a
12606,auto_pass,True,Jaccard ≥ threshold,n/a,n/a,n/a
12608,auto_pass,True,Jaccard ≥ threshold,n/a,n/a,n/a
12609,auto_pass,True,Jaccard ≥ threshold,n/a,n/a,n/a
12610,auto_pass,True,Jaccard ≥ threshold,n/a,n/a,n/a
12612,auto_pass,True,Jaccard ≥ threshold,n/a,n/a,n/a
12615,auto_pass,True,Jaccard ≥ threshold,n/a,n/a,n/a
12617,auto_pass,True,Jaccard ≥ threshold,n/a,n/a,n/a
12618,auto_pass,True,Jaccard ≥ threshold,n/a,n/a,n/a
12619,auto_pass,True,Jaccard ≥ threshold,n/a,n/a,n/a
12620,auto_pass,True,Jaccard ≥ threshold,n/a,n/a,n/a
12621,auto_pass,True,Jaccard ≥ threshold,n/a,n/a,n/a
12622,auto_pass,True,Jaccard ≥ threshold,n/a,n/a,n/a
12623,auto_pass,True,Jaccard ≥ threshold,n/a,n/a,n/a
12624,auto_pass,True,Jaccard ≥ threshold,n/a,n/a,n/a
12625,auto_pass,True,Jaccard ≥ threshold,n/a,n/a,n/a
12626,auto_pass,True,Jaccard ≥ threshold,n/a,n/a,n/a
12628,auto_pass,True,Jaccard ≥ threshold,n/a,n/a,n/a
12641,auto_pass,True,Jaccard ≥ threshold,n/a,n/a,n/a
12642,auto_pass,True,Jaccard ≥ threshold,n/a,n/a,n/a
12643,auto_pass,True,Jaccard ≥ threshold,n/a,n/a,n/a
12644,auto_pass,True,Jaccard ≥ threshold,n/a,n/a,n/a
12645,auto_pass,True,Jaccard ≥ threshold,n/a,n/a,n/a
12646,auto_pass,True,Jaccard ≥ threshold,n/a,n/a,n/a
12647,auto_pass,True,Jaccard ≥ threshold,n/a,n/a,n/a
12649,auto_pass,True,Jaccard ≥ threshold,n/a,n/a,n/a
12650,auto_pass,True,Jaccard ≥ threshold,n/a,n/a,n/a
12655,auto_pass,True,Jaccard ≥ threshold,n/a,n/a,n/a
12657,auto_pass,True,Jaccard ≥ threshold,n/a,n/a,n/a
12659,auto_pass,True,Jaccard ≥ threshold,n/a,n/a,n/a
12660,auto_pass,True,Jaccard ≥ threshold,n/a,n/a,n/a
12661,auto_pass,True,Jaccard ≥ threshold,n/a,n/a,n/a
12665,auto_pass,True,Jaccard ≥ threshold,n/a,n/a,n/a
12666,auto_pass,True,Jaccard ≥ threshold,n/a,n/a,n/a
12669,auto_pass,True,Jaccard ≥ threshold,n/a,n/a,n/a
12670,auto_pass,True,Jaccard ≥ threshold,n/a,n/a,n/a
12672,auto_pass,True,Jaccard ≥ threshold,n/a,n/a,n/a
12674,auto_pass,True,Jaccard ≥ threshold,n/a,n/a,n/a
12679,auto_pass,True,Jaccard ≥ threshold,n/a,n/a,n/a
12683,auto_pass,True,Jaccard ≥ threshold,n/a,n/a,n/a
12685,auto_pass,True,Jaccard ≥ threshold,n/a,n/a,n/a
12689,auto_pass,True,Jaccard ≥ threshold,n/a,n/a,n/a
12690,auto_pass,True,Jaccard ≥ threshold,n/a,n/a,n/a
12694,auto_pass,True,Jaccard ≥ threshold,n/a,n/a,n/a
12695,auto_pass,True,Jaccard ≥ threshold,n/a,n/a,n/a
12696,auto_pass,True,Jaccard ≥ threshold,n/a,n/a,n/a
12697,auto_pass,True,Jaccard ≥ threshold,n/a,n/a,n/a
12698,auto_pass,True,Jaccard ≥ threshold,n/a,n/a,n/a
12707,auto_pass,True,Jaccard ≥ threshold,n/a,n/a,n/a
12711,auto_pass,True,Jaccard ≥ threshold,n/a,n/a,n/a
12712,auto_pass,True,Jaccard ≥ threshold,n/a,n/a,n/a
12716,auto_pass,True,Jaccard ≥ threshold,n/a,n/a,n/a
12720,auto_pass,True,Jaccard ≥ threshold,n/a,n/a,n/a
12724,auto_pass,True,Jaccard ≥ threshold,n/a,n/a,n/a
12726,auto_pass,True,Jaccard ≥ threshold,n/a,n/a,n/a
12728,auto_pass,True,Jaccard ≥ threshold,n/a,n/a,n/a
12729,auto_pass,True,Jaccard ≥ threshold,n/a,n/a,n/a
12730,auto_pass,True,Jaccard ≥ threshold,n/a,n/a,n/a
12733,auto_pass,True,Jaccard ≥ threshold,n/a,n/a,n/a
12736,auto_pass,True,Jaccard ≥ threshold,n/a,n/a,n/a
12737,auto_pass,True,Jaccard ≥ threshold,n/a,n/a,n/a
12738,auto_pass,True,Jaccard ≥ threshold,n/a,n/a,n/a
12739,auto_pass,True,Jaccard ≥ threshold,n/a,n/a,n/a
12742,auto_pass,True,Jaccard ≥ threshold,n/a,n/a,n/a
12744,auto_pass,True,Jaccard ≥ threshold,n/a,n/a,n/a
12745,auto_pass,True,Jaccard ≥ threshold,n/a,n/a,n/a
12748,auto_pass,True,Jaccard ≥ threshold,n/a,n/a,n/a
12751,auto_pass,True,Jaccard ≥ threshold,n/a,n/a,n/a
12752,auto_pass,True,Jaccard ≥ threshold,n/a,n/a,n/a
12754,auto_pass,True,Jaccard ≥ threshold,n/a,n/a,n/a
12755,auto_pass,True,Jaccard ≥ threshold,n/a,n/a,n/a
12757,auto_pass,True,Jaccard ≥ threshold,n/a,n/a,n/a
12759,auto_pass,True,Jaccard ≥ threshold,n/a,n/a,n/a
12760,auto_pass,True,Jaccard ≥ threshold,n/a,n/a,n/a
12761,auto_pass,True,Jaccard ≥ threshold,n/a,n/a,n/a
12767,auto_pass,True,Jaccard ≥ threshold,n/a,n/a,n/a
12768,auto_pass,True,Jaccard ≥ threshold,n/a,n/a,n/a
12771,auto_pass,True,Jaccard ≥ threshold,n/a,n/a,n/a
12772,auto_pass,True,Jaccard ≥ threshold,n/a,n/a,n/a
12773,auto_pass,True,Jaccard ≥ threshold,n/a,n/a,n/a
12778,auto_pass,True,Jaccard ≥ threshold,n/a,n/a,n/a
12784,auto_pass,True,Jaccard ≥ threshold,n/a,n/a,n/a
12785,auto_pass,True,Jaccard ≥ threshold,n/a,n/a,n/a
12786,auto_pass,True,Jaccard ≥ threshold,n/a,n/a,n/a
12788,auto_pass,True,Jaccard ≥ threshold,n/a,n/a,n/a
12789,auto_pass,True,Jaccard ≥ threshold,n/a,n/a,n/a
12790,auto_pass,True,Jaccard ≥ threshold,n/a,n/a,n/a
12795,auto_pass,True,Jaccard ≥ threshold,n/a,n/a,n/a
12800,auto_pass,True,Jaccard ≥ threshold,n/a,n/a,n/a
12801,auto_pass,True,Jaccard ≥ threshold,n/a,n/a,n/a
12802,auto_pass,True,Jaccard ≥ threshold,n/a,n/a,n/a
12805,auto_pass,True,Jaccard ≥ threshold,n/a,n/a,n/a
12806,auto_pass,True,Jaccard ≥ threshold,n/a,n/a,n/a
12807,auto_pass,True,Jaccard ≥ threshold,n/a,n/a,n/a
12809,auto_pass,True,Jaccard ≥ threshold,n/a,n/a,n/a
12811,auto_pass,True,Jaccard ≥ threshold,n/a,n/a,n/a
12813,auto_pass,True,Jaccard ≥ threshold,n/a,n/a,n/a
12819,auto_pass,True,Jaccard ≥ threshold,n/a,n/a,n/a
12820,auto_pass,True,Jaccard ≥ threshold,n/a,n/a,n/a
12821,auto_pass,True,Jaccard ≥ threshold,n/a,n/a,n/a
12822,auto_pass,True,Jaccard ≥ threshold,n/a,n/a,n/a
12826,auto_pass,True,Jaccard ≥ threshold,n/a,n/a,n/a
12828,auto_pass,True,Jaccard ≥ threshold,n/a,n/a,n/a
12829,auto_pass,True,Jaccard ≥ threshold,n/a,n/a,n/a
12831,auto_pass,True,Jaccard ≥ threshold,n/a,n/a,n/a
12833,auto_pass,True,Jaccard ≥ threshold,n/a,n/a,n/a
12834,auto_pass,True,Jaccard ≥ threshold,n/a,n/a,n/a
12838,auto_pass,True,Jaccard ≥ threshold,n/a,n/a,n/a
12839,auto_pass,True,Jaccard ≥ threshold,n/a,n/a,n/a
12840,auto_pass,True,Jaccard ≥ threshold,n/a,n/a,n/a
12842,auto_pass,True,Jaccard ≥ threshold,n/a,n/a,n/a
12843,auto_pass,True,Jaccard ≥ threshold,n/a,n/a,n/a
12844,auto_pass,True,Jaccard ≥ threshold,n/a,n/a,n/a
12851,auto_pass,True,Jaccard ≥ threshold,n/a,n/a,n/a
12853,auto_pass,True,Jaccard ≥ threshold,n/a,n/a,n/a
12855,auto_pass,True,Jaccard ≥ threshold,n/a,n/a,n/a
12856,auto_pass,True,Jaccard ≥ threshold,n/a,n/a,n/a
12857,auto_pass,True,Jaccard ≥ threshold,n/a,n/a,n/a
12858,auto_pass,True,Jaccard ≥ threshold,n/a,n/a,n/a
12859,auto_pass,True,Jaccard ≥ threshold,n/a,n/a,n/a
12861,auto_pass,True,Jaccard ≥ threshold,n/a,n/a,n/a
12863,auto_pass,True,Jaccard ≥ threshold,n/a,n/a,n/a
12865,auto_pass,True,Jaccard ≥ threshold,n/a,n/a,n/a
12869,auto_pass,True,Jaccard ≥ threshold,n/a,n/a,n/a
12875,auto_pass,True,Jaccard ≥ threshold,n/a,n/a,n/a
12877,auto_pass,True,Jaccard ≥ threshold,n/a,n/a,n/a
12879,auto_pass,True,Jaccard ≥ threshold,n/a,n/a,n/a
12880,auto_pass,True,Jaccard ≥ threshold,n/a,n/a,n/a
12883,auto_pass,True,Jaccard ≥ threshold,n/a,n/a,n/a
12884,auto_pass,True,Jaccard ≥ threshold,n/a,n/a,n/a
12886,auto_pass,True,Jaccard ≥ threshold,n/a,n/a,n/a
12887,auto_pass,True,Jaccard ≥ threshold,n/a,n/a,n/a
12889,auto_pass,True,Jaccard ≥ threshold,n/a,n/a,n/a
12890,auto_pass,True,Jaccard ≥ threshold,n/a,n/a,n/a
12891,auto_pass,True,Jaccard ≥ threshold,n/a,n/a,n/a
12892,auto_pass,True,Jaccard ≥ threshold,n/a,n/a,n/a
12896,auto_pass,True,Jaccard ≥ threshold,n/a,n/a,n/a
12899,auto_pass,True,Jaccard ≥ threshold,n/a,n/a,n/a
12901,auto_pass,True,Jaccard ≥ threshold,n/a,n/a,n/a
12903,auto_pass,True,Jaccard ≥ threshold,n/a,n/a,n/a
12905,auto_pass,True,Jaccard ≥ threshold,n/a,n/a,n/a
12906,auto_pass,True,Jaccard ≥ threshold,n/a,n/a,n/a
12909,auto_pass,True,Jaccard ≥ threshold,n/a,n/a,n/a
12922,auto_pass,True,Jaccard ≥ threshold,n/a,n/a,n/a
12923,auto_pass,True,Jaccard ≥ threshold,n/a,n/a,n/a
12924,auto_pass,True,Jaccard ≥ threshold,n/a,n/a,n/a
12930,auto_pass,True,Jaccard ≥ threshold,n/a,n/a,n/a
12931,auto_pass,True,Jaccard ≥ threshold,n/a,n/a,n/a
12932,auto_pass,True,Jaccard ≥ threshold,n/a,n/a,n/a
12936,auto_pass,True,Jaccard ≥ threshold,n/a,n/a,n/a
12938,auto_pass,True,Jaccard ≥ threshold,n/a,n/a,n/a
12941,auto_pass,True,Jaccard ≥ threshold,n/a,n/a,n/a
12945,auto_pass,True,Jaccard ≥ threshold,n/a,n/a,n/a
12947,auto_pass,True,Jaccard ≥ threshold,n/a,n/a,n/a
12950,auto_pass,True,Jaccard ≥ threshold,n/a,n/a,n/a
12952,auto_pass,True,Jaccard ≥ threshold,n/a,n/a,n/a
12955,auto_pass,True,Jaccard ≥ threshold,n/a,n/a,n/a
12956,auto_pass,True,Jaccard ≥ threshold,n/a,n/a,n/a
12957,auto_pass,True,Jaccard ≥ threshold,n/a,n/a,n/a
12958,auto_pass,True,Jaccard ≥ threshold,n/a,n/a,n/a
12961,auto_pass,True,Jaccard ≥ threshold,n/a,n/a,n/a
12963,auto_pass,True,Jaccard ≥ threshold,n/a,n/a,n/a
12967,auto_pass,True,Jaccard ≥ threshold,n/a,n/a,n/a
12970,auto_pass,True,Jaccard ≥ threshold,n/a,n/a,n/a
12976,auto_pass,True,Jaccard ≥ threshold,n/a,n/a,n/a
12983,auto_pass,True,Jaccard ≥ threshold,n/a,n/a,n/a
12985,auto_pass,True,Jaccard ≥ threshold,n/a,n/a,n/a
12986,auto_pass,True,Jaccard ≥ threshold,n/a,n/a,n/a
12987,auto_pass,True,Jaccard ≥ threshold,n/a,n/a,n/a
12990,auto_pass,True,Jaccard ≥ threshold,n/a,n/a,n/a
12996,auto_pass,True,Jaccard ≥ threshold,n/a,n/a,n/a
12997,auto_pass,True,Jaccard ≥ threshold,n/a,n/a,n/a
13000,auto_pass,True,Jaccard ≥ threshold,n/a,n/a,n/a
13001,auto_pass,True,Jaccard ≥ threshold,n/a,n/a,n/a
13002,auto_pass,True,Jaccard ≥ threshold,n/a,n/a,n/a
13003,auto_pass,True,Jaccard ≥ threshold,n/a,n/a,n/a
13005,auto_pass,True,Jaccard ≥ threshold,n/a,n/a,n/a
13007,auto_pass,True,Jaccard ≥ threshold,n/a,n/a,n/a
13009,auto_pass,True,Jaccard ≥ threshold,n/a,n/a,n/a
13011,auto_pass,True,Jaccard ≥ threshold,n/a,n/a,n/a
13015,auto_pass,True,Jaccard ≥ threshold,n/a,n/a,n/a
13016,auto_pass,True,Jaccard ≥ threshold,n/a,n/a,n/a
13018,auto_pass,True,Jaccard ≥ threshold,n/a,n/a,n/a
13020,auto_pass,True,Jaccard ≥ threshold,n/a,n/a,n/a
13029,auto_pass,True,Jaccard ≥ threshold,n/a,n/a,n/a
13031,auto_pass,True,Jaccard ≥ threshold,n/a,n/a,n/a
13032,auto_pass,True,Jaccard ≥ threshold,n/a,n/a,n/a
13035,auto_pass,True,Jaccard ≥ threshold,n/a,n/a,n/a
13037,auto_pass,True,Jaccard ≥ threshold,n/a,n/a,n/a
13039,auto_pass,True,Jaccard ≥ threshold,n/a,n/a,n/a
13042,auto_pass,True,Jaccard ≥ threshold,n/a,n/a,n/a
13044,auto_pass,True,Jaccard ≥ threshold,n/a,n/a,n/a
13046,auto_pass,True,Jaccard ≥ threshold,n/a,n/a,n/a
13051,auto_pass,True,Jaccard ≥ threshold,n/a,n/a,n/a
13053,auto_pass,True,Jaccard ≥ threshold,n/a,n/a,n/a
13054,auto_pass,True,Jaccard ≥ threshold,n/a,n/a,n/a
13058,auto_pass,True,Jaccard ≥ threshold,n/a,n/a,n/a
13061,auto_pass,True,Jaccard ≥ threshold,n/a,n/a,n/a
13063,auto_pass,True,Jaccard ≥ threshold,n/a,n/a,n/a
13066,auto_pass,True,Jaccard ≥ threshold,n/a,n/a,n/a
13070,auto_pass,True,Jaccard ≥ threshold,n/a,n/a,n/a
13072,auto_pass,True,Jaccard ≥ threshold,n/a,n/a,n/a
13075,auto_pass,True,Jaccard ≥ threshold,n/a,n/a,n/a
13078,auto_pass,True,Jaccard ≥ threshold,n/a,n/a,n/a
13079,auto_pass,True,Jaccard ≥ threshold,n/a,n/a,n/a
13082,auto_pass,True,Jaccard ≥ threshold,n/a,n/a,n/a
13084,auto_pass,True,Jaccard ≥ threshold,n/a,n/a,n/a
13086,auto_pass,True,Jaccard ≥ threshold,n/a,n/a,n/a
13087,auto_pass,True,Jaccard ≥ threshold,n/a,n/a,n/a
13089,auto_pass,True,Jaccard ≥ threshold,n/a,n/a,n/a
13091,auto_pass,True,Jaccard ≥ threshold,n/a,n/a,n/a
13093,auto_pass,True,Jaccard ≥ threshold,n/a,n/a,n/a
13094,auto_pass,True,Jaccard ≥ threshold,n/a,n/a,n/a
13098,auto_pass,True,Jaccard ≥ threshold,n/a,n/a,n/a
13099,auto_pass,True,Jaccard ≥ threshold,n/a,n/a,n/a
13108,auto_pass,True,Jaccard ≥ threshold,n/a,n/a,n/a
13112,auto_pass,True,Jaccard ≥ threshold,n/a,n/a,n/a
13115,auto_pass,True,Jaccard ≥ threshold,n/a,n/a,n/a
13121,auto_pass,True,Jaccard ≥ threshold,n/a,n/a,n/a
13124,auto_pass,True,Jaccard ≥ threshold,n/a,n/a,n/a
13125,auto_pass,True,Jaccard ≥ threshold,n/a,n/a,n/a
13126,auto_pass,True,Jaccard ≥ threshold,n/a,n/a,n/a
13127,auto_pass,True,Jaccard ≥ threshold,n/a,n/a,n/a
13128,auto_pass,True,Jaccard ≥ threshold,n/a,n/a,n/a
13130,auto_pass,True,Jaccard ≥ threshold,n/a,n/a,n/a
13131,auto_pass,True,Jaccard ≥ threshold,n/a,n/a,n/a
13132,auto_pass,True,Jaccard ≥ threshold,n/a,n/a,n/a
13133,auto_pass,True,Jaccard ≥ threshold,n/a,n/a,n/a
13134,auto_pass,True,Jaccard ≥ threshold,n/a,n/a,n/a
13139,auto_pass,True,Jaccard ≥ threshold,n/a,n/a,n/a
13140,auto_pass,True,Jaccard ≥ threshold,n/a,n/a,n/a
13142,auto_pass,True,Jaccard ≥ threshold,n/a,n/a,n/a
13143,auto_pass,True,Jaccard ≥ threshold,n/a,n/a,n/a
13149,auto_pass,True,Jaccard ≥ threshold,n/a,n/a,n/a
13150,auto_pass,True,Jaccard ≥ threshold,n/a,n/a,n/a
13157,auto_pass,True,Jaccard ≥ threshold,n/a,n/a,n/a
13158,auto_pass,True,Jaccard ≥ threshold,n/a,n/a,n/a
13159,auto_pass,True,Jaccard ≥ threshold,n/a,n/a,n/a
13161,auto_pass,True,Jaccard ≥ threshold,n/a,n/a,n/a
13162,auto_pass,True,Jaccard ≥ threshold,n/a,n/a,n/a
13166,auto_pass,True,Jaccard ≥ threshold,n/a,n/a,n/a
13168,auto_pass,True,Jaccard ≥ threshold,n/a,n/a,n/a
13173,auto_pass,True,Jaccard ≥ threshold,n/a,n/a,n/a
13174,auto_pass,True,Jaccard ≥ threshold,n/a,n/a,n/a
13175,auto_pass,True,Jaccard ≥ threshold,n/a,n/a,n/a
13177,auto_pass,True,Jaccard ≥ threshold,n/a,n/a,n/a
13178,auto_pass,True,Jaccard ≥ threshold,n/a,n/a,n/a
13181,auto_pass,True,Jaccard ≥ threshold,n/a,n/a,n/a
13182,auto_pass,True,Jaccard ≥ threshold,n/a,n/a,n/a
13184,auto_pass,True,Jaccard ≥ threshold,n/a,n/a,n/a
13192,auto_pass,True,Jaccard ≥ threshold,n/a,n/a,n/a
13196,auto_pass,True,Jaccard ≥ threshold,n/a,n/a,n/a
13197,auto_pass,True,Jaccard ≥ threshold,n/a,n/a,n/a
13198,auto_pass,True,Jaccard ≥ threshold,n/a,n/a,n/a
13201,auto_pass,True,Jaccard ≥ threshold,n/a,n/a,n/a
13202,auto_pass,True,Jaccard ≥ threshold,n/a,n/a,n/a
13203,auto_pass,True,Jaccard ≥ threshold,n/a,n/a,n/a
13205,auto_pass,True,Jaccard ≥ threshold,n/a,n/a,n/a
13206,auto_pass,True,Jaccard ≥ threshold,n/a,n/a,n/a
13207,auto_pass,True,Jaccard ≥ threshold,n/a,n/a,n/a
13208,auto_pass,True,Jaccard ≥ threshold,n/a,n/a,n/a
13209,auto_pass,True,Jaccard ≥ threshold,n/a,n/a,n/a
13211,auto_pass,True,Jaccard ≥ threshold,n/a,n/a,n/a
13212,auto_pass,True,Jaccard ≥ threshold,n/a,n/a,n/a
13214,auto_pass,True,Jaccard ≥ threshold,n/a,n/a,n/a
13216,auto_pass,True,Jaccard ≥ threshold,n/a,n/a,n/a
13219,auto_pass,True,Jaccard ≥ threshold,n/a,n/a,n/a
13220,auto_pass,True,Jaccard ≥ threshold,n/a,n/a,n/a
13221,auto_pass,True,Jaccard ≥ threshold,n/a,n/a,n/a
13222,auto_pass,True,Jaccard ≥ threshold,n/a,n/a,n/a
13223,auto_pass,True,Jaccard ≥ threshold,n/a,n/a,n/a
13224,auto_pass,True,Jaccard ≥ threshold,n/a,n/a,n/a
13225,auto_pass,True,Jaccard ≥ threshold,n/a,n/a,n/a
13226,auto_pass,True,Jaccard ≥ threshold,n/a,n/a,n/a
13228,auto_pass,True,Jaccard ≥ threshold,n/a,n/a,n/a
13229,auto_pass,True,Jaccard ≥ threshold,n/a,n/a,n/a
13230,auto_pass,True,Jaccard ≥ threshold,n/a,n/a,n/a
13237,auto_pass,True,Jaccard ≥ threshold,n/a,n/a,n/a
13240,auto_pass,True,Jaccard ≥ threshold,n/a,n/a,n/a
13241,auto_pass,True,Jaccard ≥ threshold,n/a,n/a,n/a
13244,auto_pass,True,Jaccard ≥ threshold,n/a,n/a,n/a
13245,auto_pass,True,Jaccard ≥ threshold,n/a,n/a,n/a
13247,auto_pass,True,Jaccard ≥ threshold,n/a,n/a,n/a
13248,auto_pass,True,Jaccard ≥ threshold,n/a,n/a,n/a
13249,auto_pass,True,Jaccard ≥ threshold,n/a,n/a,n/a
13250,auto_pass,True,Jaccard ≥ threshold,n/a,n/a,n/a
13251,auto_pass,True,Jaccard ≥ threshold,n/a,n/a,n/a
13252,auto_pass,True,Jaccard ≥ threshold,n/a,n/a,n/a
13253,auto_pass,True,Jaccard ≥ threshold,n/a,n/a,n/a
13254,auto_pass,True,Jaccard ≥ threshold,n/a,n/a,n/a
13255,auto_pass,True,Jaccard ≥ threshold,n/a,n/a,n/a
13257,auto_pass,True,Jaccard ≥ threshold,n/a,n/a,n/a
13258,auto_pass,True,Jaccard ≥ threshold,n/a,n/a,n/a
13260,auto_pass,True,Jaccard ≥ threshold,n/a,n/a,n/a
13261,auto_pass,True,Jaccard ≥ threshold,n/a,n/a,n/a
13263,auto_pass,True,Jaccard ≥ threshold,n/a,n/a,n/a
13264,auto_pass,True,Jaccard ≥ threshold,n/a,n/a,n/a
13265,auto_pass,True,Jaccard ≥ threshold,n/a,n/a,n/a
13267,auto_pass,True,Jaccard ≥ threshold,n/a,n/a,n/a
13268,auto_pass,True,Jaccard ≥ threshold,n/a,n/a,n/a
13271,auto_pass,True,Jaccard ≥ threshold,n/a,n/a,n/a
13272,auto_pass,True,Jaccard ≥ threshold,n/a,n/a,n/a
13273,auto_pass,True,Jaccard ≥ threshold,n/a,n/a,n/a
13274,auto_pass,True,Jaccard ≥ threshold,n/a,n/a,n/a
13275,auto_pass,True,Jaccard ≥ threshold,n/a,n/a,n/a
13276,auto_pass,True,Jaccard ≥ threshold,n/a,n/a,n/a
13278,auto_pass,True,Jaccard ≥ threshold,n/a,n/a,n/a
13280,auto_pass,True,Jaccard ≥ threshold,n/a,n/a,n/a
13281,auto_pass,True,Jaccard ≥ threshold,n/a,n/a,n/a
13283,auto_pass,True,Jaccard ≥ threshold,n/a,n/a,n/a
13286,auto_pass,True,Jaccard ≥ threshold,n/a,n/a,n/a
13287,auto_pass,True,Jaccard ≥ threshold,n/a,n/a,n/a
13289,auto_pass,True,Jaccard ≥ threshold,n/a,n/a,n/a
13291,auto_pass,True,Jaccard ≥ threshold,n/a,n/a,n/a
13292,auto_pass,True,Jaccard ≥ threshold,n/a,n/a,n/a
13294,auto_pass,True,Jaccard ≥ threshold,n/a,n/a,n/a
13295,auto_pass,True,Jaccard ≥ threshold,n/a,n/a,n/a
13297,auto_pass,True,Jaccard ≥ threshold,n/a,n/a,n/a
13299,auto_pass,True,Jaccard ≥ threshold,n/a,n/a,n/a
13300,auto_pass,True,Jaccard ≥ threshold,n/a,n/a,n/a
13303,auto_pass,True,Jaccard ≥ threshold,n/a,n/a,n/a
13304,auto_pass,True,Jaccard ≥ threshold,n/a,n/a,n/a
13305,auto_pass,True,Jaccard ≥ threshold,n/a,n/a,n/a
13306,auto_pass,True,Jaccard ≥ threshold,n/a,n/a,n/a
13307,auto_pass,True,Jaccard ≥ threshold,n/a,n/a,n/a
13310,auto_pass,True,Jaccard ≥ threshold,n/a,n/a,n/a
13311,auto_pass,True,Jaccard ≥ threshold,n/a,n/a,n/a
13313,auto_pass,True,Jaccard ≥ threshold,n/a,n/a,n/a
13314,auto_pass,True,Jaccard ≥ threshold,n/a,n/a,n/a
13315,auto_pass,True,Jaccard ≥ threshold,n/a,n/a,n/a
13318,auto_pass,True,Jaccard ≥ threshold,n/a,n/a,n/a
13320,auto_pass,True,Jaccard ≥ threshold,n/a,n/a,n/a
13321,auto_pass,True,Jaccard ≥ threshold,n/a,n/a,n/a
13322,auto_pass,True,Jaccard ≥ threshold,n/a,n/a,n/a
13327,auto_pass,True,Jaccard ≥ threshold,n/a,n/a,n/a
13330,auto_pass,True,Jaccard ≥ threshold,n/a,n/a,n/a
13332,auto_pass,True,Jaccard ≥ threshold,n/a,n/a,n/a
13334,auto_pass,True,Jaccard ≥ threshold,n/a,n/a,n/a
13335,auto_pass,True,Jaccard ≥ threshold,n/a,n/a,n/a
13337,auto_pass,True,Jaccard ≥ threshold,n/a,n/a,n/a
13339,auto_pass,True,Jaccard ≥ threshold,n/a,n/a,n/a
13341,auto_pass,True,Jaccard ≥ threshold,n/a,n/a,n/a
13342,auto_pass,True,Jaccard ≥ threshold,n/a,n/a,n/a
13344,auto_pass,True,Jaccard ≥ threshold,n/a,n/a,n/a
13346,auto_pass,True,Jaccard ≥ threshold,n/a,n/a,n/a
13347,auto_pass,True,Jaccard ≥ threshold,n/a,n/a,n/a
13348,auto_pass,True,Jaccard ≥ threshold,n/a,n/a,n/a
13353,auto_pass,True,Jaccard ≥ threshold,n/a,n/a,n/a
13355,auto_pass,True,Jaccard ≥ threshold,n/a,n/a,n/a
13356,auto_pass,True,Jaccard ≥ threshold,n/a,n/a,n/a
13358,auto_pass,True,Jaccard ≥ threshold,n/a,n/a,n/a
13359,auto_pass,True,Jaccard ≥ threshold,n/a,n/a,n/a
13361,auto_pass,True,Jaccard ≥ threshold,n/a,n/a,n/a
13363,auto_pass,True,Jaccard ≥ threshold,n/a,n/a,n/a
13366,auto_pass,True,Jaccard ≥ threshold,n/a,n/a,n/a
13368,auto_pass,True,Jaccard ≥ threshold,n/a,n/a,n/a
13369,auto_pass,True,Jaccard ≥ threshold,n/a,n/a,n/a
13370,auto_pass,True,Jaccard ≥ threshold,n/a,n/a,n/a
13371,auto_pass,True,Jaccard ≥ threshold,n/a,n/a,n/a
13372,auto_pass,True,Jaccard ≥ threshold,n/a,n/a,n/a
13373,auto_pass,True,Jaccard ≥ threshold,n/a,n/a,n/a
13374,auto_pass,True,Jaccard ≥ threshold,n/a,n/a,n/a
13375,auto_pass,True,Jaccard ≥ threshold,n/a,n/a,n/a
13378,auto_pass,True,Jaccard ≥ threshold,n/a,n/a,n/a
13381,auto_pass,True,Jaccard ≥ threshold,n/a,n/a,n/a
13385,auto_pass,True,Jaccard ≥ threshold,n/a,n/a,n/a
13387,auto_pass,True,Jaccard ≥ threshold,n/a,n/a,n/a
13388,auto_pass,True,Jaccard ≥ threshold,n/a,n/a,n/a
13391,auto_pass,True,Jaccard ≥ threshold,n/a,n/a,n/a
13392,auto_pass,True,Jaccard ≥ threshold,n/a,n/a,n/a
13393,auto_pass,True,Jaccard ≥ threshold,n/a,n/a,n/a
13395,auto_pass,True,Jaccard ≥ threshold,n/a,n/a,n/a
13396,auto_pass,True,Jaccard ≥ threshold,n/a,n/a,n/a
13398,auto_pass,True,Jaccard ≥ threshold,n/a,n/a,n/a
13399,auto_pass,True,Jaccard ≥ threshold,n/a,n/a,n/a
13404,auto_pass,True,Jaccard ≥ threshold,n/a,n/a,n/a
13405,auto_pass,True,Jaccard ≥ threshold,n/a,n/a,n/a
13406,auto_pass,True,Jaccard ≥ threshold,n/a,n/a,n/a
13408,auto_pass,True,Jaccard ≥ threshold,n/a,n/a,n/a
13409,auto_pass,True,Jaccard ≥ threshold,n/a,n/a,n/a
13414,auto_pass,True,Jaccard ≥ threshold,n/a,n/a,n/a
13416,auto_pass,True,Jaccard ≥ threshold,n/a,n/a,n/a
13419,auto_pass,True,Jaccard ≥ threshold,n/a,n/a,n/a
13420,auto_pass,True,Jaccard ≥ threshold,n/a,n/a,n/a
13422,auto_pass,True,Jaccard ≥ threshold,n/a,n/a,n/a
13427,auto_pass,True,Jaccard ≥ threshold,n/a,n/a,n/a
13433,auto_pass,True,Jaccard ≥ threshold,n/a,n/a,n/a
13439,auto_pass,True,Jaccard ≥ threshold,n/a,n/a,n/a
13443,auto_pass,True,Jaccard ≥ threshold,n/a,n/a,n/a
13445,auto_pass,True,Jaccard ≥ threshold,n/a,n/a,n/a
13449,auto_pass,True,Jaccard ≥ threshold,n/a,n/a,n/a
13453,auto_pass,True,Jaccard ≥ threshold,n/a,n/a,n/a
13458,auto_pass,True,Jaccard ≥ threshold,n/a,n/a,n/a
13459,auto_pass,True,Jaccard ≥ threshold,n/a,n/a,n/a
13462,auto_pass,True,Jaccard ≥ threshold,n/a,n/a,n/a
13464,auto_pass,True,Jaccard ≥ threshold,n/a,n/a,n/a
13465,auto_pass,True,Jaccard ≥ threshold,n/a,n/a,n/a
13466,auto_pass,True,Jaccard ≥ threshold,n/a,n/a,n/a
13467,auto_pass,True,Jaccard ≥ threshold,n/a,n/a,n/a
13468,auto_pass,True,Jaccard ≥ threshold,n/a,n/a,n/a
13469,auto_pass,True,Jaccard ≥ threshold,n/a,n/a,n/a
13470,auto_pass,True,Jaccard ≥ threshold,n/a,n/a,n/a
13471,auto_pass,True,Jaccard ≥ threshold,n/a,n/a,n/a
13473,auto_pass,True,Jaccard ≥ threshold,n/a,n/a,n/a
13477,auto_pass,True,Jaccard ≥ threshold,n/a,n/a,n/a
13479,auto_pass,True,Jaccard ≥ threshold,n/a,n/a,n/a
13482,auto_pass,True,Jaccard ≥ threshold,n/a,n/a,n/a
13483,auto_pass,True,Jaccard ≥ threshold,n/a,n/a,n/a
13486,auto_pass,True,Jaccard ≥ threshold,n/a,n/a,n/a
13489,auto_pass,True,Jaccard ≥ threshold,n/a,n/a,n/a
13490,auto_pass,True,Jaccard ≥ threshold,n/a,n/a,n/a
13491,auto_pass,True,Jaccard ≥ threshold,n/a,n/a,n/a
13493,auto_pass,True,Jaccard ≥ threshold,n/a,n/a,n/a
13494,auto_pass,True,Jaccard ≥ threshold,n/a,n/a,n/a
13495,auto_pass,True,Jaccard ≥ threshold,n/a,n/a,n/a
13497,auto_pass,True,Jaccard ≥ threshold,n/a,n/a,n/a
13507,auto_pass,True,Jaccard ≥ threshold,n/a,n/a,n/a
13508,auto_pass,True,Jaccard ≥ threshold,n/a,n/a,n/a
13509,auto_pass,True,Jaccard ≥ threshold,n/a,n/a,n/a
13510,auto_pass,True,Jaccard ≥ threshold,n/a,n/a,n/a
13512,auto_pass,True,Jaccard ≥ threshold,n/a,n/a,n/a
13513,auto_pass,True,Jaccard ≥ threshold,n/a,n/a,n/a
13518,auto_pass,True,Jaccard ≥ threshold,n/a,n/a,n/a
13520,auto_pass,True,Jaccard ≥ threshold,n/a,n/a,n/a
13521,auto_pass,True,Jaccard ≥ threshold,n/a,n/a,n/a
13522,auto_pass,True,Jaccard ≥ threshold,n/a,n/a,n/a
13526,auto_pass,True,Jaccard ≥ threshold,n/a,n/a,n/a
13527,auto_pass,True,Jaccard ≥ threshold,n/a,n/a,n/a
13531,auto_pass,True,Jaccard ≥ threshold,n/a,n/a,n/a
13536,auto_pass,True,Jaccard ≥ threshold,n/a,n/a,n/a
13537,auto_pass,True,Jaccard ≥ threshold,n/a,n/a,n/a
13539,auto_pass,True,Jaccard ≥ threshold,n/a,n/a,n/a
13543,auto_pass,True,Jaccard ≥ threshold,n/a,n/a,n/a
13544,auto_pass,True,Jaccard ≥ threshold,n/a,n/a,n/a
13545,auto_pass,True,Jaccard ≥ threshold,n/a,n/a,n/a
13546,auto_pass,True,Jaccard ≥ threshold,n/a,n/a,n/a
13547,auto_pass,True,Jaccard ≥ threshold,n/a,n/a,n/a
13548,auto_pass,True,Jaccard ≥ threshold,n/a,n/a,n/a
13549,auto_pass,True,Jaccard ≥ threshold,n/a,n/a,n/a
13560,auto_pass,True,Jaccard ≥ threshold,n/a,n/a,n/a
13562,auto_pass,True,Jaccard ≥ threshold,n/a,n/a,n/a
13564,auto_pass,True,Jaccard ≥ threshold,n/a,n/a,n/a
13567,auto_pass,True,Jaccard ≥ threshold,n/a,n/a,n/a
13568,auto_pass,True,Jaccard ≥ threshold,n/a,n/a,n/a
13569,auto_pass,True,Jaccard ≥ threshold,n/a,n/a,n/a
13570,auto_pass,True,Jaccard ≥ threshold,n/a,n/a,n/a
13571,auto_pass,True,Jaccard ≥ threshold,n/a,n/a,n/a
13572,auto_pass,True,Jaccard ≥ threshold,n/a,n/a,n/a
13574,auto_pass,True,Jaccard ≥ threshold,n/a,n/a,n/a
13577,auto_pass,True,Jaccard ≥ threshold,n/a,n/a,n/a
13588,auto_pass,True,Jaccard ≥ threshold,n/a,n/a,n/a
13593,auto_pass,True,Jaccard ≥ threshold,n/a,n/a,n/a
13595,auto_pass,True,Jaccard ≥ threshold,n/a,n/a,n/a
13596,auto_pass,True,Jaccard ≥ threshold,n/a,n/a,n/a
13597,auto_pass,True,Jaccard ≥ threshold,n/a,n/a,n/a
13600,auto_pass,True,Jaccard ≥ threshold,n/a,n/a,n/a
13601,auto_pass,True,Jaccard ≥ threshold,n/a,n/a,n/a
13602,auto_pass,True,Jaccard ≥ threshold,n/a,n/a,n/a
13603,auto_pass,True,Jaccard ≥ threshold,n/a,n/a,n/a
13606,auto_pass,True,Jaccard ≥ threshold,n/a,n/a,n/a
13608,auto_pass,True,Jaccard ≥ threshold,n/a,n/a,n/a
13609,auto_pass,True,Jaccard ≥ threshold,n/a,n/a,n/a
13610,auto_pass,True,Jaccard ≥ threshold,n/a,n/a,n/a
13611,auto_pass,True,Jaccard ≥ threshold,n/a,n/a,n/a
13616,auto_pass,True,Jaccard ≥ threshold,n/a,n/a,n/a
13618,auto_pass,True,Jaccard ≥ threshold,n/a,n/a,n/a
13619,auto_pass,True,Jaccard ≥ threshold,n/a,n/a,n/a
13620,auto_pass,True,Jaccard ≥ threshold,n/a,n/a,n/a
13621,auto_pass,True,Jaccard ≥ threshold,n/a,n/a,n/a
13622,auto_pass,True,Jaccard ≥ threshold,n/a,n/a,n/a
13625,auto_pass,True,Jaccard ≥ threshold,n/a,n/a,n/a
13626,auto_pass,True,Jaccard ≥ threshold,n/a,n/a,n/a
13629,auto_pass,True,Jaccard ≥ threshold,n/a,n/a,n/a
13630,auto_pass,True,Jaccard ≥ threshold,n/a,n/a,n/a
13631,auto_pass,True,Jaccard ≥ threshold,n/a,n/a,n/a
13632,auto_pass,True,Jaccard ≥ threshold,n/a,n/a,n/a
13633,auto_pass,True,Jaccard ≥ threshold,n/a,n/a,n/a
13634,auto_pass,True,Jaccard ≥ threshold,n/a,n/a,n/a
13636,auto_pass,True,Jaccard ≥ threshold,n/a,n/a,n/a
13637,auto_pass,True,Jaccard ≥ threshold,n/a,n/a,n/a
13641,auto_pass,True,Jaccard ≥ threshold,n/a,n/a,n/a
13643,auto_pass,True,Jaccard ≥ threshold,n/a,n/a,n/a
13644,auto_pass,True,Jaccard ≥ threshold,n/a,n/a,n/a
13645,auto_pass,True,Jaccard ≥ threshold,n/a,n/a,n/a
13646,auto_pass,True,Jaccard ≥ threshold,n/a,n/a,n/a
13648,auto_pass,True,Jaccard ≥ threshold,n/a,n/a,n/a
13649,auto_pass,True,Jaccard ≥ threshold,n/a,n/a,n/a
13654,auto_pass,True,Jaccard ≥ threshold,n/a,n/a,n/a
13655,auto_pass,True,Jaccard ≥ threshold,n/a,n/a,n/a
13657,auto_pass,True,Jaccard ≥ threshold,n/a,n/a,n/a
13660,auto_pass,True,Jaccard ≥ threshold,n/a,n/a,n/a
13670,auto_pass,True,Jaccard ≥ threshold,n/a,n/a,n/a
13671,auto_pass,True,Jaccard ≥ threshold,n/a,n/a,n/a
13673,auto_pass,True,Jaccard ≥ threshold,n/a,n/a,n/a
13674,auto_pass,True,Jaccard ≥ threshold,n/a,n/a,n/a
13675,auto_pass,True,Jaccard ≥ threshold,n/a,n/a,n/a
13676,auto_pass,True,Jaccard ≥ threshold,n/a,n/a,n/a
13678,auto_pass,True,Jaccard ≥ threshold,n/a,n/a,n/a
13681,auto_pass,True,Jaccard ≥ threshold,n/a,n/a,n/a
13688,auto_pass,True,Jaccard ≥ threshold,n/a,n/a,n/a
13695,auto_pass,True,Jaccard ≥ threshold,n/a,n/a,n/a
13696,auto_pass,True,Jaccard ≥ threshold,n/a,n/a,n/a
13697,auto_pass,True,Jaccard ≥ threshold,n/a,n/a,n/a
13700,auto_pass,True,Jaccard ≥ threshold,n/a,n/a,n/a
13701,auto_pass,True,Jaccard ≥ threshold,n/a,n/a,n/a
13702,auto_pass,True,Jaccard ≥ threshold,n/a,n/a,n/a
13703,auto_pass,True,Jaccard ≥ threshold,n/a,n/a,n/a
13705,auto_pass,True,Jaccard ≥ threshold,n/a,n/a,n/a
13706,auto_pass,True,Jaccard ≥ threshold,n/a,n/a,n/a
13708,auto_pass,True,Jaccard ≥ threshold,n/a,n/a,n/a
13709,auto_pass,True,Jaccard ≥ threshold,n/a,n/a,n/a
13710,auto_pass,True,Jaccard ≥ threshold,n/a,n/a,n/a
13711,auto_pass,True,Jaccard ≥ threshold,n/a,n/a,n/a
13713,auto_pass,True,Jaccard ≥ threshold,n/a,n/a,n/a
13715,auto_pass,True,Jaccard ≥ threshold,n/a,n/a,n/a
13717,auto_pass,True,Jaccard ≥ threshold,n/a,n/a,n/a
13718,auto_pass,True,Jaccard ≥ threshold,n/a,n/a,n/a
13728,auto_pass,True,Jaccard ≥ threshold,n/a,n/a,n/a
13737,auto_pass,True,Jaccard ≥ threshold,n/a,n/a,n/a
13738,auto_pass,True,Jaccard ≥ threshold,n/a,n/a,n/a
13739,auto_pass,True,Jaccard ≥ threshold,n/a,n/a,n/a
13744,auto_pass,True,Jaccard ≥ threshold,n/a,n/a,n/a
13746,auto_pass,True,Jaccard ≥ threshold,n/a,n/a,n/a
13747,auto_pass,True,Jaccard ≥ threshold,n/a,n/a,n/a
13748,auto_pass,True,Jaccard ≥ threshold,n/a,n/a,n/a
13752,auto_pass,True,Jaccard ≥ threshold,n/a,n/a,n/a
13753,auto_pass,True,Jaccard ≥ threshold,n/a,n/a,n/a
13754,auto_pass,True,Jaccard ≥ threshold,n/a,n/a,n/a
13761,auto_pass,True,Jaccard ≥ threshold,n/a,n/a,n/a
13763,auto_pass,True,Jaccard ≥ threshold,n/a,n/a,n/a
13765,auto_pass,True,Jaccard ≥ threshold,n/a,n/a,n/a
13767,auto_pass,True,Jaccard ≥ threshold,n/a,n/a,n/a
13768,auto_pass,True,Jaccard ≥ threshold,n/a,n/a,n/a
13770,auto_pass,True,Jaccard ≥ threshold,n/a,n/a,n/a
13772,auto_pass,True,Jaccard ≥ threshold,n/a,n/a,n/a
13773,auto_pass,True,Jaccard ≥ threshold,n/a,n/a,n/a
13775,auto_pass,True,Jaccard ≥ threshold,n/a,n/a,n/a
13779,auto_pass,True,Jaccard ≥ threshold,n/a,n/a,n/a
13785,auto_pass,True,Jaccard ≥ threshold,n/a,n/a,n/a
13787,auto_pass,True,Jaccard ≥ threshold,n/a,n/a,n/a
13794,auto_pass,True,Jaccard ≥ threshold,n/a,n/a,n/a
13797,auto_pass,True,Jaccard ≥ threshold,n/a,n/a,n/a
13800,auto_pass,True,Jaccard ≥ threshold,n/a,n/a,n/a
13801,auto_pass,True,Jaccard ≥ threshold,n/a,n/a,n/a
13802,auto_pass,True,Jaccard ≥ threshold,n/a,n/a,n/a
13804,auto_pass,True,Jaccard ≥ threshold,n/a,n/a,n/a
13809,auto_pass,True,Jaccard ≥ threshold,n/a,n/a,n/a
13814,auto_pass,True,Jaccard ≥ threshold,n/a,n/a,n/a
13817,auto_pass,True,Jaccard ≥ threshold,n/a,n/a,n/a
13818,auto_pass,True,Jaccard ≥ threshold,n/a,n/a,n/a
13821,auto_pass,True,Jaccard ≥ threshold,n/a,n/a,n/a
13823,auto_pass,True,Jaccard ≥ threshold,n/a,n/a,n/a
13824,auto_pass,True,Jaccard ≥ threshold,n/a,n/a,n/a
13825,auto_pass,True,Jaccard ≥ threshold,n/a,n/a,n/a
13827,auto_pass,True,Jaccard ≥ threshold,n/a,n/a,n/a
13829,auto_pass,True,Jaccard ≥ threshold,n/a,n/a,n/a
13834,auto_pass,True,Jaccard ≥ threshold,n/a,n/a,n/a
13840,auto_pass,True,Jaccard ≥ threshold,n/a,n/a,n/a
13841,auto_pass,True,Jaccard ≥ threshold,n/a,n/a,n/a
13842,auto_pass,True,Jaccard ≥ threshold,n/a,n/a,n/a
13843,auto_pass,True,Jaccard ≥ threshold,n/a,n/a,n/a
13844,auto_pass,True,Jaccard ≥ threshold,n/a,n/a,n/a
13845,auto_pass,True,Jaccard ≥ threshold,n/a,n/a,n/a
13846,auto_pass,True,Jaccard ≥ threshold,n/a,n/a,n/a
13850,auto_pass,True,Jaccard ≥ threshold,n/a,n/a,n/a
13851,auto_pass,True,Jaccard ≥ threshold,n/a,n/a,n/a
13857,auto_pass,True,Jaccard ≥ threshold,n/a,n/a,n/a
13860,auto_pass,True,Jaccard ≥ threshold,n/a,n/a,n/a
13866,auto_pass,True,Jaccard ≥ threshold,n/a,n/a,n/a
13868,auto_pass,True,Jaccard ≥ threshold,n/a,n/a,n/a
13869,auto_pass,True,Jaccard ≥ threshold,n/a,n/a,n/a
13870,auto_pass,True,Jaccard ≥ threshold,n/a,n/a,n/a
13871,auto_pass,True,Jaccard ≥ threshold,n/a,n/a,n/a
13876,auto_pass,True,Jaccard ≥ threshold,n/a,n/a,n/a
13880,auto_pass,True,Jaccard ≥ threshold,n/a,n/a,n/a
13882,auto_pass,True,Jaccard ≥ threshold,n/a,n/a,n/a
13885,auto_pass,True,Jaccard ≥ threshold,n/a,n/a,n/a
13888,auto_pass,True,Jaccard ≥ threshold,n/a,n/a,n/a
13894,auto_pass,True,Jaccard ≥ threshold,n/a,n/a,n/a
13895,auto_pass,True,Jaccard ≥ threshold,n/a,n/a,n/a
13897,auto_pass,True,Jaccard ≥ threshold,n/a,n/a,n/a
13898,auto_pass,True,Jaccard ≥ threshold,n/a,n/a,n/a
13899,auto_pass,True,Jaccard ≥ threshold,n/a,n/a,n/a
13900,auto_pass,True,Jaccard ≥ threshold,n/a,n/a,n/a
13901,auto_pass,True,Jaccard ≥ threshold,n/a,n/a,n/a
13902,auto_pass,True,Jaccard ≥ threshold,n/a,n/a,n/a
13903,auto_pass,True,Jaccard ≥ threshold,n/a,n/a,n/a
13904,auto_pass,True,Jaccard ≥ threshold,n/a,n/a,n/a
13907,auto_pass,True,Jaccard ≥ threshold,n/a,n/a,n/a
13913,auto_pass,True,Jaccard ≥ threshold,n/a,n/a,n/a
13914,auto_pass,True,Jaccard ≥ threshold,n/a,n/a,n/a
13915,auto_pass,True,Jaccard ≥ threshold,n/a,n/a,n/a
13916,auto_pass,True,Jaccard ≥ threshold,n/a,n/a,n/a
13918,auto_pass,True,Jaccard ≥ threshold,n/a,n/a,n/a
13921,auto_pass,True,Jaccard ≥ threshold,n/a,n/a,n/a
13923,auto_pass,True,Jaccard ≥ threshold,n/a,n/a,n/a
13927,auto_pass,True,Jaccard ≥ threshold,n/a,n/a,n/a
13928,auto_pass,True,Jaccard ≥ threshold,n/a,n/a,n/a
13929,auto_pass,True,Jaccard ≥ threshold,n/a,n/a,n/a
13931,auto_pass,True,Jaccard ≥ threshold,n/a,n/a,n/a
13936,auto_pass,True,Jaccard ≥ threshold,n/a,n/a,n/a
13939,auto_pass,True,Jaccard ≥ threshold,n/a,n/a,n/a
13940,auto_pass,True,Jaccard ≥ threshold,n/a,n/a,n/a
13941,auto_pass,True,Jaccard ≥ threshold,n/a,n/a,n/a
13943,auto_pass,True,Jaccard ≥ threshold,n/a,n/a,n/a
13946,auto_pass,True,Jaccard ≥ threshold,n/a,n/a,n/a
13950,auto_pass,True,Jaccard ≥ threshold,n/a,n/a,n/a
13951,auto_pass,True,Jaccard ≥ threshold,n/a,n/a,n/a
13955,auto_pass,True,Jaccard ≥ threshold,n/a,n/a,n/a
13956,auto_pass,True,Jaccard ≥ threshold,n/a,n/a,n/a
13957,auto_pass,True,Jaccard ≥ threshold,n/a,n/a,n/a
13958,auto_pass,True,Jaccard ≥ threshold,n/a,n/a,n/a
13959,auto_pass,True,Jaccard ≥ threshold,n/a,n/a,n/a
13961,auto_pass,True,Jaccard ≥ threshold,n/a,n/a,n/a
13962,auto_pass,True,Jaccard ≥ threshold,n/a,n/a,n/a
13963,auto_pass,True,Jaccard ≥ threshold,n/a,n/a,n/a
13964,auto_pass,True,Jaccard ≥ threshold,n/a,n/a,n/a
13968,auto_pass,True,Jaccard ≥ threshold,n/a,n/a,n/a
13971,auto_pass,True,Jaccard ≥ threshold,n/a,n/a,n/a
13975,auto_pass,True,Jaccard ≥ threshold,n/a,n/a,n/a
13976,auto_pass,True,Jaccard ≥ threshold,n/a,n/a,n/a
13978,auto_pass,True,Jaccard ≥ threshold,n/a,n/a,n/a
13979,auto_pass,True,Jaccard ≥ threshold,n/a,n/a,n/a
13981,auto_pass,True,Jaccard ≥ threshold,n/a,n/a,n/a
13986,auto_pass,True,Jaccard ≥ threshold,n/a,n/a,n/a
13987,auto_pass,True,Jaccard ≥ threshold,n/a,n/a,n/a
13991,auto_pass,True,Jaccard ≥ threshold,n/a,n/a,n/a
13992,auto_pass,True,Jaccard ≥ threshold,n/a,n/a,n/a
13997,auto_pass,True,Jaccard ≥ threshold,n/a,n/a,n/a
13999,auto_pass,True,Jaccard ≥ threshold,n/a,n/a,n/a
14000,auto_pass,True,Jaccard ≥ threshold,n/a,n/a,n/a
14003,auto_pass,True,Jaccard ≥ threshold,n/a,n/a,n/a
14006,auto_pass,True,Jaccard ≥ threshold,n/a,n/a,n/a
14013,auto_pass,True,Jaccard ≥ threshold,n/a,n/a,n/a
14017,auto_pass,True,Jaccard ≥ threshold,n/a,n/a,n/a
14020,auto_pass,True,Jaccard ≥ threshold,n/a,n/a,n/a
14023,auto_pass,True,Jaccard ≥ threshold,n/a,n/a,n/a
14024,auto_pass,True,Jaccard ≥ threshold,n/a,n/a,n/a
14026,auto_pass,True,Jaccard ≥ threshold,n/a,n/a,n/a
14027,auto_pass,True,Jaccard ≥ threshold,n/a,n/a,n/a
14029,auto_pass,True,Jaccard ≥ threshold,n/a,n/a,n/a
14031,auto_pass,True,Jaccard ≥ threshold,n/a,n/a,n/a
14036,auto_pass,True,Jaccard ≥ threshold,n/a,n/a,n/a
14043,auto_pass,True,Jaccard ≥ threshold,n/a,n/a,n/a
14044,auto_pass,True,Jaccard ≥ threshold,n/a,n/a,n/a
14048,auto_pass,True,Jaccard ≥ threshold,n/a,n/a,n/a
14049,auto_pass,True,Jaccard ≥ threshold,n/a,n/a,n/a
14050,auto_pass,True,Jaccard ≥ threshold,n/a,n/a,n/a
14051,auto_pass,True,Jaccard ≥ threshold,n/a,n/a,n/a
14052,auto_pass,True,Jaccard ≥ threshold,n/a,n/a,n/a
14054,auto_pass,True,Jaccard ≥ threshold,n/a,n/a,n/a
14055,auto_pass,True,Jaccard ≥ threshold,n/a,n/a,n/a
14056,auto_pass,True,Jaccard ≥ threshold,n/a,n/a,n/a
14058,auto_pass,True,Jaccard ≥ threshold,n/a,n/a,n/a
14059,auto_pass,True,Jaccard ≥ threshold,n/a,n/a,n/a
14060,auto_pass,True,Jaccard ≥ threshold,n/a,n/a,n/a
14062,auto_pass,True,Jaccard ≥ threshold,n/a,n/a,n/a
14064,auto_pass,True,Jaccard ≥ threshold,n/a,n/a,n/a
14065,auto_pass,True,Jaccard ≥ threshold,n/a,n/a,n/a
14067,auto_pass,True,Jaccard ≥ threshold,n/a,n/a,n/a
14068,auto_pass,True,Jaccard ≥ threshold,n/a,n/a,n/a
14069,auto_pass,True,Jaccard ≥ threshold,n/a,n/a,n/a
14072,auto_pass,True,Jaccard ≥ threshold,n/a,n/a,n/a
14075,auto_pass,True,Jaccard ≥ threshold,n/a,n/a,n/a
14076,auto_pass,True,Jaccard ≥ threshold,n/a,n/a,n/a
14077,auto_pass,True,Jaccard ≥ threshold,n/a,n/a,n/a
14079,auto_pass,True,Jaccard ≥ threshold,n/a,n/a,n/a
14083,auto_pass,True,Jaccard ≥ threshold,n/a,n/a,n/a
14091,auto_pass,True,Jaccard ≥ threshold,n/a,n/a,n/a
14092,auto_pass,True,Jaccard ≥ threshold,n/a,n/a,n/a
14093,auto_pass,True,Jaccard ≥ threshold,n/a,n/a,n/a
14094,auto_pass,True,Jaccard ≥ threshold,n/a,n/a,n/a
14096,auto_pass,True,Jaccard ≥ threshold,n/a,n/a,n/a
14097,auto_pass,True,Jaccard ≥ threshold,n/a,n/a,n/a
14098,auto_pass,True,Jaccard ≥ threshold,n/a,n/a,n/a
14099,auto_pass,True,Jaccard ≥ threshold,n/a,n/a,n/a
14102,auto_pass,True,Jaccard ≥ threshold,n/a,n/a,n/a
14103,auto_pass,True,Jaccard ≥ threshold,n/a,n/a,n/a
14106,auto_pass,True,Jaccard ≥ threshold,n/a,n/a,n/a
14107,auto_pass,True,Jaccard ≥ threshold,n/a,n/a,n/a
14109,auto_pass,True,Jaccard ≥ threshold,n/a,n/a,n/a
14111,auto_pass,True,Jaccard ≥ threshold,n/a,n/a,n/a
14112,auto_pass,True,Jaccard ≥ threshold,n/a,n/a,n/a
14114,auto_pass,True,Jaccard ≥ threshold,n/a,n/a,n/a
14115,auto_pass,True,Jaccard ≥ threshold,n/a,n/a,n/a
14116,auto_pass,True,Jaccard ≥ threshold,n/a,n/a,n/a
14119,auto_pass,True,Jaccard ≥ threshold,n/a,n/a,n/a
14120,auto_pass,True,Jaccard ≥ threshold,n/a,n/a,n/a
14121,auto_pass,True,Jaccard ≥ threshold,n/a,n/a,n/a
14124,auto_pass,True,Jaccard ≥ threshold,n/a,n/a,n/a
14126,auto_pass,True,Jaccard ≥ threshold,n/a,n/a,n/a
14129,auto_pass,True,Jaccard ≥ threshold,n/a,n/a,n/a
14130,auto_pass,True,Jaccard ≥ threshold,n/a,n/a,n/a
14132,auto_pass,True,Jaccard ≥ threshold,n/a,n/a,n/a
14133,auto_pass,True,Jaccard ≥ threshold,n/a,n/a,n/a
14137,auto_pass,True,Jaccard ≥ threshold,n/a,n/a,n/a
14139,auto_pass,True,Jaccard ≥ threshold,n/a,n/a,n/a
14145,auto_pass,True,Jaccard ≥ threshold,n/a,n/a,n/a
14150,auto_pass,True,Jaccard ≥ threshold,n/a,n/a,n/a
14151,auto_pass,True,Jaccard ≥ threshold,n/a,n/a,n/a
14152,auto_pass,True,Jaccard ≥ threshold,n/a,n/a,n/a
14153,auto_pass,True,Jaccard ≥ threshold,n/a,n/a,n/a
14154,auto_pass,True,Jaccard ≥ threshold,n/a,n/a,n/a
14155,auto_pass,True,Jaccard ≥ threshold,n/a,n/a,n/a
14162,auto_pass,True,Jaccard ≥ threshold,n/a,n/a,n/a
14163,auto_pass,True,Jaccard ≥ threshold,n/a,n/a,n/a
14164,auto_pass,True,Jaccard ≥ threshold,n/a,n/a,n/a
14165,auto_pass,True,Jaccard ≥ threshold,n/a,n/a,n/a
14166,auto_pass,True,Jaccard ≥ threshold,n/a,n/a,n/a
14170,auto_pass,True,Jaccard ≥ threshold,n/a,n/a,n/a
14173,auto_pass,True,Jaccard ≥ threshold,n/a,n/a,n/a
14175,auto_pass,True,Jaccard ≥ threshold,n/a,n/a,n/a
14177,auto_pass,True,Jaccard ≥ threshold,n/a,n/a,n/a
14179,auto_pass,True,Jaccard ≥ threshold,n/a,n/a,n/a
14181,auto_pass,True,Jaccard ≥ threshold,n/a,n/a,n/a
14193,auto_pass,True,Jaccard ≥ threshold,n/a,n/a,n/a
14195,auto_pass,True,Jaccard ≥ threshold,n/a,n/a,n/a
14196,auto_pass,True,Jaccard ≥ threshold,n/a,n/a,n/a
14197,auto_pass,True,Jaccard ≥ threshold,n/a,n/a,n/a
14202,auto_pass,True,Jaccard ≥ threshold,n/a,n/a,n/a
14204,auto_pass,True,Jaccard ≥ threshold,n/a,n/a,n/a
14205,auto_pass,True,Jaccard ≥ threshold,n/a,n/a,n/a
14210,auto_pass,True,Jaccard ≥ threshold,n/a,n/a,n/a
14211,auto_pass,True,Jaccard ≥ threshold,n/a,n/a,n/a
14214,auto_pass,True,Jaccard ≥ threshold,n/a,n/a,n/a
14217,auto_pass,True,Jaccard ≥ threshold,n/a,n/a,n/a
14219,auto_pass,True,Jaccard ≥ threshold,n/a,n/a,n/a
14220,auto_pass,True,Jaccard ≥ threshold,n/a,n/a,n/a
14221,auto_pass,True,Jaccard ≥ threshold,n/a,n/a,n/a
14224,auto_pass,True,Jaccard ≥ threshold,n/a,n/a,n/a
14227,auto_pass,True,Jaccard ≥ threshold,n/a,n/a,n/a
14235,auto_pass,True,Jaccard ≥ threshold,n/a,n/a,n/a
14237,auto_pass,True,Jaccard ≥ threshold,n/a,n/a,n/a
14248,auto_pass,True,Jaccard ≥ threshold,n/a,n/a,n/a
14249,auto_pass,True,Jaccard ≥ threshold,n/a,n/a,n/a
14251,auto_pass,True,Jaccard ≥ threshold,n/a,n/a,n/a
14252,auto_pass,True,Jaccard ≥ threshold,n/a,n/a,n/a
14256,auto_pass,True,Jaccard ≥ threshold,n/a,n/a,n/a
14257,auto_pass,True,Jaccard ≥ threshold,n/a,n/a,n/a
14258,auto_pass,True,Jaccard ≥ threshold,n/a,n/a,n/a
14262,auto_pass,True,Jaccard ≥ threshold,n/a,n/a,n/a
14265,auto_pass,True,Jaccard ≥ threshold,n/a,n/a,n/a
14268,auto_pass,True,Jaccard ≥ threshold,n/a,n/a,n/a
14274,auto_pass,True,Jaccard ≥ threshold,n/a,n/a,n/a
14275,auto_pass,True,Jaccard ≥ threshold,n/a,n/a,n/a
14277,auto_pass,True,Jaccard ≥ threshold,n/a,n/a,n/a
14278,auto_pass,True,Jaccard ≥ threshold,n/a,n/a,n/a
14283,auto_pass,True,Jaccard ≥ threshold,n/a,n/a,n/a
14287,auto_pass,True,Jaccard ≥ threshold,n/a,n/a,n/a
14289,auto_pass,True,Jaccard ≥ threshold,n/a,n/a,n/a
14290,auto_pass,True,Jaccard ≥ threshold,n/a,n/a,n/a
14294,auto_pass,True,Jaccard ≥ threshold,n/a,n/a,n/a
14297,auto_pass,True,Jaccard ≥ threshold,n/a,n/a,n/a
14302,auto_pass,True,Jaccard ≥ threshold,n/a,n/a,n/a
14304,auto_pass,True,Jaccard ≥ threshold,n/a,n/a,n/a
14305,auto_pass,True,Jaccard ≥ threshold,n/a,n/a,n/a
14306,auto_pass,True,Jaccard ≥ threshold,n/a,n/a,n/a
14307,auto_pass,True,Jaccard ≥ threshold,n/a,n/a,n/a
14308,auto_pass,True,Jaccard ≥ threshold,n/a,n/a,n/a
14309,auto_pass,True,Jaccard ≥ threshold,n/a,n/a,n/a
14314,auto_pass,True,Jaccard ≥ threshold,n/a,n/a,n/a
14319,auto_pass,True,Jaccard ≥ threshold,n/a,n/a,n/a
14323,auto_pass,True,Jaccard ≥ threshold,n/a,n/a,n/a
14326,auto_pass,True,Jaccard ≥ threshold,n/a,n/a,n/a
14333,auto_pass,True,Jaccard ≥ threshold,n/a,n/a,n/a
14334,auto_pass,True,Jaccard ≥ threshold,n/a,n/a,n/a
14336,auto_pass,True,Jaccard ≥ threshold,n/a,n/a,n/a
14337,auto_pass,True,Jaccard ≥ threshold,n/a,n/a,n/a
14339,auto_pass,True,Jaccard ≥ threshold,n/a,n/a,n/a
14340,auto_pass,True,Jaccard ≥ threshold,n/a,n/a,n/a
14342,auto_pass,True,Jaccard ≥ threshold,n/a,n/a,n/a
14343,auto_pass,True,Jaccard ≥ threshold,n/a,n/a,n/a
14344,auto_pass,True,Jaccard ≥ threshold,n/a,n/a,n/a
14353,auto_pass,True,Jaccard ≥ threshold,n/a,n/a,n/a
14355,auto_pass,True,Jaccard ≥ threshold,n/a,n/a,n/a
14357,auto_pass,True,Jaccard ≥ threshold,n/a,n/a,n/a
14359,auto_pass,True,Jaccard ≥ threshold,n/a,n/a,n/a
14360,auto_pass,True,Jaccard ≥ threshold,n/a,n/a,n/a
14361,auto_pass,True,Jaccard ≥ threshold,n/a,n/a,n/a
14362,auto_pass,True,Jaccard ≥ threshold,n/a,n/a,n/a
14363,auto_pass,True,Jaccard ≥ threshold,n/a,n/a,n/a
14364,auto_pass,True,Jaccard ≥ threshold,n/a,n/a,n/a
14366,auto_pass,True,Jaccard ≥ threshold,n/a,n/a,n/a
14367,auto_pass,True,Jaccard ≥ threshold,n/a,n/a,n/a
14373,auto_pass,True,Jaccard ≥ threshold,n/a,n/a,n/a
14374,auto_pass,True,Jaccard ≥ threshold,n/a,n/a,n/a
14376,auto_pass,True,Jaccard ≥ threshold,n/a,n/a,n/a
14378,auto_pass,True,Jaccard ≥ threshold,n/a,n/a,n/a
14382,auto_pass,True,Jaccard ≥ threshold,n/a,n/a,n/a
14383,auto_pass,True,Jaccard ≥ threshold,n/a,n/a,n/a
14389,auto_pass,True,Jaccard ≥ threshold,n/a,n/a,n/a
14396,auto_pass,True,Jaccard ≥ threshold,n/a,n/a,n/a
14397,auto_pass,True,Jaccard ≥ threshold,n/a,n/a,n/a
14398,auto_pass,True,Jaccard ≥ threshold,n/a,n/a,n/a
14403,auto_pass,True,Jaccard ≥ threshold,n/a,n/a,n/a
14404,auto_pass,True,Jaccard ≥ threshold,n/a,n/a,n/a
14406,auto_pass,True,Jaccard ≥ threshold,n/a,n/a,n/a
14408,auto_pass,True,Jaccard ≥ threshold,n/a,n/a,n/a
14409,auto_pass,True,Jaccard ≥ threshold,n/a,n/a,n/a
14412,auto_pass,True,Jaccard ≥ threshold,n/a,n/a,n/a
14416,auto_pass,True,Jaccard ≥ threshold,n/a,n/a,n/a
14419,auto_pass,True,Jaccard ≥ threshold,n/a,n/a,n/a
14420,auto_pass,True,Jaccard ≥ threshold,n/a,n/a,n/a
14421,auto_pass,True,Jaccard ≥ threshold,n/a,n/a,n/a
14422,auto_pass,True,Jaccard ≥ threshold,n/a,n/a,n/a
14423,auto_pass,True,Jaccard ≥ threshold,n/a,n/a,n/a
14424,auto_pass,True,Jaccard ≥ threshold,n/a,n/a,n/a
14425,auto_pass,True,Jaccard ≥ threshold,n/a,n/a,n/a
14435,auto_pass,True,Jaccard ≥ threshold,n/a,n/a,n/a
14437,auto_pass,True,Jaccard ≥ threshold,n/a,n/a,n/a
14438,auto_pass,True,Jaccard ≥ threshold,n/a,n/a,n/a
14440,auto_pass,True,Jaccard ≥ threshold,n/a,n/a,n/a
14441,auto_pass,True,Jaccard ≥ threshold,n/a,n/a,n/a
14442,auto_pass,True,Jaccard ≥ threshold,n/a,n/a,n/a
14443,auto_pass,True,Jaccard ≥ threshold,n/a,n/a,n/a
14444,auto_pass,True,Jaccard ≥ threshold,n/a,n/a,n/a
14446,auto_pass,True,Jaccard ≥ threshold,n/a,n/a,n/a
14447,auto_pass,True,Jaccard ≥ threshold,n/a,n/a,n/a
14448,auto_pass,True,Jaccard ≥ threshold,n/a,n/a,n/a
14452,auto_pass,True,Jaccard ≥ threshold,n/a,n/a,n/a
14457,auto_pass,True,Jaccard ≥ threshold,n/a,n/a,n/a
14461,auto_pass,True,Jaccard ≥ threshold,n/a,n/a,n/a
14464,auto_pass,True,Jaccard ≥ threshold,n/a,n/a,n/a
14467,auto_pass,True,Jaccard ≥ threshold,n/a,n/a,n/a
14471,auto_pass,True,Jaccard ≥ threshold,n/a,n/a,n/a
14476,auto_pass,True,Jaccard ≥ threshold,n/a,n/a,n/a
14477,auto_pass,True,Jaccard ≥ threshold,n/a,n/a,n/a
14483,auto_pass,True,Jaccard ≥ threshold,n/a,n/a,n/a
14485,auto_pass,True,Jaccard ≥ threshold,n/a,n/a,n/a
14486,auto_pass,True,Jaccard ≥ threshold,n/a,n/a,n/a
14492,auto_pass,True,Jaccard ≥ threshold,n/a,n/a,n/a
14494,auto_pass,True,Jaccard ≥ threshold,n/a,n/a,n/a
14495,auto_pass,True,Jaccard ≥ threshold,n/a,n/a,n/a
14497,auto_pass,True,Jaccard ≥ threshold,n/a,n/a,n/a
14501,auto_pass,True,Jaccard ≥ threshold,n/a,n/a,n/a
14502,auto_pass,True,Jaccard ≥ threshold,n/a,n/a,n/a
14503,auto_pass,True,Jaccard ≥ threshold,n/a,n/a,n/a
14506,auto_pass,True,Jaccard ≥ threshold,n/a,n/a,n/a
14507,auto_pass,True,Jaccard ≥ threshold,n/a,n/a,n/a
14508,auto_pass,True,Jaccard ≥ threshold,n/a,n/a,n/a
14509,auto_pass,True,Jaccard ≥ threshold,n/a,n/a,n/a
14510,auto_pass,True,Jaccard ≥ threshold,n/a,n/a,n/a
14514,auto_pass,True,Jaccard ≥ threshold,n/a,n/a,n/a
14515,auto_pass,True,Jaccard ≥ threshold,n/a,n/a,n/a
14519,auto_pass,True,Jaccard ≥ threshold,n/a,n/a,n/a
14520,auto_pass,True,Jaccard ≥ threshold,n/a,n/a,n/a
14521,auto_pass,True,Jaccard ≥ threshold,n/a,n/a,n/a
14522,auto_pass,True,Jaccard ≥ threshold,n/a,n/a,n/a
14523,auto_pass,True,Jaccard ≥ threshold,n/a,n/a,n/a
14529,auto_pass,True,Jaccard ≥ threshold,n/a,n/a,n/a
14530,auto_pass,True,Jaccard ≥ threshold,n/a,n/a,n/a
14531,auto_pass,True,Jaccard ≥ threshold,n/a,n/a,n/a
14532,auto_pass,True,Jaccard ≥ threshold,n/a,n/a,n/a
14533,auto_pass,True,Jaccard ≥ threshold,n/a,n/a,n/a
14534,auto_pass,True,Jaccard ≥ threshold,n/a,n/a,n/a
14535,auto_pass,True,Jaccard ≥ threshold,n/a,n/a,n/a
14536,auto_pass,True,Jaccard ≥ threshold,n/a,n/a,n/a
14537,auto_pass,True,Jaccard ≥ threshold,n/a,n/a,n/a
14538,auto_pass,True,Jaccard ≥ threshold,n/a,n/a,n/a
14542,auto_pass,True,Jaccard ≥ threshold,n/a,n/a,n/a
14543,auto_pass,True,Jaccard ≥ threshold,n/a,n/a,n/a
14545,auto_pass,True,Jaccard ≥ threshold,n/a,n/a,n/a
14546,auto_pass,True,Jaccard ≥ threshold,n/a,n/a,n/a
14548,auto_pass,True,Jaccard ≥ threshold,n/a,n/a,n/a
14550,auto_pass,True,Jaccard ≥ threshold,n/a,n/a,n/a
14552,auto_pass,True,Jaccard ≥ threshold,n/a,n/a,n/a
14554,auto_pass,True,Jaccard ≥ threshold,n/a,n/a,n/a
14555,auto_pass,True,Jaccard ≥ threshold,n/a,n/a,n/a
14559,auto_pass,True,Jaccard ≥ threshold,n/a,n/a,n/a
14560,auto_pass,True,Jaccard ≥ threshold,n/a,n/a,n/a
14561,auto_pass,True,Jaccard ≥ threshold,n/a,n/a,n/a
14563,auto_pass,True,Jaccard ≥ threshold,n/a,n/a,n/a
14565,auto_pass,True,Jaccard ≥ threshold,n/a,n/a,n/a
14567,auto_pass,True,Jaccard ≥ threshold,n/a,n/a,n/a
14568,auto_pass,True,Jaccard ≥ threshold,n/a,n/a,n/a
14569,auto_pass,True,Jaccard ≥ threshold,n/a,n/a,n/a
14573,auto_pass,True,Jaccard ≥ threshold,n/a,n/a,n/a
14575,auto_pass,True,Jaccard ≥ threshold,n/a,n/a,n/a
14578,auto_pass,True,Jaccard ≥ threshold,n/a,n/a,n/a
14579,auto_pass,True,Jaccard ≥ threshold,n/a,n/a,n/a
14580,auto_pass,True,Jaccard ≥ threshold,n/a,n/a,n/a
14581,auto_pass,True,Jaccard ≥ threshold,n/a,n/a,n/a
14582,auto_pass,True,Jaccard ≥ threshold,n/a,n/a,n/a
14585,auto_pass,True,Jaccard ≥ threshold,n/a,n/a,n/a
14586,auto_pass,True,Jaccard ≥ threshold,n/a,n/a,n/a
14587,auto_pass,True,Jaccard ≥ threshold,n/a,n/a,n/a
14589,auto_pass,True,Jaccard ≥ threshold,n/a,n/a,n/a
14590,auto_pass,True,Jaccard ≥ threshold,n/a,n/a,n/a
14594,auto_pass,True,Jaccard ≥ threshold,n/a,n/a,n/a
14600,auto_pass,True,Jaccard ≥ threshold,n/a,n/a,n/a
14601,auto_pass,True,Jaccard ≥ threshold,n/a,n/a,n/a
14602,auto_pass,True,Jaccard ≥ threshold,n/a,n/a,n/a
14609,auto_pass,True,Jaccard ≥ threshold,n/a,n/a,n/a
14611,auto_pass,True,Jaccard ≥ threshold,n/a,n/a,n/a
14612,auto_pass,True,Jaccard ≥ threshold,n/a,n/a,n/a
14613,auto_pass,True,Jaccard ≥ threshold,n/a,n/a,n/a
14615,auto_pass,True,Jaccard ≥ threshold,n/a,n/a,n/a
14616,auto_pass,True,Jaccard ≥ threshold,n/a,n/a,n/a
14617,auto_pass,True,Jaccard ≥ threshold,n/a,n/a,n/a
14620,auto_pass,True,Jaccard ≥ threshold,n/a,n/a,n/a
14621,auto_pass,True,Jaccard ≥ threshold,n/a,n/a,n/a
14625,auto_pass,True,Jaccard ≥ threshold,n/a,n/a,n/a
14626,auto_pass,True,Jaccard ≥ threshold,n/a,n/a,n/a
14627,auto_pass,True,Jaccard ≥ threshold,n/a,n/a,n/a
14629,auto_pass,True,Jaccard ≥ threshold,n/a,n/a,n/a
14630,auto_pass,True,Jaccard ≥ threshold,n/a,n/a,n/a
14634,auto_pass,True,Jaccard ≥ threshold,n/a,n/a,n/a
14636,auto_pass,True,Jaccard ≥ threshold,n/a,n/a,n/a
14637,auto_pass,True,Jaccard ≥ threshold,n/a,n/a,n/a
14639,auto_pass,True,Jaccard ≥ threshold,n/a,n/a,n/a
14640,auto_pass,True,Jaccard ≥ threshold,n/a,n/a,n/a
14645,auto_pass,True,Jaccard ≥ threshold,n/a,n/a,n/a
14646,auto_pass,True,Jaccard ≥ threshold,n/a,n/a,n/a
14649,auto_pass,True,Jaccard ≥ threshold,n/a,n/a,n/a
14651,auto_pass,True,Jaccard ≥ threshold,n/a,n/a,n/a
14653,auto_pass,True,Jaccard ≥ threshold,n/a,n/a,n/a
14654,auto_pass,True,Jaccard ≥ threshold,n/a,n/a,n/a
14660,auto_pass,True,Jaccard ≥ threshold,n/a,n/a,n/a
14664,auto_pass,True,Jaccard ≥ threshold,n/a,n/a,n/a
14666,auto_pass,True,Jaccard ≥ threshold,n/a,n/a,n/a
14668,auto_pass,True,Jaccard ≥ threshold,n/a,n/a,n/a
14669,auto_pass,True,Jaccard ≥ threshold,n/a,n/a,n/a
14671,auto_pass,True,Jaccard ≥ threshold,n/a,n/a,n/a
14673,auto_pass,True,Jaccard ≥ threshold,n/a,n/a,n/a
14676,auto_pass,True,Jaccard ≥ threshold,n/a,n/a,n/a
14677,auto_pass,True,Jaccard ≥ threshold,n/a,n/a,n/a
14678,auto_pass,True,Jaccard ≥ threshold,n/a,n/a,n/a
14679,auto_pass,True,Jaccard ≥ threshold,n/a,n/a,n/a
14681,auto_pass,True,Jaccard ≥ threshold,n/a,n/a,n/a
14684,auto_pass,True,Jaccard ≥ threshold,n/a,n/a,n/a
14687,auto_pass,True,Jaccard ≥ threshold,n/a,n/a,n/a
14689,auto_pass,True,Jaccard ≥ threshold,n/a,n/a,n/a
14690,auto_pass,True,Jaccard ≥ threshold,n/a,n/a,n/a
14701,auto_pass,True,Jaccard ≥ threshold,n/a,n/a,n/a
14702,auto_pass,True,Jaccard ≥ threshold,n/a,n/a,n/a
14704,auto_pass,True,Jaccard ≥ threshold,n/a,n/a,n/a
14705,auto_pass,True,Jaccard ≥ threshold,n/a,n/a,n/a
14709,auto_pass,True,Jaccard ≥ threshold,n/a,n/a,n/a
14711,auto_pass,True,Jaccard ≥ threshold,n/a,n/a,n/a
14712,auto_pass,True,Jaccard ≥ threshold,n/a,n/a,n/a
14716,auto_pass,True,Jaccard ≥ threshold,n/a,n/a,n/a
14721,auto_pass,True,Jaccard ≥ threshold,n/a,n/a,n/a
14727,auto_pass,True,Jaccard ≥ threshold,n/a,n/a,n/a
14728,auto_pass,True,Jaccard ≥ threshold,n/a,n/a,n/a
14730,auto_pass,True,Jaccard ≥ threshold,n/a,n/a,n/a
14732,auto_pass,True,Jaccard ≥ threshold,n/a,n/a,n/a
14734,auto_pass,True,Jaccard ≥ threshold,n/a,n/a,n/a
14738,auto_pass,True,Jaccard ≥ threshold,n/a,n/a,n/a
14739,auto_pass,True,Jaccard ≥ threshold,n/a,n/a,n/a
14740,auto_pass,True,Jaccard ≥ threshold,n/a,n/a,n/a
14743,auto_pass,True,Jaccard ≥ threshold,n/a,n/a,n/a
14744,auto_pass,True,Jaccard ≥ threshold,n/a,n/a,n/a
14745,auto_pass,True,Jaccard ≥ threshold,n/a,n/a,n/a
14747,auto_pass,True,Jaccard ≥ threshold,n/a,n/a,n/a
14750,auto_pass,True,Jaccard ≥ threshold,n/a,n/a,n/a
14751,auto_pass,True,Jaccard ≥ threshold,n/a,n/a,n/a
14760,auto_pass,True,Jaccard ≥ threshold,n/a,n/a,n/a
14763,auto_pass,True,Jaccard ≥ threshold,n/a,n/a,n/a
14767,auto_pass,True,Jaccard ≥ threshold,n/a,n/a,n/a
14772,auto_pass,True,Jaccard ≥ threshold,n/a,n/a,n/a
14774,auto_pass,True,Jaccard ≥ threshold,n/a,n/a,n/a
14777,auto_pass,True,Jaccard ≥ threshold,n/a,n/a,n/a
14779,auto_pass,True,Jaccard ≥ threshold,n/a,n/a,n/a
14787,auto_pass,True,Jaccard ≥ threshold,n/a,n/a,n/a
14790,auto_pass,True,Jaccard ≥ threshold,n/a,n/a,n/a
14792,auto_pass,True,Jaccard ≥ threshold,n/a,n/a,n/a
14793,auto_pass,True,Jaccard ≥ threshold,n/a,n/a,n/a
14798,auto_pass,True,Jaccard ≥ threshold,n/a,n/a,n/a
14804,auto_pass,True,Jaccard ≥ threshold,n/a,n/a,n/a
14808,auto_pass,True,Jaccard ≥ threshold,n/a,n/a,n/a
14813,auto_pass,True,Jaccard ≥ threshold,n/a,n/a,n/a
14816,auto_pass,True,Jaccard ≥ threshold,n/a,n/a,n/a
14817,auto_pass,True,Jaccard ≥ threshold,n/a,n/a,n/a
14818,auto_pass,True,Jaccard ≥ threshold,n/a,n/a,n/a
14819,auto_pass,True,Jaccard ≥ threshold,n/a,n/a,n/a
14823,auto_pass,True,Jaccard ≥ threshold,n/a,n/a,n/a
14824,auto_pass,True,Jaccard ≥ threshold,n/a,n/a,n/a
14828,auto_pass,True,Jaccard ≥ threshold,n/a,n/a,n/a
14829,auto_pass,True,Jaccard ≥ threshold,n/a,n/a,n/a
14832,auto_pass,True,Jaccard ≥ threshold,n/a,n/a,n/a
14835,auto_pass,True,Jaccard ≥ threshold,n/a,n/a,n/a
14836,auto_pass,True,Jaccard ≥ threshold,n/a,n/a,n/a
14837,auto_pass,True,Jaccard ≥ threshold,n/a,n/a,n/a
14839,auto_pass,True,Jaccard ≥ threshold,n/a,n/a,n/a
14844,auto_pass,True,Jaccard ≥ threshold,n/a,n/a,n/a
14845,auto_pass,True,Jaccard ≥ threshold,n/a,n/a,n/a
14846,auto_pass,True,Jaccard ≥ threshold,n/a,n/a,n/a
14847,auto_pass,True,Jaccard ≥ threshold,n/a,n/a,n/a
14848,auto_pass,True,Jaccard ≥ threshold,n/a,n/a,n/a
14849,auto_pass,True,Jaccard ≥ threshold,n/a,n/a,n/a
14850,auto_pass,True,Jaccard ≥ threshold,n/a,n/a,n/a
14856,auto_pass,True,Jaccard ≥ threshold,n/a,n/a,n/a
14858,auto_pass,True,Jaccard ≥ threshold,n/a,n/a,n/a
14859,auto_pass,True,Jaccard ≥ threshold,n/a,n/a,n/a
14862,auto_pass,True,Jaccard ≥ threshold,n/a,n/a,n/a
14863,auto_pass,True,Jaccard ≥ threshold,n/a,n/a,n/a
14864,auto_pass,True,Jaccard ≥ threshold,n/a,n/a,n/a
14867,auto_pass,True,Jaccard ≥ threshold,n/a,n/a,n/a
14874,auto_pass,True,Jaccard ≥ threshold,n/a,n/a,n/a
14875,auto_pass,True,Jaccard ≥ threshold,n/a,n/a,n/a
14876,auto_pass,True,Jaccard ≥ threshold,n/a,n/a,n/a
14877,auto_pass,True,Jaccard ≥ threshold,n/a,n/a,n/a
14880,auto_pass,True,Jaccard ≥ threshold,n/a,n/a,n/a
14886,auto_pass,True,Jaccard ≥ threshold,n/a,n/a,n/a
14888,auto_pass,True,Jaccard ≥ threshold,n/a,n/a,n/a
14890,auto_pass,True,Jaccard ≥ threshold,n/a,n/a,n/a
14893,auto_pass,True,Jaccard ≥ threshold,n/a,n/a,n/a
14895,auto_pass,True,Jaccard ≥ threshold,n/a,n/a,n/a
14898,auto_pass,True,Jaccard ≥ threshold,n/a,n/a,n/a
14899,auto_pass,True,Jaccard ≥ threshold,n/a,n/a,n/a
14902,auto_pass,True,Jaccard ≥ threshold,n/a,n/a,n/a
14903,auto_pass,True,Jaccard ≥ threshold,n/a,n/a,n/a
14913,auto_pass,True,Jaccard ≥ threshold,n/a,n/a,n/a
14917,auto_pass,True,Jaccard ≥ threshold,n/a,n/a,n/a
14918,auto_pass,True,Jaccard ≥ threshold,n/a,n/a,n/a
14919,auto_pass,True,Jaccard ≥ threshold,n/a,n/a,n/a
14921,auto_pass,True,Jaccard ≥ threshold,n/a,n/a,n/a
14923,auto_pass,True,Jaccard ≥ threshold,n/a,n/a,n/a
14924,auto_pass,True,Jaccard ≥ threshold,n/a,n/a,n/a
14925,auto_pass,True,Jaccard ≥ threshold,n/a,n/a,n/a
14930,auto_pass,True,Jaccard ≥ threshold,n/a,n/a,n/a
14931,auto_pass,True,Jaccard ≥ threshold,n/a,n/a,n/a
14932,auto_pass,True,Jaccard ≥ threshold,n/a,n/a,n/a
14933,auto_pass,True,Jaccard ≥ threshold,n/a,n/a,n/a
14937,auto_pass,True,Jaccard ≥ threshold,n/a,n/a,n/a
14950,auto_pass,True,Jaccard ≥ threshold,n/a,n/a,n/a
14952,auto_pass,True,Jaccard ≥ threshold,n/a,n/a,n/a
14958,auto_pass,True,Jaccard ≥ threshold,n/a,n/a,n/a
14959,auto_pass,True,Jaccard ≥ threshold,n/a,n/a,n/a
14960,auto_pass,True,Jaccard ≥ threshold,n/a,n/a,n/a
14961,auto_pass,True,Jaccard ≥ threshold,n/a,n/a,n/a
14962,auto_pass,True,Jaccard ≥ threshold,n/a,n/a,n/a
14963,auto_pass,True,Jaccard ≥ threshold,n/a,n/a,n/a
14965,auto_pass,True,Jaccard ≥ threshold,n/a,n/a,n/a
14969,auto_pass,True,Jaccard ≥ threshold,n/a,n/a,n/a
14971,auto_pass,True,Jaccard ≥ threshold,n/a,n/a,n/a
14978,auto_pass,True,Jaccard ≥ threshold,n/a,n/a,n/a
14979,auto_pass,True,Jaccard ≥ threshold,n/a,n/a,n/a
14981,auto_pass,True,Jaccard ≥ threshold,n/a,n/a,n/a
14984,auto_pass,True,Jaccard ≥ threshold,n/a,n/a,n/a
14985,auto_pass,True,Jaccard ≥ threshold,n/a,n/a,n/a
14987,auto_pass,True,Jaccard ≥ threshold,n/a,n/a,n/a
14988,auto_pass,True,Jaccard ≥ threshold,n/a,n/a,n/a
14990,auto_pass,True,Jaccard ≥ threshold,n/a,n/a,n/a
14991,auto_pass,True,Jaccard ≥ threshold,n/a,n/a,n/a
15002,auto_pass,True,Jaccard ≥ threshold,n/a,n/a,n/a
15003,auto_pass,True,Jaccard ≥ threshold,n/a,n/a,n/a
15004,auto_pass,True,Jaccard ≥ threshold,n/a,n/a,n/a
15005,auto_pass,True,Jaccard ≥ threshold,n/a,n/a,n/a
15007,auto_pass,True,Jaccard ≥ threshold,n/a,n/a,n/a
15009,auto_pass,True,Jaccard ≥ threshold,n/a,n/a,n/a
15010,auto_pass,True,Jaccard ≥ threshold,n/a,n/a,n/a
15013,auto_pass,True,Jaccard ≥ threshold,n/a,n/a,n/a
15017,auto_pass,True,Jaccard ≥ threshold,n/a,n/a,n/a
15019,auto_pass,True,Jaccard ≥ threshold,n/a,n/a,n/a
15022,auto_pass,True,Jaccard ≥ threshold,n/a,n/a,n/a
15027,auto_pass,True,Jaccard ≥ threshold,n/a,n/a,n/a
15029,auto_pass,True,Jaccard ≥ threshold,n/a,n/a,n/a
15030,auto_pass,True,Jaccard ≥ threshold,n/a,n/a,n/a
15036,auto_pass,True,Jaccard ≥ threshold,n/a,n/a,n/a
15043,auto_pass,True,Jaccard ≥ threshold,n/a,n/a,n/a
15044,auto_pass,True,Jaccard ≥ threshold,n/a,n/a,n/a
15045,auto_pass,True,Jaccard ≥ threshold,n/a,n/a,n/a
15046,auto_pass,True,Jaccard ≥ threshold,n/a,n/a,n/a
15049,auto_pass,True,Jaccard ≥ threshold,n/a,n/a,n/a
15051,auto_pass,True,Jaccard ≥ threshold,n/a,n/a,n/a
15055,auto_pass,True,Jaccard ≥ threshold,n/a,n/a,n/a
15058,auto_pass,True,Jaccard ≥ threshold,n/a,n/a,n/a
15059,auto_pass,True,Jaccard ≥ threshold,n/a,n/a,n/a
15061,auto_pass,True,Jaccard ≥ threshold,n/a,n/a,n/a
15062,auto_pass,True,Jaccard ≥ threshold,n/a,n/a,n/a
15065,auto_pass,True,Jaccard ≥ threshold,n/a,n/a,n/a
15068,auto_pass,True,Jaccard ≥ threshold,n/a,n/a,n/a
15071,auto_pass,True,Jaccard ≥ threshold,n/a,n/a,n/a
15072,auto_pass,True,Jaccard ≥ threshold,n/a,n/a,n/a
15074,auto_pass,True,Jaccard ≥ threshold,n/a,n/a,n/a
15075,auto_pass,True,Jaccard ≥ threshold,n/a,n/a,n/a
15077,auto_pass,True,Jaccard ≥ threshold,n/a,n/a,n/a
15079,auto_pass,True,Jaccard ≥ threshold,n/a,n/a,n/a
15082,auto_pass,True,Jaccard ≥ threshold,n/a,n/a,n/a
15084,auto_pass,True,Jaccard ≥ threshold,n/a,n/a,n/a
15085,auto_pass,True,Jaccard ≥ threshold,n/a,n/a,n/a
15089,auto_pass,True,Jaccard ≥ threshold,n/a,n/a,n/a
15092,auto_pass,True,Jaccard ≥ threshold,n/a,n/a,n/a
15094,auto_pass,True,Jaccard ≥ threshold,n/a,n/a,n/a
15096,auto_pass,True,Jaccard ≥ threshold,n/a,n/a,n/a
15099,auto_pass,True,Jaccard ≥ threshold,n/a,n/a,n/a
15100,auto_pass,True,Jaccard ≥ threshold,n/a,n/a,n/a
15101,auto_pass,True,Jaccard ≥ threshold,n/a,n/a,n/a
15103,auto_pass,True,Jaccard ≥ threshold,n/a,n/a,n/a
15104,auto_pass,True,Jaccard ≥ threshold,n/a,n/a,n/a
15105,auto_pass,True,Jaccard ≥ threshold,n/a,n/a,n/a
15107,auto_pass,True,Jaccard ≥ threshold,n/a,n/a,n/a
15113,auto_pass,True,Jaccard ≥ threshold,n/a,n/a,n/a
15116,auto_pass,True,Jaccard ≥ threshold,n/a,n/a,n/a
15117,auto_pass,True,Jaccard ≥ threshold,n/a,n/a,n/a
15119,auto_pass,True,Jaccard ≥ threshold,n/a,n/a,n/a
15122,auto_pass,True,Jaccard ≥ threshold,n/a,n/a,n/a
15123,auto_pass,True,Jaccard ≥ threshold,n/a,n/a,n/a
15129,auto_pass,True,Jaccard ≥ threshold,n/a,n/a,n/a
15133,auto_pass,True,Jaccard ≥ threshold,n/a,n/a,n/a
15134,auto_pass,True,Jaccard ≥ threshold,n/a,n/a,n/a
15136,auto_pass,True,Jaccard ≥ threshold,n/a,n/a,n/a
15137,auto_pass,True,Jaccard ≥ threshold,n/a,n/a,n/a
15141,auto_pass,True,Jaccard ≥ threshold,n/a,n/a,n/a
15143,auto_pass,True,Jaccard ≥ threshold,n/a,n/a,n/a
15146,auto_pass,True,Jaccard ≥ threshold,n/a,n/a,n/a
15153,auto_pass,True,Jaccard ≥ threshold,n/a,n/a,n/a
15158,auto_pass,True,Jaccard ≥ threshold,n/a,n/a,n/a
15159,auto_pass,True,Jaccard ≥ threshold,n/a,n/a,n/a
15160,auto_pass,True,Jaccard ≥ threshold,n/a,n/a,n/a
15162,auto_pass,True,Jaccard ≥ threshold,n/a,n/a,n/a
15165,auto_pass,True,Jaccard ≥ threshold,n/a,n/a,n/a
15169,auto_pass,True,Jaccard ≥ threshold,n/a,n/a,n/a
15170,auto_pass,True,Jaccard ≥ threshold,n/a,n/a,n/a
15172,auto_pass,True,Jaccard ≥ threshold,n/a,n/a,n/a
15173,auto_pass,True,Jaccard ≥ threshold,n/a,n/a,n/a
15174,auto_pass,True,Jaccard ≥ threshold,n/a,n/a,n/a
15175,auto_pass,True,Jaccard ≥ threshold,n/a,n/a,n/a
15177,auto_pass,True,Jaccard ≥ threshold,n/a,n/a,n/a
15179,auto_pass,True,Jaccard ≥ threshold,n/a,n/a,n/a
15180,auto_pass,True,Jaccard ≥ threshold,n/a,n/a,n/a
15181,auto_pass,True,Jaccard ≥ threshold,n/a,n/a,n/a
15184,auto_pass,True,Jaccard ≥ threshold,n/a,n/a,n/a
15186,auto_pass,True,Jaccard ≥ threshold,n/a,n/a,n/a
15190,auto_pass,True,Jaccard ≥ threshold,n/a,n/a,n/a
15191,auto_pass,True,Jaccard ≥ threshold,n/a,n/a,n/a
15193,auto_pass,True,Jaccard ≥ threshold,n/a,n/a,n/a
15196,auto_pass,True,Jaccard ≥ threshold,n/a,n/a,n/a
15198,auto_pass,True,Jaccard ≥ threshold,n/a,n/a,n/a
15204,auto_pass,True,Jaccard ≥ threshold,n/a,n/a,n/a
15207,auto_pass,True,Jaccard ≥ threshold,n/a,n/a,n/a
15213,auto_pass,True,Jaccard ≥ threshold,n/a,n/a,n/a
15217,auto_pass,True,Jaccard ≥ threshold,n/a,n/a,n/a
15222,auto_pass,True,Jaccard ≥ threshold,n/a,n/a,n/a
15224,auto_pass,True,Jaccard ≥ threshold,n/a,n/a,n/a
15225,auto_pass,True,Jaccard ≥ threshold,n/a,n/a,n/a
15226,auto_pass,True,Jaccard ≥ threshold,n/a,n/a,n/a
15227,auto_pass,True,Jaccard ≥ threshold,n/a,n/a,n/a
15229,auto_pass,True,Jaccard ≥ threshold,n/a,n/a,n/a
15231,auto_pass,True,Jaccard ≥ threshold,n/a,n/a,n/a
15233,auto_pass,True,Jaccard ≥ threshold,n/a,n/a,n/a
15234,auto_pass,True,Jaccard ≥ threshold,n/a,n/a,n/a
15235,auto_pass,True,Jaccard ≥ threshold,n/a,n/a,n/a
15240,auto_pass,True,Jaccard ≥ threshold,n/a,n/a,n/a
15241,auto_pass,True,Jaccard ≥ threshold,n/a,n/a,n/a
15243,auto_pass,True,Jaccard ≥ threshold,n/a,n/a,n/a
15247,auto_pass,True,Jaccard ≥ threshold,n/a,n/a,n/a
15248,auto_pass,True,Jaccard ≥ threshold,n/a,n/a,n/a
15250,auto_pass,True,Jaccard ≥ threshold,n/a,n/a,n/a
15251,auto_pass,True,Jaccard ≥ threshold,n/a,n/a,n/a
15256,auto_pass,True,Jaccard ≥ threshold,n/a,n/a,n/a
15259,auto_pass,True,Jaccard ≥ threshold,n/a,n/a,n/a
15262,auto_pass,True,Jaccard ≥ threshold,n/a,n/a,n/a
15263,auto_pass,True,Jaccard ≥ threshold,n/a,n/a,n/a
15266,auto_pass,True,Jaccard ≥ threshold,n/a,n/a,n/a
15268,auto_pass,True,Jaccard ≥ threshold,n/a,n/a,n/a
15270,auto_pass,True,Jaccard ≥ threshold,n/a,n/a,n/a
15271,auto_pass,True,Jaccard ≥ threshold,n/a,n/a,n/a
15272,auto_pass,True,Jaccard ≥ threshold,n/a,n/a,n/a
15273,auto_pass,True,Jaccard ≥ threshold,n/a,n/a,n/a
15277,auto_pass,True,Jaccard ≥ threshold,n/a,n/a,n/a
15278,auto_pass,True,Jaccard ≥ threshold,n/a,n/a,n/a
15280,auto_pass,True,Jaccard ≥ threshold,n/a,n/a,n/a
15283,auto_pass,True,Jaccard ≥ threshold,n/a,n/a,n/a
15287,auto_pass,True,Jaccard ≥ threshold,n/a,n/a,n/a
15290,auto_pass,True,Jaccard ≥ threshold,n/a,n/a,n/a
15294,auto_pass,True,Jaccard ≥ threshold,n/a,n/a,n/a
15303,auto_pass,True,Jaccard ≥ threshold,n/a,n/a,n/a
15306,auto_pass,True,Jaccard ≥ threshold,n/a,n/a,n/a
15307,auto_pass,True,Jaccard ≥ threshold,n/a,n/a,n/a
15308,auto_pass,True,Jaccard ≥ threshold,n/a,n/a,n/a
15311,auto_pass,True,Jaccard ≥ threshold,n/a,n/a,n/a
15313,auto_pass,True,Jaccard ≥ threshold,n/a,n/a,n/a
15315,auto_pass,True,Jaccard ≥ threshold,n/a,n/a,n/a
15316,auto_pass,True,Jaccard ≥ threshold,n/a,n/a,n/a
15317,auto_pass,True,Jaccard ≥ threshold,n/a,n/a,n/a
15319,auto_pass,True,Jaccard ≥ threshold,n/a,n/a,n/a
15322,auto_pass,True,Jaccard ≥ threshold,n/a,n/a,n/a
15324,auto_pass,True,Jaccard ≥ threshold,n/a,n/a,n/a
15325,auto_pass,True,Jaccard ≥ threshold,n/a,n/a,n/a
15326,auto_pass,True,Jaccard ≥ threshold,n/a,n/a,n/a
15327,auto_pass,True,Jaccard ≥ threshold,n/a,n/a,n/a
15330,auto_pass,True,Jaccard ≥ threshold,n/a,n/a,n/a
15334,auto_pass,True,Jaccard ≥ threshold,n/a,n/a,n/a
15335,auto_pass,True,Jaccard ≥ threshold,n/a,n/a,n/a
15336,auto_pass,True,Jaccard ≥ threshold,n/a,n/a,n/a
15337,auto_pass,True,Jaccard ≥ threshold,n/a,n/a,n/a
15339,auto_pass,True,Jaccard ≥ threshold,n/a,n/a,n/a
15340,auto_pass,True,Jaccard ≥ threshold,n/a,n/a,n/a
15341,auto_pass,True,Jaccard ≥ threshold,n/a,n/a,n/a
15343,auto_pass,True,Jaccard ≥ threshold,n/a,n/a,n/a
15345,auto_pass,True,Jaccard ≥ threshold,n/a,n/a,n/a
15346,auto_pass,True,Jaccard ≥ threshold,n/a,n/a,n/a
15350,auto_pass,True,Jaccard ≥ threshold,n/a,n/a,n/a
15351,auto_pass,True,Jaccard ≥ threshold,n/a,n/a,n/a
15352,auto_pass,True,Jaccard ≥ threshold,n/a,n/a,n/a
15354,auto_pass,True,Jaccard ≥ threshold,n/a,n/a,n/a
15355,auto_pass,True,Jaccard ≥ threshold,n/a,n/a,n/a
15356,auto_pass,True,Jaccard ≥ threshold,n/a,n/a,n/a
15357,auto_pass,True,Jaccard ≥ threshold,n/a,n/a,n/a
15359,auto_pass,True,Jaccard ≥ threshold,n/a,n/a,n/a
15361,auto_pass,True,Jaccard ≥ threshold,n/a,n/a,n/a
15363,auto_pass,True,Jaccard ≥ threshold,n/a,n/a,n/a
15365,auto_pass,True,Jaccard ≥ threshold,n/a,n/a,n/a
15367,auto_pass,True,Jaccard ≥ threshold,n/a,n/a,n/a
15370,auto_pass,True,Jaccard ≥ threshold,n/a,n/a,n/a
15375,auto_pass,True,Jaccard ≥ threshold,n/a,n/a,n/a
15376,auto_pass,True,Jaccard ≥ threshold,n/a,n/a,n/a
15379,auto_pass,True,Jaccard ≥ threshold,n/a,n/a,n/a
15382,auto_pass,True,Jaccard ≥ threshold,n/a,n/a,n/a
15387,auto_pass,True,Jaccard ≥ threshold,n/a,n/a,n/a
15391,auto_pass,True,Jaccard ≥ threshold,n/a,n/a,n/a
15398,auto_pass,True,Jaccard ≥ threshold,n/a,n/a,n/a
15400,auto_pass,True,Jaccard ≥ threshold,n/a,n/a,n/a
15401,auto_pass,True,Jaccard ≥ threshold,n/a,n/a,n/a
15402,auto_pass,True,Jaccard ≥ threshold,n/a,n/a,n/a
15403,auto_pass,True,Jaccard ≥ threshold,n/a,n/a,n/a
15404,auto_pass,True,Jaccard ≥ threshold,n/a,n/a,n/a
15405,auto_pass,True,Jaccard ≥ threshold,n/a,n/a,n/a
15408,auto_pass,True,Jaccard ≥ threshold,n/a,n/a,n/a
15411,auto_pass,True,Jaccard ≥ threshold,n/a,n/a,n/a
15414,auto_pass,True,Jaccard ≥ threshold,n/a,n/a,n/a
15415,auto_pass,True,Jaccard ≥ threshold,n/a,n/a,n/a
15422,auto_pass,True,Jaccard ≥ threshold,n/a,n/a,n/a
15423,auto_pass,True,Jaccard ≥ threshold,n/a,n/a,n/a
15424,auto_pass,True,Jaccard ≥ threshold,n/a,n/a,n/a
15426,auto_pass,True,Jaccard ≥ threshold,n/a,n/a,n/a
15430,auto_pass,True,Jaccard ≥ threshold,n/a,n/a,n/a
15440,auto_pass,True,Jaccard ≥ threshold,n/a,n/a,n/a
15441,auto_pass,True,Jaccard ≥ threshold,n/a,n/a,n/a
15442,auto_pass,True,Jaccard ≥ threshold,n/a,n/a,n/a
15447,auto_pass,True,Jaccard ≥ threshold,n/a,n/a,n/a
15451,auto_pass,True,Jaccard ≥ threshold,n/a,n/a,n/a
15453,auto_pass,True,Jaccard ≥ threshold,n/a,n/a,n/a
15455,auto_pass,True,Jaccard ≥ threshold,n/a,n/a,n/a
15456,auto_pass,True,Jaccard ≥ threshold,n/a,n/a,n/a
15458,auto_pass,True,Jaccard ≥ threshold,n/a,n/a,n/a
15459,auto_pass,True,Jaccard ≥ threshold,n/a,n/a,n/a
15463,auto_pass,True,Jaccard ≥ threshold,n/a,n/a,n/a
15465,auto_pass,True,Jaccard ≥ threshold,n/a,n/a,n/a
15467,auto_pass,True,Jaccard ≥ threshold,n/a,n/a,n/a
15469,auto_pass,True,Jaccard ≥ threshold,n/a,n/a,n/a
15471,auto_pass,True,Jaccard ≥ threshold,n/a,n/a,n/a
15475,auto_pass,True,Jaccard ≥ threshold,n/a,n/a,n/a
15476,auto_pass,True,Jaccard ≥ threshold,n/a,n/a,n/a
15477,auto_pass,True,Jaccard ≥ threshold,n/a,n/a,n/a
15478,auto_pass,True,Jaccard ≥ threshold,n/a,n/a,n/a
15481,auto_pass,True,Jaccard ≥ threshold,n/a,n/a,n/a
15482,auto_pass,True,Jaccard ≥ threshold,n/a,n/a,n/a
15487,auto_pass,True,Jaccard ≥ threshold,n/a,n/a,n/a
15489,auto_pass,True,Jaccard ≥ threshold,n/a,n/a,n/a
15493,auto_pass,True,Jaccard ≥ threshold,n/a,n/a,n/a
15495,auto_pass,True,Jaccard ≥ threshold,n/a,n/a,n/a
15496,auto_pass,True,Jaccard ≥ threshold,n/a,n/a,n/a
15498,auto_pass,True,Jaccard ≥ threshold,n/a,n/a,n/a
15502,auto_pass,True,Jaccard ≥ threshold,n/a,n/a,n/a
15503,auto_pass,True,Jaccard ≥ threshold,n/a,n/a,n/a
15504,auto_pass,True,Jaccard ≥ threshold,n/a,n/a,n/a
15506,auto_pass,True,Jaccard ≥ threshold,n/a,n/a,n/a
15512,auto_pass,True,Jaccard ≥ threshold,n/a,n/a,n/a
15514,auto_pass,True,Jaccard ≥ threshold,n/a,n/a,n/a
15519,auto_pass,True,Jaccard ≥ threshold,n/a,n/a,n/a
15521,auto_pass,True,Jaccard ≥ threshold,n/a,n/a,n/a
15525,auto_pass,True,Jaccard ≥ threshold,n/a,n/a,n/a
15526,auto_pass,True,Jaccard ≥ threshold,n/a,n/a,n/a
15533,auto_pass,True,Jaccard ≥ threshold,n/a,n/a,n/a
15535,auto_pass,True,Jaccard ≥ threshold,n/a,n/a,n/a
15536,auto_pass,True,Jaccard ≥ threshold,n/a,n/a,n/a
15538,auto_pass,True,Jaccard ≥ threshold,n/a,n/a,n/a
15540,auto_pass,True,Jaccard ≥ threshold,n/a,n/a,n/a
15542,auto_pass,True,Jaccard ≥ threshold,n/a,n/a,n/a
15545,auto_pass,True,Jaccard ≥ threshold,n/a,n/a,n/a
15546,auto_pass,True,Jaccard ≥ threshold,n/a,n/a,n/a
15548,auto_pass,True,Jaccard ≥ threshold,n/a,n/a,n/a
15549,auto_pass,True,Jaccard ≥ threshold,n/a,n/a,n/a
15551,auto_pass,True,Jaccard ≥ threshold,n/a,n/a,n/a
15552,auto_pass,True,Jaccard ≥ threshold,n/a,n/a,n/a
15553,auto_pass,True,Jaccard ≥ threshold,n/a,n/a,n/a
15557,auto_pass,True,Jaccard ≥ threshold,n/a,n/a,n/a
15562,auto_pass,True,Jaccard ≥ threshold,n/a,n/a,n/a
15565,auto_pass,True,Jaccard ≥ threshold,n/a,n/a,n/a
15568,auto_pass,True,Jaccard ≥ threshold,n/a,n/a,n/a
15569,auto_pass,True,Jaccard ≥ threshold,n/a,n/a,n/a
15570,auto_pass,True,Jaccard ≥ threshold,n/a,n/a,n/a
15571,auto_pass,True,Jaccard ≥ threshold,n/a,n/a,n/a
15572,auto_pass,True,Jaccard ≥ threshold,n/a,n/a,n/a
15573,auto_pass,True,Jaccard ≥ threshold,n/a,n/a,n/a
15576,auto_pass,True,Jaccard ≥ threshold,n/a,n/a,n/a
15578,auto_pass,True,Jaccard ≥ threshold,n/a,n/a,n/a
15579,auto_pass,True,Jaccard ≥ threshold,n/a,n/a,n/a
15580,auto_pass,True,Jaccard ≥ threshold,n/a,n/a,n/a
15581,auto_pass,True,Jaccard ≥ threshold,n/a,n/a,n/a
15585,auto_pass,True,Jaccard ≥ threshold,n/a,n/a,n/a
15588,auto_pass,True,Jaccard ≥ threshold,n/a,n/a,n/a
15589,auto_pass,True,Jaccard ≥ threshold,n/a,n/a,n/a
15597,auto_pass,True,Jaccard ≥ threshold,n/a,n/a,n/a
15600,auto_pass,True,Jaccard ≥ threshold,n/a,n/a,n/a
15602,auto_pass,True,Jaccard ≥ threshold,n/a,n/a,n/a
15603,auto_pass,True,Jaccard ≥ threshold,n/a,n/a,n/a
15604,auto_pass,True,Jaccard ≥ threshold,n/a,n/a,n/a
15605,auto_pass,True,Jaccard ≥ threshold,n/a,n/a,n/a
15609,auto_pass,True,Jaccard ≥ threshold,n/a,n/a,n/a
15611,auto_pass,True,Jaccard ≥ threshold,n/a,n/a,n/a
15616,auto_pass,True,Jaccard ≥ threshold,n/a,n/a,n/a
15617,auto_pass,True,Jaccard ≥ threshold,n/a,n/a,n/a
15619,auto_pass,True,Jaccard ≥ threshold,n/a,n/a,n/a
15620,auto_pass,True,Jaccard ≥ threshold,n/a,n/a,n/a
15627,auto_pass,True,Jaccard ≥ threshold,n/a,n/a,n/a
15628,auto_pass,True,Jaccard ≥ threshold,n/a,n/a,n/a
15629,auto_pass,True,Jaccard ≥ threshold,n/a,n/a,n/a
15631,auto_pass,True,Jaccard ≥ threshold,n/a,n/a,n/a
15632,auto_pass,True,Jaccard ≥ threshold,n/a,n/a,n/a
15633,auto_pass,True,Jaccard ≥ threshold,n/a,n/a,n/a
15635,auto_pass,True,Jaccard ≥ threshold,n/a,n/a,n/a
15636,auto_pass,True,Jaccard ≥ threshold,n/a,n/a,n/a
15638,auto_pass,True,Jaccard ≥ threshold,n/a,n/a,n/a
15640,auto_pass,True,Jaccard ≥ threshold,n/a,n/a,n/a
15641,auto_pass,True,Jaccard ≥ threshold,n/a,n/a,n/a
15642,auto_pass,True,Jaccard ≥ threshold,n/a,n/a,n/a
15645,auto_pass,True,Jaccard ≥ threshold,n/a,n/a,n/a
15653,auto_pass,True,Jaccard ≥ threshold,n/a,n/a,n/a
15655,auto_pass,True,Jaccard ≥ threshold,n/a,n/a,n/a
15661,auto_pass,True,Jaccard ≥ threshold,n/a,n/a,n/a
15662,auto_pass,True,Jaccard ≥ threshold,n/a,n/a,n/a
15664,auto_pass,True,Jaccard ≥ threshold,n/a,n/a,n/a
15668,auto_pass,True,Jaccard ≥ threshold,n/a,n/a,n/a
15672,auto_pass,True,Jaccard ≥ threshold,n/a,n/a,n/a
15674,auto_pass,True,Jaccard ≥ threshold,n/a,n/a,n/a
15678,auto_pass,True,Jaccard ≥ threshold,n/a,n/a,n/a
15685,auto_pass,True,Jaccard ≥ threshold,n/a,n/a,n/a
15687,auto_pass,True,Jaccard ≥ threshold,n/a,n/a,n/a
15689,auto_pass,True,Jaccard ≥ threshold,n/a,n/a,n/a
15693,auto_pass,True,Jaccard ≥ threshold,n/a,n/a,n/a
15696,auto_pass,True,Jaccard ≥ threshold,n/a,n/a,n/a
15698,auto_pass,True,Jaccard ≥ threshold,n/a,n/a,n/a
15700,auto_pass,True,Jaccard ≥ threshold,n/a,n/a,n/a
15703,auto_pass,True,Jaccard ≥ threshold,n/a,n/a,n/a
15708,auto_pass,True,Jaccard ≥ threshold,n/a,n/a,n/a
15709,auto_pass,True,Jaccard ≥ threshold,n/a,n/a,n/a
15710,auto_pass,True,Jaccard ≥ threshold,n/a,n/a,n/a
15711,auto_pass,True,Jaccard ≥ threshold,n/a,n/a,n/a
15714,auto_pass,True,Jaccard ≥ threshold,n/a,n/a,n/a
15718,auto_pass,True,Jaccard ≥ threshold,n/a,n/a,n/a
15719,auto_pass,True,Jaccard ≥ threshold,n/a,n/a,n/a
15720,auto_pass,True,Jaccard ≥ threshold,n/a,n/a,n/a
15724,auto_pass,True,Jaccard ≥ threshold,n/a,n/a,n/a
15725,auto_pass,True,Jaccard ≥ threshold,n/a,n/a,n/a
15726,auto_pass,True,Jaccard ≥ threshold,n/a,n/a,n/a
15727,auto_pass,True,Jaccard ≥ threshold,n/a,n/a,n/a
15729,auto_pass,True,Jaccard ≥ threshold,n/a,n/a,n/a
15732,auto_pass,True,Jaccard ≥ threshold,n/a,n/a,n/a
15740,auto_pass,True,Jaccard ≥ threshold,n/a,n/a,n/a
15742,auto_pass,True,Jaccard ≥ threshold,n/a,n/a,n/a
15743,auto_pass,True,Jaccard ≥ threshold,n/a,n/a,n/a
15744,auto_pass,True,Jaccard ≥ threshold,n/a,n/a,n/a
15745,auto_pass,True,Jaccard ≥ threshold,n/a,n/a,n/a
15747,auto_pass,True,Jaccard ≥ threshold,n/a,n/a,n/a
15756,auto_pass,True,Jaccard ≥ threshold,n/a,n/a,n/a
15761,auto_pass,True,Jaccard ≥ threshold,n/a,n/a,n/a
15762,auto_pass,True,Jaccard ≥ threshold,n/a,n/a,n/a
15763,auto_pass,True,Jaccard ≥ threshold,n/a,n/a,n/a
15766,auto_pass,True,Jaccard ≥ threshold,n/a,n/a,n/a
15770,auto_pass,True,Jaccard ≥ threshold,n/a,n/a,n/a
15771,auto_pass,True,Jaccard ≥ threshold,n/a,n/a,n/a
15774,auto_pass,True,Jaccard ≥ threshold,n/a,n/a,n/a
15776,auto_pass,True,Jaccard ≥ threshold,n/a,n/a,n/a
15777,auto_pass,True,Jaccard ≥ threshold,n/a,n/a,n/a
15779,auto_pass,True,Jaccard ≥ threshold,n/a,n/a,n/a
15781,auto_pass,True,Jaccard ≥ threshold,n/a,n/a,n/a
15782,auto_pass,True,Jaccard ≥ threshold,n/a,n/a,n/a
15784,auto_pass,True,Jaccard ≥ threshold,n/a,n/a,n/a
15787,auto_pass,True,Jaccard ≥ threshold,n/a,n/a,n/a
15788,auto_pass,True,Jaccard ≥ threshold,n/a,n/a,n/a
15789,auto_pass,True,Jaccard ≥ threshold,n/a,n/a,n/a
15791,auto_pass,True,Jaccard ≥ threshold,n/a,n/a,n/a
15792,auto_pass,True,Jaccard ≥ threshold,n/a,n/a,n/a
15793,auto_pass,True,Jaccard ≥ threshold,n/a,n/a,n/a
15795,auto_pass,True,Jaccard ≥ threshold,n/a,n/a,n/a
15797,auto_pass,True,Jaccard ≥ threshold,n/a,n/a,n/a
15800,auto_pass,True,Jaccard ≥ threshold,n/a,n/a,n/a
15801,auto_pass,True,Jaccard ≥ threshold,n/a,n/a,n/a
15802,auto_pass,True,Jaccard ≥ threshold,n/a,n/a,n/a
15807,auto_pass,True,Jaccard ≥ threshold,n/a,n/a,n/a
15809,auto_pass,True,Jaccard ≥ threshold,n/a,n/a,n/a
15810,auto_pass,True,Jaccard ≥ threshold,n/a,n/a,n/a
15811,auto_pass,True,Jaccard ≥ threshold,n/a,n/a,n/a
15812,auto_pass,True,Jaccard ≥ threshold,n/a,n/a,n/a
15818,auto_pass,True,Jaccard ≥ threshold,n/a,n/a,n/a
15820,auto_pass,True,Jaccard ≥ threshold,n/a,n/a,n/a
15821,auto_pass,True,Jaccard ≥ threshold,n/a,n/a,n/a
15825,auto_pass,True,Jaccard ≥ threshold,n/a,n/a,n/a
15828,auto_pass,True,Jaccard ≥ threshold,n/a,n/a,n/a
15829,auto_pass,True,Jaccard ≥ threshold,n/a,n/a,n/a
15830,auto_pass,True,Jaccard ≥ threshold,n/a,n/a,n/a
15831,auto_pass,True,Jaccard ≥ threshold,n/a,n/a,n/a
15832,auto_pass,True,Jaccard ≥ threshold,n/a,n/a,n/a
15835,auto_pass,True,Jaccard ≥ threshold,n/a,n/a,n/a
15841,auto_pass,True,Jaccard ≥ threshold,n/a,n/a,n/a
15842,auto_pass,True,Jaccard ≥ threshold,n/a,n/a,n/a
15844,auto_pass,True,Jaccard ≥ threshold,n/a,n/a,n/a
15847,auto_pass,True,Jaccard ≥ threshold,n/a,n/a,n/a
15848,auto_pass,True,Jaccard ≥ threshold,n/a,n/a,n/a
15851,auto_pass,True,Jaccard ≥ threshold,n/a,n/a,n/a
15853,auto_pass,True,Jaccard ≥ threshold,n/a,n/a,n/a
15854,auto_pass,True,Jaccard ≥ threshold,n/a,n/a,n/a
15855,auto_pass,True,Jaccard ≥ threshold,n/a,n/a,n/a
15856,auto_pass,True,Jaccard ≥ threshold,n/a,n/a,n/a
15861,auto_pass,True,Jaccard ≥ threshold,n/a,n/a,n/a
15862,auto_pass,True,Jaccard ≥ threshold,n/a,n/a,n/a
15863,auto_pass,True,Jaccard ≥ threshold,n/a,n/a,n/a
15865,auto_pass,True,Jaccard ≥ threshold,n/a,n/a,n/a
15867,auto_pass,True,Jaccard ≥ threshold,n/a,n/a,n/a
15868,auto_pass,True,Jaccard ≥ threshold,n/a,n/a,n/a
15869,auto_pass,True,Jaccard ≥ threshold,n/a,n/a,n/a
15870,auto_pass,True,Jaccard ≥ threshold,n/a,n/a,n/a
15871,auto_pass,True,Jaccard ≥ threshold,n/a,n/a,n/a
15875,auto_pass,True,Jaccard ≥ threshold,n/a,n/a,n/a
15878,auto_pass,True,Jaccard ≥ threshold,n/a,n/a,n/a
15879,auto_pass,True,Jaccard ≥ threshold,n/a,n/a,n/a
15888,auto_pass,True,Jaccard ≥ threshold,n/a,n/a,n/a
15889,auto_pass,True,Jaccard ≥ threshold,n/a,n/a,n/a
15891,auto_pass,True,Jaccard ≥ threshold,n/a,n/a,n/a
15898,auto_pass,True,Jaccard ≥ threshold,n/a,n/a,n/a
15900,auto_pass,True,Jaccard ≥ threshold,n/a,n/a,n/a
15902,auto_pass,True,Jaccard ≥ threshold,n/a,n/a,n/a
15904,auto_pass,True,Jaccard ≥ threshold,n/a,n/a,n/a
15907,auto_pass,True,Jaccard ≥ threshold,n/a,n/a,n/a
15908,auto_pass,True,Jaccard ≥ threshold,n/a,n/a,n/a
15909,auto_pass,True,Jaccard ≥ threshold,n/a,n/a,n/a
15911,auto_pass,True,Jaccard ≥ threshold,n/a,n/a,n/a
15912,auto_pass,True,Jaccard ≥ threshold,n/a,n/a,n/a
15914,auto_pass,True,Jaccard ≥ threshold,n/a,n/a,n/a
15916,auto_pass,True,Jaccard ≥ threshold,n/a,n/a,n/a
15922,auto_pass,True,Jaccard ≥ threshold,n/a,n/a,n/a
15923,auto_pass,True,Jaccard ≥ threshold,n/a,n/a,n/a
15927,auto_pass,True,Jaccard ≥ threshold,n/a,n/a,n/a
15928,auto_pass,True,Jaccard ≥ threshold,n/a,n/a,n/a
15929,auto_pass,True,Jaccard ≥ threshold,n/a,n/a,n/a
15931,auto_pass,True,Jaccard ≥ threshold,n/a,n/a,n/a
15932,auto_pass,True,Jaccard ≥ threshold,n/a,n/a,n/a
15933,auto_pass,True,Jaccard ≥ threshold,n/a,n/a,n/a
15937,auto_pass,True,Jaccard ≥ threshold,n/a,n/a,n/a
15938,auto_pass,True,Jaccard ≥ threshold,n/a,n/a,n/a
15939,auto_pass,True,Jaccard ≥ threshold,n/a,n/a,n/a
15942,auto_pass,True,Jaccard ≥ threshold,n/a,n/a,n/a
15944,auto_pass,True,Jaccard ≥ threshold,n/a,n/a,n/a
15947,auto_pass,True,Jaccard ≥ threshold,n/a,n/a,n/a
15949,auto_pass,True,Jaccard ≥ threshold,n/a,n/a,n/a
15950,auto_pass,True,Jaccard ≥ threshold,n/a,n/a,n/a
15952,auto_pass,True,Jaccard ≥ threshold,n/a,n/a,n/a
15953,auto_pass,True,Jaccard ≥ threshold,n/a,n/a,n/a
15957,auto_pass,True,Jaccard ≥ threshold,n/a,n/a,n/a
15959,auto_pass,True,Jaccard ≥ threshold,n/a,n/a,n/a
15964,auto_pass,True,Jaccard ≥ threshold,n/a,n/a,n/a
15966,auto_pass,True,Jaccard ≥ threshold,n/a,n/a,n/a
15971,auto_pass,True,Jaccard ≥ threshold,n/a,n/a,n/a
15974,auto_pass,True,Jaccard ≥ threshold,n/a,n/a,n/a
15977,auto_pass,True,Jaccard ≥ threshold,n/a,n/a,n/a
15979,auto_pass,True,Jaccard ≥ threshold,n/a,n/a,n/a
15980,auto_pass,True,Jaccard ≥ threshold,n/a,n/a,n/a
15981,auto_pass,True,Jaccard ≥ threshold,n/a,n/a,n/a
15984,auto_pass,True,Jaccard ≥ threshold,n/a,n/a,n/a
15985,auto_pass,True,Jaccard ≥ threshold,n/a,n/a,n/a
15986,auto_pass,True,Jaccard ≥ threshold,n/a,n/a,n/a
15989,auto_pass,True,Jaccard ≥ threshold,n/a,n/a,n/a
15990,auto_pass,True,Jaccard ≥ threshold,n/a,n/a,n/a
15992,auto_pass,True,Jaccard ≥ threshold,n/a,n/a,n/a
15996,auto_pass,True,Jaccard ≥ threshold,n/a,n/a,n/a
15998,auto_pass,True,Jaccard ≥ threshold,n/a,n/a,n/a
16000,auto_pass,True,Jaccard ≥ threshold,n/a,n/a,n/a
16002,auto_pass,True,Jaccard ≥ threshold,n/a,n/a,n/a
16005,auto_pass,True,Jaccard ≥ threshold,n/a,n/a,n/a
16006,auto_pass,True,Jaccard ≥ threshold,n/a,n/a,n/a
16007,auto_pass,True,Jaccard ≥ threshold,n/a,n/a,n/a
16010,auto_pass,True,Jaccard ≥ threshold,n/a,n/a,n/a
16012,auto_pass,True,Jaccard ≥ threshold,n/a,n/a,n/a
16013,auto_pass,True,Jaccard ≥ threshold,n/a,n/a,n/a
16014,auto_pass,True,Jaccard ≥ threshold,n/a,n/a,n/a
16015,auto_pass,True,Jaccard ≥ threshold,n/a,n/a,n/a
16016,auto_pass,True,Jaccard ≥ threshold,n/a,n/a,n/a
16017,auto_pass,True,Jaccard ≥ threshold,n/a,n/a,n/a
16020,auto_pass,True,Jaccard ≥ threshold,n/a,n/a,n/a
16021,auto_pass,True,Jaccard ≥ threshold,n/a,n/a,n/a
16029,auto_pass,True,Jaccard ≥ threshold,n/a,n/a,n/a
16030,auto_pass,True,Jaccard ≥ threshold,n/a,n/a,n/a
16031,auto_pass,True,Jaccard ≥ threshold,n/a,n/a,n/a
16033,auto_pass,True,Jaccard ≥ threshold,n/a,n/a,n/a
16034,auto_pass,True,Jaccard ≥ threshold,n/a,n/a,n/a
16036,auto_pass,True,Jaccard ≥ threshold,n/a,n/a,n/a
16037,auto_pass,True,Jaccard ≥ threshold,n/a,n/a,n/a
16040,auto_pass,True,Jaccard ≥ threshold,n/a,n/a,n/a
16042,auto_pass,True,Jaccard ≥ threshold,n/a,n/a,n/a
16043,auto_pass,True,Jaccard ≥ threshold,n/a,n/a,n/a
16044,auto_pass,True,Jaccard ≥ threshold,n/a,n/a,n/a
16046,auto_pass,True,Jaccard ≥ threshold,n/a,n/a,n/a
16051,auto_pass,True,Jaccard ≥ threshold,n/a,n/a,n/a
16054,auto_pass,True,Jaccard ≥ threshold,n/a,n/a,n/a
16055,auto_pass,True,Jaccard ≥ threshold,n/a,n/a,n/a
16056,auto_pass,True,Jaccard ≥ threshold,n/a,n/a,n/a
16057,auto_pass,True,Jaccard ≥ threshold,n/a,n/a,n/a
16058,auto_pass,True,Jaccard ≥ threshold,n/a,n/a,n/a
16062,auto_pass,True,Jaccard ≥ threshold,n/a,n/a,n/a
16063,auto_pass,True,Jaccard ≥ threshold,n/a,n/a,n/a
16066,auto_pass,True,Jaccard ≥ threshold,n/a,n/a,n/a
16069,auto_pass,True,Jaccard ≥ threshold,n/a,n/a,n/a
16071,auto_pass,True,Jaccard ≥ threshold,n/a,n/a,n/a
16075,auto_pass,True,Jaccard ≥ threshold,n/a,n/a,n/a
16076,auto_pass,True,Jaccard ≥ threshold,n/a,n/a,n/a
16078,auto_pass,True,Jaccard ≥ threshold,n/a,n/a,n/a
16079,auto_pass,True,Jaccard ≥ threshold,n/a,n/a,n/a
16083,auto_pass,True,Jaccard ≥ threshold,n/a,n/a,n/a
16088,auto_pass,True,Jaccard ≥ threshold,n/a,n/a,n/a
16090,auto_pass,True,Jaccard ≥ threshold,n/a,n/a,n/a
16091,auto_pass,True,Jaccard ≥ threshold,n/a,n/a,n/a
16095,auto_pass,True,Jaccard ≥ threshold,n/a,n/a,n/a
16098,auto_pass,True,Jaccard ≥ threshold,n/a,n/a,n/a
16105,auto_pass,True,Jaccard ≥ threshold,n/a,n/a,n/a
16106,auto_pass,True,Jaccard ≥ threshold,n/a,n/a,n/a
16107,auto_pass,True,Jaccard ≥ threshold,n/a,n/a,n/a
16109,auto_pass,True,Jaccard ≥ threshold,n/a,n/a,n/a
16110,auto_pass,True,Jaccard ≥ threshold,n/a,n/a,n/a
16111,auto_pass,True,Jaccard ≥ threshold,n/a,n/a,n/a
16113,auto_pass,True,Jaccard ≥ threshold,n/a,n/a,n/a
16115,auto_pass,True,Jaccard ≥ threshold,n/a,n/a,n/a
16118,auto_pass,True,Jaccard ≥ threshold,n/a,n/a,n/a
16119,auto_pass,True,Jaccard ≥ threshold,n/a,n/a,n/a
16120,auto_pass,True,Jaccard ≥ threshold,n/a,n/a,n/a
16121,auto_pass,True,Jaccard ≥ threshold,n/a,n/a,n/a
16122,auto_pass,True,Jaccard ≥ threshold,n/a,n/a,n/a
16123,auto_pass,True,Jaccard ≥ threshold,n/a,n/a,n/a
16124,auto_pass,True,Jaccard ≥ threshold,n/a,n/a,n/a
16125,auto_pass,True,Jaccard ≥ threshold,n/a,n/a,n/a
16127,auto_pass,True,Jaccard ≥ threshold,n/a,n/a,n/a
16128,auto_pass,True,Jaccard ≥ threshold,n/a,n/a,n/a
16130,auto_pass,True,Jaccard ≥ threshold,n/a,n/a,n/a
16132,auto_pass,True,Jaccard ≥ threshold,n/a,n/a,n/a
16133,auto_pass,True,Jaccard ≥ threshold,n/a,n/a,n/a
16134,auto_pass,True,Jaccard ≥ threshold,n/a,n/a,n/a
16135,auto_pass,True,Jaccard ≥ threshold,n/a,n/a,n/a
16138,auto_pass,True,Jaccard ≥ threshold,n/a,n/a,n/a
16143,auto_pass,True,Jaccard ≥ threshold,n/a,n/a,n/a
16144,auto_pass,True,Jaccard ≥ threshold,n/a,n/a,n/a
16146,auto_pass,True,Jaccard ≥ threshold,n/a,n/a,n/a
16147,auto_pass,True,Jaccard ≥ threshold,n/a,n/a,n/a
16149,auto_pass,True,Jaccard ≥ threshold,n/a,n/a,n/a
16150,auto_pass,True,Jaccard ≥ threshold,n/a,n/a,n/a
16154,auto_pass,True,Jaccard ≥ threshold,n/a,n/a,n/a
16155,auto_pass,True,Jaccard ≥ threshold,n/a,n/a,n/a
16156,auto_pass,True,Jaccard ≥ threshold,n/a,n/a,n/a
16157,auto_pass,True,Jaccard ≥ threshold,n/a,n/a,n/a
16163,auto_pass,True,Jaccard ≥ threshold,n/a,n/a,n/a
16165,auto_pass,True,Jaccard ≥ threshold,n/a,n/a,n/a
16167,auto_pass,True,Jaccard ≥ threshold,n/a,n/a,n/a
16168,auto_pass,True,Jaccard ≥ threshold,n/a,n/a,n/a
16170,auto_pass,True,Jaccard ≥ threshold,n/a,n/a,n/a
16171,auto_pass,True,Jaccard ≥ threshold,n/a,n/a,n/a
16172,auto_pass,True,Jaccard ≥ threshold,n/a,n/a,n/a
16173,auto_pass,True,Jaccard ≥ threshold,n/a,n/a,n/a
16175,auto_pass,True,Jaccard ≥ threshold,n/a,n/a,n/a
16177,auto_pass,True,Jaccard ≥ threshold,n/a,n/a,n/a
16178,auto_pass,True,Jaccard ≥ threshold,n/a,n/a,n/a
16179,auto_pass,True,Jaccard ≥ threshold,n/a,n/a,n/a
16180,auto_pass,True,Jaccard ≥ threshold,n/a,n/a,n/a
16182,auto_pass,True,Jaccard ≥ threshold,n/a,n/a,n/a
16185,auto_pass,True,Jaccard ≥ threshold,n/a,n/a,n/a
16186,auto_pass,True,Jaccard ≥ threshold,n/a,n/a,n/a
16187,auto_pass,True,Jaccard ≥ threshold,n/a,n/a,n/a
16189,auto_pass,True,Jaccard ≥ threshold,n/a,n/a,n/a
16190,auto_pass,True,Jaccard ≥ threshold,n/a,n/a,n/a
16192,auto_pass,True,Jaccard ≥ threshold,n/a,n/a,n/a
16197,auto_pass,True,Jaccard ≥ threshold,n/a,n/a,n/a
16198,auto_pass,True,Jaccard ≥ threshold,n/a,n/a,n/a
16201,auto_pass,True,Jaccard ≥ threshold,n/a,n/a,n/a
16207,auto_pass,True,Jaccard ≥ threshold,n/a,n/a,n/a
16208,auto_pass,True,Jaccard ≥ threshold,n/a,n/a,n/a
16211,auto_pass,True,Jaccard ≥ threshold,n/a,n/a,n/a
16213,auto_pass,True,Jaccard ≥ threshold,n/a,n/a,n/a
16214,auto_pass,True,Jaccard ≥ threshold,n/a,n/a,n/a
16218,auto_pass,True,Jaccard ≥ threshold,n/a,n/a,n/a
16220,auto_pass,True,Jaccard ≥ threshold,n/a,n/a,n/a
16229,auto_pass,True,Jaccard ≥ threshold,n/a,n/a,n/a
16230,auto_pass,True,Jaccard ≥ threshold,n/a,n/a,n/a
16231,auto_pass,True,Jaccard ≥ threshold,n/a,n/a,n/a
16233,auto_pass,True,Jaccard ≥ threshold,n/a,n/a,n/a
16234,auto_pass,True,Jaccard ≥ threshold,n/a,n/a,n/a
16235,auto_pass,True,Jaccard ≥ threshold,n/a,n/a,n/a
16244,auto_pass,True,Jaccard ≥ threshold,n/a,n/a,n/a
16246,auto_pass,True,Jaccard ≥ threshold,n/a,n/a,n/a
16249,auto_pass,True,Jaccard ≥ threshold,n/a,n/a,n/a
16253,auto_pass,True,Jaccard ≥ threshold,n/a,n/a,n/a
16255,auto_pass,True,Jaccard ≥ threshold,n/a,n/a,n/a
16259,auto_pass,True,Jaccard ≥ threshold,n/a,n/a,n/a
16262,auto_pass,True,Jaccard ≥ threshold,n/a,n/a,n/a
16263,auto_pass,True,Jaccard ≥ threshold,n/a,n/a,n/a
16264,auto_pass,True,Jaccard ≥ threshold,n/a,n/a,n/a
16265,auto_pass,True,Jaccard ≥ threshold,n/a,n/a,n/a
16266,auto_pass,True,Jaccard ≥ threshold,n/a,n/a,n/a
16268,auto_pass,True,Jaccard ≥ threshold,n/a,n/a,n/a
16269,auto_pass,True,Jaccard ≥ threshold,n/a,n/a,n/a
16270,auto_pass,True,Jaccard ≥ threshold,n/a,n/a,n/a
16271,auto_pass,True,Jaccard ≥ threshold,n/a,n/a,n/a
16272,auto_pass,True,Jaccard ≥ threshold,n/a,n/a,n/a
16273,auto_pass,True,Jaccard ≥ threshold,n/a,n/a,n/a
16274,auto_pass,True,Jaccard ≥ threshold,n/a,n/a,n/a
16277,auto_pass,True,Jaccard ≥ threshold,n/a,n/a,n/a
16278,auto_pass,True,Jaccard ≥ threshold,n/a,n/a,n/a
16279,auto_pass,True,Jaccard ≥ threshold,n/a,n/a,n/a
16280,auto_pass,True,Jaccard ≥ threshold,n/a,n/a,n/a
16281,auto_pass,True,Jaccard ≥ threshold,n/a,n/a,n/a
16282,auto_pass,True,Jaccard ≥ threshold,n/a,n/a,n/a
16284,auto_pass,True,Jaccard ≥ threshold,n/a,n/a,n/a
16287,auto_pass,True,Jaccard ≥ threshold,n/a,n/a,n/a
16288,auto_pass,True,Jaccard ≥ threshold,n/a,n/a,n/a
16292,auto_pass,True,Jaccard ≥ threshold,n/a,n/a,n/a
16295,auto_pass,True,Jaccard ≥ threshold,n/a,n/a,n/a
16298,auto_pass,True,Jaccard ≥ threshold,n/a,n/a,n/a
16300,auto_pass,True,Jaccard ≥ threshold,n/a,n/a,n/a
16301,auto_pass,True,Jaccard ≥ threshold,n/a,n/a,n/a
16303,auto_pass,True,Jaccard ≥ threshold,n/a,n/a,n/a
16304,auto_pass,True,Jaccard ≥ threshold,n/a,n/a,n/a
16305,auto_pass,True,Jaccard ≥ threshold,n/a,n/a,n/a
16306,auto_pass,True,Jaccard ≥ threshold,n/a,n/a,n/a
16308,auto_pass,True,Jaccard ≥ threshold,n/a,n/a,n/a
16311,auto_pass,True,Jaccard ≥ threshold,n/a,n/a,n/a
16312,auto_pass,True,Jaccard ≥ threshold,n/a,n/a,n/a
16316,auto_pass,True,Jaccard ≥ threshold,n/a,n/a,n/a
16319,auto_pass,True,Jaccard ≥ threshold,n/a,n/a,n/a
16322,auto_pass,True,Jaccard ≥ threshold,n/a,n/a,n/a
16324,auto_pass,True,Jaccard ≥ threshold,n/a,n/a,n/a
16328,auto_pass,True,Jaccard ≥ threshold,n/a,n/a,n/a
16334,auto_pass,True,Jaccard ≥ threshold,n/a,n/a,n/a
16336,auto_pass,True,Jaccard ≥ threshold,n/a,n/a,n/a
16337,auto_pass,True,Jaccard ≥ threshold,n/a,n/a,n/a
16339,auto_pass,True,Jaccard ≥ threshold,n/a,n/a,n/a
16341,auto_pass,True,Jaccard ≥ threshold,n/a,n/a,n/a
16342,auto_pass,True,Jaccard ≥ threshold,n/a,n/a,n/a
16344,auto_pass,True,Jaccard ≥ threshold,n/a,n/a,n/a
16345,auto_pass,True,Jaccard ≥ threshold,n/a,n/a,n/a
16346,auto_pass,True,Jaccard ≥ threshold,n/a,n/a,n/a
16347,auto_pass,True,Jaccard ≥ threshold,n/a,n/a,n/a
16349,auto_pass,True,Jaccard ≥ threshold,n/a,n/a,n/a
16350,auto_pass,True,Jaccard ≥ threshold,n/a,n/a,n/a
16351,auto_pass,True,Jaccard ≥ threshold,n/a,n/a,n/a
16355,auto_pass,True,Jaccard ≥ threshold,n/a,n/a,n/a
16357,auto_pass,True,Jaccard ≥ threshold,n/a,n/a,n/a
16362,auto_pass,True,Jaccard ≥ threshold,n/a,n/a,n/a
16363,auto_pass,True,Jaccard ≥ threshold,n/a,n/a,n/a
16364,auto_pass,True,Jaccard ≥ threshold,n/a,n/a,n/a
16366,auto_pass,True,Jaccard ≥ threshold,n/a,n/a,n/a
16367,auto_pass,True,Jaccard ≥ threshold,n/a,n/a,n/a
16368,auto_pass,True,Jaccard ≥ threshold,n/a,n/a,n/a
16371,auto_pass,True,Jaccard ≥ threshold,n/a,n/a,n/a
16372,auto_pass,True,Jaccard ≥ threshold,n/a,n/a,n/a
16373,auto_pass,True,Jaccard ≥ threshold,n/a,n/a,n/a
16374,auto_pass,True,Jaccard ≥ threshold,n/a,n/a,n/a
16375,auto_pass,True,Jaccard ≥ threshold,n/a,n/a,n/a
16376,auto_pass,True,Jaccard ≥ threshold,n/a,n/a,n/a
16378,auto_pass,True,Jaccard ≥ threshold,n/a,n/a,n/a
16379,auto_pass,True,Jaccard ≥ threshold,n/a,n/a,n/a
16380,auto_pass,True,Jaccard ≥ threshold,n/a,n/a,n/a
16381,auto_pass,True,Jaccard ≥ threshold,n/a,n/a,n/a
16383,auto_pass,True,Jaccard ≥ threshold,n/a,n/a,n/a
16386,auto_pass,True,Jaccard ≥ threshold,n/a,n/a,n/a
16389,auto_pass,True,Jaccard ≥ threshold,n/a,n/a,n/a
16390,auto_pass,True,Jaccard ≥ threshold,n/a,n/a,n/a
16391,auto_pass,True,Jaccard ≥ threshold,n/a,n/a,n/a
16392,auto_pass,True,Jaccard ≥ threshold,n/a,n/a,n/a
16399,auto_pass,True,Jaccard ≥ threshold,n/a,n/a,n/a
16400,auto_pass,True,Jaccard ≥ threshold,n/a,n/a,n/a
16401,auto_pass,True,Jaccard ≥ threshold,n/a,n/a,n/a
16403,auto_pass,True,Jaccard ≥ threshold,n/a,n/a,n/a
16405,auto_pass,True,Jaccard ≥ threshold,n/a,n/a,n/a
16406,auto_pass,True,Jaccard ≥ threshold,n/a,n/a,n/a
16407,auto_pass,True,Jaccard ≥ threshold,n/a,n/a,n/a
16408,auto_pass,True,Jaccard ≥ threshold,n/a,n/a,n/a
16409,auto_pass,True,Jaccard ≥ threshold,n/a,n/a,n/a
16410,auto_pass,True,Jaccard ≥ threshold,n/a,n/a,n/a
16411,auto_pass,True,Jaccard ≥ threshold,n/a,n/a,n/a
16414,auto_pass,True,Jaccard ≥ threshold,n/a,n/a,n/a
16415,auto_pass,True,Jaccard ≥ threshold,n/a,n/a,n/a
16416,auto_pass,True,Jaccard ≥ threshold,n/a,n/a,n/a
16419,auto_pass,True,Jaccard ≥ threshold,n/a,n/a,n/a
16420,auto_pass,True,Jaccard ≥ threshold,n/a,n/a,n/a
16422,auto_pass,True,Jaccard ≥ threshold,n/a,n/a,n/a
16423,auto_pass,True,Jaccard ≥ threshold,n/a,n/a,n/a
16426,auto_pass,True,Jaccard ≥ threshold,n/a,n/a,n/a
16429,auto_pass,True,Jaccard ≥ threshold,n/a,n/a,n/a
16430,auto_pass,True,Jaccard ≥ threshold,n/a,n/a,n/a
16432,auto_pass,True,Jaccard ≥ threshold,n/a,n/a,n/a
16433,auto_pass,True,Jaccard ≥ threshold,n/a,n/a,n/a
16434,auto_pass,True,Jaccard ≥ threshold,n/a,n/a,n/a
16438,auto_pass,True,Jaccard ≥ threshold,n/a,n/a,n/a
16439,auto_pass,True,Jaccard ≥ threshold,n/a,n/a,n/a
16443,auto_pass,True,Jaccard ≥ threshold,n/a,n/a,n/a
16444,auto_pass,True,Jaccard ≥ threshold,n/a,n/a,n/a
16445,auto_pass,True,Jaccard ≥ threshold,n/a,n/a,n/a
16447,auto_pass,True,Jaccard ≥ threshold,n/a,n/a,n/a
16449,auto_pass,True,Jaccard ≥ threshold,n/a,n/a,n/a
16450,auto_pass,True,Jaccard ≥ threshold,n/a,n/a,n/a
16452,auto_pass,True,Jaccard ≥ threshold,n/a,n/a,n/a
16453,auto_pass,True,Jaccard ≥ threshold,n/a,n/a,n/a
16454,auto_pass,True,Jaccard ≥ threshold,n/a,n/a,n/a
16459,auto_pass,True,Jaccard ≥ threshold,n/a,n/a,n/a
16461,auto_pass,True,Jaccard ≥ threshold,n/a,n/a,n/a
16464,auto_pass,True,Jaccard ≥ threshold,n/a,n/a,n/a
16465,auto_pass,True,Jaccard ≥ threshold,n/a,n/a,n/a
16466,auto_pass,True,Jaccard ≥ threshold,n/a,n/a,n/a
16467,auto_pass,True,Jaccard ≥ threshold,n/a,n/a,n/a
16468,auto_pass,True,Jaccard ≥ threshold,n/a,n/a,n/a
16470,auto_pass,True,Jaccard ≥ threshold,n/a,n/a,n/a
16471,auto_pass,True,Jaccard ≥ threshold,n/a,n/a,n/a
16472,auto_pass,True,Jaccard ≥ threshold,n/a,n/a,n/a
16478,auto_pass,True,Jaccard ≥ threshold,n/a,n/a,n/a
16480,auto_pass,True,Jaccard ≥ threshold,n/a,n/a,n/a
16481,auto_pass,True,Jaccard ≥ threshold,n/a,n/a,n/a
16483,auto_pass,True,Jaccard ≥ threshold,n/a,n/a,n/a
16487,auto_pass,True,Jaccard ≥ threshold,n/a,n/a,n/a
16488,auto_pass,True,Jaccard ≥ threshold,n/a,n/a,n/a
16491,auto_pass,True,Jaccard ≥ threshold,n/a,n/a,n/a
16492,auto_pass,True,Jaccard ≥ threshold,n/a,n/a,n/a
16495,auto_pass,True,Jaccard ≥ threshold,n/a,n/a,n/a
16496,auto_pass,True,Jaccard ≥ threshold,n/a,n/a,n/a
16497,auto_pass,True,Jaccard ≥ threshold,n/a,n/a,n/a
16498,auto_pass,True,Jaccard ≥ threshold,n/a,n/a,n/a
16499,auto_pass,True,Jaccard ≥ threshold,n/a,n/a,n/a
16500,auto_pass,True,Jaccard ≥ threshold,n/a,n/a,n/a
16502,auto_pass,True,Jaccard ≥ threshold,n/a,n/a,n/a
16504,auto_pass,True,Jaccard ≥ threshold,n/a,n/a,n/a
16505,auto_pass,True,Jaccard ≥ threshold,n/a,n/a,n/a
16508,auto_pass,True,Jaccard ≥ threshold,n/a,n/a,n/a
16509,auto_pass,True,Jaccard ≥ threshold,n/a,n/a,n/a
16512,auto_pass,True,Jaccard ≥ threshold,n/a,n/a,n/a
16513,auto_pass,True,Jaccard ≥ threshold,n/a,n/a,n/a
16516,auto_pass,True,Jaccard ≥ threshold,n/a,n/a,n/a
16517,auto_pass,True,Jaccard ≥ threshold,n/a,n/a,n/a
16523,auto_pass,True,Jaccard ≥ threshold,n/a,n/a,n/a
16526,auto_pass,True,Jaccard ≥ threshold,n/a,n/a,n/a
16527,auto_pass,True,Jaccard ≥ threshold,n/a,n/a,n/a
16528,auto_pass,True,Jaccard ≥ threshold,n/a,n/a,n/a
16530,auto_pass,True,Jaccard ≥ threshold,n/a,n/a,n/a
16533,auto_pass,True,Jaccard ≥ threshold,n/a,n/a,n/a
16534,auto_pass,True,Jaccard ≥ threshold,n/a,n/a,n/a
16535,auto_pass,True,Jaccard ≥ threshold,n/a,n/a,n/a
16536,auto_pass,True,Jaccard ≥ threshold,n/a,n/a,n/a
16537,auto_pass,True,Jaccard ≥ threshold,n/a,n/a,n/a
16539,auto_pass,True,Jaccard ≥ threshold,n/a,n/a,n/a
16541,auto_pass,True,Jaccard ≥ threshold,n/a,n/a,n/a
16543,auto_pass,True,Jaccard ≥ threshold,n/a,n/a,n/a
16545,auto_pass,True,Jaccard ≥ threshold,n/a,n/a,n/a
16546,auto_pass,True,Jaccard ≥ threshold,n/a,n/a,n/a
16547,auto_pass,True,Jaccard ≥ threshold,n/a,n/a,n/a
16548,auto_pass,True,Jaccard ≥ threshold,n/a,n/a,n/a
16549,auto_pass,True,Jaccard ≥ threshold,n/a,n/a,n/a
16550,auto_pass,True,Jaccard ≥ threshold,n/a,n/a,n/a
16551,auto_pass,True,Jaccard ≥ threshold,n/a,n/a,n/a
16552,auto_pass,True,Jaccard ≥ threshold,n/a,n/a,n/a
16554,auto_pass,True,Jaccard ≥ threshold,n/a,n/a,n/a
16558,auto_pass,True,Jaccard ≥ threshold,n/a,n/a,n/a
16559,auto_pass,True,Jaccard ≥ threshold,n/a,n/a,n/a
16561,auto_pass,True,Jaccard ≥ threshold,n/a,n/a,n/a
16564,auto_pass,True,Jaccard ≥ threshold,n/a,n/a,n/a
16566,auto_pass,True,Jaccard ≥ threshold,n/a,n/a,n/a
16567,auto_pass,True,Jaccard ≥ threshold,n/a,n/a,n/a
16568,auto_pass,True,Jaccard ≥ threshold,n/a,n/a,n/a
16569,auto_pass,True,Jaccard ≥ threshold,n/a,n/a,n/a
16573,auto_pass,True,Jaccard ≥ threshold,n/a,n/a,n/a
16574,auto_pass,True,Jaccard ≥ threshold,n/a,n/a,n/a
16575,auto_pass,True,Jaccard ≥ threshold,n/a,n/a,n/a
16578,auto_pass,True,Jaccard ≥ threshold,n/a,n/a,n/a
16579,auto_pass,True,Jaccard ≥ threshold,n/a,n/a,n/a
16580,auto_pass,True,Jaccard ≥ threshold,n/a,n/a,n/a
16582,auto_pass,True,Jaccard ≥ threshold,n/a,n/a,n/a
16585,auto_pass,True,Jaccard ≥ threshold,n/a,n/a,n/a
16586,auto_pass,True,Jaccard ≥ threshold,n/a,n/a,n/a
16588,auto_pass,True,Jaccard ≥ threshold,n/a,n/a,n/a
16589,auto_pass,True,Jaccard ≥ threshold,n/a,n/a,n/a
16592,auto_pass,True,Jaccard ≥ threshold,n/a,n/a,n/a
16594,auto_pass,True,Jaccard ≥ threshold,n/a,n/a,n/a
16595,auto_pass,True,Jaccard ≥ threshold,n/a,n/a,n/a
16596,auto_pass,True,Jaccard ≥ threshold,n/a,n/a,n/a
16597,auto_pass,True,Jaccard ≥ threshold,n/a,n/a,n/a
16598,auto_pass,True,Jaccard ≥ threshold,n/a,n/a,n/a
16599,auto_pass,True,Jaccard ≥ threshold,n/a,n/a,n/a
16600,auto_pass,True,Jaccard ≥ threshold,n/a,n/a,n/a
16601,auto_pass,True,Jaccard ≥ threshold,n/a,n/a,n/a
16602,auto_pass,True,Jaccard ≥ threshold,n/a,n/a,n/a
16607,auto_pass,True,Jaccard ≥ threshold,n/a,n/a,n/a
16608,auto_pass,True,Jaccard ≥ threshold,n/a,n/a,n/a
16611,auto_pass,True,Jaccard ≥ threshold,n/a,n/a,n/a
16613,auto_pass,True,Jaccard ≥ threshold,n/a,n/a,n/a
16615,auto_pass,True,Jaccard ≥ threshold,n/a,n/a,n/a
16619,auto_pass,True,Jaccard ≥ threshold,n/a,n/a,n/a
16621,auto_pass,True,Jaccard ≥ threshold,n/a,n/a,n/a
16622,auto_pass,True,Jaccard ≥ threshold,n/a,n/a,n/a
16623,auto_pass,True,Jaccard ≥ threshold,n/a,n/a,n/a
16624,auto_pass,True,Jaccard ≥ threshold,n/a,n/a,n/a
16625,auto_pass,True,Jaccard ≥ threshold,n/a,n/a,n/a
16628,auto_pass,True,Jaccard ≥ threshold,n/a,n/a,n/a
16639,auto_pass,True,Jaccard ≥ threshold,n/a,n/a,n/a
16640,auto_pass,True,Jaccard ≥ threshold,n/a,n/a,n/a
16644,auto_pass,True,Jaccard ≥ threshold,n/a,n/a,n/a
16646,auto_pass,True,Jaccard ≥ threshold,n/a,n/a,n/a
16649,auto_pass,True,Jaccard ≥ threshold,n/a,n/a,n/a
16655,auto_pass,True,Jaccard ≥ threshold,n/a,n/a,n/a
16659,auto_pass,True,Jaccard ≥ threshold,n/a,n/a,n/a
16661,auto_pass,True,Jaccard ≥ threshold,n/a,n/a,n/a
16664,auto_pass,True,Jaccard ≥ threshold,n/a,n/a,n/a
16667,auto_pass,True,Jaccard ≥ threshold,n/a,n/a,n/a
16668,auto_pass,True,Jaccard ≥ threshold,n/a,n/a,n/a
16674,auto_pass,True,Jaccard ≥ threshold,n/a,n/a,n/a
16684,auto_pass,True,Jaccard ≥ threshold,n/a,n/a,n/a
16688,auto_pass,True,Jaccard ≥ threshold,n/a,n/a,n/a
16689,auto_pass,True,Jaccard ≥ threshold,n/a,n/a,n/a
16690,auto_pass,True,Jaccard ≥ threshold,n/a,n/a,n/a
16691,auto_pass,True,Jaccard ≥ threshold,n/a,n/a,n/a
16701,auto_pass,True,Jaccard ≥ threshold,n/a,n/a,n/a
16703,auto_pass,True,Jaccard ≥ threshold,n/a,n/a,n/a
16706,auto_pass,True,Jaccard ≥ threshold,n/a,n/a,n/a
16711,auto_pass,True,Jaccard ≥ threshold,n/a,n/a,n/a
16712,auto_pass,True,Jaccard ≥ threshold,n/a,n/a,n/a
16715,auto_pass,True,Jaccard ≥ threshold,n/a,n/a,n/a
16716,auto_pass,True,Jaccard ≥ threshold,n/a,n/a,n/a
16723,auto_pass,True,Jaccard ≥ threshold,n/a,n/a,n/a
16727,auto_pass,True,Jaccard ≥ threshold,n/a,n/a,n/a
16731,auto_pass,True,Jaccard ≥ threshold,n/a,n/a,n/a
16734,auto_pass,True,Jaccard ≥ threshold,n/a,n/a,n/a
16736,auto_pass,True,Jaccard ≥ threshold,n/a,n/a,n/a
16737,auto_pass,True,Jaccard ≥ threshold,n/a,n/a,n/a
16739,auto_pass,True,Jaccard ≥ threshold,n/a,n/a,n/a
16742,auto_pass,True,Jaccard ≥ threshold,n/a,n/a,n/a
16745,auto_pass,True,Jaccard ≥ threshold,n/a,n/a,n/a
16755,auto_pass,True,Jaccard ≥ threshold,n/a,n/a,n/a
16759,auto_pass,True,Jaccard ≥ threshold,n/a,n/a,n/a
16765,auto_pass,True,Jaccard ≥ threshold,n/a,n/a,n/a
16768,auto_pass,True,Jaccard ≥ threshold,n/a,n/a,n/a
16773,auto_pass,True,Jaccard ≥ threshold,n/a,n/a,n/a
16775,auto_pass,True,Jaccard ≥ threshold,n/a,n/a,n/a
16776,auto_pass,True,Jaccard ≥ threshold,n/a,n/a,n/a
16777,auto_pass,True,Jaccard ≥ threshold,n/a,n/a,n/a
16778,auto_pass,True,Jaccard ≥ threshold,n/a,n/a,n/a
16779,auto_pass,True,Jaccard ≥ threshold,n/a,n/a,n/a
16780,auto_pass,True,Jaccard ≥ threshold,n/a,n/a,n/a
16783,auto_pass,True,Jaccard ≥ threshold,n/a,n/a,n/a
16790,auto_pass,True,Jaccard ≥ threshold,n/a,n/a,n/a
16793,auto_pass,True,Jaccard ≥ threshold,n/a,n/a,n/a
16794,auto_pass,True,Jaccard ≥ threshold,n/a,n/a,n/a
16802,auto_pass,True,Jaccard ≥ threshold,n/a,n/a,n/a
16805,auto_pass,True,Jaccard ≥ threshold,n/a,n/a,n/a
16814,auto_pass,True,Jaccard ≥ threshold,n/a,n/a,n/a
16819,auto_pass,True,Jaccard ≥ threshold,n/a,n/a,n/a
16820,auto_pass,True,Jaccard ≥ threshold,n/a,n/a,n/a
16821,auto_pass,True,Jaccard ≥ threshold,n/a,n/a,n/a
16822,auto_pass,True,Jaccard ≥ threshold,n/a,n/a,n/a
16824,auto_pass,True,Jaccard ≥ threshold,n/a,n/a,n/a
16825,auto_pass,True,Jaccard ≥ threshold,n/a,n/a,n/a
16831,auto_pass,True,Jaccard ≥ threshold,n/a,n/a,n/a
16840,auto_pass,True,Jaccard ≥ threshold,n/a,n/a,n/a
16843,auto_pass,True,Jaccard ≥ threshold,n/a,n/a,n/a
16844,auto_pass,True,Jaccard ≥ threshold,n/a,n/a,n/a
16846,auto_pass,True,Jaccard ≥ threshold,n/a,n/a,n/a
16852,auto_pass,True,Jaccard ≥ threshold,n/a,n/a,n/a
16853,auto_pass,True,Jaccard ≥ threshold,n/a,n/a,n/a
16854,auto_pass,True,Jaccard ≥ threshold,n/a,n/a,n/a
16857,auto_pass,True,Jaccard ≥ threshold,n/a,n/a,n/a
16859,auto_pass,True,Jaccard ≥ threshold,n/a,n/a,n/a
16870,auto_pass,True,Jaccard ≥ threshold,n/a,n/a,n/a
16874,auto_pass,True,Jaccard ≥ threshold,n/a,n/a,n/a
16877,auto_pass,True,Jaccard ≥ threshold,n/a,n/a,n/a
16880,auto_pass,True,Jaccard ≥ threshold,n/a,n/a,n/a
16881,auto_pass,True,Jaccard ≥ threshold,n/a,n/a,n/a
16884,auto_pass,True,Jaccard ≥ threshold,n/a,n/a,n/a
16887,auto_pass,True,Jaccard ≥ threshold,n/a,n/a,n/a
16889,auto_pass,True,Jaccard ≥ threshold,n/a,n/a,n/a
16894,auto_pass,True,Jaccard ≥ threshold,n/a,n/a,n/a
16895,auto_pass,True,Jaccard ≥ threshold,n/a,n/a,n/a
16902,auto_pass,True,Jaccard ≥ threshold,n/a,n/a,n/a
16904,auto_pass,True,Jaccard ≥ threshold,n/a,n/a,n/a
16905,auto_pass,True,Jaccard ≥ threshold,n/a,n/a,n/a
16908,auto_pass,True,Jaccard ≥ threshold,n/a,n/a,n/a
16910,auto_pass,True,Jaccard ≥ threshold,n/a,n/a,n/a
16919,auto_pass,True,Jaccard ≥ threshold,n/a,n/a,n/a
16921,auto_pass,True,Jaccard ≥ threshold,n/a,n/a,n/a
16931,auto_pass,True,Jaccard ≥ threshold,n/a,n/a,n/a
16933,auto_pass,True,Jaccard ≥ threshold,n/a,n/a,n/a
16934,auto_pass,True,Jaccard ≥ threshold,n/a,n/a,n/a
16953,auto_pass,True,Jaccard ≥ threshold,n/a,n/a,n/a
16958,auto_pass,True,Jaccard ≥ threshold,n/a,n/a,n/a
16971,auto_pass,True,Jaccard ≥ threshold,n/a,n/a,n/a
16981,auto_pass,True,Jaccard ≥ threshold,n/a,n/a,n/a
16982,auto_pass,True,Jaccard ≥ threshold,n/a,n/a,n/a
16983,auto_pass,True,Jaccard ≥ threshold,n/a,n/a,n/a
16984,auto_pass,True,Jaccard ≥ threshold,n/a,n/a,n/a
16986,auto_pass,True,Jaccard ≥ threshold,n/a,n/a,n/a
16987,auto_pass,True,Jaccard ≥ threshold,n/a,n/a,n/a
16989,auto_pass,True,Jaccard ≥ threshold,n/a,n/a,n/a
16996,auto_pass,True,Jaccard ≥ threshold,n/a,n/a,n/a
16997,auto_pass,True,Jaccard ≥ threshold,n/a,n/a,n/a
16998,auto_pass,True,Jaccard ≥ threshold,n/a,n/a,n/a
16999,auto_pass,True,Jaccard ≥ threshold,n/a,n/a,n/a
17001,auto_pass,True,Jaccard ≥ threshold,n/a,n/a,n/a
17002,auto_pass,True,Jaccard ≥ threshold,n/a,n/a,n/a
17004,auto_pass,True,Jaccard ≥ threshold,n/a,n/a,n/a
17008,auto_pass,True,Jaccard ≥ threshold,n/a,n/a,n/a
17014,auto_pass,True,Jaccard ≥ threshold,n/a,n/a,n/a
17022,auto_pass,True,Jaccard ≥ threshold,n/a,n/a,n/a
17023,auto_pass,True,Jaccard ≥ threshold,n/a,n/a,n/a
17025,auto_pass,True,Jaccard ≥ threshold,n/a,n/a,n/a
17026,auto_pass,True,Jaccard ≥ threshold,n/a,n/a,n/a
17027,auto_pass,True,Jaccard ≥ threshold,n/a,n/a,n/a
17029,auto_pass,True,Jaccard ≥ threshold,n/a,n/a,n/a
17030,auto_pass,True,Jaccard ≥ threshold,n/a,n/a,n/a
17033,auto_pass,True,Jaccard ≥ threshold,n/a,n/a,n/a
17036,auto_pass,True,Jaccard ≥ threshold,n/a,n/a,n/a
17040,auto_pass,True,Jaccard ≥ threshold,n/a,n/a,n/a
17045,auto_pass,True,Jaccard ≥ threshold,n/a,n/a,n/a
17049,auto_pass,True,Jaccard ≥ threshold,n/a,n/a,n/a
17050,auto_pass,True,Jaccard ≥ threshold,n/a,n/a,n/a
17051,auto_pass,True,Jaccard ≥ threshold,n/a,n/a,n/a
17056,auto_pass,True,Jaccard ≥ threshold,n/a,n/a,n/a
17057,auto_pass,True,Jaccard ≥ threshold,n/a,n/a,n/a
17058,auto_pass,True,Jaccard ≥ threshold,n/a,n/a,n/a
17061,auto_pass,True,Jaccard ≥ threshold,n/a,n/a,n/a
17067,auto_pass,True,Jaccard ≥ threshold,n/a,n/a,n/a
17069,auto_pass,True,Jaccard ≥ threshold,n/a,n/a,n/a
17070,auto_pass,True,Jaccard ≥ threshold,n/a,n/a,n/a
17071,auto_pass,True,Jaccard ≥ threshold,n/a,n/a,n/a
17073,auto_pass,True,Jaccard ≥ threshold,n/a,n/a,n/a
17076,auto_pass,True,Jaccard ≥ threshold,n/a,n/a,n/a
17078,auto_pass,True,Jaccard ≥ threshold,n/a,n/a,n/a
17080,auto_pass,True,Jaccard ≥ threshold,n/a,n/a,n/a
17082,auto_pass,True,Jaccard ≥ threshold,n/a,n/a,n/a
17083,auto_pass,True,Jaccard ≥ threshold,n/a,n/a,n/a
17084,auto_pass,True,Jaccard ≥ threshold,n/a,n/a,n/a
17085,auto_pass,True,Jaccard ≥ threshold,n/a,n/a,n/a
17086,auto_pass,True,Jaccard ≥ threshold,n/a,n/a,n/a
17089,auto_pass,True,Jaccard ≥ threshold,n/a,n/a,n/a
17091,auto_pass,True,Jaccard ≥ threshold,n/a,n/a,n/a
17093,auto_pass,True,Jaccard ≥ threshold,n/a,n/a,n/a
17097,auto_pass,True,Jaccard ≥ threshold,n/a,n/a,n/a
17101,auto_pass,True,Jaccard ≥ threshold,n/a,n/a,n/a
17103,auto_pass,True,Jaccard ≥ threshold,n/a,n/a,n/a
17106,auto_pass,True,Jaccard ≥ threshold,n/a,n/a,n/a
17107,auto_pass,True,Jaccard ≥ threshold,n/a,n/a,n/a
17110,auto_pass,True,Jaccard ≥ threshold,n/a,n/a,n/a
17112,auto_pass,True,Jaccard ≥ threshold,n/a,n/a,n/a
17113,auto_pass,True,Jaccard ≥ threshold,n/a,n/a,n/a
17118,auto_pass,True,Jaccard ≥ threshold,n/a,n/a,n/a
17120,auto_pass,True,Jaccard ≥ threshold,n/a,n/a,n/a
17123,auto_pass,True,Jaccard ≥ threshold,n/a,n/a,n/a
17125,auto_pass,True,Jaccard ≥ threshold,n/a,n/a,n/a
17126,auto_pass,True,Jaccard ≥ threshold,n/a,n/a,n/a
17128,auto_pass,True,Jaccard ≥ threshold,n/a,n/a,n/a
17129,auto_pass,True,Jaccard ≥ threshold,n/a,n/a,n/a
17134,auto_pass,True,Jaccard ≥ threshold,n/a,n/a,n/a
17135,auto_pass,True,Jaccard ≥ threshold,n/a,n/a,n/a
17137,auto_pass,True,Jaccard ≥ threshold,n/a,n/a,n/a
17140,auto_pass,True,Jaccard ≥ threshold,n/a,n/a,n/a
17142,auto_pass,True,Jaccard ≥ threshold,n/a,n/a,n/a
17144,auto_pass,True,Jaccard ≥ threshold,n/a,n/a,n/a
17145,auto_pass,True,Jaccard ≥ threshold,n/a,n/a,n/a
17148,auto_pass,True,Jaccard ≥ threshold,n/a,n/a,n/a
17149,auto_pass,True,Jaccard ≥ threshold,n/a,n/a,n/a
17150,auto_pass,True,Jaccard ≥ threshold,n/a,n/a,n/a
17155,auto_pass,True,Jaccard ≥ threshold,n/a,n/a,n/a
17156,auto_pass,True,Jaccard ≥ threshold,n/a,n/a,n/a
17157,auto_pass,True,Jaccard ≥ threshold,n/a,n/a,n/a
17159,auto_pass,True,Jaccard ≥ threshold,n/a,n/a,n/a
17162,auto_pass,True,Jaccard ≥ threshold,n/a,n/a,n/a
17163,auto_pass,True,Jaccard ≥ threshold,n/a,n/a,n/a
17164,auto_pass,True,Jaccard ≥ threshold,n/a,n/a,n/a
17167,auto_pass,True,Jaccard ≥ threshold,n/a,n/a,n/a
17169,auto_pass,True,Jaccard ≥ threshold,n/a,n/a,n/a
17170,auto_pass,True,Jaccard ≥ threshold,n/a,n/a,n/a
17176,auto_pass,True,Jaccard ≥ threshold,n/a,n/a,n/a
17178,auto_pass,True,Jaccard ≥ threshold,n/a,n/a,n/a
17179,auto_pass,True,Jaccard ≥ threshold,n/a,n/a,n/a
17182,auto_pass,True,Jaccard ≥ threshold,n/a,n/a,n/a
17184,auto_pass,True,Jaccard ≥ threshold,n/a,n/a,n/a
17185,auto_pass,True,Jaccard ≥ threshold,n/a,n/a,n/a
17190,auto_pass,True,Jaccard ≥ threshold,n/a,n/a,n/a
17191,auto_pass,True,Jaccard ≥ threshold,n/a,n/a,n/a
17195,auto_pass,True,Jaccard ≥ threshold,n/a,n/a,n/a
17196,auto_pass,True,Jaccard ≥ threshold,n/a,n/a,n/a
17197,auto_pass,True,Jaccard ≥ threshold,n/a,n/a,n/a
17201,auto_pass,True,Jaccard ≥ threshold,n/a,n/a,n/a
17204,auto_pass,True,Jaccard ≥ threshold,n/a,n/a,n/a
17207,auto_pass,True,Jaccard ≥ threshold,n/a,n/a,n/a
17208,auto_pass,True,Jaccard ≥ threshold,n/a,n/a,n/a
17215,auto_pass,True,Jaccard ≥ threshold,n/a,n/a,n/a
17222,auto_pass,True,Jaccard ≥ threshold,n/a,n/a,n/a
17223,auto_pass,True,Jaccard ≥ threshold,n/a,n/a,n/a
17225,auto_pass,True,Jaccard ≥ threshold,n/a,n/a,n/a
17228,auto_pass,True,Jaccard ≥ threshold,n/a,n/a,n/a
17229,auto_pass,True,Jaccard ≥ threshold,n/a,n/a,n/a
17231,auto_pass,True,Jaccard ≥ threshold,n/a,n/a,n/a
17232,auto_pass,True,Jaccard ≥ threshold,n/a,n/a,n/a
17233,auto_pass,True,Jaccard ≥ threshold,n/a,n/a,n/a
17236,auto_pass,True,Jaccard ≥ threshold,n/a,n/a,n/a
17241,auto_pass,True,Jaccard ≥ threshold,n/a,n/a,n/a
17248,auto_pass,True,Jaccard ≥ threshold,n/a,n/a,n/a
17251,auto_pass,True,Jaccard ≥ threshold,n/a,n/a,n/a
17254,auto_pass,True,Jaccard ≥ threshold,n/a,n/a,n/a
17255,auto_pass,True,Jaccard ≥ threshold,n/a,n/a,n/a
17258,auto_pass,True,Jaccard ≥ threshold,n/a,n/a,n/a
17262,auto_pass,True,Jaccard ≥ threshold,n/a,n/a,n/a
17265,auto_pass,True,Jaccard ≥ threshold,n/a,n/a,n/a
17266,auto_pass,True,Jaccard ≥ threshold,n/a,n/a,n/a
17267,auto_pass,True,Jaccard ≥ threshold,n/a,n/a,n/a
17271,auto_pass,True,Jaccard ≥ threshold,n/a,n/a,n/a
17274,auto_pass,True,Jaccard ≥ threshold,n/a,n/a,n/a
17277,auto_pass,True,Jaccard ≥ threshold,n/a,n/a,n/a
17281,auto_pass,True,Jaccard ≥ threshold,n/a,n/a,n/a
17283,auto_pass,True,Jaccard ≥ threshold,n/a,n/a,n/a
17285,auto_pass,True,Jaccard ≥ threshold,n/a,n/a,n/a
17288,auto_pass,True,Jaccard ≥ threshold,n/a,n/a,n/a
17289,auto_pass,True,Jaccard ≥ threshold,n/a,n/a,n/a
17297,auto_pass,True,Jaccard ≥ threshold,n/a,n/a,n/a
17299,auto_pass,True,Jaccard ≥ threshold,n/a,n/a,n/a
17300,auto_pass,True,Jaccard ≥ threshold,n/a,n/a,n/a
17301,auto_pass,True,Jaccard ≥ threshold,n/a,n/a,n/a
17305,auto_pass,True,Jaccard ≥ threshold,n/a,n/a,n/a
17311,auto_pass,True,Jaccard ≥ threshold,n/a,n/a,n/a
17313,auto_pass,True,Jaccard ≥ threshold,n/a,n/a,n/a
17315,auto_pass,True,Jaccard ≥ threshold,n/a,n/a,n/a
17318,auto_pass,True,Jaccard ≥ threshold,n/a,n/a,n/a
17319,auto_pass,True,Jaccard ≥ threshold,n/a,n/a,n/a
17320,auto_pass,True,Jaccard ≥ threshold,n/a,n/a,n/a
17325,auto_pass,True,Jaccard ≥ threshold,n/a,n/a,n/a
17327,auto_pass,True,Jaccard ≥ threshold,n/a,n/a,n/a
17333,auto_pass,True,Jaccard ≥ threshold,n/a,n/a,n/a
17337,auto_pass,True,Jaccard ≥ threshold,n/a,n/a,n/a
17339,auto_pass,True,Jaccard ≥ threshold,n/a,n/a,n/a
17340,auto_pass,True,Jaccard ≥ threshold,n/a,n/a,n/a
17344,auto_pass,True,Jaccard ≥ threshold,n/a,n/a,n/a
17350,auto_pass,True,Jaccard ≥ threshold,n/a,n/a,n/a
17356,auto_pass,True,Jaccard ≥ threshold,n/a,n/a,n/a
17357,auto_pass,True,Jaccard ≥ threshold,n/a,n/a,n/a
17361,auto_pass,True,Jaccard ≥ threshold,n/a,n/a,n/a
17362,auto_pass,True,Jaccard ≥ threshold,n/a,n/a,n/a
17363,auto_pass,True,Jaccard ≥ threshold,n/a,n/a,n/a
17370,auto_pass,True,Jaccard ≥ threshold,n/a,n/a,n/a
17379,auto_pass,True,Jaccard ≥ threshold,n/a,n/a,n/a
17389,auto_pass,True,Jaccard ≥ threshold,n/a,n/a,n/a
17391,auto_pass,True,Jaccard ≥ threshold,n/a,n/a,n/a
17398,auto_pass,True,Jaccard ≥ threshold,n/a,n/a,n/a
17402,auto_pass,True,Jaccard ≥ threshold,n/a,n/a,n/a
17406,auto_pass,True,Jaccard ≥ threshold,n/a,n/a,n/a
17408,auto_pass,True,Jaccard ≥ threshold,n/a,n/a,n/a
17412,auto_pass,True,Jaccard ≥ threshold,n/a,n/a,n/a
17414,auto_pass,True,Jaccard ≥ threshold,n/a,n/a,n/a
17419,auto_pass,True,Jaccard ≥ threshold,n/a,n/a,n/a
17420,auto_pass,True,Jaccard ≥ threshold,n/a,n/a,n/a
17422,auto_pass,True,Jaccard ≥ threshold,n/a,n/a,n/a
17423,auto_pass,True,Jaccard ≥ threshold,n/a,n/a,n/a
17424,auto_pass,True,Jaccard ≥ threshold,n/a,n/a,n/a
17429,auto_pass,True,Jaccard ≥ threshold,n/a,n/a,n/a
17432,auto_pass,True,Jaccard ≥ threshold,n/a,n/a,n/a
17436,auto_pass,True,Jaccard ≥ threshold,n/a,n/a,n/a
17440,auto_pass,True,Jaccard ≥ threshold,n/a,n/a,n/a
17441,auto_pass,True,Jaccard ≥ threshold,n/a,n/a,n/a
17449,auto_pass,True,Jaccard ≥ threshold,n/a,n/a,n/a
17451,auto_pass,True,Jaccard ≥ threshold,n/a,n/a,n/a
17452,auto_pass,True,Jaccard ≥ threshold,n/a,n/a,n/a
17458,auto_pass,True,Jaccard ≥ threshold,n/a,n/a,n/a
17462,auto_pass,True,Jaccard ≥ threshold,n/a,n/a,n/a
17469,auto_pass,True,Jaccard ≥ threshold,n/a,n/a,n/a
17472,auto_pass,True,Jaccard ≥ threshold,n/a,n/a,n/a
17473,auto_pass,True,Jaccard ≥ threshold,n/a,n/a,n/a
17474,auto_pass,True,Jaccard ≥ threshold,n/a,n/a,n/a
17477,auto_pass,True,Jaccard ≥ threshold,n/a,n/a,n/a
17479,auto_pass,True,Jaccard ≥ threshold,n/a,n/a,n/a
17483,auto_pass,True,Jaccard ≥ threshold,n/a,n/a,n/a
17488,auto_pass,True,Jaccard ≥ threshold,n/a,n/a,n/a
17502,auto_pass,True,Jaccard ≥ threshold,n/a,n/a,n/a
17504,auto_pass,True,Jaccard ≥ threshold,n/a,n/a,n/a
17508,auto_pass,True,Jaccard ≥ threshold,n/a,n/a,n/a
17511,auto_pass,True,Jaccard ≥ threshold,n/a,n/a,n/a
17512,auto_pass,True,Jaccard ≥ threshold,n/a,n/a,n/a
17513,auto_pass,True,Jaccard ≥ threshold,n/a,n/a,n/a
17516,auto_pass,True,Jaccard ≥ threshold,n/a,n/a,n/a
17523,auto_pass,True,Jaccard ≥ threshold,n/a,n/a,n/a
17524,auto_pass,True,Jaccard ≥ threshold,n/a,n/a,n/a
17531,auto_pass,True,Jaccard ≥ threshold,n/a,n/a,n/a
17540,auto_pass,True,Jaccard ≥ threshold,n/a,n/a,n/a
17541,auto_pass,True,Jaccard ≥ threshold,n/a,n/a,n/a
17542,auto_pass,True,Jaccard ≥ threshold,n/a,n/a,n/a
17551,auto_pass,True,Jaccard ≥ threshold,n/a,n/a,n/a
17554,auto_pass,True,Jaccard ≥ threshold,n/a,n/a,n/a
17555,auto_pass,True,Jaccard ≥ threshold,n/a,n/a,n/a
17559,auto_pass,True,Jaccard ≥ threshold,n/a,n/a,n/a
17563,auto_pass,True,Jaccard ≥ threshold,n/a,n/a,n/a
17565,auto_pass,True,Jaccard ≥ threshold,n/a,n/a,n/a
17568,auto_pass,True,Jaccard ≥ threshold,n/a,n/a,n/a
17569,auto_pass,True,Jaccard ≥ threshold,n/a,n/a,n/a
17570,auto_pass,True,Jaccard ≥ threshold,n/a,n/a,n/a
17575,auto_pass,True,Jaccard ≥ threshold,n/a,n/a,n/a
17576,auto_pass,True,Jaccard ≥ threshold,n/a,n/a,n/a
17577,auto_pass,True,Jaccard ≥ threshold,n/a,n/a,n/a
17578,auto_pass,True,Jaccard ≥ threshold,n/a,n/a,n/a
17580,auto_pass,True,Jaccard ≥ threshold,n/a,n/a,n/a
17582,auto_pass,True,Jaccard ≥ threshold,n/a,n/a,n/a
17591,auto_pass,True,Jaccard ≥ threshold,n/a,n/a,n/a
17600,auto_pass,True,Jaccard ≥ threshold,n/a,n/a,n/a
17607,auto_pass,True,Jaccard ≥ threshold,n/a,n/a,n/a
17608,auto_pass,True,Jaccard ≥ threshold,n/a,n/a,n/a
17615,auto_pass,True,Jaccard ≥ threshold,n/a,n/a,n/a
17618,auto_pass,True,Jaccard ≥ threshold,n/a,n/a,n/a
17619,auto_pass,True,Jaccard ≥ threshold,n/a,n/a,n/a
17620,auto_pass,True,Jaccard ≥ threshold,n/a,n/a,n/a
17621,auto_pass,True,Jaccard ≥ threshold,n/a,n/a,n/a
17622,auto_pass,True,Jaccard ≥ threshold,n/a,n/a,n/a
17623,auto_pass,True,Jaccard ≥ threshold,n/a,n/a,n/a
17628,auto_pass,True,Jaccard ≥ threshold,n/a,n/a,n/a
17629,auto_pass,True,Jaccard ≥ threshold,n/a,n/a,n/a
17642,auto_pass,True,Jaccard ≥ threshold,n/a,n/a,n/a
17645,auto_pass,True,Jaccard ≥ threshold,n/a,n/a,n/a
17647,auto_pass,True,Jaccard ≥ threshold,n/a,n/a,n/a
17649,auto_pass,True,Jaccard ≥ threshold,n/a,n/a,n/a
17650,auto_pass,True,Jaccard ≥ threshold,n/a,n/a,n/a
17657,auto_pass,True,Jaccard ≥ threshold,n/a,n/a,n/a
17658,auto_pass,True,Jaccard ≥ threshold,n/a,n/a,n/a
17663,auto_pass,True,Jaccard ≥ threshold,n/a,n/a,n/a
17664,auto_pass,True,Jaccard ≥ threshold,n/a,n/a,n/a
17667,auto_pass,True,Jaccard ≥ threshold,n/a,n/a,n/a
17669,auto_pass,True,Jaccard ≥ threshold,n/a,n/a,n/a
17672,auto_pass,True,Jaccard ≥ threshold,n/a,n/a,n/a
17676,auto_pass,True,Jaccard ≥ threshold,n/a,n/a,n/a
17682,auto_pass,True,Jaccard ≥ threshold,n/a,n/a,n/a
17688,auto_pass,True,Jaccard ≥ threshold,n/a,n/a,n/a
17693,auto_pass,True,Jaccard ≥ threshold,n/a,n/a,n/a
17694,auto_pass,True,Jaccard ≥ threshold,n/a,n/a,n/a
17701,auto_pass,True,Jaccard ≥ threshold,n/a,n/a,n/a
17703,auto_pass,True,Jaccard ≥ threshold,n/a,n/a,n/a
17704,auto_pass,True,Jaccard ≥ threshold,n/a,n/a,n/a
17711,auto_pass,True,Jaccard ≥ threshold,n/a,n/a,n/a
17712,auto_pass,True,Jaccard ≥ threshold,n/a,n/a,n/a
17714,auto_pass,True,Jaccard ≥ threshold,n/a,n/a,n/a
17715,auto_pass,True,Jaccard ≥ threshold,n/a,n/a,n/a
17718,auto_pass,True,Jaccard ≥ threshold,n/a,n/a,n/a
17720,auto_pass,True,Jaccard ≥ threshold,n/a,n/a,n/a
17731,auto_pass,True,Jaccard ≥ threshold,n/a,n/a,n/a
17736,auto_pass,True,Jaccard ≥ threshold,n/a,n/a,n/a
17738,auto_pass,True,Jaccard ≥ threshold,n/a,n/a,n/a
17743,auto_pass,True,Jaccard ≥ threshold,n/a,n/a,n/a
17744,auto_pass,True,Jaccard ≥ threshold,n/a,n/a,n/a
17746,auto_pass,True,Jaccard ≥ threshold,n/a,n/a,n/a
17750,auto_pass,True,Jaccard ≥ threshold,n/a,n/a,n/a
17751,auto_pass,True,Jaccard ≥ threshold,n/a,n/a,n/a
17752,auto_pass,True,Jaccard ≥ threshold,n/a,n/a,n/a
17759,auto_pass,True,Jaccard ≥ threshold,n/a,n/a,n/a
17761,auto_pass,True,Jaccard ≥ threshold,n/a,n/a,n/a
17762,auto_pass,True,Jaccard ≥ threshold,n/a,n/a,n/a
17766,auto_pass,True,Jaccard ≥ threshold,n/a,n/a,n/a
17772,auto_pass,True,Jaccard ≥ threshold,n/a,n/a,n/a
17775,auto_pass,True,Jaccard ≥ threshold,n/a,n/a,n/a
17786,auto_pass,True,Jaccard ≥ threshold,n/a,n/a,n/a
17792,auto_pass,True,Jaccard ≥ threshold,n/a,n/a,n/a
17797,auto_pass,True,Jaccard ≥ threshold,n/a,n/a,n/a
17801,auto_pass,True,Jaccard ≥ threshold,n/a,n/a,n/a
17802,auto_pass,True,Jaccard ≥ threshold,n/a,n/a,n/a
17803,auto_pass,True,Jaccard ≥ threshold,n/a,n/a,n/a
17804,auto_pass,True,Jaccard ≥ threshold,n/a,n/a,n/a
17807,auto_pass,True,Jaccard ≥ threshold,n/a,n/a,n/a
17808,auto_pass,True,Jaccard ≥ threshold,n/a,n/a,n/a
17810,auto_pass,True,Jaccard ≥ threshold,n/a,n/a,n/a
17811,auto_pass,True,Jaccard ≥ threshold,n/a,n/a,n/a
17813,auto_pass,True,Jaccard ≥ threshold,n/a,n/a,n/a
17826,auto_pass,True,Jaccard ≥ threshold,n/a,n/a,n/a
17829,auto_pass,True,Jaccard ≥ threshold,n/a,n/a,n/a
17837,auto_pass,True,Jaccard ≥ threshold,n/a,n/a,n/a
17839,auto_pass,True,Jaccard ≥ threshold,n/a,n/a,n/a
17840,auto_pass,True,Jaccard ≥ threshold,n/a,n/a,n/a
17842,auto_pass,True,Jaccard ≥ threshold,n/a,n/a,n/a
17846,auto_pass,True,Jaccard ≥ threshold,n/a,n/a,n/a
17848,auto_pass,True,Jaccard ≥ threshold,n/a,n/a,n/a
17849,auto_pass,True,Jaccard ≥ threshold,n/a,n/a,n/a
17856,auto_pass,True,Jaccard ≥ threshold,n/a,n/a,n/a
17857,auto_pass,True,Jaccard ≥ threshold,n/a,n/a,n/a
17861,auto_pass,True,Jaccard ≥ threshold,n/a,n/a,n/a
17865,auto_pass,True,Jaccard ≥ threshold,n/a,n/a,n/a
17868,auto_pass,True,Jaccard ≥ threshold,n/a,n/a,n/a
17869,auto_pass,True,Jaccard ≥ threshold,n/a,n/a,n/a
17871,auto_pass,True,Jaccard ≥ threshold,n/a,n/a,n/a
17873,auto_pass,True,Jaccard ≥ threshold,n/a,n/a,n/a
17876,auto_pass,True,Jaccard ≥ threshold,n/a,n/a,n/a
17879,auto_pass,True,Jaccard ≥ threshold,n/a,n/a,n/a
17888,auto_pass,True,Jaccard ≥ threshold,n/a,n/a,n/a
17891,auto_pass,True,Jaccard ≥ threshold,n/a,n/a,n/a
17892,auto_pass,True,Jaccard ≥ threshold,n/a,n/a,n/a
17901,auto_pass,True,Jaccard ≥ threshold,n/a,n/a,n/a
17902,auto_pass,True,Jaccard ≥ threshold,n/a,n/a,n/a
17906,auto_pass,True,Jaccard ≥ threshold,n/a,n/a,n/a
17908,auto_pass,True,Jaccard ≥ threshold,n/a,n/a,n/a
17913,auto_pass,True,Jaccard ≥ threshold,n/a,n/a,n/a
17917,auto_pass,True,Jaccard ≥ threshold,n/a,n/a,n/a
17918,auto_pass,True,Jaccard ≥ threshold,n/a,n/a,n/a
17921,auto_pass,True,Jaccard ≥ threshold,n/a,n/a,n/a
17929,auto_pass,True,Jaccard ≥ threshold,n/a,n/a,n/a
17933,auto_pass,True,Jaccard ≥ threshold,n/a,n/a,n/a
17934,auto_pass,True,Jaccard ≥ threshold,n/a,n/a,n/a
17937,auto_pass,True,Jaccard ≥ threshold,n/a,n/a,n/a
17938,auto_pass,True,Jaccard ≥ threshold,n/a,n/a,n/a
17940,auto_pass,True,Jaccard ≥ threshold,n/a,n/a,n/a
17942,auto_pass,True,Jaccard ≥ threshold,n/a,n/a,n/a
17945,auto_pass,True,Jaccard ≥ threshold,n/a,n/a,n/a
17949,auto_pass,True,Jaccard ≥ threshold,n/a,n/a,n/a
17960,auto_pass,True,Jaccard ≥ threshold,n/a,n/a,n/a
17961,auto_pass,True,Jaccard ≥ threshold,n/a,n/a,n/a
17967,auto_pass,True,Jaccard ≥ threshold,n/a,n/a,n/a
17970,auto_pass,True,Jaccard ≥ threshold,n/a,n/a,n/a
17972,auto_pass,True,Jaccard ≥ threshold,n/a,n/a,n/a
17976,auto_pass,True,Jaccard ≥ threshold,n/a,n/a,n/a
17979,auto_pass,True,Jaccard ≥ threshold,n/a,n/a,n/a
17985,auto_pass,True,Jaccard ≥ threshold,n/a,n/a,n/a
17991,auto_pass,True,Jaccard ≥ threshold,n/a,n/a,n/a
17998,auto_pass,True,Jaccard ≥ threshold,n/a,n/a,n/a
18003,auto_pass,True,Jaccard ≥ threshold,n/a,n/a,n/a
18004,auto_pass,True,Jaccard ≥ threshold,n/a,n/a,n/a
18010,auto_pass,True,Jaccard ≥ threshold,n/a,n/a,n/a
18012,auto_pass,True,Jaccard ≥ threshold,n/a,n/a,n/a
18020,auto_pass,True,Jaccard ≥ threshold,n/a,n/a,n/a
18023,auto_pass,True,Jaccard ≥ threshold,n/a,n/a,n/a
18024,auto_pass,True,Jaccard ≥ threshold,n/a,n/a,n/a
18033,auto_pass,True,Jaccard ≥ threshold,n/a,n/a,n/a
18035,auto_pass,True,Jaccard ≥ threshold,n/a,n/a,n/a
18037,auto_pass,True,Jaccard ≥ threshold,n/a,n/a,n/a
18039,auto_pass,True,Jaccard ≥ threshold,n/a,n/a,n/a
18041,auto_pass,True,Jaccard ≥ threshold,n/a,n/a,n/a
18044,auto_pass,True,Jaccard ≥ threshold,n/a,n/a,n/a
18045,auto_pass,True,Jaccard ≥ threshold,n/a,n/a,n/a
18048,auto_pass,True,Jaccard ≥ threshold,n/a,n/a,n/a
18055,auto_pass,True,Jaccard ≥ threshold,n/a,n/a,n/a
18056,auto_pass,True,Jaccard ≥ threshold,n/a,n/a,n/a
18058,auto_pass,True,Jaccard ≥ threshold,n/a,n/a,n/a
18060,auto_pass,True,Jaccard ≥ threshold,n/a,n/a,n/a
18065,auto_pass,True,Jaccard ≥ threshold,n/a,n/a,n/a
18067,auto_pass,True,Jaccard ≥ threshold,n/a,n/a,n/a
18068,auto_pass,True,Jaccard ≥ threshold,n/a,n/a,n/a
18071,auto_pass,True,Jaccard ≥ threshold,n/a,n/a,n/a
18074,auto_pass,True,Jaccard ≥ threshold,n/a,n/a,n/a
18075,auto_pass,True,Jaccard ≥ threshold,n/a,n/a,n/a
18079,auto_pass,True,Jaccard ≥ threshold,n/a,n/a,n/a
18082,auto_pass,True,Jaccard ≥ threshold,n/a,n/a,n/a
18090,auto_pass,True,Jaccard ≥ threshold,n/a,n/a,n/a
18096,auto_pass,True,Jaccard ≥ threshold,n/a,n/a,n/a
18109,auto_pass,True,Jaccard ≥ threshold,n/a,n/a,n/a
18110,auto_pass,True,Jaccard ≥ threshold,n/a,n/a,n/a
18117,auto_pass,True,Jaccard ≥ threshold,n/a,n/a,n/a
18120,auto_pass,True,Jaccard ≥ threshold,n/a,n/a,n/a
18122,auto_pass,True,Jaccard ≥ threshold,n/a,n/a,n/a
18127,auto_pass,True,Jaccard ≥ threshold,n/a,n/a,n/a
18132,auto_pass,True,Jaccard ≥ threshold,n/a,n/a,n/a
18135,auto_pass,True,Jaccard ≥ threshold,n/a,n/a,n/a
18138,auto_pass,True,Jaccard ≥ threshold,n/a,n/a,n/a
18139,auto_pass,True,Jaccard ≥ threshold,n/a,n/a,n/a
18142,auto_pass,True,Jaccard ≥ threshold,n/a,n/a,n/a
18149,auto_pass,True,Jaccard ≥ threshold,n/a,n/a,n/a
18152,auto_pass,True,Jaccard ≥ threshold,n/a,n/a,n/a
18153,auto_pass,True,Jaccard ≥ threshold,n/a,n/a,n/a
18158,auto_pass,True,Jaccard ≥ threshold,n/a,n/a,n/a
18159,auto_pass,True,Jaccard ≥ threshold,n/a,n/a,n/a
18164,auto_pass,True,Jaccard ≥ threshold,n/a,n/a,n/a
18169,auto_pass,True,Jaccard ≥ threshold,n/a,n/a,n/a
18170,auto_pass,True,Jaccard ≥ threshold,n/a,n/a,n/a
18172,auto_pass,True,Jaccard ≥ threshold,n/a,n/a,n/a
18175,auto_pass,True,Jaccard ≥ threshold,n/a,n/a,n/a
18178,auto_pass,True,Jaccard ≥ threshold,n/a,n/a,n/a
18182,auto_pass,True,Jaccard ≥ threshold,n/a,n/a,n/a
18185,auto_pass,True,Jaccard ≥ threshold,n/a,n/a,n/a
18186,auto_pass,True,Jaccard ≥ threshold,n/a,n/a,n/a
18187,auto_pass,True,Jaccard ≥ threshold,n/a,n/a,n/a
18188,auto_pass,True,Jaccard ≥ threshold,n/a,n/a,n/a
18189,auto_pass,True,Jaccard ≥ threshold,n/a,n/a,n/a
18191,auto_pass,True,Jaccard ≥ threshold,n/a,n/a,n/a
18193,auto_pass,True,Jaccard ≥ threshold,n/a,n/a,n/a
18199,auto_pass,True,Jaccard ≥ threshold,n/a,n/a,n/a
18202,auto_pass,True,Jaccard ≥ threshold,n/a,n/a,n/a
18203,auto_pass,True,Jaccard ≥ threshold,n/a,n/a,n/a
18210,auto_pass,True,Jaccard ≥ threshold,n/a,n/a,n/a
18211,auto_pass,True,Jaccard ≥ threshold,n/a,n/a,n/a
18218,auto_pass,True,Jaccard ≥ threshold,n/a,n/a,n/a
18224,auto_pass,True,Jaccard ≥ threshold,n/a,n/a,n/a
18226,auto_pass,True,Jaccard ≥ threshold,n/a,n/a,n/a
18228,auto_pass,True,Jaccard ≥ threshold,n/a,n/a,n/a
18241,auto_pass,True,Jaccard ≥ threshold,n/a,n/a,n/a
18242,auto_pass,True,Jaccard ≥ threshold,n/a,n/a,n/a
18244,auto_pass,True,Jaccard ≥ threshold,n/a,n/a,n/a
18245,auto_pass,True,Jaccard ≥ threshold,n/a,n/a,n/a
18250,auto_pass,True,Jaccard ≥ threshold,n/a,n/a,n/a
18255,auto_pass,True,Jaccard ≥ threshold,n/a,n/a,n/a
18256,auto_pass,True,Jaccard ≥ threshold,n/a,n/a,n/a
18261,auto_pass,True,Jaccard ≥ threshold,n/a,n/a,n/a
18264,auto_pass,True,Jaccard ≥ threshold,n/a,n/a,n/a
18267,auto_pass,True,Jaccard ≥ threshold,n/a,n/a,n/a
18268,auto_pass,True,Jaccard ≥ threshold,n/a,n/a,n/a
18275,auto_pass,True,Jaccard ≥ threshold,n/a,n/a,n/a
18276,auto_pass,True,Jaccard ≥ threshold,n/a,n/a,n/a
18277,auto_pass,True,Jaccard ≥ threshold,n/a,n/a,n/a
18279,auto_pass,True,Jaccard ≥ threshold,n/a,n/a,n/a
18289,auto_pass,True,Jaccard ≥ threshold,n/a,n/a,n/a
18290,auto_pass,True,Jaccard ≥ threshold,n/a,n/a,n/a
18292,auto_pass,True,Jaccard ≥ threshold,n/a,n/a,n/a
18295,auto_pass,True,Jaccard ≥ threshold,n/a,n/a,n/a
18309,auto_pass,True,Jaccard ≥ threshold,n/a,n/a,n/a
18314,auto_pass,True,Jaccard ≥ threshold,n/a,n/a,n/a
18316,auto_pass,True,Jaccard ≥ threshold,n/a,n/a,n/a
18320,auto_pass,True,Jaccard ≥ threshold,n/a,n/a,n/a
18322,auto_pass,True,Jaccard ≥ threshold,n/a,n/a,n/a
18324,auto_pass,True,Jaccard ≥ threshold,n/a,n/a,n/a
18337,auto_pass,True,Jaccard ≥ threshold,n/a,n/a,n/a
18340,auto_pass,True,Jaccard ≥ threshold,n/a,n/a,n/a
18348,auto_pass,True,Jaccard ≥ threshold,n/a,n/a,n/a
18362,auto_pass,True,Jaccard ≥ threshold,n/a,n/a,n/a
18364,auto_pass,True,Jaccard ≥ threshold,n/a,n/a,n/a
18366,auto_pass,True,Jaccard ≥ threshold,n/a,n/a,n/a
18369,auto_pass,True,Jaccard ≥ threshold,n/a,n/a,n/a
18377,auto_pass,True,Jaccard ≥ threshold,n/a,n/a,n/a
18378,auto_pass,True,Jaccard ≥ threshold,n/a,n/a,n/a
18388,auto_pass,True,Jaccard ≥ threshold,n/a,n/a,n/a
18391,auto_pass,True,Jaccard ≥ threshold,n/a,n/a,n/a
18399,auto_pass,True,Jaccard ≥ threshold,n/a,n/a,n/a
18405,auto_pass,True,Jaccard ≥ threshold,n/a,n/a,n/a
18413,auto_pass,True,Jaccard ≥ threshold,n/a,n/a,n/a
18417,auto_pass,True,Jaccard ≥ threshold,n/a,n/a,n/a
18418,auto_pass,True,Jaccard ≥ threshold,n/a,n/a,n/a
18419,auto_pass,True,Jaccard ≥ threshold,n/a,n/a,n/a
18420,auto_pass,True,Jaccard ≥ threshold,n/a,n/a,n/a
18424,auto_pass,True,Jaccard ≥ threshold,n/a,n/a,n/a
18427,auto_pass,True,Jaccard ≥ threshold,n/a,n/a,n/a
18429,auto_pass,True,Jaccard ≥ threshold,n/a,n/a,n/a
18430,auto_pass,True,Jaccard ≥ threshold,n/a,n/a,n/a
18433,auto_pass,True,Jaccard ≥ threshold,n/a,n/a,n/a
18434,auto_pass,True,Jaccard ≥ threshold,n/a,n/a,n/a
18437,auto_pass,True,Jaccard ≥ threshold,n/a,n/a,n/a
18442,auto_pass,True,Jaccard ≥ threshold,n/a,n/a,n/a
18453,auto_pass,True,Jaccard ≥ threshold,n/a,n/a,n/a
18458,auto_pass,True,Jaccard ≥ threshold,n/a,n/a,n/a
18462,auto_pass,True,Jaccard ≥ threshold,n/a,n/a,n/a
18467,auto_pass,True,Jaccard ≥ threshold,n/a,n/a,n/a
18468,auto_pass,True,Jaccard ≥ threshold,n/a,n/a,n/a
18475,auto_pass,True,Jaccard ≥ threshold,n/a,n/a,n/a
18484,auto_pass,True,Jaccard ≥ threshold,n/a,n/a,n/a
18487,auto_pass,True,Jaccard ≥ threshold,n/a,n/a,n/a
18490,auto_pass,True,Jaccard ≥ threshold,n/a,n/a,n/a
18494,auto_pass,True,Jaccard ≥ threshold,n/a,n/a,n/a
18496,auto_pass,True,Jaccard ≥ threshold,n/a,n/a,n/a
18497,auto_pass,True,Jaccard ≥ threshold,n/a,n/a,n/a
18498,auto_pass,True,Jaccard ≥ threshold,n/a,n/a,n/a
