ensemble_cluster_id,cluster_size,min_cos,min_jac,size_ratio,n_brands,n_cats,confidence_score,likely_good
6,4,0.38225182371160926,0.2222222222222222,1.008888888888889,0,2,0.5718909932309014,False
7,4,0.740083847509934,0.6,1.0,1,2,0.8826549822661623,False
8,4,0.3872396992337889,0.18181818181818182,1.0,0,2,0.5571936373339615,False
9,4,0.46071026333775106,0.3333333333333333,1.0526315789473684,1,2,0.6518123350812585,False
10,4,0.7171620297341903,0.5,1.0,1,2,0.8311646794098911,False
11,3,0.7265978496606723,0.5,1.0,1,2,0.8352086022355264,False
13,4,0.10460143189977571,0.125,1.0,0,2,0.41238870890942764,False
14,4,0.7020197308821353,0.42857142857142855,1.0,1,2,0.7949132179971058,False
15,4,0.21396322896051806,0.2,1.0318181818181817,0,2,0.49050805050688867,False
16,4,0.6408407452963099,0.6,1.0,0,2,0.840122224174609,False
17,3,0.40993857938020695,0.6,1.0,1,2,0.7411641530677079,False
18,4,0.8703955203828584,0.8,1.0,1,2,0.9500000000000001,False
19,3,0.45732900792662307,0.6,1.0,1,2,0.7614743367304576,False
21,4,0.9581955283208538,1.0,1.0,1,2,0.9500000000000001,False
23,4,0.955143898928578,1.0,1.0,1,2,0.9500000000000001,False
25,4,0.7905807402663928,0.6666666666666666,1.0,1,2,0.9320742855109939,False
29,4,0.4873996822090589,0.5,1.1764705882352942,1,2,0.6526951018991205,False
30,4,0.4563817053850575,0.42857142857142855,1.135,1,2,0.609639778498358,False
33,4,0.6892291836349475,0.625,1.0,1,2,0.8712767929864061,False
36,4,0.8894216992896006,0.8333333333333334,1.0,1,2,0.9500000000000001,False
38,4,0.18906034556775483,0.16666666666666666,1.0748155953635405,1,2,0.46594649730681553,False
40,3,0.6116225963439894,0.375,1.0,1,2,0.7338501603379003,False
41,4,0.00332461553513379,0.0,1.135,1,2,0.32,False
42,4,0.48962328958549095,0.5,3.0,1,2,0.57364807648902,False
43,4,0.12438736855634605,0.25,7.5,1,2,0.3129517293812912,False
44,4,0.4413485866245937,0.25,1.0,1,2,0.6087922514105402,False
45,4,0.32909198420830016,0.2222222222222222,1.0,0,2,0.5491082048723404,False
48,4,0.02504909255010743,0.0,1.0,1,2,0.39999999999999997,False
50,4,0.7540817006445574,1.0,1.0,1,2,0.9303207288476675,False
51,4,0.08459286115544636,0.0,1.0666666666666667,0,2,0.39999999999999997,False
54,4,0.794111133431064,1.0,1.0,1,2,0.9474762000418847,False
59,4,0.693515872955922,0.42857142857142855,1.0,1,2,0.7912687074573,False
60,4,0.15294611136506914,0.14285714285714285,1.0,1,2,0.4405483334421725,False
61,3,0.8092615875841295,0.5,1.0,1,2,0.8666666666666668,False
63,4,0.015050719132141118,0.0,1.1,0,1,0.44999999999999996,False
64,4,0.5419015015270509,0.3,1.01931330472103,1,2,0.6727196911306409,False
66,4,0.9274902631519175,0.8,1.0,1,2,0.9500000000000001,False
67,4,0.5220705275146956,0.5,1.0,0,2,0.7475540356015363,False
71,4,0.6502609652251692,0.75,1.1,0,1,0.935826127953644,True
73,4,0.20547151066287547,0.1,1.0381818181818183,1,2,0.4452020759983752,False
74,4,0.6572316565394031,0.5714285714285714,1.1574074074074074,1,2,0.7552421385168872,False
75,3,0.7467160405460145,0.5,1.0,1,2,0.8438306840435301,False
79,4,0.5798836816545164,0.4444444444444444,1.106951871657754,1,2,0.6691829535133114,False
80,4,0.7024779657077697,0.42857142857142855,1.0285714285714285,1,2,0.795109604350949,False
82,4,0.49554487073595566,0.3333333333333333,1.0294117647058822,1,2,0.6667414525376318,False
83,4,0.19840188465469086,0.3333333333333333,1.5,1,2,0.379394458502804,False
84,4,0.8305690409059905,0.8333333333333334,1.0009624639076034,1,2,0.9500000000000001,False
85,4,0.7594218391195837,0.6666666666666666,1.0,1,2,0.9187204707337898,False
86,4,0.44501038518402214,0.2222222222222222,1.0773584905660378,1,2,0.5987875195762212,False
87,4,0.7026846414769155,0.5714285714285714,1.0,1,2,0.8547219892043924,False
88,4,0.6561544726828548,0.375,3.547169811320755,1,2,0.592935250197414,False
90,4,0.6817246007961083,0.375,1.0017543859649123,1,2,0.7638938765316655,False
94,4,0.4215488104926077,0.2,1.0,1,2,0.5794732997349271,False
95,4,0.8693920139019059,1.0,1.0170000000000001,1,2,0.9500000000000001,False
99,4,0.2627968403203988,0.2857142857142857,1.0,1,2,0.5471510268039805,False
101,4,0.7802847379853682,0.5714285714285714,1.0013648771610555,1,2,0.8879791734223007,False
103,4,0.09425362114300376,0.1,1.135,1,2,0.32,False
106,4,0.08636583503248159,0.125,1.0947368421052632,1,2,0.41041666666666665,False
107,4,0.006192570981746597,0.0,1.0,1,2,0.39999999999999997,False
108,4,0.27987231770608834,0.18181818181818182,1.0,1,2,0.5111790452506613,False
109,4,0.3302953137515193,0.2727272727272727,1.0,1,2,0.5706676885774911,False
110,4,0.3179252242230478,0.16666666666666666,1.0,1,2,0.5211743024447983,False
112,4,0.20058182965950427,0.2222222222222222,1.0625,1,2,0.49403242435142775,False
113,4,0.8542693069621129,0.8,1.0,1,2,0.9500000000000001,False
114,4,0.4609287005385656,0.3333333333333333,1.0381818181818183,1,2,0.6519059510244647,False
117,4,0.722715859884919,0.6666666666666666,1.0,1,2,0.9029893367760765,False
118,4,0.5359506984098036,0.5,1.1111111111111112,0,2,0.6735026802708682,False
121,4,0.9647382749693483,1.0,1.0,1,2,0.9500000000000001,False
122,4,0.12829538524465464,0.2857142857142857,1.0775862068965518,1,2,0.48950754605723296,False
124,4,0.18027071482279783,0.1111111111111111,1.0,1,2,0.4390313645536858,False
125,2,0.9455135149148856,0.75,1.0,1,1,1.0,True
127,4,0.59082265686904,0.16666666666666666,1.0025862068965516,1,2,0.6381303450073664,False
133,4,0.8519776351340997,1.0,1.0,1,2,0.9500000000000001,False
135,3,0.660751683410914,0.5714285714285714,1.0,1,2,0.8367507214618203,False
139,4,0.8349231565222458,0.6666666666666666,1.0277777777777777,1,2,0.9361111111111112,False
140,3,0.77658162528629,0.8333333333333334,1.0,1,2,0.9399635536941243,False
141,4,0.5033704554119708,0.16666666666666666,1.0,1,2,0.6006508300971939,False
142,2,0.9181377029175399,1.0,1.05,0,2,0.9500000000000001,False
143,2,0.9169482567509447,1.0,1.0,0,2,0.9500000000000001,False
144,3,0.0634745827260916,0.1,1.04,1,1,0.44999999999999996,False
145,2,0.9781232258289635,1.0,1.0,1,2,0.9500000000000001,False
148,4,0.5696709185638129,0.125,1.0,1,2,0.6117042031940151,False
149,4,0.6105471966711166,0.5,1.0,1,2,0.7854726080971454,False
151,3,0.772093628521913,0.5555555555555556,1.0,1,2,0.8778549413242062,False
152,4,0.639173959140515,0.375,1.0,1,2,0.745657887250697,False
154,3,0.1822038821121764,0.25,1.154,1,2,0.4177302351909327,False
159,4,0.45533217283529726,0.6,1.1428571428571428,1,2,0.6806185502627465,False
160,4,0.5622891423665757,0.3333333333333333,1.0,1,2,0.6953461403793262,False
161,4,0.5150751236350725,0.42857142857142855,1.0,1,2,0.7147941006055073,False
163,4,0.6356081315193578,0.625,1.0294117647058822,1,2,0.8482963420797248,False
164,4,0.7304422304090641,0.4444444444444444,1.0,1,2,0.8137080458366889,False
165,4,0.19364816086434652,0.2857142857142857,1.0666666666666667,0,2,0.5175158784656724,False
166,4,0.3451577989803234,0.2857142857142857,1.1764705882352942,1,2,0.5024485805153768,False
167,4,0.6857019938884608,0.6,1.0,1,2,0.8593484735712452,False
169,4,0.15466746437170031,0.09090909090909091,1.0,2,2,0.3184289133021573,False
170,4,0.09952875973889061,0.1,1.135,1,2,0.32,False
172,3,0.6803598155663415,0.5555555555555556,1.0769230769230769,0,2,0.8385404500575327,False
173,4,0.4002128829541491,0.3333333333333333,1.0,1,2,0.625884886345429,False
175,4,0.7772873980005619,0.7142857142857143,1.0,1,2,0.9402660277145266,False
177,2,0.930325938631013,1.0,1.0,1,2,0.9500000000000001,False
179,4,0.7844959078494038,0.6666666666666666,1.0010537407797682,1,2,0.929466500189427,False
180,4,0.7860943165358474,0.6666666666666666,1.0010537407797682,1,2,0.9301515324836173,False
183,4,0.6731488774713416,0.375,1.0,1,2,0.760218566535337,False
185,3,0.39732534687563054,0.3333333333333333,1.0,0,2,0.6246473708832068,False
186,3,0.45996154512422593,0.2222222222222222,1.044776119402985,1,2,0.6051951595505942,False
190,4,0.5814849731163454,0.6666666666666666,1.0,1,2,0.8424618138752592,False
192,4,0.7241396009846143,0.5714285714285714,1.0625,1,2,0.8639169718505492,False
193,4,0.24496218284979107,0.3333333333333333,1.08,1,2,0.5593488720149898,False
196,4,0.575885122258467,0.8,1.0030769230769232,1,2,0.8539507666822003,False
197,4,0.7317803338630062,0.8,1.0135135135135134,1,2,0.9207630002270027,False
198,4,0.39654944251117935,0.42857142857142855,1.1,1,2,0.6639973801238388,False
200,4,0.6211032151849917,0.5714285714285714,1.03168754605748,1,2,0.8197585207935679,False
201,3,0.7945292752492927,0.7142857142857143,1.0135135135135136,1,2,0.9476554036782684,False
202,4,0.5479320530168043,0.2,1.0,1,2,0.6336375465310115,False
204,4,0.5327145656186602,0.3333333333333333,1.0,1,1,0.7326713217730766,True
207,4,0.2234020528472277,0.125,1.136,2,2,0.27830326074404993,False
209,3,0.6585046822855315,0.625,1.0,1,1,0.9081091495509421,True
213,4,0.23191727851732755,0.0,1.0384615384615385,0,2,0.4565359765074261,False
215,4,0.5106688720944867,0.3,1.1333333333333333,1,2,0.5793342785166848,False
216,3,0.7699813889721927,0.42857142857142855,1.0,1,2,0.8240396428928446,False
217,4,0.08466785953832916,0.08333333333333333,1.05,1,3,0.39999999999999997,False
219,4,0.6467881650020235,0.6,1.015531660692951,1,2,0.8426711183342007,False
220,4,0.007383882329782681,0.0,3.8823529411764706,1,2,0.24,False
221,4,0.5819942756703561,0.2857142857142857,1.1111111111111112,2,2,0.49894992766824786,False
222,4,0.8150049858535824,0.8333333333333334,1.0,1,2,0.9500000000000001,False
225,4,0.3716991584482963,0.25,10.2,1,2,0.41894249647784126,False
226,4,0.3873419841863781,0.25,10.2,1,2,0.4256465646513049,False
227,3,0.0918375312001972,0.08333333333333333,1.3333333333333333,1,2,0.24,False
229,3,0.8717702863568827,0.7142857142857143,1.0,0,2,0.9500000000000001,False
232,4,0.5417104991926864,0.4,1.015625,1,2,0.7143044996540086,False
233,2,0.7596511767779117,0.5,1.0,1,2,0.8493743138572004,False
235,3,0.2917033827517376,0.14285714285714285,1.1047619047619048,1,2,0.4200157354650304,False
236,3,0.18107642222805526,0.16666666666666666,1.0,1,2,0.4625248158755157,False
237,4,0.006262212658396427,0.0,1.1363636363636365,2,1,0.265,False
241,4,0.3851308516468471,0.2222222222222222,1.0,1,2,0.5731248623460033,False
242,2,0.8086716020177775,1.0,1.0,0,2,0.9500000000000001,False
243,4,0.8019332834737015,0.6666666666666666,1.0,1,2,0.9361111111111112,False
244,4,0.14209417002126118,0.14285714285714285,1.05,1,2,0.43589750143768335,False
250,4,0.18378572944922517,0.14285714285714285,1.0,1,2,0.4537653126210965,False
251,4,0.4983072873376307,0.2222222222222222,1.0,0,2,0.6216290490706249,False
252,4,0.42266016910600857,0.3333333333333333,1.0,0,2,0.6355051518390831,False
253,3,0.7601799534979511,0.6666666666666666,1.0,0,2,0.9190453768959473,False
254,2,0.79214551755525,0.6666666666666666,1.0,0,1,0.9827449043490755,True
255,2,1.0000000000000002,1.0,1.0,0,1,1.0,True
256,4,0.5814761712249662,0.3333333333333333,1.0,1,2,0.7035691527472078,False
259,4,0.05165142358157018,0.09090909090909091,1.1111111111111112,0,2,0.32,False
260,4,0.5537492169223746,0.3333333333333333,1.0,0,3,0.6916861723318114,False
263,4,0.19908644471176273,0.0,1.1111111111111112,2,2,0.257465619162184,False
265,3,0.8100581209711932,1.0,1.0,0,2,0.9500000000000001,False
268,4,0.5063956582907939,0.25,1.1111111111111112,1,2,0.5566695678389117,False
269,3,0.6950526481010412,0.6,1.0144927536231885,1,2,0.8633558968052083,False
270,4,0.6826359718665879,0.5,1.02,1,2,0.8163677974666329,False
271,4,0.7600503520467335,0.75,1.0212765957446808,1,2,0.932878722305743,False
272,4,0.423242734122686,0.25,1.0017543859649123,1,2,0.6010326003382941,False
273,3,0.4343092825650021,0.42857142857142855,1.9921875,2,2,0.4151801687183342,False
275,2,0.6077536653541332,0.375,1.0017543859649123,1,2,0.7321920470565334,False
276,4,0.33095911696872493,0.25,1.0,1,2,0.5614824787008822,False
277,3,0.6094838917536762,0.4444444444444444,1.0,1,2,0.7618687578415227,False
278,3,0.7334922994067792,0.5714285714285714,1.0,1,2,0.867925271174334,False
279,4,0.8669247915154633,0.5,1.0,1,2,0.8666666666666668,False
280,3,0.5422258823359332,0.42857142857142855,1.0178571428571428,1,2,0.7264301400487333,False
281,2,0.9783947760585314,1.0,1.0,1,2,0.9500000000000001,False
282,3,0.6713759635680112,0.625,1.0,1,2,0.8636254129577192,False
283,4,0.24172215606278036,0.1111111111111111,1.0545454545454545,1,2,0.4653676965136783,False
284,3,0.6059360972667776,0.5714285714285714,1.0,1,2,0.8132583274000477,False
285,4,0.41233180187758406,0.2857142857142857,1.0542168674698795,1,2,0.611237438899917,False
286,4,0.43959194047823413,0.2857142857142857,1.09375,1,2,0.6229203554430528,False
287,3,0.5237072509252312,0.375,12.3,1,2,0.5361721551584325,False
289,4,0.21726351486376028,0.0,1.0714285714285714,0,2,0.4502557920844687,False
290,4,0.4402505314076559,0.2222222222222222,1.0,1,2,0.5967475822434928,False
291,4,0.7049721133211377,0.5714285714285714,1.0,1,3,0.8557023342804878,False
292,4,0.700200670749144,0.2222222222222222,1.0,1,2,0.7081547848184163,False
293,4,0.05060311662713437,0.0,1.08,0,2,0.39999999999999997,False
295,2,0.9042598386226184,0.6666666666666666,1.0,0,1,0.9861111111111112,True
296,4,0.3505156462821724,0.16666666666666666,1.0,0,2,0.5351416261844232,False
297,3,0.6578382338080377,0.4,1.0,0,2,0.7640735287748734,False
302,4,0.5884015312569352,0.14285714285714285,1.0,1,2,0.6271720848244009,False
303,4,0.6545385904302342,0.375,100.0,0,2,0.5922427292320053,False
304,2,0.9216586692965992,1.0,1.0,1,2,0.9500000000000001,False
305,4,0.44863509292391746,0.25,1.0,1,2,0.6119150398245361,False
306,4,0.8360601564094098,0.8,1.0,1,2,0.9500000000000001,False
307,4,0.2503253265847553,0.0,1.0,1,2,0.46442513996489515,False
308,4,0.8715728556693885,0.8333333333333334,1.0,0,2,0.9500000000000001,False
309,2,0.8550975206699555,0.8,1.0,1,2,0.9500000000000001,False
310,3,0.39924386288021346,0.25,1.0,0,2,0.5907473698058058,False
311,2,0.9383107332314377,1.0,1.0,1,2,0.9500000000000001,False
312,4,0.21677543047482123,0.16666666666666666,1.0571428571428572,0,2,0.4778243908384155,False
313,4,0.2820677184791966,0.2857142857142857,1.0,1,2,0.5554099745863224,False
314,3,0.5724652460042801,0.16666666666666666,1.0,1,2,0.6302628832081836,False
315,4,0.42994966499140896,0.14285714285714285,1.0,1,2,0.5592641421391753,False
316,3,0.3489056915592082,0.14285714285714285,1.0,1,2,0.5245310106682322,False
317,4,0.3114803103875223,0.0,1.0,1,2,0.4906344187375095,False
319,4,0.41465953441667686,0.2222222222222222,1.0,1,3,0.5857800121045018,False
320,4,0.4598356369026648,0.14285714285714285,1.0,1,2,0.5720724158154279,False
321,4,0.3291215226782764,0.1111111111111111,1.0,1,2,0.5028245679203196,False
322,4,0.4340355384696492,0.4,1.0,1,2,0.668158087915564,False
323,4,0.4512533026419382,0.5,1.0,1,2,0.7172037963703545,False
324,4,0.004757444291365522,0.0,1.1363636363636365,0,2,0.32,False
326,3,0.6205463659818732,0.6,1.0,1,2,0.8314246330398506,False
327,4,0.7221010105617861,0.6666666666666666,1.0,0,2,0.9027258299233053,False
328,4,0.5836939499479955,0.14285714285714285,1.0,0,2,0.6251545499777125,False
331,3,0.033267259959343036,0.0,1.1363636363636365,1,1,0.37,False
332,4,0.0,0.0,1.125,1,2,0.32,False
333,4,0.6300910718772972,0.375,1.0,0,2,0.7417652212807465,False
334,3,0.7144605700932849,0.6,1.0,0,2,0.8716735776590269,False
335,4,0.6134648971429207,0.6,1.0,0,2,0.8283897178231566,False
336,4,0.7741858900620433,0.75,1.0,1,2,0.9389368100265901,False
337,4,0.2022969913603206,0.2857142857142857,1.1428571428571428,1,2,0.441222520106804,False
338,4,0.8014246508941387,0.75,1.0,0,2,0.9500000000000001,False
339,3,0.7546908390420717,0.5,1.0,0,2,0.8472484548275546,False
340,4,0.7598739534071902,0.25,1.0,0,2,0.745303122888796,False
341,3,0.25448716740608546,0.16666666666666666,1.0,0,2,0.4939865638089573,False
342,4,0.4942678546449459,0.125,1.006269592476489,0,2,0.5793886043716435,False
343,2,0.9999999999999999,1.0,1.0,0,1,1.0,True
346,4,0.0,0.0,1.0,0,2,0.39999999999999997,False
348,4,0.3040907857158011,0.5,1.0606060606060606,0,1,0.7041341462591528,False
349,4,0.6022142716251263,0.5714285714285714,1.0606060606060606,0,1,0.8616632592679112,True
350,4,0.3239217526323023,0.5,1.0666666666666667,0,1,0.7126331320805105,False
351,4,0.4371762508266415,0.5,1.0666666666666667,0,1,0.7611707741637987,True
352,3,0.6635132919113377,0.8333333333333334,1.0606060606060606,0,1,0.9415056965334305,True
353,3,0.1467984267314193,0.1111111111111111,1.1363636363636365,0,1,0.3946860982288093,False
355,4,0.10360247096657761,0.14285714285714285,1.0606060606060606,0,1,0.4694010589856761,False
356,3,0.11064987039165934,0.16666666666666666,1.0303030303030303,0,1,0.48234200794563176,False
358,4,0.0,0.0,1.1111111111111112,0,1,0.37,False
359,4,0.15699315930633714,0.2,1.0416666666666667,0,1,0.5160923063693826,False
360,4,0.0,0.0,1.0,1,2,0.39999999999999997,False
361,3,0.3527897842530563,0.14285714285714285,1.0,0,1,0.5761956218227384,False
364,4,0.014453672064643612,0.0,1.0,1,2,0.39999999999999997,False
365,4,0.6772278965853058,0.6666666666666666,1.0,0,1,0.9334944953619564,True
367,4,0.37031024914752847,0.2,1.1111111111111112,0,1,0.5275139163013217,False
370,4,0.70300937074451,0.5,1.0,0,1,0.8750992541285996,True
372,4,0.6862579259144003,0.42857142857142855,1.0,0,1,0.8381581587252191,True
375,4,0.3870299534110391,0.4,1.1666666666666667,0,2,0.5680128371761597,False
376,3,0.6737454384067171,0.5,1.1666666666666667,0,2,0.7325575688409741,False
377,4,0.8128535614161271,0.6666666666666666,1.0,0,1,0.9861111111111112,True
382,4,0.0,0.0,1.02,0,1,0.44999999999999996,False
383,4,0.46454655304953724,0.25,1.1333333333333333,0,2,0.5387342370212302,False
384,4,0.5383660368822373,0.25,1.0,0,1,0.7003711586638159,True
385,4,0.22028888847311393,0.18181818181818182,1.0,0,2,0.4856432898651008,False
389,4,0.1426198924743604,0.14285714285714285,1.1764705882352942,0,1,0.4061228110604401,False
391,4,0.4060289985970459,0.25,1.0,0,1,0.6436552851130197,True
392,4,0.1348431288146896,0.14285714285714285,1.0,0,1,0.4827899123491527,False
393,3,0.6131870030948172,0.5,1.0833333333333333,0,1,0.8366039537073027,True
394,4,0.2033271486569666,0.16666666666666666,1.0,0,1,0.5220608414879063,False
396,4,0.3004448895150076,0.14285714285714285,1.0,0,1,0.5537620955064319,False
399,4,0.4046113070913746,0.14285714285714285,1.0,0,1,0.5984048458963034,False
400,4,0.2554425233701665,0.2,1.0,0,1,0.5582848909681666,False
402,4,0.49062859170425493,0.3333333333333333,1.0,0,1,0.71463447580976,True
408,4,0.2712999161557417,0.14285714285714285,1.0,0,1,0.541271392638175,False
411,4,0.495747289676209,0.4,1.125,0,1,0.6646059812898039,True
412,4,0.5327532835368656,0.5,1.1666666666666667,0,1,0.7221323596110376,True
414,4,0.5028554067308272,0.2857142857142857,1.1323529411764706,0,1,0.6200332695513069,True
416,4,0.3334419997408482,0.2857142857142857,1.0,1,2,0.5774275236984588,False
418,4,0.41111866156463206,0.3333333333333333,1.0,0,1,0.6805587914642074,True
422,3,0.06507218892979753,0.125,1.1627906976744187,1,1,0.3804166666666666,False
423,4,0.6066817306471473,0.6,1.1333333333333333,0,2,0.7454826464678251,False
425,4,0.4853414351411338,0.25,1.0,0,2,0.6276463293462002,False
426,4,0.5877210530232109,0.25,1.0,0,1,0.721523308438519,True
428,2,0.847853017418136,1.0,1.0,0,1,1.0,True
429,4,0.363694793063523,0.16666666666666666,1.0,0,2,0.5407898319478591,False
430,2,0.48403774201556227,0.5,1.1333333333333333,0,1,0.7012542703876219,True
431,4,0.0,0.0,1.04,0,1,0.44999999999999996,False
433,4,0.1030129987412971,0.0,1.0666666666666667,0,1,0.4512912851748416,False
435,4,0.19707751997044695,0.0,1.1111111111111112,0,1,0.41160465141590585,False
438,4,0.20721272542980948,0.14285714285714285,1.1,0,3,0.4638054537556326,False
440,4,0.28588428171850144,0.16666666666666666,1.1,0,3,0.5074424699428499,False
441,3,0.7203007195960526,0.5,1.0,0,1,0.8825098322078322,True
444,4,0.6374146112711914,0.625,1.02803738317757,1,2,0.8490705476876536,False
445,3,0.3566655784544195,0.25,1.0,0,1,0.6224995336233227,False
446,4,0.5910219051722001,0.3333333333333333,1.0907504363001745,0,1,0.7576601815817365,True
447,4,0.17504437601981976,0.16666666666666666,3.08,0,1,0.3499396532148434,False
448,3,0.630364912067771,0.5,1.0,0,1,0.8439659146957115,True
449,4,0.2539772679330686,0.2,1.0,0,1,0.5576569243522674,False
450,3,0.00423781688172271,0.0,1.0526315789473684,0,1,0.44999999999999996,False
451,4,0.40803207662313296,0.5,1.0,0,1,0.7486804137908665,True
452,4,0.39981441137909635,0.4,1.0,0,1,0.7034918905910413,False
455,4,0.40467804691243126,0.25,1.0,0,1,0.6430763058196134,True
456,4,0.07754044454347012,0.0,1.0866666666666667,0,2,0.39999999999999997,False
457,4,0.674316355509082,0.4,1.0,0,1,0.8211355809324639,True
458,3,0.272962139186206,0.2,1.171875,0,1,0.4857932977464692,False
462,4,0.47443704632538575,0.2,1.0,1,1,0.6521396865204034,False
467,3,0.33155980327233353,0.16666666666666666,1.0833333333333333,0,1,0.5770176934659207,False
474,3,0.4963533028913249,0.25,1.1428571428571428,0,1,0.6023657012391392,True
475,3,1.0000000000000007,1.0,1.0,1,2,0.9500000000000001,False
476,4,0.9279187034044332,1.0,1.0,1,1,1.0,True
477,4,0.764068121780459,0.5,1.0,0,1,0.9012672902868635,True
478,4,0.3275177858832025,0.25,1.0,0,2,0.5600076225213726,False
479,4,0.4361562899865503,0.25,1.0,0,1,0.6565669814228073,True
481,2,0.5112186566411312,0.6,1.0,0,1,0.8345699004652467,True
485,4,0.08565544675119215,0.1111111111111111,1.0,0,1,0.4546296296296296,False
486,4,0.8379074558082649,1.0,1.0,1,2,0.9500000000000001,False
488,4,0.7477262660527442,0.6666666666666666,1.0126582278481013,1,1,0.9637080822765729,True
489,4,0.27622908461682233,0.25,1.0,2,1,0.4830267505500667,False
491,4,0.4320496101007379,0.2727272727272727,1.0166666666666666,0,1,0.6642766727271561,True
493,4,0.47607764992407947,0.16666666666666666,1.0,1,2,0.5889539134595262,False
494,4,0.27842247545248694,0.25,1.1111111111111112,0,1,0.508966775193923,False
497,4,0.23724385735103629,0.16666666666666666,1.0169491525423728,0,2,0.48659657378536475,False
501,3,0.2790253096148027,0.2,1.0,0,1,0.568391799358725,False
502,4,0.7370777638510129,0.6666666666666666,1.0,1,2,0.909144438475831,False
504,2,0.5030073471886216,0.25,1.0,0,1,0.6852174345094093,True
505,4,0.7945104619987913,0.5,1.0,1,2,0.8643140075232917,False
506,4,0.08895335124168031,0.125,1.0,0,1,0.4604166666666667,False
507,3,0.5763115471659909,0.3333333333333333,1.0,1,2,0.7013557424362183,False
509,4,0.16852120817427477,0.1111111111111111,1.1363636363636365,2,2,0.2489958617043188,False
510,3,0.8156987739977802,0.6,1.0,1,2,0.9083333333333333,False
511,3,0.5066114956442568,0.6666666666666666,1.0,0,2,0.8103731806729355,False
515,4,0.7304691922871487,0.6,1.0,1,2,0.8785344157421114,False
516,4,0.8385421866687671,0.6,1.0,1,2,0.9083333333333333,False
517,4,0.006042061139383678,0.0,1.1363636363636365,1,2,0.32,False
519,4,0.5121769981598362,0.375,1.0126582278481013,1,1,0.7412306182589774,True
520,4,0.8552459140305505,0.6666666666666666,1.0,1,2,0.9361111111111112,False
522,4,0.3550649560890502,0.2857142857142857,6.6,1,3,0.42669450499054534,False
523,4,0.5224451933744093,0.3,1.0,1,2,0.6643812733509374,False
524,4,0.7168902931321639,0.375,1.032,1,2,0.7789648875328322,False
525,4,0.9368616811401759,1.0,1.0,1,2,0.9500000000000001,False
526,4,0.6346446768435965,0.5,1.0,1,3,0.7958000995996367,False
528,4,0.44500130907506114,0.4,1.0,1,2,0.672857703889312,False
530,3,0.8632282172617081,0.8,1.0,1,2,0.9500000000000001,False
531,4,0.910030688216288,1.0,1.0,1,2,0.9500000000000001,False
532,4,0.5575376345412955,0.5,1.0,1,2,0.762754224327222,False
533,2,1.0000000000000004,1.0,1.0,1,2,0.9500000000000001,False
534,3,0.9328822095465563,1.0,1.0,1,2,0.9500000000000001,False
539,2,0.7448583388094048,1.0,1.0,0,2,0.926367859489745,False
542,4,0.2855822998160317,0.0,1.0,0,1,0.5295352713497279,False
547,4,0.08765335685537148,0.125,1.1764705882352942,2,1,0.27541666666666664,False
548,4,0.607781724542498,0.5,1.0,1,2,0.7842874057563088,False
549,4,0.10016810129436869,0.1,1.9444444444444444,1,1,0.2900720434118723,False
550,3,0.6940287950999731,0.5,1.0,1,2,0.8212504359952267,False
553,3,0.9524963331810233,1.0,1.0,1,2,0.9500000000000001,False
554,2,0.9451351376995274,1.0,1.025,1,2,0.9500000000000001,False
555,3,0.698023290306109,0.42857142857142855,1.0,1,2,0.7932004577502373,False
557,3,0.6858977626853722,0.6,1.0,0,2,0.8594323744842073,False
558,4,0.817452961747705,0.6666666666666666,1.0,1,2,0.9361111111111112,False
560,3,0.5755575311899946,0.5714285714285714,1.0,1,2,0.8002389419385693,False
562,4,0.5861699145758059,0.2857142857142857,1.0,2,2,0.580739487199155,False
563,4,0.5577630005623296,0.375,1.0,1,1,0.7607674764314747,True
565,4,0.7110009731069881,0.4444444444444444,1.0,0,2,0.8053760784215135,False
566,3,0.242801001561419,0.2222222222222222,1.0,0,2,0.5121263551665342,False
567,4,0.6030745572490884,0.3333333333333333,1.0,0,2,0.7128256039004031,False
568,4,0.9313126372281452,1.0,1.032258064516129,1,1,1.0,True
569,4,0.1531422597334254,0.0,1.1515151515151516,1,2,0.342775254171468,False
571,3,0.6474955934482968,0.45454545454545453,1.0,0,2,0.7823682413479714,False
573,4,0.5534344128977587,0.2857142857142857,1.0606060606060606,1,1,0.7217099864799918,True
574,4,0.1045426086135376,0.16666666666666666,1.01,1,1,0.4797246100407224,False
575,4,0.06573149297569196,0.0,1.0125,1,2,0.39999999999999997,False
576,3,0.1497553477210338,0.125,1.0,0,2,0.4317403871185383,False
579,2,0.8775664259747434,0.7142857142857143,1.0,1,2,0.9500000000000001,False
582,4,0.28481927140806157,0.3333333333333333,1.1538461538461537,0,1,0.5464304813971057,False
590,4,0.14352454870180725,0.2,1.1428571428571428,0,1,0.4303200446817269,False
591,2,0.6971523120509225,0.6,1.0,0,1,0.9142557527837287,True
592,4,0.5175293064953135,0.3333333333333333,1.021021021021021,1,1,0.7261633535773565,True
594,4,0.8274190616698478,0.8333333333333334,1.0,0,1,1.0,True
595,4,0.12316729719309778,0.1111111111111111,1.1542901115813775,0,1,0.3845584712838144,False
596,2,0.852188572620524,0.5,1.004821600771456,1,1,0.9166666666666667,True
597,3,0.41959510023220753,0.18181818181818182,1.0,2,1,0.5160602377618552,False
598,4,0.2429488318166148,0.3333333333333333,1.04,0,1,0.6084860072864857,False
599,2,0.6812112526572188,0.625,1.0,1,1,0.9178405368530937,True
600,3,0.29841449445839024,0.25,1.1111111111111112,0,1,0.51753478333931,False
601,4,0.5870633637928785,0.375,1.0,1,1,0.7733247749588528,True
603,4,0.3462092252564517,0.3333333333333333,1.1520737327188941,0,1,0.5727404616178443,False
607,4,0.29007246907239304,0.125,1.1458333333333333,1,2,0.41187629626912076,False
610,4,0.7897332028998153,0.8,1.0,1,2,0.9455999440999209,False
611,4,0.3289772290034449,0.42857142857142855,1.0106382978723405,0,1,0.6850378600490954,False
612,3,0.35277685122477787,0.15384615384615385,1.15,2,2,0.3457688336750879,False
613,3,0.7534308489351772,0.5714285714285714,1.0,1,1,0.9264703638293617,True
614,3,0.09774018310324706,0.1,1.0733333333333333,0,1,0.44999999999999996,False
615,4,0.6451816148511595,0.6666666666666666,1.0357142857142858,0,1,0.9197603746187509,True
616,2,0.6205220846079506,0.4444444444444444,1.0,1,1,0.816599411921926,True
618,4,0.9041132854504845,1.0,1.0,1,2,0.9500000000000001,False
619,4,0.20280084965313208,0.16666666666666666,1.04,1,1,0.5218352847719773,False
620,2,0.6672053201909408,0.5,1.0,1,1,0.8597546610342128,True
621,3,0.6883459604839692,0.375,1.0,0,1,0.8167316021121773,True
622,4,0.4672818222833343,0.2857142857142857,1.1538461538461537,1,1,0.6047874476452385,True
623,4,0.20621345654462234,0.2222222222222222,1.0,0,1,0.5464459787307641,False
625,2,0.8890578256861978,0.7142857142857143,1.0588235294117647,0,2,0.9500000000000001,False
626,3,0.36126863115960983,0.5,1.0,0,1,0.7286389371636424,False
629,3,0.2016362833020039,0.18181818181818182,4.0,0,1,0.36764931622033936,False
630,2,0.7334534370928187,0.7142857142857143,1.0,1,1,0.9714800444683509,True
634,4,0.5047475179496126,0.5,1.08,1,1,0.790129888645072,True
635,4,0.6818182947210095,0.5,1.0,0,1,0.8660173644042422,True
636,4,0.0366342221919099,0.0,1.1235955056179776,1,2,0.32,False
637,4,0.5218385666670251,0.2222222222222222,1.0,1,2,0.6317138830689367,False
638,4,0.7863359445657879,0.6666666666666666,1.0135135135135136,1,1,0.9802550873535916,True
639,3,0.6591098953016151,0.42857142857142855,1.021180030257186,1,1,0.826523288462597,True
640,4,0.5637157673200041,0.2857142857142857,1.0,1,2,0.6761162812323828,False
644,2,0.945877866589548,1.0,1.0,1,1,1.0,True
645,4,0.4927572180142679,0.5,1.16,1,1,0.7049911886727814,True
646,4,0.512590315805902,0.2857142857142857,1.0769230769230769,1,2,0.6542053734406247,False
648,4,0.6533726394668445,0.6666666666666666,1.0196078431372548,0,1,0.9232708137397587,True
649,4,0.7216712753703869,0.75,1.0,0,1,0.9664305465873086,True
650,4,0.6560074864902745,0.5,1.0,1,1,0.8549555894482129,True
651,4,0.6583410340916793,0.6666666666666666,1.0010373443983402,1,1,0.9254001257218308,True
652,4,0.80239105888748,0.6666666666666666,1.0044117647058823,1,1,0.9861111111111112,True
653,3,0.6470047456487258,0.4,1.0,0,1,0.8094306052780254,True
655,3,0.17388858789876335,0.16666666666666666,1.0,0,1,0.5094443154486763,False
656,3,0.6924876943271917,1.0,1.0,1,2,0.9039232975687964,False
658,4,0.929161497105158,1.0,1.0,1,1,1.0,True
659,2,0.6349869543934229,0.6,1.0285714285714285,1,1,0.8876134566448004,True
660,4,0.8938071511834367,1.0,1.0256410256410255,1,1,1.0,True
661,4,0.9264032653924547,1.0,1.0,1,1,1.0,True
663,4,0.6559367989657157,0.5,1.0,1,1,0.8549252947948305,True
665,4,0.8387037429963088,0.8,1.0,1,2,0.9500000000000001,False
666,4,0.9193983029547916,1.0,1.0,1,1,1.0,True
667,4,0.6284525798347582,0.5,1.0196078431372548,1,1,0.8431463437387059,True
668,3,0.9092579492019613,1.0,1.0256410256410255,1,1,1.0,True
670,4,0.9245337459673146,1.0,1.0,1,1,1.0,True
671,4,0.08409845060848772,0.14285714285714285,1.1764705882352942,1,1,0.3878571428571428,False
672,4,0.08663335071647388,0.0,1.1111111111111112,1,1,0.37,False
673,4,0.5606168490132349,0.5,1.0256410256410255,1,1,0.8140738876723388,True
674,4,0.8569896218329003,1.0,1.0,1,1,1.0,True
675,3,0.9306832734472897,1.0,1.0,1,2,0.9500000000000001,False
676,4,0.9390917823718954,1.0,1.0,1,1,1.0,True
677,4,0.6057134803325547,0.2857142857142857,1.0,1,1,0.7441153010949043,True
678,2,0.9377108277492606,1.0,1.0,1,1,1.0,True
679,4,0.6310564802617231,0.375,1.075,1,2,0.7421789677312148,False
680,3,0.731912659784287,0.2857142857142857,1.0,0,1,0.7982006637170753,True
682,4,0.7310429892599631,0.75,1.0119047619047619,1,1,0.9704469953971271,True
683,4,0.017420044448636395,0.0,1.1111111111111112,1,2,0.32,False
685,4,0.5213015652566853,0.3333333333333333,1.048780487804878,1,1,0.7277800359036587,True
687,3,0.17201375685978745,0.2222222222222222,1.05,1,1,0.5317889645801205,False
688,4,0.8142252274328479,0.6666666666666666,1.011764705882353,1,1,0.9861111111111112,True
689,3,0.9999999999999992,1.0,1.0,1,1,1.0,True
690,4,0.0,0.0,1.1764705882352942,1,1,0.37,False
692,4,0.0,0.0,1.0769230769230769,0,3,0.39999999999999997,False
693,3,0.8143005296466208,0.5714285714285714,1.0140845070422535,0,2,0.8964285714285715,False
695,3,0.7947617249166764,0.5714285714285714,1.0140845070422535,0,2,0.8941835963928614,False
696,3,0.3495281056899256,0.2222222222222222,1.056338028169014,0,2,0.5578665426501798,False
697,3,0.6083329603232185,0.4444444444444444,1.021180030257186,1,1,0.8113755015141837,True
699,3,0.9077215564742696,1.0,1.0,1,2,0.9500000000000001,False
701,4,0.42629766681374953,0.25,1.0,1,2,0.6023418572058927,False
702,4,0.5469032061720858,0.6666666666666666,1.0,1,2,0.8276410566134337,False
703,4,0.7388703614866436,0.8,1.0285714285714285,1,2,0.923801583494276,False
704,3,0.8271833122965698,1.0,1.0,1,2,0.9500000000000001,False
705,4,0.742332406911264,1.0,1.0,1,2,0.9252853172476846,False
707,4,0.7530652413524496,0.75,1.0,1,1,0.9798851034367642,True
708,3,0.8571787348139936,0.6666666666666666,1.0,0,2,0.9361111111111112,False
710,4,0.0,0.0,1.0330578512396695,1,2,0.39999999999999997,False
711,4,0.8701995144736708,1.0,1.0,1,2,0.9500000000000001,False
712,3,0.07158992325628319,0.09090909090909091,10.0,0,1,0.29000000000000004,False
713,4,0.1735868011672386,0.125,1.0729613733905579,1,2,0.44195386716691176,False
715,3,0.3098838851495402,0.25,1.0,1,1,0.60245023649266,False
716,3,0.8499553909236005,0.75,1.0,0,2,0.9500000000000001,False
719,4,0.0,0.0,1.13125,1,1,0.37,False
721,3,0.5500263230182637,0.4444444444444444,1.037037037037037,1,1,0.786386942669203,True
722,3,0.5622221092609322,0.4,1.0,1,2,0.7230951896832568,False
724,3,0.3116654573103658,0.2857142857142857,1.953125,0,1,0.45809471979968064,False
726,4,0.12613057231233848,0.125,1.0714285714285714,0,2,0.4216154833719546,False
728,3,0.9160637595745452,1.0,1.0,1,2,0.9500000000000001,False
730,2,0.8426758145702635,0.6666666666666666,1.0,1,1,0.9861111111111112,True
733,4,0.24362745339758568,0.25,1.0,1,2,0.5240546228846796,False
735,2,0.9103826573551708,1.0,1.0,1,2,0.9500000000000001,False
736,4,0.21965935805718112,0.08333333333333333,1.0588235294117647,1,2,0.45128258202450616,False
737,4,0.7801978455078196,0.6666666666666666,1.0,1,2,0.9276244734716054,False
741,4,0.3181658275393302,0.2,1.0588235294117647,1,2,0.5351663070406654,False
742,4,0.7450043823014963,0.5,1.0,1,2,0.8430971162244509,False
743,2,1.0,1.0,1.0,1,2,0.9500000000000001,False
744,4,0.1430242003518818,0.16666666666666666,1.0,1,2,0.4462167207857271,False
745,2,0.9999999999999992,1.0,1.0,0,2,0.9500000000000001,False
748,4,0.3714541888123739,0.3,1.0666666666666667,1,2,0.5996708428243508,False
752,3,0.10380058603443146,0.25,4.0,1,2,0.3041288225861849,False
753,4,0.8425341589514321,0.6666666666666666,1.0,1,2,0.9361111111111112,False
754,3,0.8752863705107965,1.0,1.0,1,2,0.9500000000000001,False
758,3,0.9587794821766475,1.0,1.0,1,2,0.9500000000000001,False
761,4,0.0,0.0,1.0,1,2,0.39999999999999997,False
766,3,0.6711656843446886,0.5714285714285714,1.0,1,3,0.8412138647191524,False
768,2,0.8985830224892362,0.75,1.0,1,2,0.9500000000000001,False
770,2,0.8811617593464758,0.8333333333333334,1.0,1,2,0.9500000000000001,False
771,2,1.0,1.0,1.0,1,2,0.9500000000000001,False
773,3,0.17774679842555238,0.3333333333333333,1.0,0,1,0.580542278690316,False
776,3,0.8870785859597977,0.8333333333333334,1.0,1,2,0.9500000000000001,False
777,3,0.8732949751717916,0.7142857142857143,1.0,1,2,0.9500000000000001,False
779,2,0.9513353175013857,0.8333333333333334,1.0,1,2,0.9500000000000001,False
782,4,0.988311500065901,1.0,1.0,1,2,0.9500000000000001,False
783,4,0.6493999584085395,0.4444444444444444,1.0,1,2,0.7789756435507499,False
784,4,0.12099572654497952,0.1,10.714285714285714,1,3,0.24899816851927692,False
785,3,0.8098249225124512,0.3333333333333333,1.0,0,2,0.7972222222222223,False
786,4,0.19906178866930144,0.1111111111111111,1.0,0,2,0.44708468191647305,False
787,4,0.48838544525411354,0.14285714285714285,1.0,1,2,0.5843080479660487,False
788,4,0.15961048126216507,0.16666666666666666,1.0,1,2,0.4533251268901342,False
789,4,0.5115655119127177,0.42857142857142855,1.0,2,2,0.6082899812959267,False
791,4,0.528838347724547,0.2222222222222222,1.0,1,2,0.6347137892364462,False
792,3,0.9318067519818448,1.0,1.0,1,2,0.9500000000000001,False
794,2,0.9024333046031126,0.6,1.0,1,1,0.9583333333333333,True
796,4,0.4338500952618213,0.3333333333333333,1.0643,0,2,0.6403008344772886,False
798,2,0.514750866472372,0.5555555555555556,1.0312000000000001,0,1,0.8175651861601172,True
799,4,0.7809190502199531,0.6666666666666666,1.0,1,1,0.9779335612053768,True
801,3,0.3516141274765427,0.3333333333333333,1.0,0,1,0.6550568482835977,False
802,2,0.8122576160038328,0.8333333333333334,1.0,1,2,0.9500000000000001,False
803,4,0.8182347550420848,0.6,1.0,1,2,0.9083333333333333,False
805,4,0.7003638936267785,0.5714285714285714,1.0140845070422535,1,2,0.8537273829829052,False
808,3,0.7618372974835481,0.5555555555555556,1.0,0,2,0.8734593708791928,False
811,4,0.6673384605875636,0.6666666666666666,1.010074074074074,1,2,0.8792561656486385,False
813,3,0.4439236594132747,0.2857142857142857,1.0,1,2,0.624776806415213,False
814,4,0.8162985530151473,0.8,1.0288148148148148,0,2,0.9500000000000001,False
815,4,0.8626589460412516,0.8,1.0,1,2,0.9500000000000001,False
817,3,0.08509535749458563,0.09090909090909091,1.0,0,1,0.44999999999999996,False
818,4,0.7149031350056515,0.6,1.0,1,1,0.9218632483357554,True
821,4,0.5523231520963727,0.6,1.016470588235294,0,2,0.8021861128032074,False
822,4,0.27991669125762125,0.2222222222222222,1.051111111111111,1,1,0.5780330793220493,False
824,4,0.5978096572098766,0.5,1.0,0,2,0.7800136626137567,False
825,4,0.524850279973169,0.6,1.016470588235294,0,2,0.790412024750406,False
829,3,0.37773960667952555,0.2222222222222222,1.1,2,1,0.5149571859314369,False
830,2,0.8108299646244108,0.8333333333333334,1.0,1,1,1.0,True
833,3,0.26025668289553655,0.3333333333333333,1.1111111111111112,2,2,0.3809036577488807,False
836,3,0.9369145050970933,1.0,1.0,1,1,1.0,True
837,2,0.8645213568303232,0.8571428571428571,1.0,0,1,1.0,True
838,3,0.6913115588317863,0.5714285714285714,1.0,0,1,0.8998478109279084,True
840,3,0.41879763897284894,0.5,1.0588235294117647,2,2,0.5982942262264591,False
841,3,0.9708961759304017,1.0,1.0,0,2,0.9500000000000001,False
842,2,0.6321522522342862,0.5,1.0643,0,1,0.8447319176242178,True
843,3,0.9708832131231351,1.0,1.0,0,2,0.9500000000000001,False
844,4,0.6741058567713157,0.625,1.0222335803731153,1,1,0.9147953671877067,True
845,4,0.8678525851367765,0.6666666666666666,1.0,0,1,0.9861111111111112,True
848,3,0.2543512018621844,0.3333333333333333,1.0,0,1,0.6133727373060155,False
849,3,0.164577291894482,0.2,1.0,2,1,0.414342648907159,False
851,4,0.2262950593153028,0.25,1.0570824524312896,0,1,0.5666264539922726,False
852,4,0.33321513072931386,0.2,1.0833333333333333,1,2,0.5416160084078012,False
855,3,0.8460147721506925,0.7142857142857143,6.0,1,1,0.8400000000000001,False
856,3,0.8876416342397144,0.7142857142857143,1.0,1,2,0.9500000000000001,False
858,2,0.8327226600070866,0.75,1.0,1,1,1.0,True
860,4,0.19277346006639942,0.2,1.0570824524312896,0,1,0.5314267209808379,False
861,3,0.20656952195153314,0.125,1.0,1,1,0.5060893189316095,False
864,3,0.6142990685176997,0.75,1.04,1,2,0.8704138865075857,False
865,3,0.30996039505056305,0.14285714285714285,1.0,1,1,0.5578401693073841,False
866,4,0.24318569628770959,0.14285714285714285,1.0,0,2,0.47922244126616126,False
867,4,0.46613467540795933,0.42857142857142855,1.0570824524312896,0,1,0.7438196227938872,True
872,4,0.7888281450298756,1.0,1.010074074074074,1,2,0.9452120621556611,False
874,4,0.3776828478817384,0.42857142857142855,1.0570824524312896,0,1,0.7059116967112211,False
875,2,0.5292643590545532,0.5,1.0,0,1,0.8006371062614752,True
876,4,0.5347833656474972,0.4,1.0666666666666667,1,1,0.7613357281346418,True
878,4,0.6043369698557715,0.5,1.010074074074074,1,3,0.7828110823191402,False
879,4,0.3116653136231233,0.4,1.0570824524312896,0,1,0.6657137058384814,False
880,4,0.6001569532875315,0.5,1.010074074074074,1,2,0.7810196466470375,False
881,3,0.9049073646757436,1.0,1.0,1,1,1.0,True
882,3,0.7053294042935868,0.6,1.0570824524312896,0,2,0.8677602208877279,False
883,4,0.22661242520404007,0.2857142857142857,1.0843373493975903,0,2,0.531643420325541,False
886,4,0.5106640632244155,0.5,1.0,0,1,0.7926655509057019,True
894,2,0.732988557837501,0.7142857142857143,1.0338366107389778,1,1,0.971280810501786,True
897,2,0.8356317132087552,1.0,1.0,1,1,1.0,True
898,3,0.47382828108375147,0.42857142857142855,1.0570824524312896,0,1,0.7471168823692268,True
901,4,0.2617853100088369,0.3,1.1428571428571428,0,2,0.47266989476569204,False
902,4,0.24149900944826513,0.2857142857142857,1.1111111111111112,1,2,0.45802338500163736,False
903,3,0.8662350591257552,0.8,1.0,1,1,1.0,True
906,4,0.7010605036603121,0.5714285714285714,1.0044444444444445,0,2,0.854025930140134,False
908,3,0.5393302572785816,0.3,1.0666666666666667,1,1,0.7216177293098683,True
909,4,0.38629518708197835,0.375,1.0044444444444445,0,2,0.6372812706541813,False
910,2,0.9462013407040426,1.0,1.0,1,1,1.0,True
911,3,0.15265044227942276,0.16666666666666666,1.0666666666666667,1,2,0.4503422530403875,False
914,4,0.5486520807541356,0.4,1.0294117647058822,0,2,0.717279463180344,False
915,4,0.7832631757665036,1.0,1.0,0,2,0.9428270753285016,False
916,4,0.8398114057226214,0.6666666666666666,1.0,1,2,0.9361111111111112,False
917,4,0.6709035309879283,0.5555555555555556,1.0,1,1,0.8844877566667841,True
918,3,0.7157403422739744,0.6666666666666666,1.0338366107389778,1,1,0.9499998292285288,True
920,4,0.2313677777400546,0.16666666666666666,1.1428571428571428,1,1,0.4540782539520869,False
921,4,0.8447387887824251,1.0,1.0,0,2,0.9500000000000001,False
922,2,0.8058549989282108,0.6,1.0666666666666667,1,1,0.9583333333333333,True
923,4,0.8402564568392014,0.6666666666666666,1.0,1,2,0.9361111111111112,False
926,2,0.8103703488150269,0.75,1.0,1,2,0.9500000000000001,False
927,2,0.7663856647561961,0.6666666666666666,1.0,0,1,0.9717049674351952,True
930,3,0.4240738980888535,0.2222222222222222,1.0,0,2,0.5898147393925774,False
934,3,0.6546779646401472,0.8,1.0,0,1,0.9377191277029202,True
935,2,0.7847067645170087,0.7142857142857143,1.0,1,1,0.993445756221575,True
937,4,0.8362972733268114,0.6666666666666666,1.0,0,2,0.9361111111111112,False
941,4,0.8378418719014453,0.6666666666666666,1.0,0,2,0.9361111111111112,False
942,4,0.5187660121881006,0.5,1.0,1,2,0.7461378147472814,False
943,2,0.904925762551466,1.0,1.0285714285714285,0,1,1.0,True
945,4,0.0,0.0,1.0,1,2,0.39999999999999997,False
949,3,0.9412115304471211,1.0,1.0,1,1,1.0,True
950,4,0.47461740853269463,0.3333333333333333,1.0,1,2,0.6577725401648057,False
955,3,0.7569495054458437,0.75,1.0,1,1,0.9815497880482187,True
957,4,0.34455820291481565,0.2857142857142857,1.056,1,2,0.5821916107730163,False
958,4,0.9559659231526899,1.0,1.0,0,2,0.9500000000000001,False
959,4,0.5861708433883975,0.5,1.0,1,1,0.8250255995474085,True
960,4,0.5644227150910854,0.42857142857142855,1.0,0,1,0.78594306837237,True
961,4,0.0,0.0,1.0,0,1,0.44999999999999996,False
962,3,0.2226093080663851,0.125,1.0,2,1,0.40796351298083167,False
963,3,0.8038591589925453,0.5555555555555556,1.0,0,1,0.9398148148148149,True
966,4,0.6864919175938231,0.5,1.0,0,1,0.868020345635448,True
968,4,0.7262804380769815,0.6,1.0008695652173913,2,1,0.8217392353663255,False
970,2,0.826906249721364,0.8888888888888888,1.0169491525423728,1,1,1.0,True
973,3,0.6641684018664278,0.375,1.035294117647059,0,1,0.8063697912760881,True
974,2,0.826421414481447,0.875,1.015625,1,1,1.0,True
975,2,0.8349782297481688,1.0,1.0,0,1,1.0,True
976,3,0.6922972989778713,0.2,1.0,0,1,0.7455083662286115,False
977,4,0.06828142967645236,0.08333333333333333,1.0311936065996392,2,1,0.345,False
978,4,0.7205459789111894,0.5,1.0,0,1,0.8826149433428907,True
979,3,0.055203203633813584,0.07692307692307693,1.0857142857142856,1,1,0.44999999999999996,False
980,4,0.20021047813176504,0.0,1.051,1,1,0.49294734777075644,False
981,4,0.6335131266710236,0.5,1.0,0,1,0.8453151495256768,True
982,2,0.8403282337439743,1.0,1.0,0,1,1.0,True
983,4,0.3679561792410254,0.3333333333333333,1.0,0,1,0.6620605847540902,False
984,4,0.29913404315052805,0.3333333333333333,1.0,0,1,0.6325653835724485,False
986,4,0.796397750227002,1.0,1.0,1,2,0.9484561786687152,False
987,3,0.8733273206097815,0.7142857142857143,1.0,1,1,1.0,True
988,3,0.7982463442434157,0.5714285714285714,1.0,1,1,0.9456770046757497,True
989,3,0.815216363482962,0.5714285714285714,1.0,1,1,0.9464285714285714,True
990,3,0.8676356676602658,0.7142857142857143,1.0,1,1,1.0,True
992,3,0.8326594248350461,0.5,1.0,1,1,0.9166666666666667,True
993,4,0.44954230570389286,0.375,1.0914285714285714,1,1,0.7143871786350017,True
995,4,0.5071516474552122,0.42857142857142855,1.0771428571428572,1,1,0.7613983250998528,True
996,3,0.4713176714128504,0.18181818181818182,1.0,0,1,0.6432270539821306,False
999,3,0.0,0.0,1.12,0,1,0.37,False
1000,4,0.4983097386648105,0.375,1.0914285714285714,1,1,0.7352875070468236,True
1001,3,0.7876143726341049,0.6666666666666666,1.0,0,1,0.980802985097156,True
1002,3,0.7775653574180048,0.5714285714285714,1.0,1,1,0.9368137246077164,True
1003,2,0.8483307838717676,0.6,1.0,0,1,0.9583333333333333,True
1004,4,0.0,0.0,1.1,0,1,0.44999999999999996,False
1006,4,0.4076336616980871,0.3333333333333333,1.0914285714285714,1,1,0.679065220092831,True
1008,4,0.005220805510709401,0.0,1.0,0,1,0.44999999999999996,False
1009,4,0.3229788205506452,0.14285714285714285,1.0,0,2,0.5134194945217051,False
1010,4,0.0,0.0,1.0625,0,1,0.44999999999999996,False
1011,3,0.14571238099747877,0.14285714285714285,1.0,0,1,0.4874481632846337,False
1012,4,0.18724115526423116,0.16666666666666666,1.1,1,2,0.46516684431959116,False
1014,4,0.6226047951302656,0.6,1.0,0,1,0.8823068169605901,True
1015,3,0.33491505198167904,0.125,1.0,0,1,0.5610945460873863,False
1016,4,0.11580806712064254,0.1111111111111111,1.0526315789473684,1,1,0.4614045155384764,False
1017,4,0.16847632721767836,0.14285714285714285,1.0666666666666667,1,1,0.4972041402361479,False
1019,4,0.6255117798901336,0.2857142857142857,1.0,1,2,0.7026002866195812,False
1020,4,0.13431706331063442,0.16666666666666666,1.0,1,1,0.4924850906251925,False
1021,2,1.0000000000000009,1.0,1.0,0,1,1.0,True
1024,2,0.7913067063325216,1.0,1.0,1,1,0.9962743027139378,True
1025,4,0.8394161133483852,0.5,1.0,2,1,0.8116666666666668,False
1026,4,0.9473404311773459,1.0,1.0,1,2,0.9500000000000001,False
1027,4,0.636524467675647,0.5,1.0,0,1,0.846605724241944,True
1028,4,0.6622303994596176,0.5,1.0112359550561798,1,1,0.8576225521493599,True
1029,4,0.6601365869439351,0.6666666666666666,1.0,0,1,0.9261696483727976,True
1030,4,0.6916595392674812,0.75,1.0,0,1,0.9535683739717777,True
1031,4,0.23271404125736647,0.4,1.0,0,1,0.6318774462531571,False
1032,2,1.0000000000000007,1.0,1.0023866348448687,1,1,1.0,True
1033,3,0.9566084388354703,1.0,1.0020876826722338,2,1,0.895,False
1035,3,0.26442031210586836,0.2,1.0,0,1,0.5621325147120388,False
1036,4,0.6107773268904705,0.8,1.0256410256410255,1,1,0.9189045686673445,True
1037,2,0.8657037451719878,1.0,1.0,0,1,1.0,True
1038,2,0.9655346945866732,1.0,1.0,1,1,1.0,True
1039,4,0.19372138673040382,0.2,1.0,2,1,0.4268329752654112,False
1040,3,0.20426965470991515,0.0,1.0857142857142856,2,1,0.38968699487567793,False
1042,4,0.005313975736008626,0.0,1.1692307692307693,0,1,0.37,False
1044,4,0.49547698041683247,0.3333333333333333,1.0,1,1,0.716712356686579,True
1045,3,0.6948370474764953,0.25,1.0142857142857142,0,1,0.7674301632042123,True
1049,4,0.0915131499963309,0.16666666666666666,1.125,1,1,0.3977777777777778,False
1050,4,0.4406776902595072,0.6,1.0,0,1,0.804338057730265,True
1051,3,0.36642024734422324,0.2857142857142857,1.0,0,1,0.6415610583856195,False
1052,3,0.7302870745147835,0.5,1.0,0,1,0.886789698601574,True
1055,4,0.8259971182253389,0.625,1.0,1,2,0.9187500000000001,False
1056,4,0.37098927532212816,0.16666666666666666,1.0,0,1,0.5939160386301184,False
1057,4,0.6376251922077819,0.6666666666666666,1.0,0,2,0.8665219077715892,False
1058,3,0.6821554228135432,0.375,1.0,1,1,0.8140785145391376,True
1062,4,0.41608909539080075,0.2,1.0,0,1,0.6271334218341527,False
1063,3,0.442550560557804,0.25,1.0,0,1,0.6593073830962017,True
1065,4,0.7208788798281852,0.4,1.0,1,1,0.8410909484977938,True
1066,3,0.004276925354376489,0.0,1.0526315789473684,1,1,0.44999999999999996,False
1067,4,0.0,0.0,1.0666666666666667,0,2,0.39999999999999997,False
1069,4,0.5626074337041556,0.4,1.0,0,2,0.7232603287303525,False
1070,4,0.2208696706890357,0.125,1.1764705882352942,1,1,0.4322179541048248,False
1072,3,0.895918873326809,1.0,1.015625,1,1,1.0,True
1074,4,0.0,0.0,1.0,1,1,0.44999999999999996,False
1076,4,0.5724877019673574,0.3333333333333333,1.0,1,1,0.749716951636804,True
1078,4,0.8306058290898274,0.8333333333333334,1.0,1,1,1.0,True
1082,4,0.8259950130290645,0.8,1.0,1,1,1.0,True
1083,4,0.6619411635918547,0.5,1.0,1,1,0.8574985939203188,True
1084,3,0.09508747427625025,0.0,1.0,1,1,0.44999999999999996,False
1085,4,0.8779367239715226,0.6666666666666666,1.0,1,1,0.9861111111111112,True
1086,4,0.3162771652007239,0.2857142857142857,4.52,0,1,0.4600711660384055,False
1088,2,0.8419058702714532,0.7142857142857143,1.0,2,1,0.895,False
1089,3,0.7434553458372372,0.5714285714285714,1.0,0,1,0.9221951482159587,True
1090,3,0.7440549768294001,0.8,1.0,1,1,0.9760235614983144,True
1092,4,0.9581207554953374,1.0,1.0,0,1,1.0,True
1093,4,0.31455427044006457,0.4,1.0,0,1,0.6669518301885992,False
1095,3,0.554148699565042,0.6666666666666666,1.0,0,1,0.8807462680675577,True
1098,4,0.744116416306378,0.8,1.0012463647694225,0,2,0.9260498927027335,False
1099,3,0.5585878820406385,0.42857142857142855,1.0,0,1,0.783442425636464,True
1100,3,0.7806075833407127,1.0,1.0160427807486632,1,1,0.9916889642888769,True
1101,2,0.8470345534238537,1.0,1.0,0,1,1.0,True
1103,4,0.0026606374224408865,0.0,1.1,2,1,0.345,False
1104,4,0.23751533219392007,0.3333333333333333,1.0,1,1,0.6061573645910451,False
1105,3,0.5389900998885174,0.14285714285714285,1.0,1,1,0.655995757095079,False
1106,2,0.9044745765402852,0.75,1.0,1,1,1.0,True
1107,2,0.8965286617590179,0.75,1.0,1,1,1.0,True
1109,3,0.21045815985870228,0.14285714285714285,1.0,2,1,0.4101963542251581,False
1110,4,0.19648519202352827,0.16666666666666666,1.0,2,1,0.41412857435928985,False
1111,4,0.0,0.0,1.0,1,1,0.44999999999999996,False
1112,2,0.8071733046880141,1.0,1.0,0,1,1.0,True
1113,3,0.19678932021212184,0.16666666666666666,1.0,2,1,0.4142589150115443,False
1115,3,0.19267207919265494,0.14285714285714285,1.0,2,1,0.4025737482254236,False
1118,3,0.6942782237010531,1.0,1.0555555555555556,0,1,0.9546906673004514,True
1122,4,0.6980432067183144,0.6,1.0,0,1,0.9146375647840395,True
1125,2,0.833777051224557,0.75,1.0,0,1,1.0,True
1128,4,0.0036642257229300783,0.0,1.1428571428571428,1,1,0.37,False
1129,3,0.5782922527099748,0.5,1.0,0,1,0.8216490606852274,True
1131,3,0.8650170815790224,0.7142857142857143,1.0149253731343284,1,1,1.0,True
1134,4,0.09529485290530061,0.09090909090909091,1.1,1,1,0.44999999999999996,False
1135,4,0.20606451841555146,0.25,1.0625,2,1,0.4529562221780935,False
1139,4,0.9418844697601236,1.0,1.0,1,1,1.0,True
1140,4,0.2834919307630537,0.3333333333333333,1.1224489795918366,0,1,0.5458616211206737,False
1141,3,0.901550799443308,0.8571428571428571,1.0,1,1,1.0,True
1142,2,0.9371743793462697,1.0,1.0,0,1,1.0,True
1143,4,0.6546382212546821,0.7142857142857143,1.0,1,1,0.9377020948234351,True
1144,4,0.9299297482090089,1.0,1.0,1,1,1.0,True
1145,4,0.8927285356645089,1.0,1.0588235294117647,1,1,1.0,True
1147,4,0.9567440919494266,1.0,1.0294117647058822,1,1,1.0,True
1148,4,0.23006227772485563,0.2222222222222222,1.1272727272727272,1,1,0.4766669020937212,False
1153,2,0.7554512363312916,0.6666666666666666,1.002857142857143,2,1,0.8620187838245219,False
1154,3,0.8259952980301334,0.75,1.0,0,1,1.0,True
1155,3,0.9223461911150492,1.0,1.0,0,1,1.0,True
1157,4,0.5372090557248028,0.5,1.0,0,1,0.8040419762630108,True
1158,2,0.306561369005809,0.6666666666666666,1.0,0,1,0.7746374121136006,False
1159,4,0.4937465736811721,0.5,1.0,0,1,0.7854151982443118,True
1160,4,0.0,0.0,1.02,0,1,0.44999999999999996,False
1161,3,0.8408006848872784,0.8,1.0,1,1,1.0,True
1164,4,0.7154724865569696,0.5,1.0,1,1,0.8804405894767966,True
1165,4,0.6360589521727363,0.5,1.1,0,1,0.8464062175978395,True
1166,4,0.9788735643165077,1.0,1.0,1,1,1.0,True
1171,2,0.7922272190238057,0.8,1.0,0,1,0.9966688081530595,True
1172,4,0.6789837383196996,0.5714285714285714,1.1,0,1,0.8945644592798714,True
1174,4,0.6871730195103927,0.6,1.0,0,1,0.9099789131235017,True
1175,2,0.9761744119826478,1.0,1.0,1,1,1.0,True
1176,4,0.7400573721593453,0.6666666666666666,1.0,1,1,0.9604214134651163,True
1177,3,0.32173826500799885,0.4,1.0,1,1,0.6700306850034281,False
1178,4,0.2646765811455789,0.25,1.0332999999999999,0,1,0.5830756776338195,False
1179,4,0.10276816078927349,0.1111111111111111,1.0,0,1,0.4558159842536039,False
1180,2,0.8663821124612197,0.7142857142857143,1.008888888888889,1,1,1.0,True
1182,2,0.7785355026636928,0.6666666666666666,1.1013215859030836,0,1,0.8969120408241223,True
1183,4,0.16879090561053414,0.14285714285714285,1.1267605633802817,0,1,0.41733895954737177,False
1184,4,0.49936810588547115,0.5,1.0,0,1,0.7878244263318686,True
1185,3,0.5873408752428426,0.5,1.0,0,1,0.8255270417707421,True
1186,3,0.8406553226293603,0.8,1.0,1,1,1.0,True
1187,4,0.5083459436279406,0.5,1.0,0,1,0.7916720710786412,True
1188,4,0.19652675161511807,0.2,1.0,0,1,0.5330352745017173,False
1189,2,0.682466528861457,0.5555555555555556,1.0,1,1,0.8894433271840108,True
1190,4,0.9207450346679009,0.8571428571428571,1.0,1,1,1.0,True
1191,2,0.8670237494753356,0.8,1.0,1,1,1.0,True
1192,2,0.7328910073050547,0.75,1.0,0,1,0.9712390031307376,True
1193,3,0.7361108547653904,0.7142857142857143,1.0,2,1,0.8676189377565959,False
1194,4,0.060702390336418256,0.0,1.1486486486486487,1,1,0.37,False
1195,4,0.5235783501238127,0.2222222222222222,1.0526315789473684,2,1,0.5774595045504171,False
1196,2,0.9152851758710292,0.6666666666666666,1.0,0,1,0.9861111111111112,True
1197,4,0.5728681639484514,0.42857142857142855,1.0,0,1,0.7895625464540983,True
1199,4,0.14906931882117272,0.125,1.0,2,1,0.37644637473288356,False
1200,3,0.9577836181001173,1.0,1.0,0,1,1.0,True
1201,4,0.8505600112324125,1.0,1.0091743119266054,2,1,0.895,False
1202,3,0.46630922098346345,0.2857142857142857,1.0344444444444443,1,1,0.6843706185167224,True
1203,4,0.005260015176305211,0.0,1.0638888888888889,2,1,0.345,False
1204,4,0.2263939293744077,0.1111111111111111,1.0,0,1,0.5087984565043757,False
1205,4,0.06453579463809966,0.14285714285714285,1.125,1,1,0.3878571428571428,False
1206,4,0.09686746810737772,0.14285714285714285,1.1111111111111112,0,1,0.3878571428571428,False
1208,3,0.31291411066294966,0.4,1.0333333333333334,1,1,0.6662489045698355,False
1209,4,0.27567948390537383,0.14285714285714285,1.0,0,1,0.5431483502451602,False
1210,4,0.0,0.0,1.1627906976744187,2,1,0.265,False
1212,3,0.46140347690549194,0.4,1.0,0,2,0.679887204388068,False
1215,3,0.1898233043222494,0.25,1.0,1,2,0.5009957018523926,False
1216,4,0.7530553797032773,0.6666666666666666,1.0,1,2,0.9159919881268014,False
1220,4,0.583636005025318,0.3333333333333333,1.0,0,2,0.7044947958045015,False
1221,4,0.298861557606306,0.3333333333333333,1.0,1,2,0.5824486040534963,False
1222,3,0.2960286048853601,0.125,1.1428571428571428,1,2,0.41442892590324953,False
1223,4,0.9576169411938505,1.0,1.0,1,3,0.9500000000000001,False
1226,2,0.9762245902393581,1.0,1.0,0,2,0.9500000000000001,False
1229,2,0.919531027811453,1.0,1.0285714285714285,0,1,1.0,True
1230,4,0.5513476223101016,0.4,1.1029411764705883,0,1,0.6884346952757578,True
1231,2,0.9533176285295066,1.0,1.0,0,1,1.0,True
1232,4,0.7356213252834894,0.5,1.008888888888889,0,1,0.8890758060738765,True
1233,2,0.8741583036808578,0.75,1.0,1,1,1.0,True
1234,4,0.3551397323325416,0.25,1.03125,0,1,0.6218455995710893,False
1235,4,0.7412456518160291,0.75,1.0,0,1,0.9748195650640123,True
1236,4,0.46564043064966293,0.3333333333333333,1.0,1,1,0.7039252639292206,True
1237,3,0.9890253998617329,1.0,1.0570824524312896,1,1,1.0,True
1238,4,0.6024745091865545,0.5,1.0101111111111112,1,1,0.8320128848894759,True
1239,4,0.34527751448928246,0.4444444444444444,1.0,2,1,0.5936374532996396,False
1240,3,0.4645323297689234,0.375,1.0,1,1,0.7208114746628719,True
1241,4,0.7580303186276475,0.625,1.0,1,1,0.9507629936975632,True
1242,4,0.003054633692844999,0.0,1.0,1,1,0.44999999999999996,False
1244,4,0.3255052556740686,0.375,1.0199916001679965,2,2,0.5062284429079342,False
1245,4,0.581317233834708,0.5,1.0101111111111112,1,1,0.8229454811672559,True
1246,4,0.0,0.0,1.0,2,1,0.345,False
1247,2,0.3734599762913048,0.25,1.0,0,1,0.6296971326962735,False
1248,3,0.5395182557637709,0.375,1.145137420718816,0,1,0.6729483000892351,True
1251,2,0.5443165550123296,0.5714285714285714,1.0,0,1,0.8368499521481412,True
1253,3,0.6585570157981476,0.7142857142857143,1.0,2,1,0.8343815781992061,False
1254,4,0.6132823738274887,0.375,1.0,1,1,0.7845614935451142,True
1256,4,0.2544977324009891,0.1111111111111111,1.0570824524312896,0,1,0.5208429435157678,False
1257,2,0.9700376667504808,1.0,1.0,1,1,1.0,True
1258,4,0.2658720442510074,0.42857142857142855,1.0,2,1,0.5529927808694793,False
1261,4,0.7947921367491472,1.0,1.0,1,1,0.9977680586067774,True
1263,4,0.5032202903010872,0.5,1.145137420718816,0,1,0.7094753625099898,True
1264,3,0.2603249687406777,0.2857142857142857,1.0,1,1,0.5960916532698142,False
1265,3,0.9849334822717144,1.0,1.0,1,1,1.0,True
1267,3,0.5928953069295964,0.5,1.0,1,1,0.8279075124936366,True
1268,4,0.9742067642757438,1.0,1.0,1,1,1.0,True
1269,3,0.18994159580899045,0.2,1.0,2,1,0.4252130648705197,False
1271,4,0.6155381703513721,0.42857142857142855,1.0101111111111112,1,1,0.80784969205535,True
1272,4,0.0,0.0,1.0,1,1,0.44999999999999996,False
1273,3,0.5188289981404065,0.4,1.0570824524312896,0,1,0.7544981420601742,True
1274,4,0.6272361614584181,0.3333333333333333,1.0,1,1,0.7731805771329728,True
1275,3,0.6198300002879797,0.625,1.0,1,1,0.8915342858377057,True
1276,4,0.23685992942111608,0.2,1.0,1,1,0.5503209221328593,False
1277,4,0.7691290781803903,1.0,1.0,2,1,0.881769604934453,False
1280,4,0.3351394260824042,0.3333333333333333,1.0,0,1,0.647996261971824,False
1281,4,0.8119200669184776,1.0,1.0,2,1,0.895,False
1283,4,0.12018807251527777,0.14285714285714285,1.1111111111111112,1,1,0.396509173935119,False
1284,4,0.10919993718301568,0.1111111111111111,1.1111111111111112,1,1,0.378572459850922,False
1285,4,0.501807106272024,0.4,1.034851851851852,1,1,0.7472030455451532,True
1287,4,0.37853413248288315,0.25,1.0,1,1,0.6318717710640928,False
1289,2,0.9215415244117994,1.0,1.0,1,1,1.0,True
1291,4,0.043049845591603686,0.0,1.0101010101010102,1,2,0.39999999999999997,False
1294,3,0.6660618228622811,0.7142857142857143,1.0119166666666666,1,1,0.9425979240838348,True
1295,3,0.39567988641215174,0.6666666666666666,1.0,2,1,0.7078310624306048,False
1296,3,0.9578232521200917,1.0,1.0,1,1,1.0,True
1298,3,0.9541397611473992,1.0,1.0,1,1,1.0,True
1299,2,0.9765622493398014,1.0,1.0,1,1,1.0,True
1301,4,0.3214675479888606,0.1111111111111111,1.0101010101010102,0,2,0.499544293053427,False
1302,3,0.6239307864945464,0.5714285714285714,1.0101010101010102,1,2,0.8209703370690914,False
1303,3,0.8266111958937865,0.6666666666666666,1.0,1,1,0.9861111111111112,True
1304,4,0.14420894898677797,0.1111111111111111,1.0714285714285714,1,1,0.4735763220525344,False
1305,3,0.6875042170328708,0.5714285714285714,1.0,1,1,0.8982160930140874,True
1308,4,0.6301958129673211,0.4444444444444444,1.0227458681066928,1,1,0.8207452955045134,True
1309,3,0.6735873852608086,0.5714285714285714,1.0,1,1,0.8922517365403466,True
1310,4,0.07942939545341259,0.08333333333333333,1.0,1,1,0.44999999999999996,False
1311,4,0.7606165555825987,0.75,1.0,0,2,0.933121380963971,False
1312,3,0.8088545210707868,0.6666666666666666,1.0,1,1,0.9861111111111112,True
1313,3,0.7550603498021496,0.6,1.0,0,2,0.8890734832485404,False
1314,3,0.7957019222989831,0.75,1.0120371080272943,0,2,0.9481579666995642,False
1315,3,0.16075954533501777,0.2222222222222222,1.1111111111111112,0,1,0.446965731069505,False
1316,2,0.9437377124779315,1.0,1.0,0,2,0.9500000000000001,False
1317,4,0.3170699712662895,0.0,1.1,1,1,0.5430299876855527,False
1319,3,0.8638785580379464,0.7142857142857143,1.0,1,1,1.0,True
1320,4,0.6669472393174395,0.2,1.0,0,2,0.6846440549455693,False
1321,4,0.11340312757864049,0.125,1.0211267605633803,0,2,0.41616086420036974,False
1322,2,0.8463707729727679,0.7142857142857143,1.0,1,1,1.0,True
1323,4,0.7521034733936023,0.6,1.0,2,1,0.8328062505020202,False
1327,4,0.55589718776956,0.5,1.0,1,1,0.8120511757107638,True
1328,4,0.19915054798219264,0.16666666666666666,1.0526315789473684,1,1,0.520270869770146,False
1329,4,0.21273290153032398,0.1111111111111111,1.0,0,1,0.5029437302854828,False
1330,4,0.638619689849847,0.4,1.0,1,1,0.8058370099356487,True
1331,4,0.7419905745803804,0.75,1.0272727272727273,1,1,0.9751388176773059,True
1332,4,0.6186653347827088,0.5,1.0,1,1,0.8389518101449704,True
1334,4,0.27695842479722776,0.3333333333333333,1.0,1,1,0.6230615471353198,False
1335,4,0.21317015879936282,0.16666666666666666,1.0,1,1,0.5262792744060761,False
1336,4,0.32203025766378046,0.25,1.0,1,1,0.6076558247130488,False
1337,4,0.732880809208768,0.75,1.0272727272727273,1,1,0.9712346325180434,True
1339,4,0.4025298931232787,0.125,1.0,1,1,0.5900723351480718,False
1341,4,0.261188863888572,0.2,1.0,2,1,0.4557476083331975,False
1344,3,0.9390953246491516,1.0,1.0,1,1,1.0,True
1345,4,0.12243843454273337,0.1,1.134,1,1,0.37961647194688575,False
1346,4,0.0,0.0,1.0526315789473684,1,1,0.44999999999999996,False
1347,3,0.37437003081266407,0.16666666666666666,1.1111111111111112,1,1,0.5153649338403481,False
1350,4,0.0,0.0,1.0,0,1,0.44999999999999996,False
1351,4,0.3908712440427697,0.4,1.0,0,1,0.6996591045897584,False
1353,4,0.8549227891954119,0.75,1.0,0,1,1.0,True
1354,4,0.6936951821136803,0.6,1.0,1,1,0.9127741256677677,True
1359,4,0.3456161551786742,0.25,1.1363636363636365,2,1,0.4327640665051461,False
1361,4,0.4111280548111744,0.0,1.0,0,1,0.5833405949190748,False
1363,4,0.5554525345227278,0.25,1.0,1,1,0.7076939433668833,True
1366,4,0.9056406806094182,0.6666666666666666,1.0,1,1,0.9861111111111112,True
1367,4,0.8693631158641322,0.6666666666666666,1.0,1,1,0.9861111111111112,True
1368,4,0.884008955863342,0.6666666666666666,1.0,1,1,0.9861111111111112,True
1369,4,0.5296072549119695,0.25,1.0,2,1,0.5916173949622726,False
1371,2,0.8309451744963935,0.8571428571428571,1.0,0,1,1.0,True
1372,4,0.4702729332456701,0.42857142857142855,1.0,0,1,0.7455931618671919,True
1376,4,0.6353797893694364,0.42857142857142855,1.0026954177897573,1,1,0.8163532430630918,True
1377,2,0.7716739794546288,0.5,1.0,1,1,0.9045269435757933,True
1383,4,0.44634883751411375,0.2857142857142857,1.0,0,1,0.6758161684584296,True
1384,4,0.43807293924191437,0.2857142857142857,1.0,0,1,0.6722693549132014,True
1385,4,0.5283879746193128,0.25,1.0,2,1,0.5910948462654197,False
1386,4,0.0937606894622738,0.0,1.1363636363636365,2,1,0.265,False
1387,2,0.9493140675704417,1.0,1.0,1,1,1.0,True
1389,4,0.6584548452084195,0.2857142857142857,1.0,2,1,0.6617187431845608,False
1391,4,0.5916255173141045,0.5,1.0,1,1,0.8273633169441401,True
1399,3,0.5496817738261878,0.625,1.0,2,1,0.7564707602112235,False
1402,4,0.18969751305505347,0.0,1.1363636363636365,0,1,0.4084417913093086,False
1409,4,0.3189044549098822,0.4,1.0,0,1,0.6688161949613781,False
1412,4,0.1557545476308711,0.125,1.1578947368421053,2,1,0.2993114727941828,False
1413,4,0.681244595278843,0.5555555555555556,1.0,1,1,0.8889196413628904,True
1414,3,0.45056053115803335,0.3333333333333333,1.0,1,1,0.6974624498613793,True
1416,3,0.468294641269888,0.25,1.0,0,1,0.6703405605442377,True
1417,4,0.10486201312063785,0.0,1.0,1,1,0.45208371990884477,False
1418,3,0.7376957763859853,0.625,1.0,1,1,0.942048189879708,True
1419,4,0.6477758216188302,0.3333333333333333,1.0,0,1,0.7819832886302923,True
1420,4,0.655600440984485,0.4444444444444444,1.0,1,1,0.831632993226155,True
1422,4,0.0,0.0,1.1363636363636365,0,1,0.37,False
1423,4,0.8166180892580813,0.6666666666666666,1.0178571428571428,0,1,0.9861111111111112,True
1424,4,0.6812741117335628,0.3333333333333333,1.0,0,1,0.7963396986794634,True
1425,4,0.19550665679577497,0.14285714285714285,1.0,0,2,0.4587885671981892,False
1426,3,0.6859766449285722,0.5,1.0,0,2,0.8177995144931977,False
1427,4,0.007960763406130682,0.0,1.0,1,2,0.39999999999999997,False
1428,4,0.2796077241242296,0.2,1.0,0,1,0.5686414055770508,False
1429,3,0.22312488821246157,0.2222222222222222,1.0,2,1,0.448693735159838,False
1430,4,0.5656005359229498,0.16666666666666666,1.0,0,1,0.6773208646018991,False
1431,4,0.2977928245182466,0.25,1.0,0,1,0.5972683533649629,False
1432,4,0.29003613382267673,0.16666666666666666,1.0,0,2,0.5092218351303536,False
1433,4,0.27488156739118497,0.13333333333333333,1.0,0,3,0.48883813205653953,False
1435,4,0.3688220039147287,0.2,1.0,0,1,0.6068760969158361,False
1436,4,0.3498458304069303,0.3333333333333333,1.0,0,1,0.6542990066823352,False
1437,4,0.29941567429937427,0.125,1.0,1,1,0.5458805270806842,False
1438,4,0.3731832204486844,0.16666666666666666,1.0,0,1,0.594856300827214,False
1441,4,0.0,0.0,1.1627906976744187,0,1,0.37,False
1444,4,0.43991299178701165,0.2222222222222222,1.0,1,1,0.6466029224060738,False
1445,4,0.6485373419176971,0.5,1.0,0,1,0.8517540989171084,True
1446,4,0.44577252652691113,0.3333333333333333,1.0,1,1,0.6954104478766127,True
1447,4,0.7428973337049558,0.4444444444444444,1.0,1,1,0.8690459472492138,True
1448,2,0.8114711162449221,0.8,1.0,0,1,1.0,True
1449,4,0.6731939721921857,0.4,1.1,0,1,0.8206545595109367,True
1451,4,0.5512960272488093,0.5,1.0,0,1,0.8100792497732994,True
1453,4,0.9055902609725893,0.6666666666666666,1.0,1,1,0.9861111111111112,True
1454,4,0.6945592565928258,0.3333333333333333,1.0,0,1,0.8020333321905762,True
1455,4,0.5190274873358683,0.2,1.0,2,1,0.5662498755248959,False
1457,4,0.6164982170114227,0.2,1.0,0,1,0.7130230453858478,False
1459,4,0.7832662040115734,0.3333333333333333,1.0,0,1,0.8400505953700395,True
1460,4,0.28077194849000764,0.2,1.0,0,2,0.51914035887667,False
1461,4,0.42276670466825045,0.25,1.0,0,1,0.6508285877149644,True
1462,4,0.6368821982403916,0.6,1.0,0,2,0.838425704007787,False
1463,4,0.0052513475430936915,0.0,1.0,1,1,0.44999999999999996,False
1466,3,0.3551687996971089,0.16666666666666666,1.0,0,1,0.5871358347908244,False
1467,4,0.1681997328520117,0.1111111111111111,1.1111111111111112,2,2,0.24885808656620606,False
1468,3,0.08891345220545412,0.14285714285714285,1.1111111111111112,0,1,0.3878571428571428,False
1469,4,0.0,0.0,1.0843373493975903,1,1,0.44999999999999996,False
1470,4,0.08538330141196906,0.0,1.0666666666666667,1,1,0.44999999999999996,False
1471,4,0.3422211353215444,0.16666666666666666,1.0,1,1,0.5815868357727254,False
1473,4,0.9199577232172024,0.75,1.0,0,1,1.0,True
1477,3,0.6406408457927271,0.2857142857142857,1.0,2,1,0.6540841720064068,False
1478,4,0.4129850050926576,0.2857142857142857,1.0466666666666666,1,1,0.6615173831349485,True
1480,4,0.0,0.0,1.0135135135135136,0,1,0.44999999999999996,False
1481,4,0.7023899920909107,0.3333333333333333,1.0,0,1,0.8053893616897554,True
1482,3,0.6740233199917569,0.3333333333333333,1.0185185185185186,1,1,0.7932322165044038,True
1483,3,0.2884912602005499,0.25,1.094890510948905,1,1,0.5932819686573785,False
1484,4,0.7487411367442137,0.75,1.0,1,1,0.9780319157475201,True
1485,3,0.11993993189393251,0.1,1.1538461538461537,1,1,0.3785456850973996,False
1488,4,0.17044752739073304,0.0,2.1066666666666665,1,1,0.3201917974531713,False
1492,4,0.7879220652865351,0.5,1.0,1,1,0.9114904089323246,True
1495,4,0.7597305647417392,0.3333333333333333,1.0,2,1,0.7249638928258247,False
1496,4,0.665569599025235,0.6666666666666666,1.0,0,1,0.9284980821219262,True
1497,4,0.9172354937198296,1.0,1.0,0,1,1.0,True
1499,4,0.062090825091957805,0.08333333333333333,1.1111111111111112,1,1,0.37,False
1501,4,0.18149956829414102,0.0,1.14,1,1,0.40492838641177475,False
1502,4,0.7754363992800366,0.25,1.0285714285714285,1,1,0.8019727425485872,True
1503,4,0.7267295000010797,0.6666666666666666,1.0555555555555556,0,1,0.954709468254431,True
1504,4,0.5220102565719104,0.5,1.0,1,1,0.7975282051974855,True
1505,2,0.9534607378759518,1.0,1.037037037037037,1,1,1.0,True
1508,4,0.5292820228270044,0.25,1.0,0,1,0.6964780097830019,True
1510,4,0.3681184793669207,0.2,1.027027027027027,0,1,0.606574586395347,False
1511,4,0.6431508337642392,0.5,2.0,2,1,0.5844455954227693,False
1516,4,0.44462581849481825,0.2857142857142857,1.8714285714285714,2,1,0.4100777317358745,False
1519,4,0.5799508916444174,0.375,1.0,1,1,0.7702765726095122,True
1520,3,0.7691095402816147,0.5714285714285714,1.0,1,1,0.9331898029778349,True
1521,4,0.3850612599944849,0.42857142857142855,1.008,2,2,0.5540738733309697,False
1522,2,0.9483889241120439,1.0,1.0,1,1,1.0,True
1524,4,0.19087919800560843,0.25,1.0964912280701755,2,1,0.44644822771668935,False
1526,4,0.5965691305102928,0.4444444444444444,1.0321428571428573,1,1,0.8063338601657869,True
1533,4,0.0,0.0,1.125925925925926,1,1,0.37,False
1534,4,0.11716944269482141,0.0,1.0,1,1,0.4573583325834949,False
1535,4,0.43898823494907174,0.16666666666666666,1.0,2,1,0.5180584498988086,False
1537,4,0.20856914232258195,0.14285714285714285,1.05,1,1,0.5143867752811065,False
1539,4,0.7984837124115776,0.5714285714285714,1.009090909090909,1,1,0.9457787338906762,True
1541,4,0.42075043951897134,0.6,1.027027027027027,0,1,0.7957978074128924,True
1544,4,0.19338781882054615,0.125,1.0909090909090908,1,1,0.5004400175897579,False
1545,4,0.3816337051458517,0.2,1.0,2,1,0.5073668260148888,False
1546,4,0.00857601418489172,0.0,1.05,0,1,0.44999999999999996,False
1547,4,0.775892346657729,0.5,1.031111111111111,1,1,0.9063348152342648,True
1550,3,0.18367310755933403,0.14285714285714285,1.096,0,1,0.5037170460968574,False
1553,4,0.3798343707760692,0.375,1.024,1,1,0.6845123493802201,False
1554,3,0.5615854192274979,0.5555555555555556,1.0,1,1,0.8376371373408854,True
1557,4,0.2932827705516762,0.3333333333333333,1.1666666666666667,2,1,0.44505769531579775,False
1558,2,0.8988431039923656,0.625,1.0,1,1,0.96875,True
1559,4,0.0,0.0,1.1111111111111112,1,1,0.37,False
1561,2,0.9999999999999997,1.0,1.0,1,1,1.0,True
1563,4,0.6815888741120808,0.2,1.0,2,1,0.6359190412861299,False
1565,4,0.006775324789335909,0.0,1.1166666666666667,0,1,0.37,False
1566,4,0.1756392126994199,0.0,1.0,2,1,0.3774168054426086,False
1567,4,0.39120058611298364,0.3333333333333333,1.0,2,1,0.5670224734135009,False
1568,4,0.512329557662232,0.5,1.0,0,1,0.7933793342361948,True
1571,4,0.4460512000379701,0.4,1.0,0,1,0.72330765715913,True
1572,4,0.13312124813583148,0.25,1.0465116279069768,1,1,0.526694820629642,False
1574,4,0.5704473177793018,0.2857142857142857,1.0285714285714285,1,1,0.7290012314292246,True
1575,3,0.8085325170411726,0.6666666666666666,1.0,1,1,0.9861111111111112,True
1576,2,0.7575380424041928,0.7,1.0,1,1,0.9818020181732254,True
1578,3,0.9999999999999994,1.0,1.0,1,1,1.0,True
1581,4,0.8460597604460254,0.6666666666666666,1.0,2,1,0.8811111111111112,False
1584,4,0.5978404519663285,0.3333333333333333,1.0,1,1,0.7605824159220773,True
1585,4,0.500465799598625,0.375,1.0555555555555556,0,1,0.7362115331613155,True
1587,3,0.6979199225794096,0.8,1.0818181818181818,1,1,0.9562513953911755,True
1588,2,0.7462488172033345,1.0,1.011764705882353,1,1,0.9769637788014292,True
1590,4,0.6934248010119375,0.7142857142857143,1.0,1,1,0.9543249147194017,True
1593,4,0.8998372696650231,0.625,1.0,1,1,0.96875,True
1595,4,0.4795562937384853,0.1111111111111111,1.0,2,2,0.462296612660409,False
1596,4,0.5430958941431352,0.09090909090909091,1.0,1,2,0.5898982403470581,False
1597,3,0.273220181284633,0.125,1.056,1,1,0.5346538872172236,False
1598,4,0.6967883165478808,0.375,1.0416666666666667,1,1,0.8203497547109966,True
1599,3,0.7157519067459508,0.5,1.0,1,1,0.8805603409863598,True
1600,2,0.6237192180247024,0.5,1.0,0,1,0.8411177601058248,True
1602,4,0.5288113333787888,0.4,1.0,1,1,0.7587762857337668,True
1603,4,0.8535205501496025,0.6666666666666666,1.0,1,1,0.9861111111111112,True
1604,2,0.11783374804341176,0.1,1.125,1,1,0.3776430348757479,False
1605,4,0.3565665831230337,0.25,1.0,1,1,0.6224571070527287,False
1606,4,0.6872889782225515,0.125,1.0,1,1,0.7121119430477602,False
1610,4,0.3788583423385374,0.1,1.0,1,1,0.5695107181450875,False
1611,4,0.013296583781859677,0.0,1.0526315789473684,1,1,0.44999999999999996,False
1612,4,0.6924668813523974,0.2857142857142857,1.0,1,1,0.7812953301034085,True
1613,4,0.46234664542695364,0.375,1.0087719298245614,1,1,0.7198747528020277,True
1614,4,0.014091544151404118,0.0,1.0666666666666667,1,1,0.44999999999999996,False
1615,2,0.8772301969965781,1.0,1.0333333333333334,1,1,1.0,True
1619,4,0.48935158077936947,0.16666666666666666,1.0869565217391304,1,1,0.6446427409689361,False
1621,3,0.49754557750345124,0.25,1.0,0,1,0.6828766760729077,True
1622,4,0.5023817060509895,0.125,1.05,0,1,0.6328659692599479,False
1623,3,0.13186323676031014,0.07692307692307693,1.0256410256410255,1,1,0.4636556728972757,False
1625,3,0.19357584553413823,0.3333333333333333,1.0,0,1,0.5873261560225672,False
1626,4,0.012018302013155057,0.0,1.1166666666666667,0,1,0.37,False
1627,3,0.605528506074028,0.6666666666666666,1.0526315789473684,0,1,0.9027661851428375,True
1628,4,0.8092296087440284,0.3333333333333333,1.0,1,1,0.8472222222222222,True
1629,4,0.39978642344152193,0.4,1.0,1,1,0.7034798957606523,False
1630,4,0.877326581729083,0.6,1.0,1,1,0.9583333333333333,True
1631,4,0.22623501887987812,0.1111111111111111,1.05,2,1,0.40373035200672025,False
1632,4,0.19033202684888806,0.0,1.064,2,1,0.3837137257923806,False
1635,4,0.27314590008408,0.14285714285714285,4.0,1,2,0.3320625286074628,False
1636,3,0.49531343704968933,0.25,1.0,0,1,0.6819200444498669,True
1637,4,0.9519562965623197,1.0,1.0,1,2,0.9500000000000001,False
1638,4,0.0,0.0,1.1111111111111112,1,1,0.37,False
1639,2,0.8691815030026565,0.875,1.0,0,1,1.0,True
1641,3,0.7489422085834587,0.25,1.0,1,1,0.7906180893929109,True
1644,3,0.8211582863732445,0.5,1.0,1,1,0.9166666666666667,True
1646,3,0.939425521811563,1.0,1.0,1,2,0.9500000000000001,False
1649,3,0.12227891444661448,0.1111111111111111,1.056338028169014,1,1,0.46417773582103583,False
1650,3,0.561587346343304,0.3333333333333333,6.0,1,1,0.5850453706550668,False
1651,4,0.7321368158253483,0.5714285714285714,1.0035211267605635,1,1,0.9173443496394351,True
1653,3,0.1702168727499656,0.0,1.0,1,1,0.48009294546427095,False
1656,4,0.7140560650863937,0.5714285714285714,1.0119047619047619,1,1,0.9095954564655973,True
1658,3,0.007675131989025431,0.0,1.0256410256410255,1,1,0.44999999999999996,False
1660,4,0.545361585432288,0.3333333333333333,1.0,0,3,0.6880914731217742,False
1661,4,0.5273741722690605,0.5,1.023076923076923,1,1,0.7998270262105498,True
1663,4,0.4943664417510828,0.5,1.05,1,1,0.7856808559885593,True
1664,2,0.8606417546434505,1.0,1.0,0,2,0.9500000000000001,False
1665,4,0.5406215289388642,0.5714285714285714,1.0,0,2,0.7852663695452277,False
1667,3,0.29905506184334724,0.14285714285714285,1.06125,1,1,0.5531664550757203,False
1671,4,0.5227274481919438,0.3333333333333333,1.0266666666666666,1,1,0.7283911285901982,True
1672,4,0.1511135439660403,0.14285714285714285,1.1219512195121952,1,1,0.4097629474140172,False
1673,4,0.6975847983079279,0.8571428571428571,1.0438413361169103,0,2,0.9061077707033977,False
1674,2,0.8148729461152051,0.8333333333333334,1.0,0,1,1.0,True
1675,4,0.41836019974518035,0.3333333333333333,1.125,1,1,0.6036623078272995,True
1676,4,0.29901903030402494,0.2222222222222222,1.0,0,1,0.5862197960562223,False
1677,2,0.837779950858616,0.8571428571428571,1.0,0,1,1.0,True
1678,2,0.819648761179595,0.8333333333333334,1.0,0,1,1.0,True
1679,4,0.0,0.0,1.2004175365344467,0,2,0.24,False
1680,4,0.14631510736535222,0.07142857142857142,1.16,2,1,0.2848493317280081,False
1681,4,0.21489759807194958,0.1,1.0222222222222221,0,2,0.4492418277451213,False
1682,4,0.6554869774040885,0.3,1.0,1,1,0.7713991807922285,True
1683,4,0.0703010042676767,0.0,1.04,1,1,0.44999999999999996,False
1684,4,0.6278531625607028,0.3333333333333333,1.0227272727272727,1,1,0.7734450061768092,True
1685,3,0.5253904660139467,0.5,6.0,1,1,0.6389768663869295,False
1686,3,0.7682180245276865,0.5,1.0222222222222221,0,2,0.8530458200356753,False
1689,4,0.0947505753352973,0.0,1.0777777777777777,1,1,0.44999999999999996,False
1691,4,0.17537205184825203,0.1,1.096,2,1,0.3773023079349652,False
1694,3,0.6242847015591312,0.3333333333333333,1.125,1,1,0.6919156657475641,True
1695,4,0.0,0.0,1.1,1,1,0.44999999999999996,False
1696,4,0.41010835895540965,0.25,1.0,0,1,0.6454035824094613,True
1697,4,0.8547552812906145,0.8,1.0,1,1,1.0,True
1698,3,0.3343487345565413,0.2727272727272727,1.037037037037037,1,1,0.6224048689225004,False
1702,3,0.12634636129636415,0.1111111111111111,1.0,2,1,0.36092092732807146,False
1704,4,0.24403697120731146,0.25,1.1111111111111112,0,2,0.44423013051741916,False
1707,3,0.761813077965798,0.5,1.0,1,1,0.9003008429377231,True
1708,2,0.469095759318925,0.375,1.0,0,1,0.7227672301843012,True
1712,4,0.24519156903393743,0.2,1.0,1,1,0.5538916248240684,False
1713,3,0.34935849527994367,0.3333333333333333,1.0,0,2,0.6040901487707695,False
1716,4,0.5372705152290542,0.625,1.0,1,1,0.8561516493838803,True
1717,3,0.2299216278627858,0.16666666666666666,1.1111111111111112,1,1,0.45345847543325735,False
1718,4,0.6217849279347412,0.42857142857142855,1.0101010101010102,1,1,0.8105268738767939,True
1721,2,0.7994046863148442,0.6666666666666666,1.0,1,1,0.9858559766746158,True
1722,4,0.30400741732423003,0.1111111111111111,1.0031678986272439,1,1,0.5420613799114425,False
1724,4,0.38956259592314424,0.4,1.0,1,1,0.6990982553956333,False
1725,4,0.4597619418857588,0.0,1.09,2,2,0.4491836893796109,False
1726,4,0.7885101121474474,0.5714285714285714,1.0,1,1,0.9415043337774776,True
1727,4,0.7017074163441749,0.2,1.038421599169263,2,1,0.6445412736713131,False
1728,3,0.8416213693252179,1.0,1.002227171492205,1,1,1.0,True
1730,4,0.3511201322358356,0.375,1.024,1,1,0.6722062471486915,False
1734,4,0.5920805505228934,0.4,1.0343035343035343,1,2,0.7358916645098116,False
1735,4,0.4340362589913342,0.2,1.0,1,1,0.6348250633772384,False
1736,4,0.5122026264752444,0.6,1.003118503118503,1,2,0.7849916018227239,False
1737,4,0.38109213247505686,0.3333333333333333,1.0,1,1,0.6676902789972465,False
1739,4,0.1548134581294145,0.125,5.714285714285714,1,1,0.32390814872213003,False
1743,4,0.40903774619457506,0.3,1.0114942528735633,1,1,0.6657780817024369,True
1745,4,0.5303170578476827,0.5,1.0114942528735633,1,1,0.8010882628871021,True
1746,4,0.5222359062154283,0.3333333333333333,1.0142857142857142,1,1,0.7281804677431201,True
1747,2,0.9547950187028285,1.0,1.0,1,1,1.0,True
1749,4,0.2387872242496686,0.0,1.04,0,1,0.5094802389641436,False
1750,4,0.007057896149350327,0.0,1.0,2,1,0.345,False
1751,3,0.854442318501633,0.8333333333333334,1.0,1,1,1.0,True
1752,2,0.8959290590325563,0.8571428571428571,1.0,1,1,1.0,True
1753,2,0.9999999999999998,1.0,1.0,1,1,1.0,True
1754,4,0.5117166044085354,0.4,1.0062893081761006,1,1,0.7514499733179438,True
1757,4,0.00902184549230003,0.0,1.12,0,2,0.32,False
1758,4,0.24858139846790345,0.25,1.1304347826086956,1,1,0.49617774220053,False
1760,4,0.4745853497322062,0.2222222222222222,1.0285714285714285,1,1,0.6614625043825857,False
1764,4,0.36755281010995006,0.3333333333333333,1.0,1,1,0.6618877122693436,False
1766,3,0.9621837340256038,1.0,1.0,1,1,1.0,True
1768,4,0.4072162324858728,0.14285714285714285,1.0,0,1,0.5995212424939454,False
1769,4,0.6746273075401783,0.2857142857142857,1.0166666666666666,1,1,0.7736497984696002,True
1770,3,0.6428947376926925,0.7142857142857143,1.0,1,1,0.9326691732968682,True
1771,4,0.4162271470821929,0.3333333333333333,1.0,0,1,0.6827481424003049,True
1772,4,0.6151565800025842,0.6666666666666666,1.04,0,1,0.9068925025407901,True
1776,4,0.562625777523322,0.42857142857142855,1.0,0,1,0.7851729522719,True
1779,4,0.4501745266679701,0.3,1.0256410256410255,1,1,0.6834081304767491,True
1781,4,0.12553623322750707,0.125,1.12,0,1,0.3913607666213125,False
1782,4,0.7731074696041418,0.75,1.0256410256410255,1,1,0.9884746298303464,True
1783,4,0.5734895057940183,0.14285714285714285,1.0227272727272727,0,1,0.6707812167688649,False
1784,4,0.05449877921462301,0.0,1.0416666666666667,1,1,0.44999999999999996,False
1785,4,0.0,0.0,1.0563380281690142,1,1,0.44999999999999996,False
1786,4,0.08658799762934097,0.09090909090909091,1.1111111111111112,1,2,0.32,False
1787,4,0.4727377233486444,0.4444444444444444,1.0909090909090908,1,1,0.753263257096509,True
1788,3,0.466987541637777,0.25,1.0,1,1,0.6697803749876187,True
1790,3,0.11118126173369915,0.1111111111111111,1.0166666666666666,1,1,0.4594215989440721,False
1795,3,0.8036512149408069,0.5555555555555556,1.0,1,1,0.9398148148148149,True
1798,4,0.8705009429655052,0.7142857142857143,1.009090909090909,1,1,1.0,True
1799,4,0.7006057297101375,0.4444444444444444,1.0285714285714285,1,1,0.8509209741085775,True
1803,4,0.5454477940889746,0.2857142857142857,1.0020689655172415,1,1,0.7182871498476557,True
1805,4,0.08469037543542166,0.0,1.1666666666666667,1,1,0.37,False
1806,3,0.7973606178175805,0.5555555555555556,1.0,1,1,0.9386836510223493,True
1811,3,0.5679388974334219,0.625,1.0,1,1,0.8692952417571809,True
1812,4,0.7270083405433453,0.5,1.125,1,1,0.805384526899529,True
1813,4,0.27112102211117733,0.125,1.025,1,1,0.533754247571457,False
1815,4,0.3980523448873517,0.3,1.1578947368421053,2,1,0.47607005257076973,False
1817,4,0.6591346423615289,0.6666666666666666,1.0,1,1,0.9257402435517663,True
1818,3,0.7108595884867053,0.7142857142857143,1.0,1,1,0.9617969664943022,True
1819,4,0.8022840922151464,0.8571428571428571,1.0,1,1,1.0,True
1820,4,0.8147703296782423,1.0,1.0,1,1,1.0,True
1821,4,0.7762513549672083,0.8571428571428571,1.0,1,1,0.9898220092716608,True
1824,4,0.300893277023997,0.2222222222222222,1.0,2,1,0.48202304465049606,False
1825,2,0.8215193434427484,0.7142857142857143,1.0,1,1,1.0,True
1827,4,0.4087379450300105,0.2222222222222222,1.0,1,1,0.6332421880816447,False
1829,3,0.7279913800268113,0.6666666666666666,1.0,1,2,0.9052502739797447,False
1831,3,0.7972048370796809,0.42857142857142855,1.0,1,2,0.8357068349389111,False
1833,4,0.0056841991898278635,0.0,1.12,1,1,0.37,False
1836,2,0.8691838080211104,1.0,1.0,1,2,0.9500000000000001,False
1837,3,0.09464138337417002,0.14285714285714285,1.0909090909090908,1,2,0.41785714285714287,False
1838,2,0.8954791580851367,0.8,1.0,1,2,0.9500000000000001,False
1839,4,0.9103377341373934,1.0,1.0,1,1,1.0,True
1840,4,0.8146148476791502,0.6,1.0,1,1,0.9583333333333333,True
1841,4,0.723449035602824,0.6666666666666666,1.0,1,1,0.9533035549408928,True
1842,4,0.963402613628445,1.0,1.0,1,1,1.0,True
1843,4,0.7434184604008819,0.42857142857142855,1.0,1,1,0.862655530647997,True
1844,4,0.9715475412946925,1.0,1.0,1,1,1.0,True
1845,2,0.852742217728987,0.8,1.0,0,1,1.0,True
1846,4,0.6247095500056785,0.2857142857142857,1.0,1,1,0.7522564738119575,True
1847,3,0.9338703506573414,1.0,1.0,1,1,1.0,True
1848,4,0.495643534983154,0.2857142857142857,1.0416500000000002,1,1,0.6969424673737327,True
1849,3,0.8413300166570585,0.8,1.0,1,1,1.0,True
1850,2,0.7557256502391066,0.5714285714285714,1.0,1,1,0.9274538501024743,True
1851,4,0.5216677023966004,0.2857142857142857,1.0416500000000002,1,1,0.7080956819794954,True
1853,3,0.989162268311882,1.0,1.0,1,1,1.0,True
1856,3,0.33102352423235853,0.2222222222222222,1.0,0,1,0.5999360077397938,False
1857,3,0.7623628758104715,0.5,1.0,1,1,0.9005364705854402,True
1859,3,0.5252779520753412,0.4444444444444444,1.0,0,1,0.775780497979379,True
1860,4,0.9807272980141539,1.0,1.0,1,1,1.0,True
1861,2,0.7393880260022273,0.625,1.0,0,1,0.9427734397152403,True
1863,4,0.21495500657063385,0.125,1.0,1,1,0.5096830980540812,False
1865,4,0.25279036413057904,0.16666666666666666,1.1538461538461537,1,1,0.46325936240516874,False
1866,3,0.12480418308635972,0.09090909090909091,1.1764705882352942,1,1,0.3806303641798684,False
1870,4,0.22855291942000786,0.2222222222222222,1.1194937424874496,0,1,0.47602003424878636,False
1872,3,0.8352908565481186,0.625,1.0,1,1,0.96875,True
1873,4,0.25485607838578855,0.2,1.0,1,1,0.5580335574034332,False
1874,3,0.7028177474358198,0.5,1.0,1,1,0.8750171298534466,True
1875,4,0.049334068735223925,0.0,1.0,0,1,0.44999999999999996,False
1876,4,0.5282392505620441,0.3,1.0,1,1,0.7168644407170666,True
1882,4,0.0,0.0,1.1666666666666667,0,1,0.37,False
1883,4,0.25845982199040807,0.1111111111111111,1.0,1,1,0.5225409819112331,False
1884,4,0.4380357396820198,0.375,1.0555333333333332,0,1,0.7094557931970561,True
1885,3,0.5290327144766477,0.3333333333333333,1.0417,1,1,0.7310933855693569,True
1887,3,0.5511077668059059,0.4444444444444444,1.0555333333333332,0,1,0.7868504185781926,True
1888,4,0.807107342941448,0.8,1.0,1,1,1.0,True
1891,4,0.051506823816529115,0.0,1.0,0,2,0.39999999999999997,False
1893,4,0.1894697410647523,0.14285714285714285,1.0,0,1,0.5062013175991795,False
1895,4,0.2835814235103045,0.14285714285714285,1.0,0,3,0.4965348957901305,False
1896,2,0.8598276026009589,0.75,1.0,1,1,1.0,True
1897,3,0.33106350062860546,0.45454545454545453,1.0,0,3,0.6467544872823894,False
1900,4,0.8101802510586975,0.8,1.0,1,1,1.0,True
1901,3,0.7756643892017183,0.8571428571428571,1.0,0,3,0.9395704525150222,False
1902,2,0.9571133190860335,1.0,1.0,1,2,0.9500000000000001,False
1903,3,0.67687391879123,0.6666666666666666,1.0,1,1,0.9333427905930669,True
1904,4,0.5913437158801741,0.5714285714285714,1.0,1,1,0.8570044496629319,True
1905,4,0.6341578642606283,0.5714285714285714,1.0,1,1,0.8753533703974121,True
1906,4,0.6001977506229018,0.625,1.0256410256410255,1,1,0.8831204645526722,True
1907,3,0.7207499149474417,0.8,1.0,1,1,0.9660356778346177,True
1908,3,0.6060013358535393,0.6666666666666666,1.0,1,1,0.9029688264769138,True
1909,3,0.19394483261700698,0.0,1.0526315789473684,1,1,0.4902620711215744,False
1910,4,0.7008808639277986,0.3,1.0,1,1,0.7908537035881043,True
1912,3,0.6954696282642929,0.4,1.0112359550561798,1,1,0.8302012692561256,True
1913,4,0.81155661667743,0.5,1.0,1,1,0.9166666666666667,True
1914,3,0.6029872076792512,0.5714285714285714,1.0,1,1,0.861994517576822,True
1915,4,0.6098544930084563,0.3,1.1111111111111112,1,1,0.6718424017655289,True
1917,3,0.7099261408723602,0.4,1.0112359550561798,1,1,0.8363969175167258,True
1918,2,0.8950243659653803,0.7142857142857143,1.0,1,1,1.0,True
1921,4,0.2417511954680922,0.1,1.0,1,1,0.510750512343468,False
1922,4,0.3601221007684439,0.2857142857142857,1.0174603174603174,1,1,0.6388618527102855,False
1924,3,0.7099097420263454,0.5714285714285714,1.0,1,1,0.9078184608684339,True
1925,4,0.7864705064793652,0.8571428571428571,1.0,1,1,0.9942016456340137,True
1927,4,0.22043397867496423,0.15384615384615385,1.1538461538461537,2,1,0.3390504597251678,False
1928,3,0.8748558669380777,0.7142857142857143,1.0023584905660379,1,1,1.0,True
1929,4,0.8123091705826477,0.7142857142857143,1.0,1,1,1.0,True
1930,4,0.2123617133354688,0.1111111111111111,1.0613207547169812,1,1,0.5027846496305448,False
1931,4,0.7942336437987615,0.6666666666666666,1.0,1,1,0.9836398155962947,True
1933,4,0.832525501888976,0.75,1.0,1,1,1.0,True
1936,3,0.5964824193982464,0.3,1.0256410256410255,1,1,0.746111513075439,True
1937,4,0.6855165576510458,0.4444444444444444,1.0256410256410255,1,1,0.8444541860832524,True
1938,4,0.6362491953010754,0.5,1.0,1,1,0.8464877503671275,True
1939,4,0.48373246221659666,0.3333333333333333,1.0256410256410255,1,2,0.6616789917436208,False
1940,4,0.7247321139697412,0.625,1.0,1,1,0.9364923345584606,True
1941,2,0.5474184899500373,0.42857142857142855,1.0,0,1,0.7786555433119207,True
1943,4,0.12725458461645325,0.0,1.1555555555555554,1,1,0.3816805362641942,False
1944,2,0.7195949828206316,0.5454545454545454,1.0,1,1,0.9011467675291884,True
1945,4,0.32628813631168574,0.18181818181818182,1.1555555555555554,2,1,0.39607153893877445,False
1946,3,0.532734662744303,0.23076923076923078,1.0015625,1,1,0.6899448920918808,False
1947,4,0.6826414710956186,0.3333333333333333,1.0,1,1,0.7969257098346302,True
1948,4,0.5830466037698261,0.375,1.0,1,1,0.7716033063775445,True
1949,4,0.44048193935838853,0.36363636363636365,1.1647058823529413,1,1,0.62576931600208,True
1951,3,0.6376611732604023,0.45454545454545453,1.1647058823529413,1,1,0.7481534898388736,True
1955,4,0.898698362333049,0.7142857142857143,1.0030769230769232,1,1,1.0,True
1957,4,0.47758042015422264,0.5,1.1666666666666667,0,1,0.6984868467327621,True
1958,4,0.2764618593862631,0.2857142857142857,5.230769230769231,1,1,0.4430074635464937,False
1959,4,0.7761046650375178,0.5714285714285714,1.0,1,1,0.9361877135875076,True
1960,4,0.5747745755410606,0.42857142857142855,1.0059970014992503,1,1,0.7903795799937878,True
1961,4,0.722078244186512,0.5,1.0055762081784387,1,1,0.8832716284608861,True
1962,4,0.31595169229108017,0.2857142857142857,1.092896174863388,1,1,0.6199316776485582,False
1965,4,0.8667830648073112,0.625,1.0,1,1,0.96875,True
1966,3,0.0,0.0,1.125,0,1,0.37,False
1967,4,0.6168258848036476,0.4,1.0,1,1,0.7964968077729919,True
1968,4,0.7936397215797546,0.7,1.0125,1,1,0.9972741663913234,True
1969,4,0.7106441923998971,0.5714285714285714,1.0,1,1,0.9081332253142416,True
1970,3,0.5860426879502254,0.5714285714285714,1.1657559198542806,1,1,0.7747325805500966,True
1971,4,0.7638124542450557,0.6666666666666666,1.0073529411764706,1,1,0.9706021629304207,True
1972,4,0.5852807275851558,0.2857142857142857,1.0073529411764706,1,1,0.7353584070603049,True
1973,4,0.5816124438171508,0.4444444444444444,1.0256410256410255,1,2,0.7499238515830119,False
1975,2,0.8442276103838224,0.8,1.0,1,1,1.0,True
1976,2,0.9164726518132215,1.0,1.0043988269794721,1,1,1.0,True
1979,4,0.43371925453511123,0.2,1.036697247706422,1,1,0.6346892043245714,False
1980,4,0.5649353386399287,0.2857142857142857,1.0046224961479198,1,1,0.7266389546552076,True
1983,4,0.21602138452821115,0.2,1.0015408320493064,1,1,0.5413901171787572,False
1985,3,0.5293608860959956,0.14285714285714285,1.0,1,1,0.6518689511839981,False
1986,4,0.3063302442408161,0.3333333333333333,1.169811320754717,0,1,0.5556494697540005,False
1987,3,0.9637491999081286,1.0,1.0,1,1,1.0,True
1988,3,0.9469423501385079,1.0,1.0,1,1,1.0,True
1989,4,0.8112352731772964,0.8571428571428571,1.02,1,1,1.0,True
1990,3,0.3376459183062453,0.2857142857142857,1.0753846153846154,1,1,0.629229203083629,False
1991,4,0.8851527408442645,0.8333333333333334,1.0,1,1,1.0,True
1992,4,0.33063972209041037,0.1111111111111111,1.0,1,1,0.553475224811234,False
1993,4,0.6824856770792344,0.6666666666666666,1.0125,1,1,0.9357478298593545,True
1994,4,0.4512189169942689,0.375,1.0444444444444445,1,1,0.7151057263308771,True
1995,4,0.38262536347242343,0.4444444444444444,1.0427350427350428,1,1,0.7146436742924143,False
1996,4,0.5924672467746084,0.5,1.0101010101010102,1,1,0.8277240581414989,True
1997,4,0.4784251301227975,0.42857142857142855,1.0118279569892472,1,1,0.749086960528818,True
1998,3,0.5030316412308746,0.42857142857142855,1.1538461538461537,1,1,0.6796326081465653,True
2000,4,0.44445636382730014,0.4444444444444444,1.0427350427350428,1,1,0.7411426744445043,True
2002,3,0.5999947253530021,0.5,1.0,1,1,0.8309501203893819,True
2004,4,0.7072493969918792,0.8333333333333334,1.001063829787234,1,1,0.9602497415679483,True
2006,4,0.6863574516358129,0.5555555555555556,1.1666666666666667,1,1,0.8111108655158775,True
2009,3,0.7044498252026902,0.42857142857142855,1.0,1,1,0.8459546869916292,True
2014,4,0.7786476915186888,0.5714285714285714,1.0,1,1,0.9372775820794381,True
2015,3,0.1953566292573953,0.2222222222222222,5.2,1,1,0.3817930527505239,False
2016,4,0.5489776081749888,0.5714285714285714,1.0476190476190477,0,3,0.7888475463607095,False
2018,4,0.38346204143883617,0.2222222222222222,1.1764705882352942,1,1,0.5424096579711414,False
2019,3,0.07016262413130381,0.08333333333333333,1.0101010101010102,1,1,0.44999999999999996,False
2022,4,0.546397629956144,0.375,1.1,1,1,0.755896603314538,True
2023,2,0.8393987603030354,1.0,1.0909090909090908,0,1,1.0,True
2024,2,0.7725665137675138,0.6,1.0101010101010102,1,1,0.946576124947982,True
2025,2,0.707387549583373,0.8,1.0909090909090908,0,1,0.9603089498214457,True
2026,4,0.14106810458001917,0.1,1.1647058823529413,1,1,0.38760061624857967,False
2027,4,0.7840647563873894,0.25,1.0,1,1,0.8056706098803097,True
2028,4,0.39053660939961643,0.1,1.0,1,1,0.5745156897426927,False
2029,3,0.0558065401628773,0.1111111111111111,1.1666666666666667,0,1,0.37462962962962965,False
2030,3,0.8906235862309972,0.42857142857142855,1.0,1,1,0.8869047619047619,True
2032,3,0.7193667899488622,0.2857142857142857,1.0,1,1,0.7928238623590362,True
2033,4,0.22234062631859305,0.2,1.1111111111111112,1,1,0.4640983636603494,False
2034,4,0.6508416159855721,0.7142857142857143,1.0227272727272727,1,1,0.936074978279531,True
2035,3,0.10707603316535788,0.1111111111111111,1.0,1,1,0.45766221527192585,False
2036,3,0.4143944667618801,0.2222222222222222,1.0,1,1,0.6356664116810175,False
2037,4,0.8455774674404655,0.8333333333333334,1.0,1,1,1.0,True
2038,3,0.5496120140774896,0.5714285714285714,1.0013888888888889,1,1,0.8391194346046384,True
2039,3,0.10632518198679401,0.125,1.050080775444265,1,1,0.46312745894672125,False
2040,4,0.2307710463268341,0.09090909090909091,1.1564625850340136,2,1,0.32104473414007173,False
2041,4,0.7145188532421848,0.7142857142857143,1.0,1,1,0.9633652228180791,True
2043,4,0.22584354855983002,0.2727272727272727,1.0465116279069768,2,1,0.47090264635248125,False
2044,4,0.7049758647645595,0.8333333333333334,1.0,1,1,0.9592753706133827,True
2045,4,0.5438642250458012,0.5,1.0,1,1,0.8068941916862957,True
2046,4,0.6448667108611552,0.3333333333333333,1.0,0,2,0.7307365268770031,False
2047,3,0.2578954978709226,0.2,1.0,0,1,0.5593361657542049,False
2049,4,0.6303668271210092,0.4,1.0,0,1,0.8023000687661468,True
2050,4,0.011338845328872336,0.0,1.0,0,1,0.44999999999999996,False
2052,4,0.6820082512595559,0.2,1.0,0,1,0.7410987743493335,False
2054,4,0.08601466826185195,0.0,1.0,0,1,0.44999999999999996,False
2056,4,0.005146929724116504,0.0,1.0,0,1,0.44999999999999996,False
2057,4,0.5806222233617044,0.2857142857142857,1.0,0,3,0.6833619052502543,False
2058,3,0.43005305689861434,0.3333333333333333,1.0,0,2,0.6386735323216284,False
2060,3,0.07269871476245211,0.0,1.1363636363636365,0,1,0.37,False
2062,4,0.790645588990274,0.5,1.0,0,1,0.9126576333767842,True
2063,4,0.1661568453538749,0.14285714285714285,1.0,0,1,0.4962100765802321,False
2064,4,0.01644518121123213,0.0,1.1111111111111112,0,1,0.37,False
2070,3,0.6261859742116849,0.6,1.0,0,2,0.8338416079954841,False
2071,4,0.9162892190617273,0.8,1.0,1,2,0.9500000000000001,False
2072,2,0.9635396384068206,1.0,1.0,1,2,0.9500000000000001,False
2073,2,0.6794273491532238,0.6666666666666666,1.0,0,1,0.9344371178910642,True
2074,4,0.0,0.0,1.0,0,1,0.44999999999999996,False
2075,4,0.03358345051631214,0.0,1.05,1,2,0.39999999999999997,False
2078,4,0.5381011980546332,0.3333333333333333,1.0201149425287357,2,2,0.5799798785313508,False
2079,4,0.6805297399934597,0.2857142857142857,1.0015384615384615,2,2,0.6211794123781494,False
2080,4,0.46805153453354675,0.25,1.0983086680761098,2,2,0.5152363719429486,False
2082,4,0.7318572301177219,0.6666666666666666,1.0031347962382446,1,3,0.9069070668758491,False
2084,4,0.0,0.0,1.0714285714285714,1,2,0.39999999999999997,False
2086,4,0.08534086100893279,0.125,1.0666666666666667,0,2,0.41041666666666665,False
2087,4,0.26814987546815083,0.2,1.125,0,1,0.48373089901015986,False
2091,4,0.3495472665315694,0.25,1.0,0,2,0.5694488285135298,False
2093,4,0.146702475079087,0.1111111111111111,1.0,0,2,0.42464497609209545,False
2097,4,0.7634844393626593,0.5714285714285714,1.0,1,3,0.8807790454411398,False
2098,2,0.39353462911376363,0.5,1.0,0,1,0.7424672220011368,False
2100,4,0.2781933378147764,0.25,1.0,0,1,0.5888685733491898,False
2101,3,0.7237989779407852,0.25,1.0,0,1,0.7798424191174794,True
2102,3,0.8220989482876724,0.8333333333333334,1.0,0,2,0.9500000000000001,False
2103,4,0.0,0.0,1.018181818181818,2,2,0.295,False
2106,2,0.9505445985190578,0.8888888888888888,1.0303030303030303,1,2,0.9500000000000001,False
2108,3,0.42243229398989823,0.2,1.0,1,2,0.5798519355194802,False
2109,4,0.3900143080283621,0.3333333333333333,1.0256410256410255,1,3,0.6215140685200917,False
2110,4,0.8182978002931381,1.0,1.0119047619047619,1,3,0.9500000000000001,False
2111,4,0.5985533352202823,0.6,1.1094108645753635,1,2,0.7419990484277401,False
2112,4,0.8419561958060267,1.0,1.0119047619047619,1,3,0.9500000000000001,False
2113,4,0.7744394889145816,1.0,1.0119047619047619,1,2,0.9390454952491064,False
2115,3,0.09099681447003341,0.25,1.0,0,2,0.46249999999999997,False
2116,4,0.4542769368696855,0.5,1.0,0,2,0.7184996396108178,False
2119,4,0.5373950937482599,0.42857142857142855,1.0,0,1,0.7743598020825875,True
2120,4,0.12708989659519043,0.1,1.0,0,1,0.46160995568365304,False
2122,4,0.09796071027696977,0.0,1.1733333333333333,1,1,0.37,False
2123,4,0.5023200393584241,0.25,1.0,0,1,0.6849228740107531,True
2125,4,0.6470921226651981,0.5,1.0,0,2,0.8011347192374659,False
2127,3,0.5625834609972924,0.4,1.0,0,1,0.7732500547131254,True
2130,4,0.759106913398464,0.6666666666666666,1.1764705882352942,1,1,0.8885855025675957,True
2131,4,0.14065034865984405,0.16666666666666666,1.0,0,1,0.49519935577485374,False
2133,4,0.006106922232861564,0.0,1.1428571428571428,0,2,0.32,False
2134,4,0.0,0.0,1.0294117647058822,1,1,0.44999999999999996,False
2135,3,0.0049541410082838775,0.0,1.1764705882352942,1,2,0.32,False
2140,4,0.18029846740276395,0.2,1.1111111111111112,0,3,0.39608029555356544,False
2141,2,0.9999999999999999,1.0,1.0,0,2,0.9500000000000001,False
2142,4,0.054792248208621816,0.1111111111111111,1.1111111111111112,0,2,0.3246296296296296,False
2143,4,0.7409354386571916,0.6666666666666666,1.1764705882352942,0,2,0.830797727678479,False
2144,4,0.3556932482987228,0.14285714285714285,1.1111111111111112,1,2,0.4474399635565955,False
2147,4,0.44328831428406373,0.3333333333333333,1.1428571428571428,0,2,0.564345785486821,False
2149,4,0.08515849518937524,0.0,1.0,0,2,0.39999999999999997,False
2150,4,0.5149484979002211,0.3333333333333333,1.0,0,2,0.6750572927508884,False
2151,4,0.5272535847806743,0.6666666666666666,1.0,0,2,0.8192197903028288,False
2153,3,0.002922508455119071,0.0,1.1764705882352942,0,2,0.32,False
2154,4,0.41240176217990826,0.5714285714285714,1.0,0,2,0.7303150409342464,False
2157,4,0.0,0.0,1.0666666666666667,1,2,0.39999999999999997,False
2159,4,0.03071271373190435,0.0,1.0,0,2,0.39999999999999997,False
2160,2,0.9673316174339417,1.0,1.0,1,2,0.9500000000000001,False
2161,4,0.007570320087673415,0.0,1.0,0,1,0.44999999999999996,False
2162,4,0.0,0.0,1.0,0,1,0.44999999999999996,False
2163,4,0.1619894096190232,0.2,1.0,0,1,0.5182335565033909,False
2164,4,0.004810593441394466,0.0,1.0,0,1,0.44999999999999996,False
2165,4,0.0,0.0,1.0,0,2,0.39999999999999997,False
2172,2,0.887794912758497,1.0,1.0,0,2,0.9500000000000001,False
2173,2,0.8942721620346352,1.0,1.0,0,2,0.9500000000000001,False
2174,4,0.7928349061204207,1.0,1.0126582278481013,1,2,0.9469292454801804,False
2177,4,0.6070469577759914,0.6,1.1111111111111112,0,2,0.7456391723801868,False
2178,4,0.8988638436826842,1.0,1.0,0,2,0.9500000000000001,False
2182,3,0.24210943416154643,0.125,1.025,1,2,0.471320709878758,False
2183,4,0.0,0.0,1.1111111111111112,1,2,0.32,False
2186,3,0.2147696593320544,0.25,1.175088131609871,2,2,0.32668699685659475,False
2187,4,0.07305181638696034,0.09090909090909091,1.1363636363636365,1,2,0.32,False
2188,4,0.12205232281086432,0.14285714285714285,1.0,0,2,0.4273081383475133,False
2189,4,0.24782851942569628,0.1111111111111111,1.0,1,2,0.4679847093834995,False
2191,4,0.8948495145567608,0.8,1.0,1,2,0.9500000000000001,False
2195,4,0.7202491290349543,0.8,1.0294117647058822,1,2,0.9158210553006948,False
2197,3,0.18189643087822419,0.2222222222222222,1.135857461024499,0,2,0.4060243963023077,False
2198,4,0.5392306017558938,0.2,1.0,0,2,0.6299083531334784,False
2200,4,0.5419998061177085,0.2857142857142857,1.0,2,2,0.5618094407171133,False
2201,2,0.9496046125980553,1.0,1.1002,0,2,0.8700000000000001,False
2202,4,0.3678275604765272,0.2222222222222222,1.049056603773585,0,2,0.565709166130152,False
2203,3,0.2560767003135691,0.2222222222222222,1.0,1,2,0.5178159403460271,False
2205,2,0.7171104951544414,0.8333333333333334,1.0,1,2,0.9144759264947607,False
2206,2,0.793360259365162,0.5714285714285714,1.0315422703099213,1,2,0.8935829682993551,False
2208,3,0.622348348338855,0.3333333333333333,1.0,1,2,0.7210858000817316,False
2209,4,0.853741592960345,0.8333333333333334,1.0,1,2,0.9500000000000001,False
2210,3,0.7376058578119589,0.6666666666666666,1.0146212121212121,1,2,0.9093707644590935,False
2213,3,0.17675551079208476,0.25,1.04,0,2,0.4953952189108935,False
2215,4,0.38502663069592785,0.25,4.0,1,2,0.4246542702982548,False
2220,4,0.6465511068589157,0.6666666666666666,1.0,0,2,0.8703472997649323,False
2222,2,0.8025384129634643,1.0,1.0185185185185186,0,2,0.9500000000000001,False
2225,4,0.3307724976882342,0.2,1.0,1,2,0.54056916567591,False
2227,4,0.2858526322077981,0.2,1.042857142857143,1,3,0.521317794755723,False
2229,2,0.6395333464179616,0.5714285714285714,1.0,1,1,0.8776571484648408,True
2230,2,0.8435110590343737,0.8,1.0,1,1,1.0,True
2231,4,0.5305687471462194,0.4,1.0,1,1,0.7595294630626654,True
2232,4,0.5834436573403337,0.5,1.0,0,1,0.8238568055268096,True
2234,3,0.5515906068289576,0.42857142857142855,1.0,0,1,0.7804435934028866,True
2235,4,0.5009226220445931,0.2857142857142857,1.0,1,1,0.6992049332572066,True
2237,4,0.25619733954350954,0.18181818181818182,1.0,0,1,0.5510326260381274,False
2239,4,0.06570344415485052,0.1111111111111111,1.0,1,1,0.4546296296296296,False
2240,4,0.27240202722414686,0.16666666666666666,1.0,0,1,0.5516643608738407,False
2242,4,0.7190831504469658,0.42857142857142855,1.0,0,1,0.8522261120963186,True
2243,3,0.2533833230904246,0.2,1.0,0,1,0.557402376562563,False
2246,4,0.21332108529472005,0.18181818181818182,1.0714285714285714,2,1,0.42765708850293194,False
2247,3,0.8126187398443993,0.8,1.0,0,1,1.0,True
2248,4,0.5544008013336411,0.2857142857142857,1.0,1,1,0.7221241529525129,True
2249,4,0.637730140822066,0.5,1.0,1,1,0.8471224413046949,True
2250,4,0.7510509851998516,0.5,1.0,1,1,0.8956885174666032,True
2251,4,0.3593137738404075,0.2222222222222222,1.0,1,1,0.6120604004289577,False
2253,4,0.5424901031773025,0.25,1.0,1,1,0.7021386156474153,True
2254,4,0.7856256946242195,0.5555555555555556,1.0,1,1,0.9336543982251946,True
2255,3,0.46399944219868366,0.2857142857142857,1.0,0,1,0.6833807133232453,True
2258,2,0.9318567634179588,1.0,1.0,0,1,1.0,True
2259,4,0.6763187970340004,0.5714285714285714,1.0,1,1,0.8934223415860003,True
2260,4,0.4608156543242646,0.5,1.0,0,1,0.7713019470913516,True
2261,3,0.9999999999999993,1.0,1.0,1,1,1.0,True
2262,4,0.6120877473994263,0.4,1.0,1,1,0.7944661774568971,True
2263,2,0.8011823526580889,0.5,1.0,1,1,0.9166666666666667,True
2264,4,0.05270232971043354,0.0,1.0,2,1,0.345,False
2265,4,0.40673985535452617,0.2222222222222222,1.0,0,1,0.6323858639350086,False
2267,4,0.31085307330954703,0.125,1.0,0,1,0.5507822695136154,False
2268,4,0.6262981484837795,0.3333333333333333,1.0,1,1,0.7727785715724135,True
2270,4,0.6982456792661156,0.5,1.0,1,1,0.8730576720664305,True
2271,4,0.4731607814102523,0.14285714285714285,1.0,1,1,0.6277831920329653,False
2272,4,0.7502856901369607,0.4,1.0,0,1,0.8536938672015546,True
2273,4,0.3751340673716664,0.1,1.0,2,1,0.4629146003021427,False
2274,4,0.3335102779183581,0.2857142857142857,1.0,0,1,0.6274567857745343,False
2275,4,0.9291661130357081,1.0,1.0,0,1,1.0,True
2277,4,0.7265294367942045,0.6666666666666666,1.0,1,1,0.9546237268800559,True
2279,4,0.002944574856712686,0.0,1.0714285714285714,0,1,0.44999999999999996,False
2281,2,0.8278634377938703,0.7142857142857143,1.0,0,1,1.0,True
2283,2,0.7355235266934769,0.5714285714285714,1.0,0,1,0.9187957971543472,True
2284,2,0.9999999999999999,1.0,1.0,0,1,1.0,True
2285,4,0.24318096617432144,0.1111111111111111,1.1111111111111112,2,1,0.3309929008471959,False
2286,3,0.06545348470684668,0.0,1.0,1,1,0.44999999999999996,False
2287,4,0.44689693817133475,0.4,1.0,0,1,0.7236701163591435,True
2288,2,0.6243203445928797,0.375,1.0,0,1,0.7892920524445675,True
2289,2,0.8278634377938703,0.7142857142857143,1.0,0,1,1.0,True
2290,2,0.8134958565103295,0.7142857142857143,1.0,0,1,1.0,True
2292,4,0.7676673739020974,0.5,1.0,0,1,0.9028098269104228,True
2293,4,0.9743299353020002,1.0,1.0,0,1,1.0,True
2294,4,0.0068699434073146775,0.0,1.0714285714285714,0,1,0.44999999999999996,False
2295,3,0.4388360188763499,0.3333333333333333,1.0,2,1,0.5874376588835151,False
2296,4,0.34640894002783756,0.16666666666666666,1.0,0,1,0.5833816092182795,False
2297,4,0.9565602639913641,1.0,1.0,0,1,1.0,True
2298,4,0.17391167132898602,0.0,1.0,2,1,0.37667643056956546,False
2301,4,0.8617314302217668,0.8333333333333334,1.0,1,1,1.0,True
2302,4,0.6731930416544574,0.5,1.0,1,1,0.8623208273757199,True
2303,4,0.6231295221255375,0.5,1.0,0,1,0.840865033291897,True
2304,4,0.7993494647001269,0.8,1.0,0,1,0.9997211991571973,True
2306,3,0.09650548822316873,0.0,1.0,0,1,0.44999999999999996,False
2307,4,0.04667786002306516,0.1111111111111111,1.0,2,1,0.3496296296296296,False
2308,4,0.9472222597329941,1.0,1.0,1,1,1.0,True
2310,4,0.5366525718027488,0.6,1.0,1,1,0.8454701498202257,True
2312,3,0.7727751748689274,0.625,1.0,1,1,0.957082217800969,True
2313,4,0.3308529683961977,0.0,1.0,0,1,0.5489369864555133,False
2314,4,0.34510835426218,0.5,1.0,2,1,0.616713104207601,False
2315,4,0.9731564006121961,1.0,1.0,1,1,1.0,True
2316,3,0.7548416748852966,0.5,1.0,1,1,0.8973130987603652,True
2317,3,0.14969615797147764,0.1,1.0,1,1,0.4712983534163475,False
2319,2,0.9442368856596324,1.0,1.0,0,1,1.0,True
2320,3,0.06447851710924761,0.09090909090909091,1.0,1,1,0.44999999999999996,False
2321,4,0.6106369640209374,0.3333333333333333,1.0,1,1,0.7660666353740526,True
2322,3,0.4800221808817817,0.25,1.0,1,1,0.6753666489493351,True
2324,3,0.32073076171346343,0.2857142857142857,1.0,1,1,0.621979850258151,False
2325,4,0.32259242731670124,0.125,1.0,1,1,0.5558134212309672,False
2326,4,0.9606074504452503,1.0,1.0,1,1,1.0,True
2327,4,0.0032288703362487337,0.0,1.0714285714285714,1,1,0.44999999999999996,False
2328,4,0.8170607970983917,1.0,1.0,1,1,1.0,True
2329,4,0.5853059186154477,0.3333333333333333,1.0,0,1,0.7552104730574141,True
2330,3,0.5304771598161883,0.5,1.0,0,1,0.8011568780164617,True
2331,4,0.6015505013501437,0.2857142857142857,1.0,2,1,0.6373311672452997,False
2332,4,0.07026259607505937,0.1,1.0714285714285714,1,1,0.44999999999999996,False
2333,4,0.5067799485619623,0.5,1.0,0,1,0.7910009303360791,True
2335,4,0.0,0.0,1.1363636363636365,0,2,0.32,False
2336,4,0.7151500271040905,0.5,1.0,1,1,0.8803023925684197,True
2339,4,0.861615220705232,0.6666666666666666,1.0,1,1,0.9861111111111112,True
2340,4,0.903526452892828,0.75,1.0,1,1,1.0,True
2341,4,0.336099475251817,0.25,1.0,0,1,0.6136854893936359,False
2342,3,0.7748501052601247,0.6666666666666666,1.0,1,1,0.9753325847940217,True
2343,4,0.9544818964088932,1.0,1.0,0,1,1.0,True
2344,4,0.965852419299626,1.0,1.0,0,1,1.0,True
2345,4,0.667745992432558,0.6666666666666666,1.0,0,1,0.929430822153636,True
2346,4,0.7470205796985774,0.375,1.0,1,1,0.8418778674898666,True
2347,4,0.3452044742535779,0.4,1.0,0,1,0.680087631822962,False
2348,4,0.3197749051055234,0.3,1.0,0,1,0.6275225783785576,False
2349,4,0.8330420933368465,0.625,1.0,1,1,0.96875,True
2350,4,0.41366311163105357,0.375,1.0,0,1,0.6990103811752134,True
2351,4,0.0,0.0,1.0,0,1,0.44999999999999996,False
2352,4,0.17797231535415967,0.16666666666666666,1.0142857142857142,0,1,0.5111944843581319,False
2353,4,0.1084419747736977,0.0,1.0,0,1,0.45361798918872753,False
2354,4,0.6699066601542296,0.5714285714285714,1.0,0,1,0.8906742829232412,True
2356,4,0.610941304691094,0.5,1.0,1,1,0.8356415115342783,True
2357,4,0.28669374898829714,0.125,1.0,1,1,0.5404282733759369,False
2358,3,0.7313467464574223,0.5714285714285714,1.0,1,1,0.9170057484817524,True
2359,4,0.9682123249114296,1.0,1.0,0,1,1.0,True
2360,4,0.0033775153508439335,0.0,1.0714285714285714,1,1,0.44999999999999996,False
2361,4,0.15675719167949043,0.0,1.0714285714285714,1,1,0.47432451071978166,False
2362,4,0.8575546030071525,0.6666666666666666,1.0,1,1,0.9861111111111112,True
2363,4,0.23052151230913928,0.4,1.0,0,2,0.5809377909896312,False
2364,4,0.2947026831680923,0.3333333333333333,1.0,0,1,0.6306662292942617,False
2365,4,0.26642648969432603,0.36363636363636365,1.0,0,1,0.6311741232889103,False
2366,4,0.007914936791165342,0.0,1.0,0,1,0.44999999999999996,False
2367,4,0.18747662148423128,0.18181818181818182,1.0,0,1,0.5215808897270082,False
2369,4,0.7039977008128081,0.5555555555555556,1.0,1,1,0.8986709723060184,True
2371,4,0.2989032831831299,0.2857142857142857,1.0,0,1,0.6126252166022937,False
2372,4,0.5107304923964704,0.25,1.0,0,1,0.6885273538842016,True
2373,3,0.3821087034887552,0.16666666666666666,1.0,1,1,0.5986815078443871,False
2374,4,0.42575481807131427,0.3333333333333333,1.0,0,1,0.6868314299670711,True
2375,4,0.24760441818185983,0.1,1.0,1,1,0.5132590363636542,False
2376,4,0.7831389664207808,0.75,1.0,1,1,0.9927738427517632,True
2377,4,0.0,0.0,1.0714285714285714,0,1,0.44999999999999996,False
2378,3,0.8939011106364251,1.0,1.0,1,1,1.0,True
2379,4,0.2862965802710439,0.25,1.0142857142857142,1,1,0.5923413915447331,False
2380,4,0.6510541433293894,0.5,1.0,1,1,0.8528327280935479,True
2381,4,0.32254753624749016,0.2727272727272727,1.0,1,1,0.6173472125043356,False
2382,4,0.9556506840260679,1.0,1.0,1,1,1.0,True
2383,4,0.9612803529467273,1.0,1.0,1,1,1.0,True
2384,4,0.7580087479101734,0.4444444444444444,1.0,1,1,0.8755222676228787,True
2385,4,0.5506072305403771,0.0,1.0,0,1,0.6431173845173045,False
2386,4,0.9571458706428931,1.0,1.0,1,1,1.0,True
2387,4,0.0,0.0,1.0,2,1,0.345,False
2388,4,0.6869349571392735,0.4,1.0,0,1,0.8265435530596887,True
2390,4,0.08585746649128852,0.07142857142857142,1.0,1,1,0.44999999999999996,False
2391,4,0.6162704497092273,0.25,1.0,0,1,0.7337587641610974,True
2392,4,0.11858668265585605,0.0,1.05692,1,1,0.457965721138224,False
2393,4,0.7390310176245278,0.25,1.0,1,1,0.7863704361247976,True
2394,4,0.16652602387460747,0.1111111111111111,1.0,1,1,0.48314078271874705,False
2395,4,0.9091435704539458,1.0,1.0,1,1,1.0,True
2396,4,0.6487611321693219,0.4,1.0,0,1,0.8101833423582809,True
2397,4,0.5820018784590392,0.5,1.0,0,1,0.8232389002919691,True
2398,4,0.5903448043614876,0.5,1.0,0,1,0.826814439964447,True
2399,4,0.7312716593175491,0.6666666666666666,1.0,0,1,0.9566561079614893,True
2400,4,0.29886422403600926,0.2,1.0,0,1,0.5768941912535278,False
2401,3,0.6458903018524409,0.25,1.0,1,1,0.7464529865081889,True
2402,4,0.8140768944480488,0.75,1.0,1,1,1.0,True
2403,4,0.22227355095227277,0.2857142857142857,1.0,0,1,0.5797839027890692,False
2404,4,0.4759414215551095,0.2857142857142857,1.0,0,1,0.6884987044759993,True
2405,4,0.6420854514436058,0.5,1.0,0,1,0.8489890029996406,True
2406,3,0.2028830888471673,0.14285714285714285,1.0,1,1,0.5119498952202145,False
2407,3,0.07519557998358795,0.0,1.0,1,1,0.44999999999999996,False
2409,4,0.9898130739860002,1.0,1.0,1,1,1.0,True
2411,4,0.3267624054135763,0.5,1.0142857142857142,0,1,0.7138505547010565,False
2412,4,0.7547363799954718,0.75,1.0,0,1,0.980601305712345,True
2413,4,0.9402927747672343,1.0,1.0,1,1,1.0,True
2414,4,0.15701787797307654,0.0,1.0,1,1,0.4744362334170328,False
2415,4,0.44758307622552673,0.5,1.0,0,1,0.7656308421918925,True
2416,4,0.167141406697124,0.25,1.0,0,1,0.5412748885844817,False
2417,4,0.7387836612547567,0.5555555555555556,1.0,1,1,0.9135792410668535,True
2418,4,0.19757636314881036,0.2,1.0,0,1,0.5334851080161568,False
2420,4,0.22693465014469275,0.2857142857142857,1.0,1,1,0.5817815167286778,False
2421,3,0.7331360858413594,0.5,1.0,1,1,0.8880107034558207,True
2422,4,0.24900219474559146,0.18181818181818182,1.0,0,1,0.5479489925533054,False
2423,2,0.32674795098739146,0.2222222222222222,1.0,0,1,0.5981036192062366,False
2424,4,0.3636848638165611,0.5,1.0,0,1,0.7296744654451929,False
2425,4,0.24407883026144275,0.125,1.0714285714285714,0,1,0.5221647367787136,False
2426,4,0.3432276435525234,0.4,1.0,0,1,0.6792404186653672,False
2428,4,0.5031616597112581,0.25,1.0,0,1,0.685283568447682,True
2430,4,0.2517777127354092,0.2,1.0,0,1,0.5567142578389849,False
2431,4,0.7587821391973267,0.5,1.0,1,1,0.8990018691798067,True
2432,3,0.4542567457149534,0.3333333333333333,1.0,1,1,0.6990465418143451,True
2433,4,0.27563791170549906,0.2727272727272727,1.0,0,1,0.5972430877006251,False
2434,4,0.7247117597100056,0.4,1.0,1,1,0.8427336113042883,True
2435,3,0.26830564562276016,0.16666666666666666,1.0,0,1,0.5499087687589607,False
2436,4,0.7499238495185008,0.25,1.0,1,1,0.791038792650786,True
2437,4,0.5693783666244003,0.6,1.0,1,1,0.8594954904580764,True
2438,3,0.468203253768594,0.6666666666666666,1.0,1,1,0.8439125055833656,True
2439,4,0.34651869954704595,0.25,1.0,0,1,0.6181508712344482,False
2440,3,0.27911020298225603,0.3333333333333333,1.0,0,1,0.6239837377860462,False
2441,4,0.696347532124714,0.6666666666666666,1.0,0,1,0.9416886248788456,True
2442,3,0.9568268219109141,1.0,1.0,0,1,1.0,True
2443,4,0.2769100487677704,0.1111111111111111,1.0,0,1,0.5304482219586741,False
2444,4,0.6845836604186689,0.5,1.0,0,1,0.8672025211318106,True
2445,4,0.5023966245158301,0.4,1.0,0,1,0.74745569622107,True
2446,3,0.7625959655469794,1.0,1.0,0,1,0.9839696995201339,True
2447,2,0.9999999999999996,1.0,1.0,0,1,1.0,True
2448,3,0.24088523272054185,0.125,1.0,0,1,0.5207960521183275,False
2449,4,0.23421595084194916,0.2857142857142857,1.0,0,1,0.5849020741703591,False
2450,4,0.6957450699624,0.5,1.0,0,1,0.8719859823648382,True
2451,4,0.004763675010933731,0.0,1.0,2,1,0.345,False
2452,4,0.15388651784526647,0.1,1.136,0,1,0.3930942219336856,False
2453,4,0.17380351187731302,0.14285714285714285,1.0,0,1,0.4994872193759913,False
2454,4,0.6702051354415907,0.75,1.0,0,1,0.9443736294749674,True
2456,4,0.8019436850803334,0.75,1.0,1,1,1.0,True
2457,4,0.8462232172708243,0.6,1.0,1,1,0.9583333333333333,True
2458,4,0.5022004047368548,0.25,1.0,1,1,0.6848716020300806,True
2459,4,0.6281694794438819,0.4,1.0,1,1,0.8013583483330924,True
2460,4,0.40334464449865126,0.125,1.0,1,1,0.5904215143089457,False
2461,4,0.26543767067662255,0.14285714285714285,1.0,1,1,0.5387590017185525,False
2462,4,0.9489757900391187,1.0,1.0,1,1,1.0,True
2463,4,0.5145537116517142,0.2,1.0,1,1,0.6693325430888298,False
2464,4,0.250273811330769,0.1,1.0,1,1,0.514403061998901,False
2465,4,0.9644747759375345,1.0,1.0,1,1,1.0,True
2466,4,0.0,0.0,1.0,1,1,0.44999999999999996,False
2467,4,0.35443015900631125,0.2,1.0,1,1,0.6007081633836572,False
2468,4,0.6963140749471729,0.6,1.0,1,1,0.9138965083106931,True
2469,4,0.6038183429192179,0.3333333333333333,1.0,1,1,0.7631443691876014,True
2470,4,0.9095134756081893,0.6666666666666666,1.0,1,1,0.9861111111111112,True
2471,4,0.6959650204886928,0.5,1.0,1,1,0.8720802468761064,True
2472,4,0.0,0.0,1.0,0,1,0.44999999999999996,False
2473,4,0.3258324677404264,0.16666666666666666,1.0,1,1,0.5745631210951033,False
2474,4,0.35918907226329544,0.16666666666666666,1.0,0,1,0.5888588087477615,False
2475,4,0.6835944766441305,0.5,1.0,1,1,0.8667785852284369,True
2476,4,0.6128602472971957,0.25,1.0,0,1,0.7322972488416553,True
2477,4,0.24456700743588713,0.125,1.0,1,1,0.5223739555677611,False
2478,4,0.4682092473905761,0.3333333333333333,1.0,1,1,0.7050261853896119,True
2479,4,0.22764593076186485,0.14285714285714285,1.0,1,1,0.5225625417550849,False
2480,4,0.741297427829041,0.6,1.0,1,1,0.9331750881172081,True
2481,4,0.8544204655934108,0.8,1.0,1,1,1.0,True
2482,4,0.2592688255671086,0.16666666666666666,1.0,1,1,0.5460358458779672,False
2483,4,0.6099725094009633,0.5714285714285714,1.0,1,1,0.8649882183146986,True
2484,4,0.16450750972937606,0.14285714285714285,1.0,0,1,0.49550321845544687,False
2485,4,0.09157487168184529,0.125,1.0,1,1,0.4604166666666667,False
2486,4,0.0038434171610189265,0.0,1.0,1,1,0.44999999999999996,False
2487,4,0.22428698767921065,0.14285714285714285,1.0,0,1,0.5211229947196617,False
2488,4,0.2817388810050502,0.16666666666666666,1.0,0,1,0.555665869637085,False
2489,4,0.9187497173487762,0.6666666666666666,1.0,1,1,0.9861111111111112,True
2490,4,0.26308861624239227,0.2,1.0,0,1,0.5615617879134062,False
2491,4,0.9792814942351288,1.0,1.0,0,1,1.0,True
2492,4,0.8757413918208223,1.0,1.0,1,1,1.0,True
2493,4,0.11813693089756923,0.0,1.0,0,1,0.4577729703846726,False
2494,4,0.34567808199062994,0.2,1.0,1,1,0.5969572732340795,False
2495,4,0.8891071744324043,1.0,1.0,0,1,1.0,True
2496,4,0.006390514766638333,0.0,1.0,1,1,0.44999999999999996,False
2497,4,0.0,0.0,1.0,0,1,0.44999999999999996,False
2498,4,0.07636788922388958,0.1,1.0,1,1,0.44999999999999996,False
2499,4,0.7189237704087301,0.75,1.0,1,1,0.9652530444608842,True
2500,3,0.1241008295424541,0.16666666666666666,1.0714285714285714,1,1,0.48810670472454376,False
2501,4,0.004132740667122163,0.0,1.0,1,1,0.44999999999999996,False
2503,4,0.33429193386693257,0.14285714285714285,1.0,2,1,0.46326797165725686,False
2504,4,0.32101881412966654,0.25,1.0,2,1,0.5022223489127142,False
2505,4,0.06800070629140607,0.0,1.0,0,1,0.44999999999999996,False
2506,4,0.024524645869918305,0.0,1.0,0,1,0.44999999999999996,False
2507,4,0.4675662282846195,0.16666666666666666,1.0,1,1,0.635306161328329,False
2508,4,0.003157835026874978,0.0,1.0,2,1,0.345,False
2509,4,0.37858054307385086,0.3333333333333333,1.0,0,1,0.6666138835395868,False
2510,4,0.8085812585211578,0.6,1.0,1,1,0.9583333333333333,True
2512,3,0.9495464873534086,1.0,1.0,0,1,1.0,True
2513,4,0.0,0.0,1.0,1,1,0.44999999999999996,False
2514,4,0.0,0.0,1.0,0,1,0.44999999999999996,False
2515,4,0.24047656261161093,0.16666666666666666,1.0,1,1,0.5379820188970396,False
2516,4,0.34358605361713007,0.16666666666666666,1.0,0,1,0.5821718007565478,False
2517,4,0.8221916842592869,0.6,1.0,1,1,0.9583333333333333,True
2518,4,0.10001511729355778,0.0,1.0,0,1,0.45000647884009615,False
2519,4,0.0,0.0,1.0,2,1,0.345,False
2520,3,0.935119731506646,1.0,1.0,1,1,1.0,True
2521,4,0.1719066047497746,0.09090909090909091,1.0,0,1,0.48081711632133195,False
2522,4,0.3167432856291368,0.2,1.0,0,1,0.584556646222011,False
2524,4,0.0,0.0,1.0,0,1,0.44999999999999996,False
2525,3,0.3008898895782858,0.2,1.0,0,1,0.5777623336287891,False
2526,4,0.03281674084984062,0.0,1.0,0,1,0.44999999999999996,False
2527,4,0.20140313798735643,0.0,1.0135135135135136,1,1,0.493458487708867,False
2528,4,0.7379424552646114,0.25,1.067951515151515,1,1,0.7859039093991192,True
2529,4,0.79911261138868,0.5714285714285714,1.0,1,1,0.94604826202372,True
2530,4,0.20348607273476702,0.125,1.0,1,1,0.5047678406958526,False
2531,4,0.13153176763003932,0.14285714285714285,1.0,0,1,0.4813707575557311,False
2532,4,0.48850077669110736,0.2857142857142857,1.0,0,1,0.6938812852485698,True
2534,4,0.14578406633376498,0.16666666666666666,1.1314285714285715,1,1,0.4173995204922485,False
2535,3,0.7510152484227273,0.375,1.101325,1,1,0.763589868371645,True
2536,4,0.0,0.0,8.8,1,1,0.29000000000000004,False
2537,4,0.7118402560381689,0.5,1.0153846153846153,0,1,0.8788839192544533,True
2538,4,0.0,0.0,1.1666666666666667,1,1,0.37,False
2542,4,0.00605774448922331,0.0,1.0057142857142858,0,1,0.44999999999999996,False
2543,4,0.5582772328711586,0.5714285714285714,1.0,0,1,0.8428330998019251,True
2545,4,0.011790427640562585,0.0,1.0153846153846153,1,1,0.44999999999999996,False
2546,4,0.27104930423363216,0.16666666666666666,1.0,0,1,0.5510846224493344,False
2547,4,0.5255565695070036,0.5,1.0153846153846153,0,1,0.7990480535982396,True
2548,4,0.5620540255232578,0.4,1.0011123470522805,1,1,0.773023153795682,True
2549,4,0.004510988667352118,0.0,12.121212121212121,1,1,0.29000000000000004,False
2550,3,0.480333922791233,0.4,1.0,1,1,0.7380002526248142,True
2551,3,0.0,0.0,4.693333333333333,1,1,0.29000000000000004,False
2552,4,0.5997033605687244,0.6666666666666666,1.0,1,1,0.900269694211993,True
2553,4,0.5452577553184687,0.25,1.0,0,1,0.7033247522793437,True
2554,4,0.0,0.0,1.1363636363636365,1,1,0.37,False
2555,4,0.07638007756627713,0.0,1.5,3,1,0.185,False
2556,4,0.009285947113735855,0.0,1.1363636363636365,1,1,0.37,False
2557,4,0.42053978341180903,0.4,1.0,0,1,0.7123741928907753,True
2558,4,0.9514077049139988,1.0,1.0,1,1,1.0,True
2559,4,0.5974255389725568,0.2,1.0,0,1,0.7048490405120481,False
2560,4,0.29805641055549364,0.16666666666666666,1.0,1,1,0.5626590965872751,False
2561,4,0.47029508835897293,0.2857142857142857,1.000432004729315,1,1,0.6860788473919408,True
2563,4,0.2724500544203543,0.2857142857142857,1.0,1,1,0.6012881185611042,False
2564,4,0.7109799524647742,0.5714285714285714,1.0,1,1,0.9082771224849033,True
2565,4,0.28287305229080373,0.3333333333333333,1.0,0,2,0.5755963874897095,False
2566,4,0.4876679661111025,0.375,1.0,1,1,0.7307267473809487,True
2567,4,0.27798486320184596,0.16666666666666666,1.0,1,1,0.5540570048642832,False
2568,4,0.3832141877664837,0.25,1.0,0,1,0.6338775090427787,False
2569,4,0.4361295520075361,0.16666666666666666,1.0,1,1,0.6218333000667218,False
2570,4,0.025940569457186726,0.0,1.0,0,1,0.44999999999999996,False
2571,3,0.39347173220012144,0.25,1.0,1,1,0.6382735995143378,False
2572,4,0.515756369266606,0.4,1.0,1,1,0.7531813011142598,True
2573,4,0.6009334827052325,0.42857142857142855,1.0,1,1,0.8015905402070045,True
2574,4,0.06021409413896032,0.125,1.0,2,1,0.3554166666666667,False
2575,4,0.024029679726640208,0.0,1.0,1,1,0.44999999999999996,False
2576,4,0.006861962061827127,0.0,1.0,1,1,0.44999999999999996,False
2577,4,0.6352663714939574,0.3333333333333333,1.0,1,1,0.7766220957196326,True
2578,4,0.8000812943754881,0.5,1.0,0,1,0.9166666666666667,True
2579,4,0.4275941384824535,0.4,1.0,1,1,0.7153974879210515,True
2580,4,0.3808073389868936,0.2857142857142857,1.0,0,1,0.6477269548039067,False
2581,4,0.0,0.0,1.0,0,1,0.44999999999999996,False
2582,3,0.07930580175811833,0.1111111111111111,1.0,0,1,0.4546296296296296,False
2583,4,0.690713261906151,0.5,1.0003409187761017,1,1,0.8698294931978743,True
2584,4,0.3619862513683993,0.4,1.0,0,1,0.6872798220150282,False
2585,2,0.8862366913016945,1.0,1.0,0,1,1.0,True
2586,4,0.45034247687398854,0.5,1.0,0,1,0.7668134424698047,True
2587,4,0.12049073529195868,0.0,1.1363636363636365,0,1,0.3787817436965537,False
2588,4,0.4174732261199308,0.14285714285714285,1.0,0,1,0.6039170969085418,False
2589,4,0.7308985254538661,0.4,1.0057142857142858,1,2,0.7953850823373713,False
2591,4,0.5633858207074661,0.2857142857142857,1.0,1,1,0.725974875541295,True
2592,4,0.0,0.0,1.0,0,1,0.44999999999999996,False
2593,4,0.6044187008913524,0.6666666666666666,1.0,0,1,0.9022905543502622,True
2594,4,0.6698352581392337,0.3333333333333333,1.0,0,1,0.7914373328533224,True
2595,4,0.3312634036091362,0.125,1.0,1,1,0.5595295539277251,False
2596,4,0.2271713190784312,0.14285714285714285,1.0,0,1,0.522359136747899,False
2597,4,0.2659232977910125,0.2857142857142857,1.0,0,1,0.5984909371485292,False
2599,4,0.4076293341411278,0.4,1.0,0,1,0.7068411432033405,True
2600,4,0.033596043976317776,0.0,1.0,0,1,0.44999999999999996,False
2601,4,0.3717124546140563,0.2857142857142857,1.0,0,1,0.6438291472155478,False
2603,4,0.0,0.0,1.0,1,1,0.44999999999999996,False
2604,4,0.37507289593707926,0.25,1.0,2,1,0.525388383973034,False
2605,4,0.0,0.0,1.0,0,1,0.44999999999999996,False
2606,4,0.32797652363213264,0.25,1.0,1,1,0.6102042244137711,False
2607,4,0.02702319176549801,0.0,1.0,1,1,0.44999999999999996,False
2608,3,0.910317993694725,1.0,1.0012045454545455,1,1,1.0,True
2609,4,0.36506831043129917,0.4,1.0,0,1,0.6886007044705568,False
2610,4,0.2732993880716051,0.2222222222222222,1.0,1,1,0.5751970922423281,False
2611,4,0.05038321547593563,0.0,1.0,0,1,0.44999999999999996,False
2612,4,0.0,0.0,1.0,1,1,0.44999999999999996,False
2613,4,0.5015408097481051,0.3333333333333333,1.0,0,1,0.7193111406856958,True
2614,4,0.034156585646330416,0.0,1.0,1,2,0.39999999999999997,False
2615,4,0.18927479897187843,0.14285714285714285,1.0,0,1,0.5061177709879479,False
2616,4,0.7542395493841483,1.0,1.0,1,1,0.980388378307492,True
2617,4,0.0,0.0,1.0,0,1,0.44999999999999996,False
2618,4,0.22474972299306514,0.16666666666666666,1.0,1,1,0.5312419447748057,False
2619,4,0.954674813090443,1.0,1.0,1,1,1.0,True
2620,3,0.9039967808653412,0.6666666666666666,1.0,1,1,0.9861111111111112,True
2621,4,0.3781310479353507,0.14285714285714285,1.0,0,1,0.5870561634008646,False
2622,4,0.23879667918682232,0.2222222222222222,1.0,0,1,0.5604102170059926,False
2623,4,0.28680636676405213,0.16666666666666666,1.0,0,1,0.5578376492480858,False
2624,4,0.9080986758415467,1.0,1.0,1,1,1.0,True
2625,4,0.40529088935888563,0.4,1.0,1,1,0.7058389525823795,True
2626,4,0.06037219263845349,0.0,1.0,2,1,0.345,False
2627,3,0.5866801993245866,0.2222222222222222,1.0057142857142858,1,1,0.7095031542078916,False
2628,4,0.180397169787791,0.09090909090909091,1.0,1,1,0.4844559299090533,False
2629,4,0.029441953723150466,0.0,1.0,1,1,0.44999999999999996,False
2630,4,0.0,0.0,1.0,0,1,0.44999999999999996,False
2631,4,0.8855102582059041,0.75,1.0,0,1,1.0,True
2633,3,0.8812630294028895,1.0,1.0057142857142858,1,1,1.0,True
2634,4,0.7076004831968205,0.5,1.0,1,1,0.8770668737510183,True
2635,4,0.9047544335400864,0.6,1.0,1,1,0.9583333333333333,True
2636,4,0.23439397378969545,0.25,1.0,0,1,0.5700974173384409,False
2637,4,0.13040704497107466,0.125,1.0,1,1,0.4734482573685558,False
2638,4,0.38585292964013157,0.3333333333333333,1.0,0,1,0.6697306206394215,False
2639,4,0.4562347307353762,0.5,1.0,0,1,0.769338694124685,True
2640,4,0.48670056946880225,0.25,1.0057142857142858,1,1,0.6782288154866295,True
2642,4,0.0,0.0,1.0,0,1,0.44999999999999996,False
2643,4,0.6820368680310853,0.5,1.0,0,1,0.8661110386799891,True
2644,4,0.07706214107193735,0.0,1.0,0,1,0.44999999999999996,False
2645,3,0.6514225019253993,0.6666666666666666,1.0006367109332364,1,2,0.8724350405077109,False
2646,4,0.28707898933142256,0.14285714285714285,1.0,0,1,0.5480338525706097,False
2647,4,0.20548539243542804,0.1,1.0,1,1,0.49520802532946917,False
2648,4,0.4450573965416392,0.4,1.0,0,1,0.7228817413749883,True
2649,4,0.649704631084537,0.5714285714285714,1.0,1,1,0.8820162704648016,True
2650,4,0.3373899714997537,0.25,1.0,1,1,0.6142385592141801,False
2651,4,0.6856935104839657,0.3333333333333333,1.0,0,1,0.7982337267153503,True
2652,4,0.8637673622073937,0.5714285714285714,1.0,1,1,0.9464285714285714,True
2653,4,0.10667682532792558,0.16666666666666666,1.0,0,1,0.4806392743468887,False
2654,4,0.04546478514985683,0.0,1.0,0,1,0.44999999999999996,False
2655,4,0.36271949429468214,0.4,1.0,0,1,0.6875940689834352,False
2656,4,0.0,0.0,1.0,0,1,0.44999999999999996,False
2657,4,0.6445501117669525,0.75,1.1428571428571428,1,1,0.853378619328694,True
2658,2,0.9812428527054106,1.0,1.0,1,1,1.0,True
2660,4,0.7616834749701032,0.6666666666666666,1.0,1,1,0.9696897432411553,True
2663,4,0.3884760928095023,0.3333333333333333,1.0,0,1,0.6708548334262946,False
2664,4,0.17989153602511362,0.1,1.0,0,1,0.48423922972504874,False
2665,4,0.7508218350747405,0.4,1.0,1,1,0.8539236436034603,True
2666,4,0.0,0.0,1.0,0,1,0.44999999999999996,False
2668,2,0.9305178398035908,1.0,1.0,0,1,1.0,True
2669,4,0.39311044333702605,0.3333333333333333,1.0,0,1,0.6728409836523762,False
2670,4,0.3389559581949454,0.3333333333333333,1.0695187165775402,0,1,0.6496319185914845,False
2671,4,0.13669322898724987,0.0,1.0,1,1,0.4657256695659642,False
2672,4,0.277007205278554,0.2857142857142857,1.0,1,1,0.6032411832146184,False
2673,4,0.0,0.0,1.0,0,1,0.44999999999999996,False
2675,4,0.09859273403787275,0.08333333333333333,1.0,1,1,0.44999999999999996,False
2676,4,0.03509478891902937,0.0,1.0,1,1,0.44999999999999996,False
2677,4,0.38191429505022617,0.125,1.0,0,1,0.5812370788310492,False
2678,4,0.0393612323470527,0.0,1.0,1,1,0.44999999999999996,False
2679,4,0.7161550346821062,0.5714285714285714,1.0,1,1,0.9104950148637598,True
2680,4,0.005412605068036938,0.0,1.056338028169014,1,1,0.44999999999999996,False
2681,4,0.49846754561392637,0.5714285714285714,1.0,0,1,0.8172003766916827,True
2682,4,0.23436313228843178,0.125,1.0,0,1,0.5180008662188517,False
2683,4,0.464816691508715,0.4,1.0057142857142858,1,1,0.7313500106465921,True
2684,4,0.11936838902128072,0.1111111111111111,1.0,1,1,0.4629303677816071,False
2685,4,0.15345194496021067,0.2,1.0,1,1,0.5145746430781856,False
2686,4,0.27526002311826614,0.125,1.0,1,1,0.5355281051459235,False
2687,4,0.696301595089009,0.6,1.001308497536946,1,2,0.8638911598000515,False
2688,4,0.021421161453855763,0.0,6.818181818181818,0,1,0.29000000000000004,False
2689,4,0.03497141027996084,0.0,1.0,1,1,0.44999999999999996,False
2690,4,0.12115562061183328,0.1,1.0,1,1,0.4590666945479286,False
2691,4,0.43829286504783993,0.3333333333333333,1.0,1,1,0.6922048786712964,True
2692,4,0.1789919950163122,0.06666666666666667,1.0,0,1,0.48385371214984807,False
2693,4,0.6307532882191494,0.375,1.0,1,1,0.7920490282843975,True
2696,4,0.5291864300588488,0.42857142857142855,1.1764705882352942,0,1,0.6908418033585543,True
2697,4,0.1527529838855098,0.16666666666666666,1.04,0,2,0.45038619944299624,False
2698,2,0.6854841478145215,0.5,1.004389103573303,1,1,0.8675884443014616,True
2700,4,0.7534009196906715,0.6666666666666666,1.0,1,2,0.9161400766928275,False
2701,4,0.5987847556856537,0.4444444444444444,1.04,1,2,0.7572834138123702,False
2702,3,0.33793641585272194,0.3333333333333333,1.0,0,1,0.6491949718733887,False
2705,4,0.23110516403042725,0.2,1.1016949152542372,0,2,0.41785459410827835,False
2709,4,0.40167449732549787,0.42857142857142855,1.10625,0,1,0.6361938321871181,True
2710,4,0.37975065815068537,0.25,1.16875,0,1,0.5523931392074366,False
2712,2,0.8729342249955532,1.0,1.1029411764705883,0,1,0.92,True
2714,4,0.7101312222394366,0.6666666666666666,1.125,2,1,0.7625959206422983,False
2716,4,0.5575752462411937,0.5714285714285714,1.0,1,1,0.8425322483890831,True
2717,4,0.7025644042153997,0.5,1.0285714285714285,1,2,0.8249085541875524,False
2718,3,0.8145648794576921,1.0,1.0204081632653061,1,2,0.9500000000000001,False
2719,2,0.9999999999999994,1.0,1.0,1,1,1.0,True
2720,4,0.7327097936018042,0.8333333333333334,1.0285714285714285,1,1,0.971161340115059,True
2721,4,0.6607009364294312,0.8,1.0235294117647058,1,1,0.9403004013268992,True
2726,4,0.395270666983696,0.3333333333333333,1.1666666666666667,1,2,0.5437667937866634,False
2727,4,0.7790465721499212,1.0,1.0133333333333334,1,2,0.9410199594928234,False
2728,4,0.06893467650352599,0.0,1.1111111111111112,1,1,0.37,False
2729,3,0.37315293037921843,0.25,1.135,2,1,0.4445655415910936,False
2731,3,0.9081991126788922,1.0,1.0,1,1,1.0,True
2732,4,0.766615979755483,0.6,1.0015642597922663,1,2,0.8940258960856834,False
2733,4,0.8055046766833482,0.8333333333333334,1.0026470588235294,1,2,0.9500000000000001,False
2734,4,0.3522547204611413,0.3333333333333333,1.0,0,1,0.6553313881341399,False
2735,3,0.8747197175349188,0.8571428571428571,1.0166666666666666,1,1,1.0,True
2737,4,0.9047329264217816,1.0,1.008888888888889,1,3,0.9500000000000001,False
2738,4,0.7576698911770139,0.8,1.0133333333333334,1,2,0.9318585247901489,False
2739,4,0.735178118959837,1.0,1.0010582010582012,1,2,0.9222191938399301,False
2742,2,0.9645760362778062,1.0,1.0294117647058822,1,1,1.0,True
2744,2,0.9961857631812153,1.0,1.0,1,1,1.0,True
2745,2,0.8622872622494535,0.75,1.1,1,1,1.0,True
2746,4,0.6649492973703568,0.6,1.0,1,2,0.8504544607777721,False
2747,4,0.8511627463151162,1.0,1.011764705882353,1,1,1.0,True
2748,4,0.4654094903477643,0.42857142857142855,1.06,1,1,0.7435088291966608,True
2749,2,0.4180182298619506,0.6,1.0285714285714285,0,1,0.7946268604170265,True
2750,4,0.42843289113965083,0.2,1.098901098901099,0,2,0.5824236200122314,False
2751,4,0.10499436663702993,0.1,1.0857142857142856,1,2,0.4021404428444414,False
2752,4,0.3665018784101867,0.4,1.098901098901099,0,2,0.6392150907472229,False
2753,4,0.5580046586866387,0.4,1.1111111111111112,0,2,0.6412877108657025,False
2754,4,0.22238267197927117,0.0,1.0,0,2,0.4524497165625448,False
2755,4,0.554867754089133,0.42857142857142855,1.0,1,2,0.731848085085819,False
2756,3,0.5581477564899809,0.3333333333333333,1.0,0,2,0.6935712607179284,False
2757,4,0.5328853519832825,0.3333333333333333,1.0,1,1,0.7327445159293433,True
2759,4,0.3990776919258745,0.3,1.0625,1,1,0.661509487015851,False
2762,4,0.8379664711019087,0.8333333333333334,1.0294117647058822,1,1,1.0,True
2763,4,0.6541249112258654,0.5,1.0285714285714285,0,1,0.8541487714777518,True
2764,4,0.43094415098507916,0.2857142857142857,1.0,1,1,0.6692141599459862,True
2765,3,0.38856774455749205,0.25,1.0,0,2,0.5861718905246395,False
2766,3,0.10576260781050704,0.125,1.0,0,2,0.4128863557283125,False
2767,4,0.21323656404913938,0.18181818181818182,1.1111111111111112,0,2,0.4026208651119688,False
2768,2,0.8681971237856257,1.0,1.0256410256410255,0,2,0.9500000000000001,False
2769,2,0.9999999999999998,1.0,1.0,0,2,0.9500000000000001,False
2770,4,0.6444214067763386,0.3333333333333333,1.0,0,3,0.7305456822692246,False
2771,3,0.3507109607102141,0.2857142857142857,1.0,0,2,0.5848285069710442,False
2772,3,0.46269123897142383,0.14285714285714285,1.0,1,2,0.5732962452734675,False
2773,4,0.0,0.0,1.1764705882352942,0,2,0.32,False
2774,3,0.7527370487548392,0.8,1.0015402387370043,0,3,0.9297444494663597,False
2775,4,0.5698908189312958,0.16666666666666666,1.1111111111111112,1,3,0.5491595573197617,False
2776,3,0.7371087867817409,0.6666666666666666,1.0,1,1,0.9591577340175714,True
2778,4,0.6954289520755457,0.5,1.0,1,1,0.871850503270472,True
2779,3,0.2537941876524537,0.2857142857142857,1.0625,0,2,0.5432927470891469,False
2780,3,0.24805262913765247,0.2,1.0,0,2,0.5051177934399463,False
2781,4,0.5414844887231548,0.5,1.0,1,3,0.7558743046908759,False
2782,4,0.0,0.0,1.1111111111111112,0,2,0.32,False
2783,4,0.07622167259215461,0.16666666666666666,1.08,0,2,0.42777777777777776,False
2784,4,0.14457920522962123,0.0,1.1764705882352942,1,2,0.3391053736698377,False
2785,4,0.0,0.0,1.0416666666666667,1,2,0.39999999999999997,False
2786,2,0.887970270486412,0.5,1.0,1,2,0.8666666666666668,False
2789,4,0.31640915316187396,0.25,1.0204081632653061,1,2,0.5552467799265175,False
2791,4,0.7876295973505905,0.6,1.0,1,3,0.9030317321978721,False
2792,4,0.12060095527574302,0.14285714285714285,1.16,1,2,0.3466861236896041,False
2794,2,0.7608631427038467,0.6666666666666666,1.0380622837370241,0,1,0.9693381722699026,True
2796,4,0.3912263545878848,0.25,1.0375,1,2,0.5873112948233793,False
2799,4,0.47264665701865105,0.2857142857142857,1.0441176470588236,1,2,0.6370866625318029,False
2800,4,0.5615802601568984,0.5,1.0476190476190477,1,2,0.7644867781624803,False
2801,4,0.3697397565748367,0.4,1.0625,0,2,0.6406027528177872,False
2803,4,0.4349531790626974,0.375,1.0142857142857142,1,2,0.6581346957887751,False
2804,3,0.6061645328242062,0.6,1.0021052631578948,1,1,0.8752609902579932,True
2807,4,0.9402170293238263,0.8333333333333334,1.0,1,2,0.9500000000000001,False
2808,3,0.6156222787825435,0.5,1.0,1,2,0.7876476432877569,False
2810,4,0.21385393836793035,0.125,1.0416666666666667,1,2,0.459211211681494,False
2812,3,0.7357198457338373,0.5714285714285714,1.0,1,2,0.8688799338859304,False
2815,4,0.5848828060982776,0.6666666666666666,1.0119047619047619,1,2,0.843918028010373,False
2816,4,0.38323665430913184,0.3333333333333333,1.0666666666666667,1,2,0.6186093597832788,False
2817,4,0.44611122202538717,0.5,1.008888888888889,1,2,0.7150000475346898,False
2818,4,0.7276817636249201,0.25,1.0318181818181817,1,2,0.7315064701249658,False
2819,4,0.46445450206520095,0.3333333333333333,1.0,1,2,0.653417008821594,False
2821,4,0.1352918131496168,0.125,1.0526315789473684,1,2,0.42554172944507385,False
2822,4,0.6604542104639659,0.5,1.1111111111111112,1,2,0.7268613282940807,False
2823,4,0.25676681212723385,0.3,1.0714285714285714,1,2,0.5505191099592908,False
2824,4,0.6420443460565954,0.2222222222222222,1.1111111111111112,1,2,0.6032306456644668,False
2826,4,0.003828029532834601,0.0,1.1666666666666667,0,1,0.37,False
2827,3,0.6250247859487846,0.375,1.0,1,1,0.7895939558828124,True
2828,2,0.4868915276048559,0.6666666666666666,1.008888888888889,0,1,0.8519217657989064,True
2829,3,0.5410066046324854,0.3333333333333333,1.008888888888889,1,2,0.6862250527790017,False
2830,4,0.0213519086928628,0.0,1.0666666666666667,1,2,0.39999999999999997,False
2831,4,0.5270643137917957,0.5,1.0075566750629723,0,2,0.7496942297202934,False
2832,3,0.09052266933865333,0.0,1.0714285714285714,1,1,0.44999999999999996,False
2833,3,0.7892425760837283,0.8,1.0,1,2,0.945389675464455,False
2834,4,0.16832323780640976,0.14285714285714285,1.0416666666666667,1,2,0.44713853048846136,False
2835,3,0.9207432227560768,0.7142857142857143,1.0,1,2,0.9500000000000001,False
2836,4,0.007244174590740721,0.0,1.1,1,1,0.44999999999999996,False
2837,3,0.5933534513079921,0.36363636363636365,1.0,1,1,0.7712856782661959,True
2838,4,0.34065487099403996,0.3,1.1,1,2,0.5864711351879219,False
2839,4,0.9179793653724699,1.0,1.0,1,2,0.9500000000000001,False
2840,4,0.0,0.0,1.0,2,2,0.295,False
2842,4,0.24340962124573026,0.16666666666666666,1.1666666666666667,1,2,0.40923904402594785,False
2843,4,0.5489261932857409,0.5714285714285714,1.0119047619047619,1,2,0.7888255114081747,False
2844,3,0.7626505350692453,0.5,1.0025062656641603,1,1,0.9006597531249148,True
2845,4,0.43911275440811853,0.16666666666666666,1.0416666666666667,1,2,0.5731118153812572,False
2846,4,0.07541855174948246,0.08333333333333333,1.0588235294117647,1,2,0.39999999999999997,False
2847,4,0.47512417152906117,0.4,1.0909090909090908,0,2,0.6857675020838834,False
2848,4,0.046127167664038744,0.0,1.1111111111111112,0,2,0.32,False
2849,4,0.0061753339623326076,0.0,1.1111111111111112,0,2,0.32,False
2850,4,0.1121952889451996,0.07142857142857142,1.1387096774193548,1,2,0.3252265524050855,False
2851,2,0.7868912660910651,0.5,1.0,2,1,0.8060486378485519,False
2852,4,0.20136298669147243,0.2857142857142857,1.1428571428571428,1,1,0.4908222323915834,False
2854,2,0.9692303861048974,1.0,1.1111111111111112,1,1,0.92,True
2855,3,0.6292024576100316,1.0,1.1428571428571428,0,1,0.8468010532614421,True
2856,2,0.8631480857807846,0.6666666666666666,1.0,0,2,0.9361111111111112,False
2857,4,0.3683422295336139,0.42857142857142855,1.018181818181818,1,1,0.7019085745620249,False
2862,4,0.016323345168698024,0.0,1.12,1,1,0.37,False
2863,4,0.11583919182778582,0.1,1.0625,1,2,0.40678822506905105,False
2864,3,0.33635025480497127,0.14285714285714285,1.125,1,1,0.48915010920213053,False
2865,4,0.5552662875449851,0.625,1.024,1,2,0.8138641232335652,False
2868,4,0.4435584617319261,0.3333333333333333,1.125,0,3,0.5644615629644762,False
2869,4,0.07001419689025085,0.09090909090909091,1.135,1,1,0.37,False
2870,4,0.27239996066939104,0.1111111111111111,1.1204819277108433,2,1,0.3435153270593686,False
2872,3,0.8970582865702179,0.8,1.0,0,1,1.0,True
2873,4,0.577889710083749,0.3333333333333333,1.0909090909090908,0,1,0.7520320979724004,True
2874,2,0.9278029359883011,1.0,1.0,0,1,1.0,True
2876,3,0.0029737261497639255,0.0,1.125,0,2,0.32,False
2878,3,0.5641022601922844,0.5555555555555556,1.0141987829614605,1,2,0.7887157834686511,False
2879,2,0.7734314040550087,0.75,1.0,0,1,0.988613458880718,True
2880,4,0.0,0.0,1.075,0,3,0.39999999999999997,False
2882,3,0.7524134148715934,0.6666666666666666,1.0023255813953489,1,1,0.965716860341794,True
2883,4,0.3988732886851401,0.18181818181818182,1.088235294117647,2,1,0.5071794613845405,False
2885,2,1.0,1.0,1.0,0,2,0.9500000000000001,False
2888,3,0.5311357393834613,0.5,1.0625,0,1,0.8014391264024359,True
2890,4,0.3829907575304383,0.3333333333333333,1.0714285714285714,0,1,0.668503975449553,False
2891,3,0.8596315553008802,0.875,1.0158730158730158,1,1,1.0,True
2892,4,0.9140181771337931,1.0,1.009090909090909,1,2,0.9500000000000001,False
2895,4,0.21113064435365075,0.25,1.0,0,1,0.5601274190087074,False
2897,4,0.340444179079742,0.16666666666666666,1.0324483775811208,0,1,0.5808252830976672,False
2898,3,0.45855630720095636,0.2727272727272727,1.1237928007023705,2,1,0.4906366857701068,False
2899,4,0.5916702426347751,0.5714285714285714,1.1428571428571428,0,1,0.7771443897006179,True
2901,4,0.3359694599978737,0.2,1.0555555555555556,2,1,0.48779643523718397,False
2903,4,0.24755378995063831,0.2,1.0526315789473684,1,1,0.5549040052169403,False
2904,4,0.5321536773249156,0.36363636363636365,1.0315925209542232,1,2,0.6950572037020202,False
2906,4,0.789527272433555,1.0,1.0,1,2,0.9455116881858093,False
2908,3,0.25815056853235135,0.125,1.0416666666666667,1,1,0.5281954817519601,False
2909,2,0.8058622231691237,0.7,1.0,1,1,1.0,True
2910,3,0.129361375881101,0.1111111111111111,1.0666666666666667,0,1,0.4672130764358158,False
2911,4,0.12988293595419484,0.14285714285714285,1.1194805194805195,1,1,0.40066411540894065,False
2912,2,0.7101311091090936,0.7,1.024,1,1,0.9614847610467543,True
2913,4,0.4313857899751653,0.25,1.042857142857143,1,1,0.654522481417928,True
2914,4,0.3402654816751055,0.375,1.0578313253012048,0,1,0.6675542540512357,False
2915,4,0.3938232630743014,0.25,1.1343283582089552,1,2,0.5084242556032721,False
2917,4,0.3452496407291512,0.25,1.0775862068965518,1,2,0.567606988883922,False
2918,4,0.5177911866375484,0.5,1.0440835266821347,0,2,0.7457200323684733,False
2919,2,0.5276848063636751,0.5,1.0141987829614605,1,1,0.7999601551082418,True
2920,4,0.5271089509631628,0.4444444444444444,1.0491803278688525,1,1,0.7765652117884454,True
2921,4,0.0045705079710844695,0.0,1.0833333333333333,1,2,0.39999999999999997,False
2922,4,0.5041726627064587,0.2857142857142857,1.008888888888889,0,1,0.7005978078265775,True
2925,4,0.7092334028177851,0.5714285714285714,1.018181818181818,1,2,0.8575286012076223,False
2927,3,0.8559261131335366,0.8,1.0176470588235293,1,1,1.0,True
2928,4,0.6944874707279959,0.7142857142857143,1.02,1,1,0.9547803445977125,True
2930,4,0.6834111930691958,0.36363636363636365,1.0093167701863355,1,1,0.8098818533067117,True
2931,4,0.23534001373155403,0.2,1.0416666666666667,0,2,0.4996695296944756,False
2933,4,0.08989663916330978,0.0,1.0330909090909093,0,2,0.39999999999999997,False
2936,4,0.11913239682099361,0.08333333333333333,1.135,0,1,0.3781995986375687,False
2937,4,0.06932772653751779,0.07692307692307693,1.06,1,2,0.39999999999999997,False
2941,4,0.6876393661540773,0.8,1.0,1,1,0.9518454426374616,True
2943,3,0.5457794827845464,0.5,1.008888888888889,0,1,0.8077150164314724,True
2944,4,0.11461969913944152,0.125,1.0572687224669604,1,1,0.46668225201214164,False
2946,4,0.40602721892967886,0.4,1.0,0,1,0.7061545223984338,True
2950,4,0.6938178504424051,0.5,1.1029411764705883,0,2,0.7411600311419833,False
2952,4,0.34629118267700926,0.2,1.0588235294117647,0,2,0.5472200306710993,False
2954,3,0.4112609925101262,0.16666666666666666,1.0666666666666667,0,1,0.6111753459964032,False
2956,3,0.48218639433478877,0.4,1.0666666666666667,1,1,0.7387941690006238,True
2957,3,0.6997133495907693,0.75,1.0,0,2,0.9070200069674726,False
2958,4,0.5537401665826129,0.5714285714285714,1.0227272727272727,1,2,0.7908886428211199,False
2960,4,0.5490806405633964,0.5714285714285714,1.0227272727272727,1,2,0.7888917030985986,False
2962,4,0.2619257891312603,0.2,1.0,0,2,0.5110634334372068,False
2963,3,0.9010945375184229,1.0,1.011764705882353,0,2,0.9500000000000001,False
2965,2,0.8414734238926195,1.0,1.01875,0,1,1.0,True
2966,4,0.6937263946627261,0.5714285714285714,1.0227272727272727,1,2,0.8508827405697398,False
2967,4,0.576878500732206,0.42857142857142855,1.0,0,2,0.7412812622185646,False
2968,4,0.26048645253196945,0.2,1.0,0,2,0.5104465748946536,False
2969,4,0.5145668375784944,0.2727272727272727,1.0285714285714285,1,2,0.6496411987890518,False
2970,4,0.7828302143205995,0.75,1.02,0,2,0.9426415204231141,False
2972,4,0.5027213001824635,0.5714285714285714,1.0285714285714285,1,2,0.7690234143639131,False
2973,4,0.3665649160679173,0.16666666666666666,1.0,0,2,0.5420198846640281,False
2974,2,0.5127381524274666,0.6,1.0,0,2,0.7852211129451049,False
2975,4,0.5301861703959929,0.5,1.125,1,1,0.7210321682649493,True
2977,4,0.4582597314781739,0.42857142857142855,1.0,0,1,0.7404446468239793,True
2978,3,0.8144133647954895,0.5,1.0,2,1,0.8116666666666668,False
2979,2,0.7196245923636061,1.0,1.0666666666666667,1,2,0.9155533967272599,False
2980,4,0.2172485365572643,0.2857142857142857,1.0,1,1,0.5776303251912085,False
2982,4,0.2990453837251767,0.2857142857142857,1.0416666666666667,1,1,0.6126861168345995,False
2983,4,0.9334969682188484,1.0,1.0,1,3,0.9500000000000001,False
2984,2,1.0000000000000007,1.0,1.0,1,1,1.0,True
2986,4,0.36186561537174866,0.18181818181818182,1.0003225806451614,2,1,0.4913190299645157,False
2987,4,0.5326686259751915,0.42857142857142855,1.0227272727272727,1,2,0.7223341730369869,False
2988,4,0.36426836875341767,0.16666666666666666,1.0,0,2,0.5410356501006711,False
2989,3,0.6314902384023697,0.2222222222222222,1.0,2,1,0.6237074566697987,False
2991,3,0.6440154368831801,0.42857142857142855,1.125,1,1,0.7400542348546962,True
2992,3,0.228065502651841,0.09090909090909091,1.037037037037037,2,1,0.39988521542221755,False
2993,4,0.02290899544049491,0.0,1.0416666666666667,1,2,0.39999999999999997,False
2995,4,0.6481456637065098,0.4444444444444444,1.0,1,1,0.8284380886784513,True
2997,4,0.1996421416322145,0.1111111111111111,1.0714285714285714,1,1,0.4973334046148644,False
2999,2,0.9464001360381521,1.0,1.0,1,1,1.0,True
3000,2,0.9441566834955178,1.0,1.0,1,2,0.9500000000000001,False
3002,4,0.6849477934772832,0.3333333333333333,1.0454545454545454,2,1,0.6929141337124864,False
3003,2,0.8696952414171238,0.6666666666666666,1.0227272727272727,0,2,0.9361111111111112,False
3004,4,0.5911080043080489,0.3333333333333333,1.0714285714285714,0,1,0.7576970812113861,True
3006,4,0.0759183737394729,0.0,1.0526315789473684,0,2,0.39999999999999997,False
3007,3,0.4775488733032071,0.36363636363636365,1.037037037037037,1,1,0.7216551448355736,True
3008,3,0.6204099493294796,0.5,1.125,1,2,0.7096995020935866,False
3010,4,0.36682519965641935,0.25,1.1111111111111112,0,1,0.5468536569956083,False
3011,4,0.8514529993001808,0.6666666666666666,1.011764705882353,1,2,0.9361111111111112,False
3012,3,0.5363260188043657,0.4,1.0588235294117647,0,1,0.7619968652018712,True
3013,2,0.6309561151281771,0.6666666666666666,1.0666666666666667,0,1,0.9136637318803298,True
3014,4,0.8437912664801688,1.0,1.0105263157894737,1,2,0.9500000000000001,False
3015,3,0.0074145929023699516,0.0,1.0810810810810811,1,1,0.44999999999999996,False
3017,3,0.0,0.0,1.0227272727272727,0,1,0.44999999999999996,False
3018,4,0.3663865828185604,0.375,1.1764705882352942,0,1,0.598749011684145,False
3019,3,0.19088792471485427,0.0,1.0,0,2,0.43895196773493755,False
3020,4,0.7322430291402965,0.6666666666666666,1.0526315789473684,0,1,0.9570724093140954,True
3021,3,0.35480994761932844,0.3333333333333333,1.0666666666666667,0,2,0.6064264854876488,False
3022,4,0.3133895857560802,0.2222222222222222,1.0588235294117647,1,2,0.5423786055356746,False
3024,4,0.5730269143860934,0.6,1.0,1,2,0.8110591537845163,False
3026,3,0.42588649337161644,0.25,1.0,0,1,0.6521656400164071,True
3027,4,0.6571537309626599,0.4,1.008888888888889,1,1,0.8137801704125687,True
3028,4,0.862733376385733,0.6666666666666666,1.0,1,2,0.9361111111111112,False
3029,4,0.5216829839448741,0.3333333333333333,1.0666666666666667,1,2,0.6779435010557398,False
3030,4,0.6327652640495331,0.2,1.0,2,1,0.6149946369736095,False
3031,3,0.5334282988041837,0.2857142857142857,1.1333333333333333,1,1,0.6331359375827454,True
3032,3,0.5939202056992813,0.75,1.2,0,1,0.8316800881568349,True
3033,3,0.6469725759373466,0.5,1.0,1,1,0.8510834849255295,True
3035,4,0.536812099913084,0.5,1.0666666666666667,0,1,0.8038718523437027,True
3037,4,0.2964293525702805,0.3333333333333333,1.1764705882352942,0,2,0.5014062304666281,False
3038,4,0.06967623587018512,0.18181818181818182,1.0857142857142856,1,2,0.4340909090909091,False
3040,4,0.5182799271693312,0.5,1.1333333333333333,0,2,0.6659294925963801,False
3041,3,0.555535805310479,0.6,1.1764705882352942,0,1,0.7735629641806815,True
3044,4,0.08320050899661313,0.125,1.1764705882352942,1,1,0.3804166666666666,False
3045,4,0.6542592762830032,0.4,1.008888888888889,1,1,0.8125396898355728,True
3046,4,0.07191403981815958,0.16666666666666666,1.0526315789473684,1,1,0.47777777777777775,False
3047,4,0.6960206360087174,0.6666666666666666,1.0,1,2,0.8915485265434188,False
3048,4,0.9640502798306528,1.0,1.0,1,2,0.9500000000000001,False
3049,4,0.7158463580498446,0.75,1.0,0,1,0.9639341534499335,True
3050,4,0.20739998681727126,0.2,1.0,2,1,0.43269523244549724,False
3051,4,0.5048618884773859,0.2857142857142857,1.125,1,1,0.620893190299832,True
3052,3,0.12134272365378035,0.16666666666666666,1.0666666666666667,1,1,0.4869246593436837,False
3053,3,0.6037002202109769,0.4,1.0,1,1,0.7908715229475616,True
3056,4,0.6476443106644254,0.5,1.0,1,1,0.8513713712371347,True
3057,4,0.14696664495247289,0.125,1.135,1,1,0.400545228789155,False
3058,4,0.6922212576125608,0.6666666666666666,1.0,1,2,0.8899202215164944,False
3059,4,0.4476018452623519,0.14285714285714285,1.0666666666666667,1,1,0.6168293622552937,False
3061,3,0.5690832736613958,0.6,1.1428571428571428,0,1,0.7793690220453602,True
3062,4,0.6017629188230802,0.4,1.008888888888889,1,1,0.7900412509241772,True
3063,4,0.37520107768176986,0.3,1.1428571428571428,0,1,0.5712766523398061,False
3064,4,0.3384753037349857,0.25,1.0,0,1,0.6147037016007081,False
3065,2,0.7074521507384962,0.6666666666666666,1.0,1,1,0.9464477471418953,True
3066,3,0.40819451470474427,0.42857142857142855,1.0,1,1,0.7189881253496523,True
3067,2,1.0,1.0,1.0,0,1,1.0,True
3069,4,0.23717742320998628,0.1,1.0,0,2,0.4587903242328512,False
3070,3,0.29344307831026656,0.16666666666666666,1.0666666666666667,1,2,0.5106819541964635,False
3071,2,0.8796195019015898,1.0,1.0,0,2,0.9500000000000001,False
3072,2,0.8248552328944546,1.0,1.0,0,1,1.0,True
3073,3,0.8605739621338717,0.75,1.0,1,1,1.0,True
3074,2,0.5835861942448914,0.4444444444444444,1.0,0,1,0.8007697446234721,True
3078,2,0.43099892954233365,0.5714285714285714,1.0125,0,1,0.788285255518143,True
3080,2,0.9727041489083162,1.0,1.0,1,1,1.0,True
3081,2,0.9999999999999999,1.0,1.0,1,1,1.0,True
3082,3,0.010626274635990245,0.0,1.05,2,1,0.345,False
3083,4,0.6838780983070935,0.8,1.025,1,1,0.95023347070304,True
3084,4,0.18968920239712111,0.0,1.1666666666666667,0,2,0.3584382295987662,False
3085,4,0.0,0.0,1.1111111111111112,0,2,0.32,False
3086,3,0.14650865074546815,0.16666666666666666,1.0416666666666667,0,2,0.4477100566686927,False
3087,3,0.33203767105259996,0.375,1.0,1,2,0.6140280494987334,False
3088,3,0.28864242676231444,0.16666666666666666,1.037037037037037,0,2,0.508624532104484,False
3089,2,0.9376700897483786,1.0,1.0,0,2,0.9500000000000001,False
3090,3,0.0034425249701225034,0.0,1.0765090349865436,0,1,0.44999999999999996,False
3091,3,0.13375741370412028,0.16666666666666666,1.1,0,1,0.49224524079382936,False
3092,3,0.6360519955650814,0.7142857142857143,1.0188679245283019,1,1,0.9297365695278921,True
3093,4,0.09530417295666861,0.08333333333333333,1.02,1,1,0.44999999999999996,False
3096,3,0.9658966334492661,1.0,1.0235294117647058,1,1,1.0,True
3097,4,0.9392297251100548,1.0,1.0294117647058822,1,1,1.0,True
3101,4,0.3146125858926827,0.125,1.0133333333333334,0,1,0.5523934891921021,False
3102,3,0.5671194542363306,0.5,1.0,0,2,0.766860718482237,False
3104,2,0.9999999999999988,1.0,1.0,0,2,0.9500000000000001,False
3105,3,0.9350983240436727,1.0,1.015625,1,1,1.0,True
3106,2,1.0000000000000002,1.0,1.0,0,2,0.9500000000000001,False
3108,4,0.929287001443724,1.0,1.000344827586207,1,1,1.0,True
3109,4,0.49607927879649477,0.4,1.0,0,3,0.6947482623413549,False
3110,4,0.07995254202622445,0.07142857142857142,1.1111111111111112,0,1,0.37,False
3111,2,0.9564454893716187,1.0,1.0,1,2,0.9500000000000001,False
3112,3,0.10027070873351569,0.14285714285714285,1.0,0,2,0.41797316088579245,False
3113,4,0.7191485200507659,0.6666666666666666,1.0227272727272727,0,1,0.9514604768471537,True
3114,4,0.8060117125150333,0.5714285714285714,1.0058823529411764,1,2,0.8964285714285715,False
3115,4,0.4119809484306099,0.2727272727272727,1.01,0,2,0.6056758177256727,False
3116,4,0.09859802092380635,0.1111111111111111,1.140625,1,2,0.3246296296296296,False
3119,4,0.48499832015738586,0.375,1.0666666666666667,0,3,0.6795826134007845,False
3120,4,0.5527082544142176,0.2222222222222222,1.1176470588235294,1,2,0.564943749246305,False
3121,4,0.6313718154495999,0.5,1.0,0,3,0.7943974447164953,False
3122,4,0.07511089948326177,0.14285714285714285,1.1111111111111112,0,2,0.3378571428571428,False
3123,4,0.6284469305709726,0.5,1.0,0,3,0.793143922625655,False
3124,3,0.7468164920137257,1.0,1.0,0,1,0.9772070680058824,True
3127,4,0.6846358628219057,0.6666666666666666,1.0,0,2,0.8866693380347851,False
3128,2,0.8137621323279494,1.0,1.0,0,1,1.0,True
3130,3,0.20870629580564493,0.25,1.0133333333333334,1,1,0.5590884124881336,False
3131,3,0.1984770671109681,0.14285714285714285,1.0526315789473684,0,2,0.4600616001904149,False
3132,4,0.2766989537008816,0.42857142857142855,1.0133333333333334,1,1,0.6626328849194254,False
3133,4,0.4671094801196371,0.4,1.0201149425287357,1,1,0.7323326343369873,True
3136,3,0.5968783646431,0.16666666666666666,1.028169014084507,2,1,0.5857256483391063,False
3139,3,0.9539715629129221,1.0,1.0,1,1,1.0,True
3140,4,0.5481205178120764,0.3333333333333333,1.0,1,2,0.6892738727131121,False
3141,3,0.6307843959852962,0.5714285714285714,1.0,0,2,0.8239075982794127,False
3142,2,0.8911984284519413,0.8333333333333334,1.000888888888889,0,1,1.0,True
3143,4,0.5872158840634751,0.3333333333333333,1.0,0,1,0.7560290296779972,True
3145,2,0.9496048028491564,1.0,1.0,1,1,1.0,True
3146,4,0.11648597860793206,0.1111111111111111,1.016,1,1,0.46169504903302905,False
3147,3,0.15720936182737522,0.16666666666666666,1.0041771094402674,0,1,0.5022960757037958,False
3149,2,1.0000000000000002,1.0,1.0,0,2,0.9500000000000001,False
3152,3,0.4740084518470519,0.5555555555555556,1.018181818181818,1,1,0.8001041513206942,True
3153,4,0.038180890864163534,0.0,1.1,1,2,0.39999999999999997,False
3154,2,0.4852713439582695,0.5,1.0,1,2,0.7317829569344966,False
3155,3,0.5935512482955339,0.6,1.0046153846153845,1,1,0.8698552968885622,True
3156,4,0.45544455317662025,0.42857142857142855,1.014799154334038,1,2,0.6892381418375991,False
3158,4,0.12572788992163295,0.1111111111111111,1.0570824524312896,2,2,0.3106558681674723,False
3159,3,0.443780798960542,0.4444444444444444,1.0869565217391304,1,1,0.7408531466444651,True
3162,3,0.2493906338575791,0.1111111111111111,1.0,1,1,0.5186541869971635,False
3163,4,0.29399732963852226,0.2222222222222222,1.0,1,2,0.5340676386281498,False
3164,3,0.6004612095842132,0.4,1.0,1,2,0.7394833755360916,False
3166,3,0.2476813342679274,0.125,1.1666666666666667,1,1,0.443708667067207,False
3167,4,0.653777289049269,0.5714285714285714,1.0,1,2,0.8337616953068298,False
3168,4,0.6920402195536831,0.8333333333333334,1.0518518518518518,1,1,0.9537315226658643,True
3171,4,0.4095693739448986,0.375,1.0185185185185186,0,2,0.6472559221668613,False
3173,4,0.2299693724728511,0.1111111111111111,1.0,1,3,0.4603307892608515,False
3175,4,0.6411240443031202,0.5,1.0185185185185186,0,2,0.7985769713680041,False
3177,3,0.7297862322559927,0.8571428571428571,1.0185185185185186,0,1,0.9699083852525683,True
3178,4,0.1054664111056452,0.125,1.0,1,2,0.41275941428337176,False
3179,4,0.274546409292355,0.2,1.1267605633802817,1,1,0.4864722706491045,False
3181,2,0.7217340867780371,0.8888888888888888,1.0,0,1,0.966457465762016,True
3184,4,0.08826143351276779,0.2,1.125,1,1,0.4116666666666666,False
3185,4,0.20053193932837415,0.3333333333333333,1.0140845070422535,1,2,0.5403073390772397,False
3187,3,0.43554925244583254,0.42857142857142855,1.1111111111111112,1,1,0.6507115843815473,True
3188,4,0.28872010961873656,0.25,1.0140845070422535,1,2,0.5433800469794586,False
3191,4,0.0,0.0,1.1625,1,1,0.37,False
3192,3,0.6273051821673384,0.6666666666666666,1.0,0,1,0.9120990463256848,True
3193,2,0.9999999999999998,1.0,1.0,0,2,0.9500000000000001,False
3194,3,0.2237866480767689,0.2222222222222222,1.1293532338308458,0,2,0.42397734653025543,False
3196,3,0.4733509929777144,0.3333333333333333,1.0060362173038229,0,2,0.6572297906412427,False
3197,4,0.1871473520015971,0.125,1.056338028169014,0,2,0.44776553181020823,False
3198,4,0.4221622825925797,0.5,1.056338028169014,0,1,0.7547362163492009,True
3200,4,0.8676738382095549,1.0,1.0080645161290323,1,1,1.0,True
3201,4,0.007600173467359956,0.0,1.0666666666666667,0,1,0.44999999999999996,False
3202,4,0.8504096462602034,0.8,1.0,1,2,0.9500000000000001,False
3203,4,0.38551234026991654,0.5,1.0294117647058822,0,1,0.7390290982109167,False
3204,3,0.7827518606654879,0.6,1.0,0,1,0.9509412736185425,True
3205,4,0.5196643701671557,0.3333333333333333,1.018181818181818,0,2,0.677078380865289,False
3206,4,0.1421442591017991,0.125,1.0204081632653061,1,3,0.4284784919960091,False
3208,4,0.2016539826903674,0.16666666666666666,1.056338028169014,0,2,0.47134377035936376,False
3209,2,0.993407856350483,1.0,1.0,0,1,1.0,True
3210,4,0.43205450845186005,0.5,1.0,0,1,0.7589757417174638,True
3211,3,0.8613941289260574,1.0,1.0,1,3,0.9500000000000001,False
3212,4,0.17119886596490122,0.15384615384615385,1.25,1,2,0.2929496971351408,False
3213,4,0.02295914317796914,0.0,1.1666666666666667,0,1,0.37,False
3214,4,0.3050652909800907,0.3333333333333333,1.0294117647058822,0,1,0.6351073469279753,False
3215,4,0.0,0.0,1.00625,0,2,0.39999999999999997,False
3216,3,0.5695872183587386,0.75,1.1111111111111112,0,1,0.821251665010888,True
3217,3,0.15350197494640538,0.1111111111111111,1.0,1,1,0.4775590474638034,False
3218,3,0.6841610880246489,0.5,1.1029411764705883,1,2,0.7370214186772306,False
3219,3,0.07401587902575411,0.09090909090909091,1.1538461538461537,0,1,0.37,False
3220,3,0.639744772570348,0.75,1.0161290322580645,0,1,0.9313191882444349,True
3221,3,0.2522325180050232,0.16666666666666666,1.1312,0,1,0.46302028549421625,False
3222,4,0.4812181540118307,0.3333333333333333,1.0,0,1,0.7106014310844353,True
3224,4,0.38327400225892116,0.25,1.0769230769230769,1,2,0.583903143825252,False
3225,3,0.36167346030206676,0.2,1.0,0,1,0.6038124353675524,False
3226,3,0.9151054605463658,0.5,1.0,1,2,0.8666666666666668,False
3227,4,0.572118341850895,0.2857142857142857,1.0769230769230769,1,2,0.6797173846027645,False
3229,4,0.8586353826124373,0.8,1.0,1,2,0.9500000000000001,False
3230,4,0.46769465250230674,0.2857142857142857,1.0285714285714285,1,2,0.634964374881941,False
3232,3,0.8639391042859257,1.0,1.0266666666666666,1,2,0.9500000000000001,False
3233,4,0.24303075404080884,0.0,1.1428571428571428,0,1,0.431298894588918,False
3234,3,0.6306057628405056,1.0,1.0153846153846153,0,1,0.9274024697887882,True
3235,3,0.3664160581893581,0.2,1.1,1,1,0.6058449773192487,False
3236,3,0.12401267977692003,0.16666666666666666,1.0666666666666667,0,1,0.48806892625360065,False
3237,3,0.6450574840142447,0.16666666666666666,1.1063829787234043,0,3,0.5813738423553112,False
3238,4,0.7440185202036046,0.375,1.0046153846153847,1,2,0.7905912705634496,False
3239,3,0.1428186120746178,0.0,1.0007692307692306,1,2,0.41835083374626475,False
3241,4,0.7971506801015104,0.8,1.0,0,1,0.9987788629006473,True
3243,4,0.11352188845837373,0.09090909090909091,1.1363636363636365,1,1,0.37579509505358877,False
3245,2,0.8570091434216743,0.7777777777777778,1.0,0,1,1.0,True
3248,4,0.2548486182402426,0.25,1.1363636363636365,1,1,0.4988636935315325,False
3249,2,0.822020804479776,0.7777777777777778,1.0,0,1,1.0,True
3250,4,0.33745916027877565,0.3,1.0338345864661653,0,1,0.63510154488138,False
3253,4,0.4315734383200036,0.6,1.0021121802393804,0,1,0.8004362354704777,True
3254,4,0.005256281103815833,0.0,1.02,2,1,0.345,False
3255,4,0.4698308472453812,0.3,1.15,2,2,0.4568322678670681,False
3257,4,0.0024786676890212814,0.0,1.125,1,1,0.37,False
3258,4,0.3254874739858338,0.21428571428571427,1.0338345864661653,0,1,0.5942565364701192,False
3260,3,0.020772315350424238,0.0,2.1538461538461537,0,1,0.29000000000000004,False
3261,3,0.5447468665656575,0.25,1.0,0,2,0.6531057999567105,False
3262,4,0.3832110149790697,0.08333333333333333,1.0294117647058822,0,2,0.5213761492767442,False
3263,4,0.0,0.0,1.0526315789473684,2,1,0.345,False
3264,4,0.8162090852672236,0.5,1.0,1,2,0.8666666666666668,False
3265,4,0.81932023994511,0.6666666666666666,1.0,1,2,0.9361111111111112,False
3266,4,0.606425542957302,0.5714285714285714,1.0,1,1,0.8634680898388438,True
3268,4,0.8206395445425408,0.5,1.0,1,2,0.8666666666666668,False
3269,3,0.04822515770408181,0.0,1.0294117647058822,0,2,0.39999999999999997,False
3270,2,0.8483191356609157,0.625,1.0,1,2,0.9187500000000001,False
3271,3,0.7921751527822642,0.375,1.0,1,2,0.8112298273828752,False
3272,3,0.2163579589855351,0.16666666666666666,1.1666666666666667,0,2,0.39764547448586424,False
3274,4,0.4757278763197381,0.18181818181818182,1.0,1,2,0.5951171417993684,False
3275,2,0.8850722951308166,0.75,1.0,1,2,0.9500000000000001,False
3276,4,0.25063694917832174,0.14285714285714285,1.0666666666666667,1,2,0.4824158353621379,False
3277,4,0.6163811204176489,0.3333333333333333,1.0,1,1,0.7685284166869288,True
3278,4,0.5193979801040285,0.2857142857142857,1.0125,1,2,0.6571229438541075,False
3279,4,0.6386454220334392,0.3333333333333333,1.0,1,1,0.7780702602365533,True
3280,4,0.5914491949610614,0.3333333333333333,1.0,1,1,0.7578433057769629,True
3283,4,0.5160063435017157,0.2222222222222222,1.0,1,2,0.6292143588552327,False
3284,4,0.8974309446266846,0.8333333333333334,1.0,1,1,1.0,True
3285,3,0.6665939076973226,0.42857142857142855,1.0125,1,2,0.7797307223464717,False
3286,4,0.4993794459363166,0.2727272727272727,1.0,1,1,0.6931323166566898,True
3288,4,0.11582017126476286,0.14285714285714285,1.0,0,1,0.47463721625632693,False
3289,4,0.20049443966513142,0.1,1.0,1,1,0.4930690455707706,False
3292,2,0.9999999999999996,1.0,1.0,0,1,1.0,True
3294,3,0.23869185668629173,0.125,4.0,1,1,0.3598560338179345,False
3295,3,0.31560130856243074,0.25,1.0,1,1,0.6049005608124703,False
3297,4,0.24028582295887077,0.2,1.0,0,2,0.5017891622204685,False
3298,4,0.9119385943218229,1.0,1.0,1,1,1.0,True
3299,2,1.0000000000000002,1.0,1.0,0,1,1.0,True
3300,4,0.15396284247098274,0.1111111111111111,1.1029411764705883,0,1,0.3977565621171937,False
3301,2,0.829752133252315,0.8,1.0,0,1,1.0,True
3302,4,0.2920636457775116,0.2857142857142857,1.0,0,2,0.5596939434284574,False
3304,4,0.2513930399901381,0.16666666666666666,1.1428571428571428,1,2,0.41266050920212266,False
3305,4,0.8496801676759063,0.8,1.0,1,2,0.9500000000000001,False
3306,4,0.1829130571223625,0.1111111111111111,1.0,1,2,0.440163796967785,False
3307,4,0.3018769595632874,0.2222222222222222,1.0,0,2,0.5374446228816205,False
3309,4,0.8259575525528561,1.0,1.0227272727272727,1,2,0.9500000000000001,False
3310,2,1.0000000000000002,1.0,1.0,0,1,1.0,True
3311,4,0.6857283696925771,0.375,1.0526315789473684,0,2,0.7656097774872951,False
3313,4,0.7398369493986164,0.42857142857142855,1.0,0,2,0.8111205973613119,False
3314,4,0.17756010192414015,0.14285714285714285,3.8333333333333335,2,1,0.23609718653891723,False
3316,4,0.6676164176981859,0.6666666666666666,1.0,0,1,0.9293752901246193,True
3319,2,0.9081669437536648,1.0,1.0294117647058822,1,2,0.9500000000000001,False
3320,4,0.851737983896318,0.8333333333333334,1.0294117647058822,1,3,0.9500000000000001,False
3321,4,0.6197925722168045,0.5,1.035294117647059,0,1,0.83943491190244,True
3322,4,0.8370152356769403,0.6666666666666666,1.0588235294117647,1,1,0.9861111111111112,True
3323,4,0.6575994807488731,0.625,1.0333333333333334,1,2,0.8577212060352314,False
3325,3,0.20521767810858174,0.14285714285714285,1.1111111111111112,0,1,0.4329504334751064,False
3327,3,0.6417875324767208,0.5,1.0,0,1,0.8488613234424043,True
3329,4,0.6317171497065597,0.5,1.0,0,1,0.8445454451123351,True
3330,4,0.5932397055020037,0.5,1.0,1,2,0.7780551118818112,False
3331,4,0.40161980058021574,0.16666666666666666,1.0222222222222221,1,2,0.5570434065978703,False
3336,4,0.5526090977678604,0.25,1.0625,1,2,0.6564753276147973,False
3339,4,0.5611667621982593,0.42857142857142855,1.0,0,1,0.7845476599897303,True
3340,4,0.3166771383568553,0.25,1.0,0,1,0.6053616307243666,False
3341,4,0.3350153208975136,0.3333333333333333,1.1111111111111112,0,1,0.5679430740354423,False
3342,4,0.6848485224882181,0.5,1.0,1,2,0.8173160334473316,False
3345,3,0.8179700039983036,0.7777777777777778,1.0333333333333334,2,1,0.895,False
3350,4,0.8158545489977317,0.6666666666666666,1.0105263157894737,1,1,0.9861111111111112,True
3352,4,0.5308539976268555,0.25,1.0,0,1,0.6971517132686523,True
3354,2,0.9008602790417048,0.7777777777777778,1.0,0,2,0.9500000000000001,False
3355,3,0.8463763174687481,0.6666666666666666,1.0,1,1,0.9861111111111112,True
3358,3,0.7305560044235659,0.7777777777777778,1.1764705882352942,1,2,0.8402382876100998,False
3360,4,0.5295565338883643,0.2,1.0222222222222221,1,2,0.6257623240473943,False
3361,2,0.9705431690389521,1.0,1.0294117647058822,0,1,1.0,True
3362,4,0.48461524123939315,0.375,1.0,1,1,0.7294184367216446,True
3364,2,0.8143149848928591,0.6666666666666666,1.0,1,2,0.9361111111111112,False
3366,3,0.8139598752259273,0.7142857142857143,1.035294117647059,0,2,0.9500000000000001,False
3368,3,0.6024708600231703,0.5,1.0227272727272727,1,2,0.7820113209623112,False
3369,4,0.7568165988116458,0.6,1.0,1,1,0.9398261613954673,True
3370,4,0.06447124303344791,0.0,1.125,1,1,0.37,False
3371,4,0.4081800450724579,0.375,1.0,1,1,0.6966604955072438,True
3374,4,0.1869182158082469,0.1111111111111111,1.0222222222222221,1,2,0.44188029354744973,False
3376,4,0.5871078618939578,0.5,1.035294117647059,0,1,0.8254271789069343,True
3377,4,0.9610301670141834,1.0,1.0,1,2,0.9500000000000001,False
3378,4,0.6045242484779068,0.5,1.035294117647059,0,1,0.8328913445857695,True
3379,3,0.8483004298684196,0.8,1.0,1,1,1.0,True
3380,4,0.8496801676759063,0.8,1.0,1,1,1.0,True
3381,3,0.29606704299486086,0.2,1.0119047619047619,1,2,0.52569539937875,False
3382,4,0.6660095223786336,0.5555555555555556,1.035294117647059,0,1,0.8823903244056579,True
3387,4,0.9043990377960274,0.8333333333333334,1.0,1,2,0.9500000000000001,False
3388,3,0.7124674881828993,0.5,1.0,1,1,0.8791527330307665,True
3389,3,0.6973044399437035,0.625,1.1764705882352942,1,2,0.7947376171187301,False
3390,3,0.37129936806235975,0.25,1.0,1,1,0.6287711577410113,False
3391,3,0.26303455120503294,0.2,1.08,0,1,0.5615386171831094,False
3392,3,0.7345074739662936,0.8333333333333334,1.0222222222222221,1,1,0.9719317745569829,True
3393,2,0.8495049956707906,0.75,1.014332965821389,1,2,0.9500000000000001,False
3394,3,0.40793146841225597,0.2222222222222222,1.0,1,2,0.5828965552454642,False
3397,2,0.8921668820926045,0.7777777777777778,1.014332965821389,1,2,0.9500000000000001,False
3399,4,0.2574186072216699,0.09090909090909091,1.1111111111111112,1,2,0.3874651173807157,False
3400,4,0.5131993915576424,0.3,1.0222222222222221,1,2,0.6604187868580372,False
3401,4,0.5230357266389419,0.3,1.0222222222222221,1,2,0.6646343590357371,False
3403,4,0.6727650650509043,0.4,1.0125,1,2,0.7704707421646734,False
3404,4,0.198964607775515,0.1111111111111111,1.0,1,3,0.44704303296199316,False
3405,4,0.1738894986144742,0.1,1.0,0,2,0.4316669279776318,False
3406,2,0.8821639915944512,0.8333333333333334,1.014332965821389,1,2,0.9500000000000001,False
3407,3,0.6136615701400574,0.5,1.0,0,1,0.8368073395838342,True
3408,4,0.523609329108484,0.3,1.0222222222222221,0,1,0.7148801886655408,True
3410,3,0.2733753683992493,0.125,1.0,0,1,0.5347203959806307,False
3411,3,0.868968271421851,0.6666666666666666,1.0,0,2,0.9361111111111112,False
3412,4,0.18141676654849256,0.14285714285714285,1.1521739130434783,1,1,0.42275004280649675,False
3413,3,0.5644454413601205,0.3,1.0222222222222221,0,2,0.6823813796305279,False
3414,3,0.6874554737649279,0.5,1.0222222222222221,0,2,0.8184332982802073,False
3415,3,0.9524868527270868,1.0,1.03125,0,2,0.9500000000000001,False
3417,3,0.6237900848678294,0.5,1.0,0,2,0.7911481316100223,False
3418,4,0.28915876500848925,0.125,1.0,2,1,0.43648470881316204,False
3419,3,0.4567748885738363,0.4,1.0222222222222221,0,2,0.6779035236745014,False
3420,2,0.5094442083406739,0.42857142857142855,1.0,0,1,0.7623808511936221,True
3423,2,0.7772981622267635,0.8333333333333334,1.0222222222222221,0,1,0.9902706409543272,True
3424,4,0.12661573044125363,0.1,1.1057142857142856,1,2,0.3314067416176801,False
3428,4,0.21785726319849366,0.1,1.1176470588235294,1,3,0.37051025565649726,False
3432,3,0.9664752342256325,1.0,1.0,1,2,0.9500000000000001,False
3433,3,0.5959070655335851,0.5,1.0,2,1,0.7241982661810604,False
3438,4,0.676692525204267,0.5714285714285714,1.0227272727272727,1,2,0.8435825108018288,False
3439,2,0.7372361651084354,0.5714285714285714,1.0,1,1,0.9195297850464723,True
3440,3,0.6777474950790634,0.375,1.0,0,1,0.8121894026529319,True
3441,2,0.7909351889181566,0.5,1.0,1,1,0.9127817476315909,True
3442,4,0.013358772101525683,0.0,1.0377358490566038,1,1,0.44999999999999996,False
3444,3,0.7898197983513661,0.5,1.0,0,1,0.9123037231029665,True
3445,4,0.13812344548829328,0.2,1.1578947368421053,0,1,0.42800528616164946,False
3447,4,0.6201364199628356,0.5,1.0,1,2,0.7895822752221678,False
3448,2,0.9999999999999996,1.0,1.0,1,1,1.0,True
3450,4,0.7438813470332808,0.6,1.0,1,1,0.9342824820618822,True
3451,3,0.6284586112826398,0.5,1.0,1,2,0.793148928644941,False
3452,3,0.753472262895401,1.0,1.0021153846153847,1,2,0.9300595412408862,False
3453,3,0.7937437802146734,1.0,1.0021153846153847,1,2,0.9473187629491459,False
3454,4,0.3349050571836046,0.3333333333333333,1.0,0,1,0.6478958181580527,False
3455,4,0.74995798087123,0.5,1.0,1,2,0.8452200870400511,False
3456,2,0.8205201121946959,0.5,1.0,0,1,0.9166666666666667,True
3458,4,0.405180341946643,0.25,1.0,1,2,0.59329157511999,False
3459,4,0.7010022132618849,0.5,1.0,0,1,0.8742390437789032,True
3460,2,0.9479645550173913,1.0,1.0,1,2,0.9500000000000001,False
3461,3,0.24986391551931217,0.18181818181818182,4.444444444444445,0,1,0.3883183014563286,False
3463,4,0.23210757667873116,0.14285714285714285,1.0,0,1,0.5244746757194562,False
3465,2,0.7971512964183648,0.5714285714285714,1.0,0,1,0.9452076984650135,True
3466,4,0.42042953734211247,0.3,1.0,1,2,0.6206602779085244,False
3467,3,0.39112780865470365,0.1111111111111111,1.0345,1,1,0.5793986904816455,False
3468,4,0.43365682938158184,0.4,1.088,0,1,0.7179957840206779,True
3472,2,0.8806491133329039,0.6666666666666666,1.0,1,1,0.9861111111111112,True
3473,4,0.11976425063331748,0.14285714285714285,1.06,0,1,0.47632753598570743,False
3474,2,0.8953845764182451,0.7142857142857143,1.0,1,1,1.0,True
3475,2,0.8931595744595836,0.6666666666666666,1.0,1,1,0.9861111111111112,True
3476,2,0.8916904403468318,0.8,1.0,1,2,0.9500000000000001,False
3477,3,0.0016801814961671813,0.0,1.1428571428571428,1,1,0.37,False
3478,3,0.0,0.0,1.1,1,2,0.39999999999999997,False
3479,3,0.49688292893397246,0.5,1.0,0,1,0.786759350495512,True
3480,4,0.7934441218741468,0.6666666666666666,1.0,0,2,0.9333014490571742,False
3482,2,0.6341874248140046,0.6,1.0,0,1,0.887270801110764,True
3483,3,0.15236277324813685,0.25,2.14,0,1,0.37494118853491576,False
3485,4,0.0,0.0,1.0,1,1,0.44999999999999996,False
3486,2,0.8900031392957136,0.8,1.0,1,1,1.0,True
3488,4,0.05908150558160854,0.0,1.0526315789473684,1,2,0.39999999999999997,False
3489,3,0.2518141414177924,0.25,2.25,0,2,0.3675632034647682,False
3490,4,0.12347665525755037,0.09090909090909091,1.0644444444444445,1,2,0.41006142368180726,False
3491,3,0.6765245973384766,0.625,1.0190274841437632,1,2,0.8658319702879186,False
3492,3,0.7916101427771123,1.0,1.0190274841437632,1,2,0.9464043469044768,False
3493,2,0.6880300647051343,0.5,1.0,1,2,0.8186795515402957,False
3494,4,0.7331519530620524,0.5555555555555556,1.0,1,2,0.8611656518414089,False
3495,3,0.1529707435434311,0.1,1.0,1,2,0.42270174723289905,False
3496,3,0.0987429521239554,0.07692307692307693,11.6,1,2,0.24,False
3497,4,0.31199516211278633,0.5,1.0,1,1,0.707521736143575,False
3499,4,0.6954015389094911,0.5,1.0114942528735633,0,2,0.8218387547707343,False
3500,2,0.715769845540262,0.75,1.0,0,1,0.9639013623743979,True
3501,2,0.7855469483314025,0.5714285714285714,1.0,1,2,0.890234406427744,False
3504,2,0.9461056518395536,0.8,1.0,1,2,0.9500000000000001,False
3505,3,0.4330707013602665,0.25,1.0,1,2,0.6052445862972572,False
3506,3,0.15146481333265524,0.3333333333333333,1.0084033613445378,0,1,0.5692785707933602,False
3507,4,0.7866063602773289,0.75,1.0169491525423728,1,1,0.9942598686902837,True
3511,4,0.0,0.0,1.0588235294117647,2,1,0.345,False
3512,4,0.17487958908720927,0.14285714285714285,1.1111111111111112,1,1,0.4199483953230897,False
3513,4,0.20264682579403123,0.16666666666666666,1.125,1,2,0.3917692745466483,False
3514,4,0.10349603337940821,0.1,1.0588235294117647,1,2,0.40149830001974635,False
3518,4,0.4405306688895077,0.42857142857142855,1.125,0,2,0.6028464771431223,False
3520,3,0.09762996646836256,0.125,1.1214953271028036,0,1,0.3804166666666666,False
3521,3,0.260881967208502,0.3333333333333333,1.8888888888888888,0,1,0.4561716367401516,False
3523,4,0.024785913517215048,0.0,1.0363636363636364,2,1,0.345,False
3525,3,0.4188084204152063,0.2857142857142857,1.025,2,1,0.559013132558898,False
3530,4,0.8245329335320137,0.625,1.0,1,3,0.9187500000000001,False
3532,4,0.24756519428538343,0.2727272727272727,1.0,0,1,0.5852119230920041,False
3533,3,0.3085472622649162,0.2222222222222222,1.0833333333333333,0,1,0.5903033240394614,False
3536,4,0.07483812426445696,0.14285714285714285,1.0416666666666667,0,1,0.46785714285714286,False
3539,4,0.14970958910994042,0.16666666666666666,1.2,0,1,0.4190818873963237,False
3543,3,0.3750422993520255,0.5,1.0,0,1,0.7345419378175347,False
3545,4,0.21947866893903586,0.2,1.1111111111111112,1,3,0.412871810497682,False
3546,4,0.07812482594842883,0.1,1.125,1,1,0.37,False
3549,3,0.3995285722236864,0.375,1.0,0,1,0.692952721429199,False
3550,4,0.4219745870811085,0.25,1.1428571428571428,1,2,0.5204891087490465,False
3551,4,0.09122136285378765,0.1,1.0,0,1,0.44999999999999996,False
3552,3,0.9209805873179556,1.0,1.0294117647058822,1,1,1.0,True
3554,4,0.0,0.0,1.1278195488721805,1,1,0.37,False
3556,4,0.0,0.0,1.103734439834025,1,1,0.37,False
3564,2,0.9745969976881635,1.0,1.0,1,1,1.0,True
3566,3,0.12023800955045973,0.07692307692307693,4.4,0,1,0.29867343266448276,False
3567,4,0.31218305890417075,0.16666666666666666,1.0666666666666667,0,1,0.5687133744509938,False
3569,4,0.6134310995587038,0.5,1.001908396946565,1,2,0.7867085664775398,False
3571,3,0.8351027740372099,0.375,1.0,0,2,0.8145833333333333,False
3573,4,0.09062075359918628,0.14285714285714285,1.08,0,2,0.41785714285714287,False
3574,4,0.287030498096577,0.2222222222222222,1.125,1,2,0.45108185368160175,False
3576,4,0.4272361146113249,0.2857142857142857,1.0909090909090908,0,1,0.6676250015000915,True
3577,3,0.1908122032263592,0.125,1.1333333333333333,1,2,0.3693361823351063,False
3580,4,0.14468605562533526,0.18181818181818182,1.0677333333333332,0,2,0.4532420757874814,False
3582,3,0.39913393329417596,0.3,1.1083333333333334,0,1,0.5815335904594087,False
3586,4,0.12197734601661936,0.1111111111111111,1.1,0,1,0.4640484922081808,False
3587,4,0.5651532197597147,0.2857142857142857,1.0,0,1,0.726732332277973,True
3588,4,0.6028100547504401,0.3333333333333333,1.0,0,1,0.7627122456866966,True
3589,3,0.5988344379297739,0.4444444444444444,1.037037037037037,1,2,0.7573047062027075,False
3591,4,0.9020099653061078,1.0,1.0,0,2,0.9500000000000001,False
3592,4,0.29429291864538,0.2727272727272727,1.0625,0,1,0.6052380906748598,False
3594,4,0.872143661261313,1.0,1.0,0,2,0.9500000000000001,False
3595,4,0.5491941832324986,0.16666666666666666,1.1,0,1,0.6702895705917058,False
3596,4,0.595483786833185,0.5,1.037037037037037,1,1,0.829016861023746,True
3597,3,0.8707115935520094,0.8333333333333334,1.0,0,2,0.9500000000000001,False
3598,3,0.7170240838854683,0.75,1.0,0,2,0.9144388930937722,False
3600,4,0.04410750590519558,0.14285714285714285,1.0625,0,2,0.41785714285714287,False
3601,4,0.5772153102459786,0.4,1.1538461538461537,0,1,0.6995208472482766,True
3603,2,0.9999999999999998,1.0,1.0,0,2,0.9500000000000001,False
3605,3,0.824187790218124,0.5,1.0,0,2,0.8666666666666668,False
3607,4,0.26708253637261564,0.16666666666666666,1.0909090909090908,0,1,0.5493845790803273,False
3612,4,0.4859187703516454,0.4,1.0461538461538462,0,2,0.6903937587221338,False
3613,4,0.0,0.0,1.1764705882352942,1,2,0.32,False
3614,4,0.9097754799885499,1.0,1.0,1,2,0.9500000000000001,False
3615,4,0.18187581947378317,0.125,1.1333333333333333,1,2,0.3655063035840023,False
3616,4,0.08877569774546729,0.1,1.1764705882352942,1,2,0.32,False
3618,4,0.8426475949441781,0.75,1.0,1,2,0.9500000000000001,False
3619,4,0.6550284666607452,0.5,1.0,1,2,0.8045360095212718,False
3621,3,0.32619246910931327,0.14285714285714285,1.0,0,1,0.5647967724754199,False
3623,4,0.9402345891792439,1.0,1.0,1,2,0.9500000000000001,False
3624,4,0.15642557613693658,0.14285714285714285,1.1111111111111112,0,1,0.4120395326301156,False
3625,3,0.8619291296055362,1.0,1.0034615384615384,1,1,1.0,True
3626,4,0.8113544774971555,0.6,1.0294117647058822,1,1,0.9583333333333333,True
3628,3,0.6006130349184525,0.4,1.04,0,2,0.7395484435364797,False
3632,4,0.6595285504289902,0.3333333333333333,1.0,1,1,0.7870201724060752,True
3634,4,0.36963085350969993,0.2,1.1428571428571428,0,1,0.5272227467422523,False
3635,4,0.00643988195575492,0.0,1.0606060606060606,0,1,0.44999999999999996,False
3637,4,0.41653163192673953,0.42857142857142855,1.0,0,1,0.7225611755876502,True
3639,4,0.5225556097910313,0.14285714285714285,1.0588235294117647,1,1,0.6489524041961563,False
3641,4,0.36126530248597205,0.16666666666666666,1.048780487804878,0,1,0.5897486217003373,False
3643,4,0.2344284194556037,0.125,1.0144927536231885,0,1,0.518028846433354,False
3644,4,0.4448654141641869,0.4,1.1111111111111112,0,2,0.5927994632132231,False
3645,4,0.11501763706120646,0.0,1.1363636363636365,1,2,0.32643613016908846,False
3647,2,0.3787046909297303,0.42857142857142855,1.0,0,2,0.6563496294460749,False
3648,3,0.34996690977028766,0.4,1.0,1,2,0.6321286756158376,False
3649,2,0.8312538215564911,0.875,1.0,1,2,0.9500000000000001,False
3650,4,0.41703725104369554,0.25,1.075,1,1,0.6483731075901552,True
3652,3,0.9107973645293602,1.0,1.0,1,1,1.0,True
3654,4,0.144851153880801,0.2,1.0,1,1,0.5108885897584385,False
3655,4,0.6062546571250005,0.5,1.0,1,1,0.8336329482916669,True
3656,4,0.0,0.0,1.08,1,1,0.44999999999999996,False
3657,4,0.8774152684239179,1.0,1.0,1,1,1.0,True
3659,4,0.40040924120316823,0.25,1.0153846153846153,1,1,0.6412468176585007,True
3661,4,0.42924217073297516,0.2857142857142857,1.0153846153846153,1,1,0.6684847398379417,True
3664,4,0.4885128878863278,0.5,1.0,0,1,0.7831721900465214,True
3665,4,0.004181700220928816,0.0,1.1111111111111112,1,1,0.37,False
3666,4,0.6037999338685054,0.42857142857142855,1.0238095238095237,1,1,0.8028190192769785,True
3668,4,0.31059802435004913,0.125,1.0526315789473684,1,1,0.5506729628166878,False
3670,4,0.8449235807179244,0.7142857142857143,1.008,1,1,1.0,True
3671,4,0.9779992726598102,1.0,1.0,1,1,1.0,True
3672,4,0.3802153865755152,0.14285714285714285,1.0,1,2,0.5379494513895066,False
3673,4,0.6498556663132097,0.4,1.0,1,1,0.810652428419947,True
3674,3,0.1684341696929887,0.0,1.0,1,1,0.4793289298684237,False
3677,2,0.8917965469504874,0.7142857142857143,1.0,1,1,1.0,True
3678,4,0.34952582298373475,0.2,1.0,1,1,0.5986063050882673,False
3681,4,0.8466937969044313,0.8,1.0285714285714285,1,1,1.0,True
3683,3,0.2230763329508069,0.16666666666666666,1.0,1,1,0.5305247776138379,False
3684,2,0.9999999999999988,1.0,1.0,1,1,1.0,True
3687,4,0.16558791910575105,0.1111111111111111,1.1111111111111112,1,1,0.40273873781780867,False
3688,4,0.33443932705836726,0.1,1.0,1,1,0.5504739973107288,False
3690,4,0.8675258571025275,0.8,1.0,1,1,1.0,True
3693,3,0.5168132039221617,0.3,1.0,1,1,0.7119675635856884,True
3694,4,0.08412195935500055,0.1111111111111111,1.1111111111111112,1,1,0.37462962962962965,False
3697,2,0.9221951682327669,0.8333333333333334,1.0,1,1,1.0,True
3698,4,0.14457665067545253,0.2,1.0,0,1,0.5107709455275748,False
3699,4,0.8467166347862666,0.6666666666666666,1.0,1,1,0.9861111111111112,True
3700,4,0.30332958449320147,0.125,1.0975609756097562,1,1,0.547557917163753,False
3701,4,0.6813991996132486,0.4,1.1274509803921569,1,1,0.7441710855485352,True
3704,4,0.7686242061585077,0.4,1.0,1,1,0.861553231210789,True
3708,2,0.9460936288915336,1.0,1.0,0,1,1.0,True
3712,2,0.656356071224664,0.5,1.0169491525423728,1,1,0.8551049829058084,True
3713,4,0.15943809224405228,0.1111111111111111,1.04,1,1,0.48010309773422344,False
3715,4,0.09220423126809092,0.0,1.1333333333333333,0,1,0.37,False
3716,2,0.9091794789334101,0.75,1.0,1,1,1.0,True
3717,3,0.2812477717696133,0.14285714285714285,1.0,1,1,0.5455347593298342,False
3718,2,0.9188164189618385,0.75,1.0,0,1,1.0,True
3719,4,0.010196880548896396,0.0,1.1666666666666667,1,2,0.32,False
3721,4,0.7535844474840389,0.5714285714285714,1.0138888888888888,1,1,0.9265361917788739,True
3723,4,0.029090707829782493,0.0,1.1333333333333333,1,2,0.32,False
3724,3,0.25203232458206415,0.3,1.0683333333333331,0,1,0.5984900438685037,False
3725,3,0.7581350122115063,0.6666666666666666,1.0178571428571428,1,1,0.968168973487471,True
3727,3,0.1341235264274065,0.125,1.0303030303030303,1,1,0.4750410351355552,False
3728,4,0.9384140817699542,1.0,1.0133333333333334,0,1,1.0,True
3732,4,0.11003194566846793,0.14285714285714285,1.1111111111111112,1,1,0.3921565481436291,False
3733,4,0.7267385922297913,0.5714285714285714,1.0,1,1,0.9150308252413393,True
3734,4,0.0,0.0,1.1,0,1,0.44999999999999996,False
3736,4,0.11006313092537845,0.0,1.0465116279069768,1,1,0.4543127703965908,False
3737,4,0.43230539054253075,0.16666666666666666,1.0,1,2,0.5701943737245767,False
3740,4,0.6801431705743068,0.5,1.0256410256410255,1,1,0.8652994540556553,True
3741,4,0.010311951857268324,0.0,1.0,0,1,0.44999999999999996,False
3743,3,0.2953361078239593,0.125,1.0416666666666667,1,1,0.5441321414483635,False
3744,3,0.3474572035658123,0.2857142857142857,1.0,2,1,0.5284340396234434,False
3750,3,0.4112150861376304,0.2,1.0,1,2,0.5750445607256511,False
3753,3,0.7071826664897027,0.75,1.008,1,1,0.9602211427813012,True
3754,3,0.6588586015561883,0.3333333333333333,1.0,1,2,0.7367330514605887,False
3757,3,0.5609271895203358,0.4,1.0,1,2,0.7225402240801441,False
3758,4,0.13495848434495197,0.2,8.5,2,1,0.24164887424307466,False
3759,2,0.9771863310532736,1.0,1.0316666666666667,0,2,0.9500000000000001,False
3760,3,0.9479181546609371,1.0,1.0017543859649123,1,1,1.0,True
3761,3,0.36621595042112265,0.16666666666666666,1.1666666666666667,1,2,0.46187032795825894,False
3764,3,0.09975610866716353,0.125,1.0014285714285713,1,1,0.4604166666666667,False
3767,4,0.09080682170956957,0.09090909090909091,1.1564625850340136,1,1,0.37,False
3768,3,0.7853306790969025,1.0,1.0,1,1,0.9937131481843868,True
3771,4,0.9581576419281832,1.0,1.0022271714922049,1,1,1.0,True
3772,4,0.012503457385831253,0.0,1.0443864229765014,1,1,0.44999999999999996,False
3773,2,0.9505172379581782,1.0,1.0,0,2,0.9500000000000001,False
3775,2,0.9553914609338713,1.0,1.0344827586206897,1,1,1.0,True
3777,2,0.8434953612194515,0.7142857142857143,1.0014285714285713,1,1,1.0,True
3778,3,0.7267942503333401,0.625,1.0,1,1,0.9373761072857172,True
3780,4,0.1053048737709904,0.1,1.125,1,1,0.37227351733042446,False
3782,4,0.0,0.0,1.1,1,1,0.44999999999999996,False
3783,4,0.16386989589599205,0.0,1.1363636363636365,2,1,0.29237281252685376,False
3785,3,0.5302225074691103,0.5,1.0,1,1,0.8010477412962853,True
3786,4,0.3802927511269814,0.3333333333333333,1.0204081632653061,1,1,0.6673476869909285,False
3787,4,0.542606782415972,0.375,1.0266666666666666,1,1,0.7542719543687499,True
3788,3,0.6018955938151085,0.2857142857142857,1.0285714285714285,0,1,0.7424790640159988,True
3789,3,0.5615540191579795,0.5,1.0,1,1,0.8144755320200865,True
3790,2,0.7821752561462167,0.625,1.0,1,1,0.9611108240626645,True
3791,4,0.7831081016802586,0.75,1.0,1,1,0.992760615005825,True
3792,2,0.9604714652808519,1.0,1.0,1,1,1.0,True
3794,4,0.6024003695078619,0.7142857142857143,1.0266666666666666,1,1,0.915314444074798,True
3798,4,0.2985238402693394,0.2,1.0,0,1,0.5767483124963836,False
3799,4,0.8010540795518724,0.75,1.0,1,1,1.0,True
3800,2,0.9520434216173048,1.0,1.0,1,1,1.0,True
3801,2,0.699288948586891,0.6666666666666666,1.0,1,1,0.9429492319340644,True
3803,3,0.34622072501282514,0.3333333333333333,1.0285714285714285,0,1,0.6527453900848615,False
3804,3,0.19397948487368127,0.1111111111111111,1.1,1,1,0.4949065517183502,False
3805,4,0.4345578242795087,0.3333333333333333,1.128668171557562,0,2,0.5606041469134403,False
3806,4,0.26671302827940974,0.1,1.0,0,2,0.4714484406911756,False
3807,4,0.15175742565028305,0.125,1.0778443113772456,1,2,0.43259842051678793,False
3809,4,0.11055150692727418,0.125,1.1111111111111112,1,1,0.3849387410640699,False
3811,4,0.5592010617724457,0.5,1.0417,0,1,0.8134671217120006,True
3812,4,0.7653225095744769,0.6,1.0,0,1,0.9434715517223948,True
3813,4,0.0,0.0,1.0666666666666667,0,1,0.44999999999999996,False
3814,3,0.5046961405615101,0.375,1.6666666666666667,1,1,0.5780245364311234,False
3815,4,0.21239879109073348,0.1111111111111111,1.0,0,1,0.5028005400970869,False
3816,4,0.4545121560075723,0.25,3.3333333333333335,1,1,0.5044337811461024,False
3817,4,0.002505896495022318,0.0,1.0666666666666667,1,1,0.44999999999999996,False
3818,2,0.7791012622063798,0.6666666666666666,1.0,0,1,0.9771545091995595,True
3819,3,0.8823876365120518,0.75,1.0526315789473684,0,1,1.0,True
3823,4,0.645858377948568,0.2857142857142857,1.0,2,2,0.606320257216053,False
3825,4,0.6929350622135333,0.6,1.0,1,1,0.9124483599962763,True
3826,4,0.3068612505153708,0.16666666666666666,1.0,0,1,0.5664325994272223,False
3829,4,0.04842058978676414,0.0,1.1111111111111112,1,1,0.37,False
3830,4,0.40235259512382915,0.75,1.0053735482752644,0,1,0.8295796836244982,True
3831,4,0.35804508004120983,0.125,1.08,1,2,0.5210074152557567,False
3832,4,0.0,0.0,1.1111111111111112,0,1,0.37,False
3834,4,0.20164880702331858,0.1111111111111111,1.122754491017964,1,1,0.4181934040681947,False
3838,4,0.10497897325044113,0.0,1.08,0,1,0.45213384567876047,False
3841,4,0.7636120908257833,0.6,1.0294117647058822,1,1,0.9427385151158119,True
3843,3,0.41986275569826964,0.3333333333333333,1.1428571428571428,1,1,0.6043062603786234,True
3844,4,0.009806559991990316,0.0,1.0,1,1,0.44999999999999996,False
3847,3,0.5369640384479875,0.3333333333333333,1.0,1,2,0.6844925244142169,False
3850,2,0.82761497075927,0.9090909090909091,1.0,1,1,1.0,True
3853,2,0.8738270904059111,0.75,1.0,1,2,0.9500000000000001,False
3854,2,0.9455141882232526,0.8571428571428571,1.0,1,1,1.0,True
3855,3,0.25375404844967137,0.2222222222222222,1.0350877192982457,2,2,0.4118205181186422,False
3856,3,0.1851610132173362,0.15384615384615385,1.027027027027027,2,2,0.3539334745290415,False
3857,4,0.024072149926547177,0.0,1.1683333333333332,1,2,0.32,False
3858,3,0.1939896452220647,0.18181818181818182,11.621621621621621,2,2,0.2093721856146511,False
3859,3,0.1315202651098606,0.125,1.0545454545454545,1,2,0.42392535171374973,False
3860,2,0.9508277040894257,1.0,1.0,1,2,0.9500000000000001,False
3863,4,0.8538633454632174,0.8,1.0057142857142858,1,1,1.0,True
3865,2,0.7705389654399175,0.8333333333333334,1.0004244224822652,1,1,0.9873738423313931,True
3866,4,0.9349034546128767,1.0,1.0,1,1,1.0,True
3867,4,0.8445744184467783,0.8571428571428571,1.0,1,1,1.0,True
3869,4,0.8671984394692673,0.8571428571428571,1.0,1,1,1.0,True
3872,3,0.243111241773133,0.1111111111111111,4.0,1,1,0.3559630189609724,False
3873,3,0.05517038674558316,0.0,1.0,1,1,0.44999999999999996,False
3874,4,0.8467856116726575,0.8,1.0,1,1,1.0,True
3875,3,0.7031981533424556,0.5714285714285714,1.0,1,1,0.9049420657181952,True
3876,4,0.8794919804151587,1.0,1.0057142857142858,1,2,0.9500000000000001,False
3877,3,0.6770115386884397,0.8571428571428571,1.0003030303030305,1,1,0.9472906594379027,True
3878,3,0.17580266159955768,0.25,1.0,1,1,0.544986854971239,False
3879,4,0.812979703150563,0.6,1.0,1,1,0.9583333333333333,True
3880,3,0.3801562022714042,0.25,1.0,2,1,0.5275669438306018,False
3881,4,0.529585840598041,0.5,1.0,1,1,0.8007748840658271,True
3882,3,0.9699424289105125,1.0,1.0,1,2,0.9500000000000001,False
3883,4,0.6722768910974452,0.6666666666666666,1.0,1,1,0.931372635867159,True
3884,2,0.9228993073946138,1.0,1.0,1,1,1.0,True
3885,3,0.8971544666256842,0.7777777777777778,1.0,1,1,1.0,True
3887,4,0.10770001903999901,0.1111111111111111,3.52,1,1,0.2979296377896292,False
3888,4,0.46705861082540706,0.2222222222222222,1.000757920266788,1,1,0.6582367591368147,False
3890,4,0.7636253450561161,0.7142857142857143,1.0005457522284884,1,1,0.984410862166907,True
3891,4,0.6077974168310356,0.4,1.0057142857142858,1,1,0.7926274643561582,True
3892,4,0.0,0.0,3.52,2,1,0.185,False
3893,4,0.059862980448934566,0.0,3.52,0,1,0.29000000000000004,False
3894,4,0.8087438689876106,0.8,1.0,1,1,1.0,True
3895,4,0.7936919347749888,0.8,1.0,1,1,0.9972965434749952,True
3896,4,0.8670966532669839,0.8,1.0294117647058822,1,1,1.0,True
3897,4,0.8944149062163732,0.75,1.0303030303030303,1,1,1.0,True
3898,4,0.7250599637384014,0.5714285714285714,1.0303030303030303,1,1,0.9143114130307435,True
3899,4,0.6893036589426809,0.6666666666666666,1.025,1,2,0.8886698220865458,False
3900,4,0.2313686058885944,0.2,1.0365853658536586,1,2,0.49796749776177857,False
3902,4,0.6721324391742068,0.5,1.0294117647058822,1,1,0.8618662834556126,True
3904,4,0.20708626901595512,0.14285714285714285,1.1764705882352942,0,1,0.43375125814969506,False
3905,4,0.4395695494439209,0.3333333333333333,1.1764705882352942,0,1,0.6127520291267597,True
3906,4,0.6151704985479812,0.3333333333333333,1.0303030303030303,1,1,0.7680095787427856,True
3907,4,0.8361134984644258,0.5714285714285714,1.0303030303030303,1,1,0.9464285714285714,True
3909,4,0.40909547771029303,0.25,1.0416666666666667,0,1,0.6449694904472685,True
3910,4,0.28279057375489725,0.2,1.1764705882352942,0,1,0.49000548399019406,False
3911,4,0.7536388150812818,0.6,1.0,1,1,0.9384642540824542,True
3914,4,0.25478569767033266,0.16666666666666666,1.0416666666666667,0,1,0.5441145053507774,False
3915,4,0.4401529852561568,0.2857142857142857,1.0416666666666667,0,1,0.6731608032050196,True
3917,4,0.03299385120837533,0.0,1.0416666666666667,0,1,0.44999999999999996,False
3918,4,0.7026086965877465,0.6,1.0416666666666667,0,1,0.9165942032995105,True
3920,4,0.33832591109493215,0.1,1.1538461538461537,1,2,0.42213967618354237,False
3923,4,0.5746263675255904,0.2857142857142857,1.1666666666666667,1,1,0.6507922527490625,True
3924,4,0.6805084713462674,0.5,1.0277777777777777,0,1,0.8654560115293528,True
3925,4,0.5646730427904135,0.6,1.0285714285714285,1,1,0.8574789231006534,True
3926,4,0.8958664689109115,0.75,1.0,1,1,1.0,True
3927,4,0.002501734606263719,0.0,1.0666666666666667,0,1,0.44999999999999996,False
3930,4,0.6993127706901818,0.5714285714285714,1.0285714285714285,1,1,0.9032769017243636,True
3931,4,0.3772276812593604,0.2222222222222222,1.125,0,1,0.5397377893227946,False
3936,4,0.2184248928238635,0.14285714285714285,1.1428571428571428,1,1,0.4386106683530844,False
3938,4,0.535724777021451,0.25,1.125,0,1,0.6192391901520504,True
3939,4,0.2513924659677325,0.2857142857142857,1.1333333333333333,1,1,0.5122634377956948,False
3940,4,0.0031777999835154,0.0,1.1612903225806452,0,1,0.37,False
3941,3,0.8669999140790761,0.8,1.0,1,1,1.0,True
3942,4,0.6037585104319908,0.4,1.1363636363636365,0,1,0.7108965044708533,True
3943,4,0.3159729452239438,0.4,1.0,1,1,0.6675598336674046,False
3945,4,0.17839046812886658,0.0,1.0,2,1,0.37859591491237143,False
3946,4,0.8015529749648849,0.5,1.0,1,2,0.8666666666666668,False
3947,3,0.19489981133177733,0.16666666666666666,1.09375,0,1,0.5184491254913967,False
3949,4,0.5998426043376446,0.5,1.0,0,1,0.8308849256685145,True
3951,4,0.012708198225481936,0.0,1.1428571428571428,1,1,0.37,False
3952,4,0.5955388739951513,0.5,1.125,0,2,0.6990404698074458,False
3953,4,0.6440301823512813,0.3333333333333333,1.1764705882352942,0,1,0.7003780146584856,True
3956,4,0.09594386390332094,0.1,1.0,1,1,0.44999999999999996,False
3957,3,0.32310504595173417,0.25,1.0,0,1,0.6081164482650289,False
3958,4,0.5704244042832322,0.25,1.0,0,1,0.7141104589785281,True
3962,4,0.7041132824798011,0.2,1.0294117647058822,0,1,0.75057235915801,False
3963,4,0.18204353022033237,0.14285714285714285,1.0588235294117647,0,1,0.5030186558087139,False
3964,4,0.08884483632285184,0.16666666666666666,1.0909090909090908,1,2,0.42777777777777776,False
3965,4,0.8778081555143832,0.7142857142857143,1.0,1,2,0.9500000000000001,False
3966,4,0.6849471254787851,0.2,1.0,0,1,0.7423582918718603,False
3968,4,0.04728909139352885,0.0,1.12,0,1,0.37,False
3969,4,0.5919614516616781,0.3333333333333333,1.0,0,1,0.7580628443629414,True
3970,4,0.6282141677220981,0.5,1.0222222222222221,1,2,0.7930441671189946,False
3972,4,0.3377734019515942,0.2857142857142857,1.0,0,1,0.6292838389316356,False
3973,4,0.17730036391947412,0.1111111111111111,1.0,0,2,0.43775835702369,False
3974,4,0.7376042733871438,0.5,1.0416666666666667,0,1,0.8899256409754426,True
3975,4,0.1980468838966385,0.2,1.0416666666666667,0,1,0.5336867597652261,False
3977,4,0.07466254200675414,0.09090909090909091,1.1111111111111112,1,2,0.32,False
3978,4,0.2565298603801051,0.1111111111111111,1.0227272727272727,0,1,0.5217138555068175,False
3979,4,0.3340838179739137,0.2857142857142857,1.0,0,2,0.5777025886554868,False
3980,4,0.0068867250002274194,0.0,1.1428571428571428,1,1,0.37,False
3981,4,0.11509313014672948,0.1111111111111111,1.1333333333333333,0,2,0.3310981139782279,False
3982,4,0.06881435588772009,0.1111111111111111,1.1428571428571428,1,1,0.37462962962962965,False
3983,3,0.1276772640297183,0.14285714285714285,1.0555555555555556,1,1,0.4797188274413078,False
3985,3,0.6998533495062336,0.5,1.0416666666666667,0,1,0.8737466735979096,True
3986,4,0.7282596012666359,0.5,1.0,1,1,0.885920781495225,True
3987,4,0.11470929065558258,0.125,1.15,0,1,0.386720648376202,False
3988,4,0.129888706477897,0.125,1.0666666666666667,1,3,0.4232261123000511,False
3989,4,0.10982245266526729,0.0,1.1333333333333333,0,2,0.3242096225708288,False
3991,4,0.8381819635541663,0.6666666666666666,1.0,1,1,0.9861111111111112,True
3995,2,1.0,1.0,1.0,1,1,1.0,True
3996,4,0.5137858425785163,0.4,1.1111111111111112,1,1,0.672336789676507,True
3999,4,0.5974808676738129,0.5,1.0,0,2,0.7798727528125865,False
4000,4,0.4990328057865048,0.2857142857142857,1.0,1,1,0.6983950120037401,True
4001,3,0.3958600160913161,0.25,1.0714285714285714,1,2,0.5892971497534213,False
4002,4,0.003662022142674195,0.0,1.0,1,2,0.39999999999999997,False
4006,2,0.9999999999999996,1.0,1.0,1,1,1.0,True
4007,4,0.3464384701815579,0.16666666666666666,1.0,0,1,0.5833942649984454,False
4008,4,0.6376449107731621,0.4,1.0,1,2,0.7554192474742124,False
4009,4,0.550346358596876,0.4,1.0,0,1,0.7680055822558041,True
4012,4,0.37153344093183116,0.2,1.0,1,2,0.5580381413517372,False
4013,4,0.1816416816887706,0.16666666666666666,1.0416666666666667,0,1,0.512767069930108,False
4014,4,0.5639784188969684,0.3333333333333333,1.0,1,2,0.6960701160352087,False
4018,3,0.0,0.0,1.1666666666666667,1,1,0.37,False
4020,3,0.0675520859375898,0.1,1.0204081632653061,0,1,0.44999999999999996,False
4021,4,0.0,0.0,1.1,0,1,0.44999999999999996,False
4022,4,0.10775600412928134,0.14285714285714285,1.1320754716981132,0,1,0.39118114462683484,False
4023,4,0.006930157059784545,0.0,1.1666666666666667,0,1,0.37,False
4024,4,0.0,0.0,1.1363636363636365,0,1,0.37,False
4026,4,0.4191853604493913,0.2,1.0,1,3,0.5784603925735486,False
4028,4,0.6920480937329645,0.2857142857142857,1.0,0,1,0.7811158496950801,True
4029,3,0.9407215118214851,1.0,1.0,1,1,1.0,True
4030,4,0.3536141761413953,0.25,1.0,0,1,0.6211917897748837,False
4031,4,0.15767977590165494,0.1111111111111111,1.1111111111111112,0,1,0.3993495335874817,False
4033,4,0.014167050688986669,0.0,1.1428571428571428,1,1,0.37,False
4034,4,0.897204623660131,0.8,1.0,1,2,0.9500000000000001,False
4035,3,0.0,0.0,1.0666666666666667,1,2,0.39999999999999997,False
4036,4,0.0,0.0,1.1333333333333333,0,2,0.32,False
4037,4,0.3155972156545915,0.14285714285714285,1.1764705882352942,1,2,0.43025594956625346,False
4040,4,0.28608911656940905,0.1,1.0,1,2,0.47975247852974673,False
4041,4,0.14822804550695332,0.125,1.1333333333333333,0,2,0.3510858290267895,False
4042,4,0.20571636791748962,0.2857142857142857,1.0666666666666667,1,2,0.5226879672027337,False
4043,4,0.0,0.0,1.1333333333333333,1,2,0.32,False
4045,4,0.0,0.0,1.0909090909090908,1,1,0.44999999999999996,False
4046,4,0.14578104856890833,0.25,1.0,0,1,0.532120449386675,False
4047,3,0.4706077012041526,0.25,1.0,1,1,0.6713318719446368,True
4048,4,0.6267484137380165,0.2222222222222222,1.0,1,1,0.7266752460993615,False
4049,3,0.5139044530514644,0.5,1.0,0,1,0.7940542894030085,True
4050,3,0.4288901694749983,0.18181818181818182,1.12,1,2,0.49504383886590836,False
4052,4,0.7233779901690363,0.375,1.0,1,1,0.8317453291200632,True
4053,4,0.08214408623242012,0.14285714285714285,1.0,0,2,0.41785714285714287,False
4054,4,0.40690836134579816,0.16666666666666666,1.0,0,2,0.5593099326402627,False
4055,4,0.022099325511488743,0.0,1.1111111111111112,0,1,0.37,False
4056,4,0.5473023580023829,0.2857142857142857,1.0,1,2,0.6690819629534023,False
4059,4,0.1432400139069809,0.0,1.25,1,2,0.25853143453156324,False
4061,2,0.9172454866282813,1.0,1.0,1,2,0.9500000000000001,False
4064,3,0.41034642372615354,0.5,1.0,0,2,0.6996722768350182,False
4065,4,0.3402321569125696,0.25,1.1764705882352942,0,1,0.5354566386768155,False
4068,4,0.5057227385087711,0.4,1.0,0,2,0.6988811736466163,False
4070,3,0.6119774073475143,0.6666666666666666,1.0,0,1,0.9055299999743316,True
4071,4,0.05823904228043111,0.16666666666666666,1.1666666666666667,0,2,0.34777777777777774,False
4073,4,0.2496162287379728,0.1,1.0454545454545454,1,1,0.5141212408877026,False
4074,3,0.7710115988306849,0.8,1.0222222222222221,1,1,0.9875763994988649,True
4075,4,0.36983942846451695,0.23076923076923078,1.0,0,2,0.5701326488291154,False
4078,3,0.3787350800494259,0.2222222222222222,1.0744444444444445,0,2,0.57038381737568,False
4080,4,0.5048737965904102,0.3333333333333333,1.0,0,2,0.6707395636181124,False
4083,4,0.35190855172362673,0.25,1.1320754716981132,0,2,0.4904608078815543,False
4084,4,0.0,0.0,1.1764705882352942,0,1,0.37,False
4086,3,0.6308977442447691,0.6,1.000344827586207,0,2,0.835860938009663,False
4091,4,0.21136729393338088,0.14285714285714285,1.12,0,2,0.3855859831143061,False
4094,2,0.9808636876830447,1.0,1.0,0,2,0.9500000000000001,False
4096,4,0.9028703194654228,1.0,1.0,1,2,0.9500000000000001,False
4098,3,0.169570140864586,0.14285714285714285,1.1153846153846154,0,2,0.367672917513394,False
4099,3,0.703090421063788,0.8571428571428571,1.0011764705882353,1,2,0.9084673233130521,False
4100,3,0.1207406733963495,0.09090909090909091,1.155624036979969,1,2,0.3288888600270069,False
4101,2,0.9833609683530663,1.0,1.0,0,2,0.9500000000000001,False
4104,4,0.41073932384897,0.5714285714285714,1.0416666666666667,1,2,0.7296025673638443,False
4105,4,0.4744020657226374,0.5714285714285714,1.1764705882352942,0,1,0.726886599595416,True
4107,4,0.4621325071126249,0.2857142857142857,1.0,3,1,0.577580598286363,False
4108,3,0.23519184444743643,0.25,4.0,1,1,0.41043936190604413,False
4109,2,1.0000000000000002,1.0,1.0,1,1,1.0,True
4110,2,1.0,1.0,1.0,1,1,1.0,True
4111,4,0.25938714772674054,0.2,1.0526315789473684,1,2,0.5099754442638412,False
4112,3,0.12143196813365899,0.09090909090909091,1.1764705882352942,1,1,0.3791851292001396,False
4113,4,0.2645930880769185,0.3333333333333333,1.0204081632653061,1,1,0.6177621171123301,False
4114,4,0.12963385860230606,0.125,1.1764705882352942,2,1,0.28811689178194066,False
4115,4,0.5574653715764358,0.6,1.0190000000000001,1,1,0.8543899211518058,True
4118,4,0.5181796554684354,0.3333333333333333,1.0,0,1,0.7264420745658373,True
4119,4,0.597045811578098,0.6,1.0190000000000001,1,1,0.8713529668668039,True
4120,4,0.3334810283365028,0.2857142857142857,1.0,1,1,0.6274442502394536,False
4121,4,0.660575046050752,0.75,1.0,0,1,0.9402464483074652,True
4123,4,0.9564149912369205,1.0,1.0,1,1,1.0,True
4125,4,0.39902963509000433,0.4,1.0,0,1,0.7031555578957162,False
4126,3,0.8732213446621581,1.0,1.0,1,1,1.0,True
4127,4,0.9542599236609414,1.0,1.0,1,1,1.0,True
4129,4,0.8197492103366101,0.8,1.0,1,1,1.0,True
4130,4,0.5593599539800965,0.6,1.0,1,1,0.855201885039089,True
4133,4,0.8301731637523282,0.8333333333333334,1.0,1,1,1.0,True
4134,3,0.27795204264459256,0.2,1.0666666666666667,0,1,0.5679318278000635,False
4135,3,0.9732590231580966,1.0,1.0,1,1,1.0,True
4136,4,0.0,0.0,1.1333333333333333,0,2,0.32,False
4137,4,0.7480870633067264,0.6666666666666666,1.0,1,1,0.9638627096711367,True
4138,4,0.24720366963394003,0.25,1.0,2,1,0.4705872869859743,False
4139,3,0.32850069880180927,0.2857142857142857,1.0,0,1,0.6253098232960135,False
4140,4,0.7451351575977949,0.75,1.0,0,1,0.9764864961133406,True
4142,3,0.8361470190757933,0.8,1.0,0,1,1.0,True
4143,4,0.057092483767995625,0.1,1.032258064516129,1,1,0.44999999999999996,False
4144,2,0.8681841459640344,0.8333333333333334,1.0,1,1,1.0,True
4147,4,0.28658497262243754,0.3333333333333333,1.0,0,1,0.6271872104889812,False
4148,4,0.8073332230345227,0.8333333333333334,1.0,1,1,1.0,True
4150,4,0.5526224838726319,0.6,1.0,1,1,0.8523143978501756,True
4152,4,0.6493770402237837,0.5,1.0,1,1,0.8521139696197169,True
4153,2,0.7707278628531258,0.8,1.0,1,1,0.9874547983656252,True
4155,3,0.09427725118336137,0.1111111111111111,1.125,1,1,0.37462962962962965,False
4156,4,0.9519168180111077,1.0,1.0,1,1,1.0,True
4159,4,0.29831479324393917,0.25,1.0,1,1,0.5974920542474025,False
4160,3,0.7893716955131618,0.6666666666666666,1.0,0,1,0.9815561234738948,True
4161,4,0.47113202054751746,0.3333333333333333,1.0357142857142858,0,1,0.7062788024568726,True
4162,2,0.5573235092390137,0.4,1.0,1,1,0.7709957896738631,True
4163,4,0.5571029228957687,0.6,1.0,0,1,0.8542345860029485,True
4164,4,0.5635581074032965,0.5714285714285714,1.0,1,1,0.8450963317442699,True
4166,4,0.3452448573168573,0.2857142857142857,1.0,1,1,0.632485891231034,False
4167,4,0.6283650743405388,0.25,1.0,0,1,0.7389421747173738,True
4168,4,0.5674073412625681,0.375,1.0,1,2,0.7149007653030054,False
4169,2,0.7913339092434746,0.6666666666666666,1.0,1,1,0.9823970722154574,True
4170,2,0.9999999999999998,1.0,1.0,1,1,1.0,True
4171,4,0.12049697434986678,0.08333333333333333,1.0666666666666667,1,1,0.4587844175785143,False
4172,4,0.9478247196797688,1.0,1.0,1,1,1.0,True
4174,4,0.8991593557313724,1.0,1.0,1,1,1.0,True
4175,3,0.803888818000632,0.6666666666666666,1.0169491525423728,1,1,0.9861111111111112,True
4176,4,0.8026308907013654,0.75,1.0,1,1,1.0,True
4177,3,0.4757770667057051,0.4,1.0,1,1,0.7360473143024451,True
4178,4,0.5859912292560113,0.5,1.0,1,1,0.8249486220621001,True
4179,4,0.9641870613391961,1.0,1.0,1,1,1.0,True
4181,4,0.5418013955637866,0.5,1.1647058823529413,1,1,0.7260101219082895,True
4182,4,0.13280330305395582,0.0,1.0023806540533768,1,1,0.4640585584516953,False
4183,3,0.8866739123345009,1.0,1.0169491525423728,2,1,0.895,False
4184,4,0.9676426705996556,1.0,1.0,1,1,1.0,True
4185,2,0.9999999999999996,1.0,1.0,1,1,1.0,True
4186,4,0.12079062237851063,0.0,1.0,1,1,0.45891026673364743,False
4187,2,0.9425497767420794,1.0,1.0169491525423728,1,1,1.0,True
4189,2,0.9468956158760368,1.0,1.0,0,1,1.0,True
4190,4,0.7448627314550605,0.6666666666666666,1.002694742119446,1,1,0.96248085316328,True
4192,4,0.1900228666526131,0.16666666666666666,1.0,1,1,0.5163590063431833,False
4193,3,0.40203703337144414,0.16666666666666666,1.0666666666666667,1,1,0.6072222206512539,False
4195,4,0.6392222983967596,0.5,1.025,0,1,0.8477619374081351,True
4196,4,0.5270576180008336,0.5555555555555556,1.025,1,1,0.8228395082437436,True
4197,4,0.12605652525969177,0.1111111111111111,1.0375,1,2,0.41579671188378325,False
4198,4,0.7405461908614158,0.8,1.025,1,1,0.974519796083464,True
4202,4,0.6182909245136952,0.75,1.0204081632653061,0,1,0.9221246819344409,True
4203,4,0.6190674931384818,0.6,1.0,0,2,0.8307908303926828,False
4205,3,0.41962503631310427,0.25,1.0204081632653061,1,1,0.6494821584199019,True
4208,3,0.17474255859504617,0.25,1.0,0,1,0.5445325251121627,False
4211,4,0.6632672133187,0.5714285714285714,1.0133333333333334,1,1,0.8878288057080144,True
4213,3,0.4444518362011661,0.2857142857142857,1.0204081632653061,0,1,0.6750031678957378,True
4217,2,0.7529637290594443,0.6666666666666666,1.0204081632653061,0,1,0.9659527092794444,True
4218,4,0.22306987457346897,0.2222222222222222,1.0333247222939808,0,2,0.5036701578859841,False
4219,4,0.13853453359783774,0.1111111111111111,1.0,1,1,0.47114442974298865,False
4221,4,0.5923942484244256,0.5,1.0133333333333334,1,1,0.8276927731342776,True
4222,4,0.1706325613709437,0.1,1.025,1,1,0.48027109773040444,False
4223,4,0.8727308623270599,0.6,1.0,1,1,0.9583333333333333,True
4224,4,0.6501554313310887,0.6666666666666666,1.0204081632653061,0,1,0.9218920102530063,True
4226,2,0.8165728275645849,0.6,1.002865329512894,0,1,0.9583333333333333,True
4227,4,0.47888781770706373,0.6,1.0,0,1,0.8207138266363607,True
4228,4,0.5091935700262223,0.2857142857142857,1.0204081632653061,0,1,0.7027496252493334,True
4229,3,0.21218127612165547,0.09090909090909091,1.0714285714285714,1,1,0.49807768976642375,False
4230,4,0.24260356658720358,0.2,1.0526315789473684,1,1,0.5527824809183254,False
4231,4,0.06872229179899607,0.0,1.0204081632653061,0,1,0.44999999999999996,False
4232,4,0.19325330801208324,0.4,1.0,0,1,0.61496570343375,False
4234,3,0.23405678899230914,0.2857142857142857,1.1162790697674418,1,1,0.5048338619490849,False
4236,4,0.514400275749192,0.6666666666666666,1.0,0,1,0.8637112292893363,True
4239,4,0.0778922577898843,0.09090909090909091,1.1764705882352942,0,1,0.37,False
4240,4,0.26232121762760174,0.4,1.0,0,1,0.6445662361261151,False
4241,4,0.3757850595621187,0.3333333333333333,1.0,1,1,0.665415819177416,False
4242,4,0.004179578130469499,0.0,1.0,0,2,0.39999999999999997,False
4244,2,0.93712676020123,1.0,1.0303030303030303,1,1,1.0,True
4245,3,0.8033637180980413,0.8571428571428571,1.1333333333333333,1,1,0.92,True
4247,4,0.13339652948557967,0.125,1.1111111111111112,0,1,0.3947294650176294,False
4249,4,0.5370747371766819,0.6666666666666666,1.0142857142857142,1,1,0.8734288556154033,True
4251,2,0.7345199774845147,0.75,1.0167464114832536,0,1,0.9719371332076492,True
4252,4,0.3475950903651498,0.3333333333333333,1.0625,2,1,0.5483344038072864,False
4253,3,0.43840395441224556,0.5,1.1,1,1,0.7616969328433434,True
4254,3,0.33292303554471936,0.16666666666666666,1.125,0,1,0.49760193586837176,False
4255,4,0.22016859679657957,0.2857142857142857,1.0142857142857142,0,1,0.5788817795794865,False
4256,4,0.2849856271705651,0.2222222222222222,1.0,0,1,0.5802054804275967,False
4257,4,0.5365072275686176,0.5714285714285714,1.0,1,1,0.8335030975294075,True
4259,3,0.2883298232393392,0.2727272727272727,1.0303030303030303,1,2,0.5526824783579852,False
4260,2,0.8020041069928656,0.75,1.0,1,1,1.0,True
4262,3,0.5030257963038951,0.3333333333333333,1.0,1,1,0.7199475634953201,True
4263,3,0.41864652768190863,0.5,1.024,1,1,0.7532294642446276,True
4264,4,0.43066100202876284,0.2,1.0,2,1,0.5283785246789936,False
4266,4,0.5791346463889704,0.5714285714285714,1.0,1,1,0.8517719913095587,True
4267,4,0.4627044830196487,0.3333333333333333,1.0,1,2,0.6526670006592146,False
4268,4,0.28748740833882136,0.2,1.1666666666666667,1,1,0.4920184130975901,False
4270,2,0.7403145247992374,0.5714285714285714,1.0,1,2,0.8708490820568161,False
4271,2,0.33180849896542114,0.6666666666666666,1.0,0,1,0.7854576106677202,False
4272,4,0.6498811810976882,0.6,1.0,0,1,0.8939966966609141,True
4273,3,0.3778800304773299,0.42857142857142855,1.06375,1,1,0.7059962035379033,False
4274,4,0.21867342133913675,0.2727272727272727,1.0909090909090908,0,1,0.5728297346864698,False
4275,2,0.4838816907915402,0.5,1.0,0,1,0.7811873912916125,True
4277,2,0.7309010933966378,0.75,1.03125,1,1,0.9703861828842733,True
4278,3,0.7136599151512734,0.6,1.0,1,1,0.9213304398267361,True
4280,4,0.5882089283285848,0.5454545454545454,1.0,1,2,0.7948384584611684,False
4282,2,0.4975471576772613,0.75,1.0,0,1,0.8703773532902549,True
4283,2,0.9028649871772587,1.0,1.0,1,1,1.0,True
4284,4,0.452408724565399,0.4444444444444444,1.0,1,1,0.7445508290465466,True
4285,4,0.17099755554000923,0.125,1.1320754716981132,1,1,0.4108441904695277,False
4286,4,0.36996699665326366,0.375,1.0126582278481013,0,1,0.6802834747561606,False
4287,3,0.7450359366019573,0.7,1.0,1,1,0.9764439728294103,True
4289,2,0.563212750126148,0.75,1.0,0,1,0.8985197500540635,True
4290,4,0.1301418692085266,0.1111111111111111,1.0909090909090908,0,1,0.4675475735761411,False
4291,4,0.1300352682450823,0.1111111111111111,1.0909090909090908,0,1,0.4675018874489506,False
4293,4,0.23579379257993255,0.08333333333333333,1.0,0,1,0.5081973396771139,False
4294,4,0.3167045837377748,0.42857142857142855,1.0909090909090908,1,1,0.6797781549352369,False
4296,4,0.6136876199153979,0.75,1.0,0,1,0.9201518371065991,True
4298,4,0.1948117634647331,0.375,1.1578947368421053,1,1,0.5252169462467904,False
4299,4,0.6584513452259311,0.75,1.0,0,1,0.9393362908111134,True
4304,4,0.34190171118070073,0.2,1.0,1,1,0.5953388286012526,False
4309,3,0.5151605110472268,0.2857142857142857,1.0,0,1,0.7053068856869067,True
4311,3,0.3840420523557671,0.125,1.0416666666666667,1,1,0.5821489748191383,False
4312,3,0.4341984694315915,0.375,1.0,1,1,0.7078112488040154,True
4313,4,0.683736505137883,0.5714285714285714,1.0,1,1,0.896601359344807,True
4314,4,0.24274218470207967,0.08333333333333333,1.1428571428571428,1,1,0.431175222015177,False
4315,4,0.4579873193252296,0.375,1.118421052631579,1,1,0.6380064701870032,True
4316,3,0.7582157090240425,0.8,1.0,1,1,0.9820924467245895,True
4317,4,0.2879398859430701,0.2222222222222222,1.0,1,1,0.5814715913300988,False
4318,3,0.37692836822453063,0.16666666666666666,1.0,0,1,0.5964613641597194,False
4319,3,0.6858501620047671,0.5,1.0091743119266054,1,1,0.8677453075258525,True
4320,2,0.9999999999999992,1.0,1.0,1,1,1.0,True
4321,3,0.7191665404150724,0.625,1.0,1,1,0.9341070887493168,True
4322,4,0.6258945353974396,0.5,1.0,1,1,0.8420500389798551,True
4326,4,0.6008132837787861,0.3333333333333333,1.0091743119266054,1,1,0.7618564866988449,True
4327,4,0.35169462009919616,0.25,1.0666666666666667,0,1,0.6203691228996555,False
4329,3,0.9020893734367756,0.7142857142857143,1.0,1,1,1.0,True
4330,4,0.004109392404713185,0.0,1.0,1,1,0.44999999999999996,False
4331,4,0.398429240675599,0.14285714285714285,1.1666666666666667,1,1,0.5157553888609709,False
4332,4,0.7083147830548797,0.6,1.0010987669393236,1,1,0.9190396689282818,True
4333,4,0.4924017432227462,0.42857142857142855,1.0,1,1,0.7550769375716531,True
4335,4,0.40770790564760634,0.4,1.05,0,1,0.706874816706117,True
4336,4,0.0028150584399217896,0.0,1.1219512195121952,0,1,0.37,False
4338,3,0.826288488078809,0.875,1.0004218646417165,1,1,1.0,True
4339,3,0.7186356957003998,0.875,1.05,0,1,0.9651295838715999,True
4340,4,0.5798199070545695,0.5,1.025,1,1,0.8223037696900537,True
4342,4,0.18464988046213807,0.125,1.0625,1,1,0.4966951868647258,False
4343,4,0.39154487096701457,0.2857142857142857,1.0256410256410255,1,1,0.6523287542239586,False
4344,3,0.15563510696904842,0.125,1.0625,1,1,0.484260283939116,False
4346,4,0.06095671212890925,0.0,5.333333333333333,1,1,0.29000000000000004,False
4347,4,0.15559107391063398,0.1111111111111111,1.025,1,1,0.47845437559132986,False
4348,4,0.9357433449246269,1.0,1.0133333333333334,1,1,1.0,True
4349,4,0.005751734492604381,0.0,1.125,0,1,0.37,False
4350,4,0.0,0.0,1.1666666666666667,0,1,0.37,False
4351,4,0.9332347858303446,1.0,1.0133333333333334,1,1,1.0,True
4352,3,0.44768228426774853,0.5,1.018181818181818,0,1,0.7656733599242731,True
4353,3,0.3030065594550541,0.2222222222222222,1.0975609756097562,2,1,0.4829287371209491,False
4356,3,0.07078870190880907,0.07142857142857142,1.075268817204301,0,2,0.39999999999999997,False
4359,4,0.3964447356032971,0.2,1.0032894736842104,0,2,0.5687144104966512,False
4361,4,0.2992432706484505,0.16666666666666666,1.0172043010752687,0,3,0.5131677509128281,False
4363,4,0.14393231744820667,0.2,1.0694444444444444,0,1,0.5104948027158981,False
4366,3,0.238759418198169,0.25,1.0340632603406326,0,1,0.5719683220849295,False
4368,3,0.129722214119137,0.16666666666666666,1.0909090909090908,1,1,0.4905158695431222,False
4369,4,0.0,0.0,1.037037037037037,0,1,0.44999999999999996,False
4370,4,0.5885729010490592,0.4166666666666667,1.0,0,2,0.741332830608327,False
4371,4,0.8348348186751483,0.75,1.0,1,2,0.9500000000000001,False
4372,2,0.6759321734691238,0.42857142857142855,1.0,0,2,0.7837328362486723,False
4374,3,0.9090732982993852,1.0,1.0222222222222221,1,2,0.9500000000000001,False
4375,3,0.9012643487353412,1.0,1.0222222222222221,1,2,0.9500000000000001,False
4377,4,0.5421389069476397,0.5714285714285714,1.0042283298097252,1,3,0.7859166744061313,False
4378,2,0.29908436289810036,0.5,1.0370216737529814,0,2,0.6519885364801383,False
4379,3,0.6784819527998676,0.5714285714285714,1.0,1,2,0.8443494083428005,False
4380,4,0.7062334559930662,0.75,1.0185,1,2,0.9098143382827427,False
4385,4,0.866881055003504,1.0,1.0,1,2,0.9500000000000001,False
4387,4,0.82881629979766,1.0,1.0,1,2,0.9500000000000001,False
4388,4,0.5822180764412377,0.625,1.0,1,2,0.8254148899033876,False
4391,3,0.578920826653517,0.5833333333333334,1.0185,2,2,0.7016406717403963,False
4394,4,0.7598392600760607,0.5714285714285714,1.051111111111111,1,2,0.8792168257468832,False
4395,4,0.8188084072542043,0.5714285714285714,1.0222222222222221,1,2,0.8964285714285715,False
4396,2,0.9113939470254709,1.0,1.0,0,2,0.9500000000000001,False
4397,4,0.07910464474806547,0.15384615384615385,1.1363636363636365,2,2,0.23743589743589744,False
4398,4,0.3572035193311181,0.3,1.0338345864661653,0,2,0.5935634130466697,False
4399,4,0.5412417953690327,0.2222222222222222,1.0,2,2,0.5350295525126543,False
4400,4,0.0754939046812856,0.0,1.0,1,2,0.39999999999999997,False
4401,3,0.6042464389187764,0.2222222222222222,1.0,2,3,0.5620315426054016,False
4402,3,0.8395544421450074,0.6666666666666666,1.0,0,2,0.9361111111111112,False
4403,3,0.8040659282962782,0.8333333333333334,1.0227272727272727,1,2,0.9500000000000001,False
4408,4,0.2938382912830037,0.14285714285714285,1.0,1,1,0.5509306962641444,False
4409,4,0.34575129105398583,0.125,1.0,1,1,0.5657386485469463,False
4410,4,0.35747342987252395,0.25,1.0303030303030303,0,2,0.5728457556596532,False
4411,4,0.7374089334844965,0.3333333333333333,1.0,1,1,0.8203974794298636,True
4413,4,0.4321316291676615,0.2,1.1764705882352942,0,1,0.5540087934528073,False
4414,3,0.7863618963051612,0.6666666666666666,1.0147058823529411,1,1,0.9802662095276087,True
4415,4,0.351309582913293,0.2,1.0,0,1,0.5993707736295065,False
4416,4,0.06963144563659497,0.0,1.0833333333333333,1,1,0.44999999999999996,False
4417,4,0.30970517537952724,0.2,1.0,1,1,0.5815403132578926,False
4419,4,0.3691445619596427,0.125,1.0923076923076922,1,1,0.5757643360779421,False
4424,3,0.4930648625842695,0.2222222222222222,1.0,1,1,0.6693822956048986,False
4425,2,0.7846688777550399,0.8333333333333334,1.0,1,1,0.9934295190378741,True
4426,4,0.5129547652412857,0.375,1.0160427807486632,0,1,0.7415639470081701,True
4427,4,0.5620135424924455,0.42857142857142855,1.0160427807486632,0,1,0.7849105658300957,True
4428,4,0.18682555418882674,0.1,1.0695187165775402,0,1,0.48721095179521146,False
4429,4,0.5615198203270202,0.42857142857142855,1.0160427807486632,0,1,0.7846989706163421,True
4430,4,0.898033479167074,1.0,1.02,1,1,1.0,True
4431,4,0.8494715649054472,0.5,1.0,1,2,0.8666666666666668,False
4432,4,0.9396664440952838,1.0,1.0,1,1,1.0,True
4433,4,0.059886068677790234,0.1,1.155015197568389,1,1,0.37,False
4434,3,0.38596169015950516,0.16666666666666666,1.1633333333333333,1,1,0.5203327878461371,False
4435,2,0.762186992106244,0.7142857142857143,1.0,1,1,0.9837944251883903,True
4436,3,0.5696314214472885,0.42857142857142855,1.0695187165775402,0,1,0.788175371096457,True
4437,4,0.29959623520550155,0.4,1.0,0,2,0.6105412436595008,False
4438,3,0.9600281268004988,1.0,1.0,1,1,1.0,True
4439,4,0.18656944300475392,0.2,1.011111111111111,1,1,0.5287678565258469,False
4440,4,0.8818069485886546,1.0,1.025,1,1,1.0,True
4441,3,0.9478874500583024,1.0,1.0,1,1,1.0,True
4442,3,0.1147607896949546,0.1,1.0,1,1,0.45632605272640914,False
4444,3,0.5963839959283117,0.3333333333333333,1.0,1,1,0.7599582204772131,True
4445,4,0.27675959628488295,0.25,1.098901098901099,0,1,0.5882541126935212,False
4446,2,1.0000000000000002,1.0,1.0,1,1,1.0,True
4447,4,0.3195406382026036,0.16666666666666666,1.0,0,1,0.5718666227217507,False
4448,4,0.3422608479429762,0.2857142857142857,1.0625,0,1,0.6312070300707993,False
4449,4,0.3372652302829572,0.42857142857142855,1.0,0,1,0.6885898605974579,False
4450,3,0.7852604341183447,0.8,1.0,1,1,0.9936830431935764,True
4451,4,0.7150601392523855,0.5,1.0,1,1,0.8802638692034034,True
4452,4,0.43728040509197696,0.25,1.0318181818181817,0,1,0.6570487450394187,True
4453,4,0.45168920021001663,0.2222222222222222,1.0318181818181817,0,1,0.6516498688730759,False
4454,3,0.0,0.0,1.1111111111111112,1,1,0.37,False
4455,4,0.7747113629591638,0.8,1.0,1,1,0.9891620126967844,True
4456,3,0.8974774386685278,1.0,1.0,1,1,1.0,True
4457,4,0.2759906274646442,0.6,1.0,0,1,0.733757887961038,False
4458,3,0.9582923945648798,1.0,1.0714285714285714,1,1,1.0,True
4459,4,0.9021369693025361,1.0,1.0333333333333334,1,1,1.0,True
4460,4,0.8978102906459695,1.0,1.01875,1,1,1.0,True
4461,4,0.6427180004447723,0.3333333333333333,1.024229074889868,1,1,0.7798156509842675,True
4462,4,0.9591022745477833,1.0,1.0,1,1,1.0,True
4463,2,0.9999999999999997,1.0,1.0666666666666667,1,1,1.0,True
4464,3,0.4138579524397995,0.2857142857142857,1.0,1,1,0.6618915034265808,True
4465,4,0.5280741995892697,0.2,1.1111111111111112,0,1,0.5951270379192108,False
4466,3,0.2373889059362423,0.14285714285714285,1.0,1,1,0.5267381025441038,False
4467,3,0.846382449556029,0.6,1.075,1,2,0.9083333333333333,False
4468,4,0.4558476548029323,0.25,1.1363636363636365,0,1,0.5850061377726853,True
4470,3,0.8995737562612944,0.75,1.0,1,1,1.0,True
4471,3,0.6782486922245692,0.5,1.0,1,1,0.8644875347629106,True
4472,3,0.9270258445158799,0.75,1.0,1,1,1.0,True
4473,4,0.0,0.0,1.0075566750629723,1,1,0.44999999999999996,False
4475,4,0.9259847941920504,1.0,1.0,1,1,1.0,True
4477,2,0.866849762003616,0.8,1.0,0,1,1.0,True
4478,3,0.9019121495314681,0.75,1.0,1,1,1.0,True
4479,4,0.36918520280088035,0.14285714285714285,1.125,1,2,0.4532222297718059,False
4480,4,0.5981557372644073,0.3333333333333333,1.0017574692442883,2,1,0.6557175381926825,False
4481,4,0.7256986807343851,0.6666666666666666,1.0555555555555556,0,1,0.9542676885687047,True
4482,3,0.9226606982409671,1.0,1.011764705882353,1,1,1.0,True
4483,4,0.0,0.0,1.1627906976744187,1,1,0.37,False
4484,4,0.9192720324886732,1.0,1.0238095238095237,1,1,1.0,True
4486,4,0.43350090221181703,0.3333333333333333,1.032258064516129,1,1,0.6901511803130009,True
4487,4,0.40056695718397195,0.25,1.1111111111111112,0,1,0.5613144102217023,True
4488,3,0.8688136141963504,1.0,1.173913043478261,1,1,0.92,True
4489,3,0.8855313029062353,0.75,1.0,1,2,0.9500000000000001,False
4490,3,0.4006198786774617,0.25,1.148936170212766,0,1,0.5613370908617693,True
4491,4,0.8784860618767708,1.0,1.154,1,1,0.92,True
4492,4,0.13894834502886955,0.14285714285714285,1.12,1,1,0.40454929072665835,False
4493,4,0.7047188021153805,0.2857142857142857,1.0,1,1,0.7865461532875441,True
4497,4,0.6863673126467591,0.2857142857142857,1.0,1,1,0.7786812292295635,True
4498,3,0.00918032711271268,0.0,1.0909090909090908,1,1,0.44999999999999996,False
4499,3,0.21734925025240057,0.25,1.0229787234042553,1,1,0.5627925358224574,False
4500,3,0.5112589497828165,0.4,1.024186046511628,1,1,0.7512538356212071,True
4501,3,0.8486655130555617,1.0,1.163265306122449,1,1,0.92,True
4502,3,0.3361167141536373,0.2,1.12,1,1,0.5128595441610826,False
4503,4,0.6306363521965483,1.0,1.0083333333333333,1,1,0.9274155795128065,True
4506,4,0.0,0.0,1.1733333333333333,1,1,0.37,False
4508,3,0.802442317000326,1.0,1.0083333333333333,1,1,1.0,True
4509,3,0.8110160831330889,0.5,1.0,1,1,0.9166666666666667,True
4510,4,0.9058574030040791,1.0,1.0,1,1,1.0,True
4511,4,0.0,0.0,1.0909090909090908,1,2,0.39999999999999997,False
4512,3,0.5450243601801021,0.4,1.0898876404494382,0,1,0.7657247257914723,True
4513,4,0.5191232344984167,0.42857142857142855,1.1724137931034482,1,1,0.6865290052612262,True
4514,3,0.46966359995786916,0.4,1.0073529411764706,1,1,0.7334272571248011,True
4515,3,0.4715321994502742,0.5,1.0481927710843373,1,2,0.7258947521453557,False
4516,4,0.4742634667867595,0.4,1.0555555555555556,1,1,0.735398628622897,True
4517,4,0.8903552032633442,1.0,1.0333333333333334,1,1,1.0,True
4519,4,0.625901724946424,0.5,1.0,1,1,0.8420531202151342,True
4520,4,0.8650381800525921,1.0,1.0285714285714285,1,1,1.0,True
4522,4,0.43533602812510824,0.4,1.09375,1,1,0.7187154406250463,True
4523,4,0.7661119344870786,0.75,1.0,1,1,0.9854765433516051,True
4524,3,0.6060173393264066,0.75,1.0235294117647058,1,1,0.9168645739970314,True
4527,4,0.8083282483948508,0.6666666666666666,1.0,1,1,0.9861111111111112,True
4528,4,0.45763461765355246,0.6666666666666666,1.0344827586206897,0,1,0.8393830901054907,True
4529,4,0.3458337178072345,0.4,1.0714285714285714,0,1,0.6803573076316719,False
4531,3,0.7382555616422213,0.6666666666666666,1.08,0,1,0.9596492089577773,True
4533,2,0.7081556275104653,0.8,1.0,0,1,0.9606381260759138,True
4534,4,0.0,0.0,1.075,1,1,0.44999999999999996,False
4535,4,0.5592395518499255,0.6,1.0105263157894737,1,1,0.8551502841261586,True
4536,3,0.5430669390136338,0.2857142857142857,1.0022631749110895,1,1,0.7172667833867954,True
4537,4,0.1602189723065038,0.14285714285714285,1.1695906432748537,1,1,0.41366527384564444,False
4538,2,0.9170121520825807,1.0,1.0,1,1,1.0,True
4539,4,0.5273755486653271,0.3333333333333333,1.0869565217391304,1,2,0.6803831716502196,False
4541,4,0.7283092251300546,0.75,1.0303030303030303,1,1,0.9692753821985949,True
4542,2,0.5495394351749904,0.6666666666666666,1.08,0,1,0.8787708690432499,True
4543,4,0.6692701755993943,0.6,1.0,1,1,0.9023062657330738,True
4544,4,0.0,0.0,1.1578947368421053,1,1,0.37,False
4545,2,0.9582380917555139,1.0,1.0,1,1,1.0,True
4546,3,0.20521310355977204,0.2,1.1111111111111112,1,1,0.45675799676371176,False
4547,4,0.0,0.0,1.0518518518518518,1,1,0.44999999999999996,False
4548,4,0.10405854026474697,0.2,1.08,0,1,0.49340604106584396,False
4549,4,0.0,0.0,1.1428571428571428,2,1,0.265,False
4550,4,0.5506032994317535,0.3333333333333333,1.0,1,1,0.740337921978688,True
4551,4,0.06923313841213416,0.125,1.136,1,1,0.3804166666666666,False
4553,4,0.5970439737911324,0.6,1.0625,1,1,0.8713521792438187,True
4554,4,0.9065174879518918,1.0,1.0333333333333334,1,1,1.0,True
4555,4,0.43012907053056787,0.25,1.0135135135135136,1,1,0.6539838873702434,True
4556,4,0.0910975571237115,0.09090909090909091,1.0707070707070707,1,1,0.44999999999999996,False
4557,4,0.3421656372040424,0.3333333333333333,1.0,1,1,0.651007495309669,False
4558,3,0.10639415819762882,0.16666666666666666,1.1111111111111112,0,1,0.4005181312910473,False
4559,4,0.441193338859834,0.4,1.1733333333333333,1,1,0.6412257166542146,True
4560,3,0.6657353807111193,0.625,1.0133333333333334,1,1,0.9112080203047654,True
4561,4,0.9110192218008037,1.0,1.0294117647058822,1,1,1.0,True
4562,4,0.8834097061934264,1.0,1.1398963730569949,0,1,0.92,True
4563,4,0.0,0.0,1.15625,0,1,0.37,False
4565,4,0.012240215067623154,0.0,1.0666666666666667,0,1,0.44999999999999996,False
4566,4,0.40579806975132,0.42857142857142855,1.02,0,1,0.7179610775124704,True
4568,4,0.12561236684356358,0.2222222222222222,1.1,1,1,0.5119026545731674,False
4569,3,0.14068817633321495,0.25,1.125,0,1,0.4499377898570921,False
4570,3,0.7284488415851865,0.6666666666666666,1.06,0,1,0.9554463289333339,True
4571,4,0.5413097974797088,0.8,1.0185185185185186,1,1,0.8891327703484466,True
4573,3,0.13652161972169,0.2222222222222222,1.1111111111111112,1,1,0.436578048663793,False
4574,4,0.5646972353062183,0.6,1.0,1,1,0.8574892913217127,True
4575,3,0.4959960558803395,0.42857142857142855,1.0350877192982457,1,1,0.7566173572820503,True
4576,3,0.11252611846526425,0.16666666666666666,1.1666666666666667,1,1,0.40314611426289104,False
4577,2,0.9279053144207959,1.0,1.002313030069391,0,1,1.0,True
4578,4,0.0803213440370802,0.2857142857142857,1.08,0,1,0.5273809523809524,False
4579,3,0.8880586027723845,1.0,1.0017361111111112,1,1,1.0,True
4580,2,0.9724880085471826,1.0,1.0,0,1,1.0,True
4582,3,0.9239117268590757,0.5,1.0,0,1,0.9166666666666667,True
4583,2,0.9021920937272696,1.0,1.0,1,1,1.0,True
4585,4,0.0,0.0,1.0666666666666667,1,1,0.44999999999999996,False
4587,4,0.43876941109671047,0.14285714285714285,1.024229074889868,1,1,0.6130440333271616,False
4589,2,0.5287439420836532,0.75,1.0006253908692933,0,1,0.8837474037501372,True
4590,3,0.41049191497631665,0.16666666666666666,1.0926666666666667,0,1,0.6108457413390563,False
4591,4,0.23357746637649782,0.3333333333333333,1.0211267605633803,1,1,0.6044697078121498,False
4592,2,0.8584814627766466,1.0,1.0016666666666667,1,1,1.0,True
4593,3,0.19651782700758275,0.2,1.12,1,1,0.4530314496699164,False
4597,3,0.7265715917179415,0.6,1.1420000000000001,1,1,0.8468640154981654,True
4599,4,0.9206592970811438,1.0,1.0,1,1,1.0,True
4600,3,0.736890207637768,0.7142857142857143,1.112,1,1,0.892952946130472,True
4602,4,0.005422313255597571,0.0,1.127659574468085,2,1,0.265,False
4605,4,0.848654697651112,0.6,1.0,1,1,0.9583333333333333,True
4606,4,0.9180919461700453,1.0,1.0222222222222221,1,1,1.0,True
4608,2,0.7257740286562772,0.5,1.0,0,1,0.8848555360907855,True
4609,4,0.7361945889337201,1.0,1.018181818181818,1,1,0.9726548238287371,True
4611,4,0.9232457050476122,1.0,1.0222222222222221,1,1,1.0,True
4612,4,0.9373632001696898,1.0,1.0,1,1,1.0,True
4614,4,0.6879575789435557,1.0,1.0142857142857142,1,1,0.951981819547238,True
4615,4,0.6982739941667389,0.75,1.1764705882352942,0,1,0.8764031403571738,True
4617,4,0.9191220057206909,1.0,1.0222222222222221,1,1,1.0,True
4618,4,0.726674802306225,0.8,1.018181818181818,1,1,0.9685749152740963,True
4619,4,0.9286342721914612,1.0,1.0,1,1,1.0,True
4621,4,0.8109421438761766,1.0,1.0,1,1,1.0,True
4622,4,0.63592661110681,1.0,1.0142857142857142,1,1,0.92968283333149,True
4624,4,0.23534870050085588,0.2,1.1666666666666667,0,1,0.4696732525956049,False
4625,4,0.902351068573994,1.0,1.0,1,1,1.0,True
4626,4,0.7988496186968913,1.0,1.018181818181818,1,1,0.9995069794415248,True
4627,4,0.24808037592542517,0.2,1.1666666666666667,0,1,0.4751296849204203,False
4628,3,0.17141636532989232,0.14285714285714285,1.1111111111111112,0,1,0.41846415656995384,False
4630,2,0.7489321002004411,1.0,1.0,0,1,0.9781137572287604,True
4631,4,0.5148175929735901,0.25,1.0666666666666667,0,1,0.6902789684172529,True
4632,3,0.7356501810211011,0.8,1.018181818181818,1,1,0.9724215061519004,True
4633,4,0.6918176567209615,0.5,1.0521739130434782,0,1,0.8703028052613645,True
4635,4,0.863525905660591,1.0,1.001410437235543,1,1,1.0,True
4636,4,0.6424223567529866,0.6,1.1494252873563218,0,1,0.8108000576560419,True
4638,4,0.4600800439706471,0.3333333333333333,1.0,0,1,0.7015422410667852,True
4639,3,0.690778072892485,0.5,1.1510791366906474,0,1,0.7898572693348745,True
4640,3,0.9395785675758767,1.0,1.0222222222222221,1,1,1.0,True
4641,4,0.3559257292229828,0.5,1.1142857142857143,1,1,0.646349122047945,False
4642,4,0.7740789240268248,1.0,1.018181818181818,1,1,0.9888909674400677,True
4643,4,0.7536230041625838,1.0,1.0,1,1,0.9801241446411073,True
4646,4,0.8387195041786104,1.0,1.0,1,1,1.0,True
4647,3,0.7054523597572496,0.8,1.018181818181818,1,1,0.9594795827531071,True
4648,4,0.6382271882593844,0.5,1.1366666666666667,0,1,0.7673354616349743,True
4649,4,0.31007938468936747,0.3333333333333333,1.0441176470588236,0,1,0.6372562442319512,False
4650,4,0.8936601318958598,1.0,1.1176470588235294,1,1,0.92,True
4652,4,0.7777146687307669,0.8,1.0,1,1,0.9904491437417573,True
4653,2,0.9402135787353105,0.75,1.0,1,1,1.0,True
4654,3,0.8688940647032528,1.0,1.0,1,1,1.0,True
4656,4,0.7195984073088322,0.6,1.0,1,1,0.9238755078942615,True
4657,2,0.8447769106996622,0.75,1.0,0,1,1.0,True
4659,4,0.9184097723362235,1.0,1.0222222222222221,1,1,1.0,True
4660,4,0.041103035429635476,0.0,1.1666666666666667,0,1,0.37,False
4661,3,0.6534675888735185,0.4,1.074766355140187,0,1,0.812200395231508,True
4664,4,0.02763716981623768,0.0,1.0526315789473684,1,1,0.44999999999999996,False
4665,4,0.0091530735153539,0.0,1.1666666666666667,1,1,0.37,False
4668,3,0.9457389520571223,1.0,1.0,1,1,1.0,True
4669,4,0.2738640309669756,0.2,1.0311750599520384,0,1,0.5661798227953705,False
4671,3,0.30725929035071936,0.2857142857142857,1.125,0,1,0.5362063625312606,False
4672,4,0.857640959873638,0.8,1.0222222222222221,1,1,1.0,True
4673,4,0.010945357400986448,0.0,3.4,1,1,0.29000000000000004,False
4674,3,0.9568658364392973,1.0,1.0,1,1,1.0,True
4675,4,0.11737321575525529,0.14285714285714285,1.12,1,1,0.39530280675225227,False
4676,3,0.6041369193534487,0.5,1.0,1,1,0.8327253463895733,True
4677,4,0.16238578055467562,0.14285714285714285,3.8610038610038613,1,1,0.33459390595200383,False
4678,4,0.8815790362542386,1.0,1.001410437235543,1,1,1.0,True
4679,3,0.8951280357853841,0.75,1.0,1,1,1.0,True
4680,4,0.27299066750531614,0.375,1.1267605633802817,1,1,0.5587221908356117,False
4681,4,0.2637899706491484,0.25,1.1111111111111112,1,1,0.5026957017067778,False
4682,3,0.9185208119449355,1.0,1.0027027027027027,1,1,1.0,True
4683,3,0.860493300995687,0.75,1.0344827586206897,1,1,1.0,True
4685,4,0.45804181495248053,0.2,1.027027027027027,0,1,0.6451131587891583,False
4686,3,0.5624335033865672,0.5,1.0017391304347827,1,1,0.8148524538323383,True
4688,4,0.8655704461761816,1.0,1.001410437235543,1,1,1.0,True
4689,3,0.6836894759406466,0.5555555555555556,1.0,1,1,0.8899674473608064,True
4690,4,0.4440627936223229,0.5555555555555556,1.0,0,1,0.7872702977958104,True
4691,4,0.0,0.0,1.125,0,1,0.37,False
4692,3,0.8181353238321332,1.0,1.0013888888888889,1,1,1.0,True
4693,2,0.9999999999999992,1.0,1.0108527131782947,1,1,1.0,True
4694,3,0.6421829247513369,0.5,1.0,1,1,0.8490307772743826,True
4695,3,0.5762336247379207,0.6,1.018181818181818,1,1,0.8624334582210137,True
4696,3,0.8757796043437914,0.75,1.0083682008368202,1,1,1.0,True
4698,3,0.8209010860450707,1.0,1.0013888888888889,1,1,1.0,True
4699,3,0.2009753548567114,0.125,1.111627906976744,1,1,0.42369181874811435,False
4702,3,0.8149819334581643,0.6,1.0079575596816976,1,1,0.9583333333333333,True
4703,2,1.0000000000000004,1.0,1.0869565217391304,1,1,1.0,True
4704,3,0.7614351100161467,0.875,1.0,1,1,0.9834721900069201,True
4708,3,0.343374397939024,0.2,5.5,2,1,0.3309699800691056,False
4709,3,0.8111365654471823,0.6,1.0079575596816976,1,1,0.9583333333333333,True
4710,4,0.6700459157278547,0.4,1.0,1,1,0.8193053924547948,True
4712,4,0.6618883126186507,0.4,1.0,1,1,0.8158092768365646,True
4713,3,0.7131344082163422,0.5,1.0,1,1,0.879438555902242,True
4714,4,0.1328758951310592,0.14285714285714285,1.12,1,1,0.4019468121990254,False
4715,3,0.2425480173822489,0.125,1.04,1,1,0.5215086741162019,False
4718,3,0.37848995263230806,0.375,1.042,2,1,0.578936170175751,False
4719,3,0.8746775475317594,0.75,1.0,1,1,1.0,True
4720,2,1.0000000000000002,1.0,1.002857142857143,1,1,1.0,True
4721,4,0.5272006691359132,0.5555555555555556,1.0,0,1,0.8229008158730634,True
4727,4,0.4271461231275082,0.4,1.1111111111111112,0,1,0.6352054813403607,True
4728,2,0.9428929423313481,0.75,1.0,1,1,1.0,True
4729,3,0.7940041948691805,0.75,1.0222222222222221,1,1,0.9974303692296487,True
4731,4,0.0,0.0,1.1666666666666667,0,1,0.37,False
4732,3,0.7863407928664929,0.4,1.010752688172043,1,1,0.8691460540856399,True
4733,3,0.7393882441403006,0.5,1.16,0,1,0.8106901998696526,True
4734,3,0.578316815441256,0.4,1.1700000000000002,1,1,0.6999929209033955,True
4738,4,0.09398983708750441,0.1111111111111111,1.05,0,1,0.4546296296296296,False
4739,2,0.9562657291098673,0.75,1.002849002849003,1,1,1.0,True
4740,4,0.0,0.0,1.1627906976744187,1,1,0.37,False
4741,3,0.6641813889139302,0.5,1.0909090909090908,0,1,0.8584586904869225,True
4744,2,0.9416373217084686,0.75,1.0,1,1,1.0,True
4745,4,0.14470756849943736,0.125,1.1682242990654206,2,1,0.2945770531664256,False
4747,3,0.2602825436985399,0.14285714285714285,1.0846153846153845,1,1,0.5365496615850885,False
4748,3,0.75948835671191,0.5,1.0,1,1,0.8993045338289138,True
4750,4,0.27133410070309544,0.125,1.1666666666666667,1,1,0.4538455669679933,False
4751,3,0.5307473739008027,0.2,1.075,0,1,0.676272684052725,False
4753,3,0.14958122634286206,0.125,1.095,0,1,0.4816657636707504,False
4754,3,0.27196524459846916,0.16666666666666666,1.0344827586206895,1,1,0.5514771683199788,False
4755,2,0.7216096443527681,0.6666666666666666,1.0,1,1,0.9525152444051546,True
4756,3,0.9468885321286358,1.0,1.0,1,1,1.0,True
4757,3,0.8328951398377744,0.75,1.0038610038610039,1,1,1.0,True
4758,3,0.8211475968905985,0.5,1.0093896713615023,1,1,0.9166666666666667,True
4759,2,0.9999999999999992,1.0,1.042,1,1,1.0,True
4761,4,0.5275551270759697,0.3333333333333333,1.1666666666666667,0,1,0.6504601338262093,True
4762,3,0.7092556514199809,0.6,1.0,1,1,0.9194428982276108,True
4763,3,0.8695407291524327,0.6666666666666666,1.0,1,1,0.9861111111111112,True
4764,4,0.186964369613514,0.1111111111111111,1.0666666666666667,1,1,0.491900073749707,False
4769,3,0.5805991384734944,0.5,1.1666666666666667,0,1,0.74263772601245,True
4770,4,0.6541441436045815,0.6666666666666666,1.1009174311926606,0,1,0.8436014583702175,True
4771,2,0.9518762006982476,1.0,1.0,1,1,1.0,True
4773,4,0.13434283858456383,0.0,1.058139534883721,1,1,0.46471835939338446,False
4774,4,0.45053692480605484,0.25,1.0909090909090908,1,1,0.6627301106311664,True
4775,3,0.9361908672888034,1.0,1.0,1,1,1.0,True
4777,3,0.7924387651511031,0.75,1.0273972602739727,1,1,0.9967594707790441,True
4778,2,1.0,1.0,1.0,1,1,1.0,True
4780,3,0.5783261488773631,0.5,1.1111111111111112,1,1,0.741663587614108,True
4782,2,0.9384519230563653,0.6666666666666666,1.0,1,1,0.9861111111111112,True
4783,3,0.8942647552185178,0.75,1.0,1,1,1.0,True
4784,2,0.9085856964455588,0.6666666666666666,1.0,1,1,0.9861111111111112,True
4785,2,0.6297072421947806,0.5,1.0638297872340425,0,1,0.8436840561787156,True
4786,2,1.0000000000000002,1.0,1.0,1,1,1.0,True
4787,3,0.33107976301818653,0.14285714285714285,1.1111111111111112,1,1,0.48689132700779414,False
4790,2,0.8736447014980152,1.0,1.0,0,1,1.0,True
4792,2,0.751086908103822,1.0,1.125,0,1,0.8990372463302094,True
4793,3,0.9156098878269758,1.0,1.0,1,1,1.0,True
4794,4,0.5725603466854353,0.6666666666666666,1.0,0,1,0.8886369739762976,True
4796,4,0.6258542178814361,0.6,1.0,0,1,0.8836994267110917,True
4797,3,0.8147667880278726,1.0,1.0,0,1,1.0,True
4799,4,0.8226819162777521,0.7142857142857143,1.1333333333333333,1,2,0.8700000000000001,False
4800,3,0.7755531782847612,0.6,1.053,0,1,0.9478561240268024,True
4802,4,0.7504881071291042,0.8,1.0,0,1,0.9787806173410447,True
4803,4,0.42985954948738814,0.3333333333333333,1.0,1,1,0.68859060057396,True
4804,3,0.7045139029207871,0.4,1.0,2,1,0.7290773869660516,False
4805,4,0.45455159407743595,0.3333333333333333,1.0,0,1,0.6991729053982662,True
4806,3,0.3785990418482363,0.3333333333333333,1.0,0,1,0.6666218115857521,False
4808,4,0.6758370136320158,0.75,1.0,1,1,0.9467872915565783,True
4810,4,0.45673679545002477,0.42857142857142855,1.0,0,1,0.7397919599547724,True
4811,3,0.7412913649957231,0.6666666666666666,1.0,0,1,0.9609502675378496,True
4812,4,0.6237680150987365,0.6,1.0,1,1,0.8828053398042204,True
4813,4,0.9555300288980423,1.0,1.0,1,1,1.0,True
4814,4,0.4237227704532536,0.2857142857142857,1.0,0,1,0.6661192825752039,True
4815,4,0.41915420813624144,0.5,1.0,0,1,0.7534470415821988,True
4816,4,0.4441974498448043,0.3333333333333333,1.0525164113785557,1,1,0.6947354150128526,True
4817,4,0.04119364741139144,0.0,5.0,1,1,0.29000000000000004,False
4818,2,0.9063867680900122,0.6666666666666666,1.0,1,1,0.9861111111111112,True
4819,3,0.14699186977625167,0.0,1.0416666666666667,1,1,0.47013937276125073,False
4821,4,0.6850245281133087,0.5,1.0,1,1,0.8673914644295133,True
4822,4,0.7056952899692366,0.6666666666666666,1.0285714285714285,1,1,0.9456948068122125,True
4823,4,0.6597948266793652,0.6,1.0,1,1,0.8982454019102042,True
4825,4,0.7325904709175988,0.4,1.0,2,1,0.7411102018218281,False
4826,4,0.34504439774950707,0.4,1.138433515482696,1,1,0.6000190276069316,False
4828,4,0.7218862851964706,0.75,1.0,1,1,0.9665226936556301,True
4829,2,0.8050065925178632,0.75,1.0,1,1,1.0,True
4830,4,0.29652876320504645,0.25,1.1210762331838564,1,1,0.5167266128021627,False
4831,3,0.6189619836737723,0.42857142857142855,1.0294117647058822,1,1,0.8093170406220929,True
4832,4,0.7638155207282267,1.0,1.0014306151645207,1,1,0.9844923660263829,True
4834,4,0.8784093127554913,0.8,1.0,1,1,1.0,True
4835,4,0.7205051737998762,1.0,1.0227272727272727,0,1,0.9659307887713755,True
4837,3,0.5966587849135626,0.42857142857142855,1.0175054704595186,1,1,0.7997585268677174,True
4839,3,0.7279320297826511,0.6666666666666666,1.0114942528735633,1,1,0.9552248381608188,True
4840,4,0.6950146776358339,0.4,1.0,0,1,0.8300062904153576,True
4841,2,0.8993048842284872,0.8,1.0,1,1,1.0,True
4842,4,0.28251379692617856,0.14285714285714285,1.152542372881356,0,1,0.46607734153979075,False
4844,3,0.9580141785661442,1.0,1.0,1,1,1.0,True
4845,4,0.15314477251618372,0.14285714285714285,1.053,1,1,0.49063347393550727,False
4846,3,0.8910825867318686,1.0,1.0,1,1,1.0,True
4847,3,0.41548047923825543,0.5,1.0,1,1,0.7518725863402047,True
4848,3,1.0000000000000007,1.0,1.0,1,1,1.0,True
4849,4,0.35515630875667936,0.2857142857142857,1.1379310344827587,2,1,0.451733656133815,False
4850,2,0.5822138025604419,0.5,1.0769230769230769,0,1,0.8233297249068561,True
4853,4,0.5192888802189103,0.4,1.0285714285714285,1,1,0.754695234379533,True
4854,3,0.34652149411249256,0.2727272727272727,1.0,0,1,0.6276217658750509,False
4855,3,0.18252943713869776,0.2,1.0,1,1,0.5270364254403943,False
4856,2,1.0,1.0,1.0,1,1,1.0,True
4857,4,0.26502219528107834,0.14285714285714285,1.112,1,1,0.4585809408347479,False
4858,4,0.0,0.0,1.1375,1,1,0.37,False
4860,4,0.4579193951275227,0.16666666666666666,1.1111111111111112,0,1,0.5511718042610018,False
4861,4,0.5917613616139811,0.5714285714285714,1.0,2,1,0.7521834406917063,False
4863,4,0.2891868863500979,0.14285714285714285,7.384615384615385,1,1,0.38893723700718486,False
4866,4,0.4453484757449498,0.4,1.1071428571428572,1,1,0.6430064896049785,True
4868,3,0.1365168199880125,0.25,1.1428571428571428,0,1,0.44815006570914817,False
4869,4,0.4008311278353264,0.5,1.0,0,1,0.7455942928818066,True
4870,4,0.4743336697203258,0.5,1.0,0,1,0.777095382261092,True
4871,2,0.6866478679228019,0.6,1.0,1,1,0.9097538481573912,True
4872,4,0.21925871687158557,0.25,1.1666666666666667,0,1,0.4836108786592509,False
4874,4,0.7166721014285373,0.6666666666666666,1.0285714285714285,1,1,0.9503991545804842,True
4876,4,0.8925940772658342,1.0,1.0,0,1,1.0,True
4877,4,0.0,0.0,1.05515587529976,1,1,0.44999999999999996,False
4878,3,0.727995553730107,0.8,1.0,0,1,0.9691409515986174,True
4881,2,0.8596526601897493,0.6666666666666666,1.003048780487805,1,1,0.9861111111111112,True
4882,3,0.3245361854526903,0.14285714285714285,1.04,2,1,0.4590869366225816,False
4883,3,0.34501399123314486,0.42857142857142855,1.0909090909090908,2,1,0.5869107581475382,False
4884,4,0.6750440073811415,0.6,1.0,1,1,0.9047807650681083,True
4885,2,1.0000000000000002,1.0,1.0,1,1,1.0,True
4886,4,0.0,0.0,1.1163337250293772,0,1,0.37,False
4890,4,0.12237128193280926,0.08333333333333333,1.02,1,1,0.4595876922569182,False
4891,4,0.45321122259176494,0.3333333333333333,1.0666666666666667,0,1,0.6985984604758357,True
4892,4,0.07600891048494246,0.2,1.1666666666666667,0,2,0.36166666666666664,False
4893,4,0.9545960551019345,1.0,1.0,1,1,1.0,True
4894,4,0.09264130902469848,0.09090909090909091,1.1428571428571428,0,1,0.37,False
4895,4,0.613003629262804,0.5714285714285714,1.0,1,1,0.8662872696840589,True
4896,4,0.9422265802306079,1.0,1.0,1,1,1.0,True
4897,3,0.09693899450738504,0.1,1.12,1,1,0.37,False
4899,4,0.07916462673260063,0.1,1.0977358490566036,1,1,0.44999999999999996,False
4900,2,0.8050065925178632,0.75,1.0,1,1,1.0,True
4901,3,0.7360482554386814,0.4,1.169811320754717,0,1,0.7675921094737206,True
4902,4,0.5568701529175614,0.6,1.0398613518197573,0,1,0.8541348274408597,True
4903,2,0.9364845609818271,0.8,1.002958579881657,1,1,1.0,True
4904,4,0.0,0.0,1.096875,1,1,0.44999999999999996,False
4905,4,0.07628432361394938,0.0,1.16,1,1,0.37,False
4906,4,0.7671916202331039,0.6666666666666666,1.0,1,1,0.9720503769252986,True
4908,2,0.9332605765786721,1.0,1.0,0,1,1.0,True
4909,3,0.6241089136255056,0.5,1.0,1,1,0.8412847725061692,True
4910,4,0.7727441774476751,0.5714285714285714,1.0,1,1,0.9347475046204323,True
4911,3,1.0000000000000002,1.0,1.0,1,1,1.0,True
4912,3,0.5044001383042412,0.4,1.0416666666666667,1,1,0.7483143449875319,True
4913,4,0.2549909561128079,0.16666666666666666,1.0795454545454546,0,1,0.5442024732546954,False
4914,3,0.8325196043700149,0.6666666666666666,1.0,1,1,0.9861111111111112,True
4916,3,0.6890750405063765,1.0,1.0142857142857142,0,1,0.95246073164559,True
4917,4,0.9397832351387599,1.0,1.0,1,1,1.0,True
4918,4,0.13929040303753656,0.1111111111111111,1.1451612903225807,0,1,0.3914683737885738,False
4919,4,0.4955977923411869,0.2857142857142857,1.0,0,1,0.6969228633843182,True
4920,3,0.4201218675888749,0.16666666666666666,1.0178571428571428,1,1,0.6149728638872956,False
4921,4,0.11633723135448301,0.14285714285714285,1.1013215859030836,0,1,0.3948588134376355,False
4922,3,0.620927232509072,1.0,1.1764705882352942,1,1,0.8432545282181737,True
4923,4,0.18645054488487417,0.25,1.0142857142857142,1,1,0.5495502335220889,False
4924,4,0.16361221906028814,0.2,1.0757575757575757,0,1,0.518929046263933,False
4925,4,0.5314910652190951,0.5714285714285714,1.0,0,1,0.8313533136653264,True
4926,4,0.3331969972475024,0.3333333333333333,1.1,0,1,0.6471637924711517,False
4929,4,0.0,0.0,1.1076923076923078,0,1,0.37,False
4930,4,0.8265360915142981,0.6666666666666666,1.0,1,1,0.9861111111111112,True
4931,4,0.7335118918028584,0.6666666666666666,1.0,1,1,0.9576162075980503,True
4932,4,0.6612832600622156,0.5,1.0,2,1,0.7522166352647591,False
4933,4,0.49956266092512597,0.42857142857142855,1.0461538461538462,0,1,0.7581459023012445,True
4934,2,0.9725589339442309,1.0,1.0,0,1,1.0,True
4935,4,0.05323639261210961,0.0,1.0,1,1,0.44999999999999996,False
4936,3,0.5472230985372387,0.5,1.0,2,1,0.7033337088969118,False
4937,4,0.6402631891872447,0.3333333333333333,1.0,2,1,0.6737635890167557,False
4939,2,0.9805263414454364,1.0,1.0,1,1,1.0,True
4941,4,0.2545380610597373,0.0,1.0222222222222221,2,1,0.4112305975970303,False
4942,2,1.0000000000000009,1.0,1.0,0,1,1.0,True
4943,2,1.0000000000000007,1.0,1.0,0,2,0.9500000000000001,False
4945,4,0.39765352652378794,0.3333333333333333,1.0,0,1,0.6747880193038456,False
4946,4,0.7558730340014281,0.6666666666666666,1.0,0,2,0.9171995542545804,False
4947,3,0.4856382013392208,0.5,1.0714285714285714,0,1,0.7819401815263327,True
4948,4,0.5959884153458898,0.2857142857142857,1.0,2,1,0.6349474161006194,False
4949,4,0.7979647152146465,0.7142857142857143,1.0063829787234042,1,2,0.9491277350919914,False
4950,3,0.10999107087516011,0.125,1.1627906976744187,1,1,0.3846985541845924,False
4951,3,0.16163237154192558,0.125,1.1,1,1,0.4868305401846348,False
4952,3,0.7543743928483337,0.6666666666666666,1.0,0,1,0.9665572794746826,True
4953,4,0.0,0.0,1.1111111111111112,1,1,0.37,False
4954,3,0.17390188957779548,0.1111111111111111,1.0,0,1,0.48630186802011344,False
4955,4,0.546447864513185,0.25,1.0,1,1,0.7038347990770794,True
4956,4,0.3752444301175548,0.16666666666666666,1.0,0,1,0.595739676399587,False
4957,3,0.03848187740891814,0.0,1.136,0,1,0.37,False
4958,3,0.6943765362292157,0.6666666666666666,1.0,0,1,0.9408439123522037,True
4959,4,0.0,0.0,1.14,1,1,0.37,False
4962,4,0.2639101692158899,0.1,1.05,1,1,0.5202472153782385,False
4963,4,0.48493343788203913,0.3,1.0,1,1,0.6983048067113501,True
4966,3,0.9702650811923768,1.0,1.0,1,1,1.0,True
4967,3,0.930038409025761,1.0,1.0022727272727272,1,1,1.0,True
4968,3,0.949781555857515,1.0,1.0022727272727272,1,1,1.0,True
4970,3,0.93865584616683,1.0,1.0256410256410255,1,1,1.0,True
4971,3,0.9699707114044152,1.0,1.0,1,1,1.0,True
4972,3,0.970378191157679,1.0,1.0,1,1,1.0,True
4973,4,0.35737051058439845,0.3333333333333333,1.1111111111111112,1,1,0.5775238696155358,False
4974,4,0.6040886219183361,0.5,1.0975,1,1,0.8327046474888107,True
4976,4,0.6398959092800311,0.5,1.0,1,1,0.8480506277866801,True
4977,3,0.5541609250806153,0.5,1.0285714285714285,1,1,0.8113070631297876,True
4979,3,0.9455039706025082,1.0,1.0023310023310024,1,1,1.0,True
4980,2,0.8412660048353675,0.6666666666666666,1.0,1,1,0.9861111111111112,True
4982,3,0.9436171411857381,1.0,1.1342105263157896,1,1,0.92,True
4983,4,0.17690927594571487,0.18181818181818182,1.0,1,1,0.5170520273533583,False
4985,4,0.31040283083326015,0.14285714285714285,1.1666666666666667,1,1,0.47802978464282575,False
4989,4,0.6515989125933165,0.5714285714285714,1.0,1,1,0.8828281053971356,True
4991,3,0.9459910548529854,1.0,1.002857142857143,1,1,1.0,True
4992,4,0.4763321230747266,0.375,1.0,1,1,0.7258685289367875,True
4993,4,0.4576379150228816,0.5,1.0,1,1,0.7699400588193301,True
4994,2,0.8209073825620575,0.75,1.0,1,1,1.0,True
4995,4,0.05174883491207538,0.1,1.1363636363636362,1,1,0.37,False
4997,3,0.8070094852986186,0.8333333333333334,1.0,1,1,1.0,True
4998,3,0.7137477049307202,0.6666666666666666,1.0,1,1,0.9491458417957055,True
5002,3,0.8962702632917793,0.7142857142857143,1.0,1,1,1.0,True
5003,3,0.05597530734137948,0.1,1.1111111111111112,1,1,0.37,False
5004,3,0.8753720642404436,0.6666666666666666,1.0,1,1,0.9861111111111112,True
5006,3,0.7989412441879201,0.8,1.0277777777777777,1,1,0.9995462475091086,True
5010,2,1.0,1.0,1.0,1,1,1.0,True
5011,2,1.0000000000000004,1.0,1.0,1,1,1.0,True
5012,3,0.8017350475147351,0.5714285714285714,1.0,1,1,0.9464285714285714,True
5013,3,0.7240488536930461,0.8,1.0277777777777777,1,1,0.9674495087255912,True
5014,3,0.7469696032829086,0.6,1.0,1,1,0.93560602045458,True
5019,3,0.7577232043361831,0.5714285714285714,1.0,1,1,0.928309944715507,True
5020,2,0.9999999999999994,1.0,1.0,1,1,1.0,True
5022,3,0.6680249189523535,0.6666666666666666,1.0277777777777777,1,1,0.9295503620906912,True
5023,4,0.5517071557185728,0.42857142857142855,1.0,1,1,0.7804935429270075,True
5029,4,0.8694770012314121,1.0,1.0240963855421688,1,2,0.9500000000000001,False
5030,3,0.4252284582310393,0.125,1.0,1,2,0.5498002916228264,False
5031,3,0.5557551468516689,0.2857142857142857,1.0,0,2,0.6727045867459533,False
5033,4,0.008212810156485065,0.0,1.1,0,2,0.39999999999999997,False
5034,4,0.6273129938218996,0.6,1.0,0,2,0.8343246163998618,False
5036,4,0.8739523290886869,1.0,1.0240963855421688,1,2,0.9500000000000001,False
5038,4,0.8875009788829484,1.0,1.0227272727272727,1,2,0.9500000000000001,False
5040,4,0.7368495178210978,0.5,1.0227272727272727,1,2,0.8396021743042802,False
5041,4,0.5850264983734564,0.4,1.0,0,2,0.7328684993029101,False
5043,4,0.5664733185366494,0.4,1.1428571428571428,0,2,0.644917136515707,False
5045,4,0.06945650033114864,0.1,1.0810810810810811,2,2,0.295,False
5046,4,0.3460814028802787,0.25,1.04,1,2,0.5679634583772624,False
5047,4,0.24888403378608168,0.2857142857142857,1.0,0,2,0.5411883954321303,False
5048,4,0.7929913661393742,0.375,1.0,1,2,0.8115796331073509,False
5051,4,0.0,0.0,1.1578947368421053,1,2,0.32,False
5052,4,0.35854729147942027,0.125,1.0,1,2,0.5212226487292754,False
5053,4,0.14840350832129517,0.14285714285714285,1.0,1,2,0.4386015035662693,False
5054,3,0.8434693718464966,0.75,1.0,1,2,0.9500000000000001,False
5055,4,0.45588788487755394,0.2857142857142857,1.0,1,2,0.6299043316141898,False
5056,4,0.0,0.0,1.12,1,2,0.32,False
5057,3,0.7895924643805945,0.5,1.0,1,2,0.86220629425835,False
5058,3,0.46261282101753876,0.3333333333333333,1.1748120300751879,1,2,0.5726277169440246,False
5060,4,0.13340518438318605,0.0,4.0,0,2,0.254316507592794,False
5062,4,0.4925143268164337,0.25,1.0,1,2,0.6307204257784716,False
5064,4,0.04795934346415748,0.125,1.1666666666666667,0,2,0.33041666666666664,False
5065,3,0.46612425584470957,0.5,1.0,1,2,0.7235770620286851,False
5066,4,0.69314458607084,0.5,1.0,1,3,0.8208714892684553,False
5067,2,0.6514669841123006,0.42857142857142855,1.0,1,2,0.7732477550957481,False
5068,4,0.11642175759534096,0.25,1.0,1,2,0.46953789611228897,False
5069,4,0.4850846693746401,0.5,1.0,0,2,0.7317029535415126,False
5070,4,0.3918772991348274,0.3333333333333333,1.136522,0,2,0.5423124932800054,False
5071,4,0.3644649816975038,0.42857142857142855,1.136522,0,2,0.5702468969179778,False
5074,4,0.00813573697980735,0.0,1.136522,1,2,0.32,False
5075,4,0.39490424517103634,0.3333333333333333,1.0,0,2,0.6236097558669521,False
5076,4,0.3649422440045192,0.3333333333333333,1.0,1,3,0.610768898224159,False
5077,3,0.0,0.0,1.1111111111111112,0,1,0.37,False
5078,4,0.24670518829168725,0.2727272727272727,1.0,1,2,0.5348433490947059,False
5079,4,0.48993577964928703,0.5,1.0,0,2,0.7337820008020756,False
5080,4,0.3797994009301775,0.125,1.0,0,3,0.5303306956367428,False
5081,3,0.9259735999986768,0.8571428571428571,1.0,1,1,1.0,True
5082,4,0.5408422644735189,0.5,1.0,0,2,0.7555990657267463,False
5083,3,0.3013501357955112,0.16666666666666666,1.0558528563459397,0,1,0.5640706931187112,False
5084,4,0.612640459895478,0.5714285714285714,1.0,0,2,0.8161316256694907,False
5085,4,0.5428000632209555,0.5,1.0,0,2,0.7564381223327906,False
5086,4,0.5848048957352638,0.5714285714285714,1.0,0,3,0.8042020981722561,False
5088,4,0.04002795286616468,0.0,1.0,1,2,0.39999999999999997,False
5089,4,0.5386791729849355,0.2857142857142857,1.0,0,2,0.665386312231639,False
5090,4,0.5415853221737519,0.3333333333333333,1.0,0,2,0.6864730745824017,False
5091,4,0.5910147727023718,0.3333333333333333,1.0,0,2,0.707657124808953,False
5092,4,0.161947202437359,0.1111111111111111,1.1,0,2,0.4311784306742121,False
5093,2,0.9489723050202349,0.8,1.0,0,1,1.0,True
5097,3,0.05534552866367507,0.1111111111111111,1.0,1,2,0.4046296296296296,False
5098,3,0.03946354663311146,0.0,1.0,0,2,0.39999999999999997,False
5099,4,0.20000012469383596,0.14285714285714285,1.0,1,2,0.46071433915450116,False
5100,3,0.6815381712230244,0.2857142857142857,1.0,0,2,0.7266115971908201,False
5101,2,0.7105158593545441,0.8,1.0,0,1,0.9616496540090904,True
5102,4,0.28476180225955744,0.25,6.0309,0,2,0.38168362953981033,False
5104,4,0.13771662366450194,0.07692307692307693,1.0,1,4,0.41616426728478656,False
5105,3,0.8650916112219224,1.0,1.0,0,1,1.0,True
5106,4,0.23032878281606944,0.16666666666666666,1.0,0,2,0.4836329704132361,False
5107,3,0.45363590496797473,0.375,1.00515,0,2,0.6661415783196083,False
5108,4,0.5842098204804099,0.2857142857142857,1.0810810810810811,0,3,0.6848994468725567,False
5109,3,0.6740419196440262,0.75,1.0,0,1,0.9460179655617256,True
5110,4,0.6210440630902507,0.3333333333333333,1.0,0,2,0.7205268206894727,False
5112,4,0.19059281227634617,0.1,1.0,1,2,0.43882549097557694,False
5113,4,0.598434047032383,0.5,1.0,0,2,0.7802812582519737,False
5114,4,0.11950721301735606,0.1111111111111111,1.136522,1,3,0.33298986377992507,False
5115,3,0.2837895364062238,0.2222222222222222,1.0,0,1,0.5796928701000218,False
5116,4,0.7976778476993029,0.6666666666666666,1.0,1,2,0.935115902982241,False
5117,4,0.0,0.0,1.0810810810810811,1,2,0.39999999999999997,False
5119,4,0.17203945459457742,0.07142857142857142,1.0,1,4,0.4308740519691046,False
5120,3,0.07378660966248797,0.1111111111111111,1.1363636363636365,1,2,0.3246296296296296,False
5122,4,0.6544030287539618,0.5,1.0,0,1,0.854267964704079,True
5127,4,0.6146929714613399,0.375,1.0,0,3,0.7351660353881934,False
5128,4,0.153596060082272,0.16666666666666666,1.0,0,1,0.5007475178130372,False
5129,4,0.09932977018367509,0.1111111111111111,1.0,1,2,0.4046296296296296,False
5130,2,0.9858062076672549,1.0,1.0,0,1,1.0,True
5131,3,0.5726253290983907,0.5,1.0,0,1,0.8192203791374055,True
5132,2,0.6135453449872046,0.4,1.0,0,1,0.7950908621373735,True
5133,4,0.3820766264150442,0.16666666666666666,1.0,2,2,0.4436677605270824,False
5135,4,0.8724360148425675,0.7142857142857143,1.0,1,2,0.9500000000000001,False
5136,4,0.5822957537754558,0.2857142857142857,1.0,1,2,0.6840791325704335,False
5137,4,0.40132838115223113,0.3333333333333333,1.0,0,2,0.6263629570017499,False
5138,2,0.7886848291871801,0.8571428571428571,1.0,0,1,0.99515064108022,True
5139,4,0.5942086162828363,0.6,1.0,1,1,0.8701370260259775,True
5140,4,0.24216383432337504,0.125,1.0,1,3,0.47134402423382743,False
5141,4,0.7482561532033034,0.6,1.0185185185185186,1,1,0.9361573989918919,True
5144,4,0.12347837261812832,0.2,1.0,0,1,0.5017288263601503,False
5145,4,0.7487531528737497,0.6,1.0185185185185186,1,2,0.8863703988506547,False
5146,4,0.49586348029351907,0.4,1.0,0,1,0.744655777268651,True
5148,4,0.13867110953029832,0.1,1.0714285714285714,0,2,0.4165733326558421,False
5152,4,0.0,0.0,1.1764705882352942,1,2,0.32,False
5153,3,0.8619248153885758,0.8333333333333334,1.0,0,1,1.0,True
5154,4,0.7261188594722093,0.6,1.0,1,2,0.8766699873928517,False
5155,4,0.7887201310638468,0.6666666666666666,1.0,1,2,0.9312768815670455,False
5156,4,0.7457541185526112,0.6,1.0,1,2,0.8850850984273096,False
5157,4,0.5952270818061015,0.2,1.0,0,2,0.6539068445835674,False
5158,2,0.8289370039057122,0.7142857142857143,1.0,0,1,1.0,True
5159,3,0.529257797915808,0.375,1.0,1,2,0.6985509610115368,False
5160,2,0.9564855672969097,1.0,1.0,1,2,0.9500000000000001,False
5161,2,0.6543946471750512,0.6666666666666666,1.0,0,1,0.9237088170432759,True
5163,4,0.3172661675624401,0.2222222222222222,1.1666666666666667,0,1,0.5140399977384003,False
5164,4,0.21894199870135012,0.1,1.0,1,2,0.4509751423005786,False
5165,2,0.7781625213494948,0.8,1.0,0,1,0.990641080578355,True
5166,4,0.23549004324922523,0.125,1.0,1,2,0.4684838280591918,False
5167,4,0.13311457378963468,0.2,1.1,1,2,0.4558586268622244,False
5168,3,0.6617632073224908,0.375,1.0,0,2,0.7553389936144009,False
5169,3,0.7703582763248499,0.6666666666666666,1.0185185185185186,1,2,0.9234075152503326,False
5170,2,0.9665858178304503,1.0,1.0,0,2,0.9500000000000001,False
5171,3,0.5022609826451528,0.3333333333333333,1.0,1,2,0.6696197862130021,False
5172,3,0.2454201951579735,0.14285714285714285,1.0416666666666667,1,2,0.4801800836391315,False
5173,4,0.315513267650476,0.3333333333333333,1.1111111111111112,1,1,0.5595850512152833,False
5175,4,0.8896059632455352,1.0,1.0,1,1,1.0,True
5176,3,0.09298481724605638,0.1111111111111111,1.0,1,1,0.4546296296296296,False
5177,4,0.09699713020495283,0.0,1.0,2,2,0.295,False
5178,4,0.03576131200390726,0.0,1.0,0,1,0.44999999999999996,False
5180,4,0.10147805309082654,0.16666666666666666,1.0,0,1,0.47841122910241773,False
5181,2,0.9685445883187602,1.0,1.0,0,2,0.9500000000000001,False
5182,4,0.15721453740293828,0.125,1.0,2,2,0.32993718269649736,False
5183,4,0.013523589087809977,0.0,1.0,1,2,0.39999999999999997,False
5184,4,0.08060994275741035,0.1111111111111111,1.0185185185185186,1,2,0.4046296296296296,False
5185,3,0.5848574273618462,0.5,1.0,0,1,0.8244627069646009,True
5187,4,0.11110860270853262,0.14285714285714285,1.0,0,2,0.4226179725893711,False
5189,4,0.7723351002337759,0.6,1.0,1,1,0.9464769477192374,True
5190,4,0.559269848876826,0.5555555555555556,1.0,1,2,0.7866447500477404,False
5192,2,0.57500351704621,0.4,1.0,0,1,0.7785729358769472,True
5193,4,0.20955257174627964,0.18181818181818182,1.0,0,2,0.4810420112678861,False
5194,4,0.5462085417763838,0.36363636363636365,1.0009099181073702,1,2,0.7010807170383637,False
5197,3,0.8726062944985613,1.0,1.0,0,2,0.9500000000000001,False
5199,2,0.8254394181898734,0.6,1.0056472632493485,0,1,0.9583333333333333,True
5202,3,0.7661457959449132,0.75,1.0140845070422535,1,2,0.9354910554049628,False
5204,3,0.2012466304570552,0.25,1.0434782608695652,0,2,0.5058914130530238,False
5205,2,0.6983445337380503,0.42857142857142855,1.0,1,1,0.8433381335067835,True
5206,4,0.31596298997723316,0.18181818181818182,3.6363636363636362,1,2,0.366646476224009,False
5207,4,0.0,0.0,1.0,0,2,0.39999999999999997,False
5208,3,0.0,0.0,1.0,1,1,0.44999999999999996,False
5209,4,0.7776437041579255,0.5,1.0,1,1,0.9070853970200634,True
5210,4,0.7781760906411969,0.4,1.0,1,2,0.8156468959890845,False
5211,4,0.8339354396009,0.6666666666666666,1.0,1,2,0.9361111111111112,False
5212,4,0.7969806403465156,0.5,1.0,1,2,0.865372655386602,False
5213,4,0.01583186376581261,0.0,1.0,1,2,0.39999999999999997,False
5214,4,0.6309070817907235,0.6666666666666666,1.1111111111111112,0,1,0.8336427175928498,True
5215,4,0.7092980455437907,0.5,1.0,1,1,0.8777944004711484,True
5216,4,0.7078930422604042,0.4,1.0,1,1,0.8355255895401732,True
5217,2,0.880774542073338,0.8,1.0,1,1,1.0,True
5218,4,0.2164144050966686,0.16666666666666666,1.0,1,2,0.47766966567635,False
5219,3,0.8774160916744665,0.8,1.0,1,2,0.9500000000000001,False
5220,3,0.04158367833013957,0.0,1.0,1,2,0.39999999999999997,False
5221,3,0.627018871445506,0.5,1.0,1,2,0.7925318972861694,False
5222,4,0.18773746053612064,0.1111111111111111,1.0,1,1,0.4922313984308242,False
5223,3,0.20824172726531143,0.125,1.1,0,2,0.4568059783518001,False
5225,4,0.0,0.0,1.1111111111111112,0,1,0.37,False
5226,4,0.426302729995779,0.2,1.0,1,3,0.5815106938077149,False
5227,4,0.5744340366642745,0.5,1.0,1,1,0.8199955395227843,True
5228,4,0.0,0.0,1.1428571428571428,0,2,0.32,False
5231,4,0.8587845191844321,0.6666666666666666,1.0,1,2,0.9361111111111112,False
5232,4,0.5866696576220066,0.75,1.0,1,2,0.8585727104094315,False
5233,4,0.10499996087100291,0.0,1.1111111111111112,0,1,0.37214284037328693,False
5234,4,0.5328983072220094,0.3333333333333333,1.0,0,1,0.7327500681745119,True
5235,4,0.3974083896127096,0.3333333333333333,1.0,0,2,0.6246829606276693,False
5236,4,0.0,0.0,1.09375,0,1,0.44999999999999996,False
5238,4,0.5731111857986632,0.3333333333333333,1.0,1,2,0.6999841589930779,False
5239,4,0.6444851396514137,0.5714285714285714,1.0,1,4,0.8297793455648917,False
5240,4,0.6534432449367975,0.6,1.0,1,3,0.8455232954491038,False
5244,2,0.7838149766623695,0.6666666666666666,1.0,0,1,0.979174672537841,True
5245,3,0.6459564861864724,0.2857142857142857,1.0294117647058822,1,1,0.7613623036037263,True
5246,4,0.794410658660727,0.5555555555555556,1.0,1,3,0.8874193828122693,False
5248,4,0.4252711586828121,0.375,1.0,1,3,0.65398525848311,False
5250,3,0.748655582917935,0.7142857142857143,1.0,1,3,0.9279952498219722,False
5251,3,0.9774303391194652,1.0,1.0,1,3,0.9500000000000001,False
5252,4,0.3219097593068222,0.3,1.0,1,3,0.5784375158934001,False
5253,4,0.12470559320837757,0.1111111111111111,6.0,1,2,0.25521774100464856,False
5254,4,0.5498738190664949,0.45454545454545453,1.0,1,2,0.7405303380414848,False
5255,4,0.5735234234791712,0.45454545454545453,1.0,1,2,0.7506658827897748,False
5256,4,0.14836608324551062,0.07142857142857142,1.0,1,3,0.42072832139093314,False
5257,4,0.27943019227918703,0.18181818181818182,1.0,1,2,0.5109895629248464,False
5258,4,0.059183350374787544,0.0,1.0,1,2,0.39999999999999997,False
5260,4,0.811643961714515,0.5,1.0,1,3,0.8666666666666668,False
5261,4,0.6025889247887614,0.4,1.0,0,3,0.7403952534808979,False
5262,4,0.5606793981677235,0.3333333333333333,1.0357,0,3,0.6946562500083895,False
5263,4,0.8159074760164905,0.625,1.0,1,3,0.9187500000000001,False
5264,4,0.8676175219516242,0.7142857142857143,1.0,0,2,0.9500000000000001,False
5265,4,0.531339956452786,0.5,1.0,1,3,0.751526648003575,False
5266,4,0.0106659119799103,0.0,1.0,1,2,0.39999999999999997,False
5267,4,0.4373107398153388,0.3333333333333333,1.0,1,2,0.6417839678573675,False
5268,4,0.27095041017429883,0.125,1.0,1,2,0.48368112816993764,False
5269,4,0.643871125300911,0.4444444444444444,1.0,0,3,0.7766061436474804,False
5271,4,0.016610587823067548,0.0,1.0,2,2,0.295,False
5272,4,0.34025158649175263,0.2,1.0,1,3,0.5446316323059893,False
5273,4,0.7785062859936489,0.5,1.0,1,3,0.8574550749496591,False
5274,4,0.3951634129045542,0.375,1.0,1,3,0.6410819388638567,False
5275,4,0.5887628435747301,0.3333333333333333,1.0,1,3,0.706692012325678,False
5276,3,0.9780772675986487,1.0,1.0,1,3,0.9500000000000001,False
5278,4,0.6545436411949093,0.375,1.0,1,4,0.7522448938454375,False
5279,4,0.4858780124625035,0.36363636363636365,1.0,1,3,0.6752247759038436,False
5280,3,0.2165461059997983,0.0,1.0,1,2,0.4499483311427707,False
5281,2,0.9999999999999988,1.0,1.0,1,2,0.9500000000000001,False
5282,4,0.5309480593531273,0.5,1.0,0,2,0.7513586921037213,False
5283,2,0.7050883975892552,0.75,1.0,0,2,0.9093235989668237,False
5284,4,0.27899089902065166,0.16666666666666666,1.0,1,2,0.5044881630723428,False
5285,2,0.9001970631080733,0.75,1.0,1,2,0.9500000000000001,False
5286,4,0.46759559162431596,0.375,1.0,1,3,0.6721243011723259,False
5287,3,0.3349234349492572,0.25,1.0,1,2,0.5631814721211102,False
5288,4,0.457464991032831,0.4,1.1,0,1,0.7281992818712133,True
5289,4,0.16528068181691996,0.16666666666666666,1.125,1,1,0.425755212842172,False
5290,4,0.8449083104647716,0.75,1.0,0,1,1.0,True
5291,3,0.8585099870119137,0.8,1.0285714285714285,0,1,1.0,True
5292,4,0.9285259598022036,0.8,1.0,0,1,1.0,True
5293,3,0.6436809668246329,0.3333333333333333,1.0,1,1,0.7802283508613506,True
5294,4,0.8385534511593445,0.8,1.0285714285714285,0,1,1.0,True
5295,4,0.8186993096038186,0.8,1.0,0,1,1.0,True
5296,4,0.7920249797511515,0.8,1.0011904761904762,1,1,0.9965821341790648,True
5299,3,0.7866745489743663,0.75,1.0,0,1,0.9942890924175856,True
5301,3,0.7598518241050906,0.8,1.0013888888888889,0,1,0.9827936389021816,True
5302,2,0.7533841392128203,0.6,1.0,1,1,0.9383551072816849,True
5303,4,0.8064697286416659,0.5,1.0,1,1,0.9166666666666667,True
5305,3,0.7593728244386224,0.5,1.0,1,1,0.8992550199975049,True
5306,4,0.5307333792862436,0.3333333333333333,1.0,1,1,0.7318222419163266,True
5307,4,0.5526804074339554,0.3,1.0,1,1,0.7273392222335999,True
5308,3,0.12058038759646739,0.0,1.0,2,1,0.3538201661127718,False
5309,4,0.47206795685441294,0.18181818181818182,1.0222222222222221,1,2,0.5935486048856575,False
5311,2,0.999999999999999,1.0,1.0,0,1,1.0,True
5312,4,0.7329870921760798,0.6,1.0,1,1,0.9296135156945105,True
5313,4,0.4395938685529792,0.18181818181818182,1.0222222222222221,1,2,0.5796311384707574,False
5314,3,0.6570990805020652,0.5,1.03125,1,1,0.8554234154532661,True
5316,3,0.5944174484697554,0.4,1.0,2,1,0.6818931922013238,False
5318,3,0.6766068565353679,0.6,1.0285714285714285,1,1,0.9054505575627767,True
5319,3,0.19671128328835719,0.14285714285714285,1.1627906976744187,1,1,0.4293048356950102,False
5321,3,0.6390191171500864,0.5,1.0,0,1,0.8476748597309895,True
5322,4,0.6609382985393161,0.375,1.0,1,1,0.8049854612787546,True
5323,4,0.8768370143224664,1.0,1.0,1,1,1.0,True
5324,3,0.3169567804818297,0.25,1.0775000000000001,1,1,0.6054814773493555,False
5326,4,0.3927882996683964,0.25,1.0,1,1,0.6379806998578842,False
5327,4,0.3097905485989683,0.2857142857142857,1.0,2,1,0.512291187494796,False
5330,4,0.16304412548317376,0.125,1.0928571428571427,1,1,0.4874355775880268,False
5332,4,0.7887491024229779,0.5714285714285714,1.0,1,1,0.9416067581812764,True
5333,4,0.21580317778024957,0.09090909090909091,1.1189634864546525,2,1,0.3146299333343927,False
5334,4,0.8310639449153566,0.5714285714285714,1.0,1,1,0.9464285714285714,True
5335,4,0.5366252230394382,0.42857142857142855,1.0,1,1,0.7740298574930926,True
5336,3,0.534217619254522,0.375,1.0256410256410255,1,1,0.7506765987281285,True
5337,2,0.8289416232717277,0.5,1.0,1,1,0.9166666666666667,True
5338,4,0.27273324172367147,0.25,1.0,1,1,0.5865285321672877,False
5339,4,0.28076865048119287,0.25,1.1428571428571428,2,1,0.40497227877765407,False
5343,4,0.10156039186275552,0.125,1.1666666666666667,2,1,0.27608540603641907,False
5345,4,0.6638687157707588,0.5,1.0011778563015312,1,2,0.8083246877112776,False
5347,4,0.2885079847588604,0.2857142857142857,1.0,1,1,0.6081700887061783,False
5349,3,0.35078168141877575,0.2857142857142857,1.0,1,1,0.634858815846142,False
5350,4,0.5185781372246029,0.3333333333333333,1.0,1,1,0.7266128524613378,True
5354,4,0.40848586527026076,0.2222222222222222,1.0,1,1,0.6331341538988948,False
5355,3,0.1427820092113417,0.09090909090909091,1.1666666666666667,1,1,0.3883351468048607,False
5356,3,0.2926048333588241,0.3333333333333333,1.0,0,2,0.5797671508045754,False
5357,4,0.10014665594940603,0.1,1.0,1,1,0.45006285254974543,False
5358,4,0.21678925693941048,0.2,1.0714285714285714,1,1,0.5417192053549854,False
5359,4,0.570655053819967,0.3333333333333333,1.0,1,1,0.748931531002208,True
5360,4,0.608947152051532,0.5,1.15,1,1,0.7547868746887518,True
5361,4,0.915491146459223,1.0,1.0,1,1,1.0,True
5363,4,0.7494329206285257,0.8333333333333334,1.0,1,1,0.9783283945550825,True
5364,2,0.8473456190425658,0.8333333333333334,1.0,1,1,1.0,True
5366,4,0.8936360503634123,1.0,1.0,1,1,1.0,True
5367,4,0.7163780663949042,0.6666666666666666,1.0,0,1,0.95027313956607,True
5369,3,0.15783176460367854,0.125,1.0,0,1,0.4852017086396717,False
5370,4,0.9029144621680525,1.0,1.0,1,1,1.0,True
5371,4,0.486790479244083,0.2857142857142857,1.0,0,1,0.6931483006284165,True
5372,4,0.08823615340789975,0.08333333333333333,1.0714285714285714,2,1,0.345,False
5373,3,0.7289433249168463,0.5,1.0256410256410255,1,2,0.8362138059167438,False
5374,4,0.6822067144610329,0.5714285714285714,1.0011778563015312,1,1,0.8959457347690141,True
5376,3,0.09214915027422535,0.08333333333333333,1.0625,1,1,0.44999999999999996,False
5378,4,0.6632417702151281,0.5,1.0256410256410255,1,1,0.8580559967588645,True
5379,4,0.8516806088531625,1.0,1.0285714285714285,1,1,1.0,True
5380,4,0.4620885347469547,0.375,1.1538461538461537,1,1,0.6397641339391711,True
5382,4,0.39579256658346434,0.3,1.0416666666666667,1,1,0.660101576154818,False
5383,4,0.020005934841558784,0.0,1.08,0,1,0.44999999999999996,False
5388,3,0.10075571565574899,0.09090909090909091,1.0866666666666667,2,1,0.3453238781381781,False
5389,3,0.2310889756303277,0.2,1.12,1,1,0.46784765622252134,False
5390,4,0.649931109156291,0.45454545454545453,1.0,2,2,0.6784120337942546,False
5394,4,0.3266303785518733,0.2,1.0153846153846153,1,1,0.5887939717603267,False
5395,4,0.5994826683197496,0.5,1.0011778563015312,1,1,0.8307306673751309,True
5396,4,0.7205537234488256,0.42857142857142855,1.0185185185185186,1,1,0.8528563576685444,True
5397,4,0.0,0.0,1.0602910602910602,1,1,0.44999999999999996,False
5398,3,0.6747759152297976,0.625,1.0,0,1,0.9150825350984848,True
5400,4,0.737497285661416,0.5,1.0,1,1,0.8898797890929879,True
5401,3,0.3564750931091614,0.6,2.0,0,1,0.6082512303801169,False
5403,4,0.7026134061026367,0.5555555555555556,1.0023529411764707,1,1,0.8980777031445164,True
5406,4,0.6465898020847085,0.5,1.04,2,1,0.7459194389886847,False
5407,4,0.6303335233915868,0.5,1.0009523809523808,1,1,0.8439524624059183,True
5408,4,0.3946331174047181,0.18181818181818182,1.0,1,1,0.6103622451215025,False
5409,4,0.0,0.0,2.27,1,1,0.29000000000000004,False
5410,4,0.13269721031704185,0.1111111111111111,1.1,1,1,0.46864271976550465,False
5411,4,0.6033399806488177,0.5555555555555556,1.0,1,1,0.8555319493785939,True
5413,4,0.23896001845489215,0.16666666666666666,1.0769230769230769,1,1,0.537332071401303,False
5415,3,0.45898353565818434,0.3333333333333333,1.0416666666666667,1,1,0.7010723089328726,True
5417,4,0.18672820005278462,0.09090909090909091,1.0769230769230769,1,1,0.48716922859405054,False
5418,4,0.13045031104773372,0.1,1.0769230769230769,1,1,0.4630501333061716,False
5419,4,0.42398151194237327,0.375,1.0277777777777777,1,1,0.7034325527372076,True
5420,4,0.47392813960915436,0.3333333333333333,1.03125,1,1,0.707477139197574,True
5422,4,0.6897546113456013,0.5,1.0256410256410255,1,1,0.8694186429576387,True
5423,3,0.304865110772434,0.2,1.0625,1,1,0.5794659998548527,False
5427,4,0.7875112390630741,0.7142857142857143,1.0,1,1,0.9946476738841745,True
5429,4,0.6084315312726093,0.4444444444444444,1.0,1,1,0.8114177462067798,True
5431,3,0.4928152951897886,0.3333333333333333,1.0,1,1,0.7155716344464174,True
5434,4,0.9294560512630041,1.0,1.0277777777777777,1,1,1.0,True
5435,4,0.5471675799736528,0.375,1.0277777777777777,1,1,0.7562265818934704,True
5436,4,0.922863005458465,1.0,1.0277777777777777,1,1,1.0,True
5438,4,0.5291330399706854,0.3333333333333333,1.0031645569620253,1,1,0.7311363822096588,True
5440,4,0.1820491186385877,0.1,1.0153846153846153,1,1,0.48516390798796616,False
5441,4,0.572676344792133,0.5,1.0153846153846153,1,1,0.8192422430061523,True
5442,2,0.8297769272568621,0.8571428571428571,1.0,1,1,1.0,True
5444,3,0.29948111494292384,0.1,1.0105263157894737,1,1,0.5354919064041102,False
5445,4,0.7687890650938155,0.5714285714285714,1.0277777777777777,1,1,0.9330524564687781,True
5446,4,0.08549705801607828,0.0,10.285714285714286,1,1,0.29000000000000004,False
5447,4,0.318448652217903,0.18181818181818182,1.0571428571428572,1,1,0.577711760041439,False
5448,4,0.7028969771170234,0.42857142857142855,1.0,1,1,0.8452891806692004,True
5451,4,0.818817193525238,0.625,1.0,1,1,0.96875,True
5454,4,0.8867995679771852,0.625,1.0294117647058822,0,1,0.96875,True
5456,4,0.5627339466019248,0.3333333333333333,1.0869565217391304,1,1,0.7455367707659043,True
5457,4,0.2880312907731263,0.2,1.0,1,1,0.572251505569435,False
5459,3,0.6257728254460226,0.4,1.0,0,1,0.8003312109054384,True
5460,3,0.7899451171860078,0.7142857142857143,1.1428571428571428,0,1,0.9156907645082891,True
5461,4,0.4079741937690723,0.3333333333333333,1.0416666666666667,0,1,0.6792111624089675,True
5464,4,0.28106356273757566,0.14285714285714285,1.0222222222222221,1,1,0.5454558126018181,False
5465,4,0.6591224058408441,0.4444444444444444,1.0,1,1,0.8331424067360231,True
5466,3,0.4264837042300186,0.25,1.171875,2,1,0.4674215875271508,False
5469,4,0.12545287940174674,0.0,1.0714285714285714,2,1,0.35590837688646293,False
5473,4,0.668968336854833,0.2727272727272727,1.0,1,1,0.7658132699074827,True
5475,4,0.1030272767261191,0.125,1.0714285714285714,0,1,0.46171407097786055,False
5476,4,0.018566571611689113,0.0,1.15,0,1,0.37,False
5477,4,0.4092144499539133,0.2,1.091025641025641,1,1,0.6241871452183438,False
5478,3,0.07566291208186332,0.0,1.1764705882352942,1,1,0.37,False
5480,3,0.13796599636731954,0.15384615384615385,1.1,0,1,0.48870703873617727,False
5481,2,0.8169473035779506,0.6666666666666666,1.0,1,1,0.9861111111111112,True
5482,3,0.6949395451853677,0.5,1.0,1,1,0.8716407574603957,True
5485,4,0.11852881534214804,0.0,1.0,1,1,0.45794092086092053,False
5486,4,0.19576623226590872,0.125,1.1111111111111112,0,1,0.42145933763777044,False
5487,4,0.4191522966410205,0.125,1.0023529411764707,1,2,0.5471962223699612,False
5489,3,0.5936148946496869,0.5,1.018888888888889,1,1,0.8282159072308182,True
5490,3,0.016654935852029824,0.0,4.048,1,1,0.29000000000000004,False
5492,2,0.6184343163121956,0.4,1.0,0,1,0.7971861355623695,True
5493,4,0.6684221430417063,0.4444444444444444,1.0222222222222221,2,1,0.7321280083935355,False
5494,4,0.0,0.0,1.0869565217391304,1,1,0.44999999999999996,False
5496,4,0.5567255314564167,0.3333333333333333,1.0869565217391304,1,1,0.7429617357035436,True
5497,3,0.744675619715609,0.45454545454545453,1.0,1,1,0.8740168240339623,True
5499,3,0.6064194155675612,0.5555555555555556,1.0,1,1,0.8568517072009125,True
5500,4,0.6736639094326144,0.3333333333333333,1.0144927536231885,1,1,0.7930781834076284,True
5501,3,0.7373525746917005,0.7142857142857143,1.0011778563015312,1,1,0.9731511034393001,True
5504,2,0.4178650709489268,0.42857142857142855,1.0119047619047619,0,2,0.673132649454302,False
5505,4,0.4115174346053701,0.2222222222222222,1.0869565217391304,1,1,0.6344333978996559,False
5506,3,0.4034903372800079,0.2857142857142857,1.1764705882352942,0,1,0.57744823978667,True
5508,3,0.06453462289141361,0.1,1.12,1,1,0.37,False
5509,2,0.8137237465113192,0.8571428571428571,1.0,1,1,1.0,True
5510,4,0.8524933365555897,0.8,1.0,1,1,1.0,True
5511,4,0.6095061039535228,0.5,1.1428571428571428,0,1,0.7550264255038908,True
5512,4,0.784183904961151,0.5714285714285714,1.0,1,2,0.8896502449833504,False
5513,4,0.7147314724227888,0.6,1.1428571428571428,0,1,0.8417896786573856,True
5514,3,0.5882870209599613,0.4,1.0,0,1,0.7842658661256978,True
5518,4,0.39860713457247765,0.125,1.0555555555555556,1,1,0.5883911529120143,False
5521,4,0.42523631443497767,0.3333333333333333,1.9411764705882353,0,1,0.5266092141229269,False
5522,4,0.4819466366695405,0.42857142857142855,1.0,0,2,0.7005961776202793,False
5523,3,0.16640735519823757,0.14285714285714285,1.0,0,1,0.4963174379421018,False
5524,4,0.5908595739007744,0.16666666666666666,1.0,0,1,0.6881461665923954,False
5525,4,0.31547666561950966,0.16666666666666666,1.0,0,1,0.570124920186139,False
5526,4,0.003476084027764641,0.0,1.0416666666666667,0,1,0.44999999999999996,False
5527,4,0.47644164574751574,0.2857142857142857,1.1724137931034482,1,2,0.5587130862727449,False
5528,2,0.7713275633767078,0.5714285714285714,1.0010526315789474,1,1,0.9341403843043035,True
5529,3,0.33905765974001095,0.3333333333333333,1.0407124681933841,1,1,0.6496755049679411,False
5530,3,0.9176137683382537,0.8,1.0,1,2,0.9500000000000001,False
5531,3,0.5963704712917498,0.5,1.0831168831168831,1,1,0.8293968686488451,True
5532,4,0.12309343361014002,0.1,1.175609756097561,0,1,0.3798971858329171,False
5533,4,0.46327424903498343,0.375,1.0,0,1,0.720272297205469,True
5539,4,0.31942531568367005,0.42857142857142855,1.1297029702970296,0,2,0.550944182912049,False
5540,4,0.2886913423561045,0.14285714285714285,1.137037037037037,0,2,0.41872486100975903,False
5542,4,0.315971522400592,0.25,1.1555555555555554,0,2,0.47505922388596794,False
5550,3,0.19978774886682116,0.15384615384615385,1.0246085011185682,0,2,0.46520207552167797,False
5551,4,0.26221476178529174,0.2857142857142857,1.1111111111111112,0,2,0.46690156457464876,False
5552,4,0.006709196855431449,0.0,1.0,0,1,0.44999999999999996,False
5554,4,0.0,0.0,1.125,0,2,0.32,False
5555,4,0.8058026829695794,0.6,1.0,0,1,0.9583333333333333,True
5560,3,0.23138897261446362,0.2,1.1538461538461537,0,1,0.4679762263585796,False
5562,3,0.11604839492434005,0.1,1.0916666666666666,0,1,0.4568778835390028,False
5564,4,0.3857411827096579,0.3333333333333333,1.0,0,1,0.6696827290977899,False
5565,4,0.5101338503494375,0.375,1.0714285714285714,0,1,0.7403549834830923,True
5566,4,0.5474778672497399,0.3333333333333333,1.0770833333333334,1,2,0.6889984510435394,False
5567,4,0.1372259947930078,0.14285714285714285,1.08,1,2,0.43381114062557474,False
5568,4,0.26659295342478334,0.1111111111111111,1.1666666666666667,0,1,0.44602660966882246,False
5569,4,0.008336755389186039,0.0,1.12,0,2,0.32,False
5570,4,0.5542734474612123,0.375,1.0,0,1,0.7592719536738529,True
5572,3,0.0,0.0,1.04,0,1,0.44999999999999996,False
5574,4,0.31932026522764545,0.14285714285714285,1.0,0,2,0.5118515422404195,False
5575,4,0.38476692060723583,0.14285714285714285,1.0416666666666667,0,1,0.5899001088316725,False
5576,3,0.39934470545667994,0.2857142857142857,1.0133333333333334,0,2,0.6056715404338152,False
5577,4,0.6796020167272098,0.5,1.0,1,2,0.8150675309783281,False
5580,4,0.45180555821106044,0.3333333333333333,1.0,0,1,0.6979960328841053,True
5581,4,0.08972449653210993,0.14285714285714285,1.0294117647058822,1,2,0.41785714285714287,False
5582,4,0.3227789416708692,0.2,1.0,0,2,0.5371433559541821,False
5585,4,0.0,0.0,1.105263157894737,1,2,0.32,False
5586,4,0.7232514634890627,0.5,1.0256410256410255,1,2,0.833774436733408,False
5587,4,0.40805452168156015,0.2222222222222222,1.0,1,3,0.5829492923608803,False
5589,4,0.17926056998710302,0.09090909090909091,1.0666666666666667,1,2,0.4339688157087584,False
5590,2,0.7787460853569753,0.5,1.0,0,1,0.9075578461053704,True
5591,4,0.5080708281786849,0.4,1.1111111111111112,0,2,0.619887497790865,False
5592,2,0.9999999999999977,1.0,1.0,0,1,1.0,True
5593,4,0.5088240326101822,0.6,1.0476190476190477,1,2,0.7835436330234115,False
5594,3,0.12173647147248824,0.125,1.1333333333333333,0,1,0.38973229729773307,False
5596,4,0.22125084802006986,0.18181818181818182,1.1111111111111112,1,2,0.40605555824236755,False
5597,2,0.9654873535351115,1.0,1.0,1,1,1.0,True
5598,3,0.9504767445025093,1.0,1.0,0,1,1.0,True
5599,4,0.6677684521288236,0.5,1.001410437235543,1,2,0.8099960032933055,False
5600,3,0.817782873117586,0.6666666666666666,1.0,0,1,0.9861111111111112,True
5602,4,0.3641471222569788,0.25,1.0,1,2,0.5757059095387053,False
5603,3,0.902406243182404,0.6666666666666666,1.0,1,2,0.9361111111111112,False
5605,4,0.03049421975520751,0.0,1.1111111111111112,0,2,0.32,False
5607,3,0.48178126900435114,0.375,1.1020408163265305,1,1,0.648203877192341,True
5608,4,0.5980176321130691,0.14285714285714285,1.0,1,2,0.6312932709056012,False
5609,2,0.7120851733837547,0.6666666666666666,1.0,0,2,0.8984333282755775,False
5610,4,0.5173408723563656,0.3333333333333333,1.0101010101010102,1,3,0.6760825960892362,False
5611,4,0.5181520177492742,0.2857142857142857,1.0,1,2,0.6565889599877842,False
5613,4,0.6286218056612886,0.16666666666666666,1.0,1,2,0.6543299802040444,False
5614,4,0.34038250740843773,0.16666666666666666,1.0,1,2,0.530798852381394,False
5615,3,0.012184020092288696,0.0,1.1666666666666667,1,1,0.37,False
5616,3,0.7910914257872563,1.0,1.0294117647058822,1,1,0.9961820396231098,True
5618,4,0.6955038048104405,0.6666666666666666,1.0,1,2,0.8913270274584428,False
5619,2,0.766759381709003,0.8571428571428571,1.0031919744642042,1,2,0.9357540207324299,False
5620,4,0.9437515134506465,1.0,1.0,1,2,0.9500000000000001,False
5621,3,0.8140925783447632,1.0,1.0,0,1,1.0,True
5622,2,0.9999999999999992,1.0,1.0,1,2,0.9500000000000001,False
5623,4,0.7906728131913373,0.6,1.0,1,2,0.9043359675581922,False
5624,4,0.791406290058617,0.6,1.0227272727272727,1,2,0.9046503147870265,False
5625,4,0.22695927701482088,0.125,1.0,1,2,0.46482778538730424,False
5626,3,0.5173894983942279,0.5555555555555556,1.0,0,1,0.8186960284123411,True
5627,4,0.8927920602126693,0.7142857142857143,1.0,1,2,0.9500000000000001,False
5628,3,0.13329375962954937,0.0,1.0714285714285714,1,1,0.4642687541269497,False
5629,4,0.012960371297395704,0.0,1.1764705882352942,1,2,0.32,False
5630,4,0.9586489655707312,0.8,1.1,1,2,0.9500000000000001,False
5631,4,0.6031623501952748,0.5714285714285714,1.0142857142857142,2,2,0.7070695786551179,False
5632,4,0.041477146440061036,0.0,1.1571428571428573,1,3,0.32,False
5633,4,0.004109708951069666,0.0,1.1111111111111112,0,2,0.32,False
5634,4,0.05153493986873543,0.08333333333333333,1.0,1,3,0.39999999999999997,False
5635,2,0.9102208816300529,1.0,1.0,1,2,0.9500000000000001,False
5637,4,0.3954779056929181,0.2222222222222222,1.0,1,2,0.5775593140800338,False
5638,4,0.14219742740282962,0.09090909090909091,1.053,1,2,0.4180846117440698,False
5641,4,0.602390753087636,0.5,1.0204081632653061,1,2,0.7819769894185108,False
5642,4,0.05684353200591299,0.07142857142857142,1.0769230769230769,1,2,0.39999999999999997,False
5643,4,0.07132044923481999,0.1111111111111111,5.0,0,2,0.24462962962962964,False
5644,4,0.36655311913339933,0.14285714285714285,1.0294117647058822,1,2,0.532094193914314,False
5645,4,0.22900285656681163,0.07692307692307693,1.1538461538461537,1,2,0.37528693852863354,False
5646,4,0.48903293585067353,0.2727272727272727,1.0294117647058822,1,2,0.6386980980485572,False
5648,4,0.08534115539336147,0.125,2.04,0,2,0.2504166666666667,False
5649,4,0.6249815515209941,0.6666666666666666,1.0272727272727273,0,2,0.8611032046201087,False
5650,4,0.6613676378880771,0.4,1.0294117647058822,1,2,0.7655861305234618,False
5653,3,0.18394905213249185,0.09090909090909091,1.08,1,2,0.43597816519963933,False
5654,2,0.6027117605705851,1.0,1.0285714285714285,0,1,0.9154478973873936,True
5655,3,0.14135817195156591,0.1,1.1,1,2,0.41772493083638534,False
5659,4,0.005743868506794017,0.0,1.0,0,2,0.39999999999999997,False
5660,3,0.7572703770001383,0.7142857142857143,1.0,1,2,0.9316873044286308,False
5661,3,0.7530872592371955,0.625,1.0,1,2,0.8986445396730839,False
5662,4,0.15689669033009684,0.125,1.0666666666666667,1,2,0.43480096252242245,False
5663,2,0.8273739979197375,1.0,1.0,1,2,0.9500000000000001,False
5664,4,0.2868109046976479,0.125,1.0,1,2,0.4904784829656586,False
5666,4,0.6759785468588684,0.4,1.0,1,2,0.7718479486538009,False
5668,4,0.0,0.0,1.0,0,2,0.39999999999999997,False
5669,4,0.8951463625299544,1.0,1.0,1,2,0.9500000000000001,False
5670,4,0.9102004934162227,1.0,1.0,1,2,0.9500000000000001,False
5671,4,0.5321023213024425,0.5,1.0,1,2,0.751853375796285,False
5673,4,0.7375690603228442,0.6,1.0133333333333334,1,2,0.8815772163288381,False
5674,4,0.6118238079106216,0.4,1.0,2,2,0.6393530605331238,False
5675,4,0.30420600297342587,0.1111111111111111,1.16,1,2,0.41214648804681214,False
5678,4,0.5901014706878689,0.5555555555555556,1.0,1,2,0.7998583022524731,False
5679,4,0.7027374912760577,0.5,1.002047470994161,2,2,0.7199827343564058,False
5680,3,0.9311588522131138,1.0,1.0,1,2,0.9500000000000001,False
5682,3,0.9030679739459149,0.8333333333333334,1.0,0,2,0.9500000000000001,False
5683,4,0.284876908311001,0.2222222222222222,1.0625,0,2,0.5301588866306407,False
5685,4,0.4394312710338393,0.3,1.0,0,3,0.6288038780621217,False
5686,4,0.31487072922571085,0.2222222222222222,1.0,0,2,0.5430133813083735,False
5687,4,0.7673856128947557,0.7142857142857143,1.0,0,2,0.9360224055263239,False
5688,4,0.7663221593125927,0.7142857142857143,1.0,0,2,0.9355666397053969,False
5689,3,0.5274060531830945,0.375,1.0,1,2,0.6977573561260882,False
5690,4,0.7333276974178425,1.0,1.0227272727272727,1,2,0.9214261560362184,False
5693,3,0.13880360634083522,0.16666666666666666,1.0153846153846153,1,2,0.44440789478099285,False
5694,4,0.2984474117639905,0.3333333333333333,1.0,1,2,0.5822711129782182,False
5696,4,0.3631740457370971,0.1,1.0011778563015312,1,2,0.5127888767444703,False
5698,3,0.3061439248819232,0.23076923076923078,1.0,2,2,0.43783457586514657,False
5699,4,0.2995143976244843,0.2,1.1333333333333333,1,2,0.4471728370771599,False
5702,4,0.3807511560022037,0.1111111111111111,1.0294117647058822,1,2,0.5249515536305741,False
5703,3,0.45345911663509875,0.1111111111111111,1.0125,1,2,0.5561121081875292,False
5706,4,0.5737751544999388,0.5,1.0334861747950534,1,2,0.7697131614523548,False
5707,4,0.5794426598155004,0.16666666666666666,1.0,0,2,0.6332532034129923,False
5709,4,0.16738368128471023,0.14285714285714285,1.0146212121212121,1,2,0.4467358634077329,False
5711,4,0.5199499821812968,0.2222222222222222,1.1029411764705883,2,2,0.4459044897179103,False
5713,4,0.6522769621435702,0.6666666666666666,1.0,1,2,0.8728012377440698,False
5714,3,0.9685974623749453,1.0,1.0,0,3,0.9500000000000001,False
5715,3,0.7214249901467014,0.5,1.0,1,2,0.8329916624438245,False
5716,3,0.7712798316383881,0.2,1.0,1,2,0.7293580230831188,False
5717,4,0.6789634288376458,0.5,1.0146212121212121,1,2,0.8147938504542293,False
5718,4,0.7546778283750583,0.2,1.0,1,2,0.7222428788274061,False
5720,3,0.4868615998402912,0.375,1.015625,0,2,0.6803811618363154,False
5721,3,0.876585719224469,0.7777777777777778,1.0,1,3,0.9500000000000001,False
5722,4,0.8444123063948129,1.0,1.018181818181818,1,2,0.9500000000000001,False
5724,4,0.7392359096638987,0.8333333333333334,1.0399875201497581,1,2,0.9239582469988138,False
5725,4,0.03298651347663805,0.0,1.0,0,2,0.39999999999999997,False
5729,3,0.19403849594006334,0.1111111111111111,1.0,1,2,0.444931842175371,False
5730,4,0.43998038083540947,0.2857142857142857,1.0101010101010102,1,2,0.6230868298818422,False
5732,3,0.36913190952300023,0.25,1.0,0,2,0.5778422469384288,False
5733,3,0.5992965576229176,0.25,1.1029411764705883,2,2,0.4914842389812504,False
5734,3,0.3477764051825252,0.3076923076923077,1.1363636363636365,1,3,0.5127283494738295,False
5735,4,0.5998641865053409,0.25,1.0,2,2,0.571727508502289,False
5736,4,0.5981521643350431,0.4,1.0,1,2,0.7384937847150187,False
5737,2,0.884349611377796,1.0,1.0,0,1,1.0,True
5739,3,0.621222220220296,0.5,1.0,0,2,0.7900476181896509,False
5740,4,0.6138757877983808,0.7142857142857143,1.0,1,2,0.8702324804850204,False
5741,2,0.8994616403485584,1.0,1.010095238095238,1,2,0.9500000000000001,False
5742,2,0.8829144450930937,0.75,1.0,1,2,0.9500000000000001,False
5743,4,0.49603887390099216,0.14285714285714285,1.0,0,2,0.587588088814711,False
5744,4,0.42104200627893634,0.125,1.0,0,3,0.548006097929068,False
5745,4,0.8913566686824544,0.8571428571428571,1.0,1,2,0.9500000000000001,False
5746,4,0.7528159297848545,0.5,1.0,0,2,0.8464449222887472,False
5749,4,0.5754720964906435,0.25,5.52,2,2,0.40127375563884726,False
5750,4,0.752850477595646,0.5555555555555556,1.0,0,2,0.8696078766415204,False
5751,4,0.7734456391001333,0.75,1.0,1,2,0.9386195596143428,False
5752,3,0.8311566396645031,0.7142857142857143,1.0043516100957355,1,2,0.9500000000000001,False
5753,4,0.3783735907920896,0.125,1.0,1,2,0.5297196341489908,False
5754,3,0.22732219692384334,0.0,1.0,2,2,0.34956665582450425,False
5755,2,0.9537744357783454,1.0,1.0294117647058822,1,2,0.9500000000000001,False
5756,4,0.5986222794185705,0.5,1.0294117647058822,2,2,0.6753619292746256,False
5757,3,0.7878863170297445,0.5714285714285714,1.0,0,2,0.8912369930127478,False
5758,4,0.632213159156124,0.5,1.0294117647058822,2,2,0.68975802059072,False
5759,2,0.9696136598155962,1.0,1.0,1,2,0.9500000000000001,False
5760,3,0.6265970370415708,0.5,1.0294117647058822,2,2,0.6873511111130542,False
5761,2,0.9327578121569797,1.0,1.0,1,2,0.9500000000000001,False
5762,3,0.3780795473555565,0.14285714285714285,1.0,0,2,0.53703409172381,False
5764,4,0.4616958105758567,0.4,1.0101010101010102,0,2,0.6800124902467958,False
5765,4,0.5538440006497362,0.375,1.0,0,2,0.7090879050403632,False
5766,4,0.2135676193476868,0.25,1.125,2,2,0.3261718368632943,False
5768,3,0.7990029842002669,0.4444444444444444,1.0294117647058822,2,2,0.7380912260329188,False
5769,3,0.9272382126514169,0.6666666666666666,1.0,1,2,0.9361111111111112,False
5772,4,0.03387143609382598,0.0,1.125,0,2,0.32,False
5773,4,0.9130932862475608,1.0,1.1265164644714039,0,2,0.8700000000000001,False
5774,2,0.9169531182386422,1.0,1.0,1,2,0.9500000000000001,False
5775,2,0.9357908120324928,1.0,1.0,1,2,0.9500000000000001,False
5776,4,0.6416973328676171,0.4,1.08,2,2,0.6521559998004075,False
5777,4,0.22321724051024372,0.42857142857142855,1.0,1,2,0.5897121506948664,False
5778,3,0.539701397699449,0.5555555555555556,1.0,1,2,0.7782582709717217,False
5780,3,0.4536645686193729,0.25,6.0852941176470585,2,2,0.34907052940830263,False
5781,4,0.5443714444097624,0.5,1.0,1,2,0.7571115714137079,False
5783,3,0.6081724942337384,0.3333333333333333,1.0,1,2,0.7150104340366816,False
5784,3,0.8644993219042458,0.8571428571428571,1.0,0,2,0.9500000000000001,False
5785,3,0.1982373558492116,0.125,1.1764705882352942,1,2,0.372518390602043,False
5786,4,0.1443188739384685,0.1111111111111111,1.1666666666666667,1,2,0.3436234327461161,False
5787,2,0.955330621270092,0.6666666666666666,1.0,1,2,0.9361111111111112,False
5788,4,0.8416642794002829,0.8333333333333334,1.0,1,2,0.9500000000000001,False
5789,4,0.0,0.0,1.1666666666666667,1,2,0.32,False
5790,2,0.8222386160992535,0.6,1.0,0,1,0.9583333333333333,True
5794,2,0.8488398116892192,1.0,1.0,1,2,0.9500000000000001,False
5795,2,0.9999999999999991,1.0,1.0,0,2,0.9500000000000001,False
5796,4,0.16069232954195897,0.125,1.0,1,2,0.4364276650417919,False
5797,3,0.5449815768471822,0.4,1.0,1,2,0.7157063900773639,False
5798,4,0.0,0.0,1.0757575757575757,2,2,0.295,False
5799,4,0.6476046043044322,0.6666666666666666,1.0,1,3,0.8707987986701536,False
5800,4,0.6538211503869936,0.6666666666666666,1.0,1,3,0.8734630327055369,False
5802,4,0.6774318886948912,0.6,1.0,1,3,0.8558041427740012,False
5803,4,0.8409570811837713,0.6666666666666666,1.0,1,3,0.9361111111111112,False
5804,4,0.6781565985084368,0.6,1.0,1,3,0.856114732694092,False
5806,4,0.3434887921768033,0.125,1.0,1,2,0.514769006171011,False
5807,2,0.934847539523603,0.8571428571428571,1.0,1,2,0.9500000000000001,False
5809,2,0.7613989593758905,0.5454545454545454,1.0,1,1,0.9190627574814423,True
5810,4,0.3285938120059363,0.1111111111111111,1.1764705882352942,1,2,0.4225984062036023,False
5811,4,0.5066786522131694,0.42857142857142855,1.0,1,2,0.7111956128532632,False
5812,4,0.8540783369200912,0.3333333333333333,1.0,1,2,0.7972222222222223,False
5814,3,0.3509416712178062,0.2857142857142857,1.0666666666666667,2,2,0.4799273829028693,False
5815,4,0.8145966948358844,0.5,1.0,1,2,0.8666666666666668,False
5817,4,0.8604840527404087,0.75,1.0,1,2,0.9500000000000001,False
5818,4,0.6455012947500635,0.5,1.0,1,2,0.8004529358452653,False
5819,3,0.49327406232230653,0.5,1.0296054912292867,1,2,0.7352126933762267,False
5820,4,0.0,0.0,1.1363636363636365,1,2,0.32,False
5821,4,0.3456402150995602,0.2857142857142857,1.0,2,2,0.4776553302807639,False
5822,4,0.5430794037012775,0.42857142857142855,1.0,1,2,0.7267959349195953,False
5823,3,0.9526906613675966,1.0,1.0,1,2,0.9500000000000001,False
5825,4,0.13210906390186947,0.16666666666666666,1.0,1,2,0.4415388051642933,False
5827,4,0.16406824658507568,0.1111111111111111,1.0334861747950534,2,2,0.32708744959466207,False
5828,4,0.670098150317824,0.6666666666666666,1.074043347505963,1,2,0.8804388898187501,False
5829,3,0.8777899593104749,0.75,1.0,1,2,0.9500000000000001,False
5830,3,0.7538517678325097,0.75,1.0153846153846153,1,2,0.9302221862139327,False
5831,4,0.10722334668685636,0.16666666666666666,1.0,1,2,0.4308734977864305,False
5833,4,0.3070770329316341,0.0,1.0,2,2,0.38374729982784317,False
5834,4,0.5823460333478869,0.4,1.0,1,2,0.7317197285776659,False
5835,3,0.5777645124242718,0.5,1.0258712121212121,1,2,0.771422886277069,False
5837,4,0.791875307707531,0.6,1.0,1,2,0.9048513223508466,False
5838,4,0.9749047868127948,1.0,1.0,1,2,0.9500000000000001,False
5840,4,0.9686876131938622,1.0,1.0,1,2,0.9500000000000001,False
5841,4,0.8737258264964574,0.8333333333333334,1.0,1,2,0.9500000000000001,False
5842,4,0.4079924119061407,0.16666666666666666,1.0,1,2,0.5597745257375524,False
5843,4,0.8360963816173776,1.0,1.0,1,2,0.9500000000000001,False
5844,4,0.9084818713320433,0.8,1.0,1,2,0.9500000000000001,False
5845,4,0.47451938809051986,0.2,1.1029411764705883,2,2,0.41717497584831803,False
5846,4,0.18489398659668213,0.14285714285714285,1.1733333333333333,1,2,0.3742402799700066,False
5847,2,0.9999999999999999,1.0,1.0,1,2,0.9500000000000001,False
5848,3,0.852271619089946,0.5,1.0,1,2,0.8666666666666668,False
5849,4,0.8761345835601779,1.0,1.0,1,2,0.9500000000000001,False
5850,3,0.2826890803396352,0.25,1.0,1,2,0.540795320145558,False
5851,2,0.8275683445098435,0.6666666666666666,1.0526315789473684,1,2,0.9361111111111112,False
5853,4,0.22030780962480037,0.125,1.0,1,2,0.46197715650586685,False
5854,3,0.50600332707202,0.4,1.0399875201497581,1,2,0.6990014258880086,False
5856,4,0.5879818458674795,0.5,1.0,1,2,0.7758017434670151,False
5857,3,0.5924711210908971,0.3333333333333333,1.0,1,2,0.708281274118321,False
5858,4,0.4252895145641662,0.14285714285714285,1.0011778563015312,1,2,0.5572669348132142,False
5859,3,0.5562517807572542,0.25,1.1029411764705883,2,2,0.47303647746739463,False
5860,4,0.5727846739785212,1.0,1.015625,1,3,0.8526220031336521,False
5861,3,0.6721666403381953,0.42857142857142855,1.0,1,2,0.782119036335417,False
5862,2,0.8661829156319043,1.0,1.0,1,2,0.9500000000000001,False
5864,4,0.6884140005699395,0.42857142857142855,1.0399875201497581,1,2,0.7890821907204503,False
5865,3,0.004259020834534985,0.0,1.0625,1,2,0.39999999999999997,False
5866,4,0.5561181998926664,0.375,1.0,2,2,0.6050625618587618,False
5867,3,0.1467113730693951,0.0,1.0,1,2,0.4200191598868836,False
5868,2,0.896286848694968,1.0,1.0244867864488338,1,1,1.0,True
5869,3,0.8556481566262792,0.8571428571428571,1.0,0,2,0.9500000000000001,False
5870,4,0.6872903106755062,0.4444444444444444,1.0043516100957355,2,2,0.6902143659508785,False
5871,3,0.8040952167950498,0.875,1.0151515151515151,0,2,0.9500000000000001,False
5872,3,0.488960180141771,0.25,1.0,2,2,0.524197220060759,False
5873,4,0.7030698392019359,0.5,1.0,1,2,0.8251251691817821,False
5874,3,0.8759830837690651,1.0,1.0,0,3,0.9500000000000001,False
5875,3,0.34480395576995126,0.42857142857142855,1.0,0,1,0.6918207429490267,False
5876,4,0.15982059753544658,0.1,1.0,0,1,0.4756373989437628,False
5877,4,0.0,0.0,1.1764705882352942,0,1,0.37,False
5878,4,0.0675174816849698,0.1111111111111111,1.0,1,1,0.4546296296296296,False
5879,4,0.8970157214069366,0.75,1.0,1,1,1.0,True
5880,4,0.1512800834856078,0.2857142857142857,1.0,0,1,0.5493581310176414,False
5881,4,0.6487403548311657,0.42857142857142855,1.0,1,1,0.8220791996895471,True
5882,4,0.8861651920493455,0.75,1.0,1,1,1.0,True
5883,4,0.14279900940748644,0.08333333333333333,1.0,1,1,0.4683424326032085,False
5886,4,0.17337975654912,0.2857142857142857,1.0,0,1,0.5588294194734323,False
5887,4,0.004909292222609346,0.0,1.8,1,2,0.24,False
5888,3,0.46741050324596856,0.2,1.0,0,1,0.6491283109149389,False
5889,3,0.08427296525790202,0.0,1.0,0,1,0.44999999999999996,False
5891,3,0.12836139943279162,0.2,1.0,0,2,0.45382155213786307,False
5892,4,0.1329234678565814,0.16666666666666666,1.0294117647058822,1,2,0.44188783543059834,False
5893,3,0.36123075933661736,0.5,1.0,0,1,0.7286227063823598,False
5895,4,0.09954920647233052,0.1,1.0,1,1,0.44999999999999996,False
5896,4,0.5987295465417867,0.25,1.0,0,1,0.7262412342321943,True
5897,4,0.19549427983207376,0.25,1.0,0,1,0.5534261199280316,False
5898,4,0.37351632906872384,0.25,1.0,1,2,0.5797212838865959,False
5899,4,0.6563927858524305,0.5,1.0,1,1,0.8551207177462798,True
5900,4,0.2012849851182863,0.2,1.0,0,2,0.4850745174316465,False
5901,4,0.2673345300179963,0.2857142857142857,1.0,0,2,0.5490957509600937,False
5904,4,0.5493033492044356,0.3333333333333333,1.0,0,1,0.7397808004526946,True
5907,4,0.0770641781602985,0.0,1.1206896551724137,1,2,0.32,False
5910,4,0.41544800899992723,0.16666666666666666,1.0,0,1,0.6129697816348895,False
5911,2,0.46414417721338697,0.25,1.0,0,1,0.6685617902343087,True
5912,3,0.22512055124840055,0.14285714285714285,1.0,0,1,0.5214802362493145,False
5914,4,0.6125729791452666,0.3333333333333333,1.0,0,1,0.7668963561416222,True
5915,4,0.5888394457562266,0.42857142857142855,1.0625,0,2,0.7464073815145734,False
5916,3,0.6334266942798892,0.6666666666666666,1.0,0,1,0.9147225515167778,True
5918,4,0.10498022940298685,0.0,1.08,0,1,0.4521343840298515,False
5919,3,0.144912305126868,0.16666666666666666,1.0,0,2,0.4470259085464355,False
5921,4,0.6258697396391196,0.25,1.0,0,1,0.7378727455596227,True
5922,4,0.3109814998555324,0.25,1.0,0,1,0.6029206427952282,False
5923,4,0.14561536378757042,0.0,1.0,0,1,0.4695494416232444,False
5926,4,0.2611347928762111,0.125,1.0,1,1,0.5294744350421857,False
5927,2,0.3449650512138422,0.0,1.0,0,2,0.5049850219487896,False
5928,4,0.14211726164989383,0.16666666666666666,1.0,0,1,0.4958280327705894,False
5929,4,0.18716191303766672,0.16666666666666666,1.0,0,1,0.5151328833653492,False
5931,3,0.42439809134303297,0.4,1.0,0,1,0.7140277534327284,True
5934,4,0.0,0.0,1.0,0,2,0.39999999999999997,False
5935,3,0.06412362074566838,0.0,1.0,1,1,0.44999999999999996,False
5936,4,0.1271946836683587,0.125,1.0625,1,1,0.4720715310959632,False
5937,4,0.29168865578878544,0.125,1.0023103581055064,0,1,0.5425689477190033,False
5938,3,0.5913371608935,0.4,1.0,0,1,0.7855730689543572,True
5939,4,0.2498046429742318,0.14285714285714285,1.1,0,3,0.48205913270324224,False
5940,4,0.20592701624580143,0.2857142857142857,1.0666666666666667,1,1,0.5727782450577243,False
5941,4,0.3205585812544409,0.3333333333333333,1.0,1,1,0.6417473284741254,False
5944,4,0.683098412688152,0.42857142857142855,1.0,1,2,0.7868040816282557,False
5945,4,0.037999859714539105,0.0,1.574468085106383,1,2,0.24,False
5946,4,0.9454943914185471,1.0,1.0,1,2,0.9500000000000001,False
5947,4,0.6569980077399542,0.3333333333333333,1.0,1,2,0.7359356541107741,False
5949,4,0.19287953946821015,0.1111111111111111,1.0,1,2,0.44443514654457683,False
5950,4,0.5959554768233593,0.3333333333333333,1.0,1,2,0.7097745694322334,False
5951,4,0.6543474890522747,0.6666666666666666,1.0,1,2,0.873688606419229,False
5955,3,0.21367535552139055,0.14285714285714285,1.1380880121396053,0,2,0.3865751523663102,False
5956,4,0.2524287983851206,0.1111111111111111,1.0,1,2,0.469956257508967,False
5960,3,0.33235684804027477,0.2857142857142857,1.0,0,1,0.6269624586839273,False
5961,3,0.3731338397553061,0.4,1.0,0,1,0.6920573598951312,False
5962,4,0.2585043971054168,0.2857142857142857,1.0625,0,1,0.5953114082832739,False
5964,2,0.7323099734070736,0.6,1.0,0,1,0.9293233219363648,True
5965,4,0.043543967665631636,0.0,1.0,0,1,0.44999999999999996,False
5967,3,0.30895664557194896,0.2857142857142857,1.1764705882352942,0,2,0.48693380048321616,False
5970,4,0.3231243315801358,0.16666666666666666,1.0,0,1,0.5734024913121217,False
5971,4,0.12503434384966797,0.125,1.0,0,1,0.47114567117366724,False
5972,4,0.44148098527890023,0.5,1.0,0,1,0.7630156603576239,True
5973,4,0.3917415663815009,0.4,1.0,0,1,0.7000320998777861,False
5974,4,0.3342307629383346,0.16666666666666666,1.0625,0,1,0.5781623904656354,False
5975,4,0.704436196678974,0.6,1.0,0,1,0.9173774176243221,True
5977,4,0.4671009433073024,0.25,1.0,1,1,0.6698289757031296,True
5979,4,0.29643025919530364,0.14285714285714285,1.0,0,1,0.5520415396551301,False
5980,4,0.199108972001976,0.25,1.0,0,1,0.5549752737151326,False
5981,4,0.41547823218108104,0.4,1.0,0,1,0.7102049566490347,True
5982,4,0.17602522542479124,0.14285714285714285,1.0,0,1,0.5004393823249105,False
5983,4,0.186291137341072,0.3333333333333333,1.0,0,1,0.5842041382255387,False
5986,3,0.12885278436812445,0.16666666666666666,1.0625,1,1,0.4901432567926882,False
5988,3,0.5875822404596589,0.4,1.125,0,1,0.7039638173398538,True
5989,3,0.4132086058529296,0.4,1.0,0,1,0.7092322596512556,True
5990,4,0.46631643095075925,0.4,1.0,0,2,0.681992756121754,False
5991,4,0.23157491542660996,0.2,1.0,0,3,0.49805591613521377,False
5995,4,0.5682806409173817,0.4,1.0,0,2,0.7256917032503066,False
5996,4,0.5754658230135588,0.4,1.0,0,2,0.7287710670058111,False
5998,3,0.4311407291008262,0.14285714285714285,1.0,0,1,0.6097745981860684,False
5999,4,0.13935608835136637,0.14285714285714285,1.0,0,1,0.4847240378648713,False
6000,4,0.3156429135360104,0.14285714285714285,1.0,1,2,0.5102755343725759,False
6001,3,0.4231362787710498,0.4,1.1368421052631579,0,2,0.5834869766161642,False
6002,4,0.36625492850333174,0.2857142857142857,1.1368421052631579,0,3,0.5114902074538089,False
6005,3,0.7390256962813487,0.5,1.0,0,1,0.8905348222158163,True
6006,4,0.3133222368581122,0.14285714285714285,1.0,0,1,0.5592809586534766,False
6007,4,0.5384743180191293,0.2,1.0,0,2,0.6295842315320078,False
6009,3,0.3346114498229034,0.0,1.0,0,1,0.5505477642098158,False
6010,2,0.7697168016966841,0.6666666666666666,1.0,0,1,0.9731325975525471,True
6012,4,0.07498575077081435,0.0,1.0,0,1,0.44999999999999996,False
6014,3,0.33257747670408017,0.14285714285714285,1.0846153846153845,0,2,0.5175332043017487,False
6016,4,0.3026641970608777,0.125,1.0,0,1,0.5472727511213286,False
6018,4,0.22970048689460454,0.2,1.0,0,1,0.5472525896214971,False
6022,4,0.10100778140903381,0.125,1.1764705882352942,1,2,0.330848572984824,False
6023,2,0.5361211175706958,0.5,1.0,0,1,0.8035757170541078,True
6024,4,0.13797883014611995,0.125,1.0975609756097562,0,3,0.42669330815786094,False
6025,4,0.16094846285382142,0.2,1.0,0,2,0.46778743646116155,False
6027,4,0.7145733081725656,0.5,1.0,1,1,0.8800552273120519,True
6028,4,0.5101464632466173,0.2,1.0,0,1,0.6674437223437883,False
6029,3,0.15226072980480085,0.2857142857142857,1.0,0,1,0.5497784080115813,False
6031,4,0.003547058775606994,0.0,1.0416666666666667,0,2,0.39999999999999997,False
6032,3,0.5944251565541168,0.6,1.0,0,1,0.8702298289993834,True
6033,4,0.08854812575775296,0.0,1.0,0,2,0.39999999999999997,False
6034,3,0.365555766391329,0.14285714285714285,1.1333333333333333,0,1,0.5016667570248552,False
6035,2,0.5562864519568071,0.6,1.0,0,1,0.8538846698862508,True
6036,4,0.05880632656102691,0.0,1.0,0,1,0.44999999999999996,False
6037,4,0.16881256216472296,0.16666666666666666,1.0,0,1,0.5072688758483733,False
6038,4,0.1188630941209335,0.2,1.0,0,1,0.49975084986135243,False
6039,4,0.08730756287915026,0.1,1.1428571428571428,0,1,0.37,False
6040,4,0.5217321848159931,0.125,1.0,0,1,0.6411590315878066,False
6041,4,0.37495831307213,0.14285714285714285,1.0,0,1,0.5856964198880558,False
6043,2,0.4723266808539874,0.6,1.0,0,1,0.817901910842185,True
6047,4,0.22181300200758555,0.2,1.09375,0,1,0.5438722389556319,False
6050,4,0.005951093396743536,0.0,1.0,0,1,0.44999999999999996,False
6051,4,0.3077903941371862,0.16666666666666666,1.0,0,1,0.5668308038365718,False
6052,3,0.22797073932451803,0.3333333333333333,1.0,1,1,0.6020668247898728,False
6055,4,0.6644036066637599,0.6666666666666666,1.0,0,2,0.8779983711098654,False
6058,4,0.24978011199172245,0.25,1.0,0,2,0.5266914765678811,False
6060,4,0.15307435483481507,0.1111111111111111,1.1285714285714286,1,2,0.3473757817016932,False
6061,4,0.0,0.0,1.0188679245283019,0,2,0.39999999999999997,False
6062,2,0.8752247121054425,1.0,1.0,0,1,1.0,True
6065,3,0.6501708791018433,0.3333333333333333,1.0,0,2,0.733009741837298,False
6067,4,0.45811918214629505,0.42857142857142855,1.0022271714922049,1,2,0.6903844113960312,False
6069,4,0.3892857493426761,0.2857142857142857,1.0,1,2,0.6013605592420993,False
6072,3,0.0,0.0,1.1666666666666667,1,2,0.32,False
6075,4,0.0,0.0,1.0416666666666667,0,1,0.44999999999999996,False
6080,4,0.6855328283842934,0.5,1.0,0,2,0.8176093074027925,False
6081,4,0.6916748013246831,0.7142857142857143,1.0126582278481013,0,2,0.9035749148534357,False
6083,3,0.6514259064860813,0.375,1.0,1,2,0.7509087218273683,False
6084,4,0.3650071535768812,0.14285714285714285,1.0,1,2,0.5314316372472349,False
6085,4,0.7171792050755248,0.375,1.0,1,3,0.7790887069371298,False
6086,4,0.9718250291198418,1.0,1.0,1,3,0.9500000000000001,False
6087,4,0.8532522456861394,0.6666666666666666,1.0,1,3,0.9361111111111112,False
6088,4,0.9552902913645666,1.0,1.0,1,3,0.9500000000000001,False
6089,4,0.23544219925862805,0.2222222222222222,1.0377358490566038,1,2,0.5089725827510523,False
6090,4,0.9668469972767774,1.0,1.0,1,3,0.9500000000000001,False
6092,4,0.4217024863625365,0.3333333333333333,1.0,0,1,0.685094716377595,True
6093,4,0.0,0.0,1.08,0,1,0.44999999999999996,False
6094,3,0.719710124788993,0.5,1.0,1,1,0.8822567201476637,True
6096,4,0.0,0.0,1.11875,0,1,0.37,False
6097,4,0.011000931456582859,0.0,1.1,1,1,0.44999999999999996,False
6098,4,0.7076202393426859,0.5714285714285714,1.0,1,2,0.8568372454325798,False
6100,4,0.36402020663487683,0.125,1.0,1,2,0.5235681837958996,False
6101,3,0.3308491986628409,0.2857142857142857,1.0,1,1,0.6263163232364556,False
6103,2,1.0,1.0,1.0,1,1,1.0,True
6104,4,0.0884929445010219,0.16666666666666666,1.0,0,1,0.47777777777777775,False
6105,4,0.07615341694302315,0.16666666666666666,1.0,0,1,0.47777777777777775,False
6106,3,0.9613895104308673,1.0,1.0,0,1,1.0,True
6107,4,0.21779533796164244,0.16666666666666666,1.0,0,1,0.5282614940470531,False
6108,3,0.8974267217080681,0.3333333333333333,1.0,0,1,0.8472222222222222,True
6109,3,0.22047960333455385,0.2,1.0,0,1,0.5433007823814755,False
6111,2,0.7225697936439098,0.42857142857142855,1.0,1,2,0.8037203877521518,False
6114,4,0.38975038974052095,0.3,1.061904761904762,1,2,0.6075120717935566,False
6115,4,0.15853250995523047,0.0,1.0,2,1,0.37008536140938453,False
6116,3,0.3534036006454468,0.0,1.0,2,1,0.4536015431337629,False
6117,4,0.7477795356916312,0.6666666666666666,1.0,1,3,0.9137309121218103,False
6119,3,0.8487645488138525,1.0,1.0,1,1,1.0,True
6120,4,0.6500560882963368,0.6,1.0227272727272727,1,3,0.8440716568889063,False
6121,4,0.23560525805781984,0.16666666666666666,1.008,1,3,0.4858943169454149,False
6124,4,0.7592609447752944,0.6666666666666666,1.0,1,3,0.9186515160148089,False
6125,2,0.9716434191312417,1.0,1.0,1,1,1.0,True
6126,4,0.9477197664242272,0.8333333333333334,1.0,1,3,0.9500000000000001,False
6128,4,0.749216477125326,0.7142857142857143,1.0,1,2,0.9282356330537113,False
6129,4,0.4616369603518503,0.2857142857142857,1.0,2,1,0.577368221103174,False
6130,2,0.8413056615463546,0.75,1.0,1,2,0.9500000000000001,False
6132,4,0.31553935695993635,0.14285714285714285,1.0,0,1,0.5602311529828299,False
6133,4,0.958600714748576,1.0,1.0,1,2,0.9500000000000001,False
6134,4,0.3025559137193429,0.125,1.0,0,2,0.4972263439749565,False
6135,3,0.18874530859076957,0.14285714285714285,1.0,1,1,0.5058908465389013,False
6136,3,0.929092742053115,1.0,1.0,0,2,0.9500000000000001,False
6137,4,0.7944745642942098,0.5714285714285714,1.0,1,2,0.8940605275546615,False
6138,4,0.9047218661136366,1.0,1.0377358490566038,1,2,0.9500000000000001,False
6139,4,0.6912005832518308,0.2857142857142857,1.0,1,1,0.7807526309174513,True
6140,2,0.9565334245830448,1.0,1.0,1,1,1.0,True
6141,4,0.010234573494609453,0.0,1.0,2,2,0.295,False
6142,4,0.4812274202779591,0.14285714285714285,1.0,0,1,0.6312403229762682,False
6147,4,0.29345158518648773,0.14285714285714285,1.0,1,1,0.5507649650799233,False
6148,3,0.4158041504161505,0.2857142857142857,1.0,0,2,0.6127255882735884,False
6149,4,0.7786266280224446,0.6,1.0,1,1,0.949173316771524,True
6152,4,0.48849035579802513,0.25,1.0,1,2,0.6289958667705823,False
6153,3,0.5274140920627125,0.6,1.0,0,1,0.8415108013602102,True
6154,3,0.20808482110145743,0.125,1.0,1,1,0.5067387328530055,False
6155,3,0.6306685014119068,0.6,1.0,1,1,0.8857626910812935,True
6156,2,0.9450951493624619,1.0,1.0,0,2,0.9500000000000001,False
6159,4,0.1159894713900564,0.1111111111111111,1.0,0,2,0.4114822602253681,False
6160,4,0.9804772545418636,1.0,1.0,0,1,1.0,True
6162,4,0.6262731882739402,0.75,1.0,1,2,0.8755456521174031,False
6163,4,0.19891582294835813,0.1,1.0,1,2,0.4423924955492963,False
6164,4,0.6534370366609971,0.42857142857142855,1.0666666666666667,2,2,0.6690920633309035,False
6166,4,0.7775719489563861,0.8,1.0256410256410255,1,1,0.9903879781241656,True
6170,3,0.3359545460880293,0.3333333333333333,1.0,0,1,0.6483455991170919,False
6171,3,0.32943288776713203,0.2,1.0,1,1,0.5899950471382946,False
6172,3,0.06380704193698879,0.125,1.0,0,1,0.4604166666666667,False
6173,4,0.547112574676209,0.42857142857142855,1.0909090909090908,1,2,0.7285244367659943,False
6174,4,0.7390647560917432,0.42857142857142855,1.0,1,3,0.810789657372652,False
6175,4,0.28890368271941586,0.14285714285714285,1.0666666666666667,0,2,0.49881586402260675,False
6176,3,0.28134481734013217,0.1,1.0,0,2,0.47771920743148516,False
6178,4,0.11768218329853716,0.125,1.0625,1,2,0.4179947452231826,False
6179,4,0.26869204825182086,0.125,1.0285714285714285,2,2,0.3777132587745899,False
6180,4,0.33881037985051227,0.4,1.0,1,2,0.6273473056502197,False
6182,4,0.1773571045072859,0.125,1.0,0,1,0.49356971145550343,False
6184,4,0.38160376553631126,0.3333333333333333,1.0,1,1,0.6679095503092127,False
6185,4,0.7719333512076031,0.6666666666666666,1.0,0,2,0.9240825473429412,False
6186,4,0.38458027977294845,0.2857142857142857,1.0365853658536586,1,2,0.5993439294265017,False
6189,4,0.5275656960912849,0.2857142857142857,1.0,0,1,0.7106233935629316,True
6190,4,0.3788004925734619,0.25,1.0,0,1,0.6319859253886265,False
6192,4,0.4905455197843208,0.3333333333333333,1.0,1,1,0.7145988735583597,True
6194,4,0.08428631021478808,0.0,1.0,0,1,0.44999999999999996,False
6195,4,0.4931910161852718,0.2857142857142857,1.0,0,1,0.6958913878889259,True
6196,4,0.29857951822319734,0.2222222222222222,1.0,1,1,0.5860314337358676,False
6197,4,0.33260272468837065,0.25,1.0,0,1,0.6121868820093017,False
6198,3,0.3888873673685813,0.16666666666666666,1.0,1,1,0.6015866495071698,False
6200,4,0.36369005507750995,0.25,1.0,0,1,0.6255100236046471,False
6203,4,0.28540498732382774,0.2857142857142857,1.0,0,1,0.6068402326625928,False
6204,4,0.35556735342302837,0.16666666666666666,1.0086455331412103,2,1,0.48230664353050423,False
6206,4,0.5262585403877351,0.3333333333333333,1.0,1,1,0.7299044538169658,True
6207,4,0.06388204869676865,0.1111111111111111,1.0256410256410255,0,1,0.4546296296296296,False
6208,4,0.4703169139420351,0.16666666666666666,1.0,1,1,0.6364850266100786,False
6210,3,0.13791774716239746,0.0,1.0,0,1,0.46625046306959894,False
6211,4,0.38825262861232285,0.2,1.0,0,1,0.6152035075005193,False
6216,4,0.0014761672635327577,0.0,1.1111111111111112,0,2,0.32,False
6220,4,0.5444344103458588,0.5,1.0,1,1,0.8071385568148919,True
6223,4,0.4051390931993906,0.2222222222222222,1.0,1,1,0.6316998230113791,False
6224,4,0.367690587050848,0.125,1.0,1,1,0.575141203974173,False
6226,4,0.9376573643034768,1.0,1.0,1,1,1.0,True
6227,4,0.519824631356768,0.25,1.0294117647058822,1,1,0.6924248420100434,True
6229,4,0.23837917997748628,0.2222222222222222,1.0,1,1,0.56023128877342,False
6230,4,0.32476440219773084,0.14285714285714285,1.0,0,1,0.5641847437990275,False
6233,4,0.41895819885540364,0.125,1.0,1,2,0.5471130376046969,False
6234,4,0.44594170538689726,0.4,1.1176470588235294,0,3,0.5932607308800989,False
6235,3,0.4301777913906611,0.16666666666666666,1.0,1,2,0.5692825455166326,False
6237,3,0.0,0.0,1.0892857142857142,0,1,0.44999999999999996,False
6238,3,0.2542958371060777,0.3333333333333333,1.0,2,1,0.5083490095533983,False
6239,4,0.5730324725432971,0.3333333333333333,1.0,1,2,0.6999504247407782,False
6240,2,0.793559330849332,0.75,1.0,1,1,0.9972397132211424,True
6241,3,0.1274235182785061,0.125,1.0,0,1,0.4721696030717407,False
6243,4,0.4925855454853191,0.2857142857142857,1.0,1,2,0.6456319004460892,False
6244,3,0.26819690947291847,0.0,1.0,0,2,0.4720843897741079,False
6245,3,0.26101867806520374,0.2857142857142857,1.0,1,1,0.5963889572660397,False
6247,4,0.006817767281386232,0.0,1.0,1,2,0.39999999999999997,False
6251,3,0.3497427227958806,0.1111111111111111,1.0,1,2,0.5116622251135785,False
6252,3,0.6300539172133156,0.25,1.125,0,1,0.6596659645199924,True
6253,2,0.5357440905254202,0.6,1.0909289259804724,0,1,0.8450808007013706,True
6256,4,0.4660610273267238,0.5,1.0061363636363636,1,1,0.7735499640924055,True
6258,3,0.7341531916270531,0.75,1.031438022556195,1,1,0.971779939268737,True
6260,3,0.4574871430070221,0.4,1.0061363636363636,1,2,0.6782087755744381,False
6261,4,0.6999291086174727,0.6666666666666666,1.019810606060606,1,1,0.9432235862328852,True
6267,3,0.7030454854425655,0.5,1.0,1,1,0.8751147318563377,True
6269,4,0.6010976483578997,0.5,1.0,1,1,0.8314228016771952,True
6270,3,0.5333493995333071,0.6666666666666666,1.0,2,1,0.7668322823396714,False
6272,2,0.6013364282060923,0.6666666666666666,1.0044897648580777,1,2,0.8509695803422935,False
6274,2,0.8552622893092492,0.5714285714285714,1.0334861747950534,1,1,0.9464285714285714,True
6275,2,0.950013311975232,1.0,1.0100757575757575,0,1,1.0,True
6276,4,0.3736657174924035,0.25,1.0416666666666667,1,1,0.6297853074967443,False
6277,3,0.5617284698202529,0.6666666666666666,1.0499790004199916,1,2,0.8339947410340768,False
6278,4,0.7465404789763345,0.5,1.0130468150422103,1,1,0.8937554433708101,True
6279,3,0.25948294574948444,0.125,1.0,0,2,0.47876650055930287,False
6280,3,0.9051655423992523,1.0,1.0,0,2,0.9500000000000001,False
6282,2,0.8821691230078955,1.0,1.0,0,1,1.0,True
6283,2,0.8620985672267628,0.8,1.0,1,2,0.9500000000000001,False
6284,4,0.6423846259259627,0.16666666666666666,1.0,0,2,0.6602283317460476,False
6285,3,0.7468301376450851,0.25,1.0101010101010102,2,2,0.634712916133608,False
6286,4,0.1545544710897803,0.2,1.1363636363636365,0,2,0.3850471542765725,False
6287,4,0.884852575223174,0.8,1.0,1,2,0.9500000000000001,False
6288,3,0.6807582696924569,0.5,1.033030303030303,0,1,0.8655630679634339,True
6289,4,0.3148516508933726,0.16666666666666666,4.4,0,2,0.3598570567320803,False
6292,3,0.5987123728939282,0.5714285714285714,1.0,1,1,0.8601624455259693,True
6293,2,0.8316419275634611,1.0,1.0,1,1,1.0,True
6294,4,0.6767927286915059,0.8,1.0080645161290323,0,2,0.8971968837249312,False
6295,4,0.69278489496685,0.8,1.0080645161290323,0,2,0.9040506692715072,False
6296,4,0.9280520041091728,0.8,1.0,1,1,1.0,True
6297,3,0.8428033728412379,0.8,1.0146212121212121,1,1,1.0,True
6298,2,1.0,1.0,1.1111111111111112,0,2,0.8700000000000001,False
6301,2,0.8599561234162801,0.8,1.0,1,2,0.9500000000000001,False
6302,4,0.0,0.0,1.0,1,1,0.44999999999999996,False
6305,4,0.3086743311225653,0.14285714285714285,1.0,1,1,0.5572889990525279,False
6306,4,0.0,0.0,1.0666666666666667,0,2,0.39999999999999997,False
6307,2,0.9999999999999999,1.0,1.0,0,2,0.9500000000000001,False
6308,3,0.7688047630336415,0.7142857142857143,1.019810606060606,1,1,0.9866306127287034,True
6309,3,0.851708711773309,0.8,1.0,1,2,0.9500000000000001,False
6310,4,0.2828623917589644,0.1,1.0769230769230769,1,2,0.47836959646812754,False
6311,4,0.25735908678721786,0.25,8.0,1,1,0.4199396086230933,False
6312,2,0.7490237876094522,1.0,1.0,1,1,0.9781530518326225,True
6313,3,0.9071932608789014,1.0,1.0061363636363636,1,1,1.0,True
6314,2,0.9620679946719901,0.8333333333333334,1.0,1,1,1.0,True
6317,4,0.27093855023809155,0.1111111111111111,1.0,1,3,0.4778890083030974,False
6318,3,0.1541430448399838,0.125,1.0714285714285714,1,1,0.4836208287409455,False
6319,4,0.20754750137379338,0.125,1.0714285714285714,1,1,0.5065084529697209,False
6322,4,0.6693179848533262,0.5,1.0101111111111112,1,1,0.8606600887466636,True
6323,4,0.9060412986918988,1.0,1.0,1,2,0.9500000000000001,False
6324,4,0.49419438705170815,0.4,1.0185111111111111,1,2,0.6939404515935893,False
6325,4,0.3688936034388628,0.2,1.0833499999999998,0,1,0.6069067824261793,False
6326,4,0.926593513048436,1.0,1.0,0,3,0.9500000000000001,False
6328,4,0.0,0.0,1.125,1,1,0.37,False
6329,4,0.0,0.0,1.075,1,1,0.44999999999999996,False
6331,3,0.36635834301805725,0.25,1.0080645161290323,1,2,0.5766535755791675,False
6333,4,0.13359452693419127,0.0,1.125,1,2,0.33439765440036767,False
6334,4,0.4427602313847666,0.3333333333333333,1.0185111111111111,1,2,0.6441194642442651,False
6335,4,0.4710755093395012,0.3333333333333333,4.0,1,1,0.5462545833677227,False
6338,3,0.09565886164174908,0.125,1.0,1,1,0.4604166666666667,False
6340,4,0.4129689439520293,0.375,1.0,1,1,0.698712880741346,True
6341,4,0.8441348011077237,0.6666666666666666,1.0,1,1,0.9861111111111112,True
6342,2,0.6194628040441885,0.4,1.0083159168408315,1,1,0.797626916018938,True
6343,4,0.9535575184739669,1.0,1.0,1,1,1.0,True
6346,4,0.03424644928682276,0.0,1.1363636363636365,1,1,0.37,False
6347,3,0.730068519656955,0.5,1.0,1,1,0.8866960322339331,True
6349,4,0.7955797664712726,0.75,1.0,1,1,0.998105614201974,True
6350,4,0.9611129069777363,1.0,1.0,1,1,1.0,True
6352,4,0.14652553805435387,0.14285714285714285,1.0,1,1,0.48779665916615167,False
6353,2,0.9053971992388573,1.0,1.0,1,1,1.0,True
6354,4,0.25940042493873744,0.2222222222222222,4.606060606060606,1,1,0.4092403937568134,False
6355,3,0.7960489515844343,0.7142857142857143,4.0,1,1,0.8383066935361863,False
6356,4,0.3006954709615592,0.16666666666666666,1.125,1,1,0.48379012247558884,False
6359,4,0.3849783368676139,0.25,1.0,1,1,0.6346335729432631,False
6360,4,0.13090937959199617,0.14285714285714285,1.1111111111111112,1,1,0.4011040198251412,False
6361,3,0.29809169698818144,0.0,4.0,0,1,0.3748964415663635,False
6362,3,0.9113127184445033,0.6,1.0,1,1,0.9583333333333333,True
6363,4,0.4660536237206726,0.1111111111111111,1.0,1,1,0.6115097540813464,False
6365,4,0.0,0.0,4.0,2,1,0.185,False
6368,4,0.2195994126184576,0.09090909090909091,4.0,0,1,0.34125689112219615,False
6370,2,0.8609158490895947,0.8333333333333334,1.0,0,1,1.0,True
6371,3,0.2768843397742139,0.25,8.0,1,1,0.4283075741889488,False
6372,3,0.5479752404245638,0.2857142857142857,1.0,2,1,0.6143703411343369,False
6374,3,0.1838157604991584,0.125,1.0,1,1,0.49633770688059164,False
6376,4,0.8171597464368207,0.8,1.0,1,1,1.0,True
6379,2,0.521419679676854,0.2222222222222222,1.0,1,1,0.681534360073149,False
6382,2,1.0000000000000002,1.0,1.0,1,1,1.0,True
6383,3,0.5854395374626208,0.5,6.0,1,2,0.6147121827220757,False
6385,2,0.9219582554415673,0.875,1.0,0,1,1.0,True
6387,4,0.23259019625796393,0.2,1.0,1,2,0.49849103649150833,False
6388,3,0.6388823996438177,0.3333333333333333,1.0,1,1,0.7781718220695726,True
6389,4,0.8113474486477071,0.5,1.0,1,1,0.9166666666666667,True
6391,4,0.08480529148124516,0.14285714285714285,1.0,1,2,0.41785714285714287,False
6392,4,0.11222455902798126,0.09090909090909091,1.0,1,1,0.4552390967262777,False
6396,4,0.026499934426754166,0.0,1.031438022556195,2,1,0.345,False
6399,2,0.6501607099909716,0.75,1.0,1,1,0.9357831614247021,True
6400,2,0.7581145034475446,0.8333333333333334,1.0,1,2,0.9320490729060905,False
6402,4,0.8509163387016225,0.8,1.0,1,3,0.9500000000000001,False
6403,4,0.5352851311317176,0.5,1.0,1,2,0.7532174371516885,False
6404,2,0.9428614765578114,1.0,1.009145380006307,1,1,1.0,True
6405,2,0.9374762853188086,1.0,1.009145380006307,1,1,1.0,True
6406,4,0.7956258937772032,0.8,1.0416500000000002,0,2,0.9481253830473729,False
6407,3,0.2542504916895871,0.2222222222222222,4.185851820845542,0,2,0.3570332795071775,False
6408,4,0.4248928659684827,0.3333333333333333,1.0,1,2,0.6364620219230006,False
6409,4,0.07971357219334628,0.1111111111111111,1.0416500000000002,0,2,0.4046296296296296,False
6410,4,0.5924695557852587,0.3333333333333333,1.0570824524312896,0,2,0.7082806032730474,False
6412,2,1.0000000000000002,1.0,1.0,1,1,1.0,True
6413,2,0.9406183646150905,1.0,1.0,1,1,1.0,True
6415,2,0.9823226678046152,1.0,1.0,1,1,1.0,True
6416,4,0.16854839188087822,0.1111111111111111,1.0,0,1,0.4840075118642917,False
6417,4,0.15366250345134405,0.14285714285714285,1.0526315789473684,2,1,0.3858553586220046,False
6418,2,0.8502447488190032,0.6666666666666666,1.0,0,2,0.9361111111111112,False
6419,2,0.8870284871923534,0.6666666666666666,1.0,0,2,0.9361111111111112,False
6425,3,0.10214193430962397,0.14285714285714285,1.0,0,1,0.4687751147041246,False
6426,4,0.26865549310464326,0.14285714285714285,1.0101010101010102,2,1,0.4351380684734185,False
6430,4,0.004853878279017524,0.0,1.1363636363636365,0,1,0.37,False
6431,4,0.10293692097316362,0.125,1.0,1,1,0.4616753470837368,False
6432,4,0.3748934126402943,0.25,1.0,0,1,0.6303114625601262,False
6433,2,0.9055115471186189,0.75,1.0,1,1,1.0,True
6435,3,0.24108291501404966,0.2,1.0,0,1,0.5521307731012594,False
6436,2,0.9999999999999997,1.0,1.0,0,1,1.0,True
6437,2,0.8502004134698866,0.7,1.0,1,1,1.0,True
6439,3,0.249154520986832,0.16666666666666666,1.0,1,1,0.5417011439149915,False
6440,2,0.9066881576641728,1.0,1.1002,0,1,0.92,True
6442,4,0.7449139015475607,0.5,1.0,1,1,0.8930583387584785,True
6443,3,0.4741213082262806,0.4,1.0,1,1,0.7353377035255488,True
6444,3,0.9612817733403163,1.0,1.0,1,1,1.0,True
6445,4,0.9506755402468373,1.0,1.0,1,1,1.0,True
6446,4,0.8044325054050819,0.8,1.0,1,1,1.0,True
6447,2,0.9623899322357716,1.0,1.0,0,1,1.0,True
6448,4,0.7950353339103694,0.7142857142857143,1.0,1,1,0.997872285961587,True
6449,3,0.9560648302793816,1.0,1.0,1,1,1.0,True
6450,2,0.9127501337602812,1.0,1.0,0,2,0.9500000000000001,False
6451,3,0.8735629944261865,0.8,1.0,0,1,1.0,True
6452,3,0.5142836342587999,0.5,1.0,0,2,0.7442167956347238,False
6453,4,0.8129066868762448,0.75,1.0,1,1,1.0,True
6455,4,0.0,0.0,1.0,0,1,0.44999999999999996,False
6457,4,0.5930975859327914,0.3333333333333333,1.0,0,2,0.7085497590505615,False
6458,3,0.45634729282590836,0.2857142857142857,1.1428571428571428,0,1,0.6001012207349131,True
6459,4,0.003407783371454119,0.0,1.0,1,1,0.44999999999999996,False
6461,3,0.6907685557551052,0.42857142857142855,1.0,0,1,0.8400912857998071,True
6462,3,0.4595819805051603,0.3333333333333333,4.0,1,1,0.5413287852958624,False
6463,4,0.6766495900731805,0.6,1.0,0,1,0.905468871936125,True
6465,4,0.24526553662322143,0.2222222222222222,4.0,1,1,0.4031825844787351,False
6466,4,0.11886906906476447,0.2,1.0,0,1,0.49975341055156575,False
6467,4,0.6007590191581426,0.4444444444444444,1.01,1,1,0.8081295267291511,True
6471,2,0.8806025520759329,0.8181818181818182,1.0080645161290323,1,1,1.0,True
6473,4,0.25931963294744187,0.375,1.0,0,1,0.6328631760250941,False
6475,4,0.9394827405091607,1.0,1.1578947368421053,1,1,0.92,True
6479,4,0.006689832130861723,0.0,1.0841836734693877,2,1,0.345,False
6482,4,0.9578515352096163,1.0,1.0,1,1,1.0,True
6483,4,0.44634644594360795,0.6,1.02,0,1,0.8067675244520225,True
6484,3,0.9438952518678388,1.0,1.0,1,1,1.0,True
6486,4,0.6223015306647975,0.5,1.0833333333333333,0,1,0.8405101798087229,True
6488,4,0.14647232507487357,0.125,1.1764705882352942,1,1,0.400333377413041,False
6489,4,0.5815908726561597,0.375,1.0119047619047619,2,1,0.6659794216145447,False
6491,4,0.3050014978170524,0.3333333333333333,1.1764705882352942,1,1,0.5550800070009589,False
6492,3,0.4770873749754777,0.3333333333333333,1.0869565217391304,0,1,0.7088310972117127,True
6493,4,0.21814692005384068,0.3333333333333333,1.0707070707070707,0,1,0.5978566165310111,False
6494,3,0.0022704325220948124,0.0,1.0222222222222221,3,1,0.345,False
6495,3,0.20812675000258601,0.2222222222222222,1.0210526315789474,0,1,0.5472659616413199,False
6496,2,0.39150201613201646,0.5,1.0433333333333332,0,2,0.6915961021518167,False
6497,2,1.0000000000000004,1.0,1.0,1,1,1.0,True
6498,4,0.44269067164208165,0.4,1.0106382978723405,0,1,0.7218674307037493,True
6499,4,0.7044940269260573,0.625,1.0,1,1,0.9278188686825961,True
6500,2,0.8853397795332459,0.6,1.0,1,1,0.9583333333333333,True
6501,4,0.714082629991792,0.6666666666666666,1.009090909090909,1,1,0.9492893811075933,True
6502,4,0.7815030717700596,0.5555555555555556,1.02,1,1,0.9318875598591261,True
6504,4,0.3969380673356196,0.3333333333333333,1.0532150776053215,1,1,0.6744813939374877,False
6507,3,0.724381916875284,0.5714285714285714,1.0,1,1,0.9140208215179788,True
6508,4,0.583349076997535,0.25,1.0,1,1,0.719649604427515,True
6510,4,0.5915596667767637,0.5714285714285714,1.0526315789473684,0,1,0.8570970000471845,True
6511,4,0.7678613924659424,0.5714285714285714,1.0,1,1,0.932654882485404,True
6512,4,0.7763439838400846,0.6,1.0133333333333334,1,1,0.9481950406933697,True
6513,4,0.3813064416577156,0.3333333333333333,1.0822510822510822,1,2,0.6177821257898146,False
6515,3,0.2603193037432685,0.21428571428571427,1.1398176291793314,1,1,0.4863273206518769,False
6516,3,0.7554814114275629,0.5,1.0,1,1,0.8975872715641937,True
6517,4,0.055346456659379185,0.1111111111111111,1.160337552742616,1,1,0.37462962962962965,False
6519,4,0.055511278048992585,0.1111111111111111,1.0294117647058822,0,2,0.4046296296296296,False
6520,4,0.5684954774891424,0.3333333333333333,1.0,0,1,0.7480059982889975,True
6521,4,0.9028603070044838,1.0,1.0106382978723405,1,1,1.0,True
6522,4,0.5916844398590189,0.5714285714285714,1.0416666666666667,0,1,0.8571504742252938,True
6524,4,0.8818922132250462,0.6,1.0294117647058822,1,1,0.9583333333333333,True
6527,4,0.9617947187056064,1.0,1.0,1,1,1.0,True
6528,4,0.4674602145231179,0.3,1.0,1,1,0.6908162824146696,True
6529,3,0.7394148745018043,0.5714285714285714,1.0,1,1,0.9204635176436304,True
6530,4,0.7376056684694021,0.6,1.0294117647058822,1,1,0.9315929055345058,True
6531,4,0.6040238791923459,0.42857142857142855,1.0294117647058822,0,3,0.7529149958443387,False
6533,3,0.6980167790858012,0.5,1.0,1,1,0.872959571989153,True
6535,3,0.1883151612651434,0.2222222222222222,1.0714285714285714,1,1,0.5387752807538445,False
6536,2,0.9999999999999996,1.0,1.0,1,1,1.0,True
6538,4,0.6864880472108371,0.5,1.0,1,1,0.8680186868998827,True
6539,3,0.0862443942331918,0.14285714285714285,1.1538461538461537,1,1,0.3878571428571428,False
6543,3,0.9128183410778292,1.0,1.0106382978723405,1,1,1.0,True
6544,4,0.35312414533269737,0.125,1.1764705882352942,2,1,0.38389844323782263,False
6545,3,0.7995937313641822,0.5,1.0210526315789474,1,1,0.9164925515370306,True
6546,4,0.19085446301317166,0.2857142857142857,1.0588235294117647,1,1,0.5663185793865974,False
6547,4,0.5665962044510704,0.42857142857142855,1.0,2,1,0.6818745638123636,False
6549,4,0.557382362387294,0.375,1.02,0,1,0.7606043457850308,True
6551,2,0.7364731922848091,0.4,1.0119047619047619,2,1,0.7427742252649183,False
6552,2,1.0000000000000002,1.0,1.0,1,1,1.0,True
6556,3,0.6966109833297545,0.6,1.0,2,1,0.8090237547603709,False
6560,3,0.7749976980332012,0.6666666666666666,1.0,1,2,0.9253958388396261,False
6563,4,0.2837365183795287,0.4,1.0666666666666667,3,1,0.5487442221626552,False
6565,3,0.44696181105221505,0.3333333333333333,1.0,1,1,0.6959201412446001,True
6566,3,0.6931382116562163,0.6666666666666666,1.0,1,1,0.9403132018209182,True
6567,4,0.7922850703970856,1.0,1.0,1,1,0.9966936015987509,True
6569,4,0.27309233796315047,0.14285714285714285,1.1666666666666667,1,1,0.4620395734127787,False
6571,3,0.8047654758546937,0.6666666666666666,1.0,1,1,0.9861111111111112,True
6572,4,0.6768011731626653,0.625,1.0256410256410255,1,1,0.9159505027839995,True
6573,3,0.9214205263538013,1.0,1.0,1,1,1.0,True
6575,4,0.0,0.0,1.1363636363636365,2,1,0.265,False
6576,4,0.24620368181088814,0.3,1.0,1,1,0.5959920541094282,False
6577,4,0.16657179830029967,0.25,1.035294117647059,0,1,0.5410307707001284,False
6579,4,0.8599159194451355,0.8333333333333334,1.0153846153846153,1,1,1.0,True
6580,4,0.5770386691476223,0.75,1.0,0,1,0.9044451439204095,True
6582,4,0.587404691014331,0.75,1.0,0,1,0.9088877247204277,True
6583,2,0.6469472011639776,0.6,1.0,1,1,0.8927392766893238,True
6585,4,0.21681607993031554,0.2857142857142857,1.0,0,1,0.5774449866368019,False
6586,3,0.5916444819316452,0.42857142857142855,1.0,1,1,0.797609539875467,True
6587,4,0.12857295493296791,0.125,1.0625,2,1,0.36766221878079575,False
6588,4,0.7253437075780103,0.6,1.0294117647058822,1,1,0.9263377794381948,True
6589,4,0.19051862748730516,0.3,1.0294117647058822,1,1,0.5721270308278926,False
6590,4,0.5800599863327943,0.42857142857142855,1.0294117647058822,1,1,0.7926447560473882,True
6593,4,0.5354101593610183,0.5714285714285714,1.0,1,1,0.8330329254404365,True
6594,4,0.4769807092874661,0.5,1.0,0,1,0.7782298277898665,True
6595,4,0.05853594319343006,0.1,1.1764705882352942,1,1,0.37,False
6596,4,0.12039829160294613,0.18181818181818182,1.1764705882352942,2,1,0.3078330340636003,False
6597,4,0.10626660648583114,0.16666666666666666,1.0,1,1,0.48046346627170544,False
6598,4,0.6422809710185973,0.5,1.0,1,1,0.8490727971032084,True
6599,3,0.9668404435065726,1.0,1.0,1,1,1.0,True
6601,4,0.389232687753964,0.16666666666666666,1.1111111111111112,1,1,0.521734643958048,False
6602,4,0.39376585015792764,0.25,1.0526315789473684,1,1,0.6383996500676833,False
6603,4,0.7824358530470394,0.6666666666666666,1.0294117647058822,1,1,0.9785836195598423,True
6604,3,0.10423333847167975,0.1111111111111111,1.0638297872340425,1,1,0.45644391754606384,False
6605,4,0.11099279364057642,0.125,1.0204081632653061,1,1,0.4651278639411994,False
6606,4,0.5689806300356919,0.8333333333333334,1.0,0,1,0.9009916985867251,True
6607,4,0.07323925224168203,0.125,1.1111111111111112,0,1,0.3804166666666666,False
6608,4,0.8888894879315729,0.75,1.0294117647058822,1,1,1.0,True
6609,4,0.6277150064811687,0.5714285714285714,1.0526315789473684,1,1,0.8725921456347867,True
6610,4,0.7463012342642186,0.625,1.0210526315789474,1,1,0.9457362432560938,True
6615,4,0.14900753486170287,0.1111111111111111,1.125,0,1,0.3956328588560737,False
6618,4,0.5209651509187808,0.8333333333333334,1.0,0,1,0.880413636108049,True
6620,4,0.7616076747925871,0.5714285714285714,1.0210526315789474,1,1,0.9299747177682516,True
6623,2,0.7159409446975749,0.5,1.0,1,1,0.8806413572513416,True
6625,3,0.6795477392893516,0.4444444444444444,1.0,2,1,0.7368961210710978,False
6626,2,0.8720740638545045,0.8,1.0,2,1,0.895,False
6627,4,0.0,0.0,1.105263157894737,0,1,0.37,False
6628,3,0.7192060705832299,0.6666666666666666,1.0,1,1,0.9514851413610668,True
6629,4,0.7316413990943771,0.8,1.0235294117647058,1,1,0.970703456754733,True
6631,4,0.522326650728113,0.375,1.0,2,1,0.6405804693596675,False
6632,4,0.5647390039118716,0.375,1.0238095238095237,1,1,0.7637571921527069,True
6633,4,0.46431157716580235,0.42857142857142855,1.0,1,1,0.74303829497582,True
6634,4,0.5396634619404422,0.5714285714285714,1.0084033613445378,1,1,0.8348557694030467,True
6635,4,0.5481650962562519,0.375,1.0272727272727273,1,1,0.756654088871727,True
6636,3,0.413771759161333,0.25,1.0344827586206897,0,1,0.6469736110691428,True
6637,4,0.4810644019294778,0.375,1.0,2,1,0.6228966484459667,False
6638,4,0.40641542511530404,0.18181818181818182,1.0272727272727273,2,1,0.5104118055688965,False
6640,4,0.5102811608918231,0.3333333333333333,1.0526315789473684,1,2,0.673057005461575,False
6642,3,0.20967733845335557,0.0,1.175,1,1,0.4170045736228667,False
6643,4,0.10376067914565174,0.2,1.0714285714285714,1,1,0.49327838630051746,False
6644,4,0.18124596958006065,0.0,1.075,2,1,0.37981970124859743,False
6645,4,0.4055386975732953,0.2727272727272727,1.01875,1,2,0.6029148530725379,False
6646,4,0.7237578369802924,0.8333333333333334,1.0256410256410255,1,1,0.9673247872772681,True
6647,4,0.39468223307909345,0.16666666666666666,1.0,0,2,0.5540701633831036,False
6648,4,0.2225605539884577,0.0,1.01875,1,2,0.452525951709339,False
6649,4,0.005005491777748902,0.0,1.0666666666666667,0,1,0.44999999999999996,False
6650,3,0.37016977760219166,0.3,1.0294117647058822,0,1,0.6491203808771298,False
6651,4,0.9292907059077123,1.0,1.0,1,1,1.0,True
6652,4,0.9228937207657626,1.0,1.0,1,1,1.0,True
6653,4,0.13332207185567557,0.16666666666666666,1.0526315789473684,0,1,0.4920586657159245,False
6654,4,0.009164026138805372,0.0,1.1111111111111112,0,1,0.37,False
6655,3,0.26864560483120903,0.2222222222222222,1.0625,1,1,0.5732026137107298,False
6656,4,0.15304399770385688,0.14285714285714285,1.0,1,2,0.4405902847302244,False
6657,3,0.7200956142384795,0.5714285714285714,1.0240963855421688,1,1,0.9121838346736342,True
6658,3,0.851110375854476,1.0,1.0,1,1,1.0,True
6659,3,0.9271821144534332,1.0,1.0,1,1,1.0,True
6660,4,0.6860616829298759,0.6666666666666666,1.1700000000000002,0,1,0.8572804037953436,True
6661,3,0.42074301650228935,0.1111111111111111,1.0240963855421688,2,1,0.487090922416325,False
6662,3,0.5371191574645665,0.4,1.1428571428571428,1,1,0.6823367817705286,True
6664,4,0.33866611657947576,0.3333333333333333,1.0,0,1,0.6495077007562833,False
6665,2,1.0000000000000007,1.0,1.0,1,1,1.0,True
6666,4,0.2333433654298923,0.14285714285714285,1.1224489795918366,0,1,0.4450042994699538,False
6667,3,0.6749223424923495,0.6,1.0,1,2,0.8547286229729117,False
6668,4,0.7068048439600888,0.3333333333333333,1.0,2,1,0.7022814410622603,False
6669,2,0.6964917445226926,0.5,1.0,1,1,0.8723059857478206,True
6671,4,0.19871211001907826,0.08333333333333333,1.15,0,1,0.41230519000817634,False
6672,3,0.5381189189510954,0.2857142857142857,1.0526315789473684,1,1,0.7151462033599932,True
6675,2,1.0,1.0,1.0,0,1,1.0,True
6677,4,0.5371884701960965,0.3,1.0210526315789474,1,1,0.7206998205602319,True
6678,4,0.34669681783300965,0.2,1.0,1,1,0.5973938743093851,False
6680,4,0.3190729703949082,0.14285714285714285,1.1538461538461537,0,1,0.48174555874067493,False
6681,2,0.9999999999999994,1.0,1.0,1,1,1.0,True
6682,4,0.15978759064318868,0.0,1.1057692307692308,2,1,0.29062325313279513,False
6684,4,0.5477335289548242,0.16666666666666666,1.0,1,1,0.6696635759012739,False
6686,4,0.07667089438210614,0.0,1.0,1,1,0.44999999999999996,False
6687,2,0.6824100219036611,0.5,1.0526315789473684,0,1,0.8662709617682358,True
6689,4,0.5936341515512161,0.25,1.005413766434648,1,1,0.7240574935219498,True
6695,4,0.0,0.0,1.1529411764705881,1,1,0.37,False
6696,2,0.6509986249962633,0.42857142857142855,1.0107142857142857,2,1,0.7180470297603034,False
6697,4,0.3216205777983646,0.0,1.005413766434648,2,2,0.38998024762787054,False
6702,3,0.33280363002781216,0.2857142857142857,1.0,0,1,0.6271539366785861,False
6703,3,0.19991965420449515,0.125,1.0,1,1,0.5032393756114503,False
6704,4,0.36207001522283866,0.6666666666666666,1.0,0,1,0.7984268319208991,False
6705,4,0.4977531215266058,0.4,1.0,0,1,0.7454656235114024,True
6706,4,0.34498897390518724,0.3333333333333333,1.0,0,1,0.6522174967530168,False
6712,4,0.2035589061537502,0.2,1.1111111111111112,0,2,0.4060490550182739,False
6714,4,0.33709118906646485,0.25,1.1515151515151516,1,1,0.5341105095999135,False
6716,4,0.09885065405290547,0.1,1.0526315789473684,1,1,0.44999999999999996,False
6718,3,0.09933520474141608,0.08333333333333333,1.1176470588235294,1,1,0.37,False
6725,4,0.21825323620977433,0.14285714285714285,1.1,0,1,0.5185371012327604,False
6728,4,0.0,0.0,1.1013215859030836,0,1,0.37,False
6729,4,0.6477289600536611,0.5,1.0,1,1,0.8514076495468073,True
6730,4,0.9576235494111142,1.0,1.0,1,1,1.0,True
6731,4,0.09482652536028804,0.1111111111111111,1.1,1,1,0.4546296296296296,False
6732,4,0.1801989400819314,0.0,1.0486177311725453,1,1,0.48437097432082776,False
6733,4,0.550273074546016,0.2857142857142857,1.0,2,1,0.6153551271863879,False
6734,3,0.7856272279082537,0.75,1.0,1,1,0.9938402405321087,True
6735,3,0.7044468031709418,0.5,1.0,1,1,0.8757152965970703,True
6736,4,0.6950951558130758,0.3333333333333333,1.0,2,1,0.697263003284969,False
6737,4,0.505183531459006,0.3333333333333333,1.0,0,1,0.7208723071332248,True
6739,4,0.9018151435391124,1.0,1.0,1,1,1.0,True
6740,3,0.7771485959422371,0.8,1.0,0,1,0.9902065411181016,True
6742,3,0.8162001775338079,0.75,1.0,0,2,0.9500000000000001,False
6743,3,0.06632379088236709,0.16666666666666666,1.0679012345679013,0,2,0.42777777777777776,False
6744,4,0.6624226789139559,0.6666666666666666,1.001410437235543,1,2,0.8771494020742351,False
6745,4,0.7521141457289839,0.5714285714285714,1.0,0,2,0.8759060624552789,False
6748,3,0.5934117962127838,0.375,1.002415458937198,1,2,0.7260455317102408,False
6749,3,0.37941132087365287,0.2,1.0204081632653061,1,2,0.561414375612518,False
6750,3,0.11225107623919646,0.1,1.1764705882352942,1,2,0.3252504612453699,False
6752,2,0.739752931988437,0.7777777777777778,1.0101010101010102,0,1,0.9741798279950444,True
6753,2,0.9068584357159963,0.75,1.0,0,2,0.9500000000000001,False
6754,4,0.11094396866281608,0.1,1.0526315789473684,1,2,0.404690272284064,False
6756,4,0.9587968583174588,1.0,1.0,1,2,0.9500000000000001,False
6757,4,0.516748492267284,0.8333333333333334,1.0256410256410255,1,2,0.828606496685979,False
6758,4,0.3689387089690882,0.375,1.0,1,2,0.6298427800343712,False
6760,3,0.31029994985315845,0.2222222222222222,1.0606060606060606,0,2,0.5410544758629939,False
6762,2,0.5290773669494939,0.25,1.0,0,1,0.6963903001212117,True
6763,3,0.9384433330211306,1.0,1.0,1,1,1.0,True
6766,4,0.8018657808321557,0.5,1.0,1,2,0.8666666666666668,False
6767,4,0.498583231802362,0.16666666666666666,1.0,0,2,0.598599162835933,False
6769,2,0.7333668853984187,0.6,1.0,0,1,0.9297762842183699,True
6771,4,0.37605837658354324,0.0,1.0,1,2,0.5183107328215186,False
6774,3,0.6670128726102055,0.6666666666666666,1.0,1,2,0.8791166279440564,False
6776,4,0.21101974611682386,0.14285714285714285,1.1,1,2,0.46543703405006737,False
6777,4,0.3436422199560439,0.2222222222222222,1.011764705882353,1,2,0.5553440201928019,False
6778,4,0.22629007298801904,0.14285714285714285,1.1764705882352942,1,2,0.3919814598520081,False
6779,2,0.6851438603718675,0.5,1.0,1,1,0.8674426068260386,True
6783,2,0.9999999999999998,1.0,1.0,1,1,1.0,True
6785,3,0.25648650207920237,0.09090909090909091,1.1111111111111112,1,2,0.38706564374822955,False
6786,4,0.06834553811227492,0.1,1.0693342531907555,2,2,0.295,False
6787,3,0.6951811908662592,0.2857142857142857,1.0,0,2,0.7324586056093493,False
6788,2,0.7415923459068783,0.5,1.0,1,2,0.8416348149124718,False
6789,3,0.8988429573672637,0.75,1.0,1,2,0.9500000000000001,False
6790,4,0.11011117092668546,0.14285714285714285,1.1764705882352942,1,2,0.3421905018257223,False
6791,3,0.19501219138668094,0.14285714285714285,1.0466666666666666,1,1,0.5085766534514347,False
6792,3,0.32489884512245776,0.5,1.125,1,2,0.5830518860048629,False
6795,3,0.3536500146075869,0.3333333333333333,1.1764705882352942,1,1,0.5759293713397594,False
6797,4,0.5125475119764903,0.2222222222222222,1.0,2,2,0.5227320024872789,False
6799,4,0.33647193129167086,0.2857142857142857,1.0,1,2,0.5787260657916685,False
6801,4,0.4857392127986894,0.2222222222222222,1.1764705882352942,1,2,0.5362427314110786,False
6802,4,0.24517703181057698,0.18181818181818182,1.1466666666666667,1,2,0.4163096370097278,False
6803,4,0.41041661979364286,0.4,1.0,0,2,0.6580356941972756,False
6804,3,0.8192526429952919,0.6,1.0,1,1,0.9583333333333333,True
6805,2,0.8929367322442484,0.42857142857142855,1.0,0,1,0.8869047619047619,True
6806,3,0.8171856705479327,0.5555555555555556,1.0285714285714285,0,2,0.889814814814815,False
6807,2,0.6188478076646535,0.3333333333333333,1.0294117647058822,0,2,0.7195855683642166,False
6808,2,0.865328521483599,0.875,1.0,1,1,1.0,True
6809,4,0.0,0.0,1.1666666666666667,1,2,0.32,False
6810,3,0.2694729008102439,0.2727272727272727,1.1111111111111112,1,2,0.4646009401740872,False
6811,2,0.9445507648267434,0.8571428571428571,1.0,0,1,1.0,True
6812,3,0.33708135248165455,0.2,1.0769230769230769,1,2,0.5432729605873758,False
6813,2,0.7855916009680034,0.6666666666666666,1.0,0,1,0.9799360829545412,True
6814,4,0.34537684551971226,0.2,1.0,2,2,0.4418281718894005,False
6818,2,0.8527984722048774,1.0,1.0,1,2,0.9500000000000001,False
6819,3,0.8882641487615361,1.0,1.0,1,2,0.9500000000000001,False
6822,4,0.0,0.0,1.0388,1,2,0.39999999999999997,False
6825,4,0.6361103382511847,0.375,1.0026385224274408,1,2,0.7443449068695555,False
6826,3,0.5565097138224233,0.625,1.0,0,2,0.8143970202096101,False
6827,2,0.506710137160193,0.2222222222222222,1.0,0,1,0.6752302704231515,False
6828,4,0.046243824354694325,0.09090909090909091,4.32,1,2,0.24,False
6831,4,0.7181946134456737,0.4444444444444444,1.0,0,2,0.808459067138093,False
6834,4,0.44519986965100294,0.3333333333333333,1.0,0,1,0.6951650235012234,True
6836,4,0.7147073193401741,0.4,1.0,0,1,0.8384459940029318,True
6837,4,0.4377222283114032,0.2222222222222222,1.0,0,2,0.5956640237736702,False
6838,4,0.3246653792501615,0.14285714285714285,1.0389610389610389,1,2,0.5141423053929264,False
6839,4,0.32576506745429895,0.125,1.025,0,2,0.5071731241470806,False
6840,4,0.23061307510538387,0.25,1.0526315789473684,0,1,0.5684770321880217,False
6842,4,0.4138744336842298,0.3333333333333333,1.0,0,1,0.6817398366583207,True
6843,4,0.7122964654742258,0.4,1.0,0,1,0.8374127709175254,True
6844,4,0.44893163467840486,0.25,1.0,0,2,0.6120421291478878,False
6845,3,0.422915866702037,0.3333333333333333,1.0,0,1,0.6856147365230952,True
6847,4,0.701932346158893,0.625,1.0666666666666667,0,1,0.9267210054966686,True
6848,3,0.27821983634530045,0.125,1.1428571428571428,0,1,0.4567965965289382,False
6849,4,0.6207610610851546,0.3333333333333333,1.0,0,1,0.77040553411586,True
6850,4,0.7644620167862483,0.5,1.0,0,1,0.9014361024322017,True
6851,4,0.35687973520289956,0.18181818181818182,1.0666666666666667,0,1,0.594182224177866,False
6852,4,0.15935116183329454,0.14285714285714285,1.0,0,1,0.4932933550714119,False
6854,4,0.35918567917307104,0.375,1.0204081632653061,0,2,0.6256629101217924,False
6855,4,0.11486145180887411,0.09090909090909091,1.125,0,1,0.37636919363237464,False
6856,4,0.12261691640915,0.1111111111111111,1.0,0,1,0.46432259380497964,False
6857,4,0.5787747913141269,0.4,1.0,0,1,0.780189196277483,True
6858,4,0.15574159925679462,0.125,1.0526315789473684,0,1,0.4843059234910072,False
6859,4,0.4767862424824893,0.25,1.0,0,2,0.6239798182067812,False
6860,4,0.1600567714143742,0.14285714285714285,1.0666666666666667,0,1,0.4935957591775889,False
6862,2,0.8632505390655154,0.8571428571428571,1.0285714285714285,1,2,0.9500000000000001,False
6866,4,0.0,0.0,1.0638297872340425,0,1,0.44999999999999996,False
6867,4,0.11545509429295832,0.07142857142857142,1.1111111111111112,0,1,0.3766236118398393,False
6868,4,0.0,0.0,1.73,0,1,0.29000000000000004,False
6869,3,0.3151932704247745,0.2,1.1111111111111112,0,1,0.50389235399157,False
6870,2,0.6887608474947957,0.625,1.0,0,1,0.9210760774977698,True
6872,4,0.4393884723914904,0.4,1.0714285714285714,0,1,0.7204522024534958,True
6874,4,0.5776023537556828,0.3333333333333333,1.0,0,2,0.7019089452603721,False
6876,3,0.19080329603488572,0.1,1.125,0,1,0.4089156983006653,False
6877,4,0.12246142016202105,0.1111111111111111,1.1764705882352942,0,2,0.33425595255621005,False
6879,4,0.4859452229827194,0.2857142857142857,1.0,0,2,0.642786047944975,False
6880,4,0.633539737903296,0.3333333333333333,1.0,0,1,0.7758821098950635,True
6881,4,0.35066155834871293,0.3333333333333333,1.0,0,1,0.6546486043716706,False
6882,4,0.478913270083698,0.3333333333333333,1.0,0,1,0.7096136236866643,True
6887,3,0.42673900916539276,0.3333333333333333,1.1764705882352942,0,2,0.5572532261502477,False
6888,4,0.0,0.0,1.1764705882352942,0,1,0.37,False
6892,4,0.12965390871294835,0.1111111111111111,1.0625,0,1,0.46733844764946464,False
6893,4,0.27255657951698764,0.2857142857142857,1.1764705882352942,0,1,0.521333772173947,False
6894,4,0.2923243142782355,0.14285714285714285,1.1111111111111112,0,1,0.4702818489763866,False
6895,4,0.0,0.0,1.1764705882352942,0,3,0.32,False
6898,4,0.0,0.0,1.125,0,1,0.37,False
6899,4,0.5099284228202001,0.2,1.0,0,1,0.6673502764467524,False
6900,4,0.30234993492747747,0.125,1.1428571428571428,0,1,0.4671380673498713,False
6901,4,0.0,0.0,1.1755485893416928,1,2,0.32,False
6903,4,0.3501425724153437,0.25,1.0,0,2,0.5697039596065759,False
6904,4,0.21261257649040785,0.16666666666666666,1.0,0,2,0.4760403105593812,False
6905,3,0.9225108688395519,1.0,1.0,1,2,0.9500000000000001,False
6906,4,0.645733395407477,0.6,1.0,0,2,0.8422190742222521,False
6908,3,0.9095898536021173,1.0,1.018181818181818,1,1,1.0,True
6909,4,0.25907472643425034,0.3333333333333333,1.0625,1,2,0.5653971049797581,False
6911,4,0.8701139648274946,1.0,1.018181818181818,1,2,0.9500000000000001,False
6912,4,0.6017227494841707,0.6,1.0,0,1,0.8733573688265495,True
6914,2,0.8325135875305467,0.8,1.0,0,1,1.0,True
6915,4,0.27826290993420244,0.14285714285714285,1.1666666666666667,1,3,0.41425553282894384,False
6916,3,0.5028553964731838,0.6,1.0,0,2,0.780985646107555,False
6917,3,0.18038293002334263,0.14285714285714285,1.0666666666666667,1,1,0.502306970010004,False
6918,4,0.4107660775765774,0.3333333333333333,1.0,0,1,0.6804076840407554,True
6919,4,0.7847030945910038,0.6,1.0222222222222221,1,2,0.901777516729478,False
6920,4,0.5011060836042113,0.4,1.0,0,1,0.7469026072589476,True
6922,4,0.32116767195513024,0.14285714285714285,1.0,1,2,0.5126432879807702,False
6923,4,0.7225940750814582,0.8,1.0285714285714285,1,2,0.9168260321777678,False
6927,4,0.1925233842758698,0.18181818181818182,1.0392609699769053,0,2,0.47374378806628187,False
6928,3,0.7319833226913988,0.75,1.0,0,2,0.920849995439171,False
6929,4,0.614697921041087,0.375,1.01,1,2,0.7351681566366565,False
6930,4,0.36555959314406217,0.09090909090909091,1.1428571428571428,0,1,0.48381125420459803,False
6931,4,0.3568112977099715,0.375,1.1290322580645162,0,1,0.5946453180661783,False
6932,4,0.21863175044901195,0.2222222222222222,1.0,1,1,0.5517681046897882,False
6933,4,0.0,0.0,1.1574074074074074,0,1,0.37,False
6934,3,0.6048601530644245,0.42857142857142855,1.0952380952380953,0,1,0.8032733989323724,True
6935,4,0.4819524261523152,0.5,1.08,0,1,0.7803605635890876,True
6936,4,0.31875656888090453,0.375,1.0,0,2,0.6083361485680068,False
6938,4,0.3912484796288967,0.1,1.0,0,1,0.5748207769838128,False
6942,3,0.1757851858016566,0.1111111111111111,1.0,1,2,0.4371089949731967,False
6943,4,0.07763601600069384,0.125,1.1764705882352942,0,2,0.33041666666666664,False
6944,4,0.34054917014889735,0.375,1.125,0,1,0.587675834825718,False
6945,2,0.42631048414532086,0.42857142857142855,1.0666666666666667,0,2,0.6767521122527566,False
6946,3,0.9001095478413844,0.8333333333333334,1.0,1,2,0.9500000000000001,False
6947,4,0.3283868678150059,0.125,1.0,0,1,0.5582967528730978,False
6949,4,0.35490936976349624,0.3333333333333333,1.1764705882352942,0,1,0.5764690949780062,False
6950,2,0.563297333629792,0.42857142857142855,1.0666666666666667,0,1,0.7854607620318157,True
6952,4,0.75409818483573,0.6666666666666666,1.0095238095238095,2,1,0.8614389046121382,False
6953,4,0.8812197350502698,1.0,1.0238095238095237,1,1,1.0,True
6956,3,0.9999999999999996,1.0,1.0,1,1,1.0,True
6958,4,0.4112156758998632,0.25,1.1764705882352942,0,1,0.5658781468142271,True
6959,4,0.1304621570265619,0.2222222222222222,1.0526315789473684,0,1,0.5139811360801667,False
6961,3,0.009528786810328756,0.0,1.05,0,1,0.44999999999999996,False
6962,2,0.2791087150654997,0.3,1.0462555066079295,0,1,0.6100942112185475,False
6963,4,0.13651249673359117,0.1111111111111111,1.1111111111111112,0,1,0.3902778425154544,False
6965,4,0.27587534001181485,0.3333333333333333,1.0,0,1,0.6225973679415714,False
6967,3,0.6001500810846048,0.5,1.0,0,1,0.8310167014172116,True
6968,4,0.236021604852198,0.25,1.0,0,1,0.5707949735080848,False
6969,3,0.6851892900031976,0.5,1.0,0,1,0.8674620766680372,True
6971,4,0.7559697281764785,0.8,1.1428571428571428,1,1,0.9011298835042051,True
6972,4,0.580630656241542,0.7142857142857143,1.08,1,1,0.9059845669606609,True
6973,2,0.9800881899982543,1.0,1.0,0,1,1.0,True
6974,4,0.48456889438487893,0.2857142857142857,1.0,0,2,0.6421961928316148,False
6975,2,0.47756223212714644,0.75,1.0,0,1,0.8618123851973485,True
6976,3,1.0,1.0,1.0,1,1,1.0,True
6977,4,0.23039730608620934,0.25,1.08,2,1,0.4633845597512326,False
6979,4,0.7161717704112756,0.5,1.0,0,1,0.8807402825572134,True
6980,4,0.7795207601888059,0.6,1.06,1,1,0.949556516271393,True
6983,4,0.27390301505383846,0.2857142857142857,1.1111111111111112,1,1,0.5219108159754545,False
6984,3,0.09722406004142799,0.1111111111111111,1.0638297872340425,1,1,0.4546296296296296,False
6986,2,0.7741452134133368,0.5,1.0,0,1,0.905586043843811,True
6988,2,0.8823951921820002,1.0,1.0,0,1,1.0,True
6989,4,0.9451248254475257,1.0,1.0294117647058822,1,1,1.0,True
6990,3,0.03602678514942706,0.0,4.0,1,1,0.29000000000000004,False
6992,4,0.19422853819867664,0.125,1.0,1,1,0.5008003258946709,False
6993,4,0.34699200924349666,0.14285714285714285,1.0,1,1,0.5737108611043557,False
6994,4,0.28231468025401163,0.2857142857142857,1.1428571428571428,0,1,0.5255158153469573,False
6999,4,0.25305337125139354,0.1111111111111111,1.0,1,1,0.5202239315945125,False
7000,4,0.2278787111656853,0.16666666666666666,1.0,1,1,0.5325829397059286,False
7001,4,0.23920041529612288,0.14285714285714285,1.0,1,1,0.5275144636983383,False
7002,3,0.2556176283987393,0.14285714285714285,1.1666666666666667,1,1,0.4545504121708882,False
7003,4,0.0,0.0,1.1714285714285715,1,1,0.37,False
7004,4,0.5577607075961811,0.2857142857142857,1.0,1,1,0.7235641127793156,True
7005,4,0.8729838506437987,0.8333333333333334,1.0,1,1,1.0,True
7006,4,0.39065151522474534,0.14285714285714285,1.0,1,1,0.5924220779534622,False
7007,4,0.23780643484563654,0.1111111111111111,1.0,1,1,0.5136895302777595,False
7009,4,0.12738955757462384,0.09090909090909091,1.1733333333333333,1,1,0.3817383818176959,False
7010,4,0.5095954327211124,0.0,1.08,2,1,0.5205408997376196,False
7011,4,0.22344191659653578,0.07692307692307693,1.0,1,1,0.5029036785413724,False
7013,4,0.43042937123264574,0.2222222222222222,1.0285714285714285,1,1,0.6425385135970598,False
7015,4,0.5956252024046956,0.42857142857142855,1.0,0,1,0.7993155629353457,True
7016,4,0.004435539358898488,0.0,1.1258333333333332,2,1,0.265,False
7017,4,0.51075765880942,0.3333333333333333,1.0013797861331495,1,1,0.7232612188548307,True
7019,3,0.6137833295550258,0.3333333333333333,1.0,2,1,0.6624150777458047,False
7021,2,0.9820867805966536,0.8571428571428571,1.0,1,1,1.0,True
7023,4,0.7200742742167736,0.6,1.0013797861331495,1,1,0.9240794508548078,True
7024,4,0.764156744610348,0.75,1.0,1,1,0.9846386048330062,True
7025,3,0.6317091076495153,0.0,1.0,0,1,0.6778753318497923,False
7028,4,0.6664604734397086,0.3333333333333333,1.0,1,1,0.7899909965535259,True
7029,2,1.0,1.0,1.0,1,1,1.0,True
7032,4,0.7849104591212034,0.7142857142857143,1.0,1,1,0.9935330539090872,True
7033,2,0.7298653295931362,0.5,1.0,0,1,0.8866089507780108,True
7035,3,0.288559627518738,0.16666666666666666,1.0526315789473684,0,1,0.5585890467143797,False
7037,4,0.7880170880358539,0.5,1.0,0,2,0.861531132967747,False
7038,4,0.6655678397039504,0.3333333333333333,1.0,1,1,0.789608439238201,True
7042,2,0.9532651449768421,1.0,1.0,0,1,1.0,True
7043,4,0.3900366791870946,0.14285714285714285,1.0714285714285714,0,1,0.5921585767944691,False
7044,4,0.4126842447300825,0.1111111111111111,1.0714285714285714,1,1,0.5886371630853793,False
7045,4,0.5821676335579191,0.3333333333333333,1.0,1,1,0.7538654937470448,True
7047,4,0.9263167773495539,1.0,1.0185185185185186,1,1,1.0,True
7049,3,0.24409897138458084,0.2222222222222222,1.0057142857142858,1,1,0.5626826279478891,False
7050,3,0.5346605163709185,0.125,1.0133333333333334,1,1,0.646699745111346,False
7051,4,0.48376114786207297,0.25,1.00119189511323,1,1,0.6769690633694598,True
7056,3,0.7646012335473824,0.42857142857142855,1.0,0,1,0.8717338619964972,True
7057,4,0.7405092376636426,0.6,1.0,1,1,0.9328372923320374,True
7058,2,0.8762684223517919,1.0,1.0,1,1,1.0,True
7061,4,0.8633206529503215,0.7142857142857143,1.0,1,1,1.0,True
7062,4,0.680857289920222,0.4444444444444444,1.04,1,1,0.8424573570557565,True
7064,4,0.6586150115565386,0.3,1.0021321961620469,1,1,0.7727397668575642,True
7066,4,0.14624099290502912,0.25,1.1111111111111112,1,1,0.45231756838786963,False
7068,4,0.6089139211126089,0.6,1.0204081632653061,0,1,0.8764392995244514,True
7072,4,0.4239374130844526,0.2,1.1,1,1,0.6304969865600034,False
7075,2,0.7883799860673111,0.5714285714285714,1.0,0,1,0.9414485654574192,True
7078,4,0.6586814706277287,0.42857142857142855,1.0,1,1,0.8263396778880743,True
7079,4,0.5411850313348394,0.5,1.0,0,1,0.8057459658101693,True
7080,3,0.6648274873560635,0.36363636363636365,1.0,1,1,0.8019174080010836,True
7081,4,0.2120888719636186,0.16666666666666666,1.1,0,1,0.5258158657621858,False
7083,3,0.321128381644504,0.2857142857142857,1.0,0,1,0.6221502588000255,False
7084,4,0.12993551169108727,0.2222222222222222,1.0,0,1,0.5137554309363919,False
7087,4,0.25450332170953793,0.2857142857142857,1.0,0,1,0.59359666168504,False
7088,4,0.39070535192525135,0.375,1.0,1,1,0.6891713413012982,False
7093,4,0.7758687475338417,0.3333333333333333,1.0285714285714285,1,1,0.836880256879583,True
7094,4,0.5268065018317262,0.4444444444444444,1.0714285714285714,1,1,0.7764355907321154,True
7095,4,0.31130879219224955,0.25,1.0213333333333332,1,1,0.6030609109395355,False
7099,4,0.21418389948259164,0.1,1.0,1,1,0.4989359569211107,False
7100,4,0.5423772178205202,0.375,1.027027027027027,1,1,0.7541735695421277,True
7102,4,0.04605160511554229,0.0,1.0869565217391304,1,1,0.44999999999999996,False
7103,4,0.7649615323928125,0.6666666666666666,1.0009532888465205,1,1,0.9710946249937451,True
7106,4,0.31238984220581206,0.25,1.0363636363636364,1,1,0.6035242180882051,False
7107,4,0.5411524273015716,0.2857142857142857,1.0,0,1,0.7164462783673402,True
7109,3,0.8305633823084488,0.8,1.0285714285714285,1,1,1.0,True
7110,3,0.26435703980956254,0.125,1.1428571428571428,1,1,0.45085539801362207,False
7114,4,0.12570809025335758,0.2222222222222222,1.0,0,1,0.5119436788916506,False
7115,2,0.5220719555563166,0.42857142857142855,1.0,0,1,0.7677927428574691,True
7117,4,0.4693539870529034,0.2857142857142857,1.0,0,1,0.6856755182607681,True
7118,4,0.5036972579029186,0.3333333333333333,1.0344827586206897,2,1,0.6152353327520445,False
7122,3,0.18699251606985948,0.2222222222222222,1.1111111111111112,0,1,0.4582084328130085,False
7124,4,0.5602585077504507,0.375,1.0089020771513353,1,1,0.761836979512098,True
7125,4,0.10495079082400373,0.0,1.1363636363636365,0,1,0.37212176749600157,False
7126,4,0.11898855500064676,0.16666666666666666,1.1160714285714286,1,2,0.3559157299209121,False
7127,4,0.8448616979908519,0.7142857142857143,1.0,1,1,1.0,True
7129,3,0.7065754042713198,0.5714285714285714,1.0179640718562875,1,1,0.9063894589734227,True
7131,4,0.42719675693221404,0.375,1.0,1,2,0.6548105148757108,False
7135,4,0.4069525709279734,0.25,1.0439970171513797,1,1,0.6440511018262743,True
7137,4,0.4585638888560739,0.5,4.074074074074074,1,1,0.6103369047478412,False
7140,4,0.1351859998344565,0.1111111111111111,1.076470588235294,1,1,0.46970934384439667,False
7144,4,0.39715925468221325,0.375,1.0382978723404255,1,2,0.6419372996257106,False
7147,4,0.24132531587807818,0.2222222222222222,1.0909090909090908,1,1,0.5614939184451023,False
7154,4,0.18966149299929122,0.2,1.1018181818181818,1,1,0.45009302080922,False
7155,4,0.9069978304076602,0.8571428571428571,1.0,1,1,1.0,True
7156,4,0.9362731406753747,1.0,1.0,0,1,1.0,True
7157,4,0.9249740908879563,1.0,1.0,1,1,1.0,True
7159,4,0.4878972125507508,0.375,1.1063157894736841,1,1,0.6508249958550837,True
7160,4,0.44326452049307075,0.42857142857142855,1.0476190476190477,0,1,0.7340181278303636,True
7162,4,0.1461418678757893,0.1111111111111111,1.0,1,1,0.47440471586211075,False
7165,3,0.24220600796822805,0.25,1.125,1,1,0.49344543198638346,False
7166,3,0.5643493668969031,0.3333333333333333,1.1080246913580247,1,1,0.6662290937494664,True
7167,3,0.627721805099385,0.5,1.0,1,1,0.8428331545664032,True
7170,2,0.8726418000990429,0.8571428571428571,1.0015625,1,1,1.0,True
7171,2,0.9173805829866127,1.0,1.0,1,1,1.0,True
7173,4,0.00685614370610566,0.0,1.1428571428571428,1,1,0.37,False
7174,3,0.32394127120965305,0.2857142857142857,6.392694063926941,1,1,0.46335578289937507,False
7175,3,0.7328271946286521,0.42857142857142855,1.0042194092827006,1,1,0.8581164167456128,True
7178,4,0.4523810402107733,0.5,1.008,1,1,0.7676871124712839,True
7179,4,0.234444852045467,0.2,1.0232558139534884,1,1,0.5492858889718668,False
7181,3,0.38627474083468927,0.5,1.0305343511450382,1,1,0.7393558413101049,False
7182,3,0.9999999999999998,1.0,1.0,1,1,1.0,True
7185,4,0.25800844669760475,0.125,1.2,1,2,0.3981345723942115,False
7186,3,0.5991473281948123,0.6666666666666666,1.0285714285714285,1,1,0.9000313946231735,True
7190,3,0.8076079680004936,0.8333333333333334,1.0,1,1,1.0,True
7192,3,0.7663596796043717,0.625,1.0021321961620469,1,1,0.954332719830445,True
7193,4,0.2517871380898002,0.2,1.1166666666666667,1,1,0.476718297276581,False
7195,3,0.05100258449074951,0.0,1.135,1,1,0.37,False
7197,4,0.36005180001201403,0.2222222222222222,1.0328638497652582,0,1,0.6123766973596462,False
7200,3,0.7130568645686143,0.7142857142857143,1.0,1,1,0.9627386562436919,True
7201,3,0.4454568703292357,0.3,1.0,1,1,0.6813862777601486,True
7202,3,0.7368549549895415,0.7142857142857143,1.0,1,1,0.9729378378526605,True
7205,3,0.8610213801239026,0.5555555555555556,1.0,0,1,0.9398148148148149,True
7209,2,0.8695172163030989,0.7142857142857143,1.0,1,1,1.0,True
7213,3,0.4406197992133255,0.2857142857142857,1.0,0,1,0.6733608663295204,True
7214,4,0.7143722533953912,0.5,1.0,1,1,0.8799690609789772,True
7215,4,0.595521640855382,0.375,1.0133333333333334,1,1,0.7769497508427827,True
7217,4,0.8631876677088431,0.6666666666666666,5.0,1,1,0.8261111111111111,False
7222,4,0.3931681177668515,0.2857142857142857,1.032,1,1,0.6530244314238887,False
7225,4,0.007722192916086196,0.0,1.176,1,1,0.37,False
7230,2,0.9138650035709913,1.0,1.0138248847926268,1,1,1.0,True
7231,4,0.2951268145869776,0.2,1.136,1,1,0.49529244434679986,False
7232,4,0.6722159985597022,0.6,1.0,1,1,0.9035687612874914,True
7237,3,0.32813794750645475,0.15384615384615385,1.1666666666666667,1,1,0.4902093035100923,False
7238,4,0.8712034456335369,0.7777777777777778,1.0,1,1,1.0,True
7241,4,0.4596737765026007,0.3333333333333333,1.0,1,1,0.7013681264376225,True
7242,4,0.5590599701443542,0.3333333333333333,1.0256410256410255,1,1,0.7439622094269455,True
7243,3,0.5910714661295038,0.2857142857142857,1.0,1,1,0.7378401521507397,True
7244,2,1.0,1.0,1.0,1,1,1.0,True
7246,4,0.5575577163242151,0.2,1.0,1,1,0.687762830805616,False
7247,4,0.005618126064050929,0.0,1.1363636363636365,1,1,0.37,False
7250,4,0.8313004702233019,0.6,1.0,1,1,0.9583333333333333,True
7252,4,0.9400408637024156,1.0,1.03125,1,1,1.0,True
7253,4,0.9301406827026062,1.0,1.03125,1,1,1.0,True
7254,4,0.15613492198443568,0.1,1.0365853658536586,0,2,0.4240578237076153,False
7256,4,0.9535854298298763,1.0,1.03125,1,1,1.0,True
7258,3,0.36222999479868745,0.25,1.0736196319018405,1,1,0.6248842834851518,False
7259,4,0.0037915591421494197,0.0,1.0625,0,1,0.44999999999999996,False
7262,4,0.380402081081961,0.1111111111111111,1.0434782608695652,1,1,0.5748019500933271,False
7263,2,0.8337034226354101,0.75,1.0256410256410255,1,1,1.0,True
7264,3,0.9430263297446638,1.0,1.0,1,1,1.0,True
7265,4,0.9306079729782304,0.8333333333333334,1.0,1,1,1.0,True
7266,4,0.8744332832193238,0.7142857142857143,1.0,1,1,1.0,True
7268,2,1.0,1.0,1.1,0,1,1.0,True
7271,2,0.9999999999999997,1.0,1.0,0,1,1.0,True
7273,4,0.5179865090604071,0.3333333333333333,1.0152173913043478,0,1,0.7263592975338252,True
7275,3,0.060508616287033946,0.1,1.036,1,2,0.39999999999999997,False
7278,3,0.011877399991002105,0.0,1.1420000000000001,0,1,0.37,False
7279,4,0.0,0.0,1.1414141414141414,0,1,0.37,False
7280,2,0.9999999999999999,1.0,1.1111111111111112,0,1,0.92,True
7281,2,0.9999999999999999,1.0,1.1111111111111112,0,1,0.92,True
7282,2,0.8827820216735419,0.8,1.0,1,1,1.0,True
7284,4,0.8845523643720696,1.0,1.0058823529411764,1,1,1.0,True
7286,4,0.3431289329762244,0.25,1.0472000000000001,1,1,0.6166981141326676,False
7287,4,0.6180215194591807,0.3333333333333333,1.0222222222222221,1,1,0.7692314448475854,True
7288,3,0.9312572885563093,1.0,1.0277777777777777,0,1,1.0,True
7289,2,0.9274439827396396,1.0,1.0022271714922049,1,1,1.0,True
7290,4,0.5007637726494142,0.3333333333333333,1.0,1,3,0.668978124786257,False
7291,4,0.5636474643462893,0.4,1.0,0,2,0.7237060561484098,False
7292,3,0.6323534422919433,0.3333333333333333,1.0,0,1,0.7753736974901979,True
7293,3,0.7595895430150267,0.5,1.0,0,1,0.8993478993873925,True
7294,4,0.3955898002283545,0.2222222222222222,1.0084033613445378,1,2,0.577607268880935,False
7296,3,0.8065083888150383,0.4444444444444444,1.0,1,1,0.8935185185185186,True
7297,2,0.9999999999999992,1.0,1.0,1,1,1.0,True
7298,3,0.2823837186904667,0.2,1.0,1,1,0.5698311175340095,False
7301,4,0.5573424706026336,0.2857142857142857,1.0020661157024793,1,1,0.7233848683535097,True
7302,4,0.6841735349571466,0.5,1.0,1,1,0.8670267530768725,True
7306,4,0.8523042747494575,0.6666666666666666,1.0,1,1,0.9861111111111112,True
7309,3,0.9525851573362425,1.0,1.0,1,1,1.0,True
7310,2,0.9655846306609952,1.0,1.0,1,1,1.0,True
7313,4,0.0,0.0,1.1,1,1,0.44999999999999996,False
7316,2,0.9240014593804792,0.7142857142857143,1.155624036979969,0,2,0.8700000000000001,False
7317,2,0.9266438786240364,0.7142857142857143,1.0,1,1,1.0,True
7318,4,0.7355583349993328,0.42857142857142855,1.0,1,2,0.8092869054759045,False
7319,3,0.0,0.0,1.0525,1,1,0.44999999999999996,False
7320,3,0.7155690436558098,0.4,1.0,1,2,0.7888153044239187,False
7321,3,0.11045603571535191,0.07692307692307693,1.0314285714285714,1,1,0.45448115816372225,False
7322,3,0.477321449230191,0.0,1.1764705882352942,0,1,0.5317091925272247,False
7323,4,0.24977919469678442,0.4,1.0714285714285714,0,1,0.639191083441479,False
7324,4,0.7096192442929241,0.5,1.02,0,1,0.8779320570779199,True
7327,4,0.2884823801587824,0.14285714285714285,1.1333333333333333,0,1,0.46863530578233525,False
7328,4,0.6682352987943765,0.42857142857142855,1.0285714285714285,0,1,0.8304341756737804,True
7329,4,0.6007892709139876,0.3333333333333333,1.0,1,1,0.761846195471074,True
7331,2,1.0,1.0,1.0,0,1,1.0,True
7332,2,0.9722027752027332,0.8,1.0714285714285714,0,1,1.0,True
7333,3,0.6841984244740812,1.0,1.0,1,1,0.9503707533460348,True
7334,2,0.875136300706093,0.5,1.0954616588419406,1,1,0.9166666666666667,True
7336,4,0.5883662370931301,0.2222222222222222,1.0,1,1,0.7102257418229817,False
7338,2,0.6372944916869071,0.3333333333333333,1.0,1,1,0.7774912900880395,True
7339,2,0.9312603900464202,1.0,1.0,0,1,1.0,True
7344,4,0.6822109285229796,0.5,1.0,1,1,0.866185636033658,True
7346,4,0.3448413736650398,0.1,1.0466666666666666,1,1,0.5549320172850171,False
7347,4,0.1569729449068307,0.0,1.1214285714285714,1,1,0.3944169763886417,False
7348,4,0.6099628912584832,0.2,1.0,1,1,0.7102221914917309,False
7349,4,0.40090029704125446,0.1111111111111111,1.0,1,1,0.5835868997901672,False
7350,4,0.8664891322794659,0.6666666666666666,1.0,1,1,0.9861111111111112,True
7351,4,0.02359213953460781,0.0,1.0,1,1,0.44999999999999996,False
7352,4,0.8987856782047307,0.6666666666666666,1.0,0,1,0.9861111111111112,True
7353,4,0.646301288312745,0.5,1.0,0,1,0.8507957902292718,True
7355,4,0.053779353336812545,0.0,1.0,1,1,0.44999999999999996,False
7356,4,0.6854455450998674,0.6666666666666666,1.0,1,1,0.9370163447253401,True
7357,4,0.8547546935531326,0.5,1.0,0,1,0.9166666666666667,True
7358,4,0.3787775866835536,0.25,1.0,0,1,0.6319761085786658,False
7359,4,0.0,0.0,1.0714285714285714,0,1,0.44999999999999996,False
7360,4,0.37980329833565135,0.2,1.0,0,1,0.6115823659533743,False
7361,4,0.61393805134788,0.3333333333333333,1.0,1,1,0.7674813870855994,True
7362,4,0.546814411704433,0.3333333333333333,1.0,2,1,0.6337141129526935,False
7363,4,0.3036521998052734,0.14285714285714285,1.0,0,1,0.5551366570594028,False
7364,4,0.4368120031130623,0.2,1.0,1,1,0.6360146680008362,False
7365,4,0.12811413748468276,0.1111111111111111,1.0,2,1,0.36167854569449365,False
7366,4,0.0,0.0,1.0,1,1,0.44999999999999996,False
7367,4,0.27722036433500025,0.16666666666666666,1.0,0,1,0.5537293624927778,False
7368,4,0.17876300656684818,0.14285714285714285,1.0,0,1,0.5016127171000778,False
7369,4,0.09610931173907047,0.0,1.0,0,1,0.44999999999999996,False
7370,4,0.6667143283266072,0.5555555555555556,1.145825,1,1,0.8026923840976465,True
7371,2,0.765132156191894,0.8,1.1111111111111112,0,1,0.9050566383679546,True
7380,3,0.5003135779227356,0.4444444444444444,1.0714000000000001,0,1,0.7650814804854051,True
7381,3,0.42196852961166986,0.2222222222222222,1.1363636363636365,1,1,0.5589124386166416,False
7382,3,0.15182890732116225,0.125,1.0,0,1,0.48262905551859336,False
7383,4,0.14761941582681287,0.2,1.0,0,1,0.5120749877353008,False
7385,4,0.10276212013647436,0.0,6.0,1,1,0.2911837657727747,False
7386,4,0.23564684196343275,0.1111111111111111,1.0714000000000001,1,1,0.5127639904711008,False
7387,4,0.45657135594132814,0.2,1.1111111111111112,1,1,0.564482962070093,False
7388,4,0.6691105844267223,0.5,1.0,1,1,0.8605712028495478,True
7389,4,0.6854766377290848,0.25,1.0,0,2,0.7134185590267508,False
7390,4,0.19005874182297533,0.16666666666666666,1.0,1,3,0.46637438141619575,False
7391,4,0.7545480279855978,0.5714285714285714,1.0,1,1,0.9269491548509705,True
7393,2,0.6124211025956474,0.45454545454545453,1.0,0,1,0.8173363166968359,True
7394,2,0.9167619676382123,0.7777777777777778,1.0,0,1,1.0,True
7395,2,0.9012110145278662,0.75,1.0,0,1,1.0,True
7396,2,0.8935184272503148,0.75,1.0,0,1,1.0,True
7397,2,0.9110387872608781,0.7777777777777778,1.0,0,1,1.0,True
7398,3,0.007243290951665608,0.0,1.0695187165775402,1,2,0.39999999999999997,False
7399,4,0.007427211799014744,0.0,1.0,1,1,0.44999999999999996,False
7400,4,0.17890049087168297,0.16666666666666666,1.0,2,2,0.35659227386564185,False
7403,4,0.19346467671499668,0.125,1.1,0,2,0.4504729566873796,False
7404,2,0.4125151820850039,0.3333333333333333,1.0526315789473684,1,2,0.6311573002586525,False
7405,4,0.007921664932858974,0.0,1.1666666666666667,0,1,0.37,False
7406,4,0.0,0.0,1.1764705882352942,1,1,0.37,False
7407,4,0.0,0.0,1.1764705882352942,1,1,0.37,False
7409,3,0.7785299414149537,1.0,1.068235294117647,0,1,0.9907985463206945,True
7410,3,0.30743894612638173,0.3333333333333333,1.1166666666666667,2,1,0.4511246277049572,False
7411,3,0.6903307102264403,0.6666666666666666,1.068235294117647,0,1,0.9391099869224426,True
7412,4,0.5760057372875422,0.6666666666666666,1.068235294117647,0,1,0.8901135699486292,True
7413,4,0.6186664404932203,0.6666666666666666,1.068235294117647,0,1,0.9083967284653485,True
7414,4,0.2338093243825106,0.3333333333333333,1.1333333333333333,3,1,0.41956907552901246,False
7415,2,0.8487230040955606,0.5,1.1333333333333333,2,1,0.7316666666666667,False
7416,4,0.6875916040513651,0.5,1.1333333333333333,2,1,0.6834916398315375,False
7417,3,0.6897186061138385,0.5,1.1333333333333333,2,1,0.6844032121440261,False
7418,4,0.7618414577561307,0.6,1.1333333333333333,2,1,0.7569796723716751,False
7419,4,0.25608147486386934,0.2857142857142857,1.1333333333333333,2,1,0.40927301303689634,False
7420,3,0.2607719639679392,0.25,1.1612903225806452,0,3,0.45140227027197394,False
7422,2,0.846301322892741,0.75,1.0,0,1,1.0,True
7425,4,0.548457025013607,0.375,1.0,1,2,0.7067792011963079,False
7427,4,0.8699228528954875,0.8,1.0135135135135136,1,1,1.0,True
7429,4,0.9192956702314222,1.0,1.0135135135135136,1,1,1.0,True
7430,4,0.7421144277971466,0.6,1.0277777777777777,1,1,0.9335252309606819,True
7431,3,0.7765367764629896,0.5,1.7272727272727273,1,1,0.7466109994365194,False
7432,4,0.9317150995104406,1.0,1.0277777777777777,1,1,1.0,True
7433,4,0.9237576595954955,1.0,1.0135135135135136,1,1,1.0,True
7434,3,0.9413342344685641,1.0,1.0135135135135136,1,1,1.0,True
7436,4,0.9323853424283782,1.0,1.0135135135135136,1,1,1.0,True
7438,4,0.5925396538454227,0.36363636363636365,1.0,1,2,0.7209369079250948,False
7439,4,0.43861629378038475,0.4,1.1029411764705883,0,1,0.640121268763022,True
7440,4,0.44375711625396363,0.4,1.1029411764705883,0,1,0.6423244783945559,True
7441,3,0.11515172391316206,0.16666666666666666,1.1111111111111112,1,1,0.40427137374056143,False
7442,4,0.29601115040379217,0.2,1.0588235294117647,0,1,0.575671445411149,False
7443,4,0.9063341799648754,1.0,1.0,1,1,1.0,True
7444,4,0.5244422038521833,0.4,1.1029411764705883,0,1,0.6769038016509358,True
7445,2,0.6856019068299432,0.6666666666666666,1.0588235294117647,0,1,0.9370833568953725,True
7446,3,0.8558148410801872,0.75,1.0,1,1,1.0,True
7447,3,0.5307438814200032,0.3333333333333333,1.0,0,1,0.731826742830795,True
7448,4,0.3861493705784005,0.2857142857142857,1.0,1,1,0.6500163969145526,False
7449,4,0.6233766817363686,0.4,1.0294117647058822,0,1,0.7993042921727295,True
7450,3,0.29134913997279077,0.2857142857142857,1.1508474576271188,0,1,0.5293877266550056,False
7451,4,0.7413867612456827,0.4,1.0007407407407407,2,1,0.744880040533864,False
7452,4,0.7370136191538563,0.5714285714285714,1.0,2,1,0.8144344082087955,False
7453,3,0.0,0.0,1.1048571428571428,0,1,0.37,False
7454,4,0.7410689853262937,0.5714285714285714,1.0,2,1,0.8161724222826974,False
7455,4,0.7111956696721826,0.5,1.0294117647058822,1,2,0.828607667954745,False
7456,3,0.6705102594773504,0.5,1.0,1,1,0.8611710635855312,True
7457,3,0.7619972069357386,0.6,1.0416666666666667,1,1,0.9420464220200784,True
7458,3,0.40796780601142163,0.14285714285714285,1.0,0,1,0.5998433454334664,False
7460,3,0.3989229963371804,0.16666666666666666,1.0,0,1,0.605887633350855,False
7461,4,0.5343525669779723,0.2857142857142857,1.0808,2,1,0.608532052514369,False
7462,4,0.7307044990505682,0.5714285714285714,1.0277777777777777,1,1,0.9167304995931007,True
7467,3,0.4176062410683885,0.2727272727272727,1.0,1,1,0.6580866574275778,True
7468,4,0.7535294372034459,0.5,1.0,1,1,0.8967507111824293,True
7469,4,0.7495690789390056,0.75,1.0,1,2,0.9283867481167168,False
7470,4,0.4680066488392444,0.3333333333333333,1.0,1,1,0.7049393574390412,True
7471,4,0.48618219542484203,0.3333333333333333,1.0227272727272727,0,1,0.7127288774042974,True
7472,4,0.7099186082395323,0.4,1.0007407407407407,2,1,0.731393689245514,False
7473,3,0.4895803666373454,0.5,1.0,0,1,0.7836296809398147,True
7474,4,0.7621996971852708,0.8,1.0,1,1,0.983799870222259,True
7475,4,0.7605579167846483,0.8,1.0,1,1,0.9830962500505636,True
7476,4,0.7647207025665154,1.0,1.0033333333333334,0,1,0.9848803010999352,True
7479,4,0.8571761517720383,0.6,1.008888888888889,0,1,0.9583333333333333,True
7480,4,0.10479627851643578,0.1111111111111111,1.1111111111111112,1,1,0.3766851775652449,False
7483,4,0.6118549941762993,0.2222222222222222,1.1707105719237434,2,1,0.5352923520014827,False
7484,4,0.11131080103473175,0.14285714285714285,1.0,0,1,0.47270462901488497,False
7486,4,0.7200619644775864,0.5,1.0909090909090908,1,1,0.8824075085856323,True
7487,4,0.7554025159679075,0.75,1.0,1,1,0.9808867925576747,True
7488,3,0.5005289477206052,0.5,1.0,1,1,0.7883219299754975,True
7490,3,0.713645050125377,0.6666666666666666,1.0031678986272439,1,1,0.9491018468791299,True
7493,3,0.7009673332985524,0.6666666666666666,1.0,0,1,0.9436685396676336,True
7494,4,0.1639701679860465,0.2,1.0,0,1,0.5190824529464009,False
7495,4,0.7130339310708458,0.75,1.0,0,1,0.9627288276017911,True
7496,4,0.08837726883809909,0.1111111111111111,1.0,1,1,0.4546296296296296,False
7498,4,0.6989224384850481,0.75,1.0,0,1,0.9566810450650205,True
7499,4,0.8243899444357154,0.5,1.0,1,1,0.9166666666666667,True
7500,4,0.5752637361785305,0.3,1.0,1,1,0.7370177916955607,True
7501,4,0.1401730367733568,0.14285714285714285,1.1041666666666667,0,1,0.4050741586171529,False
7502,3,0.6360611755479901,0.375,1.0,0,1,0.7943238371396149,True
7503,3,0.7111804325168295,0.6666666666666666,1.0031678986272439,1,1,0.9480455821897524,True
7504,4,0.3187939472706142,0.3333333333333333,1.0625,0,1,0.6409910567667712,False
7506,4,0.4363135399613818,0.3,1.1764705882352942,1,1,0.5974677076024969,True
7507,3,0.8415389776718273,0.5714285714285714,1.0,1,1,0.9464285714285714,True
7508,4,0.668243329986281,0.5,1.0933333333333333,0,1,0.8601995223750729,True
7509,2,0.835494458831268,0.625,1.0,1,1,0.96875,True
7511,4,0.9214535198029467,1.0,1.0,0,1,1.0,True
7512,4,0.6318076249291857,0.3333333333333333,1.0,0,1,0.7751397757633018,True
7513,2,0.709925557507373,0.75,1.0454545454545454,0,1,0.9613966675031598,True
7514,3,0.8077581857672714,0.5714285714285714,1.0,1,1,0.9464285714285714,True
7516,4,0.3052377631831502,0.125,1.0,1,1,0.5483757080308739,False
7518,4,0.2786780258982633,0.25,1.0,0,1,0.5890762968135413,False
7520,3,0.3854644931768047,0.3333333333333333,1.0,0,1,0.6695641478694242,False
7521,3,0.705429855471641,0.625,1.0,0,1,0.9282199380592748,True
7522,4,0.09187464958313506,0.1,1.0666666666666667,1,1,0.44999999999999996,False
7523,4,0.4460499195109641,0.3333333333333333,4.1,0,1,0.5355293305840639,False
7526,4,0.26789695690349985,0.125,1.15,1,1,0.45237250533959517,False
7527,4,0.5052406094086184,0.4,1.1111111111111112,1,1,0.6686745468894079,True
7528,4,0.20699465011156035,0.16666666666666666,1.0588235294117647,1,1,0.5236326278255894,False
7529,4,0.5065793008563463,0.4,1.0075566750629723,0,1,0.749248271795577,True
7530,3,0.5811403658646282,0.25,1.0,1,1,0.7187030139419835,True
7531,3,0.8897082028336437,0.75,1.0365853658536586,0,1,1.0,True
7532,4,0.6333691691224511,0.4,1.0075566750629723,0,1,0.8035867867667648,True
7533,4,0.7504403646828549,0.6,1.0075566750629723,0,1,0.9370934896259855,True
7534,2,0.8982470389694347,0.75,1.0,0,1,1.0,True
7535,4,0.3463882852277997,0.14285714285714285,1.1363636363636365,1,1,0.4934521222404855,False
7536,4,0.6406166594733229,0.75,1.0,0,1,0.9316928540599956,True
7537,4,0.1350205593857113,0.14285714285714285,1.0,0,1,0.4828659540224477,False
7538,4,0.0653920689296498,0.0,1.0,0,1,0.44999999999999996,False
7539,4,0.860753153059823,0.5714285714285714,1.0,1,1,0.9464285714285714,True
7540,4,0.8996032401629637,0.8333333333333334,1.0,1,1,1.0,True
7541,4,0.35401203948111476,0.2,1.0,0,1,0.6005289693014301,False
7542,2,0.9593067363644797,1.0,1.0,0,1,1.0,True
7543,4,0.0,0.0,1.0,0,1,0.44999999999999996,False
7544,4,0.20173636193620503,0.25,1.0,0,1,0.5561012979726593,False
7547,4,0.4526184536808858,0.14285714285714285,1.0,0,1,0.6189793372918082,False
7548,2,0.7699888430056023,0.5,1.0,1,1,0.9038047422404962,True
7549,4,0.5905843909847093,0.5,1.0,0,1,0.8269171199458278,True
7550,4,0.39584503603581644,0.5,1.0,0,1,0.7434573963963023,False
7551,2,0.95971095876293,1.0,1.0,0,1,1.0,True
7552,4,0.45608275507742607,0.14285714285714285,1.0,0,1,0.6204640378903254,False
7553,3,0.9135634835546698,1.0,1.0,1,1,1.0,True
7554,3,0.9673592762400652,1.0,1.0,1,1,1.0,True
7555,4,0.7109180567301207,0.6,1.0,1,1,0.9201553576462422,True
7556,4,0.3792263106230811,0.125,1.0,0,1,0.58008508550513,False
7557,4,0.6580454158861105,0.4,1.0,0,1,0.8141623210940474,True
7558,4,0.8529693953716698,0.5,1.0,0,1,0.9166666666666667,True
7560,4,0.08770355625552413,0.125,1.0,1,1,0.4604166666666667,False
7561,4,0.10124475818582968,0.125,1.0,1,1,0.46095013446059363,False
7562,4,0.09445240030037752,0.1111111111111111,1.0,0,1,0.4546296296296296,False
7563,4,0.025285218576572756,0.0,1.0,0,1,0.44999999999999996,False
7564,4,0.0,0.0,1.0,0,1,0.44999999999999996,False
7565,4,0.14713394434801003,0.0,1.0,0,1,0.4702002618634329,False
7566,4,0.0044310630493373075,0.0,1.0,0,1,0.44999999999999996,False
7567,4,0.0,0.0,1.1363636363636365,1,1,0.37,False
7568,4,0.22683725290146842,0.09090909090909091,1.0,1,1,0.5043588226720579,False
7569,4,0.3179557167989929,0.2,1.0,0,1,0.5850762595805208,False
7570,4,0.0,0.0,1.0,0,1,0.44999999999999996,False
7571,4,0.29933127632967,0.2222222222222222,1.0,0,1,0.5863536157814988,False
7572,4,0.44745029209634346,0.2857142857142857,1.0,0,1,0.6762882204222425,True
7573,4,0.5065647236369462,0.3333333333333333,1.0,0,1,0.7214642466380563,True
7574,3,0.7597491510558357,0.5,1.0,0,1,0.8994163028334534,True
7575,4,0.31822843625800157,0.14285714285714285,1.0,0,1,0.5613836155391435,False
7577,4,0.08266079038275581,0.1111111111111111,1.0714285714285714,1,1,0.4546296296296296,False
7578,4,0.836726740361398,0.6666666666666666,1.0,1,1,0.9861111111111112,True
7579,4,0.21204487743493708,0.0,1.0,0,1,0.4980192331864016,False
7580,4,0.464985269155486,0.25,1.0,0,1,0.668922258209494,True
7581,4,0.2687178455633949,0.2,1.0,0,1,0.5639743147652645,False
7582,4,0.30775121471761213,0.125,1.0,0,1,0.5494529015456433,False
7583,4,0.030931463189882952,0.0,1.0,0,1,0.44999999999999996,False
7584,4,0.10723611359372733,0.14285714285714285,1.0,1,1,0.4709583343973117,False
7585,4,0.2181720962643839,0.1111111111111111,1.0,0,1,0.505274813742937,False
7586,4,0.5279102390330399,0.16666666666666666,1.0,0,1,0.6611678802205092,False
7587,4,0.6384589509295464,0.0,1.0,0,1,0.6807681218269485,False
7588,4,0.4338558848234599,0.16666666666666666,1.0,0,1,0.6208588712735462,False
7589,4,0.328927311972794,0.16666666666666666,1.0,0,1,0.5758894829089752,False
7590,4,0.4152853283976432,0.0,1.0,0,1,0.58512228359899,False
7591,4,0.48511144808339307,0.125,1.0,0,1,0.625464430130978,False
7592,4,0.0,0.0,1.0,0,1,0.44999999999999996,False
7593,4,0.16590872391749625,0.14285714285714285,1.0,0,1,0.49610373882178405,False
7594,4,0.13992839724424216,0.0,1.0,0,1,0.4671121702475324,False
7595,4,0.30002345621042714,0.25,1.0,0,1,0.5982243383758973,False
7596,4,0.008214581940140122,0.0,1.0,0,1,0.44999999999999996,False
7597,4,0.0,0.0,1.0,0,1,0.44999999999999996,False
7598,4,0.040176819651979265,0.0,1.0,0,1,0.44999999999999996,False
7599,4,0.20684221396017669,0.125,1.0,0,1,0.5062061869353138,False
7600,4,0.1691963407391363,0.25,1.0,0,1,0.542155574602487,False
7601,2,0.7104534322419445,0.5714285714285714,1.0014285714285716,0,1,0.9080514709608334,True
7602,3,0.7818480652395672,0.6666666666666666,1.0,0,1,0.9783317104994971,True
7603,3,0.721610691946115,0.6666666666666666,1.0,0,1,0.9525156933737318,True
7604,2,0.8192176875524244,0.8333333333333334,1.0014285714285716,0,1,1.0,True
7605,2,0.9042313342927751,0.8333333333333334,1.0,0,1,1.0,True
7606,2,0.9999999999999996,1.0,1.0,1,2,0.9500000000000001,False
7607,2,0.7135354075800511,0.5,1.0,1,2,0.829610412772403,False
7608,4,0.7863590494061221,0.6666666666666666,1.0,0,1,0.9802649894280206,True
7609,4,0.26836153680294345,0.25,1.04,1,1,0.5846549443441186,False
7610,3,0.49906571506410974,0.3333333333333333,1.0,0,1,0.7182503858211263,True
7611,2,1.0000000000000004,1.0,1.0,0,1,1.0,True
7612,2,1.0000000000000009,1.0,1.0,0,2,0.9500000000000001,False
7613,2,0.6749000671885339,0.6,1.0,0,1,0.9047190764141335,True
7614,2,0.8966041355555043,0.6,1.0,0,1,0.9583333333333333,True
7615,2,0.6638622718147583,0.6,1.0,0,1,0.8999885926825155,True
7616,3,0.8671409345818057,0.8333333333333334,1.0,0,2,0.9500000000000001,False
7617,3,0.9459841648701259,1.0,1.0,0,1,1.0,True
7618,4,0.006323652806348058,0.0,1.0526315789473684,0,1,0.44999999999999996,False
7619,3,0.9657771924139822,1.0,1.0,0,1,1.0,True
7620,2,0.9999999999999993,1.0,1.0,0,1,1.0,True
7621,2,0.9159717895909074,1.0,1.0,0,1,1.0,True
7622,3,0.2950949084995517,0.2857142857142857,1.1082706766917294,1,1,0.5309930560236173,False
7623,3,0.5064302791083426,0.5,1.043076923076923,0,1,0.7908510719988135,True
7624,4,0.8004114273353872,0.6666666666666666,1.0,0,2,0.9361111111111112,False
7625,3,0.6064139896752487,0.6,1.0,0,2,0.8253679003370115,False
7626,4,0.5860306198105548,0.5,1.0416666666666667,0,1,0.824965503728333,True
7627,4,0.12797462766019188,0.16666666666666666,1.1764705882352942,1,1,0.40976690391785997,False
7628,2,0.8728586305696854,0.8333333333333334,1.0,0,1,1.0,True
7629,4,0.7987600323065066,0.6,1.0,0,1,0.9578019186075504,True
7630,2,0.9999999999999998,1.0,1.0,0,1,1.0,True
7631,2,0.5644541072932158,0.5,1.0,1,1,0.8157184269351878,True
7632,2,0.9999999999999998,1.0,1.0,0,2,0.9500000000000001,False
7633,4,0.1970944733773473,0.16666666666666666,1.0318181818181817,0,1,0.519389694939498,False
7634,2,0.7757688416232618,0.5,1.0,0,1,0.9062818845052074,True
7635,3,0.2299235988020935,0.16666666666666666,1.0857142857142856,0,1,0.5334593201215321,False
7636,4,0.17832890794330505,0.1111111111111111,1.0769230769230769,0,1,0.48819916160533183,False
7637,3,0.8485141030698977,1.0,1.0,1,1,1.0,True
7639,4,0.33567973134501783,0.2857142857142857,1.0,1,1,0.6283865515288172,False
7640,3,0.8429670245790252,0.75,1.0,1,1,1.0,True
7641,4,0.306478199078106,0.16666666666666666,4.0,1,1,0.4062684345255375,False
7642,4,0.1544931043848038,0.14285714285714285,4.0,1,2,0.2812113304506302,False
7644,3,0.6524621455068617,0.75,1.0,1,1,0.9367694909315122,True
7645,3,0.4750631050450973,0.4,1.0,1,1,0.7357413307336131,True
7646,2,0.9999999999999999,1.0,1.0,0,1,1.0,True
7647,4,0.442299933886818,0.16666666666666666,1.0606060606060606,0,1,0.6244777494435569,False
7648,2,0.9999999999999994,1.0,1.0,1,1,1.0,True
7649,3,0.8598435718602785,0.6666666666666666,1.0,1,1,0.9861111111111112,True
7650,3,0.06468167224589046,0.125,1.0,1,1,0.4604166666666667,False
7651,3,0.4606944392801672,0.5555555555555556,1.0,1,1,0.7943981459348866,True
7653,2,0.6424632810431663,0.5,1.0,1,1,0.8491509299708808,True
7654,3,0.9999999999999996,1.0,1.0,1,1,1.0,True
7655,3,0.0030010106669966915,0.0,1.1428571428571428,0,1,0.37,False
7657,2,0.929966981003122,1.0,1.0,0,1,1.0,True
7658,4,0.8182191163262469,0.625,1.0,0,1,0.96875,True
7660,4,0.14664642211678447,0.14285714285714285,1.05,1,1,0.48784846662147907,False
7662,3,0.7722030643952209,0.6,1.0,0,1,0.9464203609312851,True
7664,4,0.2373467267249376,0.4,1.0004301849795412,1,1,0.6338628828821161,False
7665,3,0.6775349761499356,0.5,1.0,0,1,0.8641816564452105,True
7666,3,0.5482201874645506,0.4,1.0,2,1,0.662094366056236,False
7667,2,0.9999999999999992,1.0,1.0,1,1,1.0,True
7668,3,0.30073373069527476,0.25,1.0,1,1,0.5985287417265464,False
7670,4,0.17598745891503245,0.2,1.0,2,1,0.4192327204873949,False
7671,4,0.0036183602143162966,0.0,1.0526315789473684,1,1,0.44999999999999996,False
7673,3,0.42995023132031857,0.3333333333333333,1.0,2,1,0.5836294642166444,False
7674,4,0.2059505767998595,0.14285714285714285,1.0,0,1,0.5132645329142255,False
7675,4,0.8603450102993132,0.6666666666666666,1.0,0,1,0.9861111111111112,True
7676,2,0.4776671407901856,0.4,1.0,0,1,0.7368573460529366,True
7677,4,0.6261247147026422,0.6666666666666666,1.0125,0,1,0.9115931316979577,True
7678,4,0.374752338291237,0.2857142857142857,1.0,2,2,0.4901319545057682,False
7680,3,0.9442626521517776,1.0,1.0,0,1,1.0,True
7681,3,0.5885378676698161,0.3333333333333333,1.0,2,1,0.6515955940807149,False
7682,4,0.0,0.0,1.0,0,1,0.44999999999999996,False
7683,4,0.9517049438249046,1.0,1.0,1,1,1.0,True
7684,3,0.34643183893469026,0.14285714285714285,1.1,1,1,0.5734707881148672,False
7686,4,0.9497673191480647,1.0,1.0,1,1,1.0,True
7687,4,0.7417068702417825,0.5,1.05,0,1,0.8916838967702878,True
7688,3,0.0,0.0,1.1577777777777778,1,1,0.37,False
7689,3,0.2124424271065259,0.16666666666666666,1.0373443983402488,2,1,0.42096738939486034,False
7690,4,0.4186501834721532,0.2857142857142857,1.05,0,1,0.6639453167261609,True
7691,4,0.15138187466853084,0.1,1.1,1,1,0.47202080342937036,False
7692,3,0.546447765613436,0.4444444444444444,1.0,0,1,0.784853275209991,True
7694,4,0.0,0.0,1.0416666666666667,0,1,0.44999999999999996,False
7695,4,0.27557751666797614,0.0,1.1428571428571428,1,1,0.4452475071434183,False
7696,4,0.3403240011918941,0.25,1.037037037037037,0,2,0.5654960005108118,False
7697,3,0.23546774178063598,0.2222222222222222,1.0,2,1,0.45398352954619847,False
7698,3,0.9474022661979993,1.0,1.0,0,1,1.0,True
7700,4,0.018869196918216626,0.0,1.0075566750629723,1,1,0.44999999999999996,False
7701,2,0.8121589921197301,0.75,1.0,1,1,1.0,True
7702,4,0.2163967355440994,0.16666666666666666,1.0,0,1,0.5276620930109632,False
7703,4,0.0,0.0,1.1521739130434783,0,1,0.37,False
7705,3,0.12875575837190473,0.14285714285714285,1.1764705882352942,1,1,0.4001810393022448,False
7706,2,0.9251189339995137,0.75,1.0,1,1,1.0,True
7707,3,0.953569180467423,1.0,1.0526315789473684,1,1,1.0,True
7708,3,0.0768510974568485,0.08333333333333333,1.1,1,1,0.44999999999999996,False
7709,2,0.6206122278175358,0.5,1.0625,1,1,0.8397861928741821,True
7710,3,0.2763920709775579,0.3333333333333333,1.0074074074074073,0,1,0.622818824069747,False
7711,4,0.28688897717174616,0.14285714285714285,1.1320754716981132,0,1,0.4679524187878912,False
7712,3,0.5697579611707795,0.5,1.0,1,1,0.8179915071684294,True
7713,2,0.9523265518248848,1.0,1.0,1,1,1.0,True
7714,3,0.637108692443136,0.5,1.0,1,1,0.8468561062851536,True
7715,4,0.2763544937526879,0.125,1.0,0,1,0.5359971639892471,False
7716,2,0.9311018053568191,0.8333333333333334,1.0,1,1,1.0,True
7718,3,0.8014724041871725,0.6666666666666666,1.0,1,1,0.9861111111111112,True
7719,4,0.4401318577350815,0.4,1.171875,2,1,0.5357707961721778,False
7721,3,0.6811992381860259,0.3333333333333333,1.0,0,1,0.7963076100162334,True
7722,4,0.24737891631015674,0.125,1.0526315789473684,1,1,0.5235790593710196,False
7723,4,0.1086728494034616,0.16666666666666666,1.0625,0,1,0.48149471323640414,False
7724,4,0.14074652799827958,0.14285714285714285,1.0,0,2,0.43531994057069123,False
7725,4,0.17605368189069404,0.125,1.1111111111111112,2,1,0.30801110176267843,False
7726,3,0.21408880864596147,0.1111111111111111,1.0526315789473684,1,1,0.5035248333350416,False
7727,3,0.7076472826442358,0.5,1.0699999999999998,1,1,0.8770869306570535,True
7728,4,0.3968243756280121,0.2857142857142857,1.0,0,1,0.6545913990786718,False
7729,4,0.0,0.0,1.1,1,1,0.44999999999999996,False
7730,4,0.7285246955659209,0.6,1.0,0,1,0.9277010600044424,True
7731,4,0.9526428842955559,1.0,1.0,1,1,1.0,True
7732,4,0.04920646087558198,0.0,1.1111111111111112,1,1,0.37,False
7735,4,0.2797977633952903,0.2857142857142857,1.0,0,1,0.6044371366932196,False
7736,4,0.0,0.0,1.0,0,1,0.44999999999999996,False
7737,3,0.6907023115879138,0.6,1.0,1,1,0.9114914668710108,True
7738,2,1.0000000000000004,1.0,1.0,1,1,1.0,True
7739,4,0.6644456517240366,0.375,1.0,1,1,0.8064886126436348,True
7740,3,0.3295978690429268,0.16666666666666666,1.0,1,1,0.5761768645104607,False
7742,3,0.6288700893004527,0.2857142857142857,1.12,0,1,0.6740395620811463,True
7743,4,0.7303492720216558,0.2857142857142857,1.0,1,1,0.7975306403902335,True
7744,2,1.0,1.0,1.1,1,1,1.0,True
7745,3,0.29867123220105396,0.14285714285714285,1.1764705882352942,0,1,0.4730019566575945,False
7747,3,0.6399902038283491,0.25,1.0,0,1,0.7439243730692925,True
7748,2,1.0,1.0,1.0,0,1,1.0,True
7749,2,0.9999999999999999,1.0,1.0,0,1,1.0,True
7750,3,0.8212358457166279,0.6666666666666666,1.0,0,1,0.9861111111111112,True
7753,4,0.863482854186625,0.8333333333333334,1.0,1,1,1.0,True
7754,4,0.3219543933481748,0.4,1.0,1,1,0.6701233114349321,False
7755,4,0.5495374027183355,0.4,1.05,0,1,0.7676588868792866,True
7756,3,0.4584594895903727,0.16666666666666666,1.0,1,1,0.6314032733165089,False
7757,4,0.0,0.0,1.0,1,1,0.44999999999999996,False
7758,2,1.0,1.0,1.1,1,1,1.0,True
7759,3,0.6963019421778133,0.4,1.015625,1,1,0.8305579752190628,True
7760,3,0.33515064598812466,0.25,1.1764705882352942,1,1,0.5332788482806248,False
7761,2,0.9626089859496166,1.0,1.0,1,1,1.0,True
7762,4,0.5691949932124403,0.5714285714285714,1.0,1,1,0.8475121399481886,True
7765,2,0.9999999999999993,1.0,1.0,0,1,1.0,True
7766,3,0.800383369686132,0.6,1.0076923076923077,0,1,0.9583333333333333,True
7767,4,0.0,0.0,1.12,0,1,0.37,False
7768,3,0.8762112410418822,1.0,1.015625,1,1,1.0,True
7769,3,0.8123200581337802,0.75,1.015625,1,1,1.0,True
7770,2,1.0000000000000004,1.0,1.1,1,1,1.0,True
7771,4,0.7445225797035131,0.6,1.03,1,1,0.9345572960634103,True
7772,3,0.6677556337161035,0.4,1.0,2,1,0.7133238430211872,False
7773,3,0.14515913433111288,0.14285714285714285,1.14,2,1,0.30221105757047695,False
7775,4,0.24950487130321766,0.14285714285714285,1.0,3,1,0.42693065912995043,False
7776,4,0.0,0.0,1.068235294117647,1,1,0.44999999999999996,False
7777,2,0.769194717713028,0.8,1.0,1,1,0.9867977361627263,True
7778,3,0.8650408659349709,0.6,1.0,0,1,0.9583333333333333,True
7780,3,0.9248242017545778,1.0,1.015625,1,1,1.0,True
7781,4,0.6128784665962708,0.5,1.01,1,1,0.8364717237793542,True
7782,4,0.011349005512313161,0.0,1.12,1,1,0.37,False
7783,4,0.15602605312970255,0.1111111111111111,1.0769230769230769,0,1,0.47864079525664505,False
7787,3,0.005462865697437623,0.0,1.0,0,1,0.44999999999999996,False
7792,2,0.6982192288161561,0.6666666666666666,1.056338028169014,1,1,0.9424907806037495,True
7793,3,0.19441844493463614,0.1,1.0526315789473684,1,1,0.4904650478291298,False
7795,2,0.8620658333544364,0.6,1.0,1,1,0.9583333333333333,True
7796,4,0.16535147254699203,0.125,1.1333333333333333,1,1,0.4084244406153775,False
7798,4,0.18251909958399035,0.3333333333333333,1.096774193548387,1,1,0.5825875506153609,False
7800,4,0.010621731519249413,0.0,4.2105263157894735,1,1,0.29000000000000004,False
7805,4,0.36316255716737594,0.2,1.0,1,1,0.6044506197383992,False
7806,4,0.4186367002973462,0.42857142857142855,1.0666666666666667,1,1,0.7234633477464817,True
7809,3,0.16283586011416723,0.1111111111111111,1.1,0,1,0.4815592839642727,False
7810,4,0.16466076867539123,0.18181818181818182,1.0578279266572637,1,1,0.5118026670946482,False
7811,4,0.046207311527589945,0.0,1.0,0,1,0.44999999999999996,False
7812,3,0.4007965976543498,0.5,1.0714285714285714,1,1,0.7455794942328166,True
7814,3,0.07862329497512528,0.1,1.03125,0,1,0.44999999999999996,False
7815,3,0.48442966160088285,0.42857142857142855,1.0,0,1,0.7516603311622831,True
7817,4,0.13150838298090312,0.125,1.1764705882352942,0,1,0.393920259372768,False
7818,4,0.0,0.0,1.0555555555555556,1,1,0.44999999999999996,False
7819,2,0.9262592809929439,1.0,1.0,0,1,1.0,True
7820,3,0.15447350152574338,0.16666666666666666,1.0,1,1,0.5011235641459535,False
7821,4,0.9650088238503443,1.0,1.0,1,1,1.0,True
7822,4,0.30853102252967984,0.16666666666666666,1.0833333333333333,1,1,0.5671482160047834,False
7823,3,0.8122305584369935,0.6,1.0,1,1,0.9583333333333333,True
7824,4,0.12554335065705594,0.09090909090909091,1.12,1,1,0.3809471502815954,False
7827,4,0.11506051616888717,0.16666666666666666,1.0,0,2,0.43423228470730085,False
7828,2,0.951382378741787,0.8333333333333334,1.0,0,1,1.0,True
7829,4,0.5008499826670609,0.375,1.0,1,1,0.7363761830477881,True
7830,3,0.009716091337850279,0.0,1.1666666666666667,0,1,0.37,False
7832,3,0.2823162538823038,0.14285714285714285,1.0833333333333333,1,1,0.545992680235273,False
7833,3,0.5598500900949168,0.5,1.04,0,1,0.8137452767073454,True
7834,2,0.8655912901185795,0.75,1.03,1,1,1.0,True
7835,4,0.5210477997301665,0.5,1.0714285714285714,1,1,0.7971157236938808,True
7836,3,0.5494932963953697,0.5,1.0,2,1,0.7043066508361109,False
7837,2,0.9449376428822726,1.0,1.0,1,1,1.0,True
7838,4,0.008721412274358908,0.0,1.0869565217391304,1,1,0.44999999999999996,False
7839,4,0.17925445188255396,0.07142857142857142,1.065,0,1,0.48396619366395166,False
7840,2,0.8254015448311085,0.8333333333333334,1.008846153846154,1,1,1.0,True
7841,3,0.4994808922621256,0.4,1.0714285714285714,1,1,0.7462060966837681,True
7842,2,0.9072121918871732,0.8,1.0,1,1,1.0,True
7843,2,1.0,1.0,1.0,1,1,1.0,True
7844,3,0.1598200571042398,0.16666666666666666,1.0,1,1,0.5034149451081662,False
7846,3,0.0026774981547085523,0.0,1.08,0,1,0.44999999999999996,False
7847,4,0.00832201499213038,0.0,1.0666666666666667,1,1,0.44999999999999996,False
7848,3,0.3073535398327704,0.2,1.0,1,1,0.5805324694521397,False
7849,4,0.234382944471882,0.1,1.111764705882353,1,1,0.42759269048794935,False
7851,4,0.0,0.0,1.1607142857142858,1,1,0.37,False
7852,2,0.7658947155234377,0.6,1.0,1,1,0.9437167828433781,True
7854,2,0.5092866110571316,0.4,1.0,0,1,0.7504085475959137,True
7855,2,0.6289741970662424,0.6,1.0,1,1,0.8850365606474373,True
7856,2,0.9148562312867867,1.0,1.015625,1,1,1.0,True
7857,3,0.7661659182258439,0.42857142857142855,1.0,1,1,0.8724044411444094,True
7858,4,0.0,0.0,4.055555555555555,2,1,0.185,False
7859,2,0.9745556822130805,1.0,1.0,1,1,1.0,True
7861,4,0.12361913523551592,0.14285714285714285,1.0,0,1,0.4779796293866496,False
7862,2,0.7128314216610817,0.6,1.0,1,1,0.9209753711880826,True
7863,4,0.0,0.0,1.1764705882352942,0,1,0.37,False
7864,4,0.3809787228790051,0.2857142857142857,1.0,0,1,0.6478004050433831,False
7865,4,0.11493196664480095,0.2857142857142857,1.1,0,1,0.5337803666572957,False
7866,4,0.0,0.0,1.1363636363636365,0,1,0.37,False
7867,4,0.12391542001369135,0.16666666666666666,1.125,0,1,0.4080272434979312,False
7868,2,0.9616759840001972,1.0,1.0,0,2,0.9500000000000001,False
7870,4,0.0,0.0,1.04,0,1,0.44999999999999996,False
7871,4,0.9553949653060878,1.0,1.0294117647058822,0,1,1.0,True
7872,4,0.7738517820402573,0.5,1.0,0,2,0.8554602875410627,False
7873,3,0.540281816650944,0.42857142857142855,1.0,0,2,0.7255969690408809,False
7874,4,0.43591950338711033,0.2857142857142857,1.0,0,1,0.6713464538325711,True
7875,2,0.9999999999999993,1.0,1.0,0,1,1.0,True
7876,4,0.0,0.0,1.1428571428571428,0,1,0.37,False
7877,4,0.5582875404600516,0.14285714285714285,1.125,0,2,0.5342660887685936,False
7878,3,0.84369761983461,1.0,1.0,0,1,1.0,True
7879,4,0.0,0.0,1.008,1,1,0.44999999999999996,False
7880,4,0.0,0.0,1.1479591836734695,1,1,0.37,False
7881,3,0.7460952972877593,0.6,1.0,0,1,0.9352313178852303,True
7882,3,0.999999999999999,1.0,1.0,0,1,1.0,True
7883,3,0.189996304472689,0.0,1.04,0,1,0.48856984477400955,False
7885,4,0.49958882157382994,0.3333333333333333,1.0105263157894737,0,3,0.6684745743252922,False
7888,4,0.0,0.0,1.144,0,1,0.37,False
7889,3,0.5945745865866657,0.2,1.125,0,1,0.6236272037752377,False
7890,3,0.001964318923700146,0.0,1.0166666666666666,0,1,0.44999999999999996,False
7891,4,0.0,0.0,1.1428571428571428,0,2,0.32,False
7892,3,0.670766841924291,0.5,1.0,0,1,0.8612810274913629,True
7893,3,0.738680147069122,0.625,1.1045655375552281,1,2,0.8124700630296239,False
7894,3,0.9033009168575707,0.8333333333333334,1.0,1,1,1.0,True
7895,4,0.665955613496994,0.4,5.0,1,1,0.6575524057844261,False
7896,3,0.006636228312749343,0.0,1.0204081632653061,1,1,0.44999999999999996,False
7897,4,0.5152208529465209,0.25,1.0,1,1,0.6904517941199375,True
7898,4,0.6818557593301113,0.5,1.0,1,1,0.8660334206652858,True
7899,2,0.8072198225931956,1.0,1.0,1,1,1.0,True
7900,4,0.0,0.0,1.0526315789473684,1,1,0.44999999999999996,False
7901,4,0.0,0.0,1.0,0,1,0.44999999999999996,False
7902,4,0.06850441911604807,0.08333333333333333,1.0,0,1,0.44999999999999996,False
7903,4,0.20629198989234807,0.14285714285714285,5.06,1,1,0.35341085281100626,False
7905,3,0.2738201144601955,0.16666666666666666,1.032,0,1,0.5522721125464329,False
7907,4,0.4980170078766548,0.4,1.1764705882352942,0,1,0.6655787176614235,True
7909,4,0.3944291319057208,0.3333333333333333,1.07,0,1,0.6734061358961025,False
7910,3,0.5401672460164512,0.6,1.1702127659574468,0,1,0.7669764387689553,True
7916,3,0.3573599635791229,0.3333333333333333,1.0416666666666667,0,2,0.6075193494704179,False
7917,3,0.1667539011781093,0.125,1.1428571428571428,0,1,0.4090254814572849,False
7918,4,0.9445471695535002,1.0,1.0,0,2,0.9500000000000001,False
7919,4,0.8016313713371116,0.3333333333333333,1.1764705882352942,0,1,0.7672222222222222,True
7920,3,0.9670986169388707,1.0,1.0,0,2,0.9500000000000001,False
7922,4,0.5960219050997043,0.3333333333333333,1.1333333333333333,0,2,0.6298030386935242,False
7923,4,0.607361338596654,0.5,1.1428571428571428,0,2,0.7041072403509471,False
7924,4,0.8117011447119026,0.3333333333333333,1.1764705882352942,0,1,0.7672222222222222,True
7925,4,0.5533314001442253,0.3333333333333333,1.1764705882352942,0,1,0.6615071079983188,True
7926,4,0.6082195349475666,0.5,1.1764705882352942,0,1,0.7544750387870524,True
7929,2,1.0,1.0,1.0,0,2,0.9500000000000001,False
7930,4,0.0033426737583850475,0.0,1.0714285714285714,0,1,0.44999999999999996,False
7933,3,0.3650480086480212,0.42857142857142855,1.08,0,1,0.7004967656110567,False
7935,3,0.5772330640269536,0.5,1.0,0,1,0.8211951226782183,True
7936,4,0.3434627361663709,0.14285714285714285,1.0,0,1,0.5721983154998732,False
7937,4,0.31350925658677065,0.2,1.1111111111111112,0,1,0.5031706337752826,False
7939,4,0.3299524143184354,0.14285714285714285,1.05,0,1,0.5664081775650437,False
7941,4,0.7507750307900795,0.75,1.098901098901099,0,1,0.9789035846243197,True
7942,4,0.28991983531650645,0.25,1.0,0,1,0.5938942151356456,False
7943,4,0.0,0.0,1.1111111111111112,0,1,0.37,False
7944,4,0.3953258664289671,0.16666666666666666,1.0,0,1,0.604346006247335,False
7945,4,0.7972103039317869,0.6666666666666666,1.0,0,2,0.9349155270818771,False
7946,3,0.35688325582319963,0.25,1.06,0,2,0.5725928239242285,False
7948,3,0.8741012417431611,1.0,1.1333333333333333,0,2,0.8700000000000001,False
7949,2,0.9642135804330209,1.0,1.0,0,2,0.9500000000000001,False
7950,3,0.2508855148309634,0.14285714285714285,1.1333333333333333,0,2,0.40252236349898424,False
7951,3,0.23928187501834372,0.14285714285714285,1.0666666666666667,0,2,0.4775493750078616,False
7952,4,0.49172670029623883,0.6,1.1368421052631579,1,1,0.7462162048888642,True
7953,4,0.2694857177343805,0.16666666666666666,1.0666666666666667,0,2,0.5004145139496552,False
7954,4,0.3728266575135337,0.5,1.0318181818181817,0,1,0.7335923770296097,False
7955,3,0.19767027577705013,0.1111111111111111,1.0526315789473684,1,1,0.49648831924836534,False
7961,4,0.6029564104528989,0.5,1.0,1,2,0.7822194140036235,False
7962,4,0.5791044855222591,0.5555555555555556,1.0,1,2,0.7951453086100689,False
7964,4,0.3790130153194113,0.3333333333333333,1.1428571428571428,0,1,0.5867992287876842,False
7965,4,0.0,0.0,1.1,0,1,0.44999999999999996,False
7968,3,0.289704646958819,0.2857142857142857,1.0454545454545454,1,1,0.6086829439347319,False
7970,3,0.007745819618919112,0.0,1.125,0,1,0.37,False
7971,2,0.9443913081209111,1.0,1.0,1,1,1.0,True
7973,3,0.2058660132466734,0.14285714285714285,1.09375,1,1,0.5132282913914314,False
7977,4,0.1157541126804702,0.125,1.12,1,2,0.33716842924401097,False
7978,4,0.2186846626870331,0.16666666666666666,1.0415999999999999,1,2,0.47864263321507766,False
7980,4,0.21887521360325857,0.16666666666666666,1.0,1,1,0.52872429789346,False
7982,4,0.0883899788694107,0.125,1.08,1,2,0.41041666666666665,False
7983,3,0.7960793003887969,0.6,1.0,1,1,0.9566530334999606,True
7984,3,0.16763775539965303,0.0,1.0416666666666667,0,1,0.47898760945699415,False
7986,4,0.09491726331601771,0.16666666666666666,1.1764705882352942,0,2,0.34777777777777774,False
7992,4,0.666508835195442,0.5,1.0,0,1,0.8594561674647132,True
7997,4,0.18799528849342806,0.2,1.118421052631579,0,1,0.44937893316385014,False
7998,3,0.7659024369625089,0.5,1.0,0,1,0.9020534253648849,True
7999,4,0.24976422108405621,0.16666666666666666,1.117121354656632,0,1,0.461962443956659,False
8004,4,0.5248503917587148,0.5,1.0693333333333332,0,1,0.7987454059918302,True
8006,4,0.3641709094795818,0.2222222222222222,1.1111111111111112,0,1,0.5341420299886038,False
8008,3,0.3956190237914865,0.42857142857142855,1.0,0,1,0.7135986292439703,False
8012,2,0.5092270900526393,0.36363636363636365,1.1,0,1,0.7352315234424731,True
8013,3,0.5753714870292744,0.6666666666666666,1.0,0,1,0.8898417484093717,True
8014,3,0.3298305533104211,0.36363636363636365,1.0,0,1,0.6583472934100939,False
8015,3,0.6385397251491873,0.6666666666666666,1.0,0,1,0.9169138504607628,True
8016,4,0.7063141115125675,0.5714285714285714,1.0,0,1,0.906277476362529,True
8017,3,0.5474387855362401,0.625,1.0,0,1,0.8605094795155315,True
8022,4,0.32242568473196487,0.3333333333333333,1.1013215859030836,0,3,0.5125475156787787,False
8023,4,0.25978838809720056,0.2,1.0526315789473684,0,1,0.5601474044226098,False
8029,3,0.32094249521240137,0.25,1.0,0,1,0.6071896408053149,False
8032,4,0.1750830771391649,0.1,1.0,0,2,0.4321784616310707,False
8034,4,0.36602960014036606,0.16666666666666666,1.1111111111111112,0,1,0.5117904635522204,False
8035,4,0.1618888517729523,0.2,1.0,0,2,0.46819046028364625,False
8036,4,0.44764915365076957,0.2222222222222222,1.1111111111111112,0,2,0.5199184203476843,False
8039,4,0.06299091877862022,0.14285714285714285,1.1333333333333333,1,1,0.3878571428571428,False
8041,4,0.3436115683439913,0.3333333333333333,1.0166666666666666,0,1,0.6516271800839327,False
8042,3,0.37047939486931997,0.23076923076923078,1.02,0,1,0.6204069201454595,False
8043,4,0.20104793814469255,0.125,1.15,1,2,0.3737229258715349,False
8044,4,0.07754212106083488,0.08333333333333333,1.1303191489361701,0,1,0.37,False
8046,4,0.6509469684445565,0.4,1.0,1,1,0.8111201293333814,True
8050,4,0.2403784347609718,0.2222222222222222,1.1111111111111112,0,2,0.4310881122520566,False
8051,4,0.2063188236669624,0.125,1.1666666666666667,0,2,0.3759818768096505,False
8052,4,0.12042326240453222,0.16666666666666666,1.0,0,1,0.48653060452257724,False
8054,4,0.3605617986191206,0.2727272727272727,1.0810810810810811,0,1,0.6336390392350343,False
8056,4,0.31865417371804405,0.3333333333333333,1.1363636363636365,0,1,0.5609311538156696,False
8057,4,0.09921911680836659,0.15384615384615385,1.1764705882352942,0,1,0.39243589743589746,False
8058,4,0.9525195044482361,1.0,1.0,1,2,0.9500000000000001,False
8059,3,0.04977119761228869,0.0625,1.0766666666666667,0,1,0.44999999999999996,False
8062,4,0.20000710661881035,0.2222222222222222,1.1428571428571428,1,2,0.4137861144768446,False
8066,4,0.09735761102072896,0.1,1.1428571428571428,0,1,0.37,False
8068,4,0.11700291377448116,0.125,1.0,0,1,0.4677036297128728,False
8070,4,0.28284846124120566,0.2222222222222222,1.1111111111111112,0,2,0.4492895521721569,False
8073,2,0.7088326531207902,0.8,1.1538461538461537,0,1,0.8809282799089101,True
8074,4,0.2171191560343072,0.25,1.0,0,1,0.5626939240147031,False
8076,4,0.8136294325225513,0.42857142857142855,1.0,0,2,0.8369047619047619,False
8077,4,0.657966994996433,0.5,1.0714285714285714,0,1,0.855795378807995,True
8078,4,0.8665148341940132,0.8,1.0,1,1,1.0,True
8079,4,0.2717534110520685,0.2222222222222222,1.0,0,1,0.5745345306625267,False
8082,4,0.4189256853347184,0.2857142857142857,1.008888888888889,0,1,0.6640633889529746,True
8087,4,0.27295773723018085,0.25,1.0,0,1,0.5866247445272204,False
8095,4,0.2991118702620768,0.1111111111111111,1.1363636363636365,0,1,0.45996328831337685,False
8096,3,0.23129155748533956,0.2222222222222222,1.0666666666666667,0,1,0.5571937362767857,False
8097,4,0.3303047988978119,0.3,1.0,0,1,0.6320353900038241,False
8099,4,0.18475777080825007,0.18181818181818182,1.0,0,1,0.5204156680087305,False
8100,4,0.14848007040350542,0.1,1.0909090909090908,0,1,0.4707771730300737,False
8101,4,0.3346168149942275,0.25,1.1764705882352942,1,1,0.5330500635689546,False
8102,4,0.24031850108650912,0.125,1.1428571428571428,1,1,0.4405531671323134,False
8107,3,0.4033292864483293,0.4,1.125,1,1,0.6249982656207126,True
8108,4,0.08728173473791209,0.1,1.1764705882352942,1,1,0.37,False
8109,3,0.09430323779163503,0.1,1.048780487804878,1,1,0.44999999999999996,False
8110,4,0.12298282956882199,0.14285714285714285,1.1629955947136563,1,1,0.39770692695806653,False
8113,4,0.6394450765827049,0.42857142857142855,1.0,0,1,0.8180955090116355,True
8114,4,0.38956864522250345,0.25,1.008888888888889,0,2,0.5866008479525016,False
8115,4,0.6496257018415942,0.6666666666666666,1.1428571428571428,0,2,0.7916649833289372,False
8116,3,0.2197277887113378,0.09090909090909091,1.1111111111111112,0,2,0.37131190944771614,False
8117,3,0.0,0.0,1.1538461538461537,0,1,0.37,False
8118,4,0.3554689591117691,0.3333333333333333,1.15,0,1,0.576708918984409,False
8121,4,0.46940411570430196,0.2857142857142857,1.0,0,1,0.6856970019685104,True
8122,4,0.3864522774211823,0.2222222222222222,1.001063829787234,1,1,0.6236911876778612,False
8123,4,0.8978915103585162,1.0,1.0077519379844961,1,3,0.9500000000000001,False
8124,4,0.5438672724546931,0.16666666666666666,1.0011833333333333,1,1,0.6680066088297891,False
8126,4,0.748020630332652,0.5714285714285714,1.0101010101010102,1,1,0.9241516987139937,True
8127,4,0.13065166520957788,0.2,18.0375,1,1,0.3448030946136286,False
8129,4,0.23126511343422576,0.16666666666666666,1.0101010101010102,2,1,0.4290342549638745,False
8131,4,0.7997277466983171,0.8333333333333334,1.0153846153846153,1,1,0.9998833200135644,True
8132,4,0.6229586586218053,0.5714285714285714,1.0004244224822652,1,1,0.8705537108379167,True
8134,2,0.9048933973527603,1.0,1.0021962136165246,1,1,1.0,True
8135,3,0.4201062145134168,0.25,1.0012045454545455,1,1,0.6496883776486072,True
8138,4,0.7523424638180596,0.4,1.0002728016731837,1,1,0.8545753416363113,True
8139,4,0.14923296862173457,0.2,1.0,1,1,0.5127665103616957,False
8140,3,0.42500203750794924,0.25,1.1126515151515153,1,1,0.5717865875034068,True
8141,3,0.6736496095011317,0.4,1.0101010101010102,0,1,0.8208498326433422,True
8143,4,0.42535203891603907,0.2857142857142857,1.0640012896985331,1,1,0.6668175404878263,True
8144,4,0.2727285392465854,0.25,1.0,1,1,0.5865265168199651,False
8145,4,0.20022817013626143,0.16666666666666666,3.6103607182583826,1,1,0.3607327078361755,False
8146,4,0.8530802770736299,0.5714285714285714,1.0,0,1,0.9464285714285714,True
8147,4,0.200218431465967,0.2857142857142857,1.0,0,1,0.5703317087235097,False
8148,4,0.7874118483152448,0.5,1.0,0,1,0.9112717445160574,True
8150,3,0.6400705056016402,1.0,18.0,1,1,0.7714587881149887,False
8151,4,0.0,0.0,1.1538461538461537,1,1,0.37,False
8152,4,0.07567770403741199,0.14285714285714285,1.0,0,1,0.46785714285714286,False
8153,4,0.6152276845715666,0.5,1.0011969696969696,1,1,0.8374785314830524,True
8154,4,0.05552957194498867,0.1111111111111111,1.0,1,1,0.4546296296296296,False
8155,4,0.4935605734023174,0.16666666666666666,1.0,1,1,0.6464465949501995,False
8156,4,0.012780966264415407,0.0,1.0101010101010102,1,1,0.44999999999999996,False
8157,4,0.6940954557459608,0.5,1.0101010101010102,1,1,0.8712790048435071,True
8158,4,0.13647656267060954,0.14285714285714285,3.4953846153846153,1,1,0.32348995543026127,False
8161,4,0.5478101420780896,0.25,1.0009686793671295,1,1,0.7044186323191812,True
8162,4,0.8869051401076941,0.75,1.0,0,1,1.0,True
8165,4,0.4565470757497702,0.2857142857142857,1.0,0,1,0.6801868419879967,True
8166,4,0.34383569128397584,0.16666666666666666,1.0,1,1,0.5822787883280531,False
8168,4,0.25882368462395433,0.1,1.002047470994161,1,1,0.5180672934102661,False
8169,4,0.45954705512146604,0.3333333333333333,1.0,1,1,0.7013138172742791,True
8171,4,0.4184058624649114,0.42857142857142855,1.0,0,1,0.7233644172468667,True
8172,4,0.681778411421547,0.42857142857142855,1.0,0,1,0.8362383667997106,True
8173,4,0.5897697504176715,0.4,1.0,0,1,0.7849013216075735,True
8174,4,0.007010461664005134,0.0,3.52,1,1,0.29000000000000004,False
8175,4,0.06087218528934256,0.0,12.121212121212121,1,1,0.29000000000000004,False
8177,4,0.9088835847360761,0.625,1.0,0,1,0.96875,True
8179,4,0.0,0.0,4.304,1,1,0.29000000000000004,False
8184,4,0.4506085884935203,0.25,1.0,0,1,0.6627608236400802,True
8185,4,0.0,0.0,1.1629811629811628,1,1,0.37,False
8186,4,0.569141940259303,0.5,1.002047470994161,1,1,0.817727498206368,True
8187,4,0.45594049773293094,0.2222222222222222,1.0008340283569641,1,1,0.6534718535257534,False
8188,4,0.703038872060419,0.7142857142857143,1.000606382172364,1,1,0.9584452308830367,True
8189,3,0.6486245880044861,0.625,1.0,1,1,0.9038748234304941,True
8191,4,0.0,0.0,1.1314285714285715,1,1,0.37,False
8192,4,0.036220047853553636,0.09090909090909091,1.136,0,1,0.37,False
8193,4,0.7788560117051706,0.8,1.0,1,1,0.9909382907307873,True
8194,4,0.0,0.0,4.544,1,1,0.29000000000000004,False
8195,4,0.06706277839078785,0.09090909090909091,1.0008333333333332,0,1,0.44999999999999996,False
8196,4,0.5852218322205861,0.14285714285714285,1.0057142857142858,1,1,0.6758093566659655,False
8197,4,0.6692745011063932,0.4,1.0002424609789362,1,1,0.8189747861884542,True
8198,4,0.6390145963551492,0.42857142857142855,1.1363636363636365,1,1,0.7379110174855401,True
8200,4,0.004515348306557323,0.0,1.136,1,1,0.37,False
8201,4,0.41960140242491084,0.16666666666666666,1.1474747474747475,1,1,0.5347498073884538,False
8203,4,0.8669724007817403,0.8333333333333334,1.0057142857142858,0,1,1.0,True
8205,4,0.5538685312274431,0.5714285714285714,1.0483870967741935,1,1,0.8409436562403327,True
8206,4,0.588694953959235,0.42857142857142855,1.0009857446163177,1,2,0.7463454564587199,False
8207,4,0.7821361305390961,0.6666666666666666,1.0,1,1,0.9784551670564381,True
8209,4,0.6516229738909042,0.625,1.0008333333333332,1,1,0.9051598459532446,True
8210,4,0.7073944045335294,0.375,1.0022747952684259,1,2,0.7748952209905603,False
8211,2,0.6197218771253687,0.5,1.0012132241431606,1,1,0.8394046140061104,True
8212,4,0.5951963134629741,0.4444444444444444,1.001060670343657,1,1,0.8057455100026503,True
8213,4,0.3040740119047694,0.25,1.0101010101010102,1,1,0.5999602908163297,False
8214,4,0.015249574781842135,0.0,1.1619718309859155,1,1,0.37,False
8215,4,0.6560464837814463,0.5,1.0101010101010102,1,1,0.8549723025730007,True
8216,4,0.23807269136842893,0.3333333333333333,4.0,0,1,0.4463962328086918,False
8217,3,0.31596633600100194,0.25,1.0,0,1,0.6050570011432865,False
8218,4,0.5393097869503515,0.3333333333333333,1.0101010101010102,1,1,0.7354978452009443,True
8219,4,0.08736687891848696,0.1111111111111111,4.0,0,1,0.29462962962962963,False
8220,4,0.6826953958850239,0.4,1.0,0,1,0.8247265982364389,True
8221,3,0.6611531415531351,0.2,1.0057142857142858,1,1,0.7321608701894389,False
8222,4,0.46899853737522473,0.2857142857142857,1.0,0,2,0.6355231826846202,False
8223,4,0.5133015249813868,0.2222222222222222,1.0057142857142858,1,1,0.6780551509179489,False
8224,4,0.45124628813112816,0.2857142857142857,1.0101010101010102,1,1,0.6779150758657215,True
8225,4,0.669269397949999,0.5714285714285714,1.0,0,1,0.8904011705499997,True
8227,4,0.576434637214678,0.375,1.0,1,1,0.7687696064253382,True
8228,4,0.0,0.0,8.8,0,1,0.29000000000000004,False
8229,4,0.9515540987762711,1.0,1.0,0,1,1.0,True
8230,3,0.6928543729461561,0.5,1.0020833333333334,1,1,0.8707471122150194,True
8231,4,0.05384305989874621,0.0,1.0,0,1,0.44999999999999996,False
8232,4,0.492802189361768,0.25,1.0,0,1,0.6808437954407577,True
8234,4,0.19870027613911934,0.2857142857142857,1.002047470994161,0,1,0.5696810707262893,False
8235,4,0.23303856211971985,0.1,1.0153846153846153,2,1,0.4020165266227371,False
8236,4,0.5010493540239561,0.3333333333333333,1.0015924774399028,1,1,0.7191005168039177,True
8237,4,0.5508464756852387,0.4,1.0057142857142858,0,1,0.7682199181508167,True
8238,4,0.5833047296038476,0.4444444444444444,1.0015924774399028,0,1,0.8006491169201675,True
8239,3,0.5560260654099479,0.5,1.1474747474747475,1,1,0.7321064089852158,True
8240,4,0.558218099357281,0.6,1.0018437165684109,1,1,0.854712518772168,True
8242,4,0.022278012674646137,0.0,4.0,1,1,0.29000000000000004,False
8243,2,0.8439961866384339,0.5,1.0003406187908033,1,1,0.9166666666666667,True
8244,4,0.5326706319249483,0.25,1.0,0,1,0.6979302708249778,True
8245,4,0.007212415812125571,0.0,1.002047470994161,0,1,0.44999999999999996,False
8246,4,0.0052308916051420915,0.0,1.1363636363636365,1,1,0.37,False
8247,3,0.7251490798905966,0.5714285714285714,1.0015924774399028,0,1,0.9143496056673985,True
8248,4,0.0,0.0,10.0,1,1,0.29000000000000004,False
8250,3,0.004656986260328785,0.0,1.1363636363636365,0,1,0.37,False
8252,4,0.25297603701982074,0.125,1.1111111111111112,1,1,0.44597782538944697,False
8253,4,0.12516230459905225,0.125,3.52,1,1,0.31120051149483197,False
8254,4,0.08918327851114097,0.125,1.0101010101010102,1,1,0.4604166666666667,False
8255,4,0.6471764481720946,0.4444444444444444,1.00030312215823,1,1,0.8280227105922734,True
8256,4,0.7613973590084271,0.5,1.0004545454545455,1,1,0.9001226776702783,True
8257,4,0.0,0.0,1.0057142857142858,0,1,0.44999999999999996,False
8259,4,0.326636613434318,0.125,1.0,0,1,0.557546643852803,False
8260,4,0.486821612295976,0.4,1.0057142857142858,1,1,0.7407806909839897,True
8261,4,0.0,0.0,1.0057142857142858,1,1,0.44999999999999996,False
8263,4,0.703174487329199,0.375,1.0015924774399028,1,1,0.8230866850458471,True
8264,3,0.582788038532136,0.6666666666666666,1.000985819367559,0,1,0.8930202704820265,True
8265,4,0.08827701235336116,0.0,1.0,2,1,0.345,False
8266,4,0.021447608509041937,0.0,1.11,2,1,0.265,False
8267,4,0.012482686373954902,0.0,3.4953846153846153,1,1,0.29000000000000004,False
8268,3,0.005053703077376661,0.0,1.0606060606060606,1,1,0.44999999999999996,False
8269,4,0.6295176289634837,0.25,1.0153846153846153,1,1,0.7394361266986359,True
8270,4,0.3689379749414448,0.18181818181818182,8.0,0,1,0.43935004120867116,False
8272,4,0.0,0.0,1.0,0,1,0.44999999999999996,False
8273,4,0.49369476157274395,0.18181818181818182,1.0,1,1,0.6528172354792279,False
8274,2,0.6267602662531638,0.6,1.0,0,1,0.8840877331561179,True
8275,4,0.5672566585936596,0.5,1.1374838856449534,1,1,0.7369195203496637,True
8276,4,0.7122282446113389,0.5,1.002047470994161,1,1,0.8790502000715263,True
8277,4,0.3808983263938645,0.2857142857142857,1.0,0,1,0.6477659494068942,False
8278,4,0.722834415720978,0.5714285714285714,1.0015924774399028,0,1,0.913357606737562,True
8279,4,0.0,0.0,1.0757575757575757,1,1,0.44999999999999996,False
8283,4,0.6419645161708818,0.42857142857142855,1.002047470994161,1,2,0.76917526883514,False
8284,4,0.4435967103136008,0.2857142857142857,1.002047470994161,0,1,0.6746366853724955,True
8286,4,0.3985547129190738,0.2857142857142857,1.0,1,1,0.6553329722034126,False
8287,4,0.7582956443194135,0.6666666666666666,1.1008715232892707,1,1,0.8882378158194312,True
8288,4,0.7653292841384117,0.6,1.0006822833750284,1,1,0.9434744551069383,True
8289,4,0.5736952510414794,0.5,1.0,1,1,0.819678917113015,True
8290,4,0.6120132082119497,0.3333333333333333,1.1363636363636365,1,1,0.6866564543130578,True
8292,4,0.38784328165709964,0.2222222222222222,1.0,0,1,0.6242873323503972,False
8293,4,0.8865099579288729,1.0,1.0003030303030302,1,1,1.0,True
8296,4,0.0,0.0,1.1363636363636365,2,1,0.265,False
8297,4,0.3040611808143414,0.18181818181818182,1.0,0,1,0.571545700868484,False
8298,4,0.4252450811315313,0.2,1.0,0,1,0.6310574157230372,False
8299,4,0.5392879998820213,0.375,1.0,1,1,0.7528496189970568,True
8300,4,0.5253405703444842,0.3333333333333333,1.0,1,1,0.729511038084144,True
8301,4,0.09381593562173939,0.1111111111111111,1.1363636363636365,1,1,0.37462962962962965,False
8302,4,0.09918973037239526,0.16666666666666666,3.52,1,1,0.3177777777777778,False
8303,4,0.004421394226917603,0.0,1.1363636363636365,1,1,0.37,False
8304,4,0.003134150484088578,0.0,1.1363636363636365,0,1,0.37,False
8305,4,0.0,0.0,1.1733333333333333,0,1,0.37,False
8306,4,0.06831053406455923,0.125,1.0,2,1,0.3554166666666667,False
8307,4,0.05409177612251895,0.09090909090909091,1.1363636363636365,0,1,0.37,False
8309,4,0.3895917035216964,0.16666666666666666,1.1,1,1,0.6018885078585048,False
8310,4,0.5545052151637118,0.4,1.0003789026977872,1,1,0.7697879493558766,True
8311,2,0.4439664002409261,0.5,1.0,0,1,0.7640808381984922,True
8312,3,0.14332566146337333,0.0,1.0,0,1,0.46856814062716,False
8314,4,0.31792029893310203,0.16666666666666666,1.0,0,1,0.5711721916062501,False
8315,3,0.0,0.0,1.0,1,1,0.44999999999999996,False
8316,3,0.401970426505568,0.2857142857142857,1.1,2,2,0.5017968494547672,False
8317,3,0.05143781793218862,0.1111111111111111,1.1,1,2,0.4046296296296296,False
8322,3,0.5665129132399176,0.2,1.0,1,2,0.6416007723409172,False
8324,4,0.5353262051000615,0.6,1.0,0,2,0.7949017069476455,False
8327,4,0.3664456063857343,0.2,1.0,1,1,0.6058576408319813,False
8330,3,0.8337702385596122,0.8571428571428571,1.0,1,1,1.0,True
8331,4,0.0,0.0,1.0416666666666667,1,2,0.39999999999999997,False
8332,3,0.15370961030794045,0.125,1.0,1,2,0.4334350710843554,False
8335,4,0.6637278912053685,0.5714285714285714,1.0,1,2,0.8380262390880152,False
8336,4,0.22599967455554526,0.14285714285714285,4.0,1,2,0.31185700338094796,False
8340,2,0.8879087159149645,0.9,1.0,0,1,1.0,True
8341,4,0.27701763114209316,0.3333333333333333,1.9444444444444444,1,2,0.41308692128311925,False
8343,4,0.14661608118078476,0.0,1.09375,1,2,0.4199783205060506,False
8344,3,0.7679502336817565,0.75,1.0,1,2,0.93626438586361,False
8345,4,0.42018948696407954,0.4,1.1,1,2,0.6622240658417484,False
8346,2,0.6204338768005639,0.3333333333333333,1.0,2,1,0.6652653122796068,False
8347,4,0.27270383219743044,0.25,1.0318181818181817,2,2,0.43151592808461303,False
8349,4,0.7528167023728004,0.8,1.0,1,2,0.9297785867312002,False
8350,2,0.9999999999999998,1.0,1.0,1,2,0.9500000000000001,False
8351,4,0.7944122514395591,0.8333333333333334,1.0144927536231885,1,2,0.947605250616954,False
8352,4,0.9723710197584379,1.0,1.0,1,2,0.9500000000000001,False
8354,4,0.4127046275666424,0.3333333333333333,1.125,0,1,0.6012384911793547,True
8356,4,0.6921638482682826,0.42857142857142855,1.0,2,1,0.7356892683054546,False
8358,2,0.8688614765211835,0.7142857142857143,1.0,1,1,1.0,True
8359,4,0.08074492343310109,0.1,1.1764705882352942,1,1,0.37,False
8360,4,0.39367161380130217,0.2,1.165,1,2,0.48752592972436753,False
8361,4,0.06628909709304882,0.14285714285714285,1.1454545454545455,0,1,0.3878571428571428,False
8363,3,0.2999494175930772,0.2857142857142857,1.0614285714285714,0,1,0.6130735599208426,False
8364,4,0.09667625357617278,0.1,1.0119047619047619,0,1,0.44999999999999996,False
8368,2,0.6221863310556207,0.75,1.0619469026548674,0,1,0.9237941418809803,True
8370,4,0.8271624576892704,0.8333333333333334,1.025,1,1,1.0,True
8374,4,0.38938221170879095,0.375,1.05,1,1,0.6886042812085295,False
8375,3,0.6207753661198514,0.4,1.0,0,2,0.7481894426227936,False
8377,4,0.0,0.0,1.1111111111111112,1,1,0.37,False
8378,3,0.11167524777868838,0.1111111111111111,1.0,1,1,0.4596333072490675,False
8380,4,0.10905318858107836,0.0,2.1142857142857143,1,1,0.2938799379633193,False
8381,4,0.6986696698771168,0.5,1.0285714285714285,1,2,0.8232393823282883,False
8382,4,0.25214010467862596,0.25,1.0588235294117647,0,1,0.5777029020051254,False
8383,4,0.35632451076189886,0.25,1.16,1,1,0.5423533617550995,False
8384,4,0.6179673727947382,0.2857142857142857,1.0285714285714285,1,2,0.6993669692929831,False
8385,4,0.25277670740157243,0.14285714285714285,1.0042283298097252,1,1,0.5333328746006739,False
8386,4,0.731789152691645,0.6666666666666666,1.0,0,1,0.9568778908361018,True
8387,4,0.018591615428954874,0.0,1.1466666666666667,0,1,0.37,False
8388,4,0.0057923585453194025,0.0,1.0,1,1,0.44999999999999996,False
8389,2,0.6265564796738832,0.4,1.0,0,2,0.7506670627173787,False
8390,4,0.45780004511899003,0.5,1.0,1,2,0.7200095431462339,False
8391,2,0.7380171527319142,0.5,1.068235294117647,0,1,0.8901025892660586,True
8393,3,0.0,0.0,1.125,0,1,0.37,False
8398,4,0.8622673263915962,0.4,1.0,0,1,0.875,True
8400,4,0.004239888771779604,0.0,1.0666666666666667,0,1,0.44999999999999996,False
8402,4,0.08154310658735181,0.1,1.1363636363636365,1,2,0.32,False
8403,3,0.5325455254593986,0.4,1.0,1,1,0.7603766537683136,True
8405,4,0.6983598991450514,0.45454545454545453,1.0,1,2,0.8041672295037233,False
8406,4,0.688990846925713,0.5,1.001744009705793,1,2,0.8190913153491152,False
8407,4,0.0,0.0,1.1363636363636365,1,1,0.37,False
8408,4,0.0,0.0,4.0,0,1,0.29000000000000004,False
8409,3,0.22292245526573626,0.125,1.1363636363636365,0,1,0.43309771892341076,False
8410,3,0.19227295645237347,0.07692307692307693,1.1363636363636365,1,1,0.4095455527653029,False
8412,4,0.046805318948947426,0.0,1.0101010101010102,1,1,0.44999999999999996,False
8414,4,0.17536200018255294,0.1111111111111111,1.0,1,1,0.4869276297078666,False
8415,4,0.009714228814132598,0.0,3.52,0,1,0.29000000000000004,False
8416,2,0.9073642267206758,0.8571428571428571,1.0,0,1,1.0,True
8417,2,0.393079122788129,0.4,1.0,0,1,0.7006053383377696,False
8418,4,0.3381938573284009,0.16666666666666666,1.0,0,1,0.5798608594899496,False
8419,4,0.003369807332180546,0.0,3.52,0,1,0.29000000000000004,False
8420,4,0.06982810920003059,0.14285714285714285,1.0,0,1,0.46785714285714286,False
8421,4,0.046192757651927645,0.0,1.0,0,1,0.44999999999999996,False
8423,4,0.7672643917208002,0.8333333333333334,1.0227272727272727,0,2,0.9359704535946286,False
8424,4,0.797235983712161,0.6666666666666666,1.0,1,1,0.9849265327020373,True
8425,3,0.27541173966251464,0.125,1.0666666666666667,1,1,0.5355931265220301,False
8426,2,0.974453888750953,1.0,1.0,1,1,1.0,True
8428,4,0.42666209966173635,0.3333333333333333,1.0,0,1,0.6872202649343949,True
8429,4,0.0032457870127754807,0.0,1.0,0,1,0.44999999999999996,False
8430,4,0.13535651299086546,0.16666666666666666,1.0,1,1,0.4929305690595772,False
8431,4,0.49844577349678776,0.16666666666666666,1.0,0,1,0.6485402521335439,False
8432,4,0.20306690491012394,0.125,1.0,0,1,0.5045881973424341,False
8433,2,0.8138776857123615,0.5,1.0,0,1,0.9166666666666667,True
8434,4,0.1689253927451122,0.125,1.0,0,1,0.48995612070028616,False
8435,4,0.4150043482180999,0.3333333333333333,1.0,0,1,0.682224085744265,True
8437,3,0.1536396343812497,0.125,1.037037037037037,1,1,0.48340508140148797,False
8438,4,0.16930088780553645,0.125,1.0588235294117647,1,3,0.4401170471547537,False
8439,4,0.6604997966796271,0.5,1.0,1,1,0.8568808652436497,True
8441,3,0.9529012143938398,1.0,1.0,1,1,1.0,True
8442,3,0.7959728166853182,0.7142857142857143,1.0,2,1,0.8932740642937078,False
8443,4,0.4362796684175683,0.5,1.0,0,1,0.7607865245599102,True
8444,3,0.34953608329599695,0.2,1.0,1,1,0.5986107023649511,False
8445,3,0.2968705128334464,0.375,1.116470588235294,0,2,0.5189564102619533,False
8446,2,0.5929136891196669,0.6666666666666666,1.0769230769230769,0,2,0.8473598350195398,False
8447,4,0.18915253350895841,0.1111111111111111,1.0007407407407407,0,2,0.4428378582763261,False
8448,4,0.2244647165421595,0.125,1.0007407407407407,0,2,0.46375868804187786,False
8451,3,0.20265117911633834,0.16666666666666666,1.1428571428571428,0,2,0.39177114025620846,False
8454,4,0.22568511306564565,0.1111111111111111,1.0,1,2,0.4584946780863349,False
8455,4,0.45390094159145,0.25,1.0,1,2,0.6141718321106215,False
8456,4,0.6071187278421639,0.5,1.0,1,2,0.7840032643133085,False
8457,4,0.8466930267889341,0.6666666666666666,1.0,1,2,0.9361111111111112,False
8458,4,0.5279990189465371,0.6,1.0,1,2,0.7917614843104207,False
8459,4,0.1673733984210202,0.14285714285714285,1.125,0,2,0.3667314564661515,False
8464,4,0.17908439988794392,0.2,1.1,1,1,0.525559980904357,False
8467,4,0.5104708644361535,0.375,1.1681818181818182,1,1,0.6604994180916849,True
8469,2,0.8663907571797802,1.0,1.0256410256410255,1,1,1.0,True
8471,2,0.9302330759367904,0.7142857142857143,1.0,1,1,1.0,True
8472,2,0.6595402650738058,0.5,1.0,2,1,0.7514696374125835,False
8473,4,0.7000602167634185,0.5,1.0214285714285714,1,1,0.873835330993846,True
8477,3,0.653939813413877,0.5,1.0,1,1,0.8540694438440426,True
8479,4,0.0625329712362171,0.14285714285714285,1.06993006993007,1,1,0.46785714285714286,False
8481,4,0.49056227657382856,0.3333333333333333,1.0026995757809487,1,1,0.7146060550395773,True
8482,4,0.0431881054981947,0.0,1.1450381679389312,1,1,0.37,False
8483,3,0.4981876227176591,0.36363636363636365,1.0208333333333333,1,2,0.6805003231560531,False
8486,4,0.19248743936896573,0.25,1.0818181818181818,2,1,0.44713747401527104,False
8489,4,0.0020354217211090517,0.0,1.0666666666666667,1,1,0.44999999999999996,False
8490,4,0.21745744367889105,0.0,1.0588235294117647,1,1,0.5003389044338105,False
8493,2,0.8037177093918748,0.375,1.0,1,1,0.8645833333333333,True
8495,4,0.6791080776997183,0.6666666666666666,1.0,1,2,0.8843002872681333,False
8496,2,0.8589217944472415,0.7142857142857143,1.0011551790527533,1,1,1.0,True
8497,2,0.9999999999999998,1.0,1.0,1,1,1.0,True
8498,4,0.15858644196381758,0.14285714285714285,1.053125,1,1,0.49296561798449323,False
8500,4,0.0,0.0,1.1320754716981132,0,2,0.32,False
8501,3,0.012418270190521089,0.0,1.0,0,2,0.39999999999999997,False
8503,2,1.0000000000000002,1.0,1.0,1,2,0.9500000000000001,False
8504,4,0.8835606366407956,1.0,1.0,1,1,1.0,True
8506,4,0.00538562011292955,0.0,4.871060171919771,1,2,0.24,False
8507,4,0.46662686499293576,0.2222222222222222,1.0,1,3,0.6080517252086127,False
8509,4,0.39965203389872667,0.2222222222222222,1.0069991251093613,0,2,0.5793482261682374,False
8511,3,0.7169700142998193,0.6,1.0,1,2,0.8727490537475416,False
8512,3,0.9022765014804958,1.0,1.0,1,2,0.9500000000000001,False
8515,4,0.5709326488290519,0.25,1.0256410256410255,1,2,0.6643282780695937,False
8516,4,0.6777230152221174,0.5714285714285714,1.0,1,2,0.8440241493809076,False
8517,4,0.4524842626670973,0.2857142857142857,1.1627906976744187,1,1,0.5984456363811369,True
8518,3,0.2507654228237358,0.3333333333333333,1.0,0,1,0.6118359748609661,False
8519,4,0.11616775289895886,0.4,1.0,0,1,0.5819290369566967,False
8520,3,0.3930461676996551,0.2857142857142857,1.0,0,1,0.652972167109376,False
8521,4,0.5965646693207869,0.5,1.0,0,1,0.8294800963755753,True
8523,3,0.5558703560733061,0.4,1.1111111111111112,0,2,0.6403730097457028,False
8525,4,0.24742177728209824,0.375,1.0188679245283019,1,1,0.6277640950256611,False
8526,3,0.3135459229330109,0.14285714285714285,1.152,1,2,0.4293768241141475,False
8527,4,0.9171258481207962,1.0,1.024,1,2,0.9500000000000001,False
8528,4,0.5657270698515,0.5,1.024,1,2,0.7662639823173096,False
8529,4,0.00843695702732327,0.0,1.1764705882352942,1,2,0.32,False
8530,4,0.563156421055362,0.6666666666666666,1.068235294117647,0,1,0.8846067201348378,True
8532,3,0.23782039951730258,0.3333333333333333,1.0222222222222221,0,2,0.5562881077296377,False
8533,2,0.7805072055766348,0.75,1.008888888888889,0,1,0.9916459452471291,True
8534,4,0.22090577144614387,0.2,1.008888888888889,0,1,0.5434834258578711,False
8535,4,0.5547917605449546,0.14285714285714285,1.0,0,1,0.6627678973764092,False
8537,4,0.9040783018527991,0.8333333333333334,1.001727115716753,1,2,0.9500000000000001,False
8539,4,0.8653461322290122,0.8333333333333334,1.001727115716753,1,1,1.0,True
8541,4,0.2397482494832671,0.2,1.0,1,1,0.5515587735880668,False
8542,3,0.7517925109559455,1.0,1.0,1,1,0.979339647552548,True
8543,3,0.1224504545717325,0.1,1.0,1,1,0.45962162338788537,False
8546,4,0.18918912649040637,0.125,1.0588235294117647,1,1,0.49864057801969797,False
8547,2,0.9999999999999994,1.0,1.0,1,1,1.0,True
8550,4,0.48958663169291816,0.3333333333333333,1.0666666666666667,1,2,0.6641879215191872,False
8551,3,0.5714079017403325,0.25,1.1461318051575933,1,1,0.634531957888714,True
8552,3,0.6873979243206559,0.3333333333333333,1.1111111111111112,1,1,0.7189641897882176,True
8553,4,0.0909238658758234,0.1,1.0,0,2,0.39999999999999997,False
8554,2,0.5154941587995533,0.6666666666666666,1.0,0,2,0.8141800363109197,False
8557,4,0.41861167359225865,0.2,1.0862068965517242,1,1,0.6282145267776347,False
8559,2,1.0000000000000002,1.0,1.0,1,2,0.9500000000000001,False
8560,3,0.12921733495694507,0.1111111111111111,1.11,0,1,0.3871513446111775,False
8563,3,0.6005350657332914,0.5714285714285714,1.1333333333333333,1,1,0.780943599599982,True
8568,3,0.8558511200319203,0.8333333333333334,1.0,1,1,1.0,True
8569,3,0.671991282800212,0.7142857142857143,1.0034602076124568,1,1,0.9451391212000909,True
8572,4,0.3753530227166854,0.2857142857142857,1.1428571428571428,1,3,0.5153893906881033,False
8574,2,1.0000000000000002,1.0,1.0,1,1,1.0,True
8575,4,0.359636859198932,0.3333333333333333,1.1434511434511434,2,1,0.4734951618789074,False
8576,2,1.0000000000000004,1.0,1.0,1,1,1.0,True
8579,4,0.3421107655796728,0.2857142857142857,1.0,0,1,0.631142709057955,False
8580,3,0.5940797088484803,0.2727272727272727,1.0,1,1,0.7337181436190456,True
8581,4,0.32400240940727576,0.25,1.0,1,2,0.5585010326031182,False
8586,2,0.9746770943017715,1.0,1.0,0,1,1.0,True
8588,3,0.41455332098285347,0.3333333333333333,1.0,0,1,0.6820307883577309,True
8589,4,0.4423919929400133,0.14285714285714285,1.011764705882353,1,1,0.6145965684028628,False
8595,3,0.7921237052274592,0.7142857142857143,1.0714285714285714,1,1,0.9966244450974826,True
8596,3,0.6767162153227871,0.5,1.0,1,1,0.8638307589478611,True
8597,3,0.06485926589426413,0.125,1.0344827586206897,1,1,0.4604166666666667,False
8598,4,0.09955185887928168,0.0,1.0,1,2,0.39999999999999997,False
8603,4,0.9251531690726145,0.75,1.0,1,1,1.0,True
8605,3,0.36005030502543384,0.4,1.040582726326743,0,1,0.6864501307251859,False
8606,3,0.37441585639546004,0.4,1.040582726326743,0,1,0.6926067955980544,False
8607,3,0.477951449000104,0.4,1.040582726326743,0,1,0.736979192428616,True
8610,3,0.4093978769914749,0.4,1.0666666666666667,0,1,0.7075990901392035,True
8612,4,0.7504165858263653,0.6,1.0176470588235293,2,2,0.78208329868749,False
8614,4,0.5201811146783701,0.2222222222222222,1.0263157894736843,1,2,0.6310035465023703,False
8615,3,0.8714603783229299,1.0,1.0066666666666666,1,2,0.9500000000000001,False
8616,4,0.4155004602797852,0.2857142857142857,1.0066666666666666,1,2,0.6125954353580032,False
8617,4,0.4942091128538001,0.2857142857142857,1.0066666666666666,1,2,0.646327715032581,False
8619,3,0.9250204695817903,1.0,1.0,1,1,1.0,True
8621,2,0.9043731782839033,0.75,1.0,1,1,1.0,True
8623,4,0.7847303969752586,0.8571428571428571,1.0051948051948052,1,1,0.993455884417968,True
8625,4,0.5978061780599434,0.125,1.0277777777777777,1,2,0.6237621715494996,False
8626,4,0.6145858197599826,0.5,1.0222222222222221,1,1,0.8372034465638021,True
8628,4,0.18057199204146296,0.1111111111111111,8.0,1,1,0.3291604833616852,False
8629,3,0.12866983384318648,0.125,1.0,0,2,0.4227037383137466,False
8630,4,0.6778498228880441,0.5,1.0,1,2,0.8143165907615427,False
8631,4,0.8104136455208507,0.5,1.0,1,2,0.8666666666666668,False
8632,4,0.40546999765372504,0.16666666666666666,1.1764705882352942,1,2,0.4786934910579456,False
8633,3,0.6921474898603647,0.6,1.1363636363636365,0,1,0.8321108289877753,True
8634,4,0.6429401862411167,0.375,1.0,1,3,0.7472719845795263,False
8635,4,0.0,0.0,1.1538461538461537,1,2,0.32,False
8638,4,0.15021859521360365,0.16666666666666666,1.1515151515151516,0,2,0.36930003286932217,False
8646,4,0.7273625981008718,0.6666666666666666,1.0105263157894737,1,2,0.9049807960114847,False
8647,3,0.6704050776834128,0.625,1.0105263157894737,1,2,0.8632093190071771,False
8650,4,0.2764102053904436,0.14285714285714285,1.1214953271028036,1,1,0.4634615165959044,False
8656,4,0.8661134841012922,1.0,1.0,1,2,0.9500000000000001,False
8657,4,0.15244835016185762,0.125,1.0157894736842106,1,1,0.4828945310217485,False
8659,4,0.5169123991994241,0.25,5.0,1,1,0.5311767425140389,False
8662,2,0.37292275672767544,0.5,1.0,0,2,0.683633562407099,False
8664,4,0.3544208288697029,0.2857142857142857,1.0858585858585859,1,2,0.5864184504679679,False
8665,4,0.588494322723621,0.42857142857142855,1.0833333333333333,1,2,0.7462594716434566,False
8667,3,0.31305935889107855,0.3,1.0242914979757085,1,2,0.5746444871437957,False
8668,4,0.5782765896541638,0.5714285714285714,1.001063829787234,1,1,0.8514042527089274,True
8671,4,0.08165003526083822,0.125,1.0666666666666667,1,1,0.4604166666666667,False
8672,3,0.6477712085508758,0.5,1.0,1,2,0.8014257560456136,False
8673,4,0.20997454402460158,0.09090909090909091,1.1559139784946237,2,1,0.312131947439115,False
8674,2,1.0000000000000004,1.0,1.0,1,1,1.0,True
8676,2,1.0,1.0,1.0,1,1,1.0,True
8677,4,0.6466945248355004,0.75,1.0,1,2,0.8842976535009288,False
8678,4,0.455470933958131,0.3333333333333333,1.0133333333333334,1,2,0.6495669082042784,False
8679,4,0.38925046862347806,0.375,1.1111111111111112,1,3,0.5585478198862526,False
8680,4,0.13040542873653255,0.09090909090909091,1.1111111111111112,1,2,0.3330308980299425,False
8681,4,0.13520010092428453,0.1,1.075268817204301,1,3,0.4150857575389791,False
8682,2,1.0000000000000007,1.0,1.0,1,1,1.0,True
8683,4,0.3467096777106211,0.2857142857142857,5.714285714285714,1,1,0.47311367139979,False
8684,4,0.17442726347205087,0.125,1.035,2,1,0.38731406529754564,False
8685,4,0.439516877562508,0.2222222222222222,1.0188679245283019,2,1,0.5414331591670009,False
8687,3,0.5840119700415901,0.6666666666666666,1.0,2,1,0.788544812557507,False
8689,4,0.8361305739479199,1.0,1.0,1,1,1.0,True
8691,2,0.878104234932225,1.0,1.0185185185185186,1,1,1.0,True
8692,3,0.5690587518999783,0.75,1.0,2,1,0.796025179385705,False
8693,3,0.290000985312298,0.3333333333333333,2.912,1,1,0.4686512159274928,False
8694,2,0.4035153531493572,0.5,1.0416666666666667,0,1,0.7467446751592483,True
8695,4,0.30059991385684715,0.125,1.1764705882352942,1,1,0.4663880583196012,False
8696,3,0.006615549360981243,0.0,1.1428571428571428,1,1,0.37,False
8697,2,0.6334458438255626,0.6666666666666666,1.0,1,1,0.9147307584649236,True
8698,3,0.22184362930534116,0.14285714285714285,1.1764705882352942,1,1,0.4400758411308605,False
8701,3,0.8811394401501673,1.0,1.0119047619047619,1,1,1.0,True
8702,4,0.6843114591755474,0.8333333333333334,1.0119047619047619,1,2,0.9004191967895204,False
8703,4,0.0,0.0,1.1111111111111112,1,2,0.32,False
8704,4,0.8478653748720892,1.0,1.018181818181818,1,2,0.9500000000000001,False
8705,4,0.8157410360737517,1.0,1.018181818181818,1,2,0.9500000000000001,False
8707,2,0.8704884496772664,1.0,1.02,1,1,1.0,True
8708,3,0.07210733385381925,0.09090909090909091,1.1333333333333333,1,1,0.37,False
8710,3,0.45398774562348393,0.25,1.0416666666666667,0,1,0.6642090338386359,True
8711,4,0.6727076431715159,0.6,1.0,1,1,0.9037794661211258,True
8713,4,0.052578706464595074,0.125,1.0,0,1,0.4604166666666667,False
8714,2,0.952250592818002,1.0,1.0,1,2,0.9500000000000001,False
8715,3,0.08244137673685585,0.1,1.0,0,1,0.44999999999999996,False
8716,2,0.8430845546840716,0.8333333333333334,1.0007686395080706,0,1,1.0,True
8717,4,0.10071470039597281,0.1,1.1400651465798046,1,3,0.32030630016970263,False
8718,2,0.6948130415845251,0.75,1.0142857142857142,0,2,0.9049198749647965,False
8719,4,0.24471258703805282,0.3333333333333333,1.0570824524312896,2,2,0.4542419023813877,False
8720,3,0.2415762544100538,0.375,1.1590909090909092,0,2,0.49525887093764215,False
8721,4,0.5402597507892057,0.4,1.1428571428571428,1,2,0.6336827503382312,False
8722,2,0.9102045738047028,1.0,1.0,1,2,0.9500000000000001,False
8725,3,0.1084484552108881,0.08333333333333333,1.0,1,1,0.453620766518952,False
8726,2,0.961787510103425,1.0,1.0,1,1,1.0,True
8727,2,0.5731530766681954,0.6,1.0,0,1,0.8611132233339885,True
8730,4,0.6889504106603334,0.5,1.0,1,2,0.8190739855210954,False
8731,4,0.40056608934877297,0.16666666666666666,1.0,0,2,0.5565918160701091,False
8732,4,0.3974520277305746,0.375,1.0570824524312896,1,1,0.6920627737892938,False
8733,4,0.6276070766393773,0.5,1.091901728844404,1,1,0.8427839852263999,True
8734,3,0.6739197271377173,0.6666666666666666,1.0,1,1,0.9320767084558471,True
8738,4,0.29969910800720506,0.18181818181818182,1.02,1,1,0.569676241093997,False
8740,2,0.843669448014511,0.5714285714285714,1.0,1,1,0.9464285714285714,True
8741,3,0.5806673839978911,0.4,1.09375,0,1,0.7810003074276677,True
8744,2,0.21363533953856848,0.16666666666666666,1.0,0,1,0.5264786375800214,False
8751,4,0.20840979815071375,0.2222222222222222,1.105263157894737,1,1,0.46738726799051755,False
8753,4,0.06327700892446164,0.09090909090909091,1.0333333333333334,1,1,0.44999999999999996,False
8755,2,0.8705695037095608,0.75,1.0,0,1,1.0,True
8758,3,0.3892283192879344,0.2857142857142857,1.05,0,2,0.6013359463614957,False
8759,3,0.26703834095257833,0.3,1.0,0,1,0.6049211937415812,False
8762,3,0.7162020907100194,0.5,1.0,1,2,0.8307532769709608,False
8763,2,0.896636307433127,1.0,2.0,0,1,0.8400000000000001,False
8765,4,0.5826002236012835,0.25,1.0,0,2,0.669328667257693,False
8766,4,0.0,0.0,1.1764705882352942,1,2,0.32,False
8767,4,0.47657034815839455,0.5,1.1545454545454545,1,2,0.6480539587345501,False
8771,4,0.027177967730823822,0.0,1.05,0,2,0.39999999999999997,False
8772,4,0.0068144681102314435,0.0,1.1666666666666667,1,1,0.37,False
8774,4,0.6330632633790338,0.5,1.1224489795918366,1,1,0.7651223509719669,True
8775,4,0.3123545717705406,0.16666666666666666,1.0157894736842106,1,1,0.5687868799651523,False
8777,4,0.1875592372542878,0.1,1.09375,1,1,0.48752538739469475,False
8778,3,0.42549689259754253,0.3333333333333333,1.0416666666666667,0,1,0.6867208904783119,True
8780,4,0.30798439858948523,0.25,1.1111111111111112,0,1,0.5216361708240651,False
8782,4,0.24797256931186148,0.16666666666666666,1.1111111111111112,1,1,0.46119459319714695,False
8783,3,0.8324702038350129,0.8,1.0,0,1,1.0,True
8788,4,0.007958883592299763,0.0,1.1764705882352942,0,1,0.37,False
8789,4,0.5035177682749498,0.42857142857142855,1.0,0,1,0.7598409483083117,True
8790,4,0.14714265104971966,0.2222222222222222,1.1727272727272726,3,1,0.33612991923294866,False
8791,4,0.022569634589905466,0.0,1.0,0,1,0.44999999999999996,False
8792,2,1.0000000000000002,1.0,1.0,0,2,0.9500000000000001,False
8793,4,0.04528352837848656,0.0,1.0571428571428572,1,1,0.44999999999999996,False
8794,3,0.03536740210914671,0.0,1.1764705882352942,1,1,0.37,False
8795,4,0.48167853354760015,0.4,1.0,1,1,0.7385765143775429,True
8796,2,0.7959504333376716,0.6,1.0240963855421688,1,1,0.956597804763764,True
8799,4,0.534332658952031,0.5,1.0,1,1,0.8028092347889657,True
8800,3,0.8230399927492006,0.42857142857142855,1.0,1,2,0.8369047619047619,False
8802,4,0.09320605108840756,0.08333333333333333,1.0909090909090908,1,1,0.44999999999999996,False
8804,4,0.3517121948475031,0.16666666666666666,1.0,0,1,0.5856544327124219,False
8805,4,0.46363704417820345,0.0,1.0,0,1,0.6058444475049443,False
8808,2,0.8704832514791596,1.0,1.0,1,1,1.0,True
8809,4,0.0036311040472192238,0.0,1.0714285714285714,1,1,0.44999999999999996,False
8810,4,0.14891478735303804,0.16666666666666666,1.1111111111111112,0,1,0.41874125807193696,False
8813,4,0.0,0.0,1.1428571428571428,0,1,0.37,False
8814,4,0.48756304344263024,0.375,1.012419503219871,1,2,0.6806817805230321,False
8816,4,0.524029827666245,0.42857142857142855,1.015625,0,2,0.7186318309045813,False
8817,4,0.5122181128360572,0.42857142857142855,1.015625,0,2,0.7135696674059294,False
8822,4,0.38003336683328554,0.2857142857142857,1.0588235294117647,1,1,0.6473952524523604,False
8823,4,0.23360303127929796,0.1,1.1,1,2,0.457258441976842,False
8824,2,1.0000000000000009,1.0,1.0,0,1,1.0,True
8825,4,0.0,0.0,1.0,0,1,0.44999999999999996,False
8826,3,0.5524274532329477,0.6666666666666666,1.0,0,1,0.8800085910680888,True
8830,2,0.803849973205878,0.8571428571428571,1.0,1,1,1.0,True
8833,4,0.10953353922369916,0.09090909090909091,1.0,1,1,0.45408580252444253,False
8834,4,0.31178669800656444,0.25,1.1382113821138211,1,1,0.523265727717099,False
8835,2,0.7632418013796899,0.7,1.0222222222222221,1,1,0.9842464863055813,True
8836,3,0.7656389995413857,0.5555555555555556,1.001564945226917,1,2,0.8750886717611231,False
8838,2,0.8784784148909289,1.0,1.0,1,2,0.9500000000000001,False
8840,4,0.37560817474204206,0.2,1.0,1,1,0.6097844558418275,False
8841,2,0.4209754544753853,0.6666666666666666,1.0188679245283019,0,1,0.8236720201719905,True
8844,4,0.17183624049074164,0.25,1.0,1,1,0.5432869602103179,False
8845,4,0.14372738156120843,0.2,1.0,1,1,0.5104069730500417,False
8847,4,0.3047175762419866,0.4,1.135,0,1,0.5827361041037086,False
8849,4,0.484666584166608,0.375,1.125,0,1,0.6494404408333082,True
8851,4,0.5277661126645785,0.6666666666666666,1.0275,0,1,0.8694394451102162,True
8854,2,0.7185620322955316,0.6666666666666666,1.008888888888889,0,1,0.9512091249520533,True
8855,4,0.0,0.0,1.095890410958904,2,1,0.345,False
8857,4,0.6570371505741047,0.4,1.0476190476190477,0,3,0.7637302073889022,False
8858,3,0.9306245096226096,1.0,1.0,0,1,1.0,True
8859,2,0.8051848916644969,0.8,1.0,0,1,1.0,True
8860,4,0.11892739035986982,0.14285714285714285,1.125,0,1,0.3959688815828013,False
8864,3,0.8729698608474078,1.0,1.0344827586206897,0,2,0.9500000000000001,False
8865,3,0.6741004268411199,0.5,4.0,0,1,0.7027097067414324,False
8866,3,0.19300583640899255,0.2857142857142857,1.0073529411764706,1,1,0.5672405965562349,False
8872,4,0.497327900457881,0.3333333333333333,1.054781801299907,1,1,0.7175056081327427,True
8879,4,0.7903734869156417,0.7142857142857143,1.0,1,1,0.995874351535275,True
8880,4,0.14703961477176242,0.09090909090909091,1.0833333333333333,1,3,0.4201598349021839,False
8881,4,0.22441576556241882,0.1,1.0083160083160083,1,2,0.45332104238389376,False
8885,4,0.5372799903091606,0.4444444444444444,1.0306666666666666,1,1,0.7809242286510159,True
8886,2,0.7618599709387867,0.7142857142857143,1.0285714285714285,1,1,0.98365427325948,True
8887,3,0.567626710116685,0.6666666666666666,1.0,1,2,0.8365225583039763,False
8888,4,0.46206959486826815,0.25,1.0526315789473684,1,2,0.6176726835149722,False
8891,3,0.4385370984106411,0.2857142857142857,1.1666666666666667,1,2,0.5424682802712272,False
8892,3,0.1816026903666391,0.1,1.0,0,1,0.48497258158570244,False
8893,3,0.5161684204688076,0.375,1.0,0,1,0.7429412278199652,True
8895,2,0.6470973855046614,0.3333333333333333,1.0,0,1,0.7816925302956486,True
8903,4,0.22944263628338316,0.1111111111111111,1.121212121212121,1,3,0.380105045179651,False
8904,4,0.011622211886312761,0.0,1.1666666666666667,1,1,0.37,False
8905,2,0.5742864692929778,0.4,1.0101010101010102,1,1,0.7782656296969905,True
8906,4,0.13347495654514188,0.09090909090909091,1.1764705882352942,0,2,0.3343464099479179,False
8907,3,0.6535579894725466,0.2857142857142857,1.0277777777777777,1,1,0.7646200907263295,True
8908,4,0.24082010695156217,0.1111111111111111,1.0398613518197573,1,1,0.514981104037442,False
8909,3,0.2488862653168877,0.18181818181818182,1.04,1,2,0.4978993085124324,False
8913,4,0.629436108559432,0.5714285714285714,1.054781801299907,1,1,0.8733297608111852,True
8914,4,0.1344462061592622,0.16666666666666666,1.1764705882352942,0,2,0.3625404375603187,False
8915,3,0.24874700028409014,0.3333333333333333,1.0,2,1,0.5059709366296894,False
8917,4,0.33589253031194216,0.16666666666666666,1.0,0,1,0.5788745764828959,False
8920,3,0.33728451017836664,0.3333333333333333,1.0625,2,1,0.5439155837272365,False
8921,4,0.5733207084991202,0.4,1.0,0,2,0.7278517322139088,False
8923,4,0.4842864158872931,0.09090909090909091,1.0,1,1,0.6146941782374113,False
8926,4,0.0,0.0,1.1186666666666667,1,1,0.37,False
8929,3,0.4976649782073306,0.2222222222222222,2.0,2,1,0.40635377372906767,False
8931,4,0.5696169182807201,0.5,1.0303030303030303,1,1,0.8179310602155467,True
8932,3,0.19537901300332255,0.14285714285714285,1.0,0,2,0.45873386271570965,False
8933,4,0.4904732049574132,0.4,1.0050251256281406,1,1,0.7423456592674628,True
8935,4,0.6122139984594378,0.6,1.0303030303030303,1,1,0.8778536183873782,True
8936,4,0.6356067595224736,0.42857142857142855,1.0,1,1,0.816450515985822,True
8938,2,0.6204719133418986,0.8,1.1162790697674418,0,2,0.7930593914322424,False
8939,4,0.1087350563153883,0.16666666666666666,1.1111111111111112,0,2,0.3515213733415156,False
8944,4,0.16143598049556376,0.1,1.0375,1,1,0.47632970592667023,False
8945,4,0.715886734754229,0.6666666666666666,1.0,0,1,0.9500625688629236,True
8947,3,0.0,0.0,1.0204081632653061,0,1,0.44999999999999996,False
8948,4,0.3896896265282305,0.3333333333333333,1.05,0,1,0.6713749193057496,False
8949,2,0.9459780786813996,1.0,1.0,1,2,0.9500000000000001,False
8950,4,0.6398174358462939,0.3333333333333333,1.0153846153846153,0,1,0.7785725518706339,True
8951,4,0.0,0.0,1.0,1,1,0.44999999999999996,False
8954,2,0.7930720022338451,0.6,1.0,1,1,0.9553641914335527,True
8956,4,0.4090702033995238,0.25,1.05,1,1,0.644958658599796,True
8958,4,0.6589910017260499,0.625,1.0,1,2,0.8583175721683073,False
8963,3,0.8741316730443931,1.0,1.0185185185185186,1,1,1.0,True
8965,2,0.8370500012888433,0.5454545454545454,1.0,0,1,0.9356060606060606,True
8967,4,0.5964634528720867,0.8333333333333334,1.0026470588235294,1,1,0.9127700512308943,True
8970,3,0.7658923799112384,0.6,1.1176470588235294,1,1,0.8637157818667213,True
8971,2,0.6686251810553152,0.6666666666666666,1.0,1,1,0.9298076172776748,True
8972,3,0.004369304303058152,0.0,1.8181818181818181,0,1,0.29000000000000004,False
8974,4,0.8003277463013676,0.7142857142857143,1.0021321961620469,1,1,1.0,True
8977,4,0.6476243839220572,0.3333333333333333,1.0022727272727272,1,1,0.7819183867602468,True
8980,4,0.19306479386450368,0.125,1.0,0,1,0.5003015783228825,False
8981,4,0.02107384973160576,0.0,1.1428571428571428,2,1,0.265,False
8982,4,0.33031489274881837,0.2,1.12,0,1,0.5103730492733031,False
8983,4,0.46907696657691866,0.16666666666666666,1.0,1,1,0.6359536205964572,False
8985,3,0.21793227389568903,0.16666666666666666,1.0,1,1,0.5283201808759302,False
8990,4,0.3114871575757878,0.125,1.1111111111111112,1,1,0.4710540199134329,False
8991,3,0.44145464731659306,0.4,1.0,1,1,0.7213377059928255,True
8992,4,0.14933841282502533,0.1111111111111111,1.0,1,1,0.47577466369749766,False
8993,2,0.6922710399891071,0.5,1.0,1,1,0.8704971123762841,True
8994,4,0.0,0.0,1.125,0,3,0.32,False
8996,2,0.9999999999999996,1.0,1.0,1,2,0.9500000000000001,False
8997,4,0.3980730050521137,0.16666666666666666,1.0,1,1,0.6055233513715408,False
8998,4,0.6552215296369966,0.4,1.0,1,1,0.8129520841301414,True
8999,4,0.7520773100161814,0.75,1.008888888888889,1,3,0.9294617042926493,False
9000,2,0.9079960000496782,0.75,1.008888888888889,1,2,0.9500000000000001,False
9001,4,0.4026221632016694,0.2857142857142857,1.0,1,2,0.6070761651816678,False
9002,2,0.6714500076166693,0.5,1.0,1,1,0.8615738127880963,True
9003,3,0.4422878900156646,0.2857142857142857,1.0,0,1,0.6740757623876658,True
9004,4,0.42596447408688676,0.4,1.0416666666666667,0,1,0.7146990603229515,True
9005,4,0.22531894518470913,0.14285714285714285,1.0526315789473684,1,1,0.5215652622220182,False
9006,3,0.7630922652077821,0.8333333333333334,1.0,1,1,0.9841823993747638,True
9007,4,0.0,0.0,1.0,0,1,0.44999999999999996,False
9008,3,0.7666430504051509,0.5714285714285714,1.0185185185185186,1,2,0.882132735887922,False
9010,3,0.4546948350514701,0.3333333333333333,1.042,2,1,0.594234294387138,False
9016,3,0.25146529599881656,0.14285714285714285,1.0,0,2,0.48277084114234997,False
9017,4,0.23716870023606082,0.14285714285714285,1.0,1,1,0.5266437286725975,False
9018,2,1.0000000000000002,1.0,1.0,1,1,1.0,True
9020,2,0.6525925029613563,0.5,1.008,0,2,0.8034920250786767,False
9021,3,0.5907553527145268,0.25,1.0,0,1,0.72282372259194,True
9025,4,0.7022329840809977,0.7142857142857143,1.0,1,2,0.9080998503204277,False
9026,2,0.7249361381241174,0.5,1.0318181818181817,1,1,0.8844964401484313,True
9027,4,0.7390657244224129,0.42857142857142855,1.001199494949495,1,1,0.8607900723715103,True
9028,4,0.2934711622207491,0.14285714285714285,1.0,0,1,0.5507733552374638,False
9029,4,0.0,0.0,1.1538461538461537,1,1,0.37,False
9030,4,0.46984970282678246,0.125,1.0009099181073704,1,1,0.6189236821638591,False
9032,2,0.677094426056147,1.0,1.0,1,1,0.9473261825954916,True
9033,4,0.09089854194824433,0.1111111111111111,1.0,0,1,0.4546296296296296,False
9034,4,0.26882064119644977,0.3333333333333333,1.0,0,1,0.6195739255921292,False
9040,4,0.0,0.0,1.0,0,1,0.44999999999999996,False
9042,2,1.0,1.0,1.0,0,2,0.9500000000000001,False
9044,4,0.047320069206844034,0.0,1.0,1,1,0.44999999999999996,False
9045,4,0.1973188084676872,0.125,1.0,0,1,0.5021247274385326,False
9046,4,0.5893281595166284,0.25,1.0,0,1,0.7222120683642693,True
9047,4,0.1457494584686015,0.2,1.0,0,1,0.5112735774389244,False
9048,3,0.3204100658275639,0.3333333333333333,1.1320754716981132,0,1,0.5616836790054638,False
9051,4,0.1281791601986644,0.1,1.0,1,2,0.4120767829422847,False
9054,4,0.3794986527237549,0.2,1.1764705882352942,0,1,0.5314518035482758,False
9055,3,0.6186245723626678,0.5714285714285714,1.0,0,1,0.8686962452982863,True
9058,3,0.5348341949575908,0.25,1.0416666666666667,0,1,0.6988575121246817,True
9059,3,0.4976806752533206,0.6,1.1617400283980894,0,1,0.7487679084418993,True
9062,4,0.5601249629800746,0.5714285714285714,1.0339256865912763,1,1,0.8436249841343177,True
9063,4,0.2904139868129487,0.4,1.1578947368421053,0,1,0.5766059943484066,False
9064,2,0.8328815460467929,1.0,1.0,0,1,1.0,True
9074,2,0.6512210643303674,1.0,1.0,0,1,0.9362375989987289,True
9075,4,0.0026277285706752663,0.0,1.1428571428571428,0,1,0.37,False
9077,4,0.423471922697428,0.16666666666666666,1.0,0,1,0.6164086017909611,False
9078,3,0.29979984240822416,0.3,1.0666666666666667,0,1,0.6189618372225723,False
9081,4,0.5942485299305662,0.3333333333333333,1.0227272727272727,0,2,0.7090430207638935,False
9085,3,0.590676561934228,0.6,1.0,1,1,0.8686232884480025,True
9087,4,0.1537305128041843,0.3333333333333333,1.0,1,1,0.5702495848525869,False
9088,3,0.7136249094979075,0.5,1.0,0,2,0.8296487707371986,False
9089,2,0.757968454104443,0.42857142857142855,1.0,1,2,0.8188912422352376,False
9092,4,0.9582789251430032,1.0,1.0,0,3,0.9500000000000001,False
9095,3,0.03875781530180357,0.0,1.1029411764705883,0,2,0.32,False
9096,4,0.6628958786716553,0.6666666666666666,1.0,1,2,0.877352201970392,False
9097,3,0.8138339834229321,0.8,1.0,1,2,0.9500000000000001,False
9099,4,0.0,0.0,1.1428571428571428,1,2,0.32,False
9101,4,0.2457468216184469,0.25,1.0666666666666667,0,2,0.524962923550763,False
9103,4,0.3042642297903696,0.2857142857142857,1.0,2,2,0.4599227651482536,False
9105,3,0.8105042393475688,0.5555555555555556,1.0,1,2,0.889814814814815,False
9107,4,0.0,0.0,1.002049647005238,0,2,0.39999999999999997,False
9108,3,0.23168549947457276,0.2222222222222222,5.833333333333333,0,2,0.34736256855788566,False
9113,4,0.0975015678473782,0.1111111111111111,1.1166666666666667,1,2,0.3246296296296296,False
9114,4,0.4225357228602728,0.16666666666666666,1.0526315789473684,0,2,0.5660073732893233,False
9116,3,0.837978803501503,0.5714285714285714,1.0,1,2,0.8964285714285715,False
9117,4,0.22629487186780076,0.25,1.0105263157894737,1,1,0.5666263736576289,False
9120,4,0.9151259833694099,0.75,1.0,1,2,0.9500000000000001,False
9121,4,0.5304488825415659,0.3333333333333333,1.0,1,3,0.6817003147400362,False
9123,4,0.5793385991989832,0.3,1.0,1,3,0.688764161561469,False
9124,4,0.8450894779737749,0.6666666666666666,1.0,1,2,0.9361111111111112,False
9125,4,0.7639840006945229,0.5,1.0,1,3,0.8512312383928909,False
9126,4,0.34356612835962697,0.2222222222222222,1.0476190476190477,1,2,0.5553114095086232,False
9127,4,0.7083553380975608,0.75,1.0272727272727273,1,2,0.910723716327526,False
9128,3,0.6051638359711001,0.5,1.0,1,2,0.783165453511424,False
9131,3,0.5794120765618659,0.5555555555555556,1.0,1,2,0.7952771333413289,False
9132,4,0.00960538151288219,0.0,1.136,1,2,0.32,False
9134,4,0.4187156163121751,0.2222222222222222,1.1428571428571428,2,2,0.40251833291685807,False
9135,4,0.8555409925846328,0.8333333333333334,1.0,0,3,0.9500000000000001,False
9136,4,0.5791346673330519,0.4444444444444444,1.0272727272727273,1,2,0.7488619473755408,False
9137,4,0.2027106662967717,0.125,1.0,0,2,0.45443552365099743,False
9138,4,0.2612808182880764,0.2,1.1764705882352942,0,2,0.4307870173615565,False
9139,4,0.48740772540266547,0.2222222222222222,1.0036429872495447,1,2,0.616957808241354,False
9141,4,0.4476607259577804,0.3333333333333333,1.0,1,3,0.6462196762041281,False
9142,4,0.6151052367226884,0.45454545454545453,1.037037037037037,1,2,0.7684866598941392,False
9143,4,0.2008161145073337,0.25,1.0,0,4,0.5057069062174288,False
9144,4,0.2678430426824553,0.14285714285714285,1.0011369665731829,1,2,0.489789875435338,False
9145,4,0.7926467620666543,0.5555555555555556,1.0,1,2,0.8866634271290953,False
9146,2,0.7276348268042723,0.5,1.0,2,1,0.7806530210113549,False
9150,4,0.0,0.0,1.1363636363636365,1,1,0.37,False
9151,4,0.07478996977657731,0.14285714285714285,1.065,1,2,0.41785714285714287,False
9152,4,0.6393242452217173,0.6,1.0,1,2,0.8394722955712123,False
9153,3,0.5001170588154477,0.16666666666666666,1.0,1,2,0.5992565172701125,False
9156,4,0.5462556659767117,0.2857142857142857,1.0,1,2,0.668633380656686,False
9157,3,0.6357878327773404,0.5,1.0,1,1,0.8462900235712412,True
9158,3,0.279539110115135,0.42857142857142855,1.009090909090909,0,2,0.6138500948112484,False
9161,3,0.051438334006120155,0.08333333333333333,1.0,1,2,0.39999999999999997,False
9163,3,0.8205138309607538,0.8333333333333334,1.0,1,2,0.9500000000000001,False
9164,4,0.6184402721929074,0.25,1.0,2,3,0.5796886880826747,False
9165,4,0.2727880253970991,0.2222222222222222,1.0,0,2,0.5249779368103971,False
9167,3,0.2390283602529136,0.0,1.0,0,2,0.4595835829655344,False
9169,3,0.8056302723217682,0.8333333333333334,1.0,1,3,0.9500000000000001,False
9170,3,0.9796156571051208,1.0,1.0,1,2,0.9500000000000001,False
9171,4,0.020317296058751398,0.0,1.0464,2,1,0.345,False
9172,2,0.6727156821108649,0.4,1.0,0,2,0.7704495780475137,False
9173,4,0.728995643438278,0.5,1.0294117647058822,1,2,0.8362362281402146,False
9175,4,0.0,0.0,1.1,1,2,0.39999999999999997,False
9176,4,0.37911866786137355,0.375,1.0179640718562875,1,2,0.6342056195596363,False
9178,4,0.11523760110163704,0.0,1.1666666666666667,0,2,0.32653040047213017,False
9180,4,0.10603145934867436,0.08333333333333333,1.0172043010752687,1,2,0.4025849111494319,False
9184,3,0.010226230695401864,0.0,1.112449494949495,0,2,0.32,False
9185,2,0.7433072220712375,0.75,1.0054545454545454,2,1,0.8707030951733874,False
9186,2,0.7453851188664542,0.4444444444444444,1.0,1,2,0.8201121408898561,False
9187,2,0.8982491256818949,1.0,1.1111111111111112,0,2,0.8700000000000001,False
9188,2,0.8038140721885331,0.8,1.0227272727272727,0,1,1.0,True
9189,3,0.07426641038122504,0.0,1.0,0,2,0.39999999999999997,False
9190,4,0.26566081669625924,0.1,1.0054545454545454,2,3,0.36599749286982536,False
9191,2,0.9781406702799799,1.0,1.0,0,2,0.9500000000000001,False
9193,3,0.01148710214167767,0.0,1.0,0,2,0.39999999999999997,False
9194,4,0.14593600829811215,0.25,1.0327911179963851,0,2,0.482186860699191,False
9195,2,0.8225408554186081,0.75,1.0,0,2,0.9500000000000001,False
9196,4,0.34680047739361036,0.2857142857142857,1.037037037037037,0,2,0.5831525855496426,False
9197,3,0.2129053936284436,0.14285714285714285,1.0,0,1,0.5162451686979044,False
9198,2,0.5771794835402287,0.5,1.0080645161290323,1,1,0.821172159612479,True
9200,3,0.6893166586427362,0.4,1.105263157894737,0,2,0.6975642822754585,False
9201,4,0.09408014773380621,0.1,1.1764705882352942,1,2,0.32,False
9203,3,0.9545859033871311,1.0,1.0,0,1,1.0,True
9204,4,0.275932078031721,0.14285714285714285,1.0,0,2,0.4932566048707376,False
9205,4,0.006130624656580737,0.0,1.0746268656716418,0,1,0.44999999999999996,False
9207,3,0.7285647599848755,0.6,1.0153846153846153,0,1,0.9277182304697085,True
9208,2,0.9496025822740229,1.0,1.0,0,2,0.9500000000000001,False
9209,3,0.1667281737164738,0.0,1.12,0,1,0.39859778873563156,False
9210,3,0.1343093964978942,0.2,1.125,0,2,0.37637069373719273,False
9211,4,0.5907707516831433,0.3333333333333333,1.0,0,1,0.7575525443721408,True
9212,3,0.729814616917438,0.5714285714285714,1.0,0,2,0.8663491215360449,False
9214,3,0.5028559057836849,0.5,1.0,1,2,0.7393191977168174,False
9215,3,0.7394632217518843,0.6,1.0,0,1,0.9323889997984267,True
9216,2,0.8145732351574922,0.75,1.0,0,1,1.0,True
9217,3,0.5273757309072726,0.14285714285714285,1.0,0,1,0.6510181703888311,False
9218,3,0.14834323389950357,0.14285714285714285,1.1428571428571428,0,1,0.4085756716712158,False
9220,4,0.28438753095764435,0.2857142857142857,1.0,1,2,0.5564041799342285,False
9221,4,0.34806925395622723,0.3333333333333333,1.0,0,1,0.653537616774891,False
9222,4,0.3638633822376503,0.125,1.1764705882352942,1,2,0.44350097333994537,False
9223,3,0.819089224756557,1.0,1.0,1,1,1.0,True
9224,2,0.7995609044065352,0.75,1.0,1,2,0.9498118161742294,False
9225,3,0.7265879969464373,0.625,1.0,1,2,0.8872877129770448,False
9226,2,0.8516328380121554,1.0,1.0,0,1,1.0,True
9227,2,0.9654246186510711,1.0,1.0,1,1,1.0,True
9228,2,0.7301003030613784,0.5,1.0,1,1,0.8867096536929717,True
9229,3,0.5697814537696492,0.5555555555555556,1.0,0,1,0.8411497235732359,True
9230,4,0.4713063658787688,0.5,1.0,1,1,0.7757979663289962,True
9232,3,0.25659701765943943,0.125,1.1666666666666667,0,1,0.4475296742349978,False
9233,4,0.574892970149673,0.4,1.0,0,1,0.7785255586355742,True
9234,3,0.4010472933580128,0.4,1.0,0,1,0.7040202685820055,True
9235,3,0.4333387350327976,0.25,1.0285714285714285,0,1,0.655359457871199,True
9237,3,0.8755724660907213,0.8571428571428571,1.015383053256841,1,2,0.9500000000000001,False
9238,3,0.9671431266836769,1.0,1.0,0,1,1.0,True
9239,4,0.004080806867908138,0.0,1.1111111111111112,1,1,0.37,False
9240,2,0.8514330662441847,1.0,1.0,1,2,0.9500000000000001,False
9241,4,0.007969831023442937,0.0,1.0714285714285714,0,1,0.44999999999999996,False
9242,3,0.1497871198329437,0.09090909090909091,1.1045655375552281,1,1,0.3913373370712616,False
9243,3,0.0707723606368286,0.16666666666666666,1.0,1,1,0.47777777777777775,False
9246,3,0.48146860897560273,0.375,1.0,1,1,0.7280698800371631,True
9247,4,0.17748856354763679,0.09090909090909091,1.1428571428571428,1,1,0.4032093843775586,False
9248,4,0.0033095724972191094,0.0,1.0526315789473684,1,2,0.39999999999999997,False
9251,4,0.6660041211204792,0.5,1.0004502025911661,1,2,0.8092398614325865,False
9252,2,0.790940051871793,0.8,1.0,1,2,0.9461171650879113,False
9253,4,0.15328331916835242,0.16666666666666666,1.1764705882352942,0,2,0.37061348599278593,False
9254,4,0.0,0.0,1.12,0,1,0.37,False
9255,4,0.42732694224428236,0.4,1.0,2,2,0.5602829752475497,False
9256,3,0.8564547401422811,0.5,1.0,0,1,0.9166666666666667,True
9257,4,0.28601581087206535,0.3333333333333333,1.1363636363636365,2,1,0.44194328402453587,False
9258,4,0.0018121498686734852,0.0,1.0625,1,1,0.44999999999999996,False
9259,4,0.805688008755173,1.0,1.0,1,1,1.0,True
9260,4,0.4227824535423419,0.2,1.04,0,1,0.6300020038990989,False
9261,3,0.9516617090013266,1.0,1.0,1,1,1.0,True
9262,3,0.3653252980531808,0.2222222222222222,1.0,1,1,0.6146367679487177,False
9264,3,0.292966230385719,0.5,1.0666666666666667,0,1,0.6993664796891177,False
9266,3,0.6141831990463942,0.75,1.0,1,2,0.8703642281627405,False
9267,4,0.0,0.0,1.1764705882352942,1,1,0.37,False
9268,4,0.0,0.0,1.1111111111111112,1,2,0.32,False
9269,4,0.0,0.0,1.0302857142857142,0,1,0.44999999999999996,False
9270,3,0.9508761906230699,1.0,1.0,0,2,0.9500000000000001,False
9272,3,0.3842741446750611,0.2857142857142857,1.0,0,1,0.6492127286702642,False
9274,3,0.9469194879192558,1.0,1.0,1,1,1.0,True
9275,4,0.358183545219958,0.16666666666666666,1.0,0,2,0.5384278685863313,False
9276,4,0.0,0.0,1.1278195488721805,1,2,0.32,False
9277,2,0.9302383620376733,1.0,1.0,1,1,1.0,True
9279,2,0.9190841657061083,1.0,1.002865329512894,1,2,0.9500000000000001,False
9280,2,0.8647249181788459,0.6,1.125,0,1,0.8783333333333333,True
9281,4,0.7301379277001403,0.4,1.0004301849795412,1,1,0.8450591118714887,True
9283,4,0.13525071639001948,0.125,1.1013215859030836,1,2,0.34552411654810355,False
9287,2,0.9664497444475854,1.0,1.0,0,1,1.0,True
9289,4,0.08672915665577981,0.14285714285714285,1.12,1,1,0.3878571428571428,False
9290,3,0.3880226717268154,0.25,1.0,0,1,0.6359382878829208,False
9292,4,0.7379352360912073,0.6666666666666666,1.0140845070422535,1,2,0.9095119265787713,False
9293,2,0.7336088555209844,1.0,1.0,0,1,0.9715466523661362,True
9294,2,0.45745434002224444,0.5,1.0411764705882354,0,1,0.7698613838190571,True
9298,3,0.4738360242273548,0.18181818181818182,1.0,1,1,0.6443063480454897,False
9299,4,0.3532464359768209,0.375,1.0,0,1,0.6731175201805423,False
9300,4,0.09643622744691088,0.0,1.0714285714285714,0,1,0.44999999999999996,False
9301,4,0.2783191429371319,0.2222222222222222,1.0,0,1,0.5773484157561253,False
9302,3,0.40821026708185565,0.5,1.0785824345146378,1,1,0.7487567811303191,True
9303,4,0.34373663233326124,0.25,1.0210526315789474,1,1,0.6169585567142548,False
9306,4,0.41334154694849934,0.2222222222222222,1.0,1,1,0.6352151603324256,False
9307,4,0.10395829474274469,0.1,1.0,0,2,0.40169641203260487,False
9309,4,0.09875099897063139,0.0,1.0079798404031919,0,2,0.39999999999999997,False
9310,4,0.07198293442384374,0.125,1.1,0,2,0.41041666666666665,False
9311,3,0.4625450173585838,0.2,1.0,0,1,0.6470431026774883,False
9312,2,0.8545219052035922,1.0,1.0211267605633803,0,1,1.0,True
9313,4,0.0036857028418448966,0.0,1.12,1,1,0.37,False
9314,3,0.20121111518457283,0.0,1.1363636363636365,0,1,0.41337619222195976,False
9315,4,0.32438921775940044,0.25,1.0894736842105264,1,1,0.6086668076111716,False
9317,2,0.899855297974005,0.75,1.0,0,1,1.0,True
9319,4,0.4059528026168462,0.5,1.0,0,1,0.7477892963596008,True
9320,2,0.798436345698432,0.5,1.0377032168799722,0,1,0.9159965291088519,True
9321,3,0.7544557522846793,0.6,1.0,1,1,0.9388143700267673,True
9322,3,0.44734166099449013,0.4,1.0,1,1,0.7238607118547815,True
9323,2,0.9619992454949131,1.0,1.0,0,1,1.0,True
9324,4,0.0,0.0,1.1320754716981132,0,1,0.37,False
9325,2,0.979869028838387,1.0,1.0,1,1,1.0,True
9326,4,0.2516795700161038,0.16666666666666666,1.0384615384615385,0,2,0.49278330778467944,False
9327,2,0.8216508704296882,0.8,1.0,0,1,1.0,True
9328,4,0.0,0.0,1.0588235294117647,1,1,0.44999999999999996,False
9329,2,0.8808819655756506,0.8333333333333334,1.0,0,1,1.0,True
9330,2,0.956910474577782,1.0,1.0,0,1,1.0,True
9331,4,0.0034385402883649286,0.0,1.1428571428571428,1,1,0.37,False
9332,3,0.7161570754219535,0.6666666666666666,1.0,1,1,0.9501784291490911,True
9333,2,0.9051142098703223,0.875,1.0,1,1,1.0,True
9334,2,0.8577283601641357,0.5,1.0294117647058822,0,1,0.9166666666666667,True
9335,4,0.6995273027246801,0.42857142857142855,1.03125,0,3,0.7938450345010534,False
9336,4,0.3920494817818614,0.375,1.0153846153846153,1,1,0.6897473969541311,False
9337,3,0.1413148004646292,0.14285714285714285,1.0,1,1,0.4855634859134125,False
9338,3,0.39368049429713275,0.5,1.0222222222222221,0,1,0.7425297356511521,False
9339,4,0.08822252221926567,0.1,1.0810810810810811,0,1,0.44999999999999996,False
9341,2,0.7419109124149691,0.2857142857142857,1.0054545454545454,0,1,0.8024856291302249,True
9342,3,0.8465391220729576,0.5,1.0,0,1,0.9166666666666667,True
9345,3,0.5108035390960194,0.4,1.0005002501250626,1,1,0.7510586596125799,True
9346,4,0.0,0.0,1.1764705882352942,0,1,0.37,False
9347,3,0.6963580910062599,0.4,1.105263157894737,0,2,0.7005820390026829,False
9348,2,0.967817780313364,1.0,1.0294117647058822,0,1,1.0,True
9349,4,0.12778505381811067,0.1111111111111111,1.1363636363636365,0,3,0.33653750983739134,False
9350,2,0.8629350339782741,0.3333333333333333,1.0294117647058822,0,1,0.8472222222222222,True
9351,2,0.6547479772244019,0.7142857142857143,1.0013812154696131,0,1,0.9377491330961722,True
9353,3,0.8485474312648981,0.5,1.0,0,2,0.8666666666666668,False
9355,3,0.22187410619082343,0.1111111111111111,1.0,0,2,0.4568613894256968,False
9356,4,0.007209545811617951,0.0,4.0,1,1,0.29000000000000004,False
9357,4,0.45310471998536056,0.5,1.1333333333333333,1,2,0.637997260946107,False
9358,3,0.009634672025563255,0.0,1.1590909090909092,1,1,0.37,False
9359,4,0.0,0.0,1.0,0,1,0.44999999999999996,False
9360,4,0.0,0.0,1.1111111111111112,1,1,0.37,False
9361,2,0.9513526108847625,1.0,1.0,0,1,1.0,True
9366,3,0.12661761234219454,0.14285714285714285,1.0,1,1,0.47926469100379765,False
9370,4,0.40069764340092856,0.2,1.0,0,2,0.5705370852670647,False
9371,4,0.2554667383152581,0.14285714285714285,1.1,0,1,0.5344857449922534,False
9377,4,0.007170215062235119,0.0,1.1071428571428572,0,2,0.32,False
9378,3,0.3458237853280225,0.2222222222222222,1.1764705882352942,0,2,0.47627897678079273,False
9382,3,0.7448587109553403,0.16666666666666666,1.0,0,1,0.7541457967586379,False
9386,3,0.3096435001672839,0.3333333333333333,1.0,0,1,0.6370694365796296,False
9388,4,0.019428000012665522,0.0,1.1666666666666667,0,2,0.32,False
9390,2,0.6701703095234609,0.625,1.1333333333333333,0,1,0.8331087040814833,True
9393,3,0.37769963209387253,0.3333333333333333,1.0,0,1,0.6662363502624533,False
9394,3,0.859770057443863,0.7142857142857143,1.0,1,1,1.0,True
9395,4,0.7557005625290616,0.5,1.0,1,2,0.847681193464836,False
9396,4,0.7254009447294738,0.5,1.0416666666666667,0,1,0.8846956429792983,True
9399,4,0.5547003955732892,0.42857142857142855,1.0,0,2,0.7317763600076003,False
9400,4,0.08416885243942934,0.1111111111111111,1.13,1,2,0.3246296296296296,False
9401,4,0.8932220052573261,1.0,1.0,1,1,1.0,True
9403,4,0.4897411201809414,0.3,1.0,1,3,0.6503652419823083,False
9405,4,0.2802708979097946,0.2222222222222222,1.0,0,2,0.5281848821729808,False
9408,2,0.6010869796363209,1.0,1.0125,0,1,0.9147515627012803,True
9410,4,0.9586720541712381,1.0,1.0,1,1,1.0,True
9411,3,0.11385899044213041,0.16666666666666666,1.0666666666666667,1,1,0.4837173451101193,False
9412,4,0.5967715792947473,0.5,1.0,1,3,0.7795687720787013,False
9413,4,0.72433732497433,0.7142857142857143,1.0133333333333334,1,2,0.917573139274713,False
9414,4,0.5540979296570031,0.3333333333333333,1.1538461538461537,1,2,0.6118356206466522,False
9416,4,0.7122432706519211,0.5,1.008888888888889,0,1,0.8790566398032043,True
9419,4,0.2200516655558253,0.18181818181818182,1.1111111111111112,1,2,0.40554162290054846,False
9420,4,0.8226087035786048,0.6666666666666666,1.0,1,1,0.9861111111111112,True
9421,2,0.9482349578943902,1.0,1.0,1,1,1.0,True
9422,4,0.4496217234516983,0.5555555555555556,1.0476190476190477,1,1,0.7896526962941142,True
9429,4,0.2861002541720004,0.16666666666666666,1.0,0,1,0.5575350295657779,False
9431,4,0.24981230554342423,0.2,1.1111111111111112,0,1,0.47587194047099135,False
9433,4,0.7814864089957257,0.75,1.0,1,2,0.9420656038553111,False
9434,4,0.5266835062193296,0.3333333333333333,1.0,0,1,0.7300865820305064,True
9435,4,0.1879455817318263,0.1111111111111111,1.0666666666666667,1,2,0.4423205932289837,False
9436,4,0.09707710496080905,0.16666666666666666,1.0204081632653061,0,2,0.42777777777777776,False
9438,4,0.644341045563942,0.5,1.0,0,1,0.8499556861940705,True
9439,3,0.26094079175857143,0.14285714285714285,1.0625,1,1,0.5368317678965306,False
9440,4,0.5994570747503265,0.25,1.0,0,3,0.6765530320358543,False
9441,4,0.06742301917354014,0.0,1.1764705882352942,0,1,0.37,False
9442,4,0.6532379702504522,0.5,1.0125,1,2,0.8037686539168606,False
9443,3,0.7209209147220726,0.7777777777777778,1.0303030303030303,1,2,0.9161089634523168,False
9444,4,0.47872021003186416,0.3333333333333333,1.0,0,2,0.6595308836644498,False
9445,4,0.3944680941465222,0.16666666666666666,1.0,0,1,0.6039783895548587,False
9446,2,0.5581996834961179,0.5,1.0,0,1,0.8130379595935744,True
9447,3,0.44711367824067505,0.3333333333333333,1.0526315789473684,0,1,0.6959852271825115,True
9450,4,0.18254783406124947,0.1111111111111111,1.0526315789473684,1,2,0.4400072727987365,False
9451,4,0.6589546765858384,0.6666666666666666,1.0153846153846153,1,1,0.9256631153621848,True
9454,4,0.7732274468457382,0.75,1.0,1,2,0.9385260486481736,False
9459,3,0.3709022598992198,0.14285714285714285,1.0,0,1,0.5839581113853799,False
9460,3,0.3468280210978446,0.25,1.0,0,1,0.6182834376133619,False
9461,4,0.49396193009071515,0.16666666666666666,1.0125,1,2,0.5966186049595129,False
9462,4,0.16357213688244382,0.125,1.0,0,1,0.48766186818771395,False
9464,4,0.1940904972598896,0.125,1.0666666666666667,0,2,0.4507411654923336,False
9466,3,0.10314733418105956,0.2,1.0714285714285714,1,1,0.493015524172835,False
9467,4,0.5956066190384813,0.6,1.2222222222222223,0,2,0.6607361700641111,False
9468,4,0.1936094767494489,0.2,1.125,0,1,0.4517850138450019,False
9469,4,0.23308297086166208,0.14285714285714285,1.0,0,1,0.5248927017978552,False
9470,4,0.25844602776035897,0.2222222222222222,1.0666666666666667,0,2,0.5188313663946512,False
9471,4,0.10105657495313944,0.1,1.0,1,2,0.4004528178370597,False
9472,4,0.510744249142322,0.2857142857142857,1.0,0,1,0.703414202013376,True
9476,4,0.09624968164579367,0.1111111111111111,1.1504424778761062,0,1,0.37462962962962965,False
9477,4,0.3475824915666086,0.2727272727272727,1.0,0,1,0.628076479069672,False
9478,4,0.6900580548278403,0.75,1.0,1,2,0.9028820234976459,False
9479,4,0.133157268473794,0.25,1.0,0,1,0.5267102579173403,False
9480,4,0.16739320306019,0.1,1.0417021276595746,1,3,0.42888280131150996,False
9481,4,0.9276620374889868,1.0,1.0,1,1,1.0,True
9482,4,0.2812196297913774,0.09090909090909091,1.099,1,3,0.47766555562487606,False
9483,4,0.5704976398625867,0.42857142857142855,1.0059171597633136,1,1,0.7885466075601562,True
9484,4,0.6641057598796404,0.5,1.037037037037037,1,2,0.8084262780436554,False
9485,3,0.18102801038122782,0.1111111111111111,1.0059171597633136,1,1,0.48935591979301296,False
9486,4,0.060079546727740636,0.0,2.0,1,1,0.29000000000000004,False
9487,3,0.2204431897444779,0.3333333333333333,1.1029411764705883,0,1,0.5188407321127128,False
9489,2,0.758961456185372,1.0,1.1111111111111112,0,1,0.9024120526508738,True
9490,4,0.4097548669123889,0.4,1.0,0,2,0.6577520858195953,False
9491,4,0.7270247186142023,0.2857142857142857,1.0,1,2,0.7461058317870392,False
9497,3,0.6896017241198954,0.6666666666666666,1.0625,0,1,0.9387975643053521,True
9498,4,0.2727322132493342,0.1,1.0666666666666667,0,1,0.5240280913925718,False
9499,4,0.0,0.0,1.0416666666666667,0,1,0.44999999999999996,False
9503,4,0.053728413352919016,0.0,1.0,1,2,0.39999999999999997,False
9504,4,0.7704468874214027,0.625,1.0,1,3,0.9060843803234585,False
9505,3,0.09390309649696628,0.0,1.0,0,1,0.44999999999999996,False
9507,4,0.009398590642795066,0.0,1.0,0,1,0.44999999999999996,False
9510,2,0.543135321252686,0.5,1.1194029850746268,1,2,0.6765818043463894,False
9513,4,0.6884822380562212,0.4444444444444444,1.0,1,4,0.7957251919711849,False
9514,4,0.0,0.0,1.0,0,1,0.44999999999999996,False
9515,4,0.772477174408121,0.6666666666666666,1.0214285714285714,1,1,0.9743156144288774,True
9516,4,0.3383627280551192,0.1111111111111111,1.0,1,2,0.5067850845103951,False
9517,4,0.22977155060166846,0.2222222222222222,1.1111111111111112,0,1,0.4765423047552124,False
9518,2,0.6784206944021586,0.6666666666666666,1.021060606060606,1,2,0.884005694426322,False
9519,2,0.9658428169287723,1.0,1.0,0,2,0.9500000000000001,False
9520,4,0.3769518172724014,0.2,1.0,1,2,0.560360302640553,False
9521,4,0.35443908875103813,0.1111111111111111,1.0,0,2,0.5136749533800746,False
9522,3,0.7980938561599619,0.8,1.0,1,2,0.9491830812114123,False
9524,2,0.9508203537789832,1.0,1.0,1,2,0.9500000000000001,False
9525,4,0.15882475261547618,0.14285714285714285,1.1,1,2,0.4430677511209184,False
9526,4,0.18091335785570742,0.2,1.1111111111111112,0,1,0.44634382003339845,False
9530,3,0.3694459190034496,0.375,4.0,1,2,0.47006015576338317,False
9532,4,0.1532949782978792,0.125,1.0,1,2,0.433257371651472,False
9533,3,0.9529898887337745,1.0,1.0,1,1,1.0,True
9536,4,0.5254954271483587,0.16666666666666666,1.0,0,3,0.6101329608413602,False
9537,4,0.36667780973180014,0.2222222222222222,1.0185185185185186,1,3,0.5652164158109831,False
9538,4,0.5348638563108304,0.4444444444444444,1.037037037037037,1,2,0.7298887426517316,False
9541,3,0.24300099660350208,0.14285714285714285,1.0294117647058822,0,2,0.4791432842586438,False
9543,4,0.14335236126311784,0.1,1.0,1,2,0.41857958339847906,False
9544,4,0.0971182105290205,0.1,1.1764705882352942,0,1,0.37,False
9545,4,0.20258588049671544,0.1,1.0,1,2,0.4439653773557352,False
9548,4,0.08640329850184056,0.08333333333333333,1.1124260355029585,1,1,0.37,False
9550,4,0.18149108682601103,0.07692307692307693,1.1454545454545455,1,2,0.3549247514968618,False
9551,3,0.10013987865582633,0.08333333333333333,1.0606060606060606,1,2,0.4000599479953541,False
9553,4,0.008215360378817121,0.0,1.1764705882352942,1,2,0.32,False
9556,3,0.23644138471198572,0.2857142857142857,3.789473684210526,1,1,0.4258558315432319,False
9557,3,0.0,0.0,1.1,1,1,0.44999999999999996,False
9559,3,0.8808943609817139,0.7777777777777778,1.0,1,2,0.9500000000000001,False
9561,4,0.16271270652580938,0.1111111111111111,1.0,0,1,0.4815065038549765,False
9562,3,0.17031921789733226,0.1,1.1176470588235294,0,2,0.35013680767028527,False
9563,4,0.023220131411821984,0.0,1.1538461538461537,1,1,0.37,False
9565,4,0.583876287348442,0.6666666666666666,1.0185185185185186,1,1,0.8934866628318721,True
9566,4,0.41686259362426087,0.3333333333333333,1.0,1,1,0.6830204766326197,True
9567,3,0.49531137008536447,0.5,1.0,0,2,0.7360858252746801,False
9570,4,0.44212962008376566,0.14285714285714285,1.1111111111111112,0,1,0.5344841228930424,False
9572,4,0.25972580775582116,0.3333333333333333,1.0,0,1,0.6156761398318599,False
9574,4,0.0,0.0,1.125,0,1,0.37,False
9576,4,0.30403320240041154,0.2857142857142857,1.125,0,1,0.5348237534097001,False
9577,4,0.8441881457549945,0.8,1.0,1,1,1.0,True
9578,4,0.006441697053211969,0.0,1.1666666666666667,0,1,0.37,False
9579,4,0.5850925269751913,0.4,1.0,0,1,0.782896797275082,True
9580,2,0.9117588140848817,0.75,1.0,1,2,0.9500000000000001,False
9581,4,0.07619684541954588,0.0,1.0,0,1,0.44999999999999996,False
9582,4,0.05747460484349892,0.0,1.0,2,1,0.345,False
9589,4,0.19462620624028845,0.2,1.1666666666666667,0,2,0.4022207550553617,False
9590,4,0.4031291411594148,0.5,1.0102417777777777,0,2,0.6965791557349873,False
9591,4,0.39632337403929596,0.16666666666666666,1.0,1,1,0.6047735095089046,False
9593,4,0.0050003422388805886,0.0,1.1,0,1,0.44999999999999996,False
9596,4,0.5022336734110934,0.2857142857142857,1.0,0,2,0.6497668124142781,False
9597,4,0.49147327339459695,0.4,1.0,0,1,0.7427742600262558,True
9599,3,0.5762438152038157,0.5,1.1111111111111112,0,1,0.7407711588968734,True
9602,4,0.3701656193412718,0.5,2.0636363636363635,0,1,0.5724519320986403,False
9603,4,0.6716631312148432,0.75,1.098901098901099,0,1,0.9449984848063614,True
9606,4,0.15254632035259885,0.1,1.0,0,1,0.47251985157968523,False
9608,2,0.7982690320807323,1.0,1.0,0,1,0.9992581566060281,True
9610,4,0.0,0.0,1.0333333333333334,0,1,0.44999999999999996,False
9613,3,0.10993276887434826,0.14285714285714285,1.0204081632653061,0,1,0.47211404380329214,False
9614,4,0.20959630504288515,0.1,1.1764705882352942,0,2,0.3669698450183793,False
9619,4,0.5669624689158933,0.2857142857142857,1.0,1,2,0.6775077247734781,False
9621,4,0.667351346626213,0.6,1.0,0,1,0.9014839104588532,True
9623,4,0.37519011046928713,0.375,1.0,0,2,0.632521952105885,False
9624,3,0.6628804605700328,0.75,1.0,0,1,0.9412344831014426,True
9625,4,0.24005888822978913,0.0,1.1111111111111112,1,1,0.4300252378127667,False
9626,3,0.012169992724407056,0.0,1.0,0,1,0.44999999999999996,False
9627,4,0.0,0.0,1.1666666666666667,0,1,0.37,False
9630,4,0.0610362116858854,0.09090909090909091,1.0,1,2,0.39999999999999997,False
9632,2,0.6711718359597163,1.0,1.025,0,1,0.9447879296970213,True
9633,4,0.3856165522728667,0.42857142857142855,1.0,1,2,0.6593118557359905,False
9635,4,0.35549091796953325,0.2222222222222222,1.1363636363636365,0,2,0.48042203362715447,False
9638,3,0.26597667569196154,0.16666666666666666,1.0,0,1,0.5489106387886185,False
9639,4,0.17203060219813518,0.1111111111111111,1.1428571428571428,1,2,0.3554998877145447,False
9644,4,0.6406005351322249,0.75,1.0196078431372548,0,1,0.9316859436280964,True
9645,4,0.5670977253013749,0.25,1.0222222222222221,1,2,0.662684739414875,False
9646,2,0.5972153523142156,0.36363636363636365,1.014332965821389,1,1,0.7729407786974345,True
9647,3,0.5828859885028594,0.42857142857142855,1.0,1,2,0.7438558998345589,False
9648,4,0.6914982755715237,0.4,1.0,1,1,0.8284992609592245,True
9650,4,0.009795228563999303,0.0,1.0,0,1,0.44999999999999996,False
9653,4,0.14649083536191287,0.1,1.1111111111111112,0,1,0.389924643726534,False
9654,4,0.163557153655472,0.2,1.1111111111111112,1,1,0.4389054468047261,False
9655,4,0.7163441092836568,0.6,1.0,1,1,0.9224808087406149,True
9656,4,0.5352935380018617,0.25,1.5,0,1,0.5390543734293693,False
9661,4,0.25573875675085794,0.25,1.1764705882352942,0,1,0.49924518146465335,False
9662,4,0.1087924385369739,0.2222222222222222,1.0909090909090908,0,1,0.5046941138703432,False
9663,4,0.777768901532969,0.625,1.0666666666666667,1,2,0.9092223863712726,False
9665,2,0.7324339999614619,0.6666666666666666,1.0,0,1,0.9571542539517377,True
9672,4,0.1324665797741445,0.09090909090909091,1.125,0,1,0.3839142484746333,False
9673,2,0.6191670248736928,0.5714285714285714,1.0,1,2,0.8189287249458684,False
9674,4,0.17635295078333152,0.2,1.1428571428571428,0,1,0.444389359859523,False
9675,4,0.405915053933376,0.3333333333333333,1.0,0,1,0.6783286739079548,True
9677,4,0.5716733110745166,0.5714285714285714,1.0,0,1,0.8485742761747928,True
9678,3,0.2089751988021322,0.14285714285714285,1.1111111111111112,0,1,0.43456079948662807,False
9679,4,0.07956499699202899,0.125,1.0318181818181817,0,1,0.4604166666666667,False
9681,4,0.5827114485677889,0.4,1.0,0,2,0.731876335100481,False
9682,4,0.06332425640509634,0.09090909090909091,1.0,0,1,0.44999999999999996,False
9684,3,0.4451437883043639,0.5,1.0,0,1,0.7645854330828226,True
9685,4,0.13562263745159678,0.09090909090909091,2.25,0,1,0.30526684462211295,False
9686,4,0.30241326890654335,0.2857142857142857,1.136,1,2,0.4841294961980424,False
9687,4,0.530452075432098,0.5,1.0133333333333334,1,3,0.7511461275661374,False
9688,4,0.33486030545314066,0.3333333333333333,1.0222222222222221,1,1,0.6478766388449968,False
9689,4,0.8281367468630442,0.8333333333333334,1.018181818181818,1,1,1.0,True
9690,4,0.05870807613406894,0.08333333333333333,1.125,0,1,0.37,False
9691,3,0.12383685307794873,0.1,1.1333333333333333,1,1,0.3802157941762637,False
9692,4,0.146235490791927,0.2,1.0,0,1,0.511481877006064,False
9693,4,0.696128376734378,0.5,1.0,1,1,0.8721502566956858,True
9695,4,0.6117499355364777,0.16666666666666666,1.0,0,1,0.6970991787219826,False
9697,2,0.593351347427596,0.4,1.09375,0,1,0.7864362917546841,True
9698,3,0.14890257760263798,0.25,1.1458333333333333,0,2,0.4034582475439877,False
9699,3,0.6472005479254096,0.42857142857142855,1.0,0,2,0.7714192824442233,False
9700,4,0.017823598383685416,0.0,1.1666666666666667,0,1,0.37,False
9702,4,0.3067245019522039,0.2,1.0,1,3,0.5302628817890398,False
9703,4,0.12094664631450468,0.1,1.1428571428571428,1,1,0.37897713413478773,False
9705,3,0.6917926306031302,0.6,1.0294117647058822,0,1,0.9119587464489607,True
9706,4,0.0,0.0,1.1111111111111112,0,1,0.37,False
9707,4,0.6107703681560777,0.4444444444444444,1.018181818181818,0,1,0.8124201048711233,True
9708,3,0.2988369101279397,0.2222222222222222,1.0,0,2,0.5361417445521859,False
9709,4,0.004152517351903294,0.0,1.09375,0,1,0.44999999999999996,False
9710,4,0.023063072679217637,0.0,1.125,0,1,0.37,False
9711,4,0.0,0.0,1.0,0,1,0.44999999999999996,False
9713,4,0.339452883203182,0.25,1.0,1,3,0.5651226642299352,False
9714,4,0.8415121266869973,0.6666666666666666,1.0294117647058822,1,1,0.9861111111111112,True
9715,3,0.37201094600680396,0.2857142857142857,1.0588235294117647,1,2,0.5939570720981542,False
9718,4,0.0,0.0,1.1333333333333333,0,1,0.37,False
9719,3,0.19677073122589878,0.2,1.1666666666666667,0,1,0.45313983719205186,False
9720,4,0.5085292853606681,0.2857142857142857,1.0,0,1,0.7024649318212387,True
9721,4,0.12890167579136025,0.08333333333333333,1.1764705882352942,0,1,0.38238643248201154,False
9722,4,0.3510466843595215,0.375,1.1764705882352942,0,1,0.592174769487414,False
9723,3,0.3028147080548205,0.5,1.0714285714285714,1,1,0.7035872558330183,False
9724,4,0.002702415485159708,0.0,1.16,1,1,0.37,False
9726,4,0.21004311600997022,0.14285714285714285,2.0,1,1,0.3550184782899872,False
9727,4,0.14551527699203654,0.18181818181818182,1.0,0,1,0.5035974563732104,False
9728,3,0.2099633673451881,0.14285714285714285,1.1333333333333333,0,1,0.4349843002907948,False
9730,4,0.42704114153627937,0.42857142857142855,1.0,0,1,0.7270652511345959,True
9731,4,0.20611111671617313,0.2222222222222222,1.0416666666666667,1,2,0.4964021188042858,False
9732,4,0.09856194623553334,0.125,1.1333333333333333,0,1,0.3804166666666666,False
9733,2,0.670626114859261,0.5,1.0666666666666667,0,2,0.8112207158920645,False
9734,3,0.716698294729513,0.5,1.0,0,2,0.8309659358364581,False
9735,3,0.7673976877398999,0.6666666666666666,1.0,0,1,0.9721386915710681,True
9739,3,0.7502839844267241,0.7142857142857143,1.0,0,2,0.9286931361828817,False
9740,4,0.5486989203696613,0.5,1.088,0,1,0.8089662039679502,True
9742,3,0.16654096924281073,0.16666666666666666,4.0,1,2,0.29629533602469665,False
9743,4,0.0,0.0,1.12,0,1,0.37,False
9745,3,0.8389800732120515,1.0,1.0,1,1,1.0,True
9753,4,0.21394756184581587,0.14285714285714285,1.1363636363636365,0,1,0.4366918122196354,False
9757,3,0.4123556676223298,0.14285714285714285,1.0,1,2,0.5517238575524271,False
9759,4,0.7255817351381175,0.2857142857142857,1.1428571428571428,0,1,0.7154874102972885,True
9760,3,0.4508785496271787,0.5,1.0,0,2,0.7170431879354576,False
9763,4,0.0,0.0,1.1,1,2,0.39999999999999997,False
9765,3,0.43775509781163513,0.3333333333333333,1.0,0,1,0.6919744069986373,True
9766,3,0.0,0.0,1.1428571428571428,1,1,0.37,False
9768,4,0.5340854108358423,0.2857142857142857,1.0,1,2,0.6634175570248848,False
9769,4,0.24500992578714337,0.125,1.04,1,1,0.5225637777182995,False
9770,4,0.4369710490348748,0.2857142857142857,1.0,0,1,0.6717971162530416,True
9771,3,0.1632453437500894,0.1,1.1,1,2,0.42710514732146687,False
9772,4,0.4841678153836572,0.42857142857142855,1.0,1,2,0.7015481113549008,False
9773,3,0.5987837547449049,0.6666666666666666,1.1666666666666667,1,3,0.7698755774303562,False
9774,2,0.7509440018927945,0.5714285714285714,1.0714285714285714,0,2,0.8754045722397691,False
9775,4,0.371346521703076,0.3333333333333333,1.1666666666666667,1,2,0.5335135886663978,False
9776,4,0.08756067142002111,0.125,1.0344827586206897,0,1,0.4604166666666667,False
9777,3,0.435973321874826,0.125,1.0,1,1,0.6044052331844492,False
9779,3,0.36080453254386585,0.3,1.0,0,2,0.5951067044235616,False
9780,4,0.17565986111922072,0.125,1.1,1,2,0.442842321432047,False
9784,4,0.13262295107235386,0.125,1.1320754716981132,0,1,0.3943979314119611,False
9786,4,0.0,0.0,1.1111111111111112,1,2,0.32,False
9787,4,0.13186267334167226,0.07142857142857142,1.091901728844404,1,2,0.4136554314321453,False
9788,4,0.36597537711809297,0.2857142857142857,1.0285714285714285,0,1,0.6413703997172779,False
9794,2,0.46153477348399835,0.4444444444444444,1.0,1,1,0.7484619928688034,True
9795,4,0.10742026633450238,0.1111111111111111,1.0,1,2,0.4078097437729878,False
9796,4,0.11831194158500201,0.09090909090909091,1.1363636363636365,0,3,0.32784797496500084,False
9797,3,0.5741807212970664,0.5,1.0555555555555556,1,1,0.8198869757939808,True
9798,3,0.6088058187439808,0.2857142857142857,1.0,1,2,0.6954405889855156,False
9799,3,0.7241335613812391,0.42857142857142855,1.0,1,2,0.8043905739252931,False
9800,3,0.2448709841844127,0.2222222222222222,1.0,1,2,0.5130134905763886,False
9801,4,0.004772462055987178,0.0,1.1,1,2,0.39999999999999997,False
9803,2,0.7976837501398667,0.625,1.0055555555555555,0,1,0.9677573214885145,True
9804,3,0.24483284960211088,0.2222222222222222,1.1,1,2,0.5129971471839735,False
9806,3,0.9799874129489479,1.0,1.0,1,2,0.9500000000000001,False
9807,4,0.7529015519971415,0.7142857142857143,1.0,1,2,0.9298149508559178,False
9808,3,0.14987099629380574,0.14285714285714285,1.0,1,2,0.4392304269830596,False
9813,3,0.6327212522110445,0.8,1.0,0,1,0.9283091080904476,True
9814,4,0.0,0.0,1.0526315789473684,0,1,0.44999999999999996,False
9815,4,0.5071493187008335,0.3333333333333333,1.0,1,1,0.7217147873797223,True
9818,4,0.17552038132585035,0.18181818181818182,1.094,1,1,0.5164567868019878,False
9819,4,0.0,0.0,1.1111111111111112,0,1,0.37,False
9821,4,0.5507269901489618,0.25,1.0,2,1,0.6006687100638408,False
9822,4,0.40626373926653775,0.2,1.0,0,2,0.5729225549237543,False
9823,3,0.4211961904637241,0.375,1.0235294117647058,0,1,0.7022388435320722,True
9825,4,0.6169041481834044,0.5,1.0,1,1,0.8381970158881258,True
9829,4,0.7133906746829357,0.625,1.0,1,1,0.9316317177212583,True
9831,4,0.39706672977845303,0.1,1.0,1,1,0.5773143127621941,False
9832,4,0.8445529585778938,0.5714285714285714,1.0,2,1,0.8414285714285714,False
9833,4,0.8327441067924674,1.0,1.0240963855421688,1,1,1.0,True
9834,4,0.45774210252268954,0.3333333333333333,1.0666666666666667,0,1,0.7005402661605177,True
9837,4,0.0,0.0,1.0666666666666667,1,1,0.44999999999999996,False
9838,4,0.11935541681752136,0.1,1.1764705882352942,2,1,0.27329517863608055,False
9839,4,0.9169323524218878,0.8,1.0,1,1,1.0,True
9841,3,0.8304350617829077,0.8333333333333334,1.0,1,1,1.0,True
9844,4,0.23965229695432697,0.4,1.0,1,1,0.6348509844089973,False
9845,4,0.15312675209771073,0.1,1.0773374374759523,1,1,0.47276860804187604,False
9846,3,0.9000362917433883,0.8571428571428571,1.025,1,1,1.0,True
9847,4,0.3098752957210306,0.2,1.0,0,1,0.5816132219756798,False
9848,3,0.35367664305141217,0.2222222222222222,1.0235294117647058,0,1,0.609644487233674,False
9849,4,0.7474072020463666,0.5714285714285714,1.02,1,1,0.9238888008770143,True
9850,3,0.4736112899773916,0.5,4.0,1,1,0.6167857909426917,False
9851,2,0.7611113317511005,1.0,1.0,0,1,0.9833334278933288,True
9852,3,0.39910254098937503,0.4,1.0095238095238095,0,1,0.7031868032811608,False
9854,4,0.11781636570599796,0.09090909090909091,1.0,1,1,0.45763558530257054,False
9856,2,0.8348893922051831,1.0,1.0,1,1,1.0,True
9860,3,0.5659790553867823,0.6666666666666666,1.0,0,2,0.8358164205625893,False
9862,4,0.7515420870575381,0.75,1.0277777777777777,1,1,0.9792323230246591,True
9863,4,0.03607602427469202,0.0,1.0416666666666667,1,1,0.44999999999999996,False
9864,3,0.6874012594235187,0.6,1.0,1,1,0.910076730229127,True
9865,3,0.292886677492232,0.25,1.0,1,1,0.5951657189252423,False
9867,4,0.10952481387913927,0.08333333333333333,1.0897435897435896,1,1,0.4540820630910597,False
9868,2,0.9069257096397298,1.0,1.0,1,1,1.0,True
9869,4,0.5618560039051943,0.4,1.1764705882352942,0,1,0.6929382873879405,True
9870,4,0.2249654563204984,0.125,1.1,1,1,0.5139732908040231,False
9871,4,0.8227338445654966,0.8333333333333334,1.1666666666666667,1,1,0.92,True
9872,3,0.21057229386651077,0.18181818181818182,1.1538461538461537,1,1,0.45147903503369946,False
9873,4,0.4881945937323278,0.16666666666666666,1.0,1,1,0.6441468893773469,False
9876,4,0.2392502235753959,0.1111111111111111,1.0,1,2,0.4643082968762278,False
9878,4,0.12241521508004777,0.1111111111111111,1.095,1,1,0.4642361503782215,False
9879,4,0.7952193985208517,0.5,1.0,1,1,0.9146178374613174,True
9880,2,0.9085586991869209,1.0,1.0,1,1,1.0,True
9883,2,0.8549407257814695,1.0,1.0,1,1,1.0,True
9885,3,0.976930034173919,1.0,1.0,0,1,1.0,True
9886,4,0.3792565343614282,0.2222222222222222,1.0040160642570282,1,1,0.6206072977951095,False
9887,3,0.7865757858975928,0.75,1.0211267605633803,1,1,0.9942467653846827,True
9888,4,0.8060823402018544,0.5714285714285714,1.0,1,2,0.8964285714285715,False
9889,3,0.5309451434215867,0.3333333333333333,1.0,0,1,0.7319129979743308,True
9894,4,0.7790053287457243,0.6,1.0,1,1,0.9493356170815008,True
9895,4,0.32399326465668193,0.16666666666666666,1.0,0,2,0.5237748912020701,False
9897,4,0.4143422809685366,0.42857142857142855,1.0,1,1,0.721622882319849,True
9899,3,0.6196584373022515,0.8571428571428571,1.0,0,1,0.9227107588438221,True
9900,2,0.553076736286245,0.5,1.0,0,1,0.810842410789343,True
9902,4,0.07643676569856211,0.125,1.15625,1,1,0.3804166666666666,False
9903,4,0.7731523439977347,0.75,1.1764705882352942,0,1,0.9084938617133148,True
9905,4,0.9507953853913377,1.0,1.0,1,1,1.0,True
9908,3,0.4488403147761369,0.16666666666666666,1.0204081632653061,1,1,0.6272807698246936,False
9909,3,0.1052101491843013,0.0,1.0021276595744681,1,1,0.45223292107898627,False
9910,3,0.39698569380114546,0.14285714285714285,1.0714285714285714,1,1,0.5951367259147766,False
9915,4,0.28490073690205037,0.3,1.125,1,1,0.5325765062913549,False
9916,3,0.6383465963068253,0.375,1.0,0,1,0.7953033031791157,True
9917,4,0.4476797463120649,0.4,1.0714285714285714,0,1,0.7240056055623135,True
9919,3,0.422881504617581,0.3333333333333333,1.0,0,1,0.6856000099154712,True
9921,3,0.8018878538155736,1.0,1.0,1,1,1.0,True
9922,4,0.12833384262468642,0.18181818181818182,1.04,1,1,0.49623398450148903,False
9923,4,0.5288317729221239,0.2857142857142857,1.0,2,1,0.6061659979190055,False
9925,4,0.07859116159996314,0.14285714285714285,1.1764705882352942,1,1,0.3878571428571428,False
9926,4,0.5828717229668507,0.6666666666666666,1.0,1,1,0.8930561352397615,True
9928,4,0.6568131018604717,0.42857142857142855,1.0294117647058822,1,1,0.8255389484163926,True
9931,4,0.6165780960015138,0.5,1.0204081632653061,0,1,0.838057279238744,True
9932,4,0.40507812416279865,0.2222222222222222,1.0,0,1,0.6316736934242683,False
9934,3,0.5769517055224156,0.6,1.0,1,1,0.8627412071286543,True
9937,4,0.7883921853924641,1.0,1.0,1,1,0.9950252223110561,True
9938,2,0.6269471669289598,0.5,1.0,0,1,0.842501166779078,True
9939,4,0.6190136593000656,0.5,1.0222222222222221,1,1,0.8391010920809805,True
9940,3,0.16198679503964544,0.1111111111111111,1.0588235294117647,0,1,0.48119539893233476,False
9943,4,0.1303811045939999,0.14285714285714285,1.1,3,1,0.3758776162545714,False
9944,3,0.19372769685332458,0.1111111111111111,1.0465116279069768,1,1,0.49479864256676875,False
9947,4,0.038252745450573014,0.0,1.0,0,1,0.44999999999999996,False
9951,2,0.6551471047213112,0.4,1.0,2,1,0.7079201877377048,False
9952,4,0.5562804296538091,0.5714285714285714,1.0,1,1,0.8419773269944897,True
9955,4,0.8099207719810024,0.3333333333333333,1.0,1,1,0.8472222222222222,True
9958,3,0.12005982434391665,0.1,1.1333333333333333,1,1,0.37859706757596423,False
9959,3,0.6093851201336274,0.5,1.0,0,1,0.8349745752953641,True
9961,2,0.9299115865365869,1.0,1.0,1,1,1.0,True
9963,4,0.7832419919119646,0.75,1.0,1,1,0.9928179965336992,True
9964,4,0.2794418853121139,0.2222222222222222,1.0,0,1,0.577829591059689,False
9965,3,0.024883338140739102,0.0,1.0,1,1,0.44999999999999996,False
9968,3,0.7752608064049293,0.8333333333333334,1.0,1,1,0.9893974884592553,True
9969,4,0.6736991784344694,0.5,1.0833333333333333,0,1,0.8625377431385821,True
9970,4,0.2509938267490876,0.3333333333333333,1.0526315789473684,1,1,0.6119338622575454,False
9972,3,0.2452513615639531,0.125,1.0,0,1,0.5226672501940751,False
9973,2,0.6655482824727115,0.5,1.0,0,1,0.8590445020121145,True
9974,3,0.7993640669725209,0.625,1.0,1,1,0.9684774572739376,True
9978,2,0.9157456610031706,1.0,1.0142857142857142,0,1,1.0,True
9980,3,0.903361194004024,1.0,1.0,1,1,1.0,True
9981,3,0.8982304833083837,0.75,1.0,1,1,1.0,True
9983,2,0.8705873768286272,0.75,1.0,1,1,1.0,True
9984,2,0.5129915823925268,0.3333333333333333,1.1578947368421053,0,2,0.5942186146761623,False
9985,3,0.8154099828257264,1.0,1.0,1,1,1.0,True
9988,4,0.4289682762282766,0.5,1.1764705882352942,0,1,0.6776530707644995,True
9989,4,0.15707096571147566,0.1,1.1538461538461537,1,1,0.3944589853049181,False
9991,2,0.7361495651238048,0.8333333333333334,1.0285714285714285,0,1,0.9726355279102021,True
9992,4,0.34814920782651654,0.2857142857142857,1.0,1,1,0.6337306128780309,False
9993,3,0.03377777018885288,0.0,1.0,1,1,0.44999999999999996,False
9994,4,0.017060733672219518,0.0,1.0126582278481013,1,1,0.44999999999999996,False
9995,4,0.42729369789976246,0.375,1.0,1,1,0.7048520610046601,True
9999,4,0.8425377151925111,0.6,1.0,1,1,0.9583333333333333,True
10001,4,0.0,0.0,1.0588235294117647,1,1,0.44999999999999996,False
10003,2,0.949014597293163,1.0,1.0,1,1,1.0,True
10004,3,0.7520584806697134,0.8333333333333334,1.0,1,1,0.9794536345727343,True
10005,4,0.13312963272380013,0.09090909090909091,1.075,0,1,0.4641984140244858,False
10006,4,0.057637447488877766,0.14285714285714285,4.0,2,2,0.15285714285714286,False
10007,4,0.1542088218902932,0.14285714285714285,2.111111111111111,0,1,0.33108949509583996,False
10008,4,0.26827858116718833,0.25,1.0857142857142856,1,1,0.584619391928795,False
10010,2,0.8417695303520751,0.7142857142857143,1.0,1,1,1.0,True
10012,3,0.37957202118570005,0.42857142857142855,1.1428571428571428,2,1,0.521721342412919,False
10013,3,0.7505837812913121,0.6,1.0,1,1,0.9371549538867527,True
10015,3,0.4855333926523346,0.3333333333333333,1.0,0,1,0.7124508190732227,True
10016,3,0.6620155119747302,0.5,1.0,1,2,0.8075304575129797,False
10018,4,0.24603705466375858,0.125,1.003129890453834,1,2,0.4730039758082775,False
10020,4,0.1531056875283703,0.14285714285714285,1.1111111111111112,0,1,0.4106167232264444,False
10021,3,0.7153304550218406,1.0,1.0,1,1,0.9637130521522175,True
10024,3,0.04421709903248004,0.0,1.0666666666666667,2,1,0.345,False
10025,4,0.05414060707939989,0.0,1.054,1,1,0.44999999999999996,False
10028,3,0.7025234112824807,0.4,1.0022988505747126,1,1,0.8332243191210633,True
10029,4,0.4958227902628868,0.6,1.0,1,1,0.8279716720174277,True
10031,4,0.21341362499735855,0.0,1.0526315789473684,1,2,0.44860583928458225,False
10032,3,0.17355218868371186,0.16666666666666666,1.0588235294117647,1,1,0.5093001443565114,False
10037,3,0.6515496803793032,0.75,1.1363636363636365,0,1,0.8563784344482728,True
10038,3,0.7501484265828781,0.6666666666666666,1.0093896713615023,1,1,0.9647461510752018,True
10040,2,0.7754741544787725,0.8,1.0,0,2,0.9394889233480453,False
10041,4,0.5184107977808685,0.6,1.0,1,1,0.8376522466679913,True
10043,2,0.8622193413893787,0.8,1.06,1,1,1.0,True
10046,4,0.08345550418743564,0.14285714285714285,1.1764705882352942,1,1,0.3878571428571428,False
10047,2,0.9253187383358749,1.0,1.0,0,1,1.0,True
10050,2,0.7560743415622881,0.75,1.0,1,1,0.9811747178124093,True
10052,3,0.6426257660391361,0.6666666666666666,1.008888888888889,0,1,0.9186650108421694,True
10054,3,0.757042501561705,0.6666666666666666,1.0,1,1,0.9677007546375562,True
10055,4,0.0887724473460847,0.2,1.1607142857142858,1,1,0.4116666666666666,False
10058,4,0.7143939251627223,0.3333333333333333,1.0294117647058822,1,1,0.8105339044348174,True
10059,4,0.8707074908553206,0.8,1.0153846153846153,1,1,1.0,True
10061,3,0.7333759225855558,0.5,1.0027027027027027,1,1,0.8881134906319049,True
10062,4,0.7761010765960803,1.0,1.0,1,2,0.9397576042554631,False
10064,3,0.09250435111467731,0.0,1.0888252148997135,2,1,0.345,False
10068,2,0.8647153420312269,0.8,1.0285714285714285,1,1,1.0,True
10069,4,0.46054024794651577,0.375,1.04,1,2,0.6691005824532688,False
10072,4,0.9086404569692151,0.8333333333333334,1.0,1,1,1.0,True
10075,2,0.783692123833868,0.6666666666666666,1.0285714285714285,1,1,0.979122021325626,True
10076,3,0.46983581031407773,0.25,1.0,2,1,0.5660010615631762,False
10079,3,0.9717835828802783,1.0,1.0,0,1,1.0,True
10080,4,0.8652646754069399,0.8333333333333334,1.0153846153846153,1,1,1.0,True
10081,3,0.23366786272421072,0.1111111111111111,1.05,1,1,0.5119158565114342,False
10082,3,0.5883689195829467,0.5,1.0,1,2,0.7759676322022154,False
10083,3,0.5737977106471704,0.3333333333333333,1.0,1,1,0.7502783839281524,True
10084,2,0.880606474544268,0.8333333333333334,1.0,0,2,0.9500000000000001,False
10085,3,0.22895685223851908,0.125,1.1428571428571428,0,1,0.4356838890546034,False
10086,2,0.969554845116316,1.0,1.0,1,1,1.0,True
10087,4,0.49958707109672273,0.4,1.0924369747899159,1,1,0.7462516018985954,True
10089,2,0.8618208252757699,0.75,1.0153846153846153,1,1,1.0,True
10097,3,0.8177404933818855,0.6666666666666666,1.0,1,1,0.9861111111111112,True
10099,3,0.846294822397895,0.6666666666666666,1.0055555555555555,1,1,0.9861111111111112,True
10101,2,0.8664377775827875,0.7142857142857143,1.0153846153846153,1,1,1.0,True
10103,4,0.9134735534015562,1.0,1.0135135135135136,1,1,1.0,True
10104,4,0.6620680357992803,0.5,1.0133333333333334,1,2,0.8075529677235013,False
10105,4,0.6380019519093305,0.42857142857142855,1.0,0,1,0.8174770270087608,True
10107,4,0.10931387824902081,0.0,1.035294117647059,1,1,0.45399166210672315,False
10109,4,0.5682368485201943,0.3333333333333333,1.0,0,1,0.7478951573023055,True
10110,3,0.1801122123330076,0.2857142857142857,1.0362694300518134,1,1,0.561714757666527,False
10111,4,0.5631132042682263,0.3333333333333333,1.1111111111111112,1,1,0.6656993097657478,True
10112,4,0.8725310139630887,1.0,1.0185185185185186,1,1,1.0,True
10113,2,0.8299703469570854,0.6,1.0,1,1,0.9583333333333333,True
10114,2,0.8957554371449943,0.6666666666666666,1.0,1,1,0.9861111111111112,True
10115,2,0.8379994368725279,0.6,1.0,1,1,0.9583333333333333,True
10116,4,0.18607591226544773,0.16666666666666666,1.0752688172043012,1,1,0.5146674544629697,False
10117,2,0.801413800531568,0.6,1.0029411764705882,1,1,0.9583333333333333,True
10119,3,0.4754084560851912,0.4,1.15625,1,1,0.6558893383222248,True
10120,3,0.2524082241516835,0.16666666666666666,1.0104166666666667,1,1,0.5430955881284992,False
10123,4,0.6933727742587839,0.4444444444444444,1.0,1,2,0.7978211360579973,False
10124,2,0.9376883231771084,1.0,1.0,1,1,1.0,True
10125,3,0.0,0.0,1.1666666666666667,1,1,0.37,False
10126,2,0.8553817491923954,0.7142857142857143,1.0,1,1,1.0,True
10127,3,0.5809657975982713,0.4,1.0,1,1,0.7811281989706877,True
10128,3,0.0,0.0,1.069047619047619,1,1,0.44999999999999996,False
10129,2,0.8512051662943798,0.6,1.0,1,1,0.9583333333333333,True
10130,2,0.6253177013068777,0.5,1.0,1,2,0.7918028243696144,False
10132,3,0.6055752053963644,0.3333333333333333,1.0,1,1,0.7638973102492356,True
10133,2,0.8774147706467808,0.6666666666666666,1.0,1,1,0.9861111111111112,True
10134,3,0.7389493575159466,0.8,1.0,1,1,0.9738354389354056,True
10135,2,0.909403829347298,1.0,1.0015625,1,1,1.0,True
10136,4,0.2660409981204233,0.2857142857142857,3.8666666666666667,0,1,0.43854138014684807,False
10137,3,0.5626830094849573,0.4,1.0227272727272727,1,1,0.7732927183506961,True
10138,4,0.6590505191278345,0.5,1.0,1,1,0.8562597462928816,True
10140,4,0.7818629757551566,0.42857142857142855,1.0,1,1,0.8791317515141148,True
10141,3,0.6194205777442494,0.4444444444444444,1.0,1,1,0.8161273375517684,True
10142,3,0.07762495212157935,0.0,1.1333333333333333,1,1,0.37,False
10143,4,0.11386557135946583,0.125,1.0869565217391304,1,1,0.466359054392152,False
10145,4,0.08950929300996459,0.2,1.0,0,1,0.4916666666666667,False
10146,2,0.8088549197311061,1.0,1.0,0,1,1.0,True
10147,3,0.6428283693689061,0.4,1.0,0,2,0.7576407297295312,False
10149,4,0.31766851309483035,0.25,1.1333333333333333,1,1,0.5257865056120701,False
10150,3,0.9857731695607928,1.0,1.0,0,2,0.9500000000000001,False
10151,2,0.7429348746836741,0.5,1.0,0,1,0.8922101843882413,True
10152,2,0.9494579468261304,1.0,1.0,1,1,1.0,True
10154,3,0.2390610563163442,0.2857142857142857,1.098901098901099,1,2,0.5369785479450999,False
10155,2,0.94003862189722,0.8571428571428571,1.0,1,1,1.0,True
10156,4,0.4407439665070507,0.3333333333333333,1.03125,1,1,0.6932553507252439,True
10158,3,0.5591158288011163,0.4,1.0,1,1,0.7717639266290499,True
10159,3,0.773771063942604,0.5714285714285714,1.0,1,1,0.9351875988325447,True
10161,3,0.0,0.0,23.80952380952381,1,1,0.29000000000000004,False
10165,4,0.5040060995240223,0.3333333333333333,1.0256410256410255,0,1,0.7203676934468032,True
10166,4,0.18715022781217625,0.2,1.0,0,1,0.5290167643004565,False
10168,4,0.5815121026340383,0.25,1.0,0,1,0.7188623297003022,True
10169,3,0.214480331278061,0.14285714285714285,4.0,1,1,0.35692014197631183,False
10170,4,0.6801543459734742,0.5714285714285714,1.0,1,1,0.895066148274346,True
10173,3,0.6362318173501421,0.6666666666666666,1.0,0,1,0.915924747118315,True
10174,4,0.4110684550814715,0.3333333333333333,1.0,1,1,0.6805372743999957,True
10177,4,0.16931343470920446,0.09090909090909091,1.7466666666666666,1,1,0.3197057577325162,False
10178,4,0.6420211227222007,0.4,1.025,0,1,0.8072947668809431,True
10181,4,0.6150884684411793,0.5714285714285714,1.0,1,1,0.8671807721890769,True
10183,3,0.44264183710656896,0.4,1.0,0,1,0.721846501617101,True
10186,3,0.017306737263236376,0.0,1.1428571428571428,1,1,0.37,False
10187,3,0.1340242943151288,0.14285714285714285,1.0,0,1,0.48243898327791235,False
10189,4,0.681142907272583,0.6,1.0277777777777777,1,1,0.9073945793072975,True
10190,3,0.07351343702264843,0.4,1.0,0,1,0.5750000000000001,False
10192,4,0.5700394433491962,0.5,1.0,1,1,0.8181121423877509,True
10193,4,0.34626221333143353,0.5,1.1363636363636365,0,1,0.642207615237281,False
10196,4,0.7861989321424876,0.7142857142857143,1.0,1,1,0.9940852566324947,True
10197,3,0.43687711195111806,0.5,1.0,0,1,0.7610425717885745,True
10199,4,0.23123757291791178,0.2,1.008888888888889,0,1,0.5479113407743431,False
10200,4,0.6800300397218791,0.3333333333333333,1.0,0,1,0.7958065249601705,True
10204,4,0.6492029728020129,0.3,1.0,1,1,0.7687060359627674,True
10205,4,0.7195868860633581,0.5,1.0204081632653061,1,1,0.882203903550963,True
10206,4,0.45523067749087137,0.4,1.0,3,1,0.6222417189246592,False
10207,3,0.8360761966732764,1.0,1.0,1,1,1.0,True
10208,4,0.3681953985082022,0.18181818181818182,1.0227272727272727,1,1,0.5990317941658528,False
10209,3,0.8390245344496915,1.0,1.0,1,1,1.0,True
10210,3,0.5539946505021841,0.5,1.0,0,1,0.8112358025961741,True
10211,3,0.06310172379605004,0.14285714285714285,1.1363636363636365,1,1,0.3878571428571428,False
10213,4,0.008130551673728588,0.0,1.1724137931034482,0,1,0.37,False
10214,4,0.29267024441025435,0.4,1.0,0,1,0.657572961890109,False
10216,4,0.3513140733574086,0.1111111111111111,1.0,0,1,0.5623356610685191,False
10217,4,0.3589379500361155,0.3333333333333333,1.0114942528735633,1,1,0.6581956293805574,False
10218,4,0.6398373481283366,0.5,1.0416666666666667,1,1,0.8480255301502395,True
10219,3,0.4561137513538976,0.75,1.0303030303030303,0,1,0.8526201791516703,True
10220,4,0.5863479109617222,0.5,1.1111111111111112,0,1,0.7451014856502619,True
10221,4,0.0,0.0,1.0714285714285714,0,1,0.44999999999999996,False
10222,3,0.5625113948557228,0.2,1.0,0,1,0.6898858358905479,False
10223,4,0.7522851910763185,0.5,1.0294117647058822,1,1,0.8962174628422318,True
10224,4,0.39844787376459045,0.125,1.0,0,1,0.5883228982800626,False
10225,4,0.536351709032031,0.375,1.0,1,1,0.7515912086327752,True
10226,4,0.14072286169746281,0.125,1.1,2,1,0.372869321679865,False
10227,3,0.4600450997152921,0.5,1.0303030303030303,0,1,0.7709717094017918,True
10229,4,0.5559422652222076,0.5,1.0340909090909092,1,1,0.8120704946190413,True
10230,3,0.0776464946930166,0.14285714285714285,1.1333333333333333,0,1,0.3878571428571428,False
10231,4,0.7114737305548003,0.75,1.0,1,1,0.9620601702377716,True
10233,4,0.9070601249927827,1.0,1.0,1,1,1.0,True
10234,4,0.8960873276616095,0.5,1.0,1,1,0.9166666666666667,True
10235,3,0.2759354658746134,0.25,1.0,0,1,0.5879009139462629,False
10236,3,0.6548888095138146,0.75,1.0,0,1,0.9378094897916349,True
10237,4,0.12765525591761828,0.1111111111111111,1.0421052631578946,1,1,0.4664818821657517,False
10239,3,0.37125992149107684,0.3333333333333333,1.0416666666666667,1,1,0.6634764742898266,False
10240,4,0.3806531258956738,0.14285714285714285,1.0,0,1,0.5881370539552888,False
10241,3,0.5479891438778464,0.5,1.0,1,1,0.8086620140428866,True
10242,4,0.2697295918313717,0.16666666666666666,1.0,0,1,0.5505190314197942,False
10243,3,0.31534914760266597,0.25,1.0,1,1,0.604792491829714,False
10244,3,0.5823468269163805,0.6,1.002439024390244,0,1,0.8650534020117822,True
10245,2,0.9487190156056663,1.0,1.0,1,1,1.0,True
10246,3,0.6545928128481926,0.375,1.008,1,1,0.8022659674111301,True
10247,3,0.28061942367446097,0.125,1.0416666666666667,1,1,0.5378249910985785,False
10248,4,0.7060137660007495,0.7142857142857143,1.1,0,1,0.9597201854288926,True
10249,4,0.48858701132153476,0.4,1.0,0,1,0.741537290566372,True
10250,3,0.6662438629395994,0.6,1.0,0,1,0.9010092745931617,True
10255,3,0.8535219940243081,1.0,1.0,1,1,1.0,True
10256,3,0.5705380823417486,0.75,1.0,1,1,0.9016591781464638,True
10258,4,0.5588060943336968,0.4444444444444444,1.0,1,1,0.7901497018043886,True
10260,4,0.1262270875540991,0.125,6.0,2,1,0.20665684704699486,False
10261,4,0.02584024378855495,0.0,1.0416666666666667,1,1,0.44999999999999996,False
10262,2,0.7306530655403487,1.0,1.0,0,1,0.9702798852315779,True
10264,4,0.06770578739770308,0.0,1.0769230769230769,0,1,0.44999999999999996,False
10265,4,0.0,0.0,1.1333333333333333,1,1,0.37,False
10266,3,0.9473599980056103,1.0,1.0,0,1,1.0,True
10267,4,0.005320457516585468,0.0,1.1111111111111112,1,1,0.37,False
10269,3,0.1476940092485208,0.16666666666666666,1.0,0,1,0.4982180674557153,False
10271,4,0.04989835960503792,0.0,1.1,0,1,0.44999999999999996,False
10272,4,0.7052914239903076,0.25,1.0,0,1,0.7719106102815605,True
10274,3,0.3893160677688485,0.4,1.0,0,1,0.6989926004723637,False
10275,4,0.5149733089912363,0.5,1.0256410256410255,1,2,0.7445123705200537,False
10277,3,0.5898837424975325,0.5,15.872,1,2,0.6166168420227521,False
10278,2,0.7362762196952382,0.6666666666666666,1.0,1,2,0.9088009195519274,False
10279,3,0.6299523486584817,0.8333333333333334,1.0,0,1,0.9271224351393493,True
10280,4,0.6093226028672027,0.6666666666666666,1.01,1,1,0.9043922266256266,True
10282,3,0.8054777174496066,0.75,1.0,1,1,1.0,True
10283,4,0.11111366553361897,0.125,1.1,0,1,0.46517966618107476,False
10284,3,0.777365267175981,0.8333333333333334,1.0227272727272727,1,1,0.9902994002182774,True
10285,4,0.36042309476298445,0.375,1.0,1,1,0.6761932310888981,False
10287,2,0.6803416583570502,0.5,1.0,0,1,0.8653845202482597,True
10288,3,0.747980896722367,0.75,1.0,0,1,0.9777060985953001,True
10290,4,0.4137000933867085,0.2,2.0,1,2,0.41610956383239883,False
10291,3,0.8225056047690996,1.0,1.0,1,1,1.0,True
10292,3,0.4079656840198491,0.25,1.0,0,1,0.6444852931513639,True
10293,3,0.13022124918014694,0.0,1.0785159620362381,2,1,0.3579519639343487,False
10294,4,0.19818173251212765,0.16666666666666666,1.0,0,1,0.5198556631401182,False
10297,4,0.4261334628847118,0.25,1.0526315789473684,1,1,0.6522714840934479,True
10299,2,0.6044918079955358,0.6666666666666666,1.0,1,1,0.9023218859663407,True
10306,3,0.6563314213086385,0.8,1.0,1,1,0.9384277519894165,True
10308,3,0.0,0.0,1.0526315789473684,1,1,0.44999999999999996,False
10309,4,0.6774071987141563,0.5,1.0555555555555556,0,1,0.8641268946870194,True
10310,4,0.4567206590390365,0.5,1.0695187165775402,1,1,0.769546949111968,True
10312,2,0.9003327630832479,1.0,1.0,1,1,1.0,True
10313,3,0.821556490121421,0.8571428571428571,1.0,1,1,1.0,True
10314,4,0.004227697843335588,0.0,1.0142857142857142,2,1,0.345,False
10315,3,0.47195196951475565,0.42857142857142855,4.0,2,1,0.48131274883965725,False
10316,2,0.642903342581966,0.5,1.0,0,1,0.8493395277732236,True
10318,3,0.34836896186147126,0.25,1.0,0,1,0.6189438407977734,False
10320,4,0.6696616328785486,0.5714285714285714,1.0101010101010102,1,1,0.8905692712336637,True
10322,4,0.6304962712390889,0.7142857142857143,1.0014727540500736,1,1,0.9273555448167524,True
10326,4,0.8596184652978766,0.8,1.0,1,1,1.0,True
10327,4,0.30275162496404656,0.16666666666666666,1.0,1,1,0.5646713313337978,False
10330,3,0.6282642274334956,0.3,1.000870322019147,1,1,0.7597322879476887,True
10331,3,0.7630856437171807,0.6666666666666666,1.0285714285714285,0,1,0.9702906727041885,True
10332,3,0.9102528194893867,1.0,1.0,0,1,1.0,True
10333,4,0.1476506773100887,0.125,1.018181818181818,0,1,0.4808383855138475,False
10335,3,0.26803220349096607,0.2222222222222222,1.0256410256410255,1,2,0.5229397274220543,False
10336,4,0.21551453852951133,0.125,1.1549566891241578,1,1,0.42992289746502865,False
10337,3,0.0,0.0,1.1727,1,1,0.37,False
10339,3,0.5611686046200527,0.4,1.0,1,1,0.7726436876943084,True
10340,3,0.04514645516707417,0.0,1.0823529411764705,2,1,0.345,False
10341,3,0.823495959717212,1.0,1.0,0,1,1.0,True
10343,3,0.23315028141459687,0.1111111111111111,1.0,1,1,0.5116940359501712,False
10344,2,0.8186495623746675,0.8571428571428571,1.0044444444444445,0,1,1.0,True
10346,4,0.29272227243673066,0.25,1.0,2,1,0.49009525961574174,False
10347,4,0.5449247307510392,0.42857142857142855,1.0,1,2,0.7275867893694931,False
10348,3,0.6338401768948325,0.3333333333333333,1.0588235294117647,1,1,0.7760108694628647,True
10349,3,0.3487997181236959,0.2,1.0357,0,1,0.5982951172911077,False
10350,2,0.842511447275528,1.0,1.0,1,1,1.0,True
10352,4,0.5409797128526965,0.3333333333333333,1.0,1,1,0.7362135277305207,True
10353,4,0.5666171946972434,0.42857142857142855,1.0,0,1,0.786883559632152,True
10354,3,0.3665800988089817,0.42857142857142855,1.125,0,3,0.5711533756800398,False
10355,4,0.006960910206641255,0.0,1.0666666666666667,1,1,0.44999999999999996,False
10357,3,0.5325296833671893,0.5,1.0277777777777777,1,1,0.8020365309668906,True
10358,3,0.46764911318651137,0.6,1.125,0,1,0.7358972389846954,True
10360,4,0.5571894217031736,0.4444444444444444,1.0,1,1,0.789456842105593,True
10362,4,0.04545342043071593,0.0,1.0077922077922077,0,1,0.44999999999999996,False
10363,3,0.9543578169327885,1.0,1.0,0,1,1.0,True
10364,4,0.700144235638346,1.0,1.0227272727272727,1,1,0.957204672416434,True
10365,4,0.6635942550526287,0.5,1.0,1,1,0.8582070616892219,True
10366,2,0.6596577207936148,0.5,1.0028612303290414,1,2,0.8065199755782161,False
10367,4,0.12157639234139105,0.0,1.09375,1,1,0.4592470252891676,False
10368,3,0.6115868650949183,0.6,1.0,0,1,0.8775848469454413,True
10369,3,0.4618127911890001,0.6,1.125,0,1,0.7333959581286191,True
10370,4,0.7106253866168833,0.7142857142857143,1.0,1,2,0.9116965942643785,False
10371,4,0.7758368768357763,0.8333333333333334,1.04,1,1,0.9896443757867612,True
10372,3,0.3605144127157967,0.16666666666666666,1.0,1,1,0.5894268117988335,False
10373,3,0.8167958931042485,0.6,1.0856,1,1,0.9583333333333333,True
10375,4,0.7512183014217432,0.6,1.0,0,2,0.8874268910855091,False
10376,2,0.669134292626703,0.6666666666666666,1.0,1,1,0.9300258079511268,True
10377,4,0.665013646408362,0.42857142857142855,1.0526315789473684,1,1,0.8290534675083456,True
10378,4,0.645180196056315,0.3333333333333333,1.1111111111111112,1,1,0.7008708776749286,True
10381,4,0.012863208007046503,0.0,1.1111111111111112,0,1,0.37,False
10382,3,0.5022375387624577,0.4,1.0256410256410255,0,1,0.7473875166124818,True
10383,4,0.8493374096874236,0.8,1.0,1,2,0.9500000000000001,False
10384,3,0.36563986600765086,0.3333333333333333,1.0,0,1,0.661067879082644,False
10385,3,0.0,0.0,1.0857142857142856,0,1,0.44999999999999996,False
10386,4,0.003614824882737317,0.0,1.1111111111111112,1,1,0.37,False
10387,3,0.5138972514122323,0.4,1.0,1,1,0.7523845363195283,True
10388,3,0.35907944762555366,0.5,1.0,0,1,0.7277007156490468,False
10389,4,0.5830088723507257,0.375,1.0,1,1,0.7715871357693587,True
10391,3,0.6178853893823826,0.5555555555555556,1.0,1,1,0.8617656959786931,True
10394,4,0.31923233157003195,0.18181818181818182,1.0,1,1,0.5780476226209228,False
10395,3,0.38968232781484496,0.6,1.0333333333333334,0,1,0.7824829023968383,False
10396,4,0.0,0.0,1.1333333333333333,0,1,0.37,False
10398,4,0.20412579367835185,0.16666666666666666,1.1515151515151516,0,1,0.4424031179256428,False
10399,4,0.5367140835142072,0.5,1.0,0,1,0.8038298453156127,True
10403,4,0.7541952899943524,1.0,1.0,1,2,0.9303694099975796,False
10404,4,0.08098007037300946,0.14285714285714285,1.0,1,1,0.46785714285714286,False
10405,4,0.17322198018796672,0.1,1.135,0,2,0.3513808486519857,False
10408,3,0.6919186645531598,0.8,1.0,0,1,0.95367942766564,True
10409,4,0.7635117239801996,0.5714285714285714,1.0135135135135136,2,1,0.825790738848657,False
10410,2,0.7520033050219272,0.5,1.0,0,1,0.896096654533207,True
10411,4,0.26196271030070944,0.1,1.145374449339207,0,1,0.43941259012887546,False
10412,3,0.7916285557744294,0.6,1.0,0,1,0.9547455715223745,True
10413,3,0.1365463867371109,0.14285714285714285,1.0,0,1,0.4835198800301904,False
10415,4,0.08959829889074787,0.09090909090909091,4.8,2,1,0.185,False
10419,3,0.8385227228253999,1.0,1.001410437235543,1,1,1.0,True
10420,3,0.7107751623329402,0.7142857142857143,1.0357894736842106,0,1,0.9617607838569744,True
10421,3,0.17817529974694823,0.125,1.099756690997567,0,1,0.4939203665582159,False
10422,3,0.39078638207394645,0.25,1.0,0,1,0.6371227351745485,False
10424,4,0.7330587541931893,0.6666666666666666,1.0036363636363637,1,1,0.9574220057653351,True
10425,4,0.2569549261179396,0.3333333333333333,1.0,0,1,0.6144886191299106,False
10426,4,0.2043950918143554,0.1,1.171875,1,1,0.41474075363472374,False
10429,4,0.6928339687597875,0.5,1.0,1,1,0.8707383675637186,True
10430,4,0.5735469596073766,0.25,1.0,0,2,0.66544869697459,False
10432,3,0.23340715994915193,0.1111111111111111,1.1111111111111112,1,1,0.4318041267506947,False
10433,4,0.0,0.0,1.1538461538461537,0,1,0.37,False
10434,4,0.8072639565389848,1.0,1.0,1,1,1.0,True
10435,4,0.0047053481456675135,0.0,1.1029411764705883,0,1,0.37,False
10436,4,0.20751562417148936,0.14285714285714285,1.1363636363636365,0,1,0.4339352675020668,False
10437,4,0.5926271676728704,0.375,1.0,1,1,0.775709262335992,True
10439,3,0.30945823748843054,0.4,1.068235294117647,0,1,0.6647678160664703,False
10440,2,0.965327361902738,1.0,1.0,1,1,1.0,True
10441,4,0.6897921419715749,0.6,1.1,1,1,0.9111013941782939,True
10443,4,0.7204700760938648,0.6666666666666666,1.0,1,1,0.9520268580084819,True
10444,4,0.6296384594635092,0.375,1.025,1,1,0.7915712445319801,True
10445,4,0.4670774574163713,0.42857142857142855,1.0909090909090908,1,1,0.7442236722260639,True
10447,3,0.7107229845003418,0.8,1.0,0,1,0.961738421928718,True
10450,3,0.9203952344302628,1.0,1.0,1,1,1.0,True
10451,4,0.2802351677750973,0.14285714285714285,1.0666666666666667,1,1,0.5451007861893274,False
10455,4,0.12794894342681612,0.0,1.0,0,1,0.4619781186114926,False
10456,3,0.6229788972565946,0.5,1.0,1,1,0.8408004797766357,True
10458,4,0.8822919913730936,1.0,1.0035211267605635,1,1,1.0,True
10459,4,0.12352349052296364,0.2,1.0294117647058822,1,1,0.5017481626050796,False
10460,4,0.7991140310582432,0.5,1.0,1,1,0.9162869656916282,True
10461,4,0.09961555299987915,0.125,1.1764705882352942,1,1,0.3804166666666666,False
10462,3,0.5987139372907503,0.8333333333333334,1.0,0,1,0.9137345445531788,True
10463,3,0.09466041798984597,0.125,1.0161290322580645,1,1,0.4604166666666667,False
10464,4,0.07686355661625832,0.08333333333333333,1.125,1,1,0.37,False
10465,2,0.794399280611703,0.8,1.0149253731343284,1,1,0.9975996916907299,True
10466,3,0.6000688893796273,0.5,1.0,0,2,0.7809819049722214,False
10469,4,0.008644391775278216,0.0,1.0,1,1,0.44999999999999996,False
10471,4,0.7155774475018233,0.3333333333333333,1.0026995757809487,1,2,0.7610411282944323,False
10472,4,0.6845128901934096,0.8333333333333334,1.0,1,2,0.9005055243686041,False
10473,2,0.6350225335581365,0.14285714285714285,1.0,0,1,0.6971525143820585,False
10474,3,0.7199423560737077,0.6,1.0,0,1,0.9240229145077796,True
10475,4,0.4894541512220879,0.25,1.1176470588235294,0,1,0.5994089219523234,True
10476,4,0.7458782393895215,0.6,1.0,1,1,0.9351382930716996,True
10477,4,0.19735510127181233,0.2222222222222222,4.0,1,1,0.38264954075670266,False
10479,4,0.6575988643327719,0.6,1.0,0,1,0.8973042751902356,True
10481,4,0.7846046539414839,1.0,1.0555555555555556,1,1,0.9934019945463501,True
10482,2,0.9386618300275814,1.0,1.0,0,1,1.0,True
10483,4,0.010502711478796,0.0,1.0115942028985507,0,1,0.44999999999999996,False
10484,4,0.4060620090262491,0.2,1.0588235294117647,0,1,0.6228360991064877,False
10486,4,0.4227396849524339,0.25,1.0,1,1,0.6508170078367573,True
10487,4,0.3845155062221755,0.3333333333333333,1.1194029850746268,1,3,0.5391574391745831,False
10488,2,0.5711999168658686,0.75,1.0526315789473684,0,1,0.9019428215139438,True
10489,3,0.9086285080034731,0.8,1.0,1,1,1.0,True
10491,4,0.06600735305009614,0.08333333333333333,1.008888888888889,0,2,0.39999999999999997,False
10492,4,0.4396832871440985,0.3333333333333333,1.0,1,1,0.6928007738554073,True
10494,3,0.10074850439242908,0.14285714285714285,1.0416666666666667,0,1,0.4681779304538982,False
10496,4,0.002059293619127265,0.0,1.1764705882352942,1,1,0.37,False
10497,4,0.7218862851964706,0.75,1.0,1,1,0.9665226936556301,True
10498,3,0.24519248805688648,0.25,1.024,1,1,0.5747253520243799,False
10499,3,0.0781133257385699,0.0,1.1290322580645162,0,1,0.37,False
10500,3,0.15637764861156592,0.25,1.0666666666666667,1,1,0.5366618494049568,False
10501,4,0.31298473954854256,0.6666666666666666,1.14,1,1,0.6973902852033436,False
10503,4,0.6021777456182684,0.5,1.0091743119266054,1,1,0.8318857005030675,True
10504,4,0.0,0.0,1.1538461538461537,1,1,0.37,False
10505,4,0.4437459108196644,0.4,1.0,1,1,0.7223196760655705,True
10506,3,0.2425697102479778,0.3333333333333333,1.1566265060240963,0,1,0.5283235266142127,False
10508,2,0.9708940317324127,1.0,1.0,1,1,1.0,True
10509,3,0.5644711581294425,0.5,1.0,1,1,0.8157257344364277,True
10510,4,0.2604917849898693,0.2857142857142857,1.1,0,1,0.5961631459480392,False
10511,4,0.7651335378895003,0.6666666666666666,1.05,0,1,0.9711683416351826,True
10512,3,0.6835655962831643,0.375,1.0149253731343284,0,1,0.8146828745975465,True
10513,3,0.6489439386860112,0.42857142857142855,1.0273972602739727,0,1,0.8221664499130524,True
10514,4,0.15121747949577508,0.0,1.12,1,1,0.39195034835533216,False
10516,4,0.0,0.0,1.096774193548387,1,1,0.44999999999999996,False
10518,4,0.6692903938152733,0.42857142857142855,1.008888888888889,1,1,0.8308863592541649,True
10519,4,0.803888818000632,0.6666666666666666,1.0169491525423728,1,1,0.9861111111111112,True
10521,3,0.8839418299354125,1.0,1.0,1,1,1.0,True
10523,4,0.38362232513669026,0.2222222222222222,1.0,1,2,0.5724783509845075,False
10525,4,0.042523989842359264,0.0,1.0,1,1,0.44999999999999996,False
10526,3,0.4906102235861342,0.5,1.0,0,1,0.7840710482035813,True
10527,4,0.3816404786278473,0.42857142857142855,1.02,1,2,0.6576078241738393,False
10528,4,0.7421744132950153,0.25,1.0222222222222221,2,1,0.6827176056978638,False
10529,3,0.35950037061258683,0.2857142857142857,1.0,0,2,0.5885953969292039,False
10531,2,0.9457914570699353,1.0,1.0,0,1,1.0,True
10536,3,0.2006346691920343,0.1111111111111111,1.0227272727272727,2,1,0.39275877356907285,False
10537,3,0.1420685399626666,0.125,1.0625,0,1,0.4784460409363809,False
10538,3,0.48387737625495275,0.4,1.0256410256410255,0,1,0.7395188755378369,True
10539,2,0.66993331859978,0.42857142857142855,1.0,1,1,0.8311618984475249,True
10540,3,0.9647210351212056,1.0,1.0,1,2,0.9500000000000001,False
10541,4,0.6276076496857754,0.3333333333333333,1.0305343511450382,2,1,0.6683397863732689,False
10542,4,0.4621362968247829,0.3333333333333333,1.0,1,1,0.7024234922899862,True
10543,3,0.5498192518457675,0.2857142857142857,1.0166666666666666,1,1,0.7201606317434242,True
10547,4,0.525292560336701,0.8333333333333334,1.0,0,1,0.8822682401443005,True
10548,3,0.40732515738613884,0.16666666666666666,1.0,0,1,0.6094885595146944,False
10549,4,0.5745486509626825,0.3333333333333333,5.797101449275362,0,2,0.5406002154919434,False
10550,3,0.6340351704991134,0.6,1.12,1,1,0.8072055492615248,True
10551,3,0.7564925844474861,0.7142857142857143,1.0303030303030303,0,2,0.9313539647632084,False
10553,3,0.5012689923127501,0.25,1.0,1,1,0.6844724252768929,True
10555,4,0.5276832563548935,0.625,1.0,1,1,0.8520428241520972,True
10556,4,0.4542130368911562,0.14285714285714285,1.0,1,2,0.5696627300962099,False
10557,2,0.955366770687781,1.0,1.0,1,1,1.0,True
10558,4,0.3420187004926671,0.25,1.1363636363636365,0,1,0.536222300211143,False
10559,4,0.0,0.0,1.0,1,1,0.44999999999999996,False
10560,4,0.0,0.0,1.1666666666666667,1,1,0.37,False
10562,3,0.6863983198318857,0.5,1.0,1,1,0.8679802323089034,True
10563,3,0.897490125701208,0.8,1.0,1,2,0.9500000000000001,False
10565,2,0.8648709676026552,1.0,1.0,0,1,1.0,True
10567,4,0.0,0.0,1.1,0,1,0.44999999999999996,False
10568,4,0.2685792265533686,0.16666666666666666,1.1428571428571428,0,1,0.4700260177292215,False
10569,3,0.34017714030580065,0.3,1.0256410256410255,1,1,0.6362663934643907,False
10570,4,0.9228796078470498,0.8333333333333334,1.0,1,1,1.0,True
10571,3,0.9733408229524111,1.0,1.005413766434648,1,2,0.9500000000000001,False
10574,4,0.3197579801726543,0.1111111111111111,1.0,1,2,0.49881162113219574,False
10575,3,0.9670256945674405,1.0,1.0,1,1,1.0,True
10576,3,0.4701063335470573,0.5,1.1343283582089552,1,1,0.6952836667582626,True
10578,4,0.11544158218683633,0.125,1.0318181818181817,0,2,0.41703448760388223,False
10579,4,0.096945696515414,0.2222222222222222,1.1428571428571428,1,1,0.4209259259259259,False
10580,3,0.6079438154866604,0.25,1.0,0,1,0.7301902066371402,True
10581,3,0.7774317664518899,0.5555555555555556,1.0,1,1,0.9301427147227677,True
10583,4,0.003386910810084201,0.0,1.15,1,1,0.37,False
10584,4,0.5149733089912363,0.5,1.0526315789473684,1,2,0.7445123705200537,False
10585,4,0.33376259468945335,0.2222222222222222,1.1428571428571428,0,2,0.4711098950785488,False
10587,4,0.0018469860111216458,0.0,1.1666666666666667,1,1,0.37,False
10588,4,0.6833316191276598,0.5714285714285714,1.0047846889952152,1,1,0.8964278367689971,True
10589,4,0.7076817779423854,0.42857142857142855,1.0,1,2,0.7973398095943557,False
10590,4,0.1864211248259561,0.0,1.0625,0,1,0.4870376249254098,False
10591,4,0.7361317213185821,0.42857142857142855,1.0,1,1,0.8595326424698686,True
10592,4,0.005997417210742608,0.0,1.0526315789473684,0,2,0.39999999999999997,False
10593,3,0.49942638792176713,0.3333333333333333,1.0357894736842106,0,1,0.7184049599029795,True
10594,2,0.8782157861162703,1.0,1.0,1,1,1.0,True
10595,3,0.0,0.0,1.1666666666666667,1,1,0.37,False
10596,3,0.7945691924822613,1.0,1.0,1,2,0.9476725110638263,False
10597,2,0.948254892432503,0.8333333333333334,1.0,0,1,1.0,True
10601,4,0.0,0.0,1.0625,2,1,0.345,False
10602,4,0.7489825301088283,0.75,1.0,1,2,0.9281353700466407,False
10603,4,0.04929121514763463,0.0,1.0,0,2,0.39999999999999997,False
10604,4,0.019911962493108972,0.0,1.0666666666666667,0,1,0.44999999999999996,False
10605,2,0.8018878147261574,0.8,1.0,1,1,1.0,True
10608,4,0.0,0.0,1.0,1,1,0.44999999999999996,False
10610,4,0.011109064159325135,0.0,1.1,1,1,0.44999999999999996,False
10611,4,0.03617637972030935,0.0,1.0416666666666667,1,1,0.44999999999999996,False
10612,2,0.9544335765617926,1.0,1.0,0,1,1.0,True
10613,4,0.24477158305914087,0.125,1.1764705882352942,1,1,0.4424616308348699,False
10614,3,0.0,0.0,1.0810810810810811,1,1,0.44999999999999996,False
10617,3,0.7556414304267358,0.6666666666666666,1.0,1,1,0.9671002955797121,True
10618,2,0.7209062078351427,0.7142857142857143,1.0027855153203342,1,1,0.9661026605007754,True
10619,2,0.8222337704108631,0.8,1.0,0,1,1.0,True
10620,4,0.029081807123000056,0.0,1.0,1,2,0.39999999999999997,False
10621,4,0.08694569401009773,0.09090909090909091,1.1428571428571428,0,1,0.37,False
10624,3,0.7832886823281853,0.8,1.0,0,1,0.9928380067120794,True
10625,2,0.8518597214035406,0.625,1.0,1,1,0.96875,True
10626,2,0.9188064230452532,1.0,1.0,1,1,1.0,True
10627,3,0.3738606825192404,0.2,1.0,1,1,0.6090355306034839,False
10628,4,0.17219884091522691,0.14285714285714285,1.0,1,1,0.49879950324938294,False
10629,4,0.22858552660585538,0.16666666666666666,1.0,1,1,0.5328858606088587,False
10631,3,0.4360652140780473,0.14285714285714285,1.0808,2,1,0.5068850917477346,False
10633,3,0.7320416927397377,0.6,1.1111111111111112,2,1,0.7442083445075067,False
10635,4,0.40061538935822605,0.375,1.0,0,1,0.6934185002011445,True
10636,3,0.36272814779421847,0.3333333333333333,1.1333333333333333,3,1,0.4748199998483158,False
10639,3,0.7409072779563484,0.75,1.0,0,1,0.9746745476955778,True
10640,3,0.0,0.0,1.1764705882352942,0,1,0.37,False
10643,4,0.5283625489165197,0.2222222222222222,1.0,2,1,0.5795098754615773,False
10644,4,0.4792086391109139,0.4,1.0,0,1,0.7375179881903916,True
10646,2,0.9680632845726043,1.0,1.0,1,1,1.0,True
10647,3,0.7483631136376728,0.8,1.0080645161290323,0,1,0.9778699058447169,True
10650,4,0.31790897328572465,0.4,1.0,1,2,0.6183895599795963,False
10651,3,0.7373303724240438,0.8333333333333334,1.0035211267605635,1,1,0.9731415881817331,True
10652,4,0.10744033697268582,0.1,1.1666666666666667,0,1,0.3731887158454368,False
10654,2,0.9070194299396253,1.0,1.0,1,2,0.9500000000000001,False
10655,3,0.7913419533758353,0.8,1.0,0,1,0.9962894085896437,True
10656,3,0.5162773562794842,0.3333333333333333,1.0285714285714285,0,1,0.7256268034848583,True
10658,2,0.759644732593624,0.5,1.0,1,1,0.899371552063934,True
10659,4,0.7938189149697179,0.75,1.0,0,1,0.9973509635584505,True
10660,3,0.03891651662367884,0.08333333333333333,1.0,1,1,0.44999999999999996,False
10661,4,0.09842174733976619,0.09090909090909091,1.1267605633802817,1,1,0.37,False
10662,2,0.7520431197997811,0.6666666666666666,1.0,1,1,0.9655581624538745,True
10663,4,0.07805228323025738,0.14285714285714285,1.0,2,1,0.3628571428571429,False
10664,4,0.614421052105174,0.375,1.0,1,1,0.785049498521265,True
10665,4,0.0,0.0,1.0256410256410255,2,1,0.345,False
10666,3,0.3599449719331578,0.2857142857142857,1.1647058823529413,1,1,0.5587859403523057,False
10667,4,0.5766482460876056,0.375,1.0,1,2,0.7188611530851644,False
10669,3,0.2632386739465982,0.18181818181818182,1.094,2,1,0.4490503407823083,False
10670,4,0.08763776275426802,0.1111111111111111,1.0,1,1,0.4546296296296296,False
10671,2,0.60419802143874,0.5,1.0,0,1,0.8327515329975552,True
10672,4,0.5114977801949669,0.2,1.0222222222222221,1,1,0.6680228581787954,False
10674,3,0.7402973556001468,0.6,1.0,1,1,0.9327464857333962,True
10679,2,0.5220462411880776,0.5,1.02,0,1,0.7975436271758428,True
10680,4,0.5205042359736044,0.5,1.0,0,2,0.7468827677982115,False
10682,2,0.8380195444779952,0.6666666666666666,1.0,1,2,0.9361111111111112,False
10683,3,0.3388467561382021,0.42857142857142855,1.008888888888889,0,1,0.6892676573925628,False
10684,3,0.4446193187606306,0.42857142857142855,1.0666666666666667,0,1,0.7345987556593179,True
10685,3,0.20158964736398463,0.2,1.1275,1,1,0.4552050869655172,False
10686,4,0.15380671743879148,0.14285714285714285,1.1764705882352942,0,1,0.41091716461662486,False
10689,3,0.0076583186764235395,0.0,1.0,1,1,0.44999999999999996,False
10690,4,0.35571794198108553,0.3,1.0,1,1,0.6429267370395129,False
10691,4,0.007523324913699417,0.0,1.0,0,1,0.44999999999999996,False
10692,2,0.9692491524312095,1.0,1.0,1,1,1.0,True
10693,2,0.7271047417853755,0.8,1.0,0,1,0.9687591750508753,True
10694,2,0.745915158231415,0.6,1.0,1,1,0.9351541154325111,True
10695,4,0.4299148694259894,0.6,2.0,1,2,0.589725420230186,False
10698,4,0.002440163095863587,0.0,1.0909090909090908,1,1,0.44999999999999996,False
10699,3,0.5083350862821784,0.2222222222222222,1.0,0,1,0.6759266771897167,False
10700,3,0.27614521704452427,0.2,1.1111111111111112,1,1,0.4871574739714628,False
10701,4,0.7084327966918871,0.42857142857142855,1.0,1,2,0.7976616747727135,False
10702,4,0.8170255761416669,0.8,1.0,1,2,0.9500000000000001,False
10703,4,0.14932626717590106,0.125,1.0555555555555556,1,1,0.4815564954563385,False
10705,2,0.8032701532231067,0.8,1.0,0,1,1.0,True
10709,3,0.5126173272806214,0.3333333333333333,1.1666666666666667,0,1,0.6440582196282028,True
10714,3,0.0,0.0,1.1320754716981132,3,1,0.265,False
10715,3,0.5810134483740728,0.14285714285714285,1.0227272727272727,0,2,0.6240057635888884,False
10716,3,0.3616136042211166,0.2,1.08,0,1,0.6037867827614309,False
10717,4,0.5232949490983397,0.42857142857142855,1.0,1,2,0.7183168829469077,False
10718,3,0.9196320546086548,1.0,1.0142857142857142,0,1,1.0,True
10719,4,0.41547092573316136,0.4,1.0,0,1,0.710201825314212,True
10720,4,0.15475194077198956,0.2,1.0294117647058822,1,1,0.5151317841403765,False
10721,4,0.28699013757647746,0.3333333333333333,1.0240963855421688,2,2,0.4723608526121411,False
10722,4,0.6369294596614066,0.3333333333333333,1.0,0,2,0.7273348477913966,False
10724,2,0.7039863818795391,0.5714285714285714,1.0,1,1,0.905279877948374,True
10725,3,0.12307229501116346,0.1111111111111111,5.357142857142857,1,1,0.30451775606298537,False
10727,2,0.7459320814508169,0.5,1.0,2,1,0.7884947015741597,False
10728,4,0.00853240015054445,0.0,1.136,0,2,0.32,False
10732,4,0.04367476438913927,0.09090909090909091,1.0416666666666667,1,2,0.39999999999999997,False
10733,4,0.531214651928671,0.625,1.0,1,1,0.8535562793980018,True
10735,3,0.16549577076185285,0.16666666666666666,1.0769230769230769,0,2,0.4558473938185718,False
10736,4,0.004567119222499157,0.0,1.0,1,1,0.44999999999999996,False
10737,3,0.34864603803053273,0.25,1.1666666666666667,1,1,0.5390625877273711,False
10738,3,0.5373273908634495,0.3333333333333333,1.001410437235543,1,1,0.7346482468779862,True
10739,4,0.5644771237722974,0.5,1.0,0,1,0.8157282911405084,True
10740,3,0.22069440962949183,0.375,1.146788990825688,1,1,0.5363095088888298,False
10741,3,0.47353992828534275,0.25,1.0,0,1,0.6725885406937183,True
10742,3,0.2562072263574504,0.2222222222222222,1.1042097998619738,1,1,0.48787188007911897,False
10743,4,0.48635083122698725,0.3333333333333333,1.0638297872340425,2,1,0.607801149890931,False
10744,3,0.08485641732190839,0.07692307692307693,1.0,0,1,0.44999999999999996,False
10745,4,0.0,0.0,1.1290322580645162,1,1,0.37,False
10746,2,0.968121037291682,1.0,1.0,0,1,1.0,True
10747,2,0.7720036078112529,0.7142857142857143,1.0,1,1,0.9880015462048226,True
10748,3,0.20048899940321416,0.1111111111111111,1.148936170212766,1,1,0.41769634365957853,False
10749,3,0.6167335724890021,0.8,1.0,1,1,0.9214572453524295,True
10750,2,0.9663860535245392,1.0,1.0,0,1,1.0,True
10751,3,0.653093188623533,0.4444444444444444,1.0060362173038229,0,1,0.8305584565000328,True
10752,3,0.3549190826483859,0.2222222222222222,1.0,0,2,0.5601769613466628,False
10753,3,0.313158200809136,0.125,1.9180470793374018,1,1,0.39177018129915353,False
10755,2,0.6627740094787846,0.5,1.0,2,1,0.75285552787186,False
10757,2,0.8347758404125328,1.0,1.0,2,1,0.895,False
10759,4,0.6048201036666547,0.3333333333333333,1.0,0,1,0.7635736952222172,True
10760,4,0.004518407577134958,0.0,1.1111111111111112,1,2,0.32,False
10762,3,0.0,0.0,1.12,0,1,0.37,False
10764,3,0.6739932519604017,0.5,1.0060362173038229,0,1,0.862663774649696,True
10765,4,0.11865895568105628,0.125,1.0714285714285714,0,1,0.4684133619585479,False
10766,2,0.832874842038466,0.6666666666666666,1.0022222222222223,1,1,0.9861111111111112,True
10767,2,0.5597583234192413,0.5,1.0,1,1,0.8137059481320559,True
10768,4,0.44139224265702437,0.42857142857142855,1.1111111111111112,2,1,0.5482157230434866,False
10769,2,0.8852823591315304,1.0,1.0035211267605635,1,1,1.0,True
10770,3,0.01829332580181439,0.0,1.0,0,1,0.44999999999999996,False
10771,2,0.8043687250765145,0.6,1.0,0,1,0.9583333333333333,True
10772,4,0.5391308721717596,0.2857142857142857,1.0,0,1,0.7155798975974208,True
10773,4,0.35663491990693563,0.2222222222222222,1.0,0,1,0.6109123201717555,False
10774,4,0.2022581077558887,0.14285714285714285,1.0,0,1,0.5116820461810951,False
10775,3,0.9486385649615025,1.0,1.0,1,1,1.0,True
10776,3,0.027249647638601104,0.0,1.1217948717948718,0,1,0.37,False
10777,3,0.17029454049932294,0.0,1.0,1,2,0.43012623164256697,False
10780,2,0.806992023112754,0.6666666666666666,1.0,1,2,0.9361111111111112,False
10781,4,0.056576586304235114,0.0,1.1272727272727272,0,1,0.37,False
10783,4,0.22026815563066915,0.16666666666666666,1.0,1,1,0.5293212730480645,False
10785,3,0.3711183897279953,0.3333333333333333,1.1333333333333333,3,1,0.4784158178199345,False
10786,3,0.5352875224535439,0.4,1.0979999999999999,0,1,0.7615517953372333,True
10789,3,0.5958856713996524,0.5,1.0576923076923077,0,2,0.7791890972665177,False
10791,3,0.5294011837046215,0.2857142857142857,1.1555555555555554,2,1,0.5264100311115044,False
10792,2,0.888633108308276,0.5,1.0,0,2,0.8666666666666668,False
10793,4,0.01567509565927357,0.0,1.1111111111111112,1,1,0.37,False
10795,3,0.24920624780648606,0.125,1.0,0,2,0.474362201440875,False
10796,3,0.10461341777358107,0.125,1.084848484848485,1,1,0.4623938457124871,False
10797,2,0.9363862556359878,1.0,1.0,1,1,1.0,True
10798,4,0.11988653607541026,0.125,1.0535714285714286,1,1,0.4689394678418425,False
10799,4,0.05903374215940424,0.0,1.0,0,1,0.44999999999999996,False
10802,3,0.4996083126313107,0.4,1.1176470588235294,0,1,0.6662607054134189,True
10803,2,0.9553955391718407,1.0,1.0,0,1,1.0,True
10805,4,0.19709543259455442,0.375,1.0,0,1,0.6061956615881424,False
10806,4,0.6103901330882828,0.5714285714285714,1.0133333333333334,1,1,0.8651671998949784,True
10807,2,0.9394717450771727,1.0,1.0,1,1,1.0,True
10809,3,0.491317768977072,0.5,1.0666666666666667,0,1,0.7843742819425548,True
10810,4,0.0,0.0,1.0769230769230769,1,1,0.44999999999999996,False
10811,3,0.7690695722234039,0.6666666666666666,1.0,1,1,0.9728552134925699,True
10812,4,0.0,0.0,1.0416666666666667,1,1,0.44999999999999996,False
10813,4,0.332936391385277,0.14285714285714285,1.0526315789473684,0,2,0.5176870248794044,False
10814,4,0.08162781640770835,0.0,1.1764705882352942,0,1,0.37,False
10815,3,0.36914836545373764,0.3333333333333333,1.037037037037037,1,1,0.6625715217023955,False
10816,4,0.07102431110052619,0.1111111111111111,1.0714285714285714,1,1,0.4546296296296296,False
10818,4,0.5277004420063925,0.16666666666666666,1.0040660189747552,2,1,0.5560779672090889,False
10819,4,0.8002841521538052,0.7142857142857143,1.0106421684555214,1,1,1.0,True
10823,4,0.22216543452303955,0.16666666666666666,1.0003181818181817,2,1,0.42513439257336616,False
10824,4,0.33220560805468935,0.2857142857142857,1.0,0,1,0.6268976415472478,False
10825,4,0.8956295796126279,1.0,1.0,1,1,1.0,True
10826,4,0.43328611702141784,0.5,1.0,0,1,0.7595035739615601,True
10828,4,0.7164645116201105,0.42857142857142855,1.0,1,1,0.8511038383133807,True
10829,4,0.26733014172037217,0.16666666666666666,1.0,0,1,0.5494906956579373,False
10830,4,0.49923010659614026,0.5714285714285714,1.1117424242424243,1,1,0.7375271885412029,True
10831,4,0.39368594300661053,0.4,1.0,0,1,0.7008654041456902,False
10833,4,0.35933375190942646,0.25,1.0,2,1,0.5186430365326113,False
10834,4,0.0,0.0,1.0,0,1,0.44999999999999996,False
10835,4,0.0,0.0,1.0,1,1,0.44999999999999996,False
10836,4,0.5924752175027151,0.25,1.0153846153846153,0,1,0.7235608075011636,True
10837,4,0.8615166449822613,0.8,1.0014558689717925,0,1,1.0,True
10838,3,0.30008783748144074,0.2,1.0483870967741935,2,1,0.47241859701585553,False
10839,4,0.12257223921219887,0.1111111111111111,1.0,1,1,0.46430344643485766,False
10840,4,0.0,0.0,1.0769230769230769,1,1,0.44999999999999996,False
10842,4,0.3030841312765987,0.14285714285714285,1.0,0,1,0.5548931991185423,False
10844,3,0.8052205774084743,0.6666666666666666,1.0026737967914439,1,1,0.9861111111111112,True
10845,3,0.1620409309663299,0.2222222222222222,1.0,1,1,0.5275148963400673,False
10847,4,0.012556214320655047,0.0,1.1538461538461537,0,1,0.37,False
10848,3,0.3433296329069588,0.25,1.0,0,1,0.6167841283886966,False
10849,4,0.0,0.0,1.0,0,1,0.44999999999999996,False
10850,4,0.9189574107422243,0.4,1.0,0,1,0.875,True
10851,4,0.12431534340196539,0.2857142857142857,1.0,0,1,0.5378018138389375,False
10852,4,0.21416153887152545,0.16666666666666666,1.0,0,1,0.5267041515798601,False
10853,4,0.0,0.0,1.0,0,1,0.44999999999999996,False
10854,2,0.463802845703667,0.4,1.0,2,1,0.6259155053015716,False
10855,3,0.6965784418574804,0.2857142857142857,4.0,2,1,0.5180574274627298,False
10856,4,0.7666313082048518,0.5,1.0,1,1,0.9023657987544604,True
10857,3,0.6132142816598569,0.75,1.0,1,1,0.9199489778542245,True
10858,4,0.003691610301911876,0.0,1.1363636363636365,0,1,0.37,False
10859,4,0.14209443241347658,0.125,1.0,1,1,0.4784571377010137,False
10860,3,0.7715730453543543,0.6,1.0,1,1,0.9461503527709139,True
10861,3,0.02170084962828249,0.0,1.1363636363636365,1,1,0.37,False
10862,3,0.11606846350641029,0.125,1.0,1,1,0.46730315102655673,False
10863,3,0.6988566459014511,0.6,1.0153846153846153,1,1,0.9149861815768123,True
10865,4,0.9181091937739322,0.8,1.0,1,1,1.0,True
10866,4,0.14973377032896934,0.14285714285714285,1.0,0,1,0.4891716158552726,False
10867,4,0.5951326326411698,0.4,1.0,0,1,0.7871996997033586,True
10868,3,0.8234574698073337,0.5,1.0,1,1,0.9166666666666667,True
10869,2,0.8601197531384992,0.7142857142857143,1.0012121212121212,1,1,1.0,True
10870,4,0.30210008661475235,0.14285714285714285,1.0,0,1,0.5544714656920366,False
10871,4,0.7817347289389965,0.4,1.0,0,1,0.8671720266881415,True
10872,4,0.4230899304106333,0.2,1.0,0,1,0.6301337796997952,False
10873,4,0.02701208764093476,0.0,1.0,0,1,0.44999999999999996,False
10875,3,0.9679361822827438,1.0,1.0,1,1,1.0,True
10876,4,0.7022958454547165,0.3333333333333333,1.0,1,1,0.8053490131313864,True
10877,4,0.8687393575538983,0.6666666666666666,1.0,1,1,0.9861111111111112,True
10879,4,0.754914531108013,0.4,1.0,1,1,0.8556776561891486,True
10880,3,0.10717099753442096,0.1,1.1363636363636365,0,1,0.3730732846576089,False
10881,4,0.3529494574692538,0.125,1.0,1,1,0.5688235770106326,False
10882,4,0.0,0.0,1.0,0,1,0.44999999999999996,False
10883,3,0.31974009477709325,0.2,1.0,0,1,0.5858409929997066,False
10884,4,0.6000993766834486,0.6666666666666666,1.0,1,1,0.9004394154040176,True
10885,4,0.3003258290840503,0.16666666666666666,1.0,0,1,0.5636317045280851,False
10886,3,0.8085264433726905,1.0,1.0,1,1,1.0,True
10887,4,0.003196807315882062,0.0,6.0,1,1,0.29000000000000004,False
10888,4,0.0,0.0,1.1101243339253997,1,1,0.37,False
10890,4,0.43774095290204385,0.14285714285714285,1.0,0,1,0.6126032655294473,False
10891,4,0.5329738738206892,0.4444444444444444,1.0,1,1,0.7790787501559568,True
10892,4,0.03988963378169674,0.0,11.101243339253998,2,1,0.185,False
10893,4,0.8644669568990269,0.75,1.0,1,1,1.0,True
10894,4,0.02334840625848683,0.0,1.17,0,1,0.37,False
10895,4,0.01145552568932194,0.0,1.0,1,1,0.44999999999999996,False
10896,4,0.33477783555418333,0.2,1.0,1,1,0.592285739047031,False
10897,3,0.9613379391264552,1.0,1.0,0,1,1.0,True
10898,4,0.0,0.0,1.001743348745547,1,2,0.39999999999999997,False
10899,4,0.008533599854366556,0.0,4.0,0,1,0.29000000000000004,False
10901,4,0.019353441383035637,0.0,3.52,0,1,0.29000000000000004,False
10902,4,0.21043307318377857,0.2857142857142857,1.1111111111111112,1,1,0.4947094123168575,False
10903,4,0.2249653502366421,0.16666666666666666,1.0,1,1,0.5313343564506244,False
10906,4,0.8499468409582499,0.6,1.0,0,1,0.9583333333333333,True
10907,4,0.62018219126991,0.5,1.002047470994161,1,1,0.8396018914966281,True
10908,3,0.7016045822377155,0.5,1.0101010101010102,1,1,0.8744972019114019,True
10909,4,0.545141960449765,0.42857142857142855,1.0022727272727272,1,2,0.7276798878118041,False
10910,4,0.0,0.0,1.0153846153846153,1,1,0.44999999999999996,False
10912,4,0.09791069725004016,0.0,1.0,0,1,0.44999999999999996,False
10913,4,0.004508975435964278,0.0,1.0,0,1,0.44999999999999996,False
10914,4,0.2161269372627944,0.14285714285714285,1.0,0,1,0.5176258302554833,False
10915,4,0.01435406248418801,0.0,1.0714285714285714,1,1,0.44999999999999996,False
10917,4,0.21105271075259305,0.14285714285714285,1.0,0,1,0.5154511617511113,False
10918,4,0.27151190734433206,0.1111111111111111,1.0,0,1,0.5281347327772005,False
10920,3,0.9446581509931715,1.0,1.0,0,1,1.0,True
10921,4,0.0853871870933025,0.0,1.0,0,1,0.44999999999999996,False
10922,4,0.47685407689995185,0.2857142857142857,1.0,0,1,0.6888898424809318,True
10923,2,0.9573511982443911,1.0,1.0,0,1,1.0,True
10925,4,0.1831184834751809,0.2,1.0,1,1,0.5272888738703156,False
10927,4,0.028137265069359367,0.0,1.0,0,1,0.44999999999999996,False
10928,4,0.005373311085792376,0.0,1.0,0,1,0.44999999999999996,False
10929,4,0.014170774216121214,0.0,4.0,1,1,0.29000000000000004,False
10930,3,0.7794967044047623,0.8333333333333334,1.0,1,1,0.9912128733163266,True
10931,2,0.6473322817511897,0.5,1.0,0,1,0.8512376445600338,True
10932,2,0.6365451507737564,0.4,1.0,0,1,0.8049479217601814,True
10935,4,0.777417245425918,0.6,1.0,0,1,0.9486550099444411,True
10936,4,0.03658645939999014,0.0,1.0,1,1,0.44999999999999996,False
10937,3,0.11908653137108427,0.16666666666666666,3.4953846153846153,2,1,0.22095771979395676,False
10938,4,0.08280792135310239,0.1111111111111111,3.52,2,1,0.18962962962962965,False
10940,3,0.4372445325593485,0.375,1.0,0,1,0.7091167044301969,True
10941,4,0.7531472869439885,0.6666666666666666,1.0,1,2,0.9160313769442491,False
10942,4,0.23961664999112064,0.09090909090909091,1.0,0,1,0.5098357071390517,False
10943,4,0.010307529796598444,0.0,1.1363636363636365,1,1,0.37,False
10944,2,0.9240917087245235,1.0,1.0,1,1,1.0,True
10945,4,0.0,0.0,1.0,0,1,0.44999999999999996,False
10946,4,0.4138110643836402,0.3333333333333333,1.0008340283569641,0,1,0.6817126783866394,True
10947,4,0.8441112348645291,0.6666666666666666,1.0,0,1,0.9861111111111112,True
10948,4,0.0,0.0,1.05,1,1,0.44999999999999996,False
10949,4,0.006171952108879333,0.0,1.1101243339253997,1,1,0.37,False
10951,3,0.15567185944186993,0.16666666666666666,1.0,1,1,0.5016371461100078,False
10955,4,0.27974061027194547,0.2222222222222222,1.0,1,1,0.577957616042474,False
10956,3,0.12607596862757517,0.1,1.1,1,1,0.4611754151261036,False
10957,4,0.0,0.0,1.0,0,1,0.44999999999999996,False
10958,4,0.0,0.0,1.0,0,1,0.44999999999999996,False
10959,3,0.8397012455818518,1.0,1.0,0,1,1.0,True
10960,3,0.9493371092910973,1.0,1.0,0,1,1.0,True
10962,4,0.011970386326463968,0.0,1.1111111111111112,1,1,0.37,False
10963,3,0.948726669753718,1.0,1.0,0,1,1.0,True
10964,3,0.09042750722073768,0.14285714285714285,1.0695187165775402,1,1,0.46785714285714286,False
10965,3,0.32625192766548833,0.25,1.0,0,1,0.6094651118566379,False
10968,4,0.0,0.0,1.1428571428571428,1,1,0.37,False
10969,3,0.0,0.0,1.0,1,1,0.44999999999999996,False
10972,4,0.17795427651442158,0.14285714285714285,1.0,0,1,0.5012661185061806,False
10973,4,0.053129139469000546,0.1,1.0,0,1,0.44999999999999996,False
10974,2,0.7219449281546237,1.0,1.0,0,1,0.9665478263519816,True
10975,3,0.5178660835856653,0.4,1.0010606060606062,1,1,0.7540854643938566,True
10976,4,0.15066099117060486,0.16666666666666666,1.0570824524312896,0,1,0.4994896311366084,False
10977,4,0.789436587062538,0.5555555555555556,1.0,1,1,0.9352876378416168,True
10978,4,0.16411081077040982,0.2222222222222222,4.0,1,1,0.368401987684673,False
10979,4,0.7833029354742581,0.5714285714285714,1.0153846153846153,1,1,0.9392726866318248,True
10981,3,0.023265279988663193,0.0,1.1363636363636365,0,1,0.37,False
10982,4,0.055813894927863504,0.0,1.0,1,1,0.44999999999999996,False
10983,4,0.030945818400616856,0.0,1.0,1,1,0.44999999999999996,False
10984,3,0.003438445431868513,0.0,1.0,0,1,0.44999999999999996,False
10985,3,0.8459505497925914,0.8333333333333334,1.0,0,1,1.0,True
10986,3,0.5405015858636193,0.2857142857142857,1.0,1,1,0.7161673463225035,True
10987,4,0.0,0.0,1.0714285714285714,0,1,0.44999999999999996,False
10988,4,0.38232066989654484,0.3333333333333333,1.0,0,1,0.6682167950350272,False
10989,4,0.010751300404424229,0.0,1.1363636363636365,0,1,0.37,False
10990,4,0.0,0.0,1.0,0,1,0.44999999999999996,False
10992,4,0.0,0.0,1.1363636363636365,0,1,0.37,False
10993,4,0.10872585143522205,0.09090909090909091,1.0,0,1,0.45373965061509514,False
10994,3,0.7289690519839975,0.6666666666666666,1.0,0,1,0.95566927624711,True
10995,3,0.9060478968899564,1.0,1.0,0,1,1.0,True
10996,4,0.0,0.0,12.0,1,1,0.29000000000000004,False
10997,4,0.5419639950522112,0.42857142857142855,1.0142857142857142,0,1,0.7763179026414238,True
10998,3,0.641997147081422,0.5,1.0,1,1,0.8489511582729905,True
10999,4,0.059446852109368016,0.0,1.1363636363636365,1,1,0.37,False
11000,4,0.13438820986141423,0.09090909090909091,6.0,2,1,0.1997378042263204,False
11003,2,0.9265143445231332,0.8,1.0,1,1,1.0,True
11004,4,0.42513755063323166,0.125,1.0,0,1,0.599761331223766,False
11005,2,0.8031737837466324,1.0,1.0,1,1,1.0,True
11006,4,0.0,0.0,1.0,0,1,0.44999999999999996,False
11007,3,0.3937161131564511,0.2857142857142857,1.0,0,1,0.65325928659086,False
11008,2,0.7824449123577929,0.7142857142857143,1.0005457522284884,1,1,0.9924763910104826,True
11010,4,0.1308659133993625,0.14285714285714285,1.1428571428571428,1,1,0.4010853914568696,False
11011,4,0.0,0.0,1.0010606060606062,0,1,0.44999999999999996,False
11012,3,0.4172053293218696,0.25,1.0,0,2,0.5984451411379442,False
11014,2,0.8608828208924079,1.0,1.0,1,1,1.0,True
11015,3,0.06972599214574897,0.125,1.0,1,1,0.4604166666666667,False
11018,4,0.07186675107146215,0.0,1.1363636363636365,1,1,0.37,False
11019,4,0.5059027690395808,0.3333333333333333,1.0,1,2,0.671180551810614,False
11020,4,0.018537114035308243,0.0,1.0,0,1,0.44999999999999996,False
11021,4,0.3552849754285935,0.25,1.0,0,2,0.5719078466122545,False
11022,3,0.6971068910475077,0.8333333333333334,1.019810606060606,1,1,0.9559029533060748,True
11023,4,0.0810014907711747,0.08333333333333333,1.0799999999999998,1,2,0.39999999999999997,False
11025,2,0.619663019244467,0.75,1.0,0,1,0.922712722533343,True
11026,4,0.34793371025219527,0.2,1.0,0,1,0.5979239710604647,False
11027,3,0.7155554397468598,0.3333333333333333,1.0026767676767676,1,1,0.8110316963994478,True
11028,4,0.9512639640878664,1.0,1.0,1,1,1.0,True
11029,3,0.0032936891502563037,0.0,1.1363636363636365,0,1,0.37,False
11030,4,0.7545354809492115,0.6,1.0,1,1,0.9388485394544239,True
11031,4,0.4525009535606051,0.3333333333333333,1.0,1,1,0.6982940594624815,True
11033,4,0.3280762870837295,0.3333333333333333,1.0,1,1,0.6449692024009634,False
11035,3,0.8998483837969702,1.0,1.0,1,1,1.0,True
11037,4,0.47289231652346086,0.3333333333333333,1.0,1,1,0.7070332150179911,True
11040,4,0.6844932213904174,0.5,1.0,1,1,0.8671637615482741,True
11041,4,0.42898325853731806,0.25,1.0,1,1,0.653492825087422,True
11043,4,0.02925106386652016,0.0,1.0,0,1,0.44999999999999996,False
11044,3,0.4680341734005513,0.4,1.0,0,1,0.7327289314573792,True
11046,4,0.4475776902516215,0.25,1.0,1,1,0.6614618672506949,True
11048,4,0.0,0.0,1.066043348916277,0,1,0.44999999999999996,False
11049,3,0.5474631800552262,0.2857142857142857,1.0,1,1,0.719150886690335,True
11050,3,0.801986630180352,0.5,1.0,1,1,0.9166666666666667,True
11051,4,0.19242130494063706,0.2857142857142857,1.0,0,1,0.5669900830697968,False
11052,3,0.4882864822715319,0.25,1.0,0,1,0.6789084924020851,True
11053,3,0.3251048115549939,0.3333333333333333,1.0,0,1,0.6436957128886481,False
11054,4,0.6902573565554798,0.5555555555555556,1.0133423408208073,1,1,0.8927822533385918,True
11055,4,0.3607671202292224,0.16666666666666666,1.0108054347459627,1,1,0.5895351150188731,False
11056,4,0.7109843330381782,0.42857142857142855,1.0,0,1,0.8487551903496955,True
11057,4,0.40066525961741806,0.14285714285714285,1.0,1,1,0.5967136826931791,False
11058,3,0.05966245791453678,0.1111111111111111,1.0004547521600726,0,1,0.4546296296296296,False
11059,4,0.849532549615832,0.6,1.0,1,1,0.9583333333333333,True
11060,4,0.550255018523843,0.16666666666666666,1.0,1,1,0.6707442142879962,False
11061,4,0.11175052946048744,0.125,1.0,0,1,0.46545260786401843,False
11062,4,0.43988546069109685,0.25,1.0,0,1,0.6581651974390414,True
11063,4,0.18985269487785356,0.1,1.0,2,1,0.38350829780479434,False
11064,3,0.2565265922051485,0.2222222222222222,1.0,0,1,0.5680087511567038,False
11065,4,0.22518172215543394,0.18181818181818182,1.0,0,1,0.5377402185860951,False
11066,4,0.6143447987006907,0.75,1.0,1,1,0.920433485157439,True
11068,3,0.9204622601298234,1.0,1.0,1,1,1.0,True
11069,4,0.0,0.0,1.0,1,1,0.44999999999999996,False
11070,4,0.4062997300768728,0.25,1.0015250495072041,1,1,0.6437713128900884,True
11071,4,0.13573594280571077,0.16666666666666666,1.0,0,1,0.49309318183736806,False
11072,4,0.029727250379367923,0.0,1.1428571428571428,1,1,0.37,False
11073,4,0.029038147689348585,0.0,1.0,1,1,0.44999999999999996,False
11074,4,0.43379615678712563,0.3333333333333333,1.0,1,1,0.6902777179881332,True
11075,3,0.9283891351096436,1.0,1.0,0,1,1.0,True
11079,4,0.2109262104828977,0.375,1.0,2,1,0.5071231378260038,False
11080,4,0.6973032179217818,0.6666666666666666,1.0006060606060605,1,2,0.8920982045061606,False
11081,4,0.011544888374387524,0.0,1.1745333333333332,0,1,0.37,False
11082,3,0.18154958211785718,0.1111111111111111,1.0,0,1,0.4895794505372827,False
11083,4,0.0,0.0,1.0,0,1,0.44999999999999996,False
11084,4,0.3710375402498025,0.2,1.0,0,1,0.6078256124880106,False
11085,3,0.4954681900172849,0.2,1.0,0,1,0.6611530338169316,False
11086,3,0.0,0.0,1.0714285714285714,0,1,0.44999999999999996,False
11087,4,0.1536634600600346,0.16666666666666666,1.0,0,1,0.5007764035177926,False
11088,4,0.6506046188049437,0.5,1.0,1,1,0.8526400747259283,True
11089,4,0.2975291133872881,0.3333333333333333,1.0,0,1,0.6318775565310599,False
11090,4,0.6616649882412114,0.5,1.0,0,1,0.8573802330557574,True
11092,2,0.9846740142075171,1.0,1.0,1,1,1.0,True
11093,4,0.348229004625475,0.14285714285714285,1.0,0,1,0.5742410019823464,False
11094,4,0.0,0.0,1.0,1,1,0.44999999999999996,False
11097,4,0.8389534015192378,0.8,1.0,1,1,1.0,True
11099,4,0.0,0.0,1.0852713178294573,1,1,0.44999999999999996,False
11100,3,0.6555117047496428,0.5,1.0,0,1,0.8547431115593708,True
11101,4,0.5054584487543202,0.4,1.0,0,1,0.7487679066089944,True
11102,4,0.1323797486339996,0.125,8.0,2,1,0.20929370179552365,False
11103,3,0.9007949906811974,0.8,1.0,0,1,1.0,True
11104,2,0.47486100262446856,0.3,1.0,1,1,0.6939880487438198,True
11105,4,0.1105340838128885,0.125,3.52,1,1,0.3049312740150475,False
11106,4,0.4274724005818637,0.4,1.0,0,1,0.7153453145350844,True
11108,4,0.015298272453632395,0.0,1.0714285714285714,0,1,0.44999999999999996,False
11109,4,0.1433996167840045,0.16666666666666666,1.1363636363636365,0,1,0.41637761354235114,False
11111,4,0.0,0.0,1.0714285714285714,2,1,0.345,False
11112,3,0.23162064300119478,0.25,1.0,0,1,0.568908847000512,False
11113,3,0.773364515304198,0.5714285714285714,1.0,1,1,0.9350133637017992,True
11114,3,0.19928824586636662,0.2,1.0,2,1,0.42921877203796666,False
11115,4,0.6288009856263116,0.5,1.0,1,1,0.8432956605065145,True
11116,4,0.47124652280909457,0.3333333333333333,1.0,1,1,0.7063278748546913,True
11117,3,0.6599722612044596,0.4,1.0101010101010102,1,1,0.8149881119447684,True
11118,3,0.32826204194767666,0.2857142857142857,1.0695187165775402,0,1,0.6252075417870995,False
11119,4,0.0067424929859862415,0.0,1.1666666666666667,1,1,0.37,False
11120,4,0.007044617612843346,0.0,1.0,0,1,0.44999999999999996,False
11121,3,0.26707452485497357,0.125,1.0714285714285714,1,1,0.5320200344616554,False
11122,3,0.03627768566376674,0.0,1.0714285714285714,0,1,0.44999999999999996,False
11124,4,0.004845445809183558,0.0,1.1538461538461537,1,1,0.37,False
11125,4,0.0,0.0,1.0,1,1,0.44999999999999996,False
11127,3,0.7539986832598711,0.5714285714285714,1.0,1,1,0.9267137213970877,True
11129,3,0.8430876585638842,0.8333333333333334,1.0,1,1,1.0,True
11130,4,0.23720125968590994,0.25,1.0,1,1,0.57130053986539,False
11131,4,0.6035372697452486,0.2,1.0,1,1,0.7074683537003447,False
11132,4,0.825699638369222,0.5714285714285714,1.0,1,1,0.9464285714285714,True
11133,4,0.01053254943006215,0.0,1.0,1,1,0.44999999999999996,False
11134,3,0.14813146887098344,0.16666666666666666,1.0142857142857142,0,1,0.49840555015105636,False
11135,4,0.08680463056149282,0.0,1.0,1,1,0.44999999999999996,False
11136,4,0.01723817782801273,0.0,1.0714285714285714,0,1,0.44999999999999996,False
11138,4,0.0,0.0,1.001289148403731,1,1,0.44999999999999996,False
11139,3,0.6835342451256693,0.5,1.0,1,1,0.866752771720525,True
11140,4,0.023298968636917817,0.0,1.0,1,1,0.44999999999999996,False
11142,4,0.7866388983762671,0.6,1.0,1,2,0.9026071469231621,False
11144,4,0.7126178565418997,0.6,1.0,1,1,0.9208838432798618,True
11146,4,0.13453646167447694,0.1111111111111111,1.0,0,1,0.46943097034726256,False
11147,4,0.004951266091867772,0.0,1.0714285714285714,2,1,0.345,False
11148,4,0.018588499640404085,0.0,1.0,2,1,0.345,False
11149,4,0.04665919441592073,0.0,1.0,1,1,0.44999999999999996,False
11150,4,0.43635702849977154,0.2,1.0,0,1,0.6358196788808544,False
11151,4,0.5251325118814533,0.3333333333333333,1.0,0,1,0.7294218701714165,True
11152,4,0.30676927432478096,0.2222222222222222,1.0,0,1,0.5895413292079749,False
11154,4,0.0,0.0,1.0,0,1,0.44999999999999996,False
11155,4,0.2912920739919517,0.14285714285714285,1.0,1,1,0.549839460282265,False
11156,3,0.1203264209466065,0.14285714285714285,1.1363636363636365,1,1,0.3965684661199742,False
11157,4,0.0,0.0,1.0714285714285714,0,1,0.44999999999999996,False
11158,3,0.6903485941148038,0.5,1.0,1,1,0.8696732070015827,True
11159,4,0.2816461864743588,0.25,1.1666666666666667,0,1,0.510348365631868,False
11160,4,0.0,0.0,1.0,0,1,0.44999999999999996,False
11162,4,0.26887775633400696,0.1111111111111111,1.0,1,1,0.5270058109156326,False
11165,4,0.0,0.0,1.0714285714285714,0,1,0.44999999999999996,False
11167,4,0.15623097330232644,0.2857142857142857,1.0,0,1,0.5514799409390923,False
11168,4,0.2792072223051021,0.14285714285714285,1.0,1,1,0.544660238130758,False
11170,4,0.043716821109301605,0.16666666666666666,1.0,0,1,0.47777777777777775,False
11171,4,0.2608452528828613,0.1111111111111111,1.0,1,1,0.5235633094365701,False
11172,3,0.5534495308730012,0.3,1.0,1,1,0.7276688465646196,True
11173,3,0.5248782887907857,0.6666666666666666,1.0,2,1,0.7632018063071622,False
11174,3,0.7774981977106167,0.6,1.0,0,1,0.9486897037807405,True
11175,4,0.0,0.0,1.0714285714285714,0,1,0.44999999999999996,False
11176,2,0.7543611970730686,0.6,1.0,0,1,0.9387738463646484,True
11177,4,0.05495441956275214,0.0,1.0,0,1,0.44999999999999996,False
11178,4,0.35604165305272495,0.2,1.0,2,1,0.49639880368926315,False
11180,3,0.4767067205264051,0.25,1.0,0,1,0.6739457373684593,True
11184,4,0.026389885252318328,0.0,1.0714285714285714,0,1,0.44999999999999996,False
11185,4,0.2544421591596461,0.21428571428571427,1.0,1,1,0.5638085444017531,False
11186,3,0.8492617239511614,0.6666666666666666,1.0,1,1,0.9861111111111112,True
11187,4,0.0,0.0,1.0,0,1,0.44999999999999996,False
11188,4,0.0,0.0,1.0714285714285714,1,1,0.44999999999999996,False
11189,4,0.0028841008289503356,0.0,1.0,0,1,0.44999999999999996,False
11191,4,0.022081715942756736,0.0,1.0666666666666667,0,1,0.44999999999999996,False
11193,4,0.34424335246902166,0.25,1.0,0,1,0.6171757224867236,False
11194,4,0.024777118509774928,0.0,1.0714285714285714,0,1,0.44999999999999996,False
11195,4,0.0,0.0,1.0714285714285714,0,1,0.44999999999999996,False
11196,3,0.4614474901166592,0.2857142857142857,1.0,1,1,0.6822870195738063,True
11197,4,0.5190103247166011,0.5555555555555556,1.0,1,1,0.8193906682647868,True
11198,3,0.19153068159854417,0.0,1.0714285714285714,1,1,0.4892274349708047,False
11199,3,0.0033330132052460677,0.0,1.1363636363636365,1,1,0.37,False
11200,4,0.0,0.0,1.0,0,1,0.44999999999999996,False
11201,3,0.32160027224038534,0.25,1.0,0,1,0.6074715452458794,False
11202,4,0.0,0.0,1.0714285714285714,0,1,0.44999999999999996,False
11203,4,0.04653120984913864,0.0,1.0,0,1,0.44999999999999996,False
11204,4,0.006419409968125493,0.0,1.125,1,1,0.37,False
11205,3,0.0,0.0,1.125,1,1,0.37,False
11207,3,0.07144413835148392,0.0,1.0,0,1,0.44999999999999996,False
11208,4,0.626141663932673,0.3,1.0,1,2,0.7088226178759075,False
11209,4,0.8594000839349515,0.6666666666666666,1.0,1,2,0.9361111111111112,False
11210,4,0.29251724165726295,0.14285714285714285,1.0,1,2,0.500364532138827,False
11211,3,0.46104788237380423,0.0,1.0,0,1,0.6047348067316304,False
11212,4,0.40036808635843474,0.3333333333333333,1.0377358490566038,1,2,0.6259514020901229,False
11214,4,0.45533134337896936,0.375,1.0,1,2,0.6668681947814631,False
11215,4,0.05387033515451183,0.0,1.1111111111111112,1,1,0.37,False
11216,3,0.9384633764189814,1.0,1.0,1,2,0.9500000000000001,False
11217,4,0.8197066241748079,0.6,1.0,1,2,0.9083333333333333,False
11219,4,0.2373973115318697,0.2857142857142857,1.0,1,1,0.5862655144660394,False
11220,4,0.1568968226266908,0.16666666666666666,1.0,0,1,0.5021621303320738,False
11221,4,0.8960581073010492,1.0,1.0,1,1,1.0,True
11222,3,0.47048353050665626,0.2222222222222222,1.0,1,1,0.65970458185735,False
11226,3,0.4463311524613993,0.3333333333333333,1.125,1,1,0.6156498589913934,True
11227,4,0.01728515093492589,0.0,1.9545454545454546,1,2,0.24,False
11230,4,0.6251046301396942,0.6,1.0,1,2,0.8333781748217738,False
11232,4,0.4034657895198669,0.4,1.0,0,2,0.6550567669370859,False
11233,4,0.8333606083223876,0.5,1.0348395998620215,1,3,0.8666666666666668,False
11234,4,0.26160343995300006,0.16666666666666666,1.0309278350515463,0,2,0.49703639490049206,False
11235,4,0.30836275506684196,0.3333333333333333,1.0,1,1,0.6365205458222973,False
11236,4,0.752905466112635,0.6666666666666666,1.0,1,2,0.9159277394450976,False
11237,4,0.32033651828004545,0.0,1.0,0,1,0.5444299364057338,False
11238,4,0.5998322410089817,0.0,1.0,0,1,0.6642138175752779,False
11239,4,0.5211109942123126,0.2857142857142857,1.0,1,1,0.7078570927576577,True
11240,4,0.17364344876396096,0.18181818181818182,1.0,1,1,0.5156523871326066,False
11243,3,0.2540501562873045,0.1111111111111111,1.175,0,1,0.44065112518133154,False
11244,4,0.11902557160081989,0.0,1.0,0,1,0.45815381640035135,False
11246,4,0.0,0.0,1.1628,1,2,0.32,False
11247,4,0.005079164693079629,0.0,1.0,1,1,0.44999999999999996,False
11248,4,0.7086420592690685,0.3333333333333333,1.0,1,2,0.7580688190518231,False
11249,2,0.7267152526170735,0.6,1.0,1,1,0.9269255844549362,True
11251,4,0.0,0.0,1.0,1,1,0.44999999999999996,False
11252,4,0.006762480094037183,0.0,1.05,0,1,0.44999999999999996,False
11253,4,0.0043762809177481645,0.0,1.0,1,2,0.39999999999999997,False
11254,4,0.44471398607665436,0.14285714285714285,1.0,1,1,0.6155917083185661,False
11255,3,0.01533044796819771,0.0,1.0,0,1,0.44999999999999996,False
11257,4,0.6481531642069085,0.3333333333333333,1.0,1,1,0.7821450068823259,True
11258,3,0.4421667795778311,0.25,1.0,0,2,0.6091429055333563,False
11260,4,0.278023763157179,0.125,1.175,0,1,0.4567125651626005,False
11262,4,0.2864887970818513,0.0,1.1111111111111112,1,2,0.3999237701779363,False
11263,4,0.011081527310845787,0.0,1.0,1,1,0.44999999999999996,False
11264,3,0.22516334794748974,0.14285714285714285,1.0,1,1,0.5214985776917813,False
11265,3,0.9073428711915276,1.0,1.0,1,1,1.0,True
11266,3,0.1843854959997137,0.16666666666666666,1.0105263157894737,1,1,0.5139429903490836,False
11267,4,0.3047271307012358,0.2,1.0,1,1,0.5794068655386249,False
11271,3,0.6464697664133916,0.4,1.0,0,3,0.7592013284628822,False
11272,3,0.2114476594347446,0.14285714285714285,1.0,0,2,0.46562042547203336,False
11274,4,0.12204390987490181,0.125,1.0,0,1,0.4698640566130532,False
11276,4,0.6613932300659602,0.42857142857142855,1.078125,1,2,0.7775018605044591,False
11277,4,0.13930283241295202,0.125,1.1454545454545455,2,1,0.292260737700789,False
11278,3,0.5022886662609819,0.4,1.0,1,1,0.7474094283975636,True
11279,4,0.46171882151830423,0.2,1.0,0,2,0.5966890187459399,False
11280,4,0.5987889081280036,0.5,1.1428571428571428,0,1,0.7504333415786683,True
11281,4,0.8295326969260411,0.5714285714285714,1.0,1,2,0.8964285714285715,False
11283,4,0.8734543790725752,0.8333333333333334,1.0138888888888888,1,2,0.9500000000000001,False
11285,3,0.03980752353395779,0.1111111111111111,1.1111111111111112,0,1,0.37462962962962965,False
11286,4,0.8439579130693758,1.0,1.0,1,2,0.9500000000000001,False
11289,3,0.4074052149792256,0.3333333333333333,1.0,1,1,0.6789673143561761,True
11291,4,0.0,0.0,1.0416666666666667,0,2,0.39999999999999997,False
11292,4,0.814543884538772,0.8,1.0,0,1,1.0,True
11293,2,0.8273397673943567,0.75,1.1177777777777778,1,1,0.92,True
11296,4,0.35024740718315756,0.5,1.1494252873563218,1,1,0.6439155554594485,False
11299,4,0.3017332961633901,0.1111111111111111,1.1538461538461537,1,3,0.4110867565567968,False
11301,4,0.8554075538793644,0.75,1.0,1,2,0.9500000000000001,False
11302,4,0.5452545152898912,0.5,1.0,0,1,0.8074900303623345,True
11303,3,0.21092838174793402,0.2,1.1,0,1,0.5392074017014955,False
11304,3,0.18211589396152264,0.14285714285714285,1.0,1,2,0.4530496688406525,False
11307,4,0.39283384835793833,0.2857142857142857,1.0525,0,2,0.6028811731057832,False
11308,4,0.8395973737988767,0.625,1.0,1,2,0.9187500000000001,False
11309,2,0.7897590250537659,0.8,1.000888888888889,0,2,0.9456110107373282,False
11310,4,0.1385211897741184,0.2,1.0666666666666667,0,2,0.4581757479984317,False
11312,2,0.49682986740726537,0.5,1.0,1,1,0.786736609841209,True
11313,3,0.08082296261213939,0.0,1.1363636363636365,0,2,0.32,False
11314,3,0.6885976673485268,0.6,1.0,0,1,0.910589476482702,True
11316,4,0.19026649933965406,0.1,1.135,0,1,0.4086856425741374,False
11322,3,0.4037390413884525,0.25,1.0,1,2,0.5926738748807654,False
11325,3,0.5063471826084931,0.5,1.0,0,1,0.7908154592131638,True
11328,2,0.7961540456259247,0.5,1.0,0,1,0.9150184005063488,True
11329,3,0.4061539613322822,0.2857142857142857,1.025,0,1,0.6585897929519304,True
11332,3,0.1386827421172955,0.125,1.1625,0,1,0.3969949847169362,False
11333,3,0.12682887446200242,0.1,1.1764705882352942,0,2,0.33149808905514383,False
11334,3,0.010573413312914684,0.0,1.1428571428571428,0,1,0.37,False
11335,4,0.39288966332930536,0.4,1.0303030303030303,1,2,0.6505241414268452,False
11336,4,0.4848197832704467,0.25,1.0285714285714285,0,2,0.627422764258763,False
11337,3,0.29255467286543413,0.2,1.0,0,2,0.5241900978947099,False
11338,3,0.30150944652837824,0.25,1.0303030303030303,1,1,0.5988611913693049,False
11339,4,0.1430150178379462,0.15384615384615385,1.0,1,1,0.4908709050807315,False
11341,2,0.6101326635714844,0.75,1.2,0,2,0.7886282843877791,False
11342,2,0.6689642394168401,1.0,1.0,0,1,0.9438418168929315,True
11343,2,0.9049614751627062,1.0,1.02,0,1,1.0,True
11344,4,0.31683478813895405,0.14285714285714285,1.15,2,2,0.3257863377738374,False
11346,4,0.0,0.0,1.125,2,2,0.21499999999999997,False
11347,3,0.466161681536365,0.1111111111111111,1.1428571428571428,2,2,0.376556064573786,False
11348,3,0.48530752722301845,0.5,1.0666666666666667,2,2,0.6267984640479604,False
11349,4,0.09163550488327388,0.1,1.0666666666666667,2,2,0.295,False
11351,2,0.8331782593789802,0.6,1.0,2,1,0.8533333333333333,False
11353,4,0.47677128592391793,0.3333333333333333,1.05,0,2,0.65869563047533,False
11354,4,0.17398414514758756,0.16666666666666666,1.095890410958904,0,2,0.4594852685553153,False
11355,4,0.11376866863116782,0.14285714285714285,1.1333333333333333,0,1,0.393758000841929,False
11357,3,0.38928966597259307,0.4,1.0172043010752687,1,1,0.6989812854168256,False
11358,4,0.11173624271588935,0.125,2.0,1,2,0.2554464849734764,False
11359,2,0.9288276359992812,1.0,1.0285714285714285,1,2,0.9500000000000001,False
11360,3,0.5432445650418263,0.3333333333333333,1.0,1,1,0.7371841786687192,True
11362,4,0.010782275507959542,0.0,1.0,0,1,0.44999999999999996,False
11363,4,0.4333789118121889,0.25,1.1666666666666667,0,2,0.5253766764909382,False
11366,4,0.6224974033570259,0.6666666666666666,1.0,0,1,0.9100385696926936,True
11369,2,0.7412235807569568,0.6666666666666666,1.0,0,2,0.910921217149807,False
11372,4,0.7225866179593197,0.8,1.0018771117507195,1,2,0.9168228362682799,False
11373,3,0.3362465471642346,0.25,1.1764705882352942,0,1,0.5337485202132434,False
11375,4,0.0,0.0,1.0,0,1,0.44999999999999996,False
11376,4,0.46009697098833996,0.5,1.0666666666666667,0,1,0.7709939399473837,True
11377,4,0.7782629577711119,0.5,1.0277777777777777,1,2,0.8573507914257147,False
11379,3,0.23285349474674072,0.18181818181818182,1.1755555555555555,1,2,0.4110281211252265,False
11380,3,0.10753574687382537,0.09090909090909091,1.125,2,2,0.218229605803068,False
11381,2,0.4432807567330156,0.2222222222222222,1.0,0,2,0.5980462502400755,False
11382,4,0.5198179503987358,0.3333333333333333,1.0,0,1,0.7271442009645376,True
11383,4,0.18080950099715576,0.14285714285714285,1.0769230769230769,0,2,0.4524897861416382,False
11386,3,0.7013023438643193,0.5,1.0092307692307692,0,1,0.8743676711799464,True
11388,3,0.20114201993256148,0.25,1.1111111111111112,0,2,0.42584657997109776,False
11389,4,0.5453080427449675,0.5,1.019396551724138,0,1,0.8075129707002242,True
11390,4,0.7037658433838453,0.6666666666666666,1.0101010101010102,1,2,0.8948679011327593,False
11391,4,0.6595426902050903,0.6,1.0,1,2,0.8481373434212293,False
11392,2,0.29868914930710067,0.14285714285714285,1.0,0,1,0.5530096354173288,False
11393,3,0.35718742920478513,0.3333333333333333,1.0,0,1,0.6574454061671301,False
11395,2,0.7186449767208043,0.5,1.0,1,1,0.88180022811844,True
11396,2,0.6548908957359593,0.42857142857142855,1.0,0,1,0.8247151457916015,True
11398,4,0.5079873648468973,0.2857142857142857,1.0,0,2,0.6522326801724798,False
11399,4,0.2539915599507489,0.1111111111111111,1.04,1,1,0.5206260124656649,False
11402,4,0.0036726289475600324,0.0,1.1333333333333333,1,1,0.37,False
11403,4,0.46922385018918195,0.16666666666666666,1.0434601137371524,0,1,0.6360165707159986,False
11404,3,0.6003311437368688,0.4,1.0,1,2,0.7394276330300867,False
11405,4,0.40336824679713035,0.2857142857142857,1.1111111111111112,1,2,0.5273959152940083,False
11406,3,0.9147699991503818,1.0,1.0227272727272727,0,2,0.9500000000000001,False
11407,2,0.7535822536462298,0.8,1.0,0,1,0.9801066801340985,True
11408,2,0.6912785496013238,0.6,1.0453333333333332,0,1,0.9117384260196151,True
11410,4,0.011663903620837612,0.0,1.1428571428571428,2,2,0.21499999999999997,False
11412,3,0.849608629818645,1.0,1.02,1,1,1.0,True
11414,4,0.08582013721064827,0.1,1.0773374374759523,1,2,0.39999999999999997,False
11418,2,0.43307907823045444,0.3333333333333333,1.0,0,1,0.6899703986067027,True
11419,4,0.2407736509982738,0.125,1.1578947368421053,1,1,0.4407482313802126,False
11420,3,0.30187088429680614,0.25,1.0526315789473684,1,2,0.5490160932700598,False
11422,4,0.30454330225642473,0.25,1.0,2,1,0.4951614152527535,False
11423,3,0.0,0.0,1.08,1,2,0.39999999999999997,False
11425,4,0.05274564075382787,0.1111111111111111,1.0294117647058822,1,1,0.4546296296296296,False
11426,4,0.11638367315493743,0.1,1.0714285714285714,0,2,0.4070215742092589,False
11427,3,0.27466415365223373,0.1,1.0,1,1,0.5248560658509573,False
11428,3,0.5931770647238781,0.75,1.056338028169014,0,1,0.9113615991673764,True
11429,3,0.5517435562538596,0.5,1.1111111111111112,0,2,0.6802710479183208,False
11430,4,0.6336396119198237,0.125,1.0058823529411764,1,2,0.6391193574894483,False
11431,3,0.32328027988671404,0.2857142857142857,1.12,1,2,0.49307250090382976,False
11432,4,0.5954392678882551,0.6666666666666666,1.008,1,2,0.8484422259203633,False
11434,4,0.7560070102828411,0.5,1.0,1,2,0.8478125282164558,False
11435,4,0.10878377598725142,0.16666666666666666,1.1764705882352942,0,1,0.40154225320088555,False
11438,4,0.0,0.0,1.09375,1,1,0.44999999999999996,False
11439,4,0.13538603001177615,0.16666666666666666,1.0714285714285714,1,1,0.49294321921139617,False
11440,3,0.29438970586298974,0.25,1.0294117647058822,0,2,0.5458098739412813,False
11442,3,0.5374030800128793,0.4,1.0,1,1,0.7624584628626625,True
11443,3,0.559722824457434,0.375,1.0119047619047619,0,1,0.7616074009579479,True
11445,3,0.5329158918711351,0.375,1.0250569476082005,1,1,0.7501187155638198,True
11446,3,0.7111728272715239,0.75,1.016,1,1,0.9619312116877958,True
11447,2,0.7599985582267073,0.6,1.0223642172523961,0,1,0.9411898582876366,True
11448,4,0.4442246471521893,0.4,1.079136690647482,1,1,0.7225248487795097,True
11450,3,0.6949021839917442,0.7142857142857143,1.0,1,1,0.9549580788536047,True
11451,3,0.16938552453622557,0.2,1.0444444444444445,0,1,0.5214033200393348,False
11453,2,0.7732858462223346,1.0,1.0,1,2,0.9385510769524291,False
11454,4,0.3110350347471584,0.3,1.0869565217391304,1,1,0.6237769196535441,False
11455,4,0.746684423875744,0.5,1.0,1,3,0.8438171340419857,False
11458,3,0.8608568594092673,1.0,1.0,1,2,0.9500000000000001,False
11459,4,0.1257912015004271,0.1111111111111111,1.0227272727272727,1,2,0.41568300170124123,False
11460,4,0.0,0.0,1.1764705882352942,0,1,0.37,False
11461,4,0.7454851513002236,0.5,1.0,1,2,0.8433031600810483,False
11463,2,0.9396068312919531,1.0,1.0106382978723405,1,1,1.0,True
11467,3,0.23192861931544023,0.16666666666666666,1.1229333333333333,2,1,0.3493186146272521,False
11469,2,0.9335992849079364,1.0,1.0,1,2,0.9500000000000001,False
11471,3,0.6987269353909182,0.6666666666666666,3.0,1,1,0.7827083691357903,False
11473,4,0.651018416733813,0.7142857142857143,1.0003528581510233,1,1,0.936150750028777,True
11474,2,0.4710187376479443,0.4,1.0204081632653061,0,1,0.7340080304205475,True
11475,4,0.067103261274044,0.0,1.04,1,2,0.39999999999999997,False
11476,4,0.17400967478737445,0.125,1.015228426395939,1,2,0.44213509871839857,False
11477,3,0.8840339909841803,1.0,1.0204081632653061,1,1,1.0,True
11479,3,0.6451516491251347,0.5,1.1503067484662577,0,1,0.7703030877202959,True
11482,3,0.42482780185545066,0.3333333333333333,1.1503067484662577,0,1,0.6064341373031297,True
11484,3,0.11205219891798818,0.1111111111111111,1.0933333333333333,1,2,0.40979485773733887,False
11485,4,0.41165399158302085,0.3,1.0,1,1,0.6668993297260566,True
11486,3,0.7363872071386204,0.5,1.0714285714285714,0,1,0.8894040411546469,True
11487,3,0.5918934669320273,0.8,1.0975609756097562,1,1,0.9108114858280116,True
11491,3,0.2129397449578946,0.14285714285714285,1.0285714285714285,2,1,0.4112598906962406,False
11492,3,0.09670187375485206,0.0,1.1428571428571428,1,1,0.37,False
11493,4,0.13405565321951218,0.16666666666666666,1.0161290322580645,1,1,0.4923730577289973,False
11494,3,0.353652015067043,0.5,1.0126582278481013,1,1,0.7253746731239709,False
11496,4,0.1658125460843306,0.2222222222222222,1.08,1,1,0.5291313028192105,False
11497,4,0.1633655540349466,0.25,1.1764705882352942,1,1,0.4596566660149771,False
11499,4,0.2280978094771817,0.16666666666666666,1.0526315789473684,1,2,0.48267683898228425,False
11501,4,0.1293105749349519,0.16666666666666666,1.1142857142857143,1,1,0.4103394527499,False
11503,2,0.4908455825098856,0.5,1.0714285714285714,0,1,0.7841719163137605,True
11504,2,0.9595871085811991,1.0,1.0,0,1,1.0,True
11505,4,0.0,0.0,1.013986013986014,1,1,0.44999999999999996,False
11507,3,0.13030595493627548,0.14285714285714285,1.0,1,1,0.4808454092584038,False
11510,4,0.7131183080349103,0.75,1.0084033613445378,1,1,0.9627649891578187,True
11515,4,0.3354064378717747,0.25,1.027027027027027,1,1,0.6133884733736177,False
11519,4,0.053713572657111845,0.0,3.817142857142857,1,1,0.29000000000000004,False
11521,3,0.19855720234369054,0.16666666666666666,1.0,1,2,0.47001657878221653,False
11524,4,0.388217139914454,0.2222222222222222,1.0185185185185186,1,1,0.6244475573178347,False
11525,3,0.003465129396247591,0.0,1.1304347826086956,1,1,0.37,False
11527,3,0.5365262828686048,0.3333333333333333,1.0007407407407407,1,1,0.7343049148801957,True
11529,2,0.7356656438979046,0.2857142857142857,1.0,0,1,0.7998090854800544,True
11532,3,0.9265048574069689,0.8333333333333334,1.0294117647058822,1,1,1.0,True
11534,4,0.39870426504832224,0.2222222222222222,1.0714285714285714,1,2,0.5789420395180641,False
11536,2,0.6959916989540017,0.5,1.0714285714285714,0,1,0.872091680504096,True
11537,3,0.0,0.0,5.485714285714286,0,1,0.29000000000000004,False
11539,2,0.6343212332238805,0.6666666666666666,1.125,0,1,0.835105925349917,True
11540,3,0.9166569425025937,0.8333333333333334,1.0294117647058822,1,1,1.0,True
11544,4,0.0,0.0,1.1538461538461537,2,1,0.265,False
11546,2,0.827278135131855,1.0,1.0,1,1,1.0,True
11549,3,0.803400288829252,0.75,1.0,1,1,1.0,True
11552,4,0.528955931918935,0.3333333333333333,1.0011904761904762,1,1,0.7310604787589087,True
11553,4,0.1651775098354831,0.0,1.0,1,1,0.4779332185009213,False
11555,2,0.7595857362182229,0.5,1.0,1,1,0.899346267903048,True
11556,2,0.7733651171387969,0.6666666666666666,1.0,0,1,0.9746961613134526,True
11557,4,0.6550181228025149,0.7142857142857143,1.0319917440660473,1,1,0.9378649097725065,True
11559,3,0.4372534904019025,0.2857142857142857,1.0011904761904762,0,1,0.6719181625531963,True
11561,4,0.05858146676371907,0.1,1.1111111111111112,1,1,0.37,False
11564,4,0.5169225595839977,0.1111111111111111,1.0,1,1,0.6333107265942001,False
11565,4,0.13663329875753796,0.0,1.0416666666666667,0,1,0.465699985181802,False
11566,4,0.11730942490687704,0.14285714285714285,1.0866666666666667,0,1,0.47527546781723295,False
11569,4,0.6993455090009337,0.4,1.0,0,1,0.8318623610004003,True
11571,4,0.21723957214269402,0.125,10.714285714285714,0,1,0.3506621975849641,False
11572,4,0.31213226453865,0.14285714285714285,1.1549295774647887,0,1,0.47877097051656425,False
11573,4,0.15053134000075705,0.1111111111111111,1.1111111111111112,2,1,0.2912859182013826,False
11577,3,0.06998992546736435,0.0,1.0153846153846153,1,2,0.39999999999999997,False
11580,4,0.07813768972998338,0.0,1.1428571428571428,1,1,0.37,False
11582,3,0.06767105378688826,0.0,1.1545454545454545,1,1,0.37,False
11584,4,0.05522549893358119,0.0,1.1258333333333332,0,1,0.37,False
11585,3,0.7916056735634027,0.6,1.0,0,1,0.9547357648605059,True
11587,4,0.3657878129358965,0.1,6.007142857142857,1,1,0.4039090626868128,False
11588,4,0.039404756713510944,0.0,1.0485133020344288,0,1,0.44999999999999996,False
11589,4,0.33524605550229997,0.1,1.0142857142857142,0,1,0.5508197380724142,False
11590,4,0.4601985331522619,0.375,1.0476228571428572,1,1,0.7189541332557313,True
11591,3,0.9253325467051046,1.0,1.0,1,1,1.0,True
11593,4,0.741693162267365,0.4,1.125,0,1,0.7700113552574422,True
11595,3,0.9614047846147387,1.0,1.0,1,1,1.0,True
11596,3,0.8747089171759398,1.0,1.028577306156035,1,1,1.0,True
11599,3,0.7450645506886194,0.6666666666666666,1.0,0,1,0.9625673471205194,True
11601,4,0.3349770824951179,0.2857142857142857,1.0833499999999998,1,1,0.6280854163074314,False
11602,4,0.11742853774913894,0.0,1.1,1,1,0.4574693733210595,False
11603,3,0.699593708079819,0.4,1.0,1,1,0.8319687320342082,True
11605,3,0.3399092179258788,0.125,1.1333333333333333,1,1,0.48323490292061466,False
11606,4,0.14943824632936312,0.14285714285714285,1.0,1,1,0.48904496271258413,False
11607,4,0.7623781173440436,0.6666666666666666,1.0,1,2,0.9199874471157014,False
11610,3,0.849582341245732,1.0,1.0,1,1,1.0,True
11612,2,0.7217187398893764,0.5714285714285714,1.0476190476190477,1,1,0.91287945995259,True
11615,4,0.7605286496743152,0.5,1.0,1,2,0.8497503736699447,False
11617,4,0.2136270602886095,0.17647058823529413,1.0,1,1,0.5305600566503005,False
11618,3,0.9548898515881212,1.0,1.0,1,1,1.0,True
11619,4,0.0,0.0,1.1733333333333333,0,1,0.37,False
11620,3,0.9471021781859956,1.0,1.0,1,1,1.0,True
11622,3,0.9249466897105321,0.8333333333333334,1.0,1,2,0.9500000000000001,False
11623,4,0.9076651543371137,0.8333333333333334,1.0,1,1,1.0,True
11627,3,0.8914368462609208,1.0,1.07145,1,2,0.9500000000000001,False
11631,4,0.17242684325885996,0.25,1.0582010582010581,2,1,0.4385400756823685,False
11634,4,0.11824037684899737,0.09090909090909091,1.0,0,1,0.45781730436385604,False
11637,2,0.9472401744353577,1.0,1.0,1,1,1.0,True
11638,3,0.0,0.0,1.0714285714285714,1,1,0.44999999999999996,False
11639,4,0.600725950016961,0.5714285714285714,1.0,1,2,0.8110254071501263,False
11640,3,0.8245707978837682,0.6,1.0,1,1,0.9583333333333333,True
11641,2,0.9568824537630187,1.0,1.0,1,1,1.0,True
11642,3,0.9173874102374107,1.0,1.0,1,2,0.9500000000000001,False
11643,4,0.44237608365945613,0.42857142857142855,1.0,1,1,0.733637369187386,True
11644,3,0.651654435016944,0.5,1.0,1,1,0.8530899959596427,True
11647,3,0.4208374755983629,0.4,1.0,0,1,0.7125017752564412,True
11648,3,0.8721051615912256,0.8,1.0,1,1,1.0,True
11650,2,0.9742411091738308,1.0,1.0,1,2,0.9500000000000001,False
11651,4,0.03616463012337161,0.0,1.1,0,1,0.44999999999999996,False
11652,4,0.8376836093777734,0.6,1.0,1,1,0.9583333333333333,True
11653,4,0.12649141201568642,0.0,1.0,1,1,0.461353462292437,False
11654,2,0.890780242513014,0.8,1.0,0,1,1.0,True
11657,3,0.5408336317747975,1.0,1.0,1,1,0.8889286993320561,True
11659,3,0.7626812600230839,0.8571428571428571,1.0416666666666667,1,1,0.9840062542956074,True
11660,3,0.7827511427511823,1.0,1.1111111111111112,1,1,0.9126076326076497,True
11661,4,0.7539443912766607,0.6666666666666666,1.074043347505963,1,2,0.9163729930868229,False
11662,4,0.009468649974910336,0.0,1.028577306156035,1,1,0.44999999999999996,False
11663,4,0.7366169550525183,0.75,1.0146212121212121,1,1,0.9728358378796507,True
11665,4,0.5765339944301298,0.3333333333333333,1.0,1,1,0.7514510769779921,True
11667,4,0.4530684175006464,0.2857142857142857,1.0,1,2,0.6286959884526581,False
11668,4,0.3407688329902195,0.4,1.0833333333333333,0,2,0.6281866427100942,False
11669,4,0.49862347274828434,0.2857142857142857,1.0181578947368422,1,1,0.6982195835587885,True
11670,3,0.8506115585790658,1.0,1.0,1,1,1.0,True
11671,4,0.7044443257376902,0.25,1.0,1,1,0.7715475681732958,True
11672,2,0.7991560311555449,0.8,1.0,1,1,0.9996382990666621,True
11673,3,0.6644398761873884,0.75,1.0021865889212829,1,1,0.9419028040803094,True
11676,2,0.9625156001296765,1.0,1.0,1,1,1.0,True
11677,2,0.7769709244461419,0.6,1.0399875201497581,1,1,0.9484637295245371,True
11678,4,0.07588444588073412,0.07692307692307693,1.0714285714285714,1,3,0.39999999999999997,False
11680,4,0.5916788546034466,0.6,1.034851851851852,1,1,0.8690528424490962,True
11682,4,0.0,0.0,1.0204081632653061,2,1,0.345,False
11683,3,0.8942276857688335,1.0,1.0,1,2,0.9500000000000001,False
11684,2,0.7049442392685209,0.5714285714285714,1.0,1,1,0.9056903882579375,True
11686,3,0.8156368128255028,0.8,1.0101010101010102,1,1,1.0,True
11687,2,0.9524077535000249,1.0,1.0,1,1,1.0,True
11690,2,0.9825913783474179,1.0,1.0,0,1,1.0,True
11691,2,0.8795926705093553,0.6666666666666666,1.0,1,1,0.9861111111111112,True
11693,3,0.9120815762723301,1.0,1.0,1,1,1.0,True
11694,3,0.5317022276678629,0.5,1.0,0,2,0.7516819070957509,False
11695,4,0.6354960959730195,0.375,1.0,1,1,0.7940816601789131,True
11697,3,0.6032038319484445,0.8,1.0,2,1,0.8106587851207621,False
11698,3,0.9097322411696545,1.0,1.0,1,1,1.0,True
11699,4,0.08670317358421561,0.0,1.0,1,1,0.44999999999999996,False
11700,2,0.7668601259306942,0.7142857142857143,1.0,0,1,0.9857971968274404,True
11702,4,0.0,0.0,24.0,1,1,0.29000000000000004,False
11704,2,0.8295399566016901,0.6666666666666666,1.0,1,1,0.9861111111111112,True
11705,4,0.7749268835170227,0.5,1.0,1,2,0.8559210453168193,False
11707,3,0.8320714839837691,0.625,1.0,1,1,0.96875,True
11709,4,0.20823636235233878,0.1111111111111111,1.0,1,1,0.5010166420663462,False
11710,4,0.6275506893738778,0.42857142857142855,1.0,0,1,0.8129979144935666,True
11711,4,0.5111941133965998,0.25,1.0,1,2,0.6387260485985429,False
11712,4,0.7267212530242547,0.6666666666666666,1.0,0,1,0.9547059338357917,True
11713,3,0.6028388869828145,0.6666666666666666,2.2666666666666666,0,1,0.741613491246603,False
11717,4,0.10143358496821675,0.1111111111111111,1.1666666666666667,1,1,0.37524402318743677,False
11719,4,0.8369117312961718,1.0,1.0031347962382444,1,1,1.0,True
11720,4,0.3676407268117013,0.3333333333333333,1.0,0,2,0.6119253908558085,False
11721,4,0.23071280198624575,0.2,1.0125,0,2,0.4976864389464863,False
11724,4,0.0,0.0,1.105263157894737,0,1,0.37,False
11725,4,0.6211215836244555,0.5,1.0272727272727273,1,2,0.7900044882200049,False
11728,4,0.09264669926637338,0.1111111111111111,1.1764705882352942,0,1,0.37462962962962965,False
11729,4,0.25358343269575256,0.2222222222222222,1.0769230769230769,0,2,0.5167473970812485,False
11730,4,0.08112793084811057,0.1,1.175514705882353,0,2,0.32,False
11732,4,0.11676699882006947,0.16666666666666666,1.0,0,1,0.4849636344149504,False
11733,4,0.10715609660473259,0.1111111111111111,1.0,0,2,0.407696528174515,False
11735,4,0.43134943362215417,0.42857142857142855,1.0833333333333333,0,1,0.7289116620285422,True
11736,4,0.09734162011523728,0.125,1.1,0,1,0.4604166666666667,False
11738,4,0.1166632110798627,0.1111111111111111,3.125,0,1,0.3017710058067137,False
11741,4,0.2399261899786215,0.2,1.0,0,1,0.5516350338003616,False
11742,4,0.2965354550753514,0.25,1.0,0,1,0.5967294807465792,False
11743,4,0.3267920653674972,0.3,1.0833333333333333,0,1,0.6305299327765465,False
11745,4,0.6442277618351339,0.5,1.0588235294117647,0,1,0.8499071360245811,True
11747,3,0.4586909919367833,0.25,1.0526315789473684,0,1,0.66622471083005,True
11749,4,0.08883860265721993,0.1111111111111111,1.1764705882352942,0,1,0.37462962962962965,False
11752,3,0.28170121896355294,0.16666666666666666,1.0,0,1,0.5556497287621576,False
11753,4,0.09095807693849202,0.09090909090909091,1.1538461538461537,0,1,0.37,False
11754,2,0.95170702652036,1.0,1.0003846153846154,1,1,1.0,True
11757,3,0.5330490738723274,0.375,1.0,0,1,0.7501757935643307,True
11759,3,0.2944604657822066,0.3333333333333333,1.04,0,2,0.580562421843168,False
11760,2,0.9475845279907701,1.0,1.0,0,1,1.0,True
11761,3,0.9511826620556374,1.0,1.0,1,1,1.0,True
11763,4,0.12238071997319029,0.09090909090909091,1.1571428571428573,0,1,0.3795917371313673,False
11765,4,0.8650825213658734,0.8,1.0555555555555556,1,1,1.0,True
11767,3,0.26256790812881203,0.25,2.235294117647059,0,1,0.42217196062663376,False
11768,3,0.22987722806689115,0.14285714285714285,1.0,0,1,0.5235188120286676,False
11769,4,0.22926515838944347,0.25,1.123404255319149,0,1,0.48789935359547576,False
11770,3,0.30685180461493805,0.25,4.0,0,1,0.44115077340640196,False
11773,4,0.006552493741844952,0.0,1.0227272727272727,0,2,0.39999999999999997,False
11774,3,0.3374438002960402,0.1111111111111111,1.0,0,1,0.5563912583279326,False
11779,2,0.9713421383135208,1.0,1.0285714285714285,0,1,1.0,True
11781,3,0.4983797751178313,0.2857142857142857,1.0,0,1,0.6981151417171657,True
11782,3,0.6417142857565324,0.3333333333333333,1.1,0,1,0.7793854875464504,True
11785,3,0.2671311132293827,0.125,1.0,0,2,0.48204428662211646,False
11786,4,0.008320619598932386,0.0,1.1,1,2,0.39999999999999997,False
11788,3,0.31820492743905376,0.2,1.0,1,1,0.5851830641405469,False
11790,3,0.4048808884051798,0.25,1.0,0,1,0.6431632378879342,True
11793,3,0.5916800054100262,0.3333333333333333,1.0548523206751055,0,1,0.757942224540805,True
11794,4,0.5467715384767874,0.2,1.0,0,1,0.6831401831567184,False
11797,4,0.1858817636452618,0.16666666666666666,1.1333333333333333,0,1,0.43458424791146133,False
11801,4,0.5830789091325348,0.375,1.0,0,1,0.7716171515329912,True
11802,4,0.09756843681538203,0.0,1.1764705882352942,0,1,0.37,False
11807,4,0.14358655725840272,0.125,1.104,0,2,0.34909661977741063,False
11808,4,0.2469176504174173,0.14285714285714285,1.0,0,2,0.4808218501788932,False
11810,4,0.21426028314983417,0.16666666666666666,1.0,0,2,0.4767464705562781,False
11811,4,0.0,0.0,1.1607142857142858,0,1,0.37,False
11812,4,0.5002315692972991,0.25,1.0,1,2,0.6340278154131282,False
11814,3,0.0,0.0,1.1333333333333333,0,1,0.37,False
11816,4,0.2379038897985175,0.1111111111111111,1.0,0,1,0.5137312966861372,False
11818,4,0.41023983081668364,0.3333333333333333,1.0,0,1,0.6801821497150866,True
11819,2,0.6719742519677789,0.6666666666666666,1.1764705882352942,0,1,0.8512429333830164,True
11820,3,0.15991826801154974,0.14285714285714285,1.0,0,1,0.4935364005763785,False
11821,4,0.41121222861267004,0.2,1.0,0,1,0.6250433360720967,False
11822,4,0.2880341512538943,0.2,1.0,0,1,0.5722527314897642,False
11825,4,0.5263868557606164,0.3333333333333333,1.0,0,1,0.7299594461196293,True
11828,4,0.2537135531728803,0.16666666666666666,1.1666666666666667,0,2,0.41365501485186934,False
11832,4,0.49660179696245543,0.2,1.0,0,2,0.6116388653648619,False
11835,4,0.173276148008996,0.16666666666666666,1.0,0,1,0.5091818412102046,False
11839,3,0.7656859928283284,0.5,1.0,0,1,0.9019606635930932,True
11840,3,0.6621353759097,0.5,1.0,0,1,0.8575818277708238,True
11846,4,0.30982773703662964,0.125,1.0,1,1,0.5503428396823651,False
11849,3,0.4644526539445206,0.3333333333333333,1.0,0,1,0.7034162167698739,True
11851,4,0.010758148633849416,0.0,1.0,0,1,0.44999999999999996,False
11852,4,0.2737412138310579,0.1,1.0185185185185186,0,1,0.5244605202133105,False
11853,4,0.03140510127774673,0.0,1.0570824524312896,0,2,0.39999999999999997,False
11855,3,0.7256284800583859,0.6666666666666666,1.0,0,1,0.954237602564705,True
11857,4,0.0,0.0,1.1428571428571428,0,1,0.37,False
11858,2,0.5337914242069483,0.75,1.0476190476190477,0,2,0.8359106103744065,False
11859,4,0.0,0.0,1.0666666666666667,0,1,0.44999999999999996,False
11862,3,0.08165506094437024,0.14285714285714285,1.0588235294117647,0,1,0.46785714285714286,False
11865,4,0.0,0.0,1.1363636363636365,0,1,0.37,False
11866,2,0.7031134617224885,0.5714285714285714,1.0,0,1,0.9049057693096378,True
11868,4,0.6201693881929984,0.8333333333333334,1.0150000000000001,1,2,0.8729297377969994,False
11869,2,0.7203579517291747,0.6666666666666666,1.1111111111111112,0,1,0.8719788047093289,True
11870,4,0.8058495562940594,0.8571428571428571,1.0,1,2,0.9500000000000001,False
11871,4,0.00914295298233847,0.0,1.1111111111111112,1,1,0.37,False
11872,4,0.5529977978802497,0.3333333333333333,1.0,0,2,0.6913641355994722,False
11874,4,0.13991451949542708,0.14285714285714285,1.1111111111111112,1,1,0.40496336549804013,False
11876,4,0.3582406518221,0.25,1.0831889081455806,1,1,0.6231745650666143,False
11877,3,0.5069495209303493,0.16666666666666666,1.0222222222222221,1,1,0.6521847153193561,False
11879,3,0.6959541421567171,1.0,1.0227272727272727,1,1,0.9554089180671645,True
11880,4,0.16779386497147442,0.16666666666666666,1.0,0,1,0.506832291336981,False
11881,4,0.11571841401145386,0.16666666666666666,1.0608695652173914,1,1,0.48451424092554374,False
11883,4,0.359401842649801,0.14285714285714285,1.0,1,1,0.579029361135629,False
11884,4,0.5896701102377347,0.25,1.0080645161290323,1,1,0.7223586186733149,True
11885,4,0.034966088480466576,0.0,1.0,0,1,0.44999999999999996,False
11886,2,0.9507974579439791,1.0,1.0294117647058822,0,2,0.9500000000000001,False
11887,3,0.5979717481000965,0.5714285714285714,1.0,1,2,0.8098450349000413,False
11889,4,0.15619625869319975,0.1111111111111111,1.1506849315068493,1,2,0.3487137404981438,False
11890,4,0.5076186912047775,0.4444444444444444,1.0875,1,1,0.768212243320566,True
11891,3,0.30585050242341766,0.125,1.12,0,2,0.41863831056241707,False
11892,3,0.6048818664971359,0.3333333333333333,1.0,1,1,0.763600165006709,True
11897,3,0.8504232596385938,1.0,1.1666666666666667,0,2,0.8700000000000001,False
11898,4,0.8313335780662309,0.7142857142857143,1.0,2,1,0.895,False
11900,4,0.8524362758200267,0.8571428571428571,1.0294117647058822,1,2,0.9500000000000001,False
11901,3,0.9014555103547264,1.0,1.02,1,1,1.0,True
11902,3,0.35312380224600864,0.4444444444444444,1.0222222222222221,2,1,0.5970001480525222,False
11903,4,0.4346635841377719,0.5,1.0,1,1,0.760093917011426,True
11904,4,0.2726356833752437,0.2857142857142857,1.132,0,1,0.5213676738274854,False
11905,3,0.24007777522046247,0.0,1.0,1,2,0.46003333223734105,False
11906,4,0.0,0.0,1.1333333333333333,1,1,0.37,False
11907,4,0.0,0.0,1.125,0,1,0.37,False
11908,3,0.18367893157662063,0.1111111111111111,1.0333333333333334,1,1,0.4904920288767527,False
11909,4,0.44461027930718305,0.125,1.0,1,2,0.5581067863697452,False
11910,3,0.21174084882991667,0.14285714285714285,1.0,0,1,0.5157460780699643,False
11916,2,0.3833399302137406,0.3,1.0,1,1,0.654764731996365,False
11918,3,0.35006753266822327,0.2222222222222222,1.1428571428571428,2,2,0.37309772564087873,False
11923,2,0.7299518691155642,0.375,1.0,1,1,0.8345627058114322,True
11924,4,0.010950469755729619,0.0,1.1111111111111112,1,2,0.32,False
11925,4,0.47713767406706303,0.14285714285714285,1.0,1,2,0.57948757460017,False
11927,4,0.7990851894119254,0.75,1.0,1,1,0.9996079383193965,True
11929,4,0.06105352014559396,0.0,1.0285714285714285,0,2,0.39999999999999997,False
11933,4,0.2118601155698388,0.14285714285714285,1.1764705882352942,0,1,0.4357971923870737,False
11934,3,0.9637751203802929,1.0,1.0,1,1,1.0,True
11935,4,0.642307930096284,0.25,1.0,1,2,0.6949176843269789,False
11936,4,0.20045054724085876,0.16666666666666666,1.125,0,1,0.44082801230957436,False
11939,3,0.30474346821326237,0.25,1.0,0,1,0.6002472006628267,False
11943,3,0.27035226748158275,0.3333333333333333,1.1111111111111112,0,2,0.49023033685718626,False
11944,4,0.2774347269175489,0.25,1.1111111111111112,0,1,0.5085434543932352,False
11946,3,0.4761355923301307,0.3,1.0,1,2,0.6445343014748179,False
11947,4,0.0,0.0,1.0204081632653061,0,2,0.39999999999999997,False
11948,4,0.11815847137364437,0.1,1.0232558139534884,2,1,0.35278220201727617,False
11951,4,0.07597631709298115,0.09090909090909091,1.1111111111111112,0,1,0.37,False
11952,4,0.672629062617448,0.5,1.0227272727272727,1,2,0.8120791220741445,False
11955,4,0.18175474852795098,0.125,1.0,0,1,0.49545441603578855,False
11958,4,0.07891523931037438,0.09090909090909091,1.0757575757575757,0,1,0.44999999999999996,False
11960,2,0.6971027606302976,1.0,1.0,0,1,0.9559011831272703,True
11961,3,0.6688336409922755,0.42857142857142855,1.0,1,1,0.8306906080443086,True
11963,4,0.0035838596715916933,0.0,1.0558528563459397,0,2,0.39999999999999997,False
11964,3,0.754450788832361,0.5555555555555556,1.0256410256410255,1,2,0.8702937243143983,False
11965,3,0.08450149791609657,0.14285714285714285,1.0,0,1,0.46785714285714286,False
11966,4,0.5245718048294292,0.4,1.08,0,2,0.7069593449268984,False
11967,3,0.4039900699654515,0.3333333333333333,1.08,0,1,0.6775036807788443,True
11969,3,0.16028177834748536,0.25,1.0,0,1,0.538335047863208,False
11970,4,0.6294779397209666,0.4,1.0,1,1,0.8019191170232713,True
11971,4,0.04814131807408364,0.0,1.1695906432748537,1,2,0.32,False
11972,2,0.8128320255668731,1.0,1.0,1,1,1.0,True
11973,3,0.3063755347247514,0.125,1.1412268188302426,1,2,0.4188633244058458,False
11975,4,0.21672708885276631,0.16666666666666666,1.0666666666666667,1,1,0.5278036730003919,False
11980,4,0.4454936795875818,0.16666666666666666,1.041237113402062,1,2,0.5758464976010271,False
11981,4,0.18621827187862644,0.2,1.0,2,1,0.42361735461464944,False
11982,3,0.003910158489897158,0.0,1.1091854419410745,1,2,0.32,False
11983,4,0.0,0.0,1.0666666666666667,1,1,0.44999999999999996,False
11984,4,0.8176561151248946,0.5714285714285714,1.0272727272727273,1,1,0.9464285714285714,True
11985,4,0.654311878991784,0.375,1.0,1,1,0.8021455671869551,True
11987,4,0.6154534859288184,0.42857142857142855,5.0,1,2,0.5978133987313985,False
11990,4,0.0,0.0,1.0600706713780919,1,1,0.44999999999999996,False
11992,3,0.3282688292263815,0.2222222222222222,1.0,1,1,0.5987554241658037,False
11993,4,0.004025099398171396,0.0,1.05,1,1,0.44999999999999996,False
11994,4,0.0,0.0,1.0057142857142858,1,1,0.44999999999999996,False
11995,2,0.53265622041806,0.5,1.0001010101010102,1,1,0.8020907611315495,True
11996,4,0.10584032385593835,0.16666666666666666,1.0526315789473684,1,1,0.48028077371603706,False
11997,3,0.5982492152342843,0.5,1.1706043956043957,2,2,0.5952020446242172,False
11999,2,0.7555444834191406,0.75,1.0,0,1,0.9809476357510603,True
12001,4,0.1701399829292815,0.15384615384615385,1.1764705882352942,0,2,0.3724958901198752,False
12002,3,0.46374534946755797,0.25,1.0433333333333334,2,2,0.5133908640575249,False
12003,4,0.08106214171862433,0.0,1.16,1,2,0.32,False
12005,2,0.9195325354775573,1.0,1.0037735849056604,1,2,0.9500000000000001,False
12007,4,0.339112612590395,0.2,1.0,0,2,0.5441435006339789,False
12008,4,0.2956885798036425,0.125,1.0,1,1,0.5442832008682277,False
12009,3,0.9320613870098249,1.0,1.0,1,1,1.0,True
12010,2,0.9333125954966042,1.0,1.0,1,1,1.0,True
12011,2,0.8165778606867247,0.8571428571428571,1.0,1,1,1.0,True
12012,2,0.6079517328086389,0.5,1.0,0,1,0.8343602664417977,True
12014,4,0.211196555359759,0.125,1.1594202898550725,0,1,0.4280723332494205,False
12015,4,0.503751638052937,0.3,1.05,1,2,0.656369749641735,False
12017,4,0.49723579703917736,0.1111111111111111,1.0,0,2,0.57487354264642,False
12021,2,0.7581151977062637,0.75,1.0,0,2,0.9320493704455416,False
12023,4,0.8960845943263999,0.8571428571428571,1.0,1,2,0.9500000000000001,False
12025,4,0.3128823954153038,0.14285714285714285,1.0,0,1,0.5590924551779873,False
12026,4,0.37374310416522677,0.16666666666666666,1.0,1,1,0.5950962509914464,False
12030,3,0.644295945524572,0.8,1.0,0,1,0.9332696909391023,True
12032,4,0.11579708021806957,0.0,1.1504424778761062,0,2,0.3267701772363155,False
12033,4,0.2095263354351769,0.16666666666666666,1.0441176470588236,0,1,0.524717635821425,False
12036,4,0.22113024352710203,0.1,1.0419354838709678,1,2,0.45191296151161514,False
12037,3,0.6787726618247905,0.375,1.0714285714285714,0,1,0.8126287598296722,True
12038,4,0.4441738226784091,0.25,1.0,0,1,0.6600030668621754,True
12040,4,0.6848460451617167,0.5,1.0032046816218476,1,1,0.8673149717359738,True
12042,4,0.4352730658674046,0.16666666666666666,1.0,0,1,0.621466234578094,False
12043,4,0.2839923738867095,0.1111111111111111,1.0,0,1,0.5334835041525051,False
12044,4,0.5308288042414828,0.0,1.0,0,1,0.6346409161034926,False
12045,3,0.17284631196840292,0.07692307692307693,1.1734693877551021,1,2,0.3512198479864584,False
12046,4,0.7578856126422067,0.6666666666666666,1.0,0,1,0.968062087957771,True
12047,3,0.25213056663828165,0.25,1.0,0,1,0.5776988142735493,False
12049,4,0.6065391119386806,0.3333333333333333,1.0,0,1,0.7643104130530853,True
12050,4,0.33398110302901063,0.125,1.0,0,1,0.5606942822505283,False
12051,4,0.36242207375883034,0.3,1.0,0,1,0.6457999363728321,False
12052,4,0.47014492831475707,0.3333333333333333,1.0,0,1,0.7058557629285467,True
12053,3,0.33571252741196467,0.2,1.0,0,1,0.5926863212717943,False
12054,4,0.4166082010175302,0.2,1.0,0,1,0.6273558956741796,False
12055,4,0.3290405524604914,0.16666666666666666,1.0,0,2,0.5259380145465599,False
12056,4,0.3470850576120662,0.14285714285714285,1.0,0,2,0.5237507389765999,False
12057,4,0.5368543807829463,0.3333333333333333,1.0,0,1,0.7344455282720563,True
12061,3,0.1376790578407767,0.16666666666666666,1.0,0,1,0.49392594542382495,False
12064,4,0.6348820863086182,0.4,1.0222222222222221,1,1,0.8042351798465508,True
12067,3,0.46046167330779303,0.375,1.0,1,1,0.7190669076081018,True
12068,4,0.6067441657355013,0.3333333333333333,1.0,0,1,0.7643982932517228,True
12069,4,0.1816061650499165,0.3333333333333333,1.0,0,1,0.5821962929579007,False
12070,4,0.33247895621963425,0.18181818181818182,1.0,0,1,0.5837247474707523,False
12072,4,0.21477776873811333,0.2,1.0,0,1,0.5408571389830009,False
12073,3,0.8080929561806651,0.75,1.0,0,1,1.0,True
12074,4,0.9466501385739609,1.0,1.0,1,1,1.0,True
12076,4,0.1897633374277226,0.16666666666666666,8.8,2,1,0.2512477795325161,False
12078,3,0.12350731524653998,0.16666666666666666,1.1428571428571428,1,2,0.3578523414548663,False
12081,3,0.33422709782406756,0.3333333333333333,1.0,0,1,0.6476052641468226,False
12082,2,0.49995232200766976,0.25,1.2,2,1,0.49890813800328704,False
12089,2,0.8557972842149052,1.0,1.0,1,1,1.0,True
12090,2,0.8198702418362654,0.6666666666666666,1.0,1,1,0.9861111111111112,True
12091,4,0.21832539499635828,0.2222222222222222,1.0,1,2,0.5016368094957938,False
12093,4,0.5713654330378642,0.42857142857142855,1.1266666666666667,0,2,0.6589185189209895,False
12094,4,0.3905602724151627,0.25,1.152542372881356,0,1,0.5570258310350698,False
12096,4,0.3093412048393294,0.2,1.1111111111111112,0,2,0.4513843258835221,False
12098,4,0.2668864669791751,0.1,1.13,1,2,0.39152277156250365,False
12100,2,0.573284931096569,0.3333333333333333,1.0,0,1,0.7500586212636089,True
12101,3,0.5641026211135467,0.4444444444444444,1.0,1,1,0.7924196418528957,True
12105,4,0.08501027751314144,0.0,1.0,1,1,0.44999999999999996,False
12106,4,0.09694144889823374,0.09090909090909091,1.1363636363636365,1,1,0.37,False
12107,4,0.7726654661597594,0.8571428571428571,1.0256410256410255,1,1,0.988285199782754,True
12109,3,0.5324154963418213,0.4444444444444444,1.008,0,1,0.7788394455221563,True
12110,4,0.31764840049966314,0.25,1.1666666666666667,0,1,0.525777885928427,False
12112,4,0.9139151071831111,1.0,1.0333333333333334,1,2,0.9500000000000001,False
12114,4,0.6374277762428969,0.42857142857142855,1.03125,1,2,0.7672309517231465,False
12117,4,0.819635265143201,0.7,1.0499790004199916,1,1,1.0,True
12118,4,0.5170381910189709,0.4444444444444444,1.0714000000000001,0,1,0.7722491718123632,True
12119,3,0.4417970964021497,0.4444444444444444,1.0714000000000001,0,1,0.7400029884051541,True
12120,2,0.7729114829911998,0.625,1.0,1,1,0.957140635567657,True
12121,4,0.19878209661243063,0.0,1.0,1,2,0.44233518426247026,False
12122,4,0.0646583592444214,0.1111111111111111,1.0,1,1,0.4546296296296296,False
12123,4,0.08465088543294359,0.0,1.0,0,1,0.44999999999999996,False
12125,2,0.8553370667959813,0.6666666666666666,1.0222222222222221,1,1,0.9861111111111112,True
12126,4,0.09880654165676965,0.1111111111111111,1.1333333333333333,0,1,0.37462962962962965,False
12127,3,0.5824971419279309,0.5714285714285714,1.0625,1,1,0.853213060826256,True
12128,4,0.3171722807660182,0.14285714285714285,1.0,1,1,0.5609309774711506,False
12129,4,0.07399646043917166,0.09090909090909091,1.8,0,1,0.29000000000000004,False
12131,3,0.21690341385437206,0.25,1.0,2,1,0.45760146308044514,False
12132,4,0.1547800799676118,0.0,1.0,0,1,0.4734771771289765,False
12133,4,0.3057342868153058,0.3333333333333333,1.0417,0,1,0.6353940594287818,False
12134,4,0.09016903757404035,0.0,1.0714285714285714,1,1,0.44999999999999996,False
12135,4,0.0,0.0,1.1494252873563218,2,1,0.265,False
12136,4,0.0,0.0,1.0,0,1,0.44999999999999996,False
12137,3,0.30422121782817996,0.2222222222222222,1.0,0,1,0.5884493049951459,False
12140,4,0.14061417845250634,0.14285714285714285,1.062857142857143,2,2,0.3302632193367884,False
12141,4,0.39726698385095016,0.2,1.0,0,1,0.6190668026027881,False
12143,2,0.8126169283049529,0.7142857142857143,1.0,0,1,1.0,True
12144,4,0.3781522757227214,0.2857142857142857,1.0,1,1,0.646589070547833,False
12145,4,0.16843818248428674,0.1111111111111111,1.08,1,1,0.48396027926575247,False
12146,4,0.38957342011376195,0.0,4.5,2,1,0.30910289433446947,False
12147,4,0.013852353050756536,0.0,1.1363636363636365,0,1,0.37,False
12148,4,0.2552858672842395,0.4,1.05,1,1,0.6415510859789598,False
12150,3,0.6900670961557602,0.6,1.1,0,1,0.9112192316858021,True
12153,3,0.725766222477596,0.5,1.0101010101010102,1,1,0.8848521905856364,True
12154,3,0.7294094491701483,0.5,1.0101010101010102,1,1,0.8864135734538732,True
12155,4,0.11275247675048237,0.1111111111111111,1.0822727272727273,1,1,0.46009497680840783,False
12156,3,0.006866435928221178,0.0,1.1111111111111112,1,1,0.37,False
12157,2,0.9213498643579088,1.0,1.0,1,1,1.0,True
12161,3,0.4939987456267708,0.4,1.0,0,1,0.7438566052686161,True
12163,4,0.0695149153988942,0.09090909090909091,1.0173228346456693,0,1,0.44999999999999996,False
12165,4,0.49447137899792104,0.3333333333333333,1.0,0,2,0.6662813846499027,False
12166,4,0.06399976897614863,0.0,1.1363636363636365,1,1,0.37,False
12172,3,0.01923354044696774,0.0,1.0,0,1,0.44999999999999996,False
12176,4,0.2712360776187073,0.4,1.0303030303030303,1,1,0.6483868904080174,False
12177,4,0.10260901687846757,0.125,1.0,0,1,0.46153481675743846,False
12178,4,0.0,0.0,1.0,0,1,0.44999999999999996,False
12181,2,0.613728192606511,0.5,1.0285714285714285,1,2,0.7868358920694573,False
12186,2,0.912458778230089,0.8333333333333334,1.0,1,1,1.0,True
12187,3,0.4631004496289955,0.25,1.0,0,1,0.6681144784124267,True
12188,4,0.0,0.0,1.0285714285714285,1,1,0.44999999999999996,False
12189,4,0.0,0.0,1.0,0,1,0.44999999999999996,False
12191,2,0.8731598535171109,0.8,1.0,1,1,1.0,True
12192,3,0.29352968651569755,0.1111111111111111,1.0,0,1,0.5375709238506429,False
12195,2,0.9018500122921961,1.0,1.0,1,1,1.0,True
12196,4,0.0,0.0,1.1363636363636365,1,1,0.37,False
12198,4,0.5001553146159029,0.2,18.0,2,1,0.3981618015020537,False
12201,3,0.2840927690938665,0.0,2.0454545454545454,0,2,0.3188969010402285,False
12206,3,0.12958927519139188,0.1,1.0416666666666667,1,1,0.462681117939168,False
12208,4,0.11278188133542323,0.14285714285714285,1.1727272727272726,1,2,0.3433350920008957,False
12210,3,0.6858682178890722,0.6666666666666666,1.0,1,2,0.8871974902064278,False
12211,4,0.1311422438942533,0.125,1.0454545454545454,0,1,0.4737633426213467,False
12214,3,0.576936229361206,0.25,1.0,1,2,0.6669012411548026,False
12221,2,0.558661012333523,0.6,1.0,1,1,0.854902338619129,True
12222,4,0.15199165620760177,0.16666666666666666,1.1428571428571428,0,1,0.4200599161524642,False
12224,3,0.026674343287329587,0.0,1.0,0,1,0.44999999999999996,False
12225,4,0.6072582851869952,0.14285714285714285,1.0,1,3,0.6352535507944266,False
12226,4,0.07693317338241935,0.0,1.1111111111111112,0,2,0.32,False
12227,4,0.1914401303105548,0.2,1.1458333333333333,1,1,0.4508552939426187,False
12228,3,0.4766806087237349,0.3333333333333333,1.0294117647058822,0,1,0.7086567688181086,True
12231,4,0.30081959250268653,0.07142857142857142,1.0558139534883721,1,2,0.4860655396440085,False
12232,2,0.9722848607236723,1.0,1.0,1,1,1.0,True
12233,4,0.21423166407910188,0.15384615384615385,1.0,1,1,0.5213923248983696,False
12236,4,0.5767802205178812,0.5,1.0,1,1,0.8210010468886157,True
12238,3,0.7292727450368373,0.375,1.0,1,1,0.834271652634835,True
12240,4,0.432104446735189,0.3,1.1096774193548387,1,1,0.5956638105055572,True
12241,4,0.8467561649804413,0.7777777777777778,1.0,1,2,0.9500000000000001,False
12242,4,0.6735353912631307,0.3333333333333333,1.0,1,2,0.7430231041921355,False
12244,2,0.6058831591494321,0.42857142857142855,1.0,0,2,0.7537118301116615,False
12245,4,0.4539093048706006,0.16666666666666666,1.0,0,1,0.6294531941508923,False
12246,4,0.35746749952363654,0.14285714285714285,6.0,1,3,0.3682003569387014,False
12251,4,0.9116997754729315,0.8571428571428571,1.0,1,1,1.0,True
12255,3,0.6050669282907927,0.5,1.014799154334038,0,1,0.833123921648435,True
12256,3,0.8094478950069727,1.0,4.0,1,1,0.8400000000000001,False
12258,4,0.26077878851924985,0.16666666666666666,1.0,0,1,0.5466829728574563,False
12260,4,0.334228781801324,0.09090909090909091,1.0011778563015312,1,1,0.5503837636291389,False
12262,4,0.008943744377653507,0.0,1.0,0,1,0.44999999999999996,False
12263,4,0.39951302467447397,0.3,1.1194937424874496,0,1,0.5816960581938221,False
12264,3,0.5015511233353781,0.375,1.05,1,1,0.7366766719056382,True
12266,4,0.0,0.0,1.0,0,1,0.44999999999999996,False
12267,4,0.3242601908776175,0.3333333333333333,1.0,1,3,0.593333732598344,False
12269,3,0.16865549809542268,0.125,1.0149253731343284,0,1,0.4898404515647049,False
12272,4,0.25403408672800476,0.3333333333333333,1.0,0,2,0.5632368308199386,False
12273,2,0.43574004420806534,0.2857142857142857,1.0453333333333332,0,1,0.6712695427558375,True
12274,4,0.02066794724765728,0.0,1.1666666666666667,1,2,0.32,False
12275,3,0.3906302344963106,0.375,1.0526315789473684,1,1,0.6891391481174665,False
12276,4,0.049979402954348516,0.14285714285714285,1.1,1,2,0.41785714285714287,False
12277,3,0.26659544309417055,0.0,1.0,0,2,0.47139804704035876,False
12280,4,0.21424213945126197,0.16666666666666666,1.0,0,2,0.47673869468546143,False
12281,4,0.39889299073494416,0.0,1.0,0,2,0.5280969960292619,False
12282,2,0.8762070346381506,1.0,1.0,1,1,1.0,True
12283,2,0.5700112507774141,0.25,1.0,0,1,0.7139333931903203,True
12284,3,0.18290685507614549,0.0,1.1538461538461537,1,1,0.405531509318348,False
12285,3,0.5679699948640806,0.6,1.002439024390244,0,1,0.8588919025607965,True
12286,2,0.6041426805348646,0.625,1.1,0,1,0.8848111488006563,True
12287,3,0.5349784170179259,0.4,1.0,0,2,0.7114193215791113,False
12290,3,0.5043883106012067,0.3333333333333333,1.0,2,1,0.615531498194168,False
12291,3,0.5581541712082685,0.5,1.0,1,1,0.8130184543273532,True
12293,3,0.1379486592579019,0.14285714285714285,1.0,0,1,0.48412085396767224,False
12294,3,0.009010451661289182,0.0,1.0869565217391304,1,1,0.44999999999999996,False
12296,3,0.11896931631081618,0.1,1.0909090909090908,2,1,0.35312970699034985,False
12297,3,0.49484936668173385,0.3333333333333333,1.0666666666666667,1,1,0.7164433793715367,True
12298,4,0.2894407006310594,0.1,1.0,2,1,0.4261888716990254,False
12305,3,0.29058032515946586,0.2,1.1333333333333333,2,1,0.3883439488778663,False
12307,4,0.018966783551982218,0.0,1.0,2,1,0.345,False
12309,4,0.12698825454139046,0.125,1.1363636363636365,1,1,0.39198306147011974,False
12311,4,0.0353337129919044,0.0,1.1428571428571428,2,1,0.265,False
12312,4,0.02105923469002324,0.0,1.0,0,2,0.39999999999999997,False
12313,3,0.0,0.0,1.0,0,1,0.44999999999999996,False
12316,4,0.15033114670773565,0.2,1.0,0,1,0.5132371581128391,False
12317,3,0.7768854116462078,0.7142857142857143,1.0,1,1,0.9900937478483747,True
12319,4,0.0,0.0,1.0714285714285714,1,1,0.44999999999999996,False
12322,3,0.06163656125375676,0.2,1.1111111111111112,0,1,0.4116666666666666,False
12323,3,0.018838351735480777,0.0,1.136,1,1,0.37,False
12324,3,0.18802691469487237,0.1111111111111111,4.0,1,1,0.3323554502131464,False
12325,4,0.5638039409324418,0.3333333333333333,1.0,0,1,0.7459953397646972,True
12326,3,0.0,0.0,1.0,0,1,0.44999999999999996,False
12328,2,0.6824170675273711,0.75,1.0,0,1,0.9496073146545876,True
12330,4,0.005239120996786498,0.0,1.1333333333333333,0,1,0.37,False
12331,3,0.44072511107851947,0.2,1.0,2,1,0.5326917142717464,False
12332,4,0.18821832224611612,0.16666666666666666,1.0,0,1,0.5155856301689704,False
12333,4,0.44125584107305743,0.5,1.0,1,1,0.7629191699836912,True
12334,4,0.38498742852036705,0.3333333333333333,1.0,1,2,0.6193596915880939,False
12337,3,0.19961054463037214,0.3333333333333333,1.0355999999999999,1,1,0.5899124556352389,False
12341,4,0.09761581339408658,0.0,1.1538461538461537,2,1,0.265,False
12342,3,0.3156368234863285,0.25,1.1363636363636365,1,1,0.5249157814941408,False
12345,4,0.16190489525679513,0.1111111111111111,1.1111111111111112,1,1,0.40116029902539896,False
12348,3,0.3550153229068255,0.42857142857142855,1.0169491525423728,2,1,0.5911970431505442,False
12350,2,0.9999999999999999,1.0,1.0,1,1,1.0,True
12352,2,0.660737555966979,0.4,1.0,0,1,0.8153160954144196,True
12353,3,0.43317629515233247,0.2857142857142857,1.0,1,1,0.6701707931605234,True
12354,2,0.7193560345493137,0.3333333333333333,1.0,0,1,0.8126605227433568,True
12355,2,0.676040003106418,0.6,1.0294117647058822,0,1,0.905207620378941,True
12358,4,0.7585920116583739,1.0,1.018181818181818,1,1,0.9822537192821603,True
12359,3,0.20292782874840085,0.14285714285714285,1.125,0,1,0.43196906946360036,False
12360,4,0.3513755223515818,0.1111111111111111,1.0,1,1,0.5623619963517361,False
12363,3,0.49134247140370946,0.2857142857142857,1.0,1,1,0.6950991544111136,True
12364,3,0.0,0.0,1.1111111111111112,0,1,0.37,False
12366,2,0.767161706293148,0.6666666666666666,1.0,0,1,0.9720375566653174,True
12367,2,0.8038680136022702,0.6666666666666666,1.0,0,1,0.9861111111111112,True
12368,4,0.1824220525089858,0.0,1.0633333333333335,1,1,0.4853237367895653,False
12369,3,0.40533247154583446,0.2222222222222222,1.0,1,1,0.6317826994455693,False
12370,3,0.25607009748206416,0.0,1.0,1,1,0.5168871846351704,False
12371,3,0.22002176369637413,0.1111111111111111,1.15,1,1,0.4260675283566471,False
12372,4,0.2587235091739393,0.16666666666666666,1.136,0,1,0.46580213885232313,False
12374,4,0.41646838487859755,0.2,1.0416666666666667,0,1,0.6272959744717799,False
12375,4,0.43172411464171756,0.5,1.0,0,1,0.75883414437026,True
12376,2,0.8435188680002905,0.75,1.0,0,1,1.0,True
12377,4,0.0,0.0,1.0,2,1,0.345,False
12378,4,0.009385788788867953,0.0,1.1538461538461537,1,1,0.37,False
12379,2,0.8363199598981896,1.0,1.0067114093959733,0,1,1.0,True
12380,2,0.7704059463464735,1.0,1.0,1,1,0.9873168341484886,True
12382,3,0.35458716884847663,0.3333333333333333,1.0666666666666667,1,1,0.6563310088715694,False
12383,3,0.0864295865565547,0.125,1.0,0,1,0.4604166666666667,False
12384,4,0.0,0.0,1.1363636363636365,1,1,0.37,False
12386,4,0.09381602079474699,0.09090909090909091,1.1535714285714287,2,1,0.265,False
12389,2,0.7215881774504539,1.0,1.0,1,1,0.9663949331930517,True
12390,4,0.1412137801791176,0.09090909090909091,1.1666666666666667,1,1,0.38766304864819323,False
12392,2,0.7656265916457854,0.75,1.0,1,1,0.985268539276765,True
12393,4,0.747297841473769,1.0,1.0142857142857142,1,1,0.9774133606316153,True
12395,4,0.006984204972468989,0.0,1.1217948717948718,1,1,0.37,False
12396,2,0.8314188209006376,0.5,1.0,0,1,0.9166666666666667,True
12398,4,0.09531238266352832,0.1111111111111111,1.0,0,1,0.4546296296296296,False
12400,3,0.1970202932789698,0.2,1.0506329113924051,1,1,0.5332467923576537,False
12403,4,0.9368799696986819,1.0,1.0169491525423728,1,1,1.0,True
12405,3,0.9469024061243612,0.875,1.0,1,1,1.0,True
12407,3,0.17123161091961875,0.14285714285714285,1.0289855072463767,0,1,0.49838497610840804,False
12408,2,0.8219730876957632,0.5,1.0,1,2,0.8666666666666668,False
12410,3,0.09317389918005435,0.16666666666666666,1.0500157502362535,0,1,0.47777777777777775,False
12412,2,0.9095441787340335,1.0,1.0,1,1,1.0,True
12414,4,0.5721288476186797,0.3333333333333333,1.09375,1,2,0.6995631569159422,False
12418,2,1.0,1.0,1.0,1,1,1.0,True
12420,4,0.8387379211646867,0.6666666666666666,1.0294117647058822,0,1,0.9861111111111112,True
12421,4,0.17229987338588096,0.5,5.44,1,2,0.4376523266891871,False
12422,3,0.4933998344076639,0.5,1.0,2,1,0.6802665956985227,False
12423,3,0.075543337685953,0.1111111111111111,1.125,1,1,0.37462962962962965,False
12425,2,0.9287161184708711,0.6666666666666666,1.0,1,2,0.9361111111111112,False
12427,4,0.2838319926667235,0.16666666666666666,1.0673529411764706,0,1,0.5565629174920879,False
12429,4,0.07482683714807588,0.07692307692307693,3.125,2,2,0.135,False
12433,4,0.6750931217017452,0.625,1.0368571428571427,1,1,0.9152184807293193,True
12436,2,0.9999999999999994,1.0,1.0,1,2,0.9500000000000001,False
12437,4,0.07922438201278573,0.0,1.0833333333333333,0,1,0.44999999999999996,False
12439,4,0.3257107122445952,0.2,1.1111111111111112,0,1,0.5083998290572075,False
12440,2,0.9999999999999998,1.0,1.0,1,1,1.0,True
12442,3,0.337657146248033,0.2,1.008888888888889,0,1,0.5935197293443951,False
12443,4,0.2934938161836282,0.0,1.0,2,2,0.3779259212215549,False
12444,2,0.8310393957220151,0.75,1.0,0,1,1.0,True
12446,3,0.08558281233775493,0.09090909090909091,1.0,1,1,0.44999999999999996,False
12449,2,0.45957621604024573,0.1111111111111111,1.0,2,1,0.5037337222183064,False
12450,3,0.09105090955180599,0.14285714285714285,1.125,1,1,0.3878571428571428,False
12452,2,1.0000000000000002,1.0,1.0,1,1,1.0,True
12454,2,0.8969103080155706,0.8,1.0,0,1,1.0,True
12456,3,0.11658691203322188,0.1111111111111111,1.0638297872340425,1,1,0.4617383062152961,False
12457,3,0.28868653794780397,0.2,1.0588235294117647,1,1,0.5725323257871541,False
12458,2,0.48281161479335394,0.16666666666666666,1.0,0,1,0.6418398984035009,False
12459,4,0.0,0.0,1.0526315789473684,1,1,0.44999999999999996,False
12460,2,0.6304629984236246,0.6666666666666666,1.0,0,1,0.9134523961498073,True
12461,4,0.10131364849495618,0.0,1.0625,1,1,0.45056299221212404,False
12467,2,0.836073988173382,0.7142857142857143,1.0011904761904762,0,1,1.0,True
12470,4,0.004303834373814999,0.0,1.0653409090909092,1,1,0.44999999999999996,False
12472,4,0.23558531093435053,0.14285714285714285,1.0,1,2,0.4759651332575788,False
12475,2,0.894080797093642,0.8,1.0,0,1,1.0,True
12477,4,0.2764434058783309,0.16666666666666666,1.1,0,1,0.5533963802970624,False
12479,4,0.09649282582987172,0.125,1.0625,1,1,0.4604166666666667,False
12480,4,0.526513820525839,0.3333333333333333,1.0,0,1,0.7300138595904389,True
12481,3,0.6048330412068349,0.4,1.0,0,1,0.7913570176600722,True
12482,4,0.13444530251557313,0.14285714285714285,1.125,1,1,0.40261941536381707,False
12483,2,0.857614653481994,0.625,1.0,1,2,0.9187500000000001,False
12484,2,0.6355576207958554,0.25,1.1764705882352942,0,1,0.6620246946267951,True
12485,3,0.37411376209127023,0.3333333333333333,1.0009099181073704,1,1,0.6646995488327666,False
12490,3,0.18946186288170147,0.2857142857142857,1.0,1,1,0.5657217507588245,False
12492,4,0.5927782303735286,0.375,1.0,1,1,0.7757740034934171,True
12494,3,0.6974211264701272,0.6,1.0,1,1,0.9143709589633879,True
12495,2,0.7236088777438993,0.75,1.0,0,1,0.9672609476045282,True
12496,4,0.0,0.0,1.08,1,1,0.44999999999999996,False
12497,4,0.6387992454268312,0.3333333333333333,1.1013215859030836,0,1,0.698136184548007,True
12499,4,0.36950865671716904,0.25,1.0,0,2,0.578003710021644,False
12501,3,0.34646833966436047,0.5,1.0,0,1,0.7222959550942497,False
12504,2,1.0000000000000007,1.0,1.0,1,1,1.0,True
12507,2,0.8958819342554513,0.6666666666666666,1.0,1,1,0.9861111111111112,True
12508,2,0.9129236710613512,0.6666666666666666,1.0,1,1,0.9861111111111112,True
12509,4,0.2190745018730317,0.14285714285714285,1.0368571428571427,1,1,0.5188890722312993,False
12512,3,0.3240804443471347,0.25,1.0357142857142858,3,1,0.503534476148772,False
12516,3,0.2676232441506272,0.16666666666666666,1.0,1,1,0.5496163109851895,False
12518,2,0.8427462604115689,0.6666666666666666,1.0,1,1,0.9861111111111112,True
12519,3,0.5561652218557196,0.4444444444444444,1.0,1,1,0.789017899313827,True
12521,4,0.0,0.0,1.0625,1,1,0.44999999999999996,False
12523,4,0.010159608947199502,0.0,1.1111111111111112,1,2,0.32,False
12526,4,0.36887299621075154,0.25,1.0,1,1,0.6277312840903221,False
12527,2,0.8120097807301144,0.75,1.0,0,1,1.0,True
12528,2,0.9025160421587487,0.8,1.0,1,1,1.0,True
12531,4,0.0,0.0,1.04,2,1,0.345,False
12532,3,0.47095683732110294,0.4,1.1029411764705883,0,1,0.6539815017090441,True
12534,4,0.009899480764308473,0.0,1.1,1,1,0.44999999999999996,False
12535,2,0.9999999999999999,1.0,1.0,1,1,1.0,True
12538,2,0.8541952670522063,0.75,1.0,1,1,1.0,True
12539,3,0.38859704307375187,0.3333333333333333,1.0,1,2,0.6209066692538302,False
12540,2,0.8228468497099278,0.6,1.0,1,1,0.9583333333333333,True
12541,4,0.10479411479440742,0.1,1.1724137931034482,0,1,0.37205462062617456,False
12543,2,0.8319299603105601,0.6666666666666666,1.0,2,1,0.8811111111111112,False
12545,4,0.0,0.0,1.1333333333333333,1,2,0.32,False
12546,2,0.6270124748210861,0.5714285714285714,1.0,0,1,0.8722910606376084,True
12548,4,0.8333448458303321,0.6666666666666666,1.0294117647058822,1,1,0.9861111111111112,True
12550,3,0.7571882438987962,0.625,1.0,1,3,0.9004021045280556,False
12551,4,0.004861738663515045,0.0,1.0416666666666667,0,1,0.44999999999999996,False
12552,4,0.3650773778017005,0.2857142857142857,1.0,1,1,0.6409855428673954,False
12553,4,0.2227821758043637,0.0,1.0,0,1,0.5026209324875844,False
12556,4,0.0,0.0,1.0833333333333333,0,1,0.44999999999999996,False
12557,2,0.66943056560986,0.7777777777777778,1.0,1,1,0.9440416709756543,True
12559,2,0.7829870612750471,0.75,1.0,0,1,0.9927087405464488,True
12562,4,0.4267111509537179,0.25,1.0526315789473684,1,1,0.6525190646944505,True
12564,4,0.09639803487334099,0.1,1.1,0,1,0.44999999999999996,False
12571,3,0.7603143821861643,0.5714285714285714,1.0,1,1,0.9294204495083562,True
12572,4,0.13808436178867178,0.08333333333333333,1.0,1,1,0.46632186933800224,False
12573,2,0.6476897405236091,0.6,1.1071428571428572,1,1,0.8130575078434515,True
12575,4,0.9068383613617317,1.0,1.0057142857142858,1,1,1.0,True
12576,3,0.5117496935442429,0.2,1.088235294117647,0,1,0.6681308210427708,False
12578,3,0.0,0.0,1.0,1,1,0.44999999999999996,False
12579,2,0.8624768527579995,0.875,1.0,1,1,1.0,True
12580,4,0.011863958888214628,0.0,1.1111111111111112,0,1,0.37,False
12582,4,0.753098978298814,0.75,1.0,1,1,0.9798995621280631,True
12583,3,0.061538154573525995,0.0,1.0526315789473684,1,1,0.44999999999999996,False
12586,3,0.12853326611861535,0.125,1.1224489795918366,1,1,0.3926452092889303,False
12587,2,0.7847215989916002,0.6666666666666666,1.0,1,1,0.979563224964654,True
12588,2,0.6101561874201619,0.4444444444444444,1.0,1,1,0.8121568845557308,True
12589,4,0.6472990481349372,0.6666666666666666,1.0,1,1,0.9206678460260842,True
12593,3,0.2539356813715907,0.25,1.0,1,1,0.5784724348735388,False
12596,4,0.43233864369254865,0.4,1.0,0,2,0.6674308472968066,False
12597,2,0.6854056157616116,0.6666666666666666,1.0,0,1,0.9369992321518019,True
12599,4,0.0,0.0,1.1,1,1,0.44999999999999996,False
12602,4,0.4781039983005022,0.4444444444444444,1.0588235294117647,1,1,0.7555630892187337,True
12604,2,0.9999999999999999,1.0,1.0,1,1,1.0,True
12605,2,0.39878870359352364,0.0,1.0,0,2,0.5280523015400816,False
12607,2,0.9999999999999998,1.0,1.0,1,1,1.0,True
12608,2,0.8579602541503328,0.7142857142857143,1.08,1,1,1.0,True
12609,2,0.955106359209101,0.7777777777777778,1.0,1,1,1.0,True
12612,4,0.00537379787497068,0.0,1.0885714285714285,1,1,0.44999999999999996,False
12613,4,0.31900497116976295,0.2,1.175,2,1,0.40052594002513653,False
12617,2,0.9999999999999999,1.0,1.0,1,1,1.0,True
12619,3,0.6210947540911841,0.5,1.0363636363636364,0,1,0.8399929898486027,True
12620,2,0.7848385048601096,0.625,1.0,2,1,0.8572522163686185,False
12623,3,0.004744568082812105,0.0,1.1111111111111112,1,1,0.37,False
12625,3,0.40875296043452136,0.16666666666666666,1.0,0,1,0.6101004751068584,False
12626,3,0.09444919977293571,0.1111111111111111,1.0,1,1,0.4546296296296296,False
12627,2,1.0000000000000002,1.0,1.0,0,1,1.0,True
12628,4,0.0057915235406107435,0.0,1.0,1,1,0.44999999999999996,False
12629,3,0.8499728793698399,0.8,1.037037037037037,1,1,1.0,True
12630,2,0.7298812988047165,0.75,1.0,0,1,0.9699491280591641,True
12632,3,0.8412990187078038,1.0,1.0,0,1,1.0,True
12634,3,0.42352005146625965,0.4,1.0,0,1,0.713651450628397,True
12640,4,0.0,0.0,1.0,1,1,0.44999999999999996,False
12641,2,0.8172418609175638,0.6,1.0,1,2,0.9083333333333333,False
12645,3,0.5094580766803614,0.2857142857142857,1.0666666666666667,1,1,0.7028629852439644,True
12647,3,0.12101598578305965,0.14285714285714285,1.1,1,2,0.42686399390702556,False
12651,3,0.03264117640232065,0.0,1.048,1,1,0.44999999999999996,False
12653,4,0.6395121089862257,0.5,1.0445682451253482,1,1,0.8478861419464777,True
12656,3,0.0,0.0,1.1666666666666667,1,1,0.37,False
12657,2,0.7746203459822231,0.75,1.0,0,1,0.9891230054209528,True
12660,4,0.006455138293489183,0.0,1.1333333333333333,0,1,0.37,False
12661,4,0.0,0.0,1.1764705882352942,0,1,0.37,False
12662,2,1.0,1.0,1.0,1,2,0.9500000000000001,False
12663,2,1.0,1.0,1.0,0,1,1.0,True
12665,3,0.0982824164427669,0.0,1.1764705882352942,0,1,0.37,False
12666,4,0.009316940061901185,0.0,1.1320754716981132,1,1,0.37,False
12667,4,0.6525217425301589,0.5454545454545454,1.0345942450695118,1,1,0.8724010931189858,True
12669,3,0.17274271501274843,0.1111111111111111,1.0588235294117647,0,1,0.4858050789208075,False
12670,3,0.10653581461340779,0.0,1.1666666666666667,1,1,0.37280106340574615,False
12671,3,0.14662371242476507,0.08333333333333333,1.1210526315789473,1,1,0.38998159103918506,False
12673,3,0.5544064546838129,0.2857142857142857,9.0,1,1,0.5621265758168722,False
12674,2,0.9077386230949905,0.5,1.0,1,1,0.9166666666666667,True
12676,3,0.3466643573182751,0.2222222222222222,1.0588235294117647,2,1,0.5016392219194724,False
12678,3,0.06249384226080925,0.09090909090909091,1.12,1,1,0.37,False
12680,4,0.2925976916709683,0.3333333333333333,1.0600706713780919,4,1,0.5247640900812086,False
12682,4,0.8512719637655768,0.8,1.0063829787234042,1,1,1.0,True
12683,2,1.0000000000000002,1.0,1.0,1,1,1.0,True
12685,3,0.5641571065556402,0.4,1.0,0,1,0.7739244742381315,True
12686,3,0.23084051187449028,0.14285714285714285,1.1428571428571428,1,1,0.4439316479462101,False
12687,2,0.8177911273262372,0.6,1.0,2,1,0.8533333333333333,False
12691,4,0.7257291956972963,0.625,1.0188679245283019,1,2,0.8869196552988413,False
12693,4,0.20673662243761287,0.2222222222222222,1.1333333333333333,0,2,0.41667019268490285,False
12694,4,0.49793968379132975,0.4,1.0,1,2,0.6955455787677128,False
12695,3,0.48527108954248427,0.42857142857142855,1.0804321728691477,0,1,0.7520209431372551,True
12696,3,0.508411795847765,0.3333333333333333,3.0,2,1,0.45725584901412153,False
12697,2,0.4284761436002369,0.3333333333333333,1.15,0,1,0.6079977123366095,True
12698,4,0.3866382436034237,0.25,1.0,1,1,0.6353449615443244,False
12699,3,0.4326082936423026,0.25,1.12,1,1,0.5750464115609868,True
12701,2,0.8267872611561697,1.0,1.0,0,1,1.0,True
12703,4,0.5328856360502836,0.42857142857142855,1.0,0,3,0.7224271773548835,False
12704,2,0.9999999999999999,1.0,1.0,0,1,1.0,True
12705,3,0.4351037862880568,0.4,1.0,0,1,0.7186159084091672,True
12706,4,0.0,0.0,1.1333333333333333,1,1,0.37,False
12708,4,0.7802952871123771,0.75,1.0227272727272727,1,2,0.9415551230481617,False
12710,4,0.8454259052497711,0.6666666666666666,1.0023529411764707,1,1,0.9861111111111112,True
12712,3,0.2580548334469345,0.2222222222222222,1.0666666666666667,2,2,0.4136637116888978,False
12713,2,0.8384978920889629,0.6666666666666666,1.0,0,1,0.9861111111111112,True
12715,2,0.8080217359700027,0.75,1.0,0,1,1.0,True
12717,4,0.10468297500463769,0.1111111111111111,1.025,1,1,0.45663661891733154,False
12718,4,0.13268812086818196,0.0,1.0,0,1,0.4640091946577922,False
12722,3,0.05231343966435909,0.1111111111111111,1.12,1,1,0.37462962962962965,False
12726,2,1.0,1.0,1.0,1,1,1.0,True
12729,3,0.8978761715583407,0.8,1.0023529411764707,1,1,1.0,True
12730,2,0.7307833515222317,1.0,1.0,0,1,0.9703357220809565,True
12732,4,0.5852176250115917,0.3333333333333333,1.2740740740740741,1,1,0.5951726329414758,False
12733,3,0.22597758072564747,0.4,1.0,1,1,0.6289903917395632,False
12737,2,0.9064306361408625,0.75,1.0,0,1,1.0,True
12742,2,0.7386038031951704,1.0,1.0,0,1,0.9736873442265015,True
12745,2,0.8056754414100635,0.75,1.0,1,1,1.0,True
12746,3,0.1720801474602031,0.2857142857142857,1.1111111111111112,1,1,0.4782724441496108,False
12748,2,0.7611448102242823,0.75,1.0,0,1,0.9833477758104068,True
12749,2,1.0000000000000004,1.0,1.0,1,1,1.0,True
12753,3,0.7569028080637521,0.6,1.0,1,1,0.9398631082177986,True
12754,3,0.4551263113652865,0.5714285714285714,1.0,1,3,0.7486255620136942,False
12755,3,0.7890937299066613,0.6666666666666666,1.0,0,2,0.9314369953568232,False
12756,4,0.0,0.0,1.1764705882352942,1,1,0.37,False
12758,4,0.11410355525001119,0.18181818181818182,1.0869565217391304,1,2,0.44013528991234246,False
12759,3,0.13142406566152987,0.125,1.0416666666666667,2,1,0.36888412337875087,False
12762,4,0.19570749201036444,0.14285714285714285,1.125,1,2,0.3788746394330133,False
12764,3,0.0756326145856376,0.1111111111111111,1.037037037037037,1,1,0.4546296296296296,False
12766,4,0.7809877047070195,0.6666666666666666,1.0126582278481013,1,1,0.9779629845569766,True
12768,4,0.8267146436603507,0.8,1.0,1,2,0.9500000000000001,False
12769,4,0.4439920007442171,0.2857142857142857,1.0133333333333334,0,1,0.6748060955570454,True
12770,4,0.18476732370392412,0.1111111111111111,1.0933333333333333,1,1,0.49095848264559705,False
12772,4,0.6697560841741216,0.3333333333333333,1.0232558139534884,1,1,0.7914034011539886,True
12775,2,0.8591854021518901,0.7142857142857143,1.0,1,1,1.0,True
12776,4,0.20177048736510672,0.0,1.1666666666666667,0,1,0.41361592315647433,False
12777,3,0.2603693613517719,0.16666666666666666,1.125,1,1,0.4665075040713943,False
12779,3,0.27597366392381406,0.2,1.0769230769230769,1,1,0.5670839512054441,False
12780,2,0.6957742761985014,0.6,1.0,0,1,0.913665165989834,True
12781,2,0.845310239485689,0.75,1.0,0,1,1.0,True
12782,3,0.4137829608728023,0.125,1.0,0,2,0.5448950784692963,False
12783,2,0.7519071173970193,0.6,1.0,1,1,0.937722097932056,True
12784,2,0.9999999999999996,1.0,1.0,1,1,1.0,True
12785,4,0.7058814680224306,0.3333333333333333,1.0,0,1,0.8068857085175496,True
12786,3,0.1354510330840446,0.0,1.0,0,1,0.46519329989316194,False
12787,3,0.2962172156636765,0.2857142857142857,1.0588235294117647,1,1,0.6114740448082423,False
12788,2,0.8020232834521809,0.8333333333333334,1.0,1,2,0.9500000000000001,False
12789,4,0.059898075478934006,0.14285714285714285,1.1764705882352942,1,1,0.3878571428571428,False
12790,4,0.07949001444763339,0.16666666666666666,1.0,1,1,0.47777777777777775,False
12791,2,1.0000000000000002,1.0,1.0,1,1,1.0,True
12792,4,0.8824660351323138,0.8333333333333334,1.0,1,2,0.9500000000000001,False
12794,3,0.41192041212286673,0.23076923076923078,1.1333333333333333,1,1,0.5581673561112652,False
12795,3,0.10112310887224833,0.1111111111111111,1.05,1,1,0.45511096200345036,False
12796,2,0.9454610047816612,0.8333333333333334,1.0,1,1,1.0,True
12797,2,1.0000000000000004,1.0,1.0,1,1,1.0,True
12798,4,0.0,0.0,1.0666666666666667,2,1,0.345,False
12799,2,0.6897132123814688,0.6,1.0,2,1,0.8060675672111057,False
12800,4,0.7240237934339194,0.7142857142857143,1.008,1,1,0.9674387686145369,True
12802,4,0.06954193636141975,0.0,1.0,2,1,0.345,False
12803,3,0.1966661084726098,0.3,1.105263157894737,1,1,0.4947616655358803,False
12805,4,0.09590259169893531,0.1,1.0526315789473684,1,1,0.44999999999999996,False
12806,3,0.4640736536498827,0.2,1.0,1,1,0.6476982325166164,False
12807,3,0.18665490019745465,0.1111111111111111,1.0909090909090908,1,1,0.4917674439999673,False
12810,3,0.004311471120814057,0.0,1.1764705882352942,1,1,0.37,False
12811,4,0.19722902584646143,0.125,1.1538461538461537,1,1,0.422086249172293,False
12812,2,0.8451984596755066,0.5,1.0,0,1,0.9166666666666667,True
12815,2,0.8378925763510807,0.875,1.0,1,1,1.0,True
12820,2,0.8449003025894464,0.8,1.0,1,1,1.0,True
12822,2,0.9748533214032487,0.8333333333333334,1.0,1,1,1.0,True
12823,3,0.42432516237390144,0.2857142857142857,1.0,1,1,0.6663774505411958,True
12824,4,0.07803892788155257,0.0,1.1111111111111112,1,2,0.32,False
12825,3,0.0843099495897251,0.16666666666666666,1.0,1,1,0.47777777777777775,False
12826,2,0.5712397259871482,0.5,1.0,0,2,0.7686265492325874,False
12827,2,0.8732480202459133,0.5714285714285714,1.0,1,1,0.9464285714285714,True
12828,2,0.6456088993356708,0.5,1.0,0,1,0.8504990520962399,True
12829,4,0.2090724100294625,0.1111111111111111,1.0,1,1,0.501374948213685,False
12830,4,0.004839799913747601,0.0,1.0126582278481013,0,1,0.44999999999999996,False
12833,3,0.7190757598259,0.5,1.0909090909090908,1,1,0.8819848494491953,True
12834,2,0.8021345128500613,0.6666666666666666,1.0,1,1,0.9861111111111112,True
12835,2,0.8704957462936594,0.8571428571428571,1.0,0,1,1.0,True
12836,3,0.12664356154714648,0.06666666666666667,1.0606060606060606,1,1,0.4614186692344914,False
12837,4,0.12068069871342745,0.1111111111111111,2.6666666666666665,1,2,0.25349278622109855,False
12838,3,0.47897300718535546,0.375,1.125,1,2,0.5970003364127714,False
12839,3,0.685976846897595,0.6,1.0,1,1,0.909466267718017,True
12841,3,0.0,0.0,1.152,0,1,0.37,False
12842,2,0.8983980182251201,1.0,1.0,0,1,1.0,True
12843,4,0.2765191902199276,0.2222222222222222,1.1577777777777778,3,1,0.391577007448752,False
12846,4,0.0,0.0,1.1,2,1,0.345,False
12851,3,0.20960594566886914,0.0,1.0,0,1,0.4969739767152296,False
12852,3,0.13585215873981096,0.0,1.1764705882352942,0,1,0.3853652108884904,False
12853,3,0.0,0.0,1.0,1,1,0.44999999999999996,False
12855,2,0.8858944433859662,0.6666666666666666,1.0,0,1,0.9861111111111112,True
12856,3,0.6834666244186278,0.6666666666666666,1.0,1,1,0.9361682358619516,True
12858,2,0.9999999999999999,1.0,1.0,1,1,1.0,True
12859,2,0.8547349738081692,0.8333333333333334,1.0,1,1,1.0,True
12860,3,0.07051202996524866,0.14285714285714285,1.0,1,1,0.46785714285714286,False
12862,3,0.07188787940402971,0.1111111111111111,1.1666666666666667,1,2,0.3246296296296296,False
12863,2,0.9501352803930728,0.8333333333333334,1.0,1,1,1.0,True
12865,3,0.254364490717038,0.18181818181818182,1.0,2,1,0.44524711939821116,False
12866,3,0.004596474716022385,0.0,1.0869565217391304,1,1,0.44999999999999996,False
12870,3,0.0,0.0,1.1764705882352942,1,1,0.37,False
12871,4,0.3260639087955383,0.1111111111111111,1.0,1,1,0.5515141619705746,False
12872,3,0.7910131321568756,0.375,1.0,1,2,0.810731818543423,False
12873,3,0.23590603468698157,0.375,1.8754578754578755,2,1,0.3578287767706112,False
12874,3,0.06412176355660447,0.0,1.1,0,1,0.44999999999999996,False
12876,3,0.6004695576516431,0.42857142857142855,1.0,2,1,0.6963917151840375,False
12880,2,0.8742310604057606,0.6666666666666666,1.0,0,1,0.9861111111111112,True
12881,3,0.11883085767510929,0.08333333333333333,1.0909090909090908,1,1,0.4580703675750468,False
12882,4,0.04788404727560208,0.09090909090909091,1.106951871657754,1,1,0.37,False
12883,2,0.8341181306745933,0.7142857142857143,1.0,0,1,1.0,True
12884,3,0.7900679190105427,1.0,1.0,1,1,0.9957433938616611,True
12885,4,0.6177842825419579,0.375,1.0346666666666666,0,1,0.7864908829941725,True
12886,4,0.00568098015310638,0.0,1.0,0,1,0.44999999999999996,False
12887,2,0.9404190990719773,0.8333333333333334,1.0,1,1,1.0,True
12889,4,0.1918634379499933,0.1111111111111111,1.0377358490566038,1,2,0.443999674465341,False
12890,2,0.907665431169658,1.0,1.0,0,2,0.9500000000000001,False
12891,3,0.04928559800252637,0.0,1.1111111111111112,0,1,0.37,False
12892,3,0.48613297457347426,0.3333333333333333,1.0294117647058822,2,1,0.6077077827537112,False
12893,4,0.5297438790172768,0.3333333333333333,1.0285714285714285,2,1,0.6263981703724837,False
12894,4,0.13782068313097623,0.1,1.0,1,2,0.4162088641989898,False
12895,3,0.687649727451508,0.375,1.0,1,1,0.8164332165268369,True
12897,2,0.8112274880005569,0.5714285714285714,1.0,0,1,0.9464285714285714,True
12898,2,0.5268035450393809,0.5,1.0,0,1,0.7995824716835442,True
12903,4,0.28628306753357524,0.18181818181818182,1.1428571428571428,1,1,0.4839265094624413,False
12905,3,0.7421606083903348,0.6666666666666666,1.0,1,1,0.9613228004212546,True
12906,4,0.39154862383808875,0.2,1.0526315789473684,1,1,0.6166160768829905,False
12909,3,0.23161961852119575,0.125,1.1111111111111112,0,1,0.43682507460432196,False
12911,2,0.808664394386177,0.8,1.0,0,1,1.0,True
12913,2,0.866539373766824,0.6666666666666666,1.0,0,1,0.9861111111111112,True
12917,2,0.8806476744336252,0.6666666666666666,1.0,0,1,0.9861111111111112,True
12919,3,0.4603751224024711,0.3333333333333333,1.0014285714285713,2,1,0.5966687032518526,False
12922,2,0.5154484048986684,0.42857142857142855,1.1,0,1,0.7649540782899056,True
12923,3,0.9204696045517403,0.7142857142857143,1.0,1,1,1.0,True
12925,2,0.8317889718462751,0.625,1.0,1,1,0.96875,True
12926,3,0.3549243837266851,0.3076923076923077,1.1636363636363636,1,1,0.565791768849898,False
12927,2,0.7434222850008887,0.5555555555555556,1.0,1,1,0.9155672226723386,True
12928,2,1.0,1.0,1.0,1,1,1.0,True
12929,3,0.07066829144303877,0.0,1.1038289065194895,1,1,0.37,False
12930,4,0.02649287737587781,0.0,1.125,0,3,0.32,False
12931,4,0.07201873174746362,0.1,1.125,0,2,0.32,False
12932,3,0.1339924999406656,0.2,1.12,0,1,0.42623488092695194,False
12933,3,0.6359742587744871,0.4,1.0,1,1,0.8047032537604946,True
12934,3,0.2818541229792039,0.2222222222222222,1.046770601336303,1,1,0.5788634072027276,False
12935,3,0.49447003608513307,0.6666666666666666,2.761904761904762,1,1,0.6951696980047396,False
12936,4,0.5710977634243641,0.42857142857142855,1.0,1,1,0.7888038033723466,True
12937,2,0.8699101663057716,1.0,1.0,0,2,0.9500000000000001,False
12938,4,0.1257572260741057,0.1111111111111111,1.1,1,1,0.4656684408042463,False
12939,3,0.4706437685778009,0.14285714285714285,1.0,1,1,0.6267044722476289,False
12940,2,0.762522201385933,0.7777777777777778,1.0,0,1,0.983938086308257,True
12941,2,0.7560434130079492,0.625,1.0,0,1,0.9499114627176926,True
12942,2,0.7085530307372804,0.4,1.0,1,2,0.7858084417445489,False
12943,3,0.19654849608530728,0.2857142857142857,1.0476190476190477,2,1,0.46375887927465553,False
12944,2,0.7958543260882823,0.5,1.0344827586206897,0,1,0.9148899492759306,True
12945,4,0.890992328697117,0.8333333333333334,1.0,1,2,0.9500000000000001,False
12946,3,0.10099023494236263,0.0,1.1428571428571428,1,1,0.37042438640386965,False
12947,4,0.2078289311485947,0.2,1.0666666666666667,2,1,0.43287906573035007,False
12948,3,0.0,0.0,1.0,1,1,0.44999999999999996,False
12949,2,1.0,1.0,1.0,0,1,1.0,True
12950,3,0.1676659138544812,0.0,1.1127596439169138,1,1,0.39899967736620623,False
12954,3,0.22669107265159735,0.16666666666666666,1.0526315789473684,2,1,0.42707395177131946,False
12955,4,0.12379156834341486,0.1,1.0,1,2,0.4101963864328921,False
12959,2,0.9182548676040231,0.8571428571428571,1.0,1,1,1.0,True
12964,3,0.18561006497560772,0.14285714285714285,1.1666666666666667,1,1,0.42454717070383186,False
12965,4,0.8216461653348129,0.75,1.0,0,2,0.9500000000000001,False
12966,4,0.30072588694666474,0.25,1.16,1,1,0.5185253801199992,False
12967,3,0.14365350767811913,0.3333333333333333,1.0526315789473684,1,1,0.5659308683699875,False
12968,3,0.142710724582449,0.1,5.625,1,1,0.30830459624962103,False
12969,3,0.04622885527885653,0.0,1.0,1,1,0.44999999999999996,False
12970,2,0.9999999999999999,1.0,1.0,0,1,1.0,True
12971,4,0.37749220301171227,0.18181818181818182,1.0454545454545454,1,1,0.6030161389530715,False
12972,2,1.0000000000000004,1.0,1.0,0,1,1.0,True
12973,3,0.0,0.0,1.1,1,1,0.44999999999999996,False
12974,4,0.006001251160354587,0.0,1.1428571428571428,1,1,0.37,False
12975,4,0.0,0.0,1.035,1,1,0.44999999999999996,False
12976,3,0.28691711699860695,0.2222222222222222,3.3333333333333335,0,1,0.4210332617824718,False
12977,2,0.7927623222650818,0.4,1.0,1,1,0.8718981381136066,True
12978,4,0.0,0.0,1.0666666666666667,0,1,0.44999999999999996,False
12979,4,0.359355928655506,0.2222222222222222,1.011764705882353,1,2,0.5620784667782857,False
12982,3,0.11892292377371384,0.125,1.119,1,1,0.3885264911411155,False
12983,2,0.9004347258520923,0.42857142857142855,1.0,1,1,0.8869047619047619,True
12984,4,0.0580966352721367,0.0,1.1574074074074074,1,1,0.37,False
12988,4,0.7765892441202652,0.5714285714285714,1.0,1,2,0.8863953903372567,False
12991,4,0.5564084751122558,0.3333333333333333,1.0526315789473684,1,1,0.7428258544131889,True
12992,2,0.9789784182934869,0.75,1.0,1,1,1.0,True
12993,4,0.5749553913989492,0.625,1.0150000000000001,1,2,0.8223023105995498,False
12994,2,0.5322082013931702,0.5714285714285714,1.1111111111111112,0,1,0.7516606577399301,True
12995,3,0.8335184208957358,0.5,1.0294117647058822,1,1,0.9166666666666667,True
12996,4,0.0,0.0,1.1111111111111112,2,1,0.265,False
12997,3,0.35280561201381994,0.0,1.174934725848564,0,1,0.4783452622916371,False
12998,4,0.13492465097371148,0.1111111111111111,1.0526315789473684,1,1,0.4695973371897917,False
12999,3,0.26275211149692024,0.18181818181818182,1.05,0,1,0.5538418140181606,False
13000,2,0.8979662773565726,0.6,1.0,1,1,0.9583333333333333,True
13001,3,0.012966571781124005,0.0,1.0395010395010396,1,1,0.44999999999999996,False
13005,2,1.0000000000000004,1.0,1.0,1,1,1.0,True
13007,4,0.004826396806449153,0.0,1.1428571428571428,1,2,0.32,False
13008,3,0.5475611653231912,0.3333333333333333,1.1515151515151516,1,1,0.6590341502178756,True
13011,2,0.905509425181458,0.8571428571428571,1.0,1,1,1.0,True
13014,2,0.8023702512044177,1.0,1.0,0,1,1.0,True
13016,3,0.16937921264142186,0.125,3.6,0,1,0.3301506149415617,False
13017,2,0.9095054297146985,0.7142857142857143,1.0,1,1,1.0,True
13019,4,0.7418544937106356,0.4,1.0,1,1,0.8500804973045581,True
13024,3,0.596425689541944,0.625,1.0,1,1,0.8815038669465475,True
13025,4,0.1270784902453096,0.1,1.0666666666666667,1,1,0.4616050672479898,False
13026,2,0.8978884312749476,0.6666666666666666,1.0,1,1,0.9861111111111112,True
13028,4,0.6244159837855779,0.3333333333333333,1.0,1,1,0.7719719295588985,True
13030,3,0.2665426250178721,0.2222222222222222,1.1111111111111112,1,1,0.4923013366478711,False
13031,2,0.8789608145000025,0.7142857142857143,1.0,2,2,0.8450000000000001,False
13032,3,0.18677479440918296,0.3333333333333333,1.1111111111111112,1,1,0.5044114198261578,False
13033,4,0.5379331723058378,0.6,1.0625,1,1,0.8460189786072638,True
13034,4,0.895261034519102,0.75,1.0,1,1,1.0,True
13038,3,0.2681225096911374,0.2,1.0,1,1,0.5637191708200112,False
13039,2,0.5744381543810549,0.42857142857142855,1.0,0,1,0.7902353994966427,True
13041,4,0.0,0.0,1.0833333333333333,1,1,0.44999999999999996,False
13042,2,0.9999999999999998,1.0,1.0,1,1,1.0,True
13044,2,0.7983968859032331,0.8,1.0,0,1,0.9993129511013856,True
13045,3,0.20076675805427865,0.2,1.0398613518197573,1,1,0.5348524201185003,False
13046,3,0.0,0.0,1.1111111111111112,1,1,0.37,False
13047,2,0.8596540541857871,0.8333333333333334,1.0,1,2,0.9500000000000001,False
13049,3,0.007176924229467159,0.0,1.1666666666666667,0,1,0.37,False
13051,3,0.10213197648371015,0.1111111111111111,1.0285714285714285,1,2,0.405543333836934,False
13052,3,0.15156582544932393,0.1111111111111111,1.0,1,1,0.47672926910791125,False
13054,4,0.12351390471419202,0.0,1.1,1,1,0.4600773877346537,False
13055,4,0.9623638350518967,1.0,1.0,0,2,0.9500000000000001,False
13057,2,0.9789557184469709,0.875,1.0,1,1,1.0,True
13058,4,0.014700918880948185,0.0,1.1111111111111112,1,2,0.32,False
13059,4,0.0023321847950020977,0.0,1.1228070175438596,1,1,0.37,False
13060,3,0.633149900694717,0.6666666666666666,1.0588235294117647,0,1,0.9146039256945613,True
13061,4,0.24504829058825978,0.125,1.0,0,2,0.47258021977592085,False
13062,4,0.44891517605487924,0.14285714285714285,1.0014925373134327,1,1,0.617392218309234,False
13063,4,0.112055686544279,0.0,1.0500782472613457,1,1,0.45516672280469095,False
13066,3,0.2693988106771911,0.25,1.1111111111111112,2,2,0.35009949029022475,False
13067,4,0.3110398243270412,0.14285714285714285,1.0564663023679417,0,2,0.5083027818544462,False
13069,2,0.9504014987079653,0.875,1.0,1,1,1.0,True
13070,4,0.4998272721368004,0.4,1.0,0,1,0.7463545452014858,True
13071,4,0.14832411763906309,0.14285714285714285,1.0,0,1,0.4885674789881699,False
13072,3,0.2221477145815666,0.14285714285714285,1.0810810810810811,1,1,0.5202061633920999,False
13073,3,0.448411453144747,0.3333333333333333,1.1,0,1,0.6965414164271138,True
13075,2,1.0,1.0,1.0,1,1,1.0,True
13077,3,0.4369227820378271,0.4,1.0,1,1,0.7193954780162116,True
13078,4,0.0,0.0,1.0688836104513064,1,1,0.44999999999999996,False
13079,3,0.0,0.0,1.0,1,1,0.44999999999999996,False
13082,2,0.8355279622718401,0.7,1.0,0,1,1.0,True
13083,3,0.4999312707829547,0.3333333333333333,1.1428571428571428,1,1,0.6386213382720599,True
13084,3,0.15604991749237515,0.125,1.16,0,2,0.35443805987768456,False
13085,2,0.9075878939094717,0.7142857142857143,1.0,1,1,1.0,True
13086,4,0.47153229501330535,0.625,1.1428571428571428,1,1,0.7479781264342737,True
13088,4,0.038651648984651045,0.08333333333333333,1.0714285714285714,2,1,0.345,False
13092,3,0.13616486992149823,0.2,1.0,1,2,0.45716589663302304,False
13093,4,0.4097176728642147,0.14285714285714285,1.02,1,2,0.5505932883703778,False
13094,3,0.04339162833178545,0.0,1.1666666666666667,1,2,0.32,False
13095,4,0.0,0.0,1.161550888529887,1,1,0.37,False
13101,3,0.13853703977338824,0.1,1.123076923076923,1,1,0.3865158741885949,False
13102,4,0.0,0.0,1.1538461538461537,1,2,0.32,False
13103,4,0.0,0.0,1.0526315789473684,1,1,0.44999999999999996,False
13104,2,0.6800789225122124,0.5,1.0,0,1,0.8652719191719005,True
13105,3,0.24850636443477206,0.14285714285714285,1.1111111111111112,0,1,0.4515027276149023,False
13106,2,0.9315768456796532,0.8571428571428571,1.0,0,1,1.0,True
13108,3,0.8445259830837525,0.8,1.0160427807486632,1,1,1.0,True
13109,3,0.2613241902206622,0.2222222222222222,1.0333333333333334,1,2,0.520064864591924,False
13112,2,1.0,1.0,1.0,0,1,1.0,True
13113,3,0.20219883272293093,0.2,1.1,0,2,0.4854661664050656,False
13114,2,0.8895760309761327,0.5,1.0,1,1,0.9166666666666667,True
13115,3,0.26696395672578627,0.125,1.0,1,1,0.5319726481205751,False
13117,2,0.6076337444485549,0.3333333333333333,1.0,0,1,0.764779541271603,True
13118,2,0.9362890404797238,0.75,1.0,0,1,1.0,True
13119,3,0.3908744924016917,0.2,1.0842105263157895,1,1,0.6163271634102488,False
13123,2,1.0,1.0,1.0,0,1,1.0,True
13125,2,0.6986958386850645,0.42857142857142855,1.0,2,1,0.7384886927697896,False
13126,2,0.9999999999999998,1.0,1.0,0,1,1.0,True
13128,3,0.0,0.0,1.0666666666666667,0,1,0.44999999999999996,False
13129,3,0.91946387393211,0.8,1.0,1,1,1.0,True
13130,2,0.7074301691627385,0.75,1.0,0,1,0.9603272153554594,True
13131,2,0.698554588653421,0.5,1.0,1,1,0.8731900618038471,True
13134,4,0.44583232132413914,0.2,1.165,1,2,0.5098805186627263,False
13136,4,0.11838726701946053,0.0,1.0,0,1,0.45788025729405446,False
13137,3,0.17079391974862387,0.1,1.171875,1,1,0.40034025132083884,False
13138,2,0.8121689366059562,0.6,1.0,0,1,0.9583333333333333,True
13139,3,0.21525182899411743,0.2857142857142857,1.0,1,2,0.5267745933784314,False
13140,3,0.14918456532271734,0.1,1.1764705882352942,0,1,0.39107909942402175,False
13141,4,0.20475218179987034,0.14285714285714285,1.1666666666666667,1,1,0.4327509350570873,False
13142,4,0.18702158510988665,0.09090909090909091,1.1111111111111112,1,1,0.4072949650470943,False
13145,3,0.5618938584173024,0.3333333333333333,1.0,2,1,0.6401767329724947,False
13147,2,0.9567745798442585,0.8,1.0,1,1,1.0,True
13148,3,0.17470668320272095,0.1,1.0909090909090908,0,1,0.4820171499440232,False
13149,2,0.9611082511069211,1.0,1.0,1,1,1.0,True
13151,2,0.7789850069033796,0.6,1.0,1,2,0.8993269077204961,False
13152,3,0.10616656599515539,0.07692307692307693,1.125,1,1,0.37264281399792376,False
13153,2,0.5620456236945638,0.4,1.0,0,1,0.7730195530119559,True
13154,2,0.7431358839810666,0.4,1.0,0,1,0.8506296645633142,True
13159,3,0.20316183925220013,0.16666666666666666,1.1029411764705883,0,1,0.4419899946001492,False
13162,3,0.14127059113935186,0.1111111111111111,1.0714285714285714,1,1,0.472317025832209,False
13164,4,0.005320534522682872,0.0,1.1029411764705883,2,2,0.21499999999999997,False
13165,3,0.2382036686329067,0.18181818181818182,3.549618320610687,1,1,0.38332105279072626,False
13166,4,0.0,0.0,1.0125,2,1,0.345,False
13169,4,0.14643073376590296,0.125,1.0416666666666667,1,1,0.4803155525663394,False
13170,3,0.0,0.0,1.1428571428571428,1,2,0.32,False
13171,4,0.26610782327197624,0.18181818181818182,1.1494252873563218,1,1,0.4752799762074703,False
13172,4,0.1936578670513539,0.125,1.12,1,1,0.42055575254581834,False
13174,3,0.6977129648058992,0.75,1.0,1,1,0.9561626992025283,True
13175,2,0.9999999999999993,1.0,1.0,0,2,0.9500000000000001,False
13177,3,0.08042586232885687,0.1111111111111111,1.0772727272727274,0,1,0.4546296296296296,False
13178,2,1.0000000000000002,1.0,1.0,1,1,1.0,True
13179,2,0.9709849113712684,1.0,1.0,0,1,1.0,True
13182,3,0.06529050559073285,0.1,1.0772727272727274,0,1,0.44999999999999996,False
13183,2,0.9329234592319422,0.8333333333333334,1.0,1,1,1.0,True
13185,4,0.0,0.0,1.12,1,1,0.37,False
13187,2,0.915974235005282,0.7777777777777778,1.0,1,1,1.0,True
13188,3,0.16578660594225827,0.2,1.1111111111111112,0,1,0.4398609263562059,False
13189,2,0.8211366592074498,0.7142857142857143,1.0,1,1,1.0,True
13190,4,0.0,0.0,1.0,1,1,0.44999999999999996,False
13193,3,0.06927232431514146,0.125,1.0463157894736843,1,1,0.4604166666666667,False
13194,3,0.23233291041167747,0.14285714285714285,1.0,2,1,0.4195712473192903,False
13195,4,0.12992954374788945,0.1,1.1644444444444444,1,1,0.382826947320524,False
13196,3,0.5625668987980941,0.375,1.0,1,2,0.7128262899610881,False
13198,3,0.5283016731523995,0.14285714285714285,1.1764705882352942,0,1,0.5714150027795998,False
13200,3,0.1430679664356126,0.125,1.1111111111111112,1,1,0.3988743665676435,False
13201,2,0.7884945091928479,0.7142857142857143,1.0,0,1,0.9950690753683633,True
13202,4,0.0,0.0,1.0416666666666667,1,1,0.44999999999999996,False
13203,2,0.7504794635705072,0.4,1.0,0,1,0.8537769129587889,True
13205,2,0.8486332871186869,0.5714285714285714,1.0,1,1,0.9464285714285714,True
13211,2,0.9041391516749122,0.6666666666666666,1.0,1,1,0.9861111111111112,True
13214,3,0.4913528127282275,0.42857142857142855,1.0,1,1,0.7546273959311451,True
13215,2,1.0,1.0,1.0,1,1,1.0,True
13219,4,0.08662809604530038,0.0,1.0416666666666667,1,1,0.44999999999999996,False
13221,2,0.8531872175909507,0.8333333333333334,1.0,1,1,1.0,True
13223,3,0.507076308722827,0.5,1.1111111111111112,1,1,0.7111279418335925,True
13224,4,0.16800035792192367,0.25,1.0,1,1,0.5416430105379673,False
13225,4,0.2615061533028702,0.16666666666666666,1.1129411764705883,2,1,0.361994700621865,False
13226,3,0.10587730687146753,0.07692307692307693,1.0,0,1,0.4525188458020575,False
13227,4,0.572066973127522,0.5714285714285714,1.1724494949494948,1,1,0.7687429884832238,True
13229,4,0.007618999053041294,0.0,1.08,0,2,0.39999999999999997,False
13230,4,0.3779850502677905,0.2,1.0793714285714286,1,1,0.6108031167814341,False
13234,2,1.0000000000000002,1.0,1.0,1,1,1.0,True
13237,2,0.9999999999999999,1.0,1.0,1,1,1.0,True
13242,3,0.11531432092682437,0.0,1.0,1,1,0.4565632803972104,False
13244,4,0.13065516106353717,0.125,1.0,0,1,0.47355459283675405,False
13246,4,0.19706822047935435,0.125,1.0,0,1,0.5020173325863899,False
13247,2,0.5763826069028876,0.42857142857142855,1.0,1,1,0.7910687362917137,True
13248,3,0.0,0.0,1.0,1,1,0.44999999999999996,False
13249,4,0.0,0.0,1.0,0,1,0.44999999999999996,False
13250,4,0.007038306485564814,0.0,1.1428571428571428,1,1,0.37,False
13251,4,0.0,0.0,1.1363636363636365,1,1,0.37,False
13254,3,0.007549723117180256,0.0,1.1296296296296295,1,2,0.32,False
13257,3,0.7531674862577716,0.6666666666666666,1.0,1,1,0.9660400337930133,True
13258,4,0.0,0.0,1.0,0,1,0.44999999999999996,False
13259,2,0.9999999999999998,1.0,1.0,1,1,1.0,True
13260,3,0.4371184872416515,0.25,1.0,1,1,0.6569793516749936,True
13262,3,0.3127287717692918,0.2857142857142857,1.0,0,1,0.6185504259963631,False
13263,4,0.542610151401994,0.4444444444444444,1.0227458681066928,1,1,0.7832085834050875,True
13264,2,1.0,1.0,1.0,1,1,1.0,True
13265,4,0.32142092215827084,0.2222222222222222,1.0,0,1,0.5958206068508991,False
13266,3,0.4574257400767382,0.25,1.0,1,1,0.6656824600328878,True
13268,3,0.31674401255663065,0.2857142857142857,1.0,1,1,0.6202712434766512,False
13270,4,0.13900193096673974,0.125,1.0,1,1,0.4771317799381265,False
13271,4,0.21368801034546545,0.2857142857142857,1.0,0,2,0.5261043853861519,False
13272,4,0.0,0.0,1.0,1,1,0.44999999999999996,False
13274,4,0.1481229662004255,0.1,1.0021865889212829,2,1,0.36562412837161096,False
13275,4,0.06420168388308763,0.08333333333333333,18.02,1,1,0.29000000000000004,False
13277,4,0.3252750350941647,0.09090909090909091,1.0499790004199916,1,1,0.5465464436117848,False
13278,4,0.7636218999188735,0.5,1.0,1,1,0.9010760523461839,True
13279,2,1.0000000000000002,1.0,1.0,1,1,1.0,True
13280,2,0.9653127291128354,0.8,1.0,0,2,0.9500000000000001,False
13281,3,0.12220589149181135,0.1111111111111111,1.0869565217391304,0,1,0.46414644026897733,False
13282,4,0.5011083660712422,0.14285714285714285,1.0,1,1,0.6397607283162466,False
13283,2,0.866011045840618,0.7142857142857143,1.0,1,1,1.0,True
13284,3,0.1961077774095272,0.09090909090909091,1.0,0,1,0.49118904746122594,False
13287,4,0.3512753512067242,0.14285714285714285,1.0,0,1,0.5755465790885961,False
13288,3,0.8008984528077598,0.6,1.0,1,1,0.9583333333333333,True
13289,2,0.9286644043949146,0.7142857142857143,1.0,1,1,1.0,True
13293,4,0.1834735866630188,0.2,1.1111111111111112,3,1,0.3424410609508176,False
13294,4,0.006350092331911842,0.0,1.1363636363636365,1,1,0.37,False
13295,4,0.0,0.0,1.05,1,1,0.44999999999999996,False
13297,4,0.0,0.0,1.0,0,1,0.44999999999999996,False
13300,3,0.6895188063640629,0.625,1.0570824524312896,0,1,0.9214009170131698,True
13301,2,0.9314866088078533,0.75,1.0,1,1,1.0,True
13302,3,0.0057827006333462045,0.0,1.1666666666666667,1,1,0.37,False
13303,2,0.9608765325216849,1.0,1.0,0,1,1.0,True
13304,2,0.8020721872720836,0.6666666666666666,1.0,0,1,0.9861111111111112,True
13306,4,0.20727919406672063,0.0,1.0,2,1,0.39097679745716596,False
13309,4,0.14185557038648938,0.125,1.0153846153846153,1,1,0.4783547682608764,False
13311,4,0.8212760742245839,0.75,1.0,0,2,0.9500000000000001,False
13312,4,0.12646261076194334,0.14285714285714285,1.0057142857142858,1,1,0.4791982617551186,False
13313,2,0.9353746072016709,1.0,1.0,1,1,1.0,True
13314,4,0.2743857950446654,0.2857142857142857,1.1314285714285715,2,1,0.41711772168580896,False
13315,3,0.6157579617533934,0.4,1.0,1,1,0.79603912646574,True
13316,4,0.0,0.0,1.1666666666666667,0,1,0.37,False
13317,3,0.14917567139306095,0.125,1.0714000000000001,1,1,0.4814919544065499,False
13319,2,1.0000000000000007,1.0,1.0,1,1,1.0,True
13321,4,0.0060866187520991905,0.0,1.0,1,2,0.39999999999999997,False
13322,3,0.5553990336412779,0.42857142857142855,1.0,1,1,0.7820757763224524,True
13323,2,1.0,1.0,1.0,1,1,1.0,True
13324,4,0.004112996460110889,0.0,1.1101243339253997,1,1,0.37,False
13325,3,0.511498823204877,0.42857142857142855,1.0,1,1,0.7632614004211378,True
13326,3,0.13695124756395982,0.16666666666666666,1.0,1,1,0.49361402673376054,False
13327,3,0.20042567876459808,0.3333333333333333,1.0057142857142858,2,1,0.48526179883562137,False
13329,2,0.9135723007053372,0.6,1.0,1,1,0.9583333333333333,True
13332,2,0.873006724394589,0.5714285714285714,1.0,0,1,0.9464285714285714,True
13335,3,0.1648464814791421,0.1111111111111111,1.0500157502362535,1,1,0.48242097883497626,False
13336,2,0.9986980444488421,1.0,1.0,1,1,1.0,True
13337,3,0.2728971163933687,0.1111111111111111,3.0,1,1,0.3687283937982162,False
13338,3,0.15143193671068889,0.09090909090909091,1.0,1,1,0.47204225859029525,False
13340,2,0.8019627342355549,0.5,1.0,1,1,0.9166666666666667,True
13341,4,0.2688461676846407,0.16666666666666666,1.0,0,1,0.5501404210711952,False
13342,3,0.7234861910718939,0.6666666666666666,1.0,1,1,0.9533194787133514,True
13345,2,0.82432051146452,0.5714285714285714,1.0,1,1,0.9464285714285714,True
13347,3,0.5161559996139877,0.3333333333333333,1.0,1,1,0.7255747934853598,True
13348,4,0.05475376262944932,0.0,1.0,1,1,0.44999999999999996,False
13349,3,0.11114519874663187,0.1111111111111111,1.1764705882352942,1,1,0.3794061433781861,False
13350,4,0.2191345688145071,0.1,1.0,1,1,0.5010576723490745,False
13351,4,0.0,0.0,6.818181818181818,2,1,0.185,False
13352,4,0.16060636051478724,0.125,1.1666666666666667,0,1,0.40639082117300407,False
13353,3,0.36256775790480433,0.3333333333333333,4.258064516129032,0,1,0.49975126132428127,False
13354,3,0.00926141452207885,0.0,1.0,0,1,0.44999999999999996,False
13355,2,1.0000000000000002,1.0,1.0,0,1,1.0,True
13358,2,0.46563275706695384,0.3333333333333333,1.0,0,1,0.7039219752509167,True
13359,3,0.09097186179922201,0.1111111111111111,1.0,1,1,0.4546296296296296,False
13360,3,0.010565598935746904,0.0,1.0,1,1,0.44999999999999996,False
13361,3,0.24885201847785232,0.08333333333333333,1.0714285714285714,1,1,0.5137937222047938,False
13362,4,0.1721342052197443,0.1,1.056,1,1,0.4809146593798904,False
13363,4,0.11969339283290799,0.0,1.0,1,1,0.45844002549981766,False
13365,2,0.9127104731840131,0.8,1.0,0,2,0.9500000000000001,False
13366,3,0.20864074432037644,0.25,1.0500157502362535,1,1,0.5590603189944471,False
13367,4,0.42746119068771327,0.4,1.0,1,1,0.7153405102947342,True
13369,2,0.9999999999999999,1.0,1.0,1,1,1.0,True
13370,4,0.7757813357721595,0.875,1.0,1,1,0.9896205724737825,True
13371,3,0.25723433265656875,0.25,1.0,0,1,0.5798861425671009,False
13372,2,0.9848794391665232,1.0,1.0,0,1,1.0,True
13374,4,0.32251508632965786,0.14285714285714285,1.0,1,1,0.5632207512841391,False
13375,2,0.9484348022168076,1.0,1.0,0,1,1.0,True
13376,3,0.46424695532351196,0.4,1.0,1,1,0.7311058379957908,True
13377,2,0.9999999999999994,1.0,1.0,1,1,1.0,True
13380,2,1.0000000000000002,1.0,1.0,1,1,1.0,True
13381,2,0.9211958030501003,1.0,1.0,1,1,1.0,True
13382,3,0.007656909004071505,0.0,1.1111111111111112,0,1,0.37,False
13384,2,0.7724760318270573,1.0,1.0,1,1,0.9882040136401673,True
13385,3,0.35740997980447425,0.2,1.0,0,1,0.6019852294400128,False
13388,2,0.8526329873993678,1.0,1.0,1,1,1.0,True
13389,2,0.9999999999999997,1.0,1.0,1,1,1.0,True
13390,3,0.0,0.0,1.0714285714285714,0,1,0.44999999999999996,False
13391,3,0.8784027913473009,1.0,1.0,1,1,1.0,True
13392,3,0.5358130700263415,0.4,1.0,1,1,0.7617770300112892,True
13393,4,0.3797149111997976,0.16666666666666666,1.0,0,1,0.5976555968634053,False
13394,4,0.07670661656573848,0.0,1.0,1,1,0.44999999999999996,False
13395,3,0.028766717087498016,0.08333333333333333,1.0,0,1,0.44999999999999996,False
13396,2,0.9999999999999999,1.0,1.0,1,1,1.0,True
13397,4,0.018246191750743754,0.0,1.0,2,1,0.345,False
13399,3,0.5126865158195103,0.3333333333333333,4.4,1,1,0.5640878718591552,False
13400,4,0.0,0.0,1.2,1,1,0.37,False
13401,2,0.6532691339118764,0.375,1.0,0,1,0.8016986764384233,True
13404,2,1.0,1.0,1.0,1,1,1.0,True
13405,4,0.11287277033494486,0.2,1.0,1,1,0.49718356823878584,False
13407,3,0.6519701226667991,0.4,1.0,1,1,0.8115586240000567,True
13408,4,0.11936755597109772,0.0,1.0714285714285714,1,1,0.45830038113047045,False
13409,2,0.9999999999999997,1.0,1.0,1,1,1.0,True
13410,3,0.4546392649330759,0.25,1.0,0,1,0.6644882563998896,True
13414,2,0.8549245488893006,0.6666666666666666,1.0,0,1,0.9861111111111112,True
13416,3,0.3232937378495207,0.16666666666666666,1.0,1,1,0.5734750939990009,False
13418,2,0.8202580872716138,0.6666666666666666,1.0,2,1,0.8811111111111112,False
13419,4,0.0,0.0,1.0,0,1,0.44999999999999996,False
13420,3,0.09408936900669232,0.0,10.606060606060606,1,1,0.29000000000000004,False
13421,4,0.0,0.0,1.0010616516266018,1,1,0.44999999999999996,False
13423,4,0.6617500678577288,0.5,1.0,1,1,0.8574166957485505,True
13424,4,0.21316774285408605,0.16666666666666666,1.0142857142857142,0,1,0.5262782390009575,False
13425,2,1.0,1.0,1.0,1,1,1.0,True
13426,4,0.084665879442767,0.08333333333333333,1.0714285714285714,0,1,0.44999999999999996,False
13428,2,0.9999999999999999,1.0,1.0,1,1,1.0,True
13429,3,0.24681000075669038,0.2,4.0,1,1,0.39458523841953397,False
13430,4,0.048325748925168756,0.0,1.0666666666666667,1,1,0.44999999999999996,False
13433,4,0.0,0.0,1.0,1,1,0.44999999999999996,False
13435,2,0.9999999999999997,1.0,1.0,1,1,1.0,True
13436,4,0.0,0.0,1.0,0,1,0.44999999999999996,False
13437,2,0.8615380831955785,0.75,1.0,0,1,1.0,True
13439,3,0.570014969738373,0.5,1.0,1,1,0.818101653697398,True
13440,4,0.013472323140253204,0.0,1.1428571428571428,1,1,0.37,False
13441,2,0.6965502335827048,0.7142857142857143,1.0,1,1,0.9556643858211593,True
13442,4,0.004972914657236223,0.0,1.1194029850746268,0,1,0.37,False
13443,3,0.08126966473011955,0.1111111111111111,1.0010010010010009,1,1,0.4546296296296296,False
13444,3,0.1430415077590792,0.125,1.0,0,1,0.4788630271348434,False
13445,2,0.9391333576149973,1.0,1.0,0,1,1.0,True
13446,2,0.7984346401016338,0.5,1.0,0,1,0.9159957981387954,True
13447,4,0.1438986015503891,0.08333333333333333,3.52,1,1,0.3088136863787382,False
13448,3,0.13644265036468084,0.07692307692307693,1.0499790004199916,1,1,0.4656182787277203,False
13449,4,0.06914104669990115,0.09090909090909091,3.52,0,1,0.29000000000000004,False
13450,4,0.1375874215847716,0.125,3.52,0,1,0.31652556163156875,False
13451,4,0.019898087122481336,0.0,1.0,1,1,0.44999999999999996,False
13452,4,0.2339607877245604,0.16666666666666666,1.0,1,1,0.5351895439454465,False
13453,4,0.17172085187587274,0.1,1.0714285714285714,1,1,0.4807375079468026,False
13454,3,0.7517427579711294,0.75,1.0,1,1,0.9793183248447697,True
13455,4,0.09057108074228473,0.125,2.1666666666666665,0,1,0.30041666666666667,False
13457,2,0.9847063764852886,1.0,1.0,0,1,1.0,True
13458,3,0.6772895255227861,0.5714285714285714,1.0244867864488338,1,2,0.8438383680811942,False
13459,4,0.07206526516263541,0.125,1.0,1,2,0.41041666666666665,False
13460,4,0.25291482127705667,0.125,1.0,0,1,0.5259515900711195,False
13461,2,0.695245669965302,1.0,1.056,1,1,0.9551052871279866,True
13462,3,0.03626117671733276,0.1,1.0714285714285714,1,1,0.44999999999999996,False
13464,2,0.9999999999999999,1.0,1.0,1,1,1.0,True
13466,2,0.8795341003329514,1.0,1.0,1,1,1.0,True
13467,4,0.26019773040894484,0.2857142857142857,1.0,2,1,0.49103712255621446,False
13468,4,0.15090531864513299,0.125,1.1363636363636365,1,1,0.402233231800295,False
13471,3,0.0,0.0,1.1428571428571428,1,1,0.37,False
13472,2,0.8542401283386215,0.625,1.0,0,1,0.96875,True
13473,2,0.7827448080976476,0.5714285714285714,1.0,1,1,0.9390334891847061,True
13474,3,0.0,0.0,1.0,1,1,0.44999999999999996,False
13476,4,0.22783544205000766,0.09090909090909091,6.0606060606060606,1,2,0.29478661802143186,False
13478,3,0.3951922734704559,0.42857142857142855,1.0,1,2,0.663415736249243,False
13480,2,0.9163373890946638,0.8,1.0,1,1,1.0,True
13481,4,0.698085979807478,0.5714285714285714,1.0,1,1,0.9027511342032049,True
13482,2,0.8815763719704267,0.6,1.0,1,1,0.9583333333333333,True
13484,2,1.0000000000000002,1.0,1.0,0,1,1.0,True
13485,4,0.0,0.0,1.0714285714285714,1,1,0.44999999999999996,False
13486,4,0.0,0.0,1.1363636363636365,1,1,0.37,False
13487,2,0.7778691596066483,0.4444444444444444,1.0,1,1,0.8840338726356536,True
13488,3,0.19590128418665742,0.09090909090909091,10.0,2,1,0.22610055036571033,False
13490,3,1.0000000000000002,1.0,1.0,1,2,0.9500000000000001,False
13491,4,0.0,0.0,1.0,0,1,0.44999999999999996,False
13492,2,0.877406899971201,0.75,4.0,1,1,0.8400000000000001,False
13493,2,0.8358543600979028,0.8571428571428571,1.0,1,1,1.0,True
13494,4,0.0,0.0,1.1764705882352942,1,1,0.37,False
13495,3,0.0031563154198536478,0.0,1.1666666666666667,1,1,0.37,False
13497,3,0.3475522856633687,0.14285714285714285,1.0,1,1,0.5739509795700152,False
13498,2,0.9300949187171714,0.5,1.0,1,1,0.9166666666666667,True
13501,2,0.8372747912607765,0.625,1.0,1,1,0.96875,True
13503,4,0.0,0.0,1.0,0,1,0.44999999999999996,False
13506,2,0.9028317033449283,0.6,1.0,1,1,0.9583333333333333,True
13508,4,0.004224369294677654,0.0,1.0714285714285714,1,1,0.44999999999999996,False
13510,2,0.8461471430251352,0.75,1.0309278350515463,1,2,0.9500000000000001,False
13512,4,0.5537880398640748,0.3333333333333333,1.0,0,1,0.7417028107353971,True
13514,2,0.7714155371976512,1.0,1.0,1,1,0.9877495159418506,True
13515,2,0.7257652452282456,0.6666666666666666,1.0,1,1,0.9542962162089306,True
13516,4,0.0,0.0,1.0,0,1,0.44999999999999996,False
13517,3,0.3257843997445454,0.16666666666666666,1.0,1,1,0.5745425205254401,False
13518,4,0.003192213191477616,0.0,2.2222222222222223,1,1,0.29000000000000004,False
13519,4,0.00976262136857221,0.0,1.1175,1,2,0.32,False
13520,3,0.06708417793686736,0.1,1.0714285714285714,1,1,0.44999999999999996,False
13522,4,0.3667478297894889,0.2,1.0,0,1,0.6059871651478762,False
13523,3,0.07876171761553206,0.125,4.0,1,1,0.30041666666666667,False
13524,2,0.8730816404905247,0.75,1.0153846153846153,1,2,0.9500000000000001,False
13525,3,0.11267582427440746,0.125,1.1,1,1,0.4658491627842699,False
13526,3,0.27600878791776307,0.25,3.0,1,1,0.42793233767904126,False
13528,3,0.3551654988584806,0.16666666666666666,1.0,1,2,0.5371344201456981,False
13532,4,0.4352258088072028,0.3,1.0,0,1,0.6770015371078488,True
13533,4,0.1426199698508322,0.14285714285714285,1.1026200873362446,1,2,0.3561228442217852,False
13535,4,0.0,0.0,1.1122666666666667,0,1,0.37,False
13536,2,1.0000000000000002,1.0,1.0,1,1,1.0,True
13537,3,0.7081529618932312,0.6666666666666666,1.0,1,1,0.9467480947796387,True
13538,3,0.05697363801818439,0.0,10.0,1,1,0.29000000000000004,False
13539,4,0.0,0.0,1.0,0,1,0.44999999999999996,False
13541,4,0.0,0.0,4.2283298097251585,1,1,0.29000000000000004,False
13543,3,0.0,0.0,1.0422535211267605,0,1,0.44999999999999996,False
13544,2,1.0000000000000004,1.0,1.0,1,1,1.0,True
13545,3,0.9050511931287135,1.0,1.0,1,2,0.9500000000000001,False
13546,3,0.22333282818744057,0.07142857142857142,1.0,1,1,0.502856926366046,False
13547,3,0.37987796633420773,0.2857142857142857,1.0,1,2,0.59732865223847,False
13548,4,0.0,0.0,8.8,1,1,0.29000000000000004,False
13549,4,0.005106308344843223,0.0,1.0,0,1,0.44999999999999996,False
13551,2,0.9043461538865334,0.6,1.0,1,1,0.9583333333333333,True
13553,2,1.0000000000000002,1.0,1.0,1,1,1.0,True
13554,4,0.5734114383807027,0.4,1.0074242424242423,1,1,0.7778906164488726,True
13555,4,0.49807434379714555,0.5,1.0,0,1,0.7872699568654433,True
13557,3,0.44101729668038064,0.2857142857142857,4.0,0,1,0.5135312223868298,False
13558,3,0.6397773886044222,0.42857142857142855,1.0,0,2,0.7682379284495143,False
13559,3,0.09507104964388621,0.2,1.1363636363636365,0,1,0.4116666666666666,False
13560,2,1.0,1.0,1.0,0,1,1.0,True
13561,3,0.5671147080880687,0.375,1.0,1,2,0.7147753510853628,False
13562,3,0.09276122301626193,0.1111111111111111,1.1,1,1,0.4546296296296296,False
13563,2,0.9999999999999991,1.0,1.0,0,1,1.0,True
13564,2,0.9999999999999996,1.0,1.0,0,1,1.0,True
13565,4,0.12551375625841907,0.125,1.0,0,1,0.4713511336345605,False
13566,4,0.003979006923742024,0.0,10.0,1,1,0.29000000000000004,False
13568,3,0.6283498968658041,0.42857142857142855,1.0,1,1,0.8133404319901065,True
13569,4,0.0,0.0,1.0606060606060606,1,1,0.44999999999999996,False
13570,2,1.0000000000000004,1.0,1.0,0,1,1.0,True
13572,3,0.80405126705881,0.6,1.0,0,1,0.9583333333333333,True
13573,2,0.828584065627536,0.75,1.0,1,1,1.0,True
13574,3,0.20685445541089378,0.1111111111111111,1.0,1,1,0.5004243962342984,False
13575,2,0.912933634806539,1.0,1.0,0,1,1.0,True
13576,3,0.3119044380592264,0.16666666666666666,4.0,0,1,0.4085939655174462,False
13577,3,0.461486859333635,0.25,1.07145,1,1,0.667422939714415,True
13578,4,0.25580838565194525,0.125,1.0,0,1,0.5271916890889289,False
13579,3,0.5731992675926812,0.2222222222222222,1.0,0,1,0.7037256120370751,False
13580,2,1.0,1.0,1.0,1,1,1.0,True
13582,2,0.8945474132221801,0.8,1.0,1,1,1.0,True
13585,2,0.8468862701886377,0.75,1.0,0,1,1.0,True
13586,3,0.004936632570129839,0.0,1.1666666666666667,0,1,0.37,False
13587,4,0.3357058511140081,0.25,1.0,0,1,0.6135167933345749,False
13588,3,0.0026165314778671903,0.0,1.0,0,1,0.44999999999999996,False
13591,2,0.354474652007924,0.5,1.0,0,1,0.7257272318129198,False
13592,3,0.6543598416535218,0.5555555555555556,1.0,0,1,0.8773976040948956,True
13593,2,0.6641208375111094,0.5,1.0695187165775402,1,1,0.8584327398857137,True
13594,4,0.0,0.0,1.0714285714285714,1,1,0.44999999999999996,False
13595,4,0.0,0.0,1.0,1,1,0.44999999999999996,False
13596,4,0.1479927087511277,0.16666666666666666,4.0,0,1,0.33834608152826107,False
13598,4,0.04825698375508004,0.0,1.0714285714285714,0,1,0.44999999999999996,False
13599,3,0.26195309994453475,0.2,1.0,0,1,0.5610751380714672,False
13600,2,1.000000000000001,1.0,1.0,0,1,1.0,True
13602,3,0.2651595780748549,0.2857142857142857,1.0,2,1,0.4931636286987473,False
13603,2,0.9999999999999998,1.0,1.0,1,1,1.0,True
13604,2,0.9999999999999989,1.0,1.0,0,1,1.0,True
13606,4,0.011629043270560661,0.0,1.1363636363636365,1,1,0.37,False
13607,3,0.005163217406505464,0.0,4.4,1,1,0.29000000000000004,False
13608,2,0.8004526606415927,0.75,1.0,1,1,1.0,True
13610,4,0.036294402445554604,0.0,1.0084173807537726,1,1,0.44999999999999996,False
13611,2,0.8284679229949851,0.8333333333333334,1.0,1,1,1.0,True
13613,4,0.0032948394260038528,0.0,1.1666666666666667,1,1,0.37,False
13615,3,0.2734920415596954,0.3333333333333333,1.0,1,1,0.6215759543192345,False
13616,4,0.007633100494052839,0.0,1.0,0,1,0.44999999999999996,False
13619,3,0.0,0.0,1.0,0,1,0.44999999999999996,False
13621,4,0.0,0.0,1.0869565217391304,0,1,0.44999999999999996,False
13622,4,0.171218052738255,0.0,1.0012045454545455,1,1,0.4805220226021093,False
13625,4,0.002896947466765917,0.0,1.1363636363636365,0,1,0.37,False
13626,4,0.0,0.0,1.1363636363636365,1,1,0.37,False
13627,4,0.05992980475149131,0.0,1.0,0,2,0.39999999999999997,False
13635,4,0.0,0.0,2.142857142857143,1,2,0.24,False
13636,3,0.4070809198935884,0.42857142857142855,1.0227272727272727,1,2,0.6685108704305855,False
13638,4,0.7653546167116831,0.6,1.0,0,2,0.8934853119240548,False
13640,4,0.0,0.0,1.0666666666666667,0,2,0.39999999999999997,False
13641,4,0.08536742116674459,0.0,1.0,1,2,0.39999999999999997,False
13643,2,0.950663761445743,0.75,1.0,1,2,0.9500000000000001,False
13644,4,0.0,0.0,1.125,0,2,0.32,False
13645,3,0.34576085503444387,0.2,1.0,0,2,0.5469927473957141,False
13646,3,0.20396016464001593,0.1111111111111111,1.0555555555555556,1,2,0.44918398590392217,False
13647,3,0.20263740515372655,0.5,1.0714285714285714,1,2,0.6106541260182639,False
13648,4,0.2609232402269154,0.125,1.1,0,2,0.47938376962105894,False
13650,4,0.640424677124531,0.625,1.0227272727272727,1,2,0.8503605759105134,False
13655,4,0.4294416233025538,0.4,1.0666666666666667,0,2,0.666189267129666,False
13656,4,0.0,0.0,1.1428571428571428,0,2,0.32,False
13657,3,0.3276536479185703,0.2857142857142857,1.0588235294117647,0,2,0.5749468014889111,False
13659,4,0.17593036818994864,0.16666666666666666,1.0,0,2,0.46031936414489866,False
13660,4,0.7101835622545543,0.5,1.0,1,2,0.8281739076329043,False
13662,4,0.32279349873117946,0.16666666666666666,1.0,0,2,0.5232607058054262,False
13663,3,0.15757988019443261,0.125,1.0272727272727273,1,1,0.48509375817856637,False
13671,4,0.0,0.0,1.1333333333333333,0,2,0.32,False
13673,2,0.5542683349436371,0.25,1.125,0,2,0.5771864292615588,False
13682,3,0.11996236754905246,0.16666666666666666,1.12,1,2,0.3563330781559431,False
13683,3,0.9281046722341382,1.0,1.0344827586206897,0,2,0.9500000000000001,False
13684,2,1.0000000000000009,1.0,1.0,1,2,0.9500000000000001,False
13685,3,0.6503176418329478,0.375,1.0,0,2,0.7504337512617397,False
13688,2,0.5846537199607108,0.4444444444444444,1.0,0,2,0.7512272556445375,False
13689,3,0.25727943711777534,0.18181818181818182,1.0,0,2,0.5014963821413843,False
13690,4,0.0025300695034116217,0.0,1.1111111111111112,1,2,0.32,False
13692,4,0.0,0.0,1.1666666666666667,1,2,0.32,False
13695,2,0.8092079636816949,0.5,1.0,1,2,0.8666666666666668,False
13696,2,0.7359561863208881,0.6,1.0,0,2,0.8808859846137141,False
13701,2,1.0,1.0,1.0,1,1,1.0,True
13702,2,1.0000000000000009,1.0,1.0,1,1,1.0,True
13705,2,0.9308447133288398,0.75,1.0,1,2,0.9500000000000001,False
13707,4,0.39135179606821946,0.25,1.0,0,2,0.5873650554578084,False
13708,4,0.22727532709127457,0.2857142857142857,1.1618589743589745,2,2,0.3469275211343557,False
13709,3,0.46028678488441277,0.25,1.1111111111111112,0,2,0.5369086220933198,False
13713,3,0.655634213485376,0.42857142857142855,1.0,1,2,0.7750337105413517,False
13715,3,0.13475465872091813,0.125,1.12,1,2,0.345311520404203,False
13716,3,0.6686590357327679,0.375,1.0105263157894737,1,2,0.7582943486473769,False
13717,4,0.685881474726803,0.4,1.0,0,2,0.7760920605972014,False
13718,4,0.46520660714340545,0.3333333333333333,1.0,0,2,0.653739339569396,False
13720,4,0.012101424304908702,0.0,1.1428571428571428,1,2,0.32,False
13721,2,0.7430197743199936,0.5,1.0,0,1,0.892246569946664,True
13722,4,0.22672336355627065,0.1111111111111111,1.0570824524312896,1,1,0.508939642582317,False
13723,4,0.615281724148319,0.42857142857142855,1.0294117647058822,1,2,0.7577397865397558,False
13725,2,0.9080943620921103,1.0,1.0,0,1,1.0,True
13728,3,0.7284893198029084,0.5,1.0,1,1,0.8860192322964846,True
13729,2,0.805683293353572,0.5,1.0,0,1,0.9166666666666667,True
13731,4,0.7249038146872796,0.5,1.0,1,2,0.8344825872469295,False
13732,4,0.27145861884362427,0.25,1.0,0,2,0.5359822652186962,False
13733,3,0.663673745398746,0.5,1.0,1,1,0.858241128980415,True
13736,4,0.08125090163769229,0.0,1.1428571428571428,1,2,0.32,False
13738,3,0.3224196842466352,0.1,1.0,1,2,0.49532272181998654,False
13740,4,0.0,0.0,1.1111111111111112,1,2,0.32,False
13741,4,0.0,0.0,1.0,0,2,0.39999999999999997,False
13742,2,1.0000000000000004,1.0,1.0,0,2,0.9500000000000001,False
13743,4,0.09864798305787914,0.09090909090909091,1.0434782608695652,0,2,0.39999999999999997,False
13745,2,0.674801211229297,0.8571428571428571,1.0,0,1,0.9463433762411273,True
13746,2,0.9999999999999992,1.0,1.0,1,1,1.0,True
13748,4,0.8309446388301207,0.75,1.0,1,3,0.9500000000000001,False
13749,4,0.18683601370821734,0.14285714285714285,1.1428571428571428,1,2,0.37507257730352167,False
13750,4,0.3128359533346316,0.14285714285714285,1.1111111111111112,0,2,0.42907255142912776,False
13752,4,0.0,0.0,1.0338345864661653,0,2,0.39999999999999997,False
13754,4,0.0,0.0,1.0,1,2,0.39999999999999997,False
13755,4,0.09741260771180761,0.09090909090909091,1.1692307692307693,0,2,0.32,False
13759,3,0.34830219842608545,0.1111111111111111,1.0,1,1,0.5610448575265233,False
13760,4,0.08719886002511679,0.09090909090909091,1.0909090909090908,1,2,0.39999999999999997,False
13763,2,0.9427695950295437,0.8,1.0,0,2,0.9500000000000001,False
13764,4,0.30514555988518666,0.16666666666666666,1.0,0,2,0.5156973034428578,False
13765,4,0.00419562213494457,0.0,1.1333333333333333,1,2,0.32,False
13766,3,0.129879678897795,0.1,1.0294117647058822,1,2,0.41280557667048356,False
13767,3,0.8495238069994796,0.6,1.0,1,2,0.9083333333333333,False
13768,3,0.002995382935165568,0.0,1.0,1,2,0.39999999999999997,False
13769,2,0.7019341353580363,0.5714285714285714,1.0,0,2,0.8544003437248727,False
13770,2,0.9525087736002021,0.875,1.0,0,1,1.0,True
13774,4,0.13505977025358296,0.2,1.12,1,2,0.37669228248963077,False
13776,3,0.9999999999999999,1.0,1.0,0,2,0.9500000000000001,False
13778,3,0.353848342253282,0.25,1.0,0,2,0.5712921466799781,False
13779,4,0.38158419844763125,0.0,1.0022271714922049,0,2,0.5206789421918421,False
13780,2,0.45138576758970206,0.5,1.0,0,2,0.7172605670622533,False
13781,2,1.0,1.0,1.0,0,2,0.9500000000000001,False
13782,4,0.7888242023283033,0.5,1.0,0,2,0.8618770390930824,False
13785,3,0.004230516854879944,0.0,1.0329244673983216,1,1,0.44999999999999996,False
13789,4,0.7998835996768562,0.5,1.0011764705882353,1,2,0.8666167808138908,False
13790,3,0.4858518712253958,0.25,1.0,1,1,0.6778650876680268,True
13791,4,0.24648887559211036,0.14285714285714285,1.151598487452733,0,2,0.40063808953947583,False
13792,2,0.4408777883845333,0.5,1.0555555555555556,0,2,0.7127571474028954,False
13793,3,0.13652611542492463,0.09090909090909091,4.250295159386068,2,2,0.15065404946782485,False
13794,4,0.10336074403900293,0.1111111111111111,1.0526315789473684,0,2,0.40606994850348804,False
13797,4,0.0,0.0,1.0,1,2,0.39999999999999997,False
13798,3,0.43918190873871255,0.375,1.0666666666666667,1,2,0.6599470085070673,False
13802,4,0.2307233484521482,0.16666666666666666,1.1,0,1,0.5338020699715555,False
13806,4,0.5798804176298733,0.4,1.0166666666666666,0,1,0.7806630361270885,True
13809,3,0.011339696570668493,0.0,1.0,0,2,0.39999999999999997,False
13810,2,0.8676577563651968,0.75,1.0,0,1,1.0,True
13811,4,0.0,0.0,1.1412268188302426,0,1,0.37,False
13812,3,0.2501206375840086,0.16666666666666666,1.0,0,1,0.54211519388521,False
13813,2,0.798575357050839,0.5,1.0,0,1,0.9160561054027405,True
13814,4,0.20333793755497143,0.0,1.1666666666666667,0,2,0.36428768752355917,False
13816,3,0.24865801966194342,0.0,1.125,0,1,0.4337105798551186,False
13817,3,0.25778051521833145,0.2,2.0416666666666665,0,1,0.399286887474523,False
13819,4,0.301812821104087,0.14285714285714285,1.0,0,1,0.5543483519017516,False
13820,4,0.24889316001129377,0.2,1.0714285714285714,1,2,0.5054780209572212,False
13821,3,0.48215996710884845,0.4,1.1,0,1,0.7387828430466493,True
13825,2,0.45072552565447477,0.6666666666666666,1.125,0,2,0.7064220506773147,False
13827,4,0.3964633123195696,0.16666666666666666,1.0,0,2,0.5548334830575934,False
13829,3,0.20807693003797934,0.16666666666666666,1.1428571428571428,0,1,0.44409646207976894,False
13830,3,0.0,0.0,1.0,0,1,0.44999999999999996,False
13831,2,0.6966832402122178,0.4,1.1538461538461537,0,1,0.7507213886623791,True
13832,4,0.0,0.0,1.0526315789473684,0,1,0.44999999999999996,False
13835,4,0.2381018526930417,0.16666666666666666,1.0,0,1,0.5369642860747956,False
13836,4,0.22448575825902026,0.16666666666666666,1.1363636363636365,0,1,0.45112881703164354,False
13837,2,0.7612881998515525,0.75,1.0714285714285714,0,1,0.9834092285078082,True
13839,4,0.12324468598716806,0.1,1.0666666666666667,1,1,0.45996200828021483,False
13840,4,0.29089931166137806,0.2222222222222222,1.1333333333333333,0,1,0.502739916637945,False
13841,4,0.18845487897857094,0.0,1.125,0,1,0.40790923384795896,False
13842,2,0.8049574087028387,0.6666666666666666,1.0,0,1,0.9861111111111112,True
13847,4,0.0,0.0,1.1666666666666667,1,1,0.37,False
13849,4,0.40381949599824085,0.2,1.0,0,2,0.5718750220944843,False
13851,3,0.5421536784565718,0.4,1.0294117647058822,0,2,0.7144944336242453,False
13853,2,0.8136129661736793,0.75,1.0,1,1,1.0,True
13855,4,0.18706591345890303,0.14285714285714285,1.1764705882352942,0,1,0.42517110576810124,False
13858,3,0.17991478692346471,0.125,1.0,0,1,0.49466586106243726,False
13860,3,0.19781947758856389,0.14285714285714285,1.0,0,1,0.5097797761093845,False
13861,3,0.4032621806635174,0.2857142857142857,1.0,0,1,0.6573504583796027,True
13863,4,0.2726046259942009,0.16666666666666666,1.03125,1,1,0.5517511889181496,False
13867,4,0.10155645093867635,0.1111111111111111,1.1111111111111112,1,2,0.32529668003191947,False
13869,3,0.8655071416245366,0.6666666666666666,1.0,1,2,0.9361111111111112,False
13874,3,0.2264532528538514,0.2857142857142857,1.0869565217391304,0,1,0.5815752036040316,False
13875,3,0.19569756342513023,0.2,1.0,0,1,0.5326799081345797,False
13876,4,0.7535510435036109,1.0,1.008888888888889,1,1,0.9800933043586904,True
13882,2,0.4919094556359989,0.3333333333333333,1.1666666666666667,0,1,0.6351834174947931,True
13884,3,0.11010920802302247,0.16666666666666666,1.1,0,1,0.4821102955019303,False
13886,4,0.12031321108365346,0.0,1.1111111111111112,0,1,0.37870566189299437,False
13889,3,0.15034773168459575,0.0,1.0227272727272727,2,2,0.3165775992933982,False
13892,2,0.6154255758720516,0.5,1.037037037037037,0,1,0.8375633420404032,True
13893,4,0.3410461414212853,0.2,1.0666666666666667,0,1,0.5949721558472175,False
13895,3,0.44046048740862354,0.4,1.0,0,1,0.7209116374608386,True
13898,3,0.2937765678256678,0.2,1.0588235294117647,2,1,0.4697137671633814,False
13899,2,0.6019770258146439,0.3333333333333333,1.0,0,2,0.7123552332856411,False
13900,4,0.012345061354542566,0.0,1.0526315789473684,1,1,0.44999999999999996,False
13903,3,0.1873208954889026,0.125,1.1363636363636365,1,1,0.41783990759048206,False
13906,2,0.5241665374962948,0.5,1.1111111111111112,0,2,0.6684523255936502,False
13907,3,0.4945451018334744,0.2857142857142857,1.0,0,2,0.6464717103095843,False
13908,2,0.9999999999999998,1.0,1.0,1,1,1.0,True
13910,3,0.15085891077287458,0.125,1.0666666666666667,1,1,0.4822133427121843,False
13911,4,0.11193348322925496,0.16666666666666666,1.0714285714285714,1,1,0.4828921277331727,False
13912,4,0.4811460646452465,0.42857142857142855,1.018181818181818,1,1,0.7502530753241532,True
13914,4,0.09691545477037396,0.09090909090909091,1.05,0,2,0.39999999999999997,False
13915,4,0.508027644555093,0.3333333333333333,1.0,0,1,0.7220912127458334,True
13916,2,0.5951978379080685,0.5,1.0076923076923077,1,1,0.8288943114844103,True
13918,2,0.8845651938789921,0.75,1.0,1,1,1.0,True
13919,2,0.6640134027024336,0.42857142857142855,1.0,0,1,0.8286247916343763,True
13920,3,0.3066885277400312,0.2,1.0869565217391304,0,1,0.5802474642695372,False
13921,2,0.4536199795552758,0.42857142857142855,1.0833333333333333,0,1,0.7384561817141657,True
13922,3,0.0915038961581094,0.14285714285714285,1.1,0,1,0.46785714285714286,False
13924,4,0.0,0.0,1.0416666666666667,1,1,0.44999999999999996,False
13925,4,0.0,0.0,1.1764705882352942,0,1,0.37,False
13927,2,1.0000000000000004,1.0,1.0,1,2,0.9500000000000001,False
13929,3,0.6028927034339313,0.5,1.0026315789473683,0,1,0.8321921109954944,True
13932,3,0.7360853509343068,0.5714285714285714,1.5,2,1,0.6540365789718459,False
13935,3,0.3947464864726233,0.4,1.0,1,1,0.7013199227739814,False
13936,4,0.32268927777601125,0.1111111111111111,1.134,1,2,0.4200678915336344,False
13938,4,0.07856466611608587,0.0,1.0987012987012987,0,1,0.44999999999999996,False
13939,2,0.767785006495807,0.7142857142857143,1.0,0,1,0.9861935742124888,True
13941,3,0.0039025357178416784,0.0,1.0714285714285714,0,1,0.44999999999999996,False
13942,4,0.634127906546766,0.42857142857142855,1.011764705882353,1,1,0.8158167218533758,True
13947,4,0.08354392118440275,0.1111111111111111,1.1131578947368421,0,1,0.37462962962962965,False
13948,4,0.29046541666400677,0.25,1.0398613518197575,0,1,0.5941280357131458,False
13951,4,0.529169140912222,0.5,1.0,0,1,0.8005962984861904,True
13953,4,0.19328192368300354,0.2222222222222222,1.09,1,2,0.49090389321864175,False
13956,3,0.3615859267960894,0.3,1.0,0,1,0.6454415876745145,False
13958,2,0.9571605567233922,1.0,1.0,1,1,1.0,True
13960,4,0.025434326915547967,0.0,1.0416666666666667,1,1,0.44999999999999996,False
13962,2,0.9641038887537897,1.0,1.0,1,1,1.0,True
13966,2,0.5990847954608923,0.5,1.0076923076923077,1,1,0.8305601504356206,True
13969,4,0.24270120997408587,0.25,1.1111111111111112,1,1,0.49365766141746537,False
13970,4,0.005391546134254085,0.0,1.1336515513126493,0,2,0.32,False
13971,2,0.8690394121481623,0.5,1.0,1,1,0.9166666666666667,True
13972,2,0.7573492423681292,0.5555555555555556,1.0,0,1,0.9215359186868701,True
13974,2,0.767004790642277,0.5,1.0,1,1,0.902525862656214,True
13979,2,0.5849375420939844,0.25,1.0,0,1,0.7203303751831361,True
13980,4,0.01060304643477995,0.0,1.0588235294117647,1,1,0.44999999999999996,False
13983,3,0.36397634421268443,0.14285714285714285,1.0714285714285714,1,1,0.5809898618054362,False
13984,4,0.27096415193597984,0.25,1.0416666666666667,0,1,0.5857703508297056,False
13988,4,0.008066312173585647,0.0,1.125,1,2,0.32,False
13990,3,0.4490743340444687,0.3333333333333333,1.1428571428571428,0,1,0.6168255082412802,True
13992,2,0.8698315130346734,0.7142857142857143,1.0,1,1,1.0,True
13994,4,0.17009443376449282,0.14285714285714285,1.0,0,2,0.4478976144704969,False
13995,4,0.1708390617462861,0.0,2.0588235294117645,0,1,0.32035959789126545,False
13998,3,0.4457749315298962,0.5,1.0,1,1,0.7648559230366223,True
13999,3,0.21310694920182466,0.2,1.0,1,1,0.5401410734674487,False
14000,2,0.8891371020699577,0.6666666666666666,1.0,1,1,0.9861111111111112,True
14003,2,0.4376260535329909,0.5555555555555556,1.0,0,1,0.7845116949003824,True
14006,2,0.9279007893859562,0.8,1.0,1,1,1.0,True
14007,3,0.06599617250028733,0.1,1.0714285714285714,0,1,0.44999999999999996,False
14011,4,0.46851119525592066,0.4,1.0,0,1,0.7329333693953946,True
14013,3,0.34122951537467455,0.2222222222222222,1.0,0,1,0.6043100039436435,False
14014,2,0.8863573928411269,0.8571428571428571,1.0,0,1,1.0,True
14016,2,0.9409381134038597,0.75,1.0,1,1,1.0,True
14017,4,0.11696111979676616,0.14285714285714285,1.0,1,2,0.425126194198614,False
14019,3,0.26497049166891845,0.23076923076923078,8.0,0,1,0.4151888187738588,False
14021,4,0.32896784190187944,0.3333333333333333,1.1111111111111112,0,1,0.5653512973230277,False
14023,3,0.23891756253662907,0.2,1.0,0,1,0.5512027648966505,False
14024,3,0.321274404492588,0.25,1.044776119402985,1,1,0.6073318876396806,False
14025,4,0.3205131775315538,0.125,1.0,0,1,0.5549223141801897,False
14027,3,0.1311711326803157,0.18181818181818182,1.125,0,1,0.4174499659539015,False
14028,2,0.9433562857582429,0.8,1.0,1,1,1.0,True
14032,3,0.2978043531700259,0.2,1.125,0,1,0.49643996088239206,False
14034,4,0.0,0.0,1.1764705882352942,0,1,0.37,False
14035,2,0.5896055910374608,0.6666666666666666,1.0,0,1,0.8959420786985943,True
14037,3,0.22778484895453058,0.2222222222222222,1.0666666666666667,1,1,0.5556908611921533,False
14038,4,0.08916409608132618,0.1111111111111111,1.0333333333333334,1,1,0.4546296296296296,False
14039,4,0.0,0.0,1.1363636363636365,1,1,0.37,False
14041,2,0.8815999036901653,1.0,1.0,1,1,1.0,True
14044,4,0.10004915509250639,0.1,1.125,1,1,0.370021066468217,False
14045,3,0.2795411920689426,0.2222222222222222,1.0,1,1,0.5778721510983299,False
14047,3,0.16962705276759227,0.2,1.0526315789473684,0,1,0.5215068321384919,False
14049,3,0.21480720891579405,0.25,1.00625,1,1,0.5617030895353403,False
14052,4,0.09437564844382075,0.1111111111111111,1.0666666666666667,0,1,0.4546296296296296,False
14054,2,0.8554786059801022,0.6666666666666666,1.0,0,1,0.9861111111111112,True
14055,4,0.0,0.0,1.125,0,1,0.37,False
14057,3,0.3710455012017929,0.2857142857142857,1.1333333333333333,0,1,0.5635433100388636,False
14058,4,0.39138888725250376,0.3333333333333333,1.0,0,1,0.6721031739018667,False
14060,4,0.0,0.0,1.125,0,1,0.37,False
14062,3,0.5221533159291927,0.4444444444444444,1.1,2,2,0.6194413682024583,False
14065,2,0.7818227393563537,0.75,1.0,0,1,0.9922097454384373,True
14066,2,0.811518454052578,0.625,1.0,1,1,0.96875,True
14067,3,0.3647571697701323,0.25,1.1,1,2,0.5759673584729139,False
14076,4,0.17679646497920684,0.125,1.0666666666666667,0,1,0.49332943737204105,False
14078,2,0.9254337808608556,0.6666666666666666,1.0,1,1,0.9861111111111112,True
14080,4,0.5984833850078752,0.5,1.0,0,1,0.8303024030986133,True
14081,2,0.8055342854843509,0.75,1.0,0,1,1.0,True
14083,2,0.5330025597492108,0.6,1.0,0,1,0.843905858940138,True
14087,2,0.7449538769746405,0.75,1.0,0,1,0.9764088044177031,True
14088,4,0.24466637465926902,0.14285714285714285,1.0,0,1,0.5298570177111153,False
14091,3,0.0,0.0,1.0,1,1,0.44999999999999996,False
14092,2,0.7523239425630414,0.75,1.0,0,1,0.9795674039555891,True
14093,4,0.1294364284337066,0.14285714285714285,1.1,0,1,0.4804727550430171,False
14096,2,0.7743584903903309,0.5,1.0,0,1,0.9056774482625227,True
14097,4,0.3808427701757783,0.18181818181818182,1.126,0,1,0.5244520963090997,False
14099,4,0.12767536780819705,0.1111111111111111,1.0625,0,1,0.4664905015474283,False
14106,4,0.12211528584726966,0.0,1.0,0,1,0.45947797964882986,False
14112,4,0.0712095412805161,0.09090909090909091,1.1333333333333333,0,2,0.32,False
14117,3,0.27128041934131886,0.2857142857142857,1.0788690476190477,0,1,0.6007868463843747,False
14119,2,0.5222910051277933,0.4,1.0275229357798166,0,1,0.7559818593404828,True
14123,2,0.8822283635093745,0.7272727272727273,1.0,0,2,0.9500000000000001,False
14125,4,0.004305779934144264,0.0,1.1,1,1,0.44999999999999996,False
14126,2,0.8693614174957266,0.8888888888888888,1.0,0,1,1.0,True
14127,3,0.23379613728019244,0.14285714285714285,1.1666666666666667,1,1,0.4451983445486539,False
14129,2,0.8731541730336295,0.9,1.0,0,1,1.0,True
14130,2,0.7414040450004904,0.7142857142857143,1.0,1,1,0.974887447857353,True
14131,4,0.33214699996296493,0.14285714285714285,1.0,0,2,0.5173487142698422,False
14133,4,0.17174394523143804,0.16666666666666666,1.1481481481481481,0,1,0.4285251828769655,False
14134,3,0.4567627190455111,0.3333333333333333,1.0,0,1,0.7001205303845841,True
14140,4,0.29519744494111405,0.18181818181818182,1.0294117647058822,0,1,0.5677469569228151,False
14142,2,0.7725548191123026,0.5,1.0,0,1,0.904904446286225,True
14144,3,0.39118245029809934,0.3333333333333333,1.1153846153846154,0,1,0.5920147009214076,False
14146,4,0.09526824191323857,0.125,1.1111111111111112,0,1,0.3804166666666666,False
14147,2,0.565002645083395,0.6666666666666666,1.0,0,1,0.8853979590039947,True
14151,2,0.8898414291324237,0.8333333333333334,1.0,1,1,1.0,True
14153,3,0.39581105575451825,0.25,1.135,0,1,0.5592761667519364,False
14158,2,0.6199339411409142,0.3333333333333333,1.0261538461538462,0,1,0.7700510541397569,True
14159,4,0.004368360647550009,0.0,1.0,0,1,0.44999999999999996,False
14160,4,0.2597933011187011,0.1111111111111111,1.125,2,1,0.3381124729662158,False
14162,2,0.9319679613715071,0.6666666666666666,1.0,0,1,0.9861111111111112,True
14164,4,0.6667523936328368,0.5,1.0625,0,1,0.8595605496521681,True
14165,4,0.4698385695442216,0.375,1.0,1,2,0.6730855774237141,False
14167,4,0.5125077084050481,0.5,1.0,1,1,0.7934556845545444,True
14169,3,0.5974743406554186,0.16666666666666666,1.08,0,1,0.6909810666301001,False
14170,3,0.08088375807229067,0.0,1.0,0,1,0.44999999999999996,False
14172,3,0.6053334741768476,0.6,1.0,1,2,0.8249048222662682,False
14174,2,0.7525671111443182,0.6666666666666666,1.0,0,1,0.9657827301729618,True
14178,4,0.1116945464183496,0.125,1.0625,0,1,0.46542861513167366,False
14180,3,0.5107443850891105,0.25,1.0,1,1,0.6885333078953331,True
14186,3,0.8582166911838992,0.6666666666666666,1.0,1,1,0.9861111111111112,True
14190,3,0.1485553704517713,0.14285714285714285,1.0,0,1,0.4886665873364734,False
14193,3,0.0935105471507412,0.0,4.0,0,1,0.29000000000000004,False
14194,3,0.20800901974497904,0.14285714285714285,1.0,0,1,0.5141467227478481,False
14196,3,0.16473224150332613,0.1111111111111111,1.0,0,1,0.48237201884534087,False
14200,3,0.42221903138088407,0.16666666666666666,1.0,0,1,0.6158716483695852,False
14201,3,0.48560758419440486,0.42857142857142855,1.0,1,1,0.7521651551309354,True
14208,3,0.10062184135410067,0.1111111111111111,1.0,1,1,0.4548961330671013,False
14210,3,0.5778027439650937,0.3333333333333333,1.0,0,2,0.701994826778691,False
14214,3,0.17172297330344197,0.1,1.0,1,2,0.4307384171300465,False
14219,4,0.11458816197663847,0.16666666666666666,1.0,0,1,0.4840298471963371,False
14221,4,0.5029078359193174,0.2,1.1636363636363636,1,2,0.5343414534892313,False
14227,4,0.7709923030919128,0.75,1.0285714285714285,1,1,0.987568129896534,True
14228,2,0.5480821836305225,0.5,1.0,0,2,0.758701888222605,False
14229,3,0.0,0.0,1.0526315789473684,1,2,0.39999999999999997,False
14233,2,0.5369888437150955,0.375,1.0240963855421688,1,2,0.7018642663540887,False
14234,3,0.3667727745731309,0.2857142857142857,1.0,1,2,0.5917121414837228,False
14235,3,0.13601081453106068,0.14285714285714285,1.0575793184488838,1,2,0.43329034908474023,False
14236,2,1.0000000000000002,1.0,1.0,1,1,1.0,True
14238,2,1.0000000000000004,1.0,1.0,0,2,0.9500000000000001,False
14243,4,0.0,0.0,1.0,1,1,0.44999999999999996,False
14244,4,0.018135590335690843,0.0,1.1764705882352942,1,1,0.37,False
14245,4,0.004796597637370487,0.0,1.0869565217391304,1,1,0.44999999999999996,False
14246,3,0.7154802204427484,0.75,1.1111111111111112,1,1,0.8837772373326064,True
14247,3,0.0,0.0,1.1111111111111112,0,1,0.37,False
14250,2,0.5649726941927552,0.375,1.0666666666666667,0,1,0.7638573451302284,True
14251,3,0.5185452973462569,0.2857142857142857,1.0,0,1,0.706757508386491,True
14253,2,0.596707515968331,0.5,1.0638781541259377,0,1,0.8295413163673799,True
14256,2,0.4151568809327568,0.42857142857142855,1.0,0,1,0.721971996590229,True
14259,4,0.0022123278770187203,0.0,1.0,0,2,0.39999999999999997,False
14262,4,0.09037189039710983,0.09090909090909091,1.1111111111111112,1,2,0.32,False
14263,2,0.9999999999999997,1.0,1.0,0,1,1.0,True
14265,3,0.2423173327613025,0.07692307692307693,1.0,0,2,0.4609931426119868,False
14266,2,0.9186848554472419,0.7777777777777778,1.0,1,2,0.9500000000000001,False
14271,4,0.007799678111420762,0.0,1.0714285714285714,0,1,0.44999999999999996,False
14274,4,0.003045141934560859,0.0,1.0714285714285714,1,1,0.44999999999999996,False
14277,4,0.53537516415327,0.0,1.0,0,2,0.5865893560656872,False
14284,3,0.483021935926906,0.4,1.0,1,2,0.6891522582543883,False
14287,3,0.33549411126403017,0.42857142857142855,1.1333333333333333,1,2,0.5578308095893463,False
14290,2,0.7616205093371937,0.6666666666666666,1.0,1,2,0.9196627579699085,False
14291,3,0.13318104147666243,0.1,1.084010840108401,1,2,0.414220446347141,False
14292,3,0.11779230783784486,0.08333333333333333,1.0714285714285714,1,2,0.4076252747876478,False
14294,3,0.2568694992633346,0.2727272727272727,1.0,2,1,0.48419948236826893,False
14295,4,0.21443001975655654,0.375,1.0526315789473684,1,1,0.6136247703718576,False
14296,3,0.04783745933129158,0.0,1.0,1,1,0.44999999999999996,False
14297,2,0.9298427742249151,0.6666666666666666,1.0,1,1,0.9861111111111112,True
14301,3,0.06760799447842711,0.1111111111111111,1.175,1,1,0.37462962962962965,False
14304,2,0.950943817971331,0.8,1.0,1,2,0.9500000000000001,False
14306,2,0.8423662684302787,0.75,1.0,0,1,1.0,True
14307,3,0.2881255834202294,0.25,1.0,1,1,0.5931252500372411,False
14309,4,0.0,0.0,1.135646687697161,1,1,0.37,False
14310,3,0.1003749548772342,0.1111111111111111,1.0,0,1,0.45479032457701574,False
14313,4,0.026964839541492293,0.0,1.0,0,1,0.44999999999999996,False
14317,3,0.21853988795560433,0.15384615384615385,1.0172043010752687,0,1,0.5232387065597278,False
14321,3,0.07965485354248691,0.1111111111111111,1.0714285714285714,0,1,0.4546296296296296,False
14322,2,0.7631940640971979,0.5714285714285714,1.0,0,1,0.9306545988987991,True
14324,4,0.14081030541007658,0.1,4.606060606060606,2,1,0.20249013089003282,False
14325,3,0.2147138696925692,0.3333333333333333,1.0,2,1,0.49138530923332335,False
14326,2,0.6941158640494799,0.75,1.0,0,1,0.9546210845926342,True
14328,4,0.0,0.0,1.0714285714285714,1,1,0.44999999999999996,False
14330,3,0.7257910176658945,0.42857142857142855,1.0,1,2,0.8051009123330025,False
14331,2,0.7562233272033628,0.42857142857142855,1.0,1,2,0.8181433307062033,False
14332,3,0.4522657035793518,0.4,3.0927835051546393,1,2,0.5159710158197224,False
14333,3,0.2165175001412464,0.4,12.45,1,1,0.46493607148910565,False
14334,4,0.06953196507489767,0.1111111111111111,1.0526315789473684,1,1,0.4546296296296296,False
14335,4,0.14706444350451112,0.07692307692307693,1.1320754716981132,1,2,0.3401704757876476,False
14340,2,0.9724335924913473,0.75,1.0,1,1,1.0,True
14341,4,0.588453327091472,0.6,1.145374449339207,0,1,0.7876704735153928,True
14342,3,0.28348799806139713,0.3333333333333333,3.3333333333333335,1,1,0.4658599356771067,False
14344,4,0.0,0.0,1.0,2,1,0.345,False
14345,4,0.0,0.0,1.1111111111111112,1,1,0.37,False
14347,3,0.13664215581675648,0.0,1.1111111111111112,1,1,0.38570378106432424,False
14348,3,0.4453477964073855,0.36363636363636365,1.1666666666666667,0,1,0.6278546833087929,True
14349,3,0.6447987418104778,0.5555555555555556,1.0,0,1,0.8732999898764482,True
14350,3,0.6973250512459667,0.6666666666666666,1.0,0,1,0.9421075616450969,True
14352,4,0.2907061448415777,0.2,1.1111111111111112,0,1,0.49339787159877135,False
14358,2,0.9187578731543704,0.8,1.0,1,1,1.0,True
14359,2,1.0000000000000004,1.0,1.0,0,1,1.0,True
14361,3,0.5480960141826517,0.375,10.0,1,1,0.5966244822687555,False
14362,4,0.0,0.0,1.1363636363636365,1,1,0.37,False
14363,4,0.051895287372519354,0.08333333333333333,1.0810810810810811,0,1,0.44999999999999996,False
14365,3,0.08110547727799632,0.125,1.0,1,1,0.4604166666666667,False
14370,4,0.11284198280775615,0.14285714285714285,8.8,1,1,0.31336084977475265,False
14371,4,0.011222694411543872,0.0,1.0,1,1,0.44999999999999996,False
14373,3,0.508605039577633,0.5,1.0,1,1,0.7917831121999379,True
14374,3,0.8614427665992296,0.5,1.0,1,2,0.8666666666666668,False
14377,4,0.4610965437225835,0.3333333333333333,1.0133333333333334,1,2,0.6519778838176152,False
14378,2,0.9999999999999997,1.0,1.0,1,1,1.0,True
14381,4,0.41364593278812883,0.4444444444444444,1.0,1,2,0.6779382039991452,False
14384,4,0.8399966259905951,0.6666666666666666,1.0,1,3,0.9361111111111112,False
14390,4,0.8288633763909243,0.5,1.0,1,2,0.8666666666666668,False
14394,3,0.6200961750376431,0.4444444444444444,1.0,0,1,0.816416879248937,True
14395,3,0.2290710601357306,0.2,1.0,0,1,0.5469828352962655,False
14402,2,0.8609950377394362,0.625,1.0,1,2,0.9187500000000001,False
14403,4,0.16000276634841631,0.125,1.1412268188302426,2,2,0.25113213795884504,False
14404,3,0.22266582250495712,0.2222222222222222,1.15,2,2,0.31849699271376464,False
14405,3,0.5710438614649591,0.5,1.0,1,2,0.7685426072945064,False
14407,2,0.6619864881687623,0.7777777777777778,1.0,1,1,0.9408513520723267,True
14408,3,0.7758571531804788,0.6,1.00119189511323,1,1,0.94798639898211,True
14409,2,0.9099854222407864,0.625,1.0,0,1,0.96875,True
14410,3,0.7879784383829034,0.625,1.0,1,1,0.9635979021641015,True
14412,4,0.10817203801467426,0.125,3.8666666666666667,1,1,0.30391896867295565,False
14414,2,0.5959069984643495,0.2857142857142857,1.0,0,1,0.7399125231513879,True
14423,2,0.878853521153265,1.0,1.0,2,1,0.895,False
14426,3,0.49735081472866227,0.5,1.1,0,1,0.7869598729789505,True
14430,4,0.23761423934450665,0.125,1.0909090909090908,1,1,0.5193941978143124,False
14432,2,0.9611240315186564,1.0,1.0,0,2,0.9500000000000001,False
14439,4,0.7911817813773087,0.8,1.0285714285714285,0,1,0.9962207634474181,True
14444,4,0.7073126180297951,0.4,1.0,0,1,0.8352768362984837,True
14446,3,0.06373535434450263,0.125,1.0,1,1,0.4604166666666667,False
14447,4,0.006442081910065336,0.0,1.1569610489780178,1,1,0.37,False
14448,3,0.6747248295224805,0.18181818181818182,1.0,1,2,0.6804015503148294,False
14449,4,0.007696400736001633,0.0,1.0,2,1,0.345,False
14450,4,0.022666261244643066,0.0,1.0714285714285714,1,2,0.39999999999999997,False
14453,3,0.16890973978904597,0.16666666666666666,1.0,1,1,0.5073105234016546,False
14460,2,0.5493241377676125,0.375,1.0,0,1,0.7571508209480244,True
14463,2,0.33644518632505194,0.2857142857142857,1.0,0,1,0.6287146036631175,False
14465,2,1.0,1.0,1.0,1,2,0.9500000000000001,False
14468,3,0.8191542896899394,0.7142857142857143,1.0,1,2,0.9500000000000001,False
14469,3,0.2516911871548112,0.25,1.0810810810810811,1,1,0.5775105087806334,False
14470,3,0.24842252630536468,0.42857142857142855,1.0,0,2,0.6005144160356325,False
14475,2,0.7024568815496852,0.8333333333333334,1.0,0,1,0.9581958063784366,True
14477,4,0.5563667204317722,0.5555555555555556,1.0555555555555556,1,2,0.7854005521427173,False
14479,2,0.7323221409104762,0.75,1.0,0,1,0.970995203247347,True
14483,4,0.24547097578592797,0.1,1.08,1,3,0.46234470390825483,False
14485,4,0.6075679665328076,0.42857142857142855,1.0,1,2,0.7544338904188225,False
14489,4,0.4476451648925931,0.42857142857142855,1.0588235294117647,0,1,0.7358955468587304,True
14493,4,0.10789476116988736,0.125,1.1428571428571428,0,1,0.38380013573947547,False
14494,4,0.8822866882299626,1.0,1.0,1,2,0.9500000000000001,False
14495,3,0.9143086685468838,1.0,1.0,1,2,0.9500000000000001,False
14496,2,0.6102939194941571,0.6,1.008888888888889,0,1,0.8770307274022578,True
14497,3,0.5856080514778946,0.42857142857142855,1.0,1,2,0.745022498252431,False
14498,3,0.4400522054154814,0.6,1.0,1,2,0.7540699927971112,False
14499,3,0.799349445823806,0.7142857142857143,1.0526315789473684,1,2,0.9497211910673454,False
14500,3,0.4577997932217458,0.2857142857142857,1.0,1,2,0.6307237209045577,False
14501,2,0.9774455322126077,1.0,1.0,1,2,0.9500000000000001,False
14502,3,0.6045171952580676,0.42857142857142855,1.0515247108307046,1,2,0.7531264170153623,False
14503,4,0.709957353980185,0.8,1.0,1,2,0.9114102945629364,False
14504,2,1.0000000000000002,1.0,1.0,1,1,1.0,True
14505,2,1.0000000000000007,1.0,1.0,1,2,0.9500000000000001,False
14506,2,0.9999999999999998,1.0,1.0010695187165775,1,2,0.9500000000000001,False
14507,2,0.7764245598321224,0.6666666666666666,1.0,1,2,0.9260073510391637,False
14508,2,0.9462270988833306,1.0,1.0017226528854437,1,2,0.9500000000000001,False
14509,2,0.9559738633470533,1.0,1.0,1,1,1.0,True
14510,2,0.8655784749554877,1.0,1.0,1,2,0.9500000000000001,False
14511,2,0.6069747838988748,0.6,1.0714285714285714,1,2,0.8256082407185655,False
14512,2,0.9191722903284183,0.8333333333333334,1.0,1,2,0.9500000000000001,False
14513,3,0.8345041597681776,0.7142857142857143,1.0,1,2,0.9500000000000001,False
14514,3,0.6459201846718912,0.4444444444444444,1.0,1,2,0.7774843119493292,False
14515,2,0.7026028925351624,0.5,1.0,1,2,0.8249250491817364,False
14516,2,0.9999999999999994,1.0,1.0,1,2,0.9500000000000001,False
14517,2,1.0,1.0,1.0,1,2,0.9500000000000001,False
14518,2,0.7667220767615602,0.5714285714285714,1.0,1,1,0.932166604326383,True
14519,3,0.6498932902160508,0.42857142857142855,1.1,1,2,0.7725733148544981,False
14520,3,0.38051677282945273,0.2727272727272727,1.0588235294117647,1,2,0.5921911710394625,False
14521,2,0.8530245173000941,0.8,1.0,1,1,1.0,True
14522,2,0.8387360795338329,0.8888888888888888,1.0,1,2,0.9500000000000001,False
14523,3,0.5617483736433068,0.42857142857142855,1.0416666666666667,1,2,0.7347969220376077,False
14524,3,0.7670186104510932,0.6363636363636364,1.04,1,2,0.9093499672496027,False
14525,3,0.7137556786640759,0.625,1.0177777777777777,1,2,0.8817881479988897,False
14526,3,0.8456366619706329,0.6666666666666666,1.0,1,2,0.9361111111111112,False
14527,2,0.8356563475257864,0.6,1.0,1,2,0.9083333333333333,False
14528,3,0.906490737729009,0.8333333333333334,1.0,1,1,1.0,True
14529,2,0.8479974169994894,0.8333333333333334,1.0,1,1,1.0,True
14530,3,0.70716149064472,0.5555555555555556,1.023076923076923,1,2,0.8500268822339806,False
14531,3,0.7927895558362456,0.75,1.0,1,2,0.9469098096441052,False
14532,2,0.9843470492266599,1.0,1.0,1,2,0.9500000000000001,False
14533,4,0.8133941219647236,0.42857142857142855,1.0,1,2,0.8369047619047619,False
14534,3,0.9871333568420506,1.0,1.0,1,3,0.9500000000000001,False
14535,2,0.7048635709663714,0.6666666666666666,1.04,0,1,0.9453383558109847,True
14536,2,0.6395076140940503,0.5,1.1,0,1,0.8478842155641169,True
14537,2,0.6613810524093292,0.6666666666666666,1.0,0,1,0.9267029907151094,True
14538,3,0.9541091097652385,1.0,1.0,1,1,1.0,True
14539,2,0.616014049932552,0.75,1.0,0,1,0.9211488785425224,True
14540,2,0.3876546649032607,0.6666666666666666,1.125,0,1,0.7293916817839371,False
14541,3,0.6996525456585856,0.5,1.1666666666666667,0,1,0.7936606148060605,True
14542,2,0.7888126428789733,0.6,1.0,0,1,0.9535387517100362,True
14543,3,0.3387434295280434,0.16666666666666666,1.0,0,1,0.5800963904326535,False
14544,3,0.498387422187296,0.25,1.0,0,1,0.6832374666516983,True
14545,2,0.8127839389193061,1.0,1.0285714285714285,0,1,1.0,True
14546,3,0.8980082615343431,0.8333333333333334,1.0,1,2,0.9500000000000001,False
14547,3,0.5188198077006828,0.5,1.019108280254777,1,1,0.7961608699669593,True
14548,3,0.8600118663528198,1.0,1.0,1,2,0.9500000000000001,False
14549,3,0.6287444969715872,0.5,1.0,0,1,0.8432714510830612,True
14550,4,0.46550490621912105,0.6666666666666666,1.1632,0,1,0.7627560709193058,True
14551,3,0.8201098377732188,0.6666666666666666,1.0,1,2,0.9361111111111112,False
14552,3,0.7324575483349037,0.6666666666666666,1.0,0,1,0.9571643461117842,True
14553,3,0.2337554080693335,0.16666666666666666,1.0105263157894737,0,1,0.5351015240932064,False
14554,2,0.706563416565292,0.75,1.1111111111111112,0,1,0.8799557499565537,True
14555,2,0.7311638234002901,0.5,1.0,1,1,0.8871654481239339,True
14556,2,0.9863203380287633,1.0,1.0,0,1,1.0,True
14557,3,0.5458717119147511,0.5454545454545454,1.0,1,1,0.8266939371409541,True
14558,4,0.5770340601831813,0.375,1.009090909090909,0,1,0.7690265019832683,True
14559,2,0.8011366511365117,0.5,1.0188679245283019,1,1,0.9166666666666667,True
14560,3,0.8582194801401956,0.8571428571428571,1.0,1,1,1.0,True
14561,2,0.5799318079371678,0.5,1.0,1,1,0.8223517272111671,True
14562,2,0.794736173504857,0.5,1.0,0,1,0.9144107410258911,True
14563,3,0.701442228002137,0.75,1.0169491525423728,0,1,0.9577609548580588,True
14564,3,0.5975801587117898,0.4,1.0,0,1,0.78824863944791,True
14565,4,0.7144708250949534,0.75,1.0,0,1,0.9633446393264087,True
14566,2,0.8588933975425828,0.8333333333333334,1.023076923076923,1,1,1.0,True
14567,3,0.8017428655230863,0.5714285714285714,1.04,1,2,0.8964285714285715,False
14568,4,0.7746107366475827,0.8,1.0,1,2,0.9391188871346784,False
14569,2,0.9999999999999997,1.0,1.0,1,1,1.0,True
14570,3,0.6776071813538574,0.3333333333333333,1.0666666666666667,0,1,0.7947681570881611,True
14571,2,0.8313651970998195,1.0,1.0,1,2,0.9500000000000001,False
14572,3,0.8918755361474939,1.0,1.0,1,1,1.0,True
14573,4,0.8931382866314367,1.0,1.0,1,1,1.0,True
14574,3,0.9573210465148196,1.0,1.0,1,2,0.9500000000000001,False
14575,3,0.9580766185858711,1.0,1.0,1,2,0.9500000000000001,False
14576,2,0.9999999999999992,1.0,1.0,0,1,1.0,True
14577,2,0.4209357271736174,0.5,1.0,2,2,0.5992105497410742,False
14578,4,0.7406614671767874,0.5,1.0,1,2,0.84123586688529,False
14579,3,0.9056321209513093,0.7777777777777778,1.0,1,2,0.9500000000000001,False
14580,2,0.8005317390138772,0.8333333333333334,1.0,1,1,1.0,True
14581,3,0.36130424591392835,0.4,1.041675,0,1,0.6869875339631122,False
14582,2,0.8981821123550724,0.8333333333333334,1.03125,1,2,0.9500000000000001,False
14583,3,0.84252706270482,1.0,1.0222335803731153,1,1,1.0,True
14584,3,0.8385861969961375,1.0,1.0222335803731153,1,1,1.0,True
14585,2,0.9108970997510956,1.0,1.0,1,1,1.0,True
14586,3,0.7489666649079932,0.5555555555555556,1.0,1,1,0.917943385489669,True
14587,3,0.8878369013559362,1.0,1.0222335803731153,1,2,0.9500000000000001,False
14588,4,0.8797549568772266,0.75,1.0,1,1,1.0,True
14589,2,0.8645538316984112,1.0,1.0,0,1,1.0,True
14590,2,0.7786770934110518,0.6,1.0,0,1,0.9491949447952128,True
14591,2,0.5621015773321903,0.4,1.0,1,2,0.7230435331423674,False
14592,3,0.4887446990121331,0.3333333333333333,1.0,1,2,0.6638270932274222,False
14593,2,0.9558980763923963,1.0,1.0,1,1,1.0,True
14594,2,0.9043890135700375,1.0,1.0,1,1,1.0,True
14595,2,0.8654325803206264,1.0,1.0,1,1,1.0,True
14596,4,0.4736565353549666,0.375,1.1041666666666667,1,1,0.6447218484854619,True
14597,3,0.9717211273762195,1.0,1.0,0,1,1.0,True
14598,2,0.8465858588708756,0.8,1.0,1,1,1.0,True
14599,3,0.6091140733381125,0.8,1.0166666666666666,0,1,0.918191745716334,True
14600,3,0.6223508974253016,0.45454545454545453,1.0285714285714285,2,1,0.7165919430524019,False
14601,2,0.8393311004008468,0.5555555555555556,1.0057142857142858,0,1,0.9398148148148149,True
14602,3,0.5883765916712002,0.42857142857142855,1.0294117647058822,0,1,0.7962090154781334,True
14603,4,0.591523424615286,0.6,1.0,0,1,0.8689862295970274,True
14604,4,0.6404123879370168,0.6,1.0,0,1,0.8899386424491977,True
14605,3,0.8812251682639146,0.8,1.0,0,1,1.0,True
14606,3,0.9065530098778231,0.8,1.0,1,1,1.0,True
14607,3,0.7282484296070899,0.75,1.0035211267605635,2,1,0.8642493269744671,False
14608,4,0.6915577262571764,0.4,1.0,1,1,0.8285247398245041,True
14609,2,0.4924578233395013,0.5,1.0,0,1,0.7848628766693101,True
14610,2,0.45262391090748627,0.75,1.0,0,1,0.8511245332460655,True
14611,2,0.806184184265508,0.6666666666666666,1.0,0,1,0.9861111111111112,True
14612,3,0.8300208090996946,0.6,1.0294117647058822,1,1,0.9583333333333333,True
14613,2,0.6745800772740551,0.6,1.0,1,1,0.9045819378793569,True
14614,2,0.6932692117037147,0.75,1.0,0,1,0.9542582335873062,True
14615,4,0.9643774433490367,1.0,1.0,1,1,1.0,True
14616,2,0.923953894393709,0.8571428571428571,1.0,0,1,1.0,True
14617,2,0.9783982008158525,1.0,1.0,1,1,1.0,True
14618,2,0.8095923810984355,0.75,1.0,0,1,1.0,True
14619,3,0.6535822839394302,1.0,1.004,0,1,0.9372495502597558,True
14620,3,0.9684447497451038,1.0,1.0,1,1,1.0,True
14621,2,0.4608829031121856,0.75,1.0,0,1,0.8546641013337939,True
14622,4,0.9455389730891262,1.0,1.0,1,3,0.9500000000000001,False
14623,4,0.8966535100206173,0.8,1.0,1,3,0.9500000000000001,False
14624,3,0.9580655126729754,1.0,1.0,1,3,0.9500000000000001,False
14625,4,0.6998697671204452,0.42857142857142855,1.0,1,2,0.7939918049563813,False
14626,3,0.9740777507900733,1.0,1.0,1,1,1.0,True
14627,4,0.7825467968036317,1.0,1.0,0,1,0.992520055772985,True
14628,3,0.7809008643484084,1.0,1.0,0,1,0.991814656149318,True
14629,2,0.762557292465579,0.5,1.0,1,1,0.9006197920090577,True
14630,4,0.9118524131598209,0.8333333333333334,1.0,1,1,1.0,True
14631,2,0.9751816423723708,0.8333333333333334,1.0,1,1,1.0,True
14632,3,0.2877211643462276,0.2,1.0,0,1,0.5721185942436213,False
14633,3,0.6970449011647881,0.42857142857142855,1.0,2,1,0.7377811481182426,False
14634,2,0.4442229048422929,0.6666666666666666,1.0,0,1,0.8336352131863796,True
14635,3,0.7250225499363727,0.75,1.0,0,1,0.9678668071155883,True
14636,3,0.8942288880104291,0.8,1.0,1,1,1.0,True
14637,2,0.8066319818583098,0.75,1.0,1,1,1.0,True
14638,3,0.611048555179452,0.4,1.0,0,1,0.7940208093626224,True
14639,3,0.5722464608823751,0.42857142857142855,1.0,1,1,0.7892961022829226,True
14640,4,0.4538209718703421,0.42857142857142855,1.0,0,1,0.7385423212777656,True
14641,3,0.7749415640019576,0.5,1.0,1,1,0.9059273369532199,True
14642,4,0.7662443104378014,0.5555555555555556,1.0,1,1,0.9253480907167297,True
14643,3,0.535286252534187,0.5,1.0,1,1,0.8032179177527469,True
14644,4,0.8720297235537595,0.8333333333333334,1.0178571428571428,0,1,1.0,True
14645,2,0.9409151579388567,1.0,1.0,1,1,1.0,True
14646,3,0.4038654842156355,0.2,1.0,0,1,0.6218947313305104,False
14647,4,0.35105661170519575,0.25,1.0527272727272727,1,1,0.6200956907307982,False
14648,2,0.9090592099929984,0.6666666666666666,1.0,1,1,0.9861111111111112,True
14649,3,0.901339390535322,0.6666666666666666,1.0,1,1,0.9861111111111112,True
14650,3,0.637874254801234,0.42857142857142855,1.0,1,1,0.8174222996767193,True
14651,3,0.8480390672312988,0.5,1.0179640718562875,0,1,0.9166666666666667,True
14652,3,1.0,1.0,1.0,1,1,1.0,True
14653,4,0.7661897573951967,0.5714285714285714,1.0,1,1,0.9319384674550844,True
14654,3,0.5533915733761131,0.2857142857142857,1.0141176470588236,1,1,0.7216916266850009,True
14655,2,0.8126858786500497,0.5,1.0,0,1,0.9166666666666667,True
14656,3,0.8057253729029479,0.5,1.0825,1,1,0.9166666666666667,True
14657,3,0.8656239482081731,0.6666666666666666,1.0150375939849625,1,1,0.9861111111111112,True
14658,2,0.9999999999999999,1.0,1.0,1,1,1.0,True
14659,3,0.7048748674531693,0.42857142857142855,1.0037735849056604,1,1,0.8461368479561202,True
14660,4,0.7190845286491557,0.5,1.0150375939849625,2,1,0.7769886075163048,False
14661,4,0.7197420108273516,0.5,1.0305343511450382,2,1,0.7772703855926746,False
14662,3,0.9287531171882849,1.0,1.0035211267605635,1,1,1.0,True
14663,4,0.853773247693913,0.8333333333333334,1.0,1,1,1.0,True
14664,2,0.9999999999999993,1.0,1.0,1,1,1.0,True
14665,3,0.8118522430954899,0.5,1.0825,1,1,0.9166666666666667,True
14666,2,0.9999999999999991,1.0,1.0,1,1,1.0,True
14667,3,0.8050205754306772,0.8333333333333334,1.0,1,1,1.0,True
14668,4,0.7983805652259578,0.5714285714285714,1.009090909090909,1,1,0.9457345279539819,True
14669,3,0.8179341250510078,0.375,1.0,2,1,0.7595833333333333,False
14670,3,0.7928183657031395,0.875,1.0,1,1,0.9969221567299169,True
14671,2,0.8032150308869345,1.0,1.0,1,1,1.0,True
14672,2,0.758427582426903,0.5555555555555556,1.0,1,1,0.9219980644263448,True
14673,3,0.4237735529959505,0.3333333333333333,1.064,1,1,0.6859823163633438,True
14674,2,0.7552630559151837,0.4,1.0,1,1,0.8558270239636503,True
14675,3,0.7913175434454947,0.8,1.0101010101010102,1,1,0.9962789471909264,True
14676,4,0.3575956492612389,0.14285714285714285,1.0294117647058822,2,1,0.4732552782548167,False
14677,3,0.7794548469137761,0.8888888888888888,1.0,1,1,0.9911949343916182,True
14678,3,0.8163366890370174,0.8,1.0,1,1,1.0,True
14679,4,0.6743142914365813,0.3333333333333333,1.0,1,1,0.7933569185521856,True
14680,2,0.8697902607806528,1.0,1.0,0,1,1.0,True
14681,2,0.8455498687339466,0.6666666666666666,1.0,1,1,0.9861111111111112,True
14682,2,0.8178579750043478,1.0,1.0266666666666666,0,1,1.0,True
14683,2,0.9999999999999994,1.0,1.0,1,1,1.0,True
14684,4,0.8042735457123019,0.5714285714285714,1.0,1,1,0.9464285714285714,True
14685,3,0.6370528254214711,0.5714285714285714,1.05,1,1,0.8765940680377733,True
14686,2,0.7957016301807128,0.5,1.0227272727272727,1,1,0.9148245081726865,True
14687,2,0.8432354499051166,0.75,1.0,1,1,1.0,True
14688,3,0.31908080505502884,0.4,1.1111111111111112,0,1,0.5888917735950123,False
14689,2,0.6997934133125513,1.0,1.0,1,1,0.9570543199910935,True
14690,3,0.8731656532492911,1.0,1.0014836795252224,1,1,1.0,True
14691,3,0.49286113868630355,0.4,1.0625,0,1,0.7433690594369873,True
14692,2,0.9999999999999993,1.0,1.0,1,2,0.9500000000000001,False
14693,3,0.8154359478419971,1.0,1.002227171492205,1,1,1.0,True
14694,3,0.720722880436952,0.6666666666666666,1.024,1,1,0.9521352027269476,True
14695,3,0.8670374765867228,0.8571428571428571,1.0,1,1,1.0,True
14696,4,0.4701122095596505,0.5,1.1666666666666667,0,1,0.695286185049374,True
14697,4,0.47880216371711976,0.5,1.3333333333333333,0,1,0.6190104511168608,False
14698,2,0.8259588321315882,0.8333333333333334,1.0227272727272727,1,1,1.0,True
14699,2,0.850426456089825,0.8571428571428571,1.0227272727272727,1,1,1.0,True
14700,2,0.8140119116644868,0.75,1.0076923076923077,1,1,1.0,True
14701,2,0.7901888393676517,1.0,1.1428571428571428,0,1,0.9157952168718507,True
14702,3,0.7086130224084648,0.6666666666666666,1.0,0,1,0.9469452635718818,True
14703,4,0.24364674309986037,0.25,1.1111111111111112,0,1,0.4940628898999402,False
14704,4,0.6367768419171078,0.7142857142857143,1.0,1,1,0.9300472179644748,True
14705,3,0.8940635456304554,0.8888888888888888,1.0285714285714285,1,1,1.0,True
14706,4,0.49355418693160924,0.375,1.0014836795252224,1,1,0.7332494134468801,True
14707,3,0.5786151306300751,0.5555555555555556,1.0,1,1,0.844935585084847,True
14708,3,0.6535307805098582,0.75,1.0,1,1,0.9372274773613678,True
14709,2,0.8335793423380604,1.0,1.0,1,1,1.0,True
14710,3,0.7594998825786468,0.625,1.0,1,1,0.9513928068194202,True
14711,4,0.5197065516474131,0.7777777777777778,1.0014836795252224,1,1,0.8798742364203199,True
14712,2,0.7523274769937056,0.75,1.0,0,1,0.9795689187115881,True
14713,3,0.8544403859737512,1.0,1.0,1,1,1.0,True
14714,2,0.9364265795164219,1.0,1.0285714285714285,1,1,1.0,True
14715,2,0.9593723420846421,1.0,1.0,0,1,1.0,True
14716,2,0.5868908899764672,0.6666666666666666,1.0,1,1,0.89477863538674,True
14717,2,0.8231089479812805,0.8571428571428571,1.0,1,1,1.0,True
14718,4,0.8472777909378617,0.42857142857142855,1.0,1,1,0.8869047619047619,True
14719,3,0.8600644475708313,0.75,1.0023584905660379,1,1,1.0,True
14720,3,0.7365595220546617,0.6,1.0454545454545454,1,1,0.9311445570710455,True
14721,2,0.7381943223760239,0.8,1.0,1,1,0.9735118524468673,True
14722,2,0.7078804437250428,0.5714285714285714,1.0769230769230769,1,1,0.9069487615964469,True
14723,2,0.7475438637282221,0.6,1.0666666666666667,0,1,0.9358521320740001,True
14724,4,0.6519784392972876,0.3333333333333333,1.018181818181818,2,3,0.6287844104924885,False
14725,4,0.5410041282752637,0.5,1.0133333333333334,1,3,0.755668435927494,False
14726,4,0.4698825711636396,0.3333333333333333,1.1363636363636365,0,1,0.6257433241494963,True
14727,2,0.8531485894324126,0.6666666666666666,1.0,1,1,0.9861111111111112,True
14728,2,0.761075590738737,0.75,1.0,1,1,0.9833181103166015,True
14729,2,0.9457862340676981,0.8,1.0,1,2,0.9500000000000001,False
14730,3,0.7994936870109262,1.0,1.0057142857142858,1,2,0.9497830087189684,False
14731,2,0.703767904898507,0.8333333333333334,1.0,1,1,0.9587576735279315,True
14732,2,1.0000000000000002,1.0,1.0,1,1,1.0,True
14733,4,0.8691935123461779,0.7142857142857143,1.0133333333333334,1,2,0.9500000000000001,False
14734,3,0.8564297767786414,1.0,1.0,1,2,0.9500000000000001,False
14735,2,0.5507702388039707,0.4444444444444444,1.0070588235294118,1,2,0.7367057637202203,False
14736,3,0.8458371483883212,0.75,1.0,1,1,1.0,True
14737,2,0.9184596722570522,0.8571428571428571,1.0,1,1,1.0,True
14738,4,0.9856885741926795,1.0,1.0,1,1,1.0,True
14739,2,0.827803040534774,0.8,1.0,1,1,1.0,True
14740,2,0.9550506496534256,1.0,1.0,1,1,1.0,True
14741,2,0.8798732232138549,0.8571428571428571,1.0,1,1,1.0,True
14742,2,1.0,1.0,1.0,1,1,1.0,True
14743,2,1.0000000000000002,1.0,1.0,1,1,1.0,True
14744,2,0.8324038238055902,0.7142857142857143,1.0,1,1,1.0,True
14745,2,0.8136203686583414,0.7142857142857143,1.0057142857142858,0,1,1.0,True
14746,3,0.7022632990125096,0.4,1.0000947059380623,1,1,0.8331128424339327,True
14747,2,0.6153093822982644,0.4,1.0032046816218476,1,1,0.7958468781278276,True
14748,2,0.8277464093108895,0.6666666666666666,1.0010010010010009,1,1,0.9861111111111112,True
14749,2,0.6775213865373398,0.6,1.0000947059380623,1,1,0.9058424989921934,True
14750,2,0.8249313441197393,0.6666666666666666,1.0,1,1,0.9861111111111112,True
14751,2,0.8965878954775833,1.0,1.0,1,1,1.0,True
14752,2,0.491341071128374,0.4,1.0,0,1,0.7427176019121603,True
14753,4,0.7150673859262402,0.42857142857142855,1.04,1,2,0.8005050701588649,False
14754,3,0.6034446051752099,0.75,1.1333333333333333,0,1,0.8357619736465185,True
14755,2,0.7711477465043015,0.6363636363636364,1.016,1,1,0.9611195969866919,True
14756,2,0.3795805773039304,0.5,1.018181818181818,0,1,0.7364869140826368,False
14757,2,0.4160123436452785,0.6666666666666666,1.0105263157894737,0,1,0.8215449726733733,True
14758,4,0.7917185386785631,0.75,1.0013762902721302,1,2,0.9464508022908128,False
14759,2,0.8970650240314382,1.0,1.008888888888889,1,1,1.0,True
14760,2,0.8022797542180721,0.5,1.0,0,1,0.9166666666666667,True
14761,3,0.9014728771539723,1.0,1.0023529411764707,1,1,1.0,True
14762,4,0.5882353706849972,0.375,1.0,1,2,0.7238270636269036,False
14763,2,0.8058360173122499,0.7777777777777778,1.0,1,2,0.9500000000000001,False
14764,2,0.6422623477357344,0.8,1.0833333333333333,0,1,0.9323981490296005,True
14765,2,0.3325316745512845,0.2857142857142857,1.0,0,1,0.6270373843315029,False
14766,3,0.522222915508714,0.6666666666666666,1.008888888888889,0,1,0.8670637891862742,True
14767,3,0.8040762511210633,0.6,1.008888888888889,1,2,0.9083333333333333,False
14768,3,0.7275506306385595,1.0,1.2222222222222223,0,1,0.8089502702736684,False
14769,2,0.9012183977855945,0.8333333333333334,1.0147058823529411,1,2,0.9500000000000001,False
14770,2,0.6570376986990486,1.0,1.09375,0,1,0.9387304422995923,True
14771,3,0.7364293538779808,0.5714285714285714,1.0625,1,2,0.8691840088048489,False
14772,2,0.6376669653796208,0.8,1.1,0,1,0.930428699448409,True
14773,2,0.5250341997873746,0.75,1.0365853658536586,0,1,0.8821575141945892,True
14774,2,0.8889056581484639,0.7142857142857143,1.0,2,2,0.8450000000000001,False
14775,2,0.8880778787409166,1.0,1.0,0,1,1.0,True
14776,3,0.7383939528973874,1.0,1.02,1,1,0.9735974083845946,True
14777,4,0.4642196187277863,0.375,1.0588235294117647,2,2,0.5656774556452419,False
14778,3,0.9264583739580751,1.0,1.0188679245283019,1,2,0.9500000000000001,False
14779,3,0.9241020648016933,1.0,1.0188679245283019,1,1,1.0,True
14780,3,0.4941372861358134,0.4444444444444444,1.0188679245283019,1,1,0.7624344982910101,True
14781,3,0.47892279122121983,0.4,1.024,1,1,0.7373954819519514,True
14782,2,0.7651535833919048,1.0,1.0,0,1,0.9850658214536734,True
14783,2,0.9999999999999998,1.0,1.0,1,1,1.0,True
14784,4,0.8835313742241999,1.0,1.0,1,2,0.9500000000000001,False
14785,2,0.8756871940819114,0.7142857142857143,1.0,2,1,0.895,False
14786,3,0.9261216413256246,1.0,1.008888888888889,1,1,1.0,True
14787,3,0.9703484301183166,1.0,1.0,1,1,1.0,True
14788,3,0.3092084386914683,0.25,1.0666666666666667,0,1,0.6021607594392007,False
14789,3,0.8479242117116246,1.0,1.0220588235294117,1,1,1.0,True
14790,3,0.9432193080745385,1.0,1.015625,1,1,1.0,True
14791,2,0.7749771432862079,0.6666666666666666,1.0,1,1,0.975387029662343,True
14792,4,0.3668961374670918,0.42857142857142855,1.0,0,1,0.7012888208192298,False
14793,4,0.4728135413184363,0.42857142857142855,1.014799154334038,1,2,0.6966819938983775,False
14794,2,0.5618492128942894,0.5,1.0337825364592947,1,1,0.8146020436213621,True
14795,2,0.940381541781602,1.0,1.014799154334038,1,1,1.0,True
14796,3,0.5090910033217386,0.6,1.0140845070422535,1,2,0.78365804904265,False
14797,2,0.8127857034160598,1.0,1.0,1,2,0.9500000000000001,False
14798,3,0.6947423183822531,0.8,1.0185185185185186,1,1,0.9548895650209657,True
14799,4,0.6064476979393354,0.5,1.0,1,2,0.7837156800692391,False
14800,2,1.0000000000000004,1.0,1.0019443789771387,1,1,1.0,True
14801,4,0.6500583113225776,0.36363636363636365,1.0172043010752687,0,1,0.7955877611295896,True
14802,2,0.6846122679006524,0.6,1.0042283298097252,1,1,0.9088814481478986,True
14803,3,0.47152416663204566,0.5454545454545454,1.0,0,1,0.7948307034483659,True
14804,2,0.9770956942953983,1.0,1.0,1,1,1.0,True
14805,2,0.9450778401838879,1.0,1.0,1,1,1.0,True
14806,2,0.7388813018763768,0.5,1.0,1,1,0.8904729388993997,True
14807,4,0.5839537370331518,0.2222222222222222,1.0,1,2,0.6583346703687053,False
14808,4,0.47265448045305586,0.2,1.0,1,2,0.6013757297179764,False
14809,2,0.9999999999999994,1.0,1.0,0,1,1.0,True
14810,2,1.0000000000000009,1.0,1.0,0,1,1.0,True
14811,4,0.46444241880600456,0.3333333333333333,1.0416666666666667,1,1,0.7034118302819384,True
14812,2,0.897842046659246,1.0,1.02,1,1,1.0,True
14813,2,0.866604645478709,0.7142857142857143,1.035294117647059,1,1,1.0,True
14814,3,0.8715234665293704,1.0,1.0222222222222221,1,1,1.0,True
14815,3,0.8428782609572729,0.6666666666666666,1.0,1,1,0.9861111111111112,True
14816,4,0.940590735836015,1.0,1.0,1,2,0.9500000000000001,False
14817,3,0.6538657401019009,0.4166666666666667,1.0,1,1,0.8193154759166876,True
14818,2,0.8498447604641212,0.6666666666666666,1.0,0,1,0.9861111111111112,True
14819,4,0.6449117662881739,0.3333333333333333,1.0222222222222221,1,2,0.7307558363457255,False
14820,2,0.8294468521024224,0.875,1.0222222222222221,1,1,1.0,True
14821,2,0.8843093525107903,0.6666666666666666,1.0,1,2,0.9361111111111112,False
14822,2,0.8851424999740157,0.6666666666666666,1.0,1,2,0.9361111111111112,False
14823,2,0.7682273326532439,0.7272727272727273,1.014332965821389,1,2,0.936383142565676,False
14824,3,0.5207606237782669,0.3333333333333333,1.0,1,1,0.7275482038414794,True
14825,3,0.7800498632330941,0.6,1.0222222222222221,1,2,0.8997832747189453,False
14826,3,0.7549901043173418,0.5833333333333334,1.0222222222222221,0,1,0.9320989335963212,True
14827,3,0.5128439751411815,0.3,1.0294117647058822,1,1,0.7102664655366968,True
14828,3,0.41176138215163693,0.3333333333333333,1.0,1,2,0.6308342431443524,False
14829,4,0.7083597508915805,0.625,1.0294117647058822,1,1,0.929475607524963,True
14830,2,0.9999999999999993,1.0,1.0,0,1,1.0,True
14831,2,0.9510208064244842,1.0,1.0,1,2,0.9500000000000001,False
14832,2,0.021040984941995012,0.0,1.0,0,1,0.44999999999999996,False
14833,2,0.9601556706318477,1.0,1.0,1,1,1.0,True
14834,2,0.3646342235388498,0.25,1.0,0,1,0.6259146672309356,False
14835,2,0.6679853244972849,0.6,1.0,1,2,0.8517556152607412,False
14836,2,0.6660704297779108,0.6666666666666666,1.0,0,1,0.9287127238730728,True
14837,3,0.5185523750752355,0.6,1.0526315789473684,0,1,0.8377129226512914,True
14838,3,0.3267251773129653,0.3333333333333333,1.1666666666666667,0,1,0.5643901553563502,False
14839,3,0.3554470190797418,0.375,1.125,0,1,0.5940606272246512,False
14840,2,0.4163548082834411,0.6666666666666666,1.1111111111111112,0,1,0.7416917432325858,True
14841,3,0.336581389970396,0.3333333333333333,1.05,0,1,0.648614246495249,False
14842,2,0.7813575223658121,0.75,1.1428571428571428,0,1,0.9120103667282052,True
14843,2,0.7121631088702116,0.5,1.05,1,1,0.8790222847539002,True
14844,3,0.8712710834179395,0.75,1.0,1,1,1.0,True
14845,3,0.8112435001082163,0.7142857142857143,1.0294117647058822,1,1,1.0,True
14846,4,0.6628900247864068,0.4,1.0,1,1,0.8162385820513172,True
14847,4,0.8083190507950547,0.7142857142857143,1.0,1,1,1.0,True
14848,3,0.8418023330952445,0.7777777777777778,1.0,1,1,1.0,True
14849,4,0.8787220623138269,0.6666666666666666,1.0,1,1,0.9861111111111112,True
14850,4,0.8630453421306591,0.75,1.0,1,1,1.0,True
14851,4,0.578731359755302,0.2857142857142857,1.0526315789473684,1,1,0.7325515351332247,True
14852,2,0.7644593025361234,0.6666666666666666,1.025,1,1,0.9708793836265925,True
14853,4,0.3812001306524072,0.2222222222222222,1.1111111111111112,0,1,0.5414402676341005,False
14854,2,0.9327869006159842,0.7777777777777778,1.0,1,1,1.0,True
14855,2,0.7765121866172404,0.6666666666666666,1.0,0,1,0.9760449053756428,True
14856,3,0.8078573529244191,0.6,1.0909090909090908,1,1,0.9583333333333333,True
14857,3,0.8378990951969385,0.6,1.0909090909090908,1,1,0.9583333333333333,True
14858,2,0.903926397440562,1.0,1.0222222222222221,1,1,1.0,True
14859,3,0.7336059869602534,0.5555555555555556,1.0294117647058822,1,1,0.9113602377977805,True
14860,2,0.7874460608596094,0.6,1.03125,1,1,0.9529530737017373,True
14861,2,0.8803306535827776,0.8571428571428571,1.0142857142857142,0,1,1.0,True
14862,2,0.9624474046981969,1.0,1.0,1,1,1.0,True
14863,3,0.9183235821585479,0.8333333333333334,1.0,1,1,1.0,True
14864,2,1.0000000000000004,1.0,1.0,1,1,1.0,True
14865,2,0.8528250805421682,0.75,1.0,1,1,1.0,True
14866,3,0.8237347676115836,1.0,1.0235294117647058,1,1,1.0,True
14867,4,0.38384927259866425,0.375,1.042857142857143,1,1,0.6862330215899037,False
14868,3,0.7464175623905385,0.75,1.0588235294117647,1,1,0.9770360981673736,True
14869,3,0.5957115039388602,0.6666666666666666,1.0066666666666666,1,1,0.8985588985134798,True
14870,3,0.7185814949247666,0.7142857142857143,1.0026995757809487,1,1,0.9651063549677572,True
14871,2,0.9461502537446614,1.0,1.0133333333333334,1,1,1.0,True
14872,3,0.707653266562772,0.5714285714285714,1.0133333333333334,1,1,0.9068513999554737,True
14873,2,0.6265607241461092,0.4,1.0,0,1,0.8006688817769041,True
14874,3,0.5778666860719066,0.2857142857142857,1.0,1,1,0.7321809606974837,True
14875,3,0.37809012745467185,0.2857142857142857,1.0,0,1,0.6465624355758117,False
14876,2,0.7872030693335483,0.6,1.0057142857142858,1,1,0.9528489344762827,True
14877,3,0.7383203906943805,0.5714285714285714,1.0,1,1,0.9199944531547346,True
14878,3,0.850447185715404,1.0,1.0,1,1,1.0,True
14879,3,0.7490216049886979,0.5714285714285714,1.0294117647058822,1,1,0.9245806878522991,True
14880,4,0.6482504542311057,0.5,1.0294117647058822,1,1,0.8516311470514264,True
14881,3,0.8064989586981823,0.6,1.0,0,1,0.9583333333333333,True
14882,2,0.8950413022444339,0.6666666666666666,1.0,1,1,0.9861111111111112,True
14883,3,0.405869135552282,0.2,1.0,0,1,0.622753439046216,False
14884,4,0.5502739580142236,0.4,1.1,0,1,0.7679745534346674,True
14885,4,0.6842555089021547,0.3333333333333333,1.0,1,1,0.7976174403231457,True
14886,3,0.483814270856864,0.3333333333333333,1.1666666666666667,0,1,0.6317140525894497,True
14887,3,0.6902377365300748,0.42857142857142855,1.0,1,1,0.8398637918462226,True
14888,3,0.780042488419094,1.0,1.1666666666666667,0,1,0.9114467807510404,True
14889,4,0.724329540329064,0.6,1.0,1,1,0.9259031363315036,True
14890,4,0.4277932562962798,0.4,1.0625,1,1,0.7154828241269771,True
14891,3,0.9709944081298886,1.0,1.0,1,1,1.0,True
14892,2,0.37055663387824245,0.6,1.0,0,1,0.7742861764240088,False
14893,4,0.3151252637289009,0.2222222222222222,1.0,0,1,0.5931224675240263,False
14894,2,0.7240387066626587,0.75,1.0,0,1,0.9674451599982823,True
14895,2,0.6592871306749972,0.6666666666666666,1.0,0,1,0.92580559568611,True
14896,2,0.6248354088877713,0.7142857142857143,1.0,0,1,0.9249294609519021,True
14897,3,0.686827058107857,0.8,1.0005002501250626,1,1,0.951497310617653,True
14898,3,0.7488494475552753,0.5714285714285714,1.0,1,1,0.9245069060951181,True
14899,2,0.5151749731926195,0.5,1.0128205128205128,0,1,0.7945987980349323,True
14900,2,0.7842386043146035,0.75,1.0875,1,1,0.9932451161348301,True
14901,2,0.7089040381406724,0.75,1.0,1,1,0.9609588734888597,True
14902,2,0.8487552787969455,1.0,1.0,1,2,0.9500000000000001,False
14903,2,0.5705682008067167,0.5,1.03125,1,1,0.8183387527266881,True
14904,2,0.9017669449344659,0.8571428571428571,1.0,1,1,1.0,True
14905,4,0.4532711831021554,0.3333333333333333,1.0,0,1,0.6986241578374317,True
14906,2,0.6282658245842982,0.36363636363636365,1.0,1,1,0.7862481239560413,True
14907,4,0.916194462033327,1.0,1.0222222222222221,1,2,0.9500000000000001,False
14908,3,0.8387785575884126,0.7142857142857143,1.0042283298097252,1,2,0.9500000000000001,False
14909,3,0.9144975552832597,1.0,1.0222222222222221,1,2,0.9500000000000001,False
14910,2,0.7752595617839936,0.3333333333333333,1.0,1,1,0.8366191772725052,True
14911,2,0.9659690822788598,0.8,1.0,1,1,1.0,True
14912,3,0.5233438978326066,0.6,1.0,1,1,0.8397664324044505,True
14913,3,0.9252123684259179,0.75,1.0,1,1,1.0,True
14914,4,0.46376304969183857,0.25,1.0,1,1,0.6683984498679308,True
14915,3,0.39717147808148495,0.3333333333333333,1.0444444444444445,1,1,0.6745814271142871,False
14916,3,0.7402482783874536,1.0,1.0,0,1,0.9743921193089087,True
14917,3,0.7395080898056611,0.6666666666666666,1.0,1,1,0.9601860067421086,True
14918,4,0.5871031840950185,0.75,1.0333333333333334,1,1,0.9087585074692937,True
14919,2,0.8297173783124755,1.0,1.0333333333333334,1,1,1.0,True
14920,3,0.602828128969334,0.6666666666666666,1.1111111111111112,0,1,0.8216088806693971,True
14921,3,0.9354616912220265,1.0,1.024,1,1,1.0,True
14922,2,0.9999999999999997,1.0,1.0,1,1,1.0,True
14923,2,0.9999999999999997,1.0,1.0384,1,1,1.0,True
14924,3,0.6004835253508599,0.5,1.16,0,1,0.7511596061027495,True
14925,2,0.28336772175790054,0.2857142857142857,1.1346666666666665,0,1,0.525967118848624,False
14926,2,0.7292488322798688,0.6666666666666666,1.0311750599520384,0,1,0.9557891820881979,True
14927,4,0.6443408692669671,0.6,1.0,1,1,0.8916222773048907,True
14928,2,0.862384308930052,1.0,1.0,0,1,1.0,True
14929,2,0.28052590235277036,0.2857142857142857,1.0666666666666667,0,1,0.6047491962464253,False
14930,3,0.4663480312934789,0.4,1.0303030303030303,0,1,0.7320062991257766,True
14931,3,0.769504059892153,0.25,1.0,2,1,0.6944303113823513,False
14932,2,0.8998390641693912,1.0,1.0,1,1,1.0,True
14933,2,0.9339985003770293,0.8,1.0119904076738608,1,1,1.0,True
14934,2,0.9999999999999994,1.0,1.0,1,1,1.0,True
14935,2,0.9311268567746082,0.75,1.0058997050147493,1,1,1.0,True
14936,3,0.580312122345694,0.6666666666666666,1.0804321728691477,0,1,0.89195916354498,True
14937,4,0.42630413367788833,0.3333333333333333,1.2765957446808511,0,1,0.5270668509413172,False
14938,2,0.5811252516115549,0.3333333333333333,1.0,0,1,0.7534187586271743,True
14939,2,0.6313597854113226,0.5,1.0344827586206897,1,1,0.844392288985805,True
14940,3,0.7365547404960897,0.6666666666666666,1.0,1,1,0.9589202856094352,True
14941,2,0.9999999999999998,1.0,1.0,1,1,1.0,True
14942,2,0.9374463525938582,0.8,1.0121951219512197,1,1,1.0,True
14943,2,0.6387867879433404,0.6,1.0909090909090908,0,1,0.8892419567376222,True
14944,3,0.9021173093608954,1.0,1.025,1,1,1.0,True
14945,2,0.8430710504133718,0.75,1.0554089709762533,0,1,1.0,True
14946,2,0.955403093742209,1.0,1.0026315789473685,1,1,1.0,True
14947,3,0.7270131878842407,0.7,1.025,1,1,0.9687199376646747,True
14948,2,0.937294604110338,1.0,1.0,1,1,1.0,True
14949,2,1.000000000000001,1.0,1.0,1,1,1.0,True
14950,2,0.8382699458336835,1.0,1.0277777777777777,1,1,1.0,True
14951,2,0.9743271464048673,1.0,1.0,1,1,1.0,True
14952,3,0.6046295253751833,0.16666666666666666,1.0,1,2,0.6440475743671421,False
14953,2,0.9669130146383961,1.0,1.0,1,2,0.9500000000000001,False
14954,2,0.9384989750698872,0.8333333333333334,1.0,1,2,0.9500000000000001,False
14955,4,0.4742439225788529,0.2727272727272727,1.0294117647058822,1,2,0.6323599495034912,False
14956,2,0.9564681105832553,1.0,1.0294117647058822,1,2,0.9500000000000001,False
14957,4,0.8057747274333037,0.5,1.0,1,3,0.8666666666666668,False
14958,2,0.9744014020882812,1.0,1.0,1,1,1.0,True
14959,3,0.9398326717708194,0.875,1.0,1,2,0.9500000000000001,False
14960,2,0.8453382409849166,0.75,1.0,1,1,1.0,True
14961,2,0.6705818233596288,0.6,1.1,1,2,0.85286840048746,False
14962,2,0.30566187241613035,0.6666666666666666,1.0,0,1,0.774251913575167,False
14963,3,0.7262805702021666,0.5714285714285714,1.0,1,2,0.864834530086643,False
14964,3,0.9171612686301888,0.5714285714285714,1.0,1,2,0.8964285714285715,False
14965,2,0.6899697203022354,0.5714285714285714,1.0,1,1,0.8992727372723865,True
14966,2,0.9327394809634595,0.8,1.0,1,2,0.9500000000000001,False
14967,3,0.5848741187879821,0.5,1.0,1,1,0.8244698604329448,True
14968,2,0.6254980063519497,0.4,1.0,0,1,0.8002134312936928,True
14969,3,0.5650211048829784,0.42857142857142855,1.0,1,2,0.7361995211403242,False
14970,2,0.8316875703204647,0.5,1.0,1,2,0.8666666666666668,False
14971,2,0.6927218517104634,0.6666666666666666,1.0,1,1,0.9401347618441669,True
14972,3,0.6965051220770342,0.8,1.0,1,1,0.955645052318729,True
14973,4,0.6365723904918745,0.5714285714285714,1.0666666666666667,1,1,0.8763881673536605,True
14974,2,0.8463850464170403,0.8,1.0,1,1,1.0,True
14975,3,0.9401447488344756,1.0,1.0,1,1,1.0,True
14976,3,0.6737114306981568,0.375,1.0,1,1,0.8104596607754005,True
14977,3,0.4740690190240869,0.375,1.0285714285714285,1,1,0.7248986272007991,True
14978,3,0.9806583270771887,0.8571428571428571,1.0,1,1,1.0,True
14979,2,1.0000000000000002,1.0,1.0,1,1,1.0,True
14980,3,0.5949133952129531,0.4444444444444444,1.0,1,1,0.8056242593240699,True
14981,3,0.47541518697374874,0.36363636363636365,1.04,1,1,0.7207407078372343,True
14982,2,0.955631185752102,1.0,1.0,1,1,1.0,True
14983,2,0.8054181014322588,0.8333333333333334,1.0153846153846153,1,1,1.0,True
14984,3,0.5027550257584146,0.4,1.0,1,1,0.7476092967536062,True
14985,3,0.9538023488620793,0.8571428571428571,1.0,1,1,1.0,True
14986,3,0.8904249406533654,0.8333333333333334,1.0,1,1,1.0,True
14987,2,0.8992856073553303,1.0,1.0125,1,1,1.0,True
14988,4,0.3444239850916484,0.3,1.0125,1,1,0.6380864698011827,False
14989,4,0.5988229226170317,0.3,1.0153846153846153,1,1,0.7471145858834898,True
14990,2,0.9351081896651887,1.0,1.0,1,1,1.0,True
14991,3,0.9180673427226764,1.0,1.015625,1,1,1.0,True
14992,2,0.8187643186598227,0.5714285714285714,1.0,0,1,0.9464285714285714,True
14993,2,0.5528904585500058,0.2857142857142857,1.0714285714285714,0,1,0.7214768631880977,True
14994,4,0.7388809088675722,0.6666666666666666,1.0037037037037038,1,2,0.9099172149114992,False
14995,2,0.7369415232515935,0.625,1.0,1,1,0.9417249385363973,True
14996,3,0.6735835811159242,0.5,1.0,1,1,0.8624882014306343,True
14997,3,0.6758963770713279,0.5,1.0869565217391304,1,1,0.8634793996972359,True
14998,2,0.922199691215604,0.8181818181818182,1.0,2,1,0.895,False
14999,2,0.3191756556634422,0.5,1.086765994741455,0,1,0.7105990905224276,False
15000,2,0.9999999999999998,1.0,1.0,1,2,0.9500000000000001,False
15001,2,0.7301298819467695,0.375,1.0294117647058822,1,2,0.7846389970248061,False
15002,2,0.885793331639401,0.75,1.0,1,2,0.9500000000000001,False
15003,2,0.7560959105166503,0.5,1.0,1,2,0.8478506283166597,False
15004,2,0.9565506891774628,1.0,1.0,1,2,0.9500000000000001,False
15005,2,1.0000000000000004,1.0,1.0,1,2,0.9500000000000001,False
15006,2,0.9318738816840555,0.7777777777777778,1.00117508813161,1,2,0.9500000000000001,False
15007,2,0.921332981916519,1.0,1.0,1,1,1.0,True
15008,2,1.0000000000000007,1.0,1.0,1,1,1.0,True
15009,3,0.6020106748359872,0.625,1.0,1,2,0.8338974320725662,False
15010,2,0.9618098532256989,0.875,1.0,1,2,0.9500000000000001,False
15011,2,1.0000000000000002,1.0,1.0,1,2,0.9500000000000001,False
15012,3,0.8261277572955583,0.8,1.0160427807486632,1,2,0.9500000000000001,False
15013,2,0.6734403787799349,0.5,1.0,1,2,0.8124268290009246,False
15014,3,0.6216613389548886,0.6666666666666666,1.0296054912292867,1,2,0.859680256377492,False
15015,2,0.8772243795100535,1.0,1.009090909090909,1,2,0.9500000000000001,False
15016,3,0.8980380761631639,1.0,1.0,1,2,0.9500000000000001,False
15017,2,0.6247620859216246,0.5714285714285714,1.0294117647058822,1,2,0.821326608252125,False
15018,2,0.999999999999999,1.0,1.0,1,2,0.9500000000000001,False
15019,2,0.8381054188491972,0.6,1.04,1,2,0.9083333333333333,False
15020,2,0.6097885232528539,0.6666666666666666,1.0044897648580777,1,2,0.8545919067909057,False
15021,2,0.8606191481525884,0.625,1.0044897648580777,1,2,0.9187500000000001,False
15022,2,0.8059363388188697,1.0,1.0004168403501459,1,2,0.9500000000000001,False
15023,2,0.7562595230084717,1.0,1.0,1,2,0.931254081289345,False
15024,2,0.9730940997987306,1.0,1.0,1,1,1.0,True
15025,2,0.3776580590409976,0.6666666666666666,1.0666666666666667,0,1,0.8051074221286816,False
15026,2,0.9999999999999999,1.0,1.0,1,1,1.0,True
15027,2,0.7544412618435427,0.5,1.0,0,1,0.8971414931710422,True
15028,2,0.6507691951227506,0.6666666666666666,1.0004168403501459,1,1,0.9221550518780042,True
15029,2,0.7740461263993517,0.6666666666666666,1.0120371080272943,1,1,0.9749880224251191,True
15030,2,1.0000000000000004,1.0,1.0,1,1,1.0,True
15031,3,0.729564105747447,0.5714285714285714,1.0,1,1,0.9162417596060488,True
15032,3,0.8519781470445902,0.75,1.0,1,1,1.0,True
15033,3,0.8571417522721996,0.6666666666666666,1.0,1,1,0.9861111111111112,True
15034,2,0.8912259148573215,1.0,1.0,1,1,1.0,True
15035,3,0.7180872272803802,0.5714285714285714,1.0,1,1,0.9113230974058772,True
15036,3,0.7823722654320671,0.5714285714285714,1.0,1,1,0.9388738280423146,True
15037,3,0.5232616085655091,0.4444444444444444,1.0,1,1,0.7749163507608796,True
15038,2,0.8945773676901859,0.75,1.0,1,1,1.0,True
15039,3,0.6866378831860742,0.42857142857142855,1.0,1,1,0.8383209975559367,True
15040,2,0.9575145865535643,1.0,1.0,1,1,1.0,True
15041,3,0.4789926754262478,0.25,1.0334861747950534,0,1,0.6749254323255348,True
15042,2,0.8501600552351359,0.5555555555555556,1.0,0,1,0.9398148148148149,True
15043,3,0.5716857174421024,0.2857142857142857,1.0,1,2,0.6795319741418534,False
15044,2,1.0,1.0,1.0,0,1,1.0,True
15045,3,0.9661059347789774,1.0,1.0,1,1,1.0,True
15046,2,0.9139287252364884,0.8,1.0,1,1,1.0,True
15047,2,0.8873408893849933,0.8571428571428571,1.0,1,1,1.0,True
15048,4,0.5143481989251956,0.4,1.0526315789473684,0,1,0.7525777995393697,True
15049,3,0.7609205259793349,0.5,1.0210526315789474,1,1,0.8999183206578103,True
15050,4,0.5302068436133452,0.4,1.0,2,1,0.6543743615485766,False
15051,3,0.6587783899295576,0.4,1.0,2,1,0.7094764528269533,False
15052,4,0.4968798449587139,0.4,1.0,0,1,0.745091362125163,True
15053,3,0.8304764977432894,0.8,1.0,1,1,1.0,True
15054,2,0.5405434722593275,0.6666666666666666,1.0,0,1,0.8749154563651087,True
15055,3,0.863572122522654,0.75,1.0227272727272727,1,1,1.0,True
15056,3,0.8651635038893494,0.75,1.0,1,1,1.0,True
15057,2,0.7999900733808334,0.75,1.0,1,1,0.9999957457346429,True
15058,2,0.9366283900330382,1.0,1.0,1,1,1.0,True
15059,3,0.8857738818389232,0.7142857142857143,1.0294117647058822,1,1,1.0,True
15060,4,0.4220359542891192,0.1111111111111111,1.0526315789473684,1,1,0.5926450386106807,False
15061,2,1.0000000000000004,1.0,1.0,1,1,1.0,True
15062,4,0.891747021359828,1.0,1.0,1,1,1.0,True
15063,2,0.7655731122657885,0.5,1.0,1,1,0.9019122862091475,True
15064,3,0.7802375063928326,0.7777777777777778,1.0,1,1,0.9915303598826426,True
15065,3,0.5665394283843209,0.42857142857142855,1.0037147102526003,1,1,0.786850231212328,True
15066,3,0.6047869020664209,0.3333333333333333,1.0037147102526003,1,1,0.763559465964974,True
15067,3,0.5455293778606496,0.42857142857142855,1.0037147102526003,1,1,0.7778459238450404,True
15068,2,0.6545317408947747,0.375,1.0,2,1,0.6972397937168082,False
15069,3,0.7192060705832299,0.6666666666666666,1.0,1,1,0.9514851413610668,True
15070,2,0.535525076034291,0.375,1.0909090909090908,1,1,0.7512369373480294,True
15071,2,0.8364403699194339,0.7142857142857143,1.0315789473684212,1,1,1.0,True
15072,2,0.9479499798146497,1.0,1.0222222222222221,1,1,1.0,True
15073,2,0.9959800376009965,1.0,1.0031982942430704,1,1,1.0,True
15074,2,0.7986176908787009,1.0,1.0,0,1,0.9994075818051575,True
15075,2,0.8871865442863877,0.8,1.0,1,1,1.0,True
15076,3,0.4936331276465973,0.3333333333333333,1.05,0,1,0.7159221340707639,True
15077,2,0.41583839681262474,0.6,1.105263157894737,0,1,0.7136926462530296,True
15078,2,0.7840460897041657,0.5,1.0,1,1,0.9098292765398805,True
15079,3,0.4556559709251875,0.6,1.0,0,1,0.8107573208726995,True
15080,3,0.6467535353997842,0.4,1.0,1,2,0.7593229437427648,False
15081,3,0.891596520555376,0.8,1.0,1,1,1.0,True
15082,3,0.8876676281915512,0.8,1.0035419126328218,1,2,0.9500000000000001,False
15083,2,0.7532941858988679,0.42857142857142855,1.0285714285714285,0,1,0.8668879844328481,True
15084,3,0.43676750734452413,0.375,1.0526315789473684,0,1,0.7089122650524151,True
15085,2,0.8301855671442112,0.625,1.0,0,1,0.96875,True
15086,3,0.4370735464642652,0.16666666666666666,1.0,0,1,0.6222378691196058,False
15087,2,0.6846266986221546,0.4444444444444444,1.0,0,1,0.8440728179280135,True
15088,3,0.23692163228703209,0.2222222222222222,1.0,0,1,0.559606625477511,False
15089,2,0.5567824449750053,0.6,1.0714285714285714,0,1,0.8540972383226213,True
15090,2,0.48336011159080644,0.4,1.0,0,1,0.7392971906817741,True
15091,3,0.16686216273980098,0.2,1.0,0,1,0.5203218792694385,False
15092,3,0.5427930973967982,0.3333333333333333,1.0,0,1,0.7369906925351357,True
15093,3,0.8152499326786958,0.6,1.0,0,1,0.9583333333333333,True
15094,3,0.643358400454517,0.4,1.0666666666666667,0,1,0.8078678859090788,True
15095,3,0.7235222250551085,0.5,1.0,0,1,0.8838904774045704,True
15096,2,0.4373242756202361,0.6666666666666666,1.0,0,1,0.8306786578054981,True
15097,2,0.6160490540621685,0.75,1.04,0,1,0.921163880312358,True
15098,3,0.566369743608431,0.3333333333333333,1.08,0,1,0.7470949694829784,True
15099,3,0.3192812877059803,0.3333333333333333,1.125,0,1,0.5611999169533566,False
15100,2,0.17445480876303665,0.4,1.0,0,1,0.6069092037555872,False
15101,2,0.403650644633425,0.6666666666666666,1.0,0,1,0.8162471016682933,True
15102,2,0.505442545864452,0.8,1.0,0,1,0.8737610910847652,True
15103,3,0.5775810653032879,0.375,1.0,0,1,0.7692609327490282,True
15104,2,0.5867661844514235,0.5714285714285714,1.0,0,1,0.8550426504791815,True
15105,2,0.3851898103235501,0.5,1.0,0,1,0.7388908710910452,False
15106,2,0.5021180939965063,0.75,1.0,0,1,0.8723363259985027,True
15107,3,0.5589316934391357,0.2857142857142857,1.0,1,2,0.6740659638548677,False
15108,2,0.8220477285351034,0.7142857142857143,1.0,1,1,1.0,True
15109,4,0.8115303381019832,0.6,1.0,2,1,0.8533333333333333,False
15110,2,0.7855523824325003,0.5,1.0,2,1,0.8054748305663098,False
15111,2,0.8046937191153926,0.8333333333333334,1.0285714285714285,1,1,1.0,True
15112,2,0.7414881077913303,0.6666666666666666,1.0,0,1,0.9610345858788241,True
15113,3,0.8648958532566907,0.8571428571428571,1.0,1,1,1.0,True
15114,2,1.0000000000000002,1.0,1.0,0,1,1.0,True
15115,2,0.9252725526559623,0.75,1.02,0,1,1.0,True
15116,3,0.7827329221195893,0.6666666666666666,1.0144927536231885,1,1,0.9787109348766494,True
15117,2,0.970194971027888,1.0,1.0,1,1,1.0,True
15118,4,0.22500910563441304,0.2857142857142857,1.3333333333333333,0,1,0.4209562833671294,False
15119,4,0.38255178401448114,0.09090909090909091,1.0,1,1,0.5710936217204919,False
15120,4,0.36337028853562575,0.4,1.1111111111111112,0,1,0.6078729808009824,False
15121,3,0.48081101260195036,0.2857142857142857,1.018181818181818,0,1,0.6905856720675025,True
15122,3,0.8226585910173216,0.6,1.0,1,1,0.9583333333333333,True
15123,4,0.8245323689328907,1.0,1.0285714285714285,1,1,1.0,True
15124,2,0.6779726144412388,0.5,1.0238095238095237,1,1,0.8643692157129119,True
15125,4,0.3784570502115046,0.2857142857142857,1.0238095238095237,1,1,0.6467196881858829,False
15126,4,0.14948873683874792,0.14285714285714285,1.1111111111111112,0,1,0.40906660150232055,False
15127,4,0.7156158328844383,0.6666666666666666,1.0,0,1,0.9499464680615848,True
15128,3,0.8491091664453402,0.8,1.0,1,1,1.0,True
15129,2,0.7811748858946549,0.625,1.01,1,1,0.9606820939548522,True
15130,3,0.9683028775490554,1.0,1.0,1,1,1.0,True
15131,4,0.8709620413354551,0.8333333333333334,1.0285714285714285,1,1,1.0,True
15132,4,0.8542016822837758,0.8333333333333334,1.0,0,1,1.0,True
15133,4,0.6436990921613208,0.6666666666666666,1.0,1,1,0.9191250077516773,True
15134,3,0.9039296252003114,0.8571428571428571,1.0,1,1,1.0,True
15135,4,0.6796332221606898,0.625,1.0285714285714285,1,1,0.9171642380688672,True
15136,3,0.9646357989391418,1.0,1.0,0,1,1.0,True
15137,3,0.723989598246712,0.625,1.0285714285714285,1,1,0.9361741135343051,True
15138,3,0.7158740110652505,0.42857142857142855,1.0305555555555554,1,1,0.8508507666470122,True
15139,2,0.8651175564833352,0.8333333333333334,1.0285714285714285,1,1,1.0,True
15140,2,0.7532264368212919,0.6,1.035,1,1,0.9382875205424583,True
15141,2,0.7226367893027217,0.625,1.0666666666666667,1,2,0.8855943382725951,False
15142,3,0.8874821868153883,0.6666666666666666,1.0,1,1,0.9861111111111112,True
15143,4,0.723693026609756,0.5714285714285714,1.0222222222222221,1,1,0.9137255828327526,True
15144,3,0.5854592426474455,0.5384615384615384,1.0285714285714285,0,1,0.8407462688269273,True
15145,2,0.9253294306980958,1.0,1.0,1,1,1.0,True
15146,3,0.8760018418665891,0.6666666666666666,1.0,1,1,0.9861111111111112,True
15147,4,0.8860922678250973,0.875,1.0,1,1,1.0,True
15148,2,0.8321607175362611,0.875,1.0,1,2,0.9500000000000001,False
15149,3,0.665801420787064,0.5555555555555556,1.024,1,1,0.8823011380092709,True
15150,2,0.8554747957779617,1.0,1.0105263157894737,1,1,1.0,True
15151,4,0.6507474127444326,0.5,1.0011778563015312,1,1,0.8527012721285664,True
15152,2,0.8525255525401823,0.875,1.0285714285714285,0,1,1.0,True
15153,2,1.0000000000000004,1.0,1.0,1,1,1.0,True
15154,3,0.9020494039961923,0.7142857142857143,1.0,1,1,1.0,True
15155,2,0.5503179073092224,1.0,1.0,0,1,0.8929933888468096,True
15156,2,0.9240871487042294,0.8333333333333334,1.0,1,1,1.0,True
15157,3,0.9436793853328075,1.0,1.0,1,1,1.0,True
15158,3,0.782469181172379,0.7142857142857143,1.0285714285714285,0,1,0.9924867919310196,True
15159,3,0.9525950052119181,1.0,1.0,1,1,1.0,True
15160,2,0.9705437663377865,1.0,1.0285714285714285,0,1,1.0,True
15161,2,0.7293650678900097,0.5714285714285714,1.0026385224274408,1,1,0.916156457667147,True
15162,3,0.5841386019120195,0.4,1.0022107590272662,1,1,0.7824879722480085,True
15163,2,0.9200200444587178,1.0,1.0014306151645207,0,1,1.0,True
15164,2,0.7791657345795097,0.6,1.0,0,1,0.9494043624388375,True
15165,3,0.34770658059225473,0.16666666666666666,1.1111111111111112,0,1,0.5039377408887441,False
15166,3,0.8408700841896221,1.0,1.0666666666666667,1,1,1.0,True
15167,3,0.6703703021585299,0.4,1.0,0,1,0.8194444152107986,True
15168,2,0.802652912432229,0.7142857142857143,1.0,1,1,1.0,True
15169,4,0.9204098135015367,1.0,1.0277777777777777,1,1,1.0,True
15170,3,0.8894312491596308,0.6,1.008888888888889,2,1,0.8533333333333333,False
15171,3,0.7143227065258463,0.6666666666666666,1.0,0,1,0.9493922710507596,True
15172,3,0.8199622677777164,0.42857142857142855,1.008888888888889,2,1,0.7819047619047619,False
15173,3,0.7329680449330835,1.0,1.0227272727272727,1,1,0.9712720192570359,True
15174,2,0.9355878832285769,1.0,1.0227272727272727,1,1,1.0,True
15175,2,0.7281881210157022,1.0,1.0857142857142856,0,1,0.9692234804353008,True
15176,2,0.9678265177917125,0.75,1.0,1,1,1.0,True
15177,2,0.8662754356461834,0.625,1.008888888888889,1,1,0.96875,True
15178,2,0.7330608614312861,0.42857142857142855,1.0526315789473684,1,1,0.8582165596610274,True
15179,3,0.8706410492041926,0.8333333333333334,1.0,1,1,1.0,True
15180,3,0.652751647445496,0.42857142857142855,1.0,1,1,0.8237983250956888,True
15181,2,0.6045605251447819,0.75,1.105263157894737,0,1,0.8362402250620494,True
15182,3,0.6467050897003542,0.5714285714285714,1.0,1,1,0.8807307527287234,True
15183,3,0.3770557400039887,0.4,1.0,0,1,0.6937381742874238,False
15184,3,0.7953310463252691,0.6,1.015625,1,1,0.95633235318702,True
15185,4,0.7337056893439674,0.5714285714285714,1.0,1,1,0.9180167240045576,True
15186,4,0.7496982282960041,0.6666666666666666,1.0035419126328218,1,1,0.9645532089522557,True
15187,3,0.8429697435253887,0.5714285714285714,1.0,0,1,0.9464285714285714,True
15188,2,0.9999999999999994,1.0,1.0804321728691477,1,1,1.0,True
15189,3,0.8297854411974371,1.0,1.0,1,1,1.0,True
15190,2,1.0,1.0,1.0,1,1,1.0,True
15191,2,0.9060714956584159,1.0,1.0,1,1,1.0,True
15192,2,0.627381366127759,0.5,1.0,1,1,0.842687252149992,True
15193,2,0.6473562448400816,0.8,1.0,0,1,0.9345812477886064,True
15194,2,0.9567514850658867,1.0,1.0,1,1,1.0,True
15195,2,1.0000000000000002,1.0,1.0,1,1,1.0,True
15196,2,0.9999999999999997,1.0,1.0,0,1,1.0,True
15197,2,0.9748343232921113,1.0,1.0,0,1,1.0,True
15198,3,0.3946864092709324,0.3333333333333333,1.0714285714285714,0,1,0.6735163976240504,False
15199,2,0.6732736991837779,0.6666666666666666,1.0,0,1,0.9317998393327303,True
15200,3,0.6597532601968523,0.75,1.0285714285714285,0,1,0.9398942543700797,True
15201,2,0.5196309710607532,0.75,1.0,0,1,0.8798418447403229,True
15202,2,0.5892260548050894,0.8,1.0266666666666666,0,1,0.9096683092021811,True
15203,4,0.5368622294602674,0.5,1.0,0,1,0.8038933364353527,True
15204,4,0.09475075437715656,0.14285714285714285,1.1666666666666667,0,1,0.3878571428571428,False
15205,2,0.522150756721296,0.75,1.02,0,1,0.8809217528805555,True
15206,2,0.5835679430806716,0.75,1.008888888888889,0,1,0.9072434041774307,True
15207,2,0.7770996699754217,0.75,1.0294117647058822,0,1,0.9901855728466094,True
15208,2,0.7367121292791914,0.5714285714285714,1.0,0,1,0.9193051982625107,True
15209,2,0.7780387761473099,0.6,1.1428571428571428,0,1,0.868921380253609,True
15210,2,0.7334516903919991,0.6666666666666666,1.1428571428571428,0,1,0.8775904069933964,True
15211,2,0.9038216847000573,0.8,1.0,1,1,1.0,True
15212,2,0.5406260636038203,0.5,1.09375,0,1,0.8055064082111612,True
15213,4,0.8058382670292734,1.0,1.025,1,1,1.0,True
15214,4,0.8765345380015186,1.0,1.025,1,1,1.0,True
15215,3,0.3377758328350845,0.14285714285714285,1.125,0,1,0.4897610712150362,False
15216,3,0.5042131223822343,0.3333333333333333,1.1363636363636365,0,1,0.640456417528894,True
15217,2,0.7440063133472831,0.5714285714285714,1.0,1,1,0.9224312771488357,True
15218,3,0.6471017580257448,0.5714285714285714,1.0010010010010009,1,1,0.8809007534396049,True
15219,2,0.9999999999999999,1.0,1.00048480441172,1,1,1.0,True
15220,2,0.5862998864981821,0.5,1.0015250495072041,1,1,0.8250809037373161,True
15221,2,0.6425815836956649,1.0,1.0007960877971114,1,1,0.9325349644409993,True
15222,3,0.7148832187656674,0.5,1.0097777777777779,1,1,0.880188046137667,True
15223,2,0.8989337069779948,0.8333333333333334,1.0,1,1,1.0,True
15224,3,0.6942019513141061,0.5,1.0014553392759689,1,1,0.8713246458012835,True
15225,3,0.6612974349578264,1.0,1.0057142857142858,1,1,0.9405560435533542,True
15226,3,0.5899168918475474,0.2,1.0012045454545455,2,1,0.5966310488870441,False
15227,4,0.5589766561041207,0.2,1.0010010010010009,1,1,0.688370947854147,False
15228,2,0.6406296002494442,0.75,1.0101010101010102,1,1,0.9316984001069046,True
15229,2,0.8580663573985355,1.0,1.0006822833750284,1,1,1.0,True
15230,2,0.9084550570435701,1.0,1.0,0,1,1.0,True
15231,2,0.9999999999999997,1.0,1.0,1,1,1.0,True
15232,2,0.7185143019807396,0.6,1.0,0,1,0.9234108913250789,True
15233,3,0.38162995002164146,0.375,1.1333333333333333,0,1,0.6052818833426082,False
15234,3,0.8527148620348994,0.7777777777777778,1.0,1,1,1.0,True
15235,3,0.6064516240366108,0.5,1.25,0,1,0.673717362682357,False
15236,2,0.8095101545949707,0.8,1.0,0,1,1.0,True
15237,3,0.775008920705527,0.6666666666666666,1.0011551790527533,1,1,0.9754006485563369,True
15238,3,0.8602526269686713,0.8333333333333334,1.0285714285714285,1,1,1.0,True
15239,2,0.9360264267432158,1.0,1.0,1,1,1.0,True
15240,3,0.9423405628057681,0.875,1.0,1,2,0.9500000000000001,False
15241,2,1.0000000000000002,1.0,1.0,1,1,1.0,True
15242,3,0.5432511718852222,0.4444444444444444,1.001926782273603,1,1,0.7834833064693281,True
15243,2,0.9999999999999997,1.0,1.0,1,1,1.0,True
15244,2,0.9999999999999999,1.0,1.0,1,2,0.9500000000000001,False
15245,3,0.8097026920338238,0.6666666666666666,1.0,1,2,0.9361111111111112,False
15246,3,0.9118544130982351,1.0,1.024,1,2,0.9500000000000001,False
15247,2,0.8315187141938813,0.7777777777777778,1.0125,1,1,1.0,True
15248,2,0.9745651442777609,1.0,1.0,1,2,0.9500000000000001,False
15249,2,0.8797771948835066,0.5,1.0,1,1,0.9166666666666667,True
15250,2,1.0000000000000002,1.0,1.0,1,1,1.0,True
15251,2,0.8774420133133272,0.75,1.0,1,2,0.9500000000000001,False
15252,2,1.0000000000000002,1.0,1.0,1,1,1.0,True
15253,2,0.9999999999999994,1.0,1.0,1,1,1.0,True
15254,3,0.5998176837816332,0.4,1.0101010101010102,1,1,0.7892075787635571,True
15255,2,0.9378743798828907,1.0,1.0133333333333334,1,1,1.0,True
15256,2,0.9569243467779546,0.875,1.0,1,1,1.0,True
15257,4,0.6049630878232478,0.5555555555555556,1.0105263157894737,1,1,0.856227566739064,True
15258,3,0.780651443901916,0.8,1.0105263157894737,1,2,0.9417077616722497,False
15259,3,0.6220065139466336,0.375,1.0133333333333334,1,1,0.7883004107390335,True
15260,2,0.776342915412482,0.6666666666666666,1.0,1,1,0.9759723605736035,True
15261,3,0.47652872746082686,0.375,1.0833333333333333,1,2,0.6759527879594021,False
15262,3,0.33851730915563877,0.3333333333333333,1.0263157894736843,1,1,0.6494439261460674,False
15263,2,0.7011798745061296,0.5714285714285714,1.025,1,2,0.8540770890740556,False
15264,3,0.3817283192363815,0.4,1.0666666666666667,0,1,0.6957407082441636,False
15265,3,0.8407959072166765,0.875,1.02,1,1,1.0,True
15266,3,0.6770419980103032,0.6,1.02,1,1,0.9056370467663204,True
15267,2,0.8889608039944475,1.0,1.0,0,1,1.0,True
15268,3,0.7563157110334585,0.8,1.0,0,1,0.9812781618714823,True
15269,2,0.7034516754368654,0.6,1.0014306151645207,0,1,0.9169554799491328,True
15270,2,0.9767017907347837,1.0,1.0,1,1,1.0,True
15271,3,0.4906188282587371,0.4,1.0256410256410255,0,1,0.7424080692537445,True
15272,2,0.9999999999999983,1.0,1.0,1,1,1.0,True
15273,3,0.4976358559262336,0.5,1.09375,1,1,0.7870820334921953,True
15274,3,0.39699312097590717,0.2857142857142857,1.125,0,1,0.574663718513484,False
15275,2,0.6296237786532365,0.4444444444444444,1.0,1,1,0.8205001379413341,True
15276,2,0.9368857365728402,0.8571428571428571,1.0,1,1,1.0,True
15277,3,0.7093981859313659,0.42857142857142855,1.021021021021021,1,1,0.8480754130182044,True
15278,2,0.8317603555609724,0.625,1.0,1,1,0.96875,True
15279,2,0.7482046873691771,0.5714285714285714,1.0071428571428571,1,1,0.924230580301076,True
15280,2,0.7293783779051509,0.6,1.0071428571428571,1,1,0.9280669238641124,True
15281,4,0.17094569056274617,0.2,1.0,0,1,0.5220719626221293,False
15282,2,1.0,1.0,1.0029607698001481,1,1,1.0,True
15283,3,0.6337837564463624,0.5454545454545454,1.0,0,1,0.8643705276545017,True
15284,4,0.37303896305113826,0.2857142857142857,1.25,0,1,0.48439765083144015,False
15285,3,0.7601891247246314,0.5714285714285714,1.0,1,1,0.9293667677391277,True
15286,2,0.5228137644210785,0.4166666666666667,1.0526315789473684,1,2,0.7131503434820495,False
15287,2,0.6243999236326149,0.4,1.0,1,1,0.7997428244139779,True
15288,2,0.8054778149595285,0.6666666666666666,1.0,0,1,0.9861111111111112,True
15289,3,0.4925939835634342,0.6,1.2222222222222223,0,1,0.6665878977176624,False
15290,3,0.2716119850992841,0.3333333333333333,1.0,0,1,0.6207702158362011,False
15291,2,0.7771594086459016,1.0,1.0,1,1,0.9902111751339577,True
15292,2,0.6379507027294048,1.0,1.0,0,1,0.9305503011697449,True
15293,4,0.14794585032566487,0.25,1.1363636363636365,0,1,0.45304822156814206,False
15294,2,0.8032968894238034,0.6666666666666666,1.0142857142857142,0,1,0.9861111111111112,True
15295,3,0.6652427236311703,0.5714285714285714,1.0,1,2,0.8386754529847874,False
15296,3,0.9407899699284853,0.8571428571428571,1.0,0,1,1.0,True
15297,3,0.5203971148238568,0.3333333333333333,1.0,1,2,0.6773924142895894,False
15298,2,0.7400058660230391,0.5,1.0,1,1,0.8909548949622549,True
15299,3,0.6519005887043926,0.5714285714285714,1.0,1,2,0.8329573951590256,False
15300,2,0.8810397484715675,0.8,1.0,1,2,0.9500000000000001,False
15301,3,0.5789737071667348,0.5,1.0,1,2,0.7719411125952674,False
15302,3,0.7986729229027212,0.5,1.0285714285714285,0,1,0.9160979193392615,True
15303,2,0.6804012427644494,0.5,1.1333333333333333,0,1,0.7854100564228592,True
15304,2,0.4962618052224858,0.4444444444444444,1.0227272727272727,1,1,0.7633450064710123,True
15305,2,0.9251235866777001,1.0,1.0,1,2,0.9500000000000001,False
15306,2,0.9999999999999999,1.0,1.1,1,1,1.0,True
15307,2,0.9608793343687548,1.0,1.0,1,1,1.0,True
15308,2,0.9260431143612317,1.0,1.0,1,1,1.0,True
15309,3,0.6959348405761037,0.5714285714285714,1.0140845070422535,1,2,0.8518292173897589,False
15310,4,0.46772936113299995,0.2,1.0091743119266054,1,1,0.6492649642950952,False
15311,3,0.37595198624004833,0.16666666666666666,1.125,0,1,0.5160429147377985,False
15312,2,0.7387881367552972,0.6666666666666666,1.0,1,2,0.90987745543481,False
15313,2,0.9235206902844032,1.0,1.0185185185185186,1,1,1.0,True
15314,2,0.9882070594534942,1.0,1.0,0,1,1.0,True
15315,2,1.0000000000000002,1.0,1.0,1,1,1.0,True
15316,2,0.9180447774876074,1.0,1.0185185185185186,1,1,1.0,True
15317,3,0.7998913848374191,1.0,1.0,1,2,0.9499534506446082,False
15318,2,0.7557187505369941,0.6,1.0,1,1,0.9393556549920452,True
15319,3,0.17529128170705824,0.2,1.0336666666666667,0,1,0.5239343588268345,False
15320,2,0.8460665306180128,0.75,1.0,1,1,1.0,True
15321,2,0.6550456631765978,0.4,1.0057142857142858,2,1,0.7078767127899706,False
15322,2,0.9142242794104707,0.6666666666666666,1.0,0,1,0.9861111111111112,True
15323,3,0.8825070963006737,0.8333333333333334,1.0331872260488417,1,2,0.9500000000000001,False
15324,3,0.721654832506641,0.6666666666666666,1.0331872260488417,1,2,0.9025346107568145,False
15325,3,0.3828999835504351,0.4,1.1818181818181819,0,1,0.6162428500930436,False
15326,3,0.523577418202565,0.5,1.0666666666666667,0,1,0.7981998458963374,True
15327,3,0.3743656107784161,0.4,1.0285714285714285,0,1,0.6925852617621784,False
15328,2,0.6403574780847198,0.75,1.0,0,1,0.9315817763220228,True
15329,2,0.6201565512908651,0.75,1.0,0,1,0.9229242362675136,True
15330,2,0.6440355195038994,0.6666666666666666,1.0,0,1,0.9192691908984966,True
15331,2,0.5784819060883852,0.75,1.0,0,1,0.9050636740378795,True
15332,3,0.511860084347337,0.5,1.1,0,1,0.7931781313869539,True
15333,2,0.8924387502663353,0.8,1.0,1,1,1.0,True
15334,3,0.6699578053286285,0.6666666666666666,1.0333333333333334,1,1,0.9303787419662377,True
15335,3,0.45572321523834153,0.4,1.0,0,1,0.7274528065307178,True
15336,3,0.6973715468952096,0.5,1.0,1,1,0.8726830439074709,True
15337,2,0.7532684768975165,0.75,1.125,0,1,0.89997220438465,True
15338,3,0.5536123506301542,0.5,1.125,0,1,0.7310719597938756,True
15339,3,0.6024464626661254,0.75,1.0625,0,1,0.9153341982854823,True
15340,4,0.5601804583180577,0.4,1.25,0,1,0.6122201964220249,False
15341,4,0.27129503758303314,0.2857142857142857,1.175,0,1,0.5207931113451094,False
15342,4,0.4555375504675274,0.4,1.175,0,1,0.6473732359146547,True
15343,3,0.9626977147454231,1.0,1.0,1,1,1.0,True
15344,4,0.7637887766035271,0.7142857142857143,1.0,1,2,0.9344809042586545,False
15345,2,0.7692412836929162,1.0,1.0,0,1,0.9868176930112498,True
15346,4,0.34097478980966145,0.4,1.1333333333333333,0,1,0.5982749099184264,False
15347,4,0.6507941829865579,0.5714285714285714,1.0666666666666667,0,1,0.8824832212799534,True
15348,3,0.8419846577242923,0.8,1.0,0,1,1.0,True
15349,4,0.4801826071289023,0.3333333333333333,1.25,0,1,0.550157625277466,False
15350,2,0.7754775147230873,1.0,1.0058823529411764,1,1,0.9894903634527517,True
15351,3,0.6119436205994964,0.5714285714285714,1.0666666666666667,0,1,0.8658329802569271,True
15352,2,0.7527187328275773,1.0,1.0058823529411764,1,1,0.9797365997832475,True
15353,2,0.7729730681564897,0.8,1.0285714285714285,1,1,0.9884170292099241,True
15354,2,0.8645610317894659,0.6,1.0056472632493485,0,1,0.9583333333333333,True
15355,4,0.42476791760913357,0.5714285714285714,1.0,1,3,0.7356148218324859,False
15356,2,0.9152442091295253,0.8,1.0,1,1,1.0,True
15357,2,0.5588469607888877,0.4,1.0666666666666667,0,1,0.771648697480952,True
15358,4,0.360779428352491,0.375,1.0018214936247722,0,1,0.6763459454844009,False
15359,2,0.7106135128628033,0.6666666666666666,1.0666666666666667,0,1,0.9478026166237411,True
15360,3,0.1786637234913514,0.14285714285714285,1.125,0,1,0.42157016721057916,False
15361,2,0.9999999999999998,1.0,1.0,1,1,1.0,True
15362,3,0.575440440634277,0.25,1.0,1,2,0.6662601888432617,False
15363,2,1.0,1.0,1.0,1,2,0.9500000000000001,False
15364,2,0.6358126538149212,0.3333333333333333,1.0,1,1,0.7768562167143314,True
15365,2,0.6152165527155158,0.3333333333333333,1.0,0,1,0.7680293162431575,True
15366,2,0.6789817428764908,0.5714285714285714,1.0,1,2,0.8445636040899248,False
15367,2,0.8334049559497959,0.25,1.0,1,1,0.8125,True
15368,3,0.9324404137688995,1.0,1.022857142857143,1,2,0.9500000000000001,False
15369,2,0.9566120120276906,1.0,1.0105263157894737,1,2,0.9500000000000001,False
15370,3,0.8818457003160239,1.0,1.0222222222222221,1,1,1.0,True
15371,2,0.6324282643426948,0.5,1.0133333333333334,1,2,0.7948502085278216,False
15372,3,0.9492707551986614,1.0,1.0,1,2,0.9500000000000001,False
15373,2,0.642796826187403,0.5714285714285714,1.0,0,1,0.8790557826517442,True
15374,4,0.5689984640374823,0.3333333333333333,1.0588235294117647,1,2,0.6982215639525718,False
15375,3,1.0,1.0,1.0,1,1,1.0,True
15376,3,0.5017588414793395,0.3333333333333333,1.0,0,1,0.7194045828562249,True
15377,2,0.35238427564423747,0.5,1.02,0,1,0.7248313562284827,False
15378,4,0.4359139375935217,0.5714285714285714,1.0,0,1,0.7903916875400807,True
15379,3,0.4371041690443247,0.2857142857142857,1.0,0,1,0.671854167685663,True
15380,3,0.7660905901175249,0.6666666666666666,1.025,1,1,0.9715785068757647,True
15381,4,0.0,0.0,1.0,0,1,0.44999999999999996,False
15382,2,0.29212859800017,0.5,1.0,0,1,0.6990074943810253,False
15383,2,0.7607609514431186,0.6666666666666666,1.1428571428571428,0,1,0.8892943760153048,True
15384,3,0.8324651374958759,0.6,1.0294117647058822,0,1,0.9583333333333333,True
15385,3,0.37506691062768405,0.16666666666666666,1.0,0,1,0.5956635966182138,False
15386,2,0.9160649607571686,1.0,1.009090909090909,0,1,1.0,True
15387,4,0.48622580364418116,0.2222222222222222,1.0,1,2,0.6164512703448608,False
15388,2,0.8541243769641842,0.8333333333333334,1.0,1,1,1.0,True
15389,4,0.6922131295399645,0.6,1.0169491525423728,0,1,0.9121389602790324,True
15390,4,0.48595733425230436,0.5,1.25,0,1,0.6220769527747971,False
15391,3,0.3389328946456851,0.4,1.0,0,1,0.677399811991008,False
15392,2,0.7451532017481676,0.5714285714285714,1.0,1,1,0.9229228007492147,True
15393,4,0.3011936502879401,0.375,1.0,0,1,0.6508091834567362,False
15394,2,0.8920324837790449,1.0,1.008,1,1,1.0,True
15395,3,0.6908353688241348,0.4,1.0105263157894737,1,1,0.8282151580674864,True
15396,2,0.5511856964881704,0.36363636363636365,1.014332965821389,1,1,0.7532137833434152,True
15397,2,0.6134668312018104,0.6,1.0,0,1,0.8783905467055378,True
15398,2,0.6299357450132801,0.36363636363636365,1.014332965821389,1,1,0.7869638041398906,True
15399,4,0.6221045175728406,0.2222222222222222,1.0105263157894737,1,2,0.6746850048857148,False
15400,3,0.8273714864168915,0.5,1.0,1,1,0.9166666666666667,True
15401,4,0.6747209583540262,0.2,1.0,1,2,0.6879756488183922,False
15402,4,0.2627179516779645,0.125,1.1,0,1,0.5301529316715086,False
15403,4,0.37471910684098747,0.3333333333333333,1.41875,0,1,0.5049589822969311,False
15404,3,0.6569998221675056,0.5,1.0416666666666667,0,1,0.8553808761670263,True
15405,2,0.6419317299063597,1.0,1.0,0,1,0.9322564556741542,True
15406,2,0.5724339025840607,0.6,1.0294117647058822,0,1,0.8608050058693594,True
15407,3,0.6603723399613063,0.5,1.0833333333333333,1,1,0.8568262409357981,True
15408,2,0.7383343649495071,0.5,1.0294117647058822,0,1,0.8902385373593127,True
15409,3,0.723869599238117,0.6666666666666666,1.0,1,1,0.9534837964988756,True
15410,4,0.7265094462020577,0.5555555555555556,1.0,0,1,0.9083188631871253,True
15411,3,0.1458851392939572,0.14285714285714285,1.1,0,1,0.48752220255455303,False
15412,2,0.8130152968395385,0.6,1.0074074074074073,1,1,0.9583333333333333,True
15413,3,0.7184454945024751,0.5,1.004821600771456,1,1,0.881714735739156,True
15414,3,0.597687123973791,0.2727272727272727,1.0222222222222221,1,1,0.7352641786727502,True
15415,2,0.9022344159508042,0.8571428571428571,1.0,1,2,0.9500000000000001,False
15416,3,0.558685516742788,0.5714285714285714,1.0,1,2,0.7930080786040521,False
15417,3,0.512264725733236,0.3333333333333333,1.0,0,1,0.7239071046793234,True
15418,2,0.842223064133992,0.75,1.0,0,1,1.0,True
15419,3,0.8621949184614954,1.0,1.0285714285714285,1,1,1.0,True
15420,2,0.8000064045437172,0.8,1.0,1,1,1.0,True
15421,3,0.8874362422791391,0.8571428571428571,1.0285714285714285,1,1,1.0,True
15422,3,0.8660902543103716,0.8333333333333334,1.0285714285714285,1,1,1.0,True
15423,2,0.8642804555054805,0.6666666666666666,1.0,1,1,0.9861111111111112,True
15424,2,0.6491639532143739,0.5,1.0,1,1,0.8520226466156842,True
15425,3,0.4754238900898277,0.14285714285714285,1.0,0,1,0.6287530957527833,False
15426,2,0.9288172077216365,0.8,1.0,1,1,1.0,True
15427,2,0.9999999999999994,1.0,1.0625,1,1,1.0,True
15428,2,1.0000000000000002,1.0,1.1,0,1,1.0,True
15429,3,0.4664640951069111,0.2857142857142857,1.1428571428571428,0,1,0.6044369931410571,True
15430,2,0.9733073149850339,1.0,1.0,1,1,1.0,True
15431,3,0.5540486892090707,0.2857142857142857,1.025,1,2,0.6719732477562684,False
15432,2,0.7307171207047065,0.6,1.0,1,2,0.8786406707782076,False
15433,2,0.81982574893626,0.6666666666666666,1.1,0,1,0.9861111111111112,True
15434,4,0.7278047701199224,0.5714285714285714,1.0,1,2,0.8654877586228239,False
15435,2,0.7061438701500519,1.0,1.0,1,1,0.9597759443500222,True
15436,4,0.9691599361118358,1.0,1.0,1,1,1.0,True
15437,3,0.728692947655438,0.6,1.1657559198542806,0,1,0.8477731680428068,True
15438,4,0.7439373242435804,0.8,1.0,1,1,0.9759731389615345,True
15439,2,0.5245596230089803,0.6666666666666666,1.0,0,1,0.8680652352578169,True
15440,4,0.4047462980635138,0.3333333333333333,1.0666666666666667,1,1,0.6778277785351567,True
15441,3,0.17717380870456578,0.1,1.0,0,1,0.4830744894448139,False
15442,2,0.6443429046652321,0.6666666666666666,1.0714285714285714,0,1,0.9194009273962107,True
15443,3,0.6949273108146478,0.6,1.0,1,1,0.9133021808253252,True
15444,2,0.6429418310678172,0.5,1.012,1,1,0.8493560228385884,True
15445,2,1.0000000000000007,1.0,1.0,1,1,1.0,True
15446,4,0.39843450623397514,0.2857142857142857,1.08,0,1,0.655281455052656,False
15447,3,0.5015587013355808,0.42857142857142855,1.0454545454545454,0,1,0.7590013481914395,True
15448,2,0.8267358711709344,1.0,1.0898058252427183,0,1,1.0,True
15449,4,0.24949270730756387,0.2222222222222222,1.2941176470588236,0,1,0.40499422905773896,False
15450,4,0.6553239252529612,0.5,1.2,0,1,0.7746626346322215,True
15451,3,0.8961460313897378,0.8571428571428571,1.025,1,1,1.0,True
15452,3,0.6582328321824104,0.375,1.037037037037037,1,1,0.8038259756972235,True
15453,2,0.9129850749524625,0.8333333333333334,1.0133333333333334,1,1,1.0,True
15454,2,0.5562585423849349,0.75,1.0416666666666667,1,2,0.8455393753078294,False
15455,4,0.648673255081149,0.5,1.0,2,1,0.7468123474157307,False
15456,3,0.8215261020044439,1.0,1.0,1,1,1.0,True
15457,2,0.6839748395519281,0.4444444444444444,1.0,2,2,0.6887934497550593,False
15458,2,0.7799721843415344,0.6666666666666666,1.0,1,1,0.9775277615431972,True
15459,3,0.8498590140193695,0.7142857142857143,1.008888888888889,0,1,1.0,True
15460,2,0.6929152516985013,0.5714285714285714,1.0,1,2,0.8505351078707865,False
15461,4,0.755291486269283,0.5555555555555556,1.034928848641656,1,1,0.9206540232159361,True
15462,2,0.7802774294003216,0.6666666666666666,1.0,0,1,0.9776585808541061,True
15463,3,0.2745557174949759,0.25,1.1111111111111112,0,1,0.5073095932121325,False
15464,3,0.7253757289719428,0.5,1.0,2,1,0.7796848362260709,False
15465,2,0.6998142418061982,1.0,1.0,1,1,0.9570632464883706,True
15466,4,0.7037166176477864,0.625,1.0,1,1,0.9274856932776228,True
15467,4,0.6754761485913464,0.3333333333333333,1.0,2,1,0.6888548573327993,False
15468,2,0.9743332698593258,1.0,1.0,0,1,1.0,True
15469,4,0.715025063545731,0.4444444444444444,1.0222222222222221,1,1,0.8571006886095462,True
15470,2,0.9110820091459605,0.8333333333333334,1.0,1,2,0.9500000000000001,False
15471,3,0.7551124217623093,0.5,1.0,0,1,0.8974291331362279,True
15472,2,0.9472978406284559,1.0,1.0,1,1,1.0,True
15473,4,0.373116359325579,0.125,1.0070671378091873,1,1,0.5774665349490576,False
15474,2,0.9472799961350795,0.8,1.0,1,2,0.9500000000000001,False
15475,3,0.5213644121823318,0.25,1.0,2,1,0.5880847480781421,False
15476,2,0.9315984687866193,1.0,1.03125,1,1,1.0,True
15477,2,0.9212115862353936,0.8333333333333334,1.0,1,2,0.9500000000000001,False
15478,3,0.7975617327846188,0.7142857142857143,1.009090909090909,1,1,0.9989550283362651,True
15479,3,0.41354481798176945,0.2857142857142857,1.1428571428571428,0,1,0.5817573029445678,True
15480,3,0.5575874094657967,0.4444444444444444,1.0,1,1,0.7896274082895742,True
15481,4,0.655822185842272,0.8,1.0,1,1,0.9382095082181166,True
15482,2,0.8829703379491465,0.8333333333333334,1.0,0,1,1.0,True
15483,2,0.8243256931682067,0.8571428571428571,1.012,1,1,1.0,True
15484,3,0.8191466634770985,0.6666666666666666,1.0,1,1,0.9861111111111112,True
15485,3,0.7972056746998577,0.8333333333333334,1.0294117647058822,1,1,0.9988024320142248,True
15486,3,0.6724769078003415,0.7142857142857143,1.1,1,2,0.8953472462001465,False
15487,4,0.823077338847326,1.0,1.0047021943573666,1,1,1.0,True
15488,4,0.6459512888576611,0.6666666666666666,1.009090909090909,1,1,0.9200902349072515,True
15489,4,0.8209764355759034,0.8571428571428571,1.034928848641656,1,1,1.0,True
15490,3,0.6235572599843925,0.5,1.0,2,2,0.6860483495171207,False
15491,2,0.8917301648088258,0.8,1.0,1,1,1.0,True
15492,2,0.7968804182195272,0.8333333333333334,1.0,1,2,0.9486630363797973,False
15493,2,0.7708719511541645,0.5555555555555556,1.0,1,1,0.9273313653094568,True
15494,4,0.5539823996304816,0.3333333333333333,1.1375,0,1,0.6617861077781428,True
15495,2,0.7191861066729118,0.75,1.1333333333333333,0,1,0.8853654742883909,True
15496,4,0.6449079023311406,0.5714285714285714,1.0044444444444445,1,1,0.8799605295704889,True
15497,2,0.8787142327151121,0.8571428571428571,1.0,1,2,0.9500000000000001,False
15498,3,0.6046345078185014,0.625,1.08,1,2,0.8350219319222151,False
15499,3,0.740570500484426,0.5555555555555556,1.0,1,2,0.8643450293081404,False
15500,2,0.7560795599998592,0.7142857142857143,1.009090909090909,1,1,0.9811769542856539,True
15501,2,0.9501147399394013,0.6666666666666666,1.010909090909091,1,1,0.9861111111111112,True
15502,4,0.004264610609732912,0.0,1.1666666666666667,0,1,0.37,False
15503,3,0.6802161622986477,0.5,1.28,0,1,0.7053307362232301,False
15504,2,0.8795155706105076,1.0,1.0,1,1,1.0,True
15505,3,0.8742406703068166,0.8,1.0,1,1,1.0,True
15506,2,0.7616356332160477,0.6666666666666666,1.0,1,1,0.9696692396322744,True
15507,4,0.4663969977471108,0.3333333333333333,1.0,0,1,0.704249506970984,True
15508,2,0.46914709503393315,0.3,1.0909090909090908,1,1,0.6915392312050189,True
15509,3,0.6423432849235164,0.3333333333333333,1.0,0,1,0.779655058618015,True
15510,2,0.8568178004418048,1.0,1.0,1,1,1.0,True
15511,4,0.3825056541758247,0.2222222222222222,1.0,0,1,0.6219997777155651,False
15512,2,0.5402020380602599,0.5,1.015625,0,1,0.8053246829782066,True
15513,4,0.7596371204808255,0.4,1.0285714285714285,2,1,0.7527016230632111,False
15514,4,0.6016724584594609,0.5,1.0666666666666667,1,3,0.7816691488635786,False
15515,3,0.5145775195276227,0.5,1.0,0,1,0.7943427464642192,True
15516,3,0.3864672281228133,0.3333333333333333,1.025,0,1,0.6699938914177136,False
15517,2,0.48468118510080455,0.25,1.0666666666666667,0,1,0.6773633650432019,True
15518,3,0.4044036272044125,0.6666666666666666,1.0571428571428572,0,1,0.8165698084844308,True
15519,3,0.7703924682588886,0.7142857142857143,1.0,1,2,0.937311057825238,False
15520,3,0.8431392707705124,0.3333333333333333,1.0,1,1,0.8472222222222222,True
15521,3,0.74201269548297,0.6666666666666666,1.0086455331412103,1,1,0.9612594091752411,True
15522,3,0.44942429719002314,0.2222222222222222,1.0564663023679417,0,1,0.6506791961502215,False
15523,2,0.941376341382417,0.8,1.0,1,1,1.0,True
15524,2,0.8907774648036232,0.6666666666666666,1.0,1,1,0.9861111111111112,True
15525,3,0.7147033105743653,0.42857142857142855,1.0037735849056604,1,1,0.8503490378652041,True
15526,3,0.3780390544581462,0.6,1.0333247222939808,0,1,0.7774929281011103,False
15527,2,0.9101625357206784,0.8571428571428571,1.0,1,1,1.0,True
15528,4,0.6150463006413058,0.625,1.0,1,1,0.889484128846274,True
15529,4,0.5839534904982348,0.42857142857142855,1.0107142857142857,2,1,0.6893134006897197,False
15530,2,0.8101818452840197,0.7142857142857143,1.0933333333333333,0,1,1.0,True
15531,4,0.7341983104366671,0.6,1.011764705882353,1,1,0.9301326092347622,True
15532,4,0.590932844077831,0.4444444444444444,1.0,1,1,0.803918308837589,True
15533,4,0.21447810297929565,0.2857142857142857,1.0351966873706004,0,1,0.5764429965149362,False
15534,3,0.5608150892301909,0.3333333333333333,1.0,0,1,0.7447144033208755,True
15535,4,0.5252986452740795,0.5,1.0572687224669604,0,1,0.7989375146412723,True
15536,4,0.5963230159014373,0.5,1.1428571428571428,0,1,0.7493765306244256,True
15537,2,1.0000000000000004,1.0,1.0,1,1,1.0,True
15538,2,0.9639093614073585,1.0,1.0,1,1,1.0,True
15539,3,0.5688209608813867,0.6666666666666666,1.0,0,1,0.8870343800602769,True
15540,3,0.4211075952115029,0.5,1.0526315789473684,1,2,0.7042842074715966,False
15541,3,0.710210189722093,0.4,1.0,1,2,0.78651865273804,False
15542,3,0.6001812358933272,0.6,1.0,0,1,0.8726967201447593,True
15543,2,0.615924360013929,0.3333333333333333,1.0,1,1,0.7683326622281919,True
15544,2,0.6504282595881428,0.6666666666666666,1.1,0,1,0.9220089366488866,True
15545,3,0.5898886465430273,0.5,1.0275,0,1,0.8266189437565356,True
15546,3,0.6909620607806237,0.2,1.1,0,1,0.744936121286934,False
15547,3,0.3974769227367144,0.5,1.0006901311249137,0,1,0.7441567764109729,False
15548,2,0.5788227714314553,0.5,1.0010537407797682,1,2,0.7718764258515761,False
15549,4,0.3541888753475269,0.2222222222222222,1.1764705882352942,0,1,0.5298640153605803,False
15550,3,0.9013392516319947,1.0,1.0,1,2,0.9500000000000001,False
15551,4,0.6087635189230544,0.5,1.0,0,1,0.8347081747765472,True
15552,2,1.0000000000000004,1.0,1.0,1,1,1.0,True
15553,2,0.9324435777515097,0.8,1.0,1,1,1.0,True
15554,4,0.6874752780033432,0.6,1.0,2,1,0.8051084524776233,False
15555,2,0.35249093004498144,0.6,1.0,0,1,0.7665437319240397,False
15556,3,0.8997216896267217,0.8333333333333334,1.0,1,1,1.0,True
15557,4,0.6621662252711856,0.3333333333333333,1.001589825119237,1,1,0.7881506044813018,True
15558,2,0.622244585178432,0.75,1.132404181184669,0,1,0.8438191079336137,True
15559,3,0.7231785691899164,0.4,1.0,0,1,0.8420765296528214,True
15560,3,0.6185632698047544,1.0,1.1,0,1,0.9222414013448947,True
15561,3,0.5889706929660515,0.5,1.012,1,1,0.8262255350806889,True
15562,3,0.8028465814401764,0.7142857142857143,1.0,2,1,0.895,False
15563,2,0.4580346239947448,0.75,1.0847457627118644,0,1,0.853443410283462,True
15564,2,0.32267018397429065,0.5,1.0,0,1,0.7120967455127912,False
15565,2,0.904034110916821,0.8333333333333334,1.0,1,2,0.9500000000000001,False
15566,3,0.894275885821405,1.0,1.0,1,2,0.9500000000000001,False
15567,4,0.5213054737476785,0.2857142857142857,1.0107142857142857,2,1,0.6029404411299575,False
15568,2,0.7360750430818742,0.6666666666666666,1.0,0,1,0.958714701003343,True
15569,3,0.42975351325558314,0.3333333333333333,1.0,0,1,0.688545156474615,True
15570,2,0.7761527955066199,0.42857142857142855,1.0,1,2,0.8266845314075991,False
15571,2,0.6182152289501267,0.6666666666666666,1.0,0,1,0.9082033520897368,True
15572,2,0.6577185583256119,0.75,1.0,2,1,0.8340222392824052,False
15573,2,0.6827799590957907,0.5,1.0,0,1,0.8664295062791485,True
15574,2,0.8977972163409828,1.0,1.0107142857142857,1,1,1.0,True
15575,4,0.7916722006193335,0.6666666666666666,1.009090909090909,1,1,0.9825420542336827,True
15576,3,0.7374334734017082,0.7142857142857143,1.0,1,2,0.9231857743150179,False
15577,2,0.8270795748406763,0.7142857142857143,1.0,1,2,0.9500000000000001,False
15578,2,0.57517026392493,0.6,1.0285714285714285,0,1,0.8619777321583033,True
15579,4,0.5477655786473751,0.3333333333333333,1.0107142857142857,2,1,0.6341217559282402,False
15580,3,0.8343918697586439,0.6666666666666666,1.0222222222222221,1,1,0.9861111111111112,True
15581,3,0.3155966848352812,0.25,1.1111111111111112,0,1,0.5248985792151205,False
15582,2,0.7930244432141969,0.8,1.0333333333333334,1,1,0.9970104756632272,True
15583,2,0.7686105342289322,0.5714285714285714,1.0,1,1,0.932975943240971,True
15584,3,0.490185441558787,0.375,1.0,0,1,0.7318056654299563,True
15585,2,0.8327799107493232,0.6,1.0,1,1,0.9583333333333333,True
15586,2,0.7623257025592814,0.5,1.0,1,1,0.900520539192073,True
15587,2,0.9279140674646629,1.0,1.0027855153203342,1,1,1.0,True
15588,4,0.4957677305089205,0.3333333333333333,1.1428571428571428,0,1,0.6368369638689024,True
15589,4,0.2827238679366632,0.3333333333333333,1.125,0,1,0.5455324513379349,False
15590,2,0.8359750356419582,1.0,1.0,1,1,1.0,True
15591,2,0.7233532550291424,0.6666666666666666,1.0,1,2,0.9032625061236007,False
15592,2,0.9598444641109022,1.0,1.0,1,1,1.0,True
15593,2,0.801729305661933,0.8571428571428571,1.0034782608695654,1,1,1.0,True
15594,3,0.8276624826694762,0.7142857142857143,1.0,1,1,1.0,True
15595,3,0.7308769357744258,0.5,1.1428571428571428,0,1,0.8070424962842777,True
15596,3,0.7598071616305266,0.8,1.0,1,2,0.9327744978416542,False
15597,4,0.8970642013146655,0.8333333333333334,1.0,1,1,1.0,True
15598,3,0.35768876262243016,0.6666666666666666,1.0227272727272727,0,1,0.7965491522350097,False
15599,3,0.7067176169563584,0.6666666666666666,1.015625,1,2,0.8961329469495506,False
15600,3,0.7688936162198321,0.75,1.024,1,1,0.9866686926656423,True
15601,3,0.6601000923659083,0.5714285714285714,1.0,1,1,0.8864714681568178,True
15602,3,0.8179916363097923,0.8,1.0,1,2,0.9500000000000001,False
15603,4,0.6796817095822192,0.6,1.0,1,1,0.906768351725713,True
15604,2,0.8537690357922488,1.0,1.0034782608695654,1,1,1.0,True
15605,2,0.6374199428290506,0.5714285714285714,1.0434153400868307,1,1,0.8767514040695932,True
15606,3,0.3890101014979257,0.25,1.0178571428571428,0,1,0.6363614720705396,False
15607,2,0.8730870911361319,0.8,1.0185185185185186,1,2,0.9500000000000001,False
15608,3,0.5899601027682506,0.75,1.1428571428571428,0,1,0.8299829011863932,True
15609,3,0.17289368965897645,0.2857142857142857,1.1137254901960785,0,1,0.4786211050919422,False
15610,4,0.5903956063094843,0.4,1.0,0,1,0.7851695455612075,True
15611,2,0.558154917787326,0.5714285714285714,1.0,1,1,0.8427806790517112,True
15612,3,0.7493106364538521,0.6,1.0235294117647058,1,2,0.8866093203849844,False
15613,2,0.749138186447667,0.6666666666666666,1.015625,0,1,0.9643131910172542,True
15614,4,0.8027739544076712,0.6666666666666666,1.009090909090909,1,1,0.9861111111111112,True
15615,3,0.6051357354936,0.5,1.0,1,1,0.8331534104496381,True
15616,2,0.6295038511222047,0.6666666666666666,1.003787878787879,1,1,0.9130413330206275,True
15617,2,0.5647398476420759,0.3333333333333333,1.0052631578947369,0,1,0.7463964426402547,True
15618,3,0.20446534330363858,0.14285714285714285,1.1282051282051282,0,1,0.432628004272988,False
15619,2,0.8657401995200953,0.6,1.0,1,1,0.9583333333333333,True
15620,2,0.7026343442716795,0.5555555555555556,1.0,1,1,0.8980866766455347,True
15621,4,0.657424931253332,0.42857142857142855,1.0,1,2,0.7758011610133329,False
15622,4,0.9268780810441267,1.0,1.0178571428571428,0,1,1.0,True
15623,3,0.733547237718606,0.42857142857142855,1.0318142734307825,1,1,0.8584250066413073,True
15624,4,0.8785350389884995,0.5555555555555556,1.0,1,1,0.9398148148148149,True
15625,3,0.638942730330231,0.4,1.0,1,1,0.8059754558558134,True
15626,2,0.7365348751268284,0.6,1.0769230769230769,0,1,0.9311339941019741,True
15627,2,0.6332352937238107,0.7142857142857143,1.0,1,1,0.9285294115959188,True
15628,3,0.346202719620179,0.2727272727272727,1.0563380281690142,1,1,0.627485148235488,False
15629,3,0.9740269639166905,1.0,1.0,1,2,0.9500000000000001,False
15630,3,0.6337350211094995,0.3333333333333333,1.0,1,2,0.7259658026977222,False
15631,3,0.8385127279197593,1.0,1.0,1,2,0.9500000000000001,False
15632,4,0.5504401479012883,0.5555555555555556,1.0,1,2,0.7828605924867956,False
15633,2,1.0,1.0,1.0,1,1,1.0,True
15634,4,0.9186304631308558,0.75,1.0,1,1,1.0,True
15635,3,0.5700906528916823,0.4,1.0833333333333333,1,2,0.7264674226678639,False
15636,3,0.6716327176879567,0.5,1.006060606060606,1,2,0.8116521171043626,False
15637,2,0.8693999225746777,1.0,1.0208333333333333,1,1,1.0,True
15638,2,0.9702870884126716,1.0,1.0,1,1,1.0,True
15639,2,0.7485296214756224,0.6,1.0,0,1,0.9362745996800286,True
15640,2,0.705517099268959,0.5714285714285714,1.00014652014652,1,1,0.9059358996866969,True
15641,4,0.7911133819997945,0.3333333333333333,1.0,2,1,0.7384136716507056,False
15642,2,0.806683347696788,0.7142857142857143,1.0009686793671295,1,1,1.0,True
15643,2,0.5775694496617573,0.5,1.0,1,1,0.821339287950277,True
15644,3,0.5850753484612993,0.4,1.000204587301948,1,1,0.7828894350548425,True
15645,2,0.8678120754143788,1.0,1.0009686793671295,1,1,1.0,True
15646,3,0.668632275842231,0.3333333333333333,1.0,0,1,0.7909217690117498,True
15647,4,0.4843367095194805,0.3333333333333333,1.0,1,1,0.7119379548734281,True
15648,3,0.8145165179006334,0.8,1.0,1,1,1.0,True
15649,2,0.7434686390179044,0.6666666666666666,1.0,0,1,0.9618833849759272,True
15650,3,0.62316419744797,0.25,1.0057142857142858,1,1,0.7367132274777014,True
15651,3,0.9168928308631369,1.0,1.0,0,1,1.0,True
15652,3,0.8268360768800849,0.6,1.0057142857142858,1,1,0.9583333333333333,True
15653,3,0.8120113002018784,0.8,1.0,0,1,1.0,True
15654,3,0.3092744947978294,0.2857142857142857,1.0695187165775402,0,1,0.6170700215800221,False
15655,3,0.7272653292446581,0.5,1.0004547521600726,1,1,0.8854946649143773,True
15656,2,0.9010726658264551,0.6666666666666666,1.0,1,1,0.9861111111111112,True
15657,2,0.743534939653786,0.5,1.0,1,1,0.8924673550897179,True
15658,2,0.7909564778823838,0.5,1.0,0,1,0.9127908714734025,True
15659,3,0.9590706531726763,1.0,1.0,0,1,1.0,True
15660,2,0.6843745108740116,0.5,1.0,0,1,0.8671128856126717,True
15661,3,0.5797831523802532,0.5,1.0006822833750284,1,1,0.8222880176867753,True
15662,2,0.7665959142523309,0.75,1.0182828049062718,1,1,0.9856839632509988,True
15663,2,0.7850887929810225,1.0,1.0296010296010296,0,1,0.9936094827061526,True
15664,2,0.8684472480196472,0.8,1.0057142857142858,1,1,1.0,True
15665,3,0.750408756736038,0.75,1.0,1,1,0.9787466100297306,True
15666,4,0.456834489963612,0.4444444444444444,1.0199916001679965,1,1,0.7464475856457807,True
15667,4,0.6241157637328589,0.625,1.0199916001679965,2,1,0.7883710415997968,False
15668,3,0.42167332550817543,0.3333333333333333,1.0,0,1,0.6850822188685831,True
15669,2,0.795976048615717,0.6,1.0,1,1,0.9566087827400693,True
15670,4,0.5922932999935373,0.625,1.0199916001679965,2,1,0.7747328428543732,False
15671,2,0.5330818776242084,0.3333333333333333,1.0006822833750284,1,1,0.7328287412040259,True
15672,2,0.9128894663007869,0.6666666666666666,1.0,1,1,0.9861111111111112,True
15673,3,0.49593790613796024,0.2,1.0009099181073704,1,1,0.6613543407257925,False
15674,2,0.7027796114310106,1.0,1.0057142857142858,1,1,0.9583341191847188,True
15675,2,0.7938140600043095,1.0,1.0,0,1,0.9973488828589898,True
15676,2,0.7790782697429387,0.6666666666666666,1.0,1,1,0.9771446552866563,True
15677,3,0.6035495100704584,0.3333333333333333,1.0,1,1,0.7630291551095616,True
15678,2,0.9740547504283119,1.0,1.0,1,1,1.0,True
15679,3,0.6518993443348058,0.375,1.0,1,1,0.8011116237625358,True
15680,2,0.7477571537339517,0.5714285714285714,1.0,1,1,0.9240387801716936,True
15681,2,0.8319666312760498,0.75,1.0,0,1,1.0,True
15682,2,0.8719489655223737,1.0,1.0,0,1,1.0,True
15683,2,1.0000000000000004,1.0,1.0,1,1,1.0,True
15684,2,0.6453788795625887,0.42857142857142855,1.0140845070422535,1,1,0.8206385674315857,True
15685,3,0.5969116270745859,0.4,1.0,0,1,0.7879621258891083,True
15686,3,0.7462486816359685,0.5714285714285714,1.0294117647058822,0,1,0.9233922921297009,True
15687,3,0.3656956194455669,0.6666666666666666,1.135,0,1,0.7199806623020684,False
15688,2,0.9410020077613392,1.0,1.0,1,2,0.9500000000000001,False
15689,2,1.0000000000000007,1.0,1.0,1,1,1.0,True
15690,2,1.0000000000000004,1.0,1.0,1,1,1.0,True
15691,2,0.4056004140188362,0.6666666666666666,1.0,0,1,0.8170827171191837,True
15692,4,0.3915577283221019,0.25,1.1437908496732025,0,1,0.5574533121380436,False
15693,4,0.41416769327147324,0.375,1.0,0,1,0.699226630449679,True
15694,4,0.6287361701979144,0.375,1.032,1,1,0.7911845491324395,True
15695,2,0.5981147550310126,0.6666666666666666,1.0,0,1,0.8995888632672594,True
15696,2,0.6785563918267578,0.75,1.0555555555555556,0,1,0.9479527393543248,True
15697,3,0.5397123661036761,0.18181818181818182,1.037037037037037,2,1,0.5675390659924846,False
15698,3,0.42225783506181097,0.3333333333333333,1.25,0,1,0.5253327229629983,False
15699,4,0.7449592943338026,0.6666666666666666,1.00594243268338,1,1,0.9625222372541693,True
15700,4,0.8173692173174855,0.75,1.0,1,2,0.9500000000000001,False
15701,2,0.7786638847564165,1.0,1.0140845070422535,1,1,0.9908559506098928,True
15702,3,0.646675906795474,0.75,1.014799154334038,1,1,0.9342896743409175,True
15703,2,0.4795249727534359,0.4,1.0140845070422535,2,2,0.5826535597514726,False
15704,3,0.4715187266481371,0.25,1.014799154334038,1,1,0.6717223114206302,True
15705,3,0.6293171938727504,0.45454545454545453,1.0105263157894737,1,1,0.8245774986727372,True
15706,2,0.4520520104596543,0.5,1.1,0,1,0.7675460997208042,True
15707,3,0.2370025545488688,0.14285714285714285,1.1333333333333333,0,1,0.4465725233780866,False
15708,2,0.8090529285799724,1.0,1.0,0,1,1.0,True
15709,2,0.7592458338648865,0.75,1.0,0,1,0.9825339287992372,True
15710,3,0.35100767900341956,0.3333333333333333,1.0077777777777779,0,1,0.6547969417951163,False
15711,2,0.7692115235620418,0.8,1.0666666666666667,0,1,0.9868049386694464,True
15712,2,0.7414567165061461,1.0,1.0133333333333334,0,1,0.9749100213597768,True
15713,2,0.45249135313220773,0.5,1.0,0,1,0.7677343894376129,True
15714,3,0.28480399457224626,0.3333333333333333,1.1333333333333333,0,1,0.5464239341817563,False
15715,4,0.6589079380594184,0.8,1.0075,1,2,0.8895319734540366,False
15716,3,0.7184492731555876,0.8,1.125,1,2,0.8350496884952519,False
15717,4,0.6565632893674845,0.4444444444444444,1.0,2,2,0.6770456425331549,False
15718,3,0.8858950685460703,1.0,1.011764705882353,1,1,1.0,True
15719,2,0.6134127234296625,0.6666666666666666,1.0,0,1,0.9061451354381094,True
15720,3,0.8214776815817395,0.6666666666666666,1.0274509803921568,1,2,0.9361111111111112,False
15721,2,0.6983063680486038,1.0,1.1,0,1,0.9564170148779731,True
15722,4,0.9219782144011583,1.0,1.0222222222222221,1,2,0.9500000000000001,False
15723,2,0.7147835426899087,0.8,1.011764705882353,1,1,0.9634786611528181,True
15724,2,1.0,1.0,1.0,1,1,1.0,True
15725,4,0.8765665510810957,0.6666666666666666,1.0222222222222221,1,2,0.9361111111111112,False
15726,2,0.9023967801583278,0.8,1.0,1,1,1.0,True
15727,3,0.7712590223235558,0.8333333333333334,1.0526315789473684,1,1,0.9876824381386669,True
15728,4,0.9316174060107116,1.0,1.03125,1,1,1.0,True
15729,3,0.747734048120471,0.5714285714285714,1.0,1,1,0.9240288777659162,True
15730,3,0.7983390189708933,0.7142857142857143,1.0,1,1,0.9992881509875258,True
15731,4,0.8138963324917381,0.5,1.0,1,2,0.8666666666666668,False
15732,4,0.9437897572915714,0.8333333333333334,1.0,1,1,1.0,True
15733,3,0.3114204585201916,0.2,1.1503067484662577,0,1,0.5022754346038916,False
15734,2,0.572214140425491,0.3,1.0840108401084012,1,1,0.7357108220871152,True
15735,3,0.7632612916467844,0.8333333333333334,1.0,1,1,0.9842548392771933,True
15736,2,0.8158068299721882,0.7142857142857143,1.0,1,1,1.0,True
15737,4,0.5444007372761733,0.5,1.0,0,1,0.8071241254993125,True
15738,3,0.7725459102031108,0.75,1.0,1,1,0.9882339615156188,True
15739,3,0.8084027885604841,0.5,1.0285714285714285,1,1,0.9166666666666667,True
15740,3,0.40676940836418685,0.3333333333333333,1.0021321961620469,1,1,0.6786948258068737,True
15741,2,0.673757342587269,0.3333333333333333,1.0,1,1,0.7931182261881946,True
15742,2,0.6701742193291312,0.5,1.0,1,1,0.8610270463791516,True
15743,3,0.7267237123807412,1.0,1.0145454545454544,1,1,0.9685958767346035,True
15744,4,0.5763267843289334,0.3333333333333333,1.024,1,1,0.751362272648908,True
15745,2,0.6400781407675467,0.5,1.0072815533980581,0,1,0.8481287269956153,True
15746,4,0.6933019620696627,0.8,1.02,1,1,0.9542722694584269,True
15747,2,0.6465892845192962,0.5714285714285714,1.0,1,1,0.8806811219368413,True
15748,3,0.878193369069325,1.0,1.0285714285714285,1,1,1.0,True
15749,4,0.23851662332995865,0.125,1.0213333333333332,1,1,0.5197809338080775,False
15750,3,0.6004416660647268,0.5,1.1111111111111112,1,1,0.7511416664086925,True
15751,4,0.7486803780261967,0.5,1.25,0,1,0.7346725429636082,False
15752,2,0.6970571551929757,0.5,1.0,1,1,0.8725483046065134,True
15753,3,0.60288765127508,0.3333333333333333,1.1059907834101383,1,1,0.6827455013401137,True
15754,4,0.7501873390403941,0.6666666666666666,1.0,1,1,0.9647628278427085,True
15755,3,0.617898534408481,0.375,1.0660980810234542,1,2,0.7365398480798252,False
15756,2,0.5101593458370188,0.5,1.0214285714285714,1,1,0.7924492434539605,True
15757,4,0.5553984355866466,0.375,1.0285714285714285,1,1,0.7597540914418962,True
15758,4,0.827088080052482,0.6,1.0,1,1,0.9583333333333333,True
15759,3,0.9129820025474316,1.0,1.0222222222222221,1,1,1.0,True
15760,3,0.5712440259283122,0.42857142857142855,1.0,1,2,0.7388664873026102,False
15761,2,0.7956939065858364,0.6666666666666666,1.02,0,1,0.9842656425050409,True
15762,4,0.6902347552347801,0.5714285714285714,1.0285714285714285,0,1,0.8993863236720487,True
15763,3,0.7189409306938112,0.7142857142857143,1.0769230769230769,0,1,0.9652603988687762,True
15764,3,0.5610735718943726,0.2857142857142857,1.0285714285714285,0,1,0.7249839117642549,True
15765,2,0.7408591959069951,0.6666666666666666,1.0,0,1,0.9607650522141091,True
15766,2,0.8506214016613152,0.7142857142857143,1.0,1,1,1.0,True
15767,4,0.25505429628759946,0.25,1.02,0,1,0.578951841266114,False
15768,3,0.4884758995729002,0.5,1.0,1,1,0.7831563379121953,True
15769,3,0.7238893606880356,0.6,1.0055555555555555,1,1,0.9257144879139201,True
15770,2,0.6362449767663503,0.3333333333333333,1.011764705882353,1,1,0.7770414979792295,True
15771,4,0.4904658985670661,0.3333333333333333,1.0,1,1,0.7145647501795362,True
15772,2,0.9774047994926981,1.0,1.0,0,1,1.0,True
15773,2,0.8963260086921891,1.0,1.0222222222222221,1,1,1.0,True
15774,3,0.7652002883320244,0.6,1.0,1,1,0.9434191711899151,True
15775,2,0.8611577756018003,1.0,1.0476190476190477,1,1,1.0,True
15776,2,0.971743347352927,1.0,1.0,1,1,1.0,True
15777,2,0.9750388165747533,1.0,1.0,1,1,1.0,True
15778,2,0.5449640515607784,0.3333333333333333,1.0,1,1,0.7379211014625559,True
15779,2,0.8521209720536232,0.25,1.0,0,1,0.8125,True
15780,3,0.9584632549030835,1.0,1.0,1,1,1.0,True
15781,3,0.9430557591319747,1.0,1.0,1,1,1.0,True
15782,4,0.6825039857826375,0.6,1.0,1,1,0.9079778986687495,True
15783,4,0.9520410068139366,1.0,1.0,1,2,0.9500000000000001,False
15784,2,0.9513747550689194,0.8333333333333334,1.0,1,1,1.0,True
15785,2,0.5638736596504419,0.6666666666666666,1.079136690647482,0,1,0.8849141081041576,True
15786,4,0.7229774757345035,0.5,1.0317333333333332,1,1,0.8836570134100254,True
15787,4,0.7805158166734127,0.75,1.0317333333333332,1,1,0.9916496357171769,True
15788,2,0.5585293925470202,0.42857142857142855,1.0714285714285714,0,1,0.7834173587106277,True
15789,3,0.6245192582858359,0.5,1.0,1,2,0.7914606345034535,False
15790,4,0.0938167440478896,0.14285714285714285,1.0570824524312896,0,1,0.46785714285714286,False
15791,3,0.5292961148145082,0.5,1.0570824524312896,0,1,0.8006507158728845,True
15792,2,0.9578983099040342,0.8333333333333334,1.0417,1,1,1.0,True
15793,3,0.9530857932442486,0.8333333333333334,1.0417,1,1,1.0,True
15794,2,0.7757133708798718,0.8333333333333334,1.0,0,1,0.9895914446628022,True
15795,2,0.7840027636729071,0.75,1.0266514570154517,1,1,0.9931440415741031,True
15796,3,0.616027261916588,0.6666666666666666,1.0021865889212829,1,1,0.907265651932506,True
15797,2,0.9811708683988194,1.0,1.0,0,1,1.0,True
15798,3,0.9003887592681749,0.8333333333333334,1.0,1,1,1.0,True
15799,3,0.7960878621425238,0.6666666666666666,1.0140845070422535,1,2,0.9344344806007642,False
15800,2,0.8576912769921222,0.6666666666666666,1.0,0,1,0.9861111111111112,True
15801,2,0.753621483056034,0.6666666666666666,1.0,0,1,0.9662346038494114,True
15802,4,0.26845007053983944,0.3333333333333333,1.1116666666666666,0,1,0.5394151095964391,False
15803,3,0.44327539553568174,0.4,1.0338461538461539,0,1,0.7221180266581493,True
15804,4,0.8722125713416021,1.0,1.0,1,1,1.0,True
15805,3,0.5883697050977497,0.5714285714285714,1.0,0,1,0.8557298736133213,True
15806,4,0.3882789464733289,0.3333333333333333,1.0166666666666666,0,1,0.6707703421393632,False
15807,3,0.2729195973300531,0.3333333333333333,1.06,0,1,0.6213306210779592,False
15808,2,0.6251886775583534,0.5714285714285714,1.04,0,1,0.8715094332392943,True
15809,3,0.38162585263924553,0.3333333333333333,1.0,0,1,0.6679190162104703,False
15810,3,0.28635068192353835,0.3333333333333333,1.1333333333333333,0,1,0.5470868001894529,False
15811,3,0.23495350825853592,0.4,1.1111111111111112,0,1,0.5528372178250869,False
15812,4,0.4332479327012732,0.2857142857142857,1.0744186046511628,1,1,0.6702014949672123,True
15813,3,0.649311189665642,0.5,1.0591973637754502,1,1,0.8520857479519419,True
15814,4,0.6396841124310237,0.5714285714285714,1.09,0,1,0.8777217624704388,True
15815,3,0.3376844475807362,0.3333333333333333,1.1320754716981132,0,1,0.5690869854711091,False
15816,3,0.47377207144280015,0.5,1.16,0,1,0.6968546972850096,True
15817,2,0.81518198046622,1.0,1.0666666666666667,0,1,1.0,True
15818,2,0.7974660968100302,1.0,1.1428571428571428,0,1,0.9189140414900129,True
15819,3,0.6727169694848745,0.5,1.1428571428571428,0,1,0.7821167964458986,True
15820,4,0.6752190858791001,0.2857142857142857,1.0,0,1,0.7739034177577095,True
15821,3,0.7710717489938033,0.5,1.0,0,1,0.9042688448068681,True
15822,2,0.6630197889460524,1.0,1.1111111111111112,0,1,0.8612941952625939,True
15823,2,0.72006498510699,1.0,1.1166666666666667,0,1,0.8857421364744243,True
15824,4,0.7319856326544814,0.5,1.21,0,1,0.7275176520900158,False
15825,2,0.8059456371526784,0.6,1.0,0,1,0.9583333333333333,True
15826,2,0.7584970529904677,1.0,1.0,0,1,0.9822130227102004,True
15827,3,0.603998714677587,0.6666666666666666,1.1363636363636365,0,1,0.8221105602586484,True
15828,3,0.5281598962967521,0.3333333333333333,1.125,0,1,0.650719320635116,True
15829,2,0.6664430066208004,0.6666666666666666,1.0,0,1,0.9288723996628827,True
15830,3,0.8222134023977592,0.8,1.0499790004199916,1,1,1.0,True
15831,2,0.6631310521348575,0.5714285714285714,1.0,1,2,0.837770450914939,False
15832,2,0.6436629274015807,0.6,1.0,0,1,0.8913317307911537,True
15833,3,0.37591436275803414,0.2857142857142857,1.0,0,1,0.6456299649915385,False
15834,2,0.7707116464073834,0.6,1.0,0,1,0.9457811817936406,True
15835,2,0.6932530453174127,0.6,1.0035419126328218,1,1,0.9125846384693674,True
15836,4,0.4053879305480766,0.375,1.0,0,1,0.6954638749967947,True
15837,3,0.7810753204383353,0.6666666666666666,1.1363636363636365,0,1,0.8980005341561119,True
15838,3,0.38242464717995195,0.2857142857142857,1.0,1,2,0.5984200868866462,False
15839,4,0.12691522011583362,0.08333333333333333,1.0125,0,1,0.4615350943353572,False
15840,2,0.9320738043914537,1.0,1.0,1,1,1.0,True
15841,2,0.6307179375121879,0.5,1.0463636363636364,1,1,0.8441172113147473,True
15842,2,0.7923775196942558,0.8333333333333334,1.0350000000000001,1,1,0.9967332227261096,True
15843,2,0.45390214636707343,0.5,1.002439024390244,0,1,0.7683390151096982,True
15844,3,0.4636025534688133,1.0,1.0,1,2,0.8058296657723486,False
15845,3,0.30350792311730057,0.16666666666666666,1.079136690647482,1,1,0.5649954591137637,False
15846,4,0.8194091277786875,0.8571428571428571,1.0285714285714285,1,2,0.9500000000000001,False
15847,2,0.7580470587487291,1.0,1.0,0,1,0.9820201680351697,True
15848,2,0.7979302124663586,0.5,1.0105263157894737,1,1,0.9157796148665347,True
15849,2,0.8411811738058793,0.875,1.0,1,2,0.9500000000000001,False
15850,3,0.4293367736156267,0.5,1.0,0,1,0.7578109982162211,True
15851,3,0.7486816000239648,0.5714285714285714,1.0309278350515463,1,2,0.8744349714388421,False
15852,2,0.8190160270443311,0.6,1.0,1,2,0.9083333333333333,False
15853,2,0.8954029734935638,0.75,1.0,1,2,0.9500000000000001,False
15854,2,0.9041696120831734,0.8333333333333334,1.0,1,1,1.0,True
15855,2,0.7214825810649867,0.5714285714285714,1.0,1,1,0.9127782490278515,True
15856,3,0.5536484648616553,0.625,1.0336700336700337,1,1,0.8631707706549951,True
15857,3,0.8639827159079099,0.8571428571428571,1.0083333333333333,0,1,1.0,True
15858,3,0.8173277794199083,0.6666666666666666,1.0034735623311462,1,2,0.9361111111111112,False
15859,4,0.8665665222845177,0.7142857142857143,1.0,1,1,1.0,True
15860,2,0.9630867003251257,1.0,1.0,1,1,1.0,True
15861,3,0.8008478244795282,0.7142857142857143,1.03,1,1,1.0,True
15862,3,0.8866381199679458,0.8333333333333334,1.0294117647058822,1,1,1.0,True
15863,3,0.744574716737525,0.6,1.0,1,1,0.9345796405065583,True
15864,3,0.9212227226287348,1.0,1.0029498525073748,1,2,0.9500000000000001,False
15865,3,0.6361719905376608,0.5,1.0,1,2,0.7964546626113785,False
15866,3,0.3387906819149931,0.36363636363636365,1.018421052631579,1,1,0.6621873485263391,False
15867,2,0.41221532403641925,0.2,1.0222222222222221,1,1,0.6254732341108463,False
15868,3,0.3998837410990294,0.3333333333333333,1.0,0,1,0.6757438255503777,False
15869,3,0.4972934256354983,0.2857142857142857,1.025,1,2,0.6476495633675945,False
15870,3,0.6277623016198279,0.4,1.0823529411764705,1,2,0.751183843551355,False
15871,2,0.7028993551019801,0.4444444444444444,1.0,1,1,0.8519039564193671,True
15872,2,0.9607899219226975,1.0,1.0,1,1,1.0,True
15873,4,0.7562599176176293,0.7142857142857143,1.0,1,1,0.9812542504075554,True
15874,3,0.5252683918187385,1.0,1.1333333333333333,0,1,0.8022578822080308,True
15875,3,0.7954343018999585,0.5714285714285714,1.002865329512894,1,2,0.8944718436714109,False
15876,3,0.770472204371954,0.42857142857142855,1.0,0,1,0.874249992349885,True
15877,3,0.8033379848597249,1.0,1.1125,0,1,0.92,True
15878,2,0.9272069506725681,1.0,1.0909090909090908,1,2,0.9500000000000001,False
15879,2,0.5275313448087705,0.4,1.0222222222222221,0,1,0.7582277192037588,True
15880,3,0.8773292784501103,1.0,1.011764705882353,1,1,1.0,True
15881,4,0.39952870446621,0.3,1.1,1,1,0.6617027781045662,False
15882,2,0.5985805747057931,0.6,1.125,0,1,0.7920107224929589,True
15883,3,0.6656575289590375,0.5714285714285714,1.0,1,1,0.8888532266967304,True
15884,3,0.9447244589522583,1.0,1.0,1,1,1.0,True
15885,2,0.9128954264428045,1.0,1.0,1,1,1.0,True
15886,4,0.2247114741797686,0.2857142857142857,1.1565150346954511,0,1,0.5008287270294246,False
15887,2,0.8062139539970367,0.8333333333333334,1.0285714285714285,0,1,1.0,True
15888,2,0.5054133731823491,0.42857142857142855,1.0285714285714285,1,1,0.760653350411483,True
15889,2,0.8555962849238345,1.0,1.0,0,1,1.0,True
15890,2,0.816165832329634,0.625,1.0,0,1,0.96875,True
15891,2,0.7286379954583916,0.5,1.0008340283569641,0,1,0.8860829504345489,True
15892,2,0.9344634757015601,1.0,1.0,0,1,1.0,True
15893,4,0.8128595923912114,0.625,1.0214285714285714,1,1,0.96875,True
15894,3,0.9178681405428815,1.0,1.0,1,1,1.0,True
15895,2,0.6857897917459143,0.6666666666666666,1.0881818181818181,0,1,0.9371638790022172,True
15896,2,0.7567853611004326,0.5714285714285714,1.0285714285714285,1,1,0.9279080119001855,True
15897,4,0.617239634883464,0.4,1.25,0,1,0.6366741292357704,False
15898,2,0.7111519508792389,0.6666666666666666,1.002415458937198,1,1,0.9480333757736421,True
15899,3,0.68323607586396,0.5555555555555556,1.0105263157894737,1,1,0.8897731330422263,True
15900,2,0.5546912567595176,0.8,1.0666666666666667,0,1,0.8948676814683647,True
15901,2,0.6816492596617143,0.6,1.03125,0,1,0.907611587474068,True
15902,3,0.8988304734509609,0.8571428571428571,1.0,1,1,1.0,True
15903,2,0.7131921957840271,1.0,1.0266666666666666,0,1,0.9627966553360117,True
15904,3,0.9511336435313771,1.0,1.0,1,2,0.9500000000000001,False
15905,2,0.8855398797823213,0.8571428571428571,1.02,1,1,1.0,True
15906,3,0.9478092547882169,1.0,1.0,1,1,1.0,True
15907,2,0.9024064091259745,1.0,1.0,1,2,0.9500000000000001,False
15908,2,0.5203113929923718,0.5,1.0,0,1,0.7968001208062546,True
15909,2,0.9539450474304295,1.0,1.0,1,1,1.0,True
15910,4,0.7542047557420256,0.6666666666666666,1.0,1,1,0.9664845778576936,True
15911,4,0.543651639180596,0.5,1.0,1,1,0.8068030834583506,True
15912,3,0.5288144885595283,0.375,1.0,1,1,0.7483609712874169,True
15913,2,0.6400686358282948,0.7,1.0351966873706004,1,1,0.9314579867835548,True
15914,3,0.6597718444625382,0.5,1.0,1,1,0.8565688857220402,True
15915,2,0.9999999999999993,1.0,1.0,1,1,1.0,True
15916,4,0.7524840691455402,0.6666666666666666,1.019108280254777,1,1,0.9657471407449141,True
15917,3,0.1883754603139322,0.2,1.0,0,1,0.5295418639440662,False
15918,2,0.9999999999999998,1.0,1.0,1,1,1.0,True
15919,4,0.9537922226986228,0.8333333333333334,1.0,1,1,1.0,True
15920,2,0.8990135735125331,0.6666666666666666,1.0,1,1,0.9861111111111112,True
15921,3,0.4412165818820529,0.42857142857142855,1.0714285714285714,0,1,0.7331404398542132,True
15922,2,0.5414645182381985,0.6,1.0178117048346056,1,1,0.8475324125782756,True
15923,2,0.5636565565836932,0.5714285714285714,1.03125,1,1,0.8451385242501543,True
15924,3,0.3864212035994549,0.375,1.0,0,1,0.6873352777330997,False
15925,3,0.7976349356646707,0.6,1.0,1,1,0.957319734332478,True
15926,3,0.5168279913670782,0.4444444444444444,1.125,0,1,0.6921590862472663,True
15927,2,0.9199946428400099,1.0,1.0,1,1,1.0,True
15928,3,0.5555673168080497,0.5,1.0526315789473684,0,1,0.8119098024415452,True
15929,3,0.5561736823685203,0.4444444444444444,1.0714285714285714,1,1,0.7890215252478844,True
15930,4,0.7147752270092563,0.42857142857142855,1.0,1,1,0.8503798591944431,True
15931,4,0.8591425118761883,0.8333333333333334,1.0,0,1,1.0,True
15932,2,1.0000000000000004,1.0,1.0,1,2,0.9500000000000001,False
15933,3,0.6100838086696018,0.5,1.0,0,1,0.8352740132393532,True
15934,4,0.6097931088018536,0.5,1.0,1,4,0.7851494275817469,False
15935,3,0.2996478238035176,0.3333333333333333,1.0,0,1,0.6327855752808726,False
15936,2,0.8328357292805221,0.75,1.0,1,2,0.9500000000000001,False
15937,3,0.5499557278235594,0.5555555555555556,1.019860440150295,1,1,0.8326529838820547,True
15938,2,0.458562283783047,0.6,1.0328638497652582,0,1,0.8120028835260678,True
15939,4,0.48868402533457367,0.3333333333333333,1.0,0,1,0.7138010902227537,True
15940,3,0.8869898916719466,1.0,1.0,1,1,1.0,True
15941,3,0.6284329904482694,0.3333333333333333,1.0,1,2,0.7236935038429092,False
15942,4,0.7742087009981957,0.75,1.0,1,1,0.9889465861420839,True
15943,2,0.7176329806083745,0.5,1.0,0,1,0.8813665154988273,True
15944,2,0.6794411280034757,0.5714285714285714,1.0,1,2,0.8447604834300612,False
15945,3,0.5563664522449628,0.2857142857142857,1.0,1,1,0.7229665747716507,True
15946,2,0.8791109491434226,1.0,1.0101010101010102,1,1,1.0,True
15947,2,0.6984489084165106,0.5555555555555556,1.0191846522781773,1,1,0.8962929184218908,True
15948,4,0.48799756835289304,0.3,1.0,1,3,0.6496180054845733,False
15949,4,0.7881681218931273,0.7142857142857143,1.0,1,1,0.9949291950970545,True
15950,3,0.663924839600663,0.4444444444444444,1.0,1,1,0.8352005926330883,True
15951,2,0.653529408710894,0.3333333333333333,1.0,0,1,0.7844491116697483,True
15952,2,0.9999999999999997,1.0,1.0,1,1,1.0,True
15953,2,0.7060396369531775,0.6666666666666666,1.0869565217391304,1,1,0.9458423840910444,True
15954,3,0.8290702644516521,0.625,1.0,1,1,0.96875,True
15955,3,0.6599384731047163,0.5,1.0625,0,1,0.8566402979972594,True
15956,3,0.7194635026789447,0.75,1.0,0,1,0.9654843582909762,True
15957,4,0.7490257898420338,0.7142857142857143,1.0091743119266054,1,1,0.9781539099323002,True
15958,3,0.33037441059994693,0.25,1.0,0,1,0.6112318902571201,False
15959,2,0.9999999999999996,1.0,1.0,1,1,1.0,True
15960,4,0.7160459596525321,0.7142857142857143,1.0,1,1,0.9640196969939423,True
15961,3,0.6568849323518229,0.4,1.0526315789473684,0,1,0.8136649710079242,True
15962,4,0.8012278849667529,0.7142857142857143,1.0,1,1,1.0,True
15963,2,0.6927964084364501,0.6,1.0,0,1,0.9123889369489548,True
15964,3,0.8758718662965456,0.6666666666666666,1.0,1,1,0.9861111111111112,True
15965,3,0.6297972055358074,0.5714285714285714,1.0,1,1,0.8734845166582033,True
15966,2,0.4886620716942958,0.6666666666666666,1.0964912280701755,0,1,0.8526805704086664,True
15967,3,0.43316658898789584,0.2857142857142857,1.044776119402985,1,1,0.6701666333757649,True
15968,2,0.6119124627947865,0.5,1.0,1,1,0.8360577221501466,True
15969,4,0.5944944829609382,0.625,1.0909090909090908,1,1,0.8806762069832592,True
15970,2,0.7987401068647535,0.8571428571428571,1.037037037037037,1,2,0.9494600457991801,False
15971,3,0.8877206627912801,0.5714285714285714,1.0,0,1,0.9464285714285714,True
15972,2,0.6416807191492008,0.5714285714285714,1.0,1,1,0.8785774510639432,True
15973,4,0.5709783667835195,0.42857142857142855,1.0135135135135136,1,1,0.7887526333834132,True
15974,2,0.779927265405905,0.7142857142857143,1.0,1,1,0.9913973994596736,True
15975,2,0.5613042046461081,0.5,1.0714285714285714,0,1,0.8143684686578558,True
15976,3,0.7339868831928235,0.42857142857142855,1.0,1,1,0.8586134261302576,True
15977,2,0.7494562621087305,0.6666666666666666,1.0,1,1,0.9644495091577099,True
15978,2,0.8128195716864177,0.6666666666666666,1.0,0,1,0.9861111111111112,True
15979,2,0.5231362094001187,0.3333333333333333,1.0,0,1,0.7285663119651302,True
15980,3,0.12896558549360457,0.1111111111111111,1.1643835616438356,0,1,0.38704345198403156,False
15981,3,0.4264205174498311,0.6,1.0375,0,1,0.7982278408118324,True
15982,4,0.7517837352415717,0.5,1.0,1,1,0.8960025531987689,True
15983,3,0.40702943762675137,0.16666666666666666,1.0555555555555556,2,1,0.504361822474957,False
15984,2,0.632067953700937,0.6,1.08,1,2,0.8363624563480206,False
15985,2,0.6395772177612435,0.5,1.0,0,1,0.8479140457071996,True
15986,3,0.6089346519598182,0.5,1.1338983050847458,0,1,0.7547815175065888,True
15987,2,0.8752881842634211,0.7142857142857143,1.0011764705882353,1,2,0.9500000000000001,False
15988,2,0.8898335350236939,0.8333333333333334,1.0119047619047619,1,1,1.0,True
15989,3,0.7857396864796469,0.8571428571428571,1.0,1,1,0.9938884370627057,True
15990,3,0.827836289514857,1.0,1.019108280254777,1,1,1.0,True
15991,3,0.9237213729211614,1.0,1.0,1,1,1.0,True
15992,3,0.8277625556032909,0.6666666666666666,1.0,2,1,0.8811111111111112,False
15993,2,0.7391767219573157,0.75,1.1111111111111112,0,1,0.8939328808388496,True
15994,2,0.9151832622420094,0.75,1.0,1,1,1.0,True
15995,2,0.9441295815912718,1.0,1.0,1,2,0.9500000000000001,False
15996,3,0.8994174915788175,1.0,1.0010526315789474,1,1,1.0,True
15997,3,0.7186905551755605,0.5,1.0,1,2,0.831819761741907,False
15998,2,0.8629805983691448,0.75,1.0,0,1,1.0,True
15999,4,0.5341312218300902,0.4,1.0,1,1,0.7610562379271815,True
16000,2,0.48619822103147325,0.5,1.0,0,1,0.7821801899658696,True
16001,3,0.9457194815532699,0.8333333333333334,1.0,1,1,1.0,True
16002,3,0.9486793903515343,1.0,1.0017543859649123,1,1,1.0,True
16003,3,0.9370845232355212,1.0,1.0,1,1,1.0,True
16004,4,0.22940575847895123,0.16666666666666666,1.1029411764705883,0,1,0.45323738855447115,False
16005,4,0.451332658164972,0.3333333333333333,1.0714285714285714,1,1,0.6977933614357816,True
16006,2,0.9999999999999993,1.0,1.0,1,1,1.0,True
16007,3,0.5920146348757311,0.3333333333333333,1.1428571428571428,0,1,0.6780856371689641,True
16008,3,0.888638493909777,1.0,1.0,1,1,1.0,True
16009,2,0.8307537598778861,0.6666666666666666,1.0,1,1,0.9861111111111112,True
16010,4,0.670800251167116,0.6666666666666666,1.1428571428571428,0,1,0.8507397901827323,True
16011,2,0.7841362291185179,0.625,1.0,1,1,0.9619512410507935,True
16012,2,0.7730791172529052,0.6666666666666666,1.0,1,1,0.9745735899337848,True
16013,3,0.25844021573062703,0.4,1.0555555555555556,0,1,0.6429029495988402,False
16014,3,0.487667918355169,0.25,1.0625,1,1,0.6786433935807867,True
16015,3,0.7705279230490902,0.75,1.0461538461538462,0,1,0.9873691098781816,True
16016,2,0.957499052620835,1.0,1.0,1,1,1.0,True
16017,2,0.7937401297117176,0.4,1.0,0,1,0.872317198447879,True
16018,4,0.7889168564298091,0.6,1.0,1,1,0.9535834146603943,True
16019,2,0.8715222523926235,1.0,1.0188679245283019,1,1,1.0,True
16020,2,0.8320071209150318,1.0,1.0,1,1,1.0,True
16021,4,0.6379032977178298,0.5,1.0,1,1,0.8471966514028795,True
16022,2,0.9590990853410749,1.0,1.0,1,1,1.0,True
16023,3,0.24152601231509233,0.4,1.0714285714285714,0,1,0.6356540052778967,False
16024,4,0.3583199536068328,0.42857142857142855,1.0,1,1,0.6976133134505473,False
16025,3,0.4948755202579287,0.3,1.0,1,1,0.7025656991581599,True
16026,3,0.2570130100622662,0.3333333333333333,1.0833333333333333,0,1,0.6145135122489077,False
16027,2,0.8954588286993782,0.8333333333333334,1.0,1,1,1.0,True
16028,3,0.7823306234634293,1.0,1.010074074074074,1,3,0.9424274100557554,False
16029,3,0.9543547324125824,1.0,1.0,1,1,1.0,True
16030,3,0.7547623074283362,0.8333333333333334,1.0,1,1,0.980612417469287,True
16031,2,0.5697487023123938,0.5454545454545454,1.0096153846153846,1,2,0.786926933025658,False
16032,3,0.6701952921903387,0.5,1.0,1,1,0.8610360776053834,True
16033,3,0.9689712170906827,1.0,1.0,1,2,0.9500000000000001,False
16034,2,0.8460265507757093,0.8,1.001923076923077,1,1,1.0,True
16035,3,0.9504552099991181,1.0,1.0,0,1,1.0,True
16036,2,0.6114908380377637,0.6,1.0,0,1,0.877543692492375,True
16037,3,0.660600896187214,0.6,1.0,0,1,0.8985908602707108,True
16038,2,0.9999999999999999,1.0,1.0,1,1,1.0,True
16039,4,0.5258133878170438,0.25,1.0,2,1,0.5899914519215902,False
16040,3,0.7184694299136257,0.3333333333333333,1.0,0,1,0.8122805493280618,True
16041,3,0.8622881724527944,0.6666666666666666,1.0,0,1,0.9861111111111112,True
16042,3,0.6148415264547064,0.5,1.0,1,1,0.8373130351472551,True
16043,2,0.5827006308002357,0.6666666666666666,1.0,0,1,0.892982810025498,True
16044,2,0.7970793004988252,0.6666666666666666,1.0,0,1,0.9848593827534649,True
16045,3,0.21387387222911736,0.2857142857142857,1.0,0,1,0.5761840404791455,False
16046,3,0.8803575324628418,1.0,1.0,1,1,1.0,True
16047,2,0.9292171956099193,1.0,1.0218978102189782,1,1,1.0,True
16048,3,0.4414815799663626,0.42857142857142855,1.0979999999999999,1,2,0.6832540104617745,False
16049,3,0.6244452098164727,0.7142857142857143,1.0285714285714285,1,1,0.9247622327784883,True
16050,3,0.6354383637491708,0.5,1.0,2,1,0.7411402511305971,False
16051,4,0.758483940526505,0.5714285714285714,1.0,2,1,0.8236359745113593,False
16052,2,0.9764085998097212,1.0,1.0,1,1,1.0,True
16053,3,0.7917826410095281,0.8571428571428571,1.0303030303030303,1,1,0.9964782747183691,True
16054,4,0.9266681464385577,1.0,1.0119047619047619,1,1,1.0,True
16055,4,0.6486716803363685,0.42857142857142855,1.0023529411764707,2,2,0.6670497677632056,False
16056,2,0.8783685853600067,0.7142857142857143,1.0,1,1,1.0,True
16057,2,0.8399596071973695,0.8571428571428571,1.0,1,2,0.9500000000000001,False
16058,4,0.3152684039208595,0.375,1.0,1,4,0.6068412207279875,False
16059,3,0.8055161048866203,0.8,1.0,1,1,1.0,True
16060,3,0.791119665807519,0.6,1.0,1,1,0.9545274758222702,True
16061,3,0.6444645406177703,0.75,1.0190000000000001,1,1,0.9333419459790444,True
16062,2,0.7748945381279282,0.3333333333333333,1.0,1,1,0.8364627385627629,True
16063,2,0.9416141730080538,1.0,1.0,1,1,1.0,True
16064,3,0.7699477617145599,0.6666666666666666,1.0,1,1,0.973231580417351,True
16065,4,0.5410342299643714,0.3333333333333333,1.0,2,1,0.6312368922069529,False
16066,2,0.914911415290203,0.8333333333333334,1.0,1,1,1.0,True
16067,4,0.6668675913758281,0.4444444444444444,1.0256410256410255,1,1,0.836461771965302,True
16068,3,0.7394865584111121,0.5,1.0,2,1,0.7857323345571434,False
16069,2,0.7825891878571444,1.0,1.0008628127696289,1,2,0.9425382233673477,False
16070,4,0.595572244885718,0.6666666666666666,1.0204081632653061,0,1,0.8984992160621332,True
16071,3,0.2904702996653281,0.25,1.1666666666666667,0,1,0.5141301284279978,False
16072,3,0.431909338261893,0.3333333333333333,1.0,1,1,0.6894690814773192,True
16073,2,0.8724962230361335,0.8,1.0,1,1,1.0,True
16074,3,0.5316997935892069,0.2,1.04,0,1,0.6766808639191839,False
16075,2,0.8849698496010786,1.0,1.0007407407407407,1,1,1.0,True
16076,2,0.8076564923445813,0.5714285714285714,1.0,1,1,0.9464285714285714,True
16077,2,0.542810230611615,0.5714285714285714,1.0,0,1,0.8362043845478351,True
16078,3,0.8307247271275532,0.8,1.0063829787234042,1,1,1.0,True
16079,4,0.9389606438594936,1.0,1.0,1,1,1.0,True
16080,2,0.9999999999999997,1.0,1.0,1,1,1.0,True
16081,2,0.893271851191355,0.7142857142857143,1.0014285714285713,1,1,1.0,True
16082,2,0.7346658068324119,0.8,1.0714285714285714,0,1,0.9719996314996051,True
16083,4,0.6514449806070188,0.5,1.0,1,1,0.8530002297839605,True
16084,4,0.7507225063581766,0.3333333333333333,1.002781641168289,2,1,0.7211032963757265,False
16085,2,0.5997451728675559,0.5,1.0,1,1,0.8308431693241907,True
16086,3,0.398275501571747,0.3333333333333333,1.1111111111111112,0,1,0.5950545800386852,False
16087,3,0.791303839375132,0.5,1.0,1,1,0.9129397406845805,True
16088,4,0.5267399010459624,0.25,1.2142857142857142,0,1,0.5353885290196981,False
16089,2,0.27336310944696063,0.3333333333333333,1.0833333333333333,0,1,0.621520697699491,False
16090,3,0.30392830157797734,0.2222222222222222,1.032258064516129,1,1,0.5883237694593447,False
16091,3,0.7249496378617025,0.5,1.0,0,1,0.8845022257502535,True
16092,3,0.6101140830956995,0.6666666666666666,1.0204081632653061,0,1,0.9047314324378395,True
16093,3,0.8526973741546806,1.0,1.0,1,1,1.0,True
16094,3,0.6399609534287934,0.6666666666666666,1.0080645161290323,1,1,0.9175229482948797,True
16095,2,0.9999999999999996,1.0,1.0,1,1,1.0,True
16096,3,0.47616839808004674,0.3,1.0,0,1,0.6945483610819247,True
16097,3,0.19627257669824347,0.2,1.0232558139534884,1,1,0.5329263423944853,False
16098,3,0.25362080566611256,0.42857142857142855,1.0,0,1,0.6527422500473815,False
16099,2,0.793373574301415,0.6,1.0,1,1,0.9554934366053685,True
16100,4,0.6865924586423519,0.2857142857142857,1.0119047619047619,2,1,0.6737777203705317,False
16101,4,0.4219953536964158,0.3333333333333333,1.1333333333333333,0,1,0.6052202309492575,True
16102,3,0.9647280311130266,1.0,1.0,1,1,1.0,True
16103,2,0.8419255937553363,0.75,1.0954616588419406,0,1,1.0,True
16104,3,0.5097161137003485,0.6666666666666666,1.0,0,1,0.8617037312684033,True
16105,2,0.8702585514098186,0.8333333333333334,1.0,1,2,0.9500000000000001,False
16106,4,0.6470945454384436,0.5714285714285714,1.0,1,2,0.8308976623307617,False
16107,2,0.9622838317182784,1.0,1.0,1,1,1.0,True
16108,2,0.6335096528316573,0.5,1.0204081632653061,0,1,0.845313660737377,True
16109,3,0.9202763311951199,1.0,1.0135135135135136,1,1,1.0,True
16110,3,0.5814287441488664,0.5,1.0,1,1,0.8229932713018951,True
16111,3,0.8236799582574512,0.5714285714285714,1.0,0,1,0.9464285714285714,True
16112,2,0.7742397812373643,0.6666666666666666,1.125,0,1,0.8950710173556958,True
16113,4,0.8497501257115371,0.5714285714285714,1.0,2,1,0.8414285714285714,False
16114,4,0.4639181147248445,0.3333333333333333,1.0,0,1,0.7031871285328698,True
16115,2,0.9087701565428502,1.0,1.0,0,1,1.0,True
16116,2,0.8681672219122732,1.0,1.0,1,1,1.0,True
16117,4,0.46811519012315683,0.14285714285714285,1.0,2,1,0.5206207957670672,False
16118,4,0.6025306185805395,0.125,1.0,1,1,0.6757869317726122,False
16119,3,0.5490048402332939,0.5,1.031,1,2,0.7590973124809356,False
16120,3,0.9015841128121891,0.8333333333333334,1.0,1,2,0.9500000000000001,False
16121,2,0.5976991949678071,0.6,1.0140350877192983,1,1,0.8716329883195364,True
16122,2,0.9790462887233764,1.0,1.0,1,1,1.0,True
16123,2,0.5889923321066983,0.5,1.0416666666666667,0,1,0.8262348089981089,True
16124,2,0.7548662557970373,0.6666666666666666,1.0,0,1,0.96676807788127,True
16125,4,0.7621660544399784,0.5,1.0,2,1,0.7954521185695147,False
16126,3,0.6770340567698279,0.5,1.0,1,1,0.8639669767108786,True
16127,2,0.9166666155414142,0.75,1.0,1,1,1.0,True
16128,2,0.6706341120533263,1.0,1.0208333333333333,1,1,0.9445574765942828,True
16129,3,0.8949630075231414,0.7142857142857143,1.0,1,1,1.0,True
16130,3,0.4263273285057442,0.3333333333333333,1.1555555555555554,0,1,0.6070767915818268,True
16131,2,0.8106712245788203,0.8888888888888888,1.00625,1,1,1.0,True
16132,2,0.4885770515268365,0.375,1.0714285714285714,1,2,0.6811163554162634,False
16133,2,0.5372020656054954,0.5,1.054945054945055,1,1,0.8040389804975934,True
16134,4,0.3457857539125203,0.25,1.0,1,2,0.5678367516767945,False
16135,3,0.5390491381354147,0.42857142857142855,1.0188679245283019,1,1,0.775068678248511,True
16136,2,1.0000000000000002,1.0,1.0,1,1,1.0,True
16137,3,0.6629459901104637,0.5,1.02,1,2,0.8079292338568654,False
16138,2,0.8732572660848178,0.8333333333333334,1.0,1,1,1.0,True
16139,2,0.7618357274857224,0.5714285714285714,1.0,2,1,0.8250724546367383,False
16140,2,0.7226430633288081,0.5,1.0,0,1,0.8835136938075845,True
16141,2,0.7407872308504627,0.5714285714285714,1.0,1,1,0.921051670364484,True
16142,3,0.7394460134758787,0.6,1.0014285714285713,1,2,0.8823816248229958,False
16143,2,0.7066516280772022,0.6666666666666666,1.0810810810810811,0,1,0.9461046660013406,True
16144,3,0.5523605645611409,0.5,1.0,1,1,0.8105354800500129,True
16145,2,0.6347908153190065,0.5714285714285714,1.0218978102189782,0,1,0.8756246351367172,True
16146,4,0.5289354727997131,0.3333333333333333,1.1818181818181819,0,1,0.6510517105649564,True
16147,3,0.8176853932484103,0.625,1.0011764705882353,1,1,0.96875,True
16148,3,0.8310283564378186,0.8333333333333334,1.0,1,2,0.9500000000000001,False
16149,2,0.9858003984907745,1.0,1.0,1,2,0.9500000000000001,False
16150,2,0.6074759659712382,0.5,1.0434782608695652,0,1,0.834156366368626,True
16151,4,0.8248709528165339,0.5,1.0,1,1,0.9166666666666667,True
16152,3,0.6536253720205024,0.5,1.0169491525423728,0,1,0.8539346832468819,True
16153,3,0.6041292523459886,0.4444444444444444,1.1111111111111112,1,1,0.729573912381085,True
16154,3,0.8041151999606244,0.6666666666666666,1.0,1,1,0.9861111111111112,True
16155,4,0.580877085525498,0.25,1.0,2,1,0.6135901795109278,False
16156,2,0.9999999999999993,1.0,1.0,1,1,1.0,True
16157,2,0.7749171386806156,0.625,1.0,0,1,0.9580002022916925,True
16158,3,0.383472060769452,0.2857142857142857,1.010095238095238,2,2,0.4938689784250032,False
16159,3,0.9608888905140995,1.0,1.05,0,1,1.0,True
16160,2,0.647958362568832,0.3333333333333333,1.0,2,1,0.6770615204660073,False
16161,2,0.7932399431665527,1.0,1.0077519379844961,1,1,0.9971028327856655,True
16162,2,0.4719209695939051,0.5714285714285714,1.0377358490566038,1,2,0.7558232726831023,False
16163,3,0.7943702109830599,0.7142857142857143,1.0,1,1,0.9975872332784543,True
16164,2,0.835048045024003,0.75,1.0,1,1,1.0,True
16165,2,0.9852240487131247,1.0,1.0,1,2,0.9500000000000001,False
16166,2,0.9721011552170944,1.0,1.0,1,1,1.0,True
16167,2,0.9517653667115814,1.0,1.0,1,2,0.9500000000000001,False
16168,3,0.6178728443105844,0.2857142857142857,1.0188679245283019,1,1,0.7493264570854885,True
16169,2,0.9999999999999992,1.0,1.0,1,2,0.9500000000000001,False
16170,2,0.750653209414586,0.4,1.0,2,1,0.7488513754633941,False
16171,3,0.491552629220598,0.6666666666666666,1.0909090909090908,1,1,0.8539193807770817,True
16172,2,0.8854077445707305,0.8571428571428571,1.0,0,1,1.0,True
16173,2,0.6560104202676386,0.8888888888888888,1.05625,1,1,0.9382901801147023,True
16174,2,1.0000000000000002,1.0,1.0,1,2,0.9500000000000001,False
16175,2,0.9140772907187877,0.8571428571428571,1.0,1,1,1.0,True
16176,2,0.9859611542310305,1.0,1.0,1,2,0.9500000000000001,False
16177,3,0.8918224677400737,1.0,1.0,1,1,1.0,True
16178,2,0.8047619037224479,0.7142857142857143,1.0,1,2,0.9500000000000001,False
16179,2,0.6990747856036147,0.5714285714285714,1.0,1,1,0.9031749081158349,True
16180,2,0.7486947584947249,0.7142857142857143,1.0,1,1,0.9780120393548821,True
16181,2,0.9555722195533101,1.0,1.0,1,1,1.0,True
16182,2,0.9328910049393205,0.8571428571428571,1.0,1,1,1.0,True
16183,2,0.7095644721873262,0.6,1.0101010101010102,1,2,0.8695752499850448,False
16184,3,0.9367822874417101,1.0,1.0,1,1,1.0,True
16185,3,0.5585666585279326,0.25,1.0,2,1,0.6040285679405426,False
16186,2,0.8063426219485912,1.0,1.0,1,2,0.9500000000000001,False
16187,2,0.8002096215786261,0.75,1.0,1,1,1.0,True
16188,2,0.685911801741905,0.8571428571428571,1.024,1,1,0.9511050578893878,True
16189,3,0.8576932506654661,0.6666666666666666,1.0,1,1,0.9861111111111112,True
16190,4,0.8084180404157543,0.6666666666666666,1.0,2,1,0.8811111111111112,False
16191,3,0.5862842939913174,0.5714285714285714,1.0,1,2,0.804836125996279,False
16192,4,0.24376151603634644,0.4,1.05,0,1,0.6366120783012913,False
16193,2,0.8715776289854524,0.5714285714285714,1.0020833333333334,1,2,0.8964285714285715,False
16194,3,0.5596496452060592,0.5555555555555556,1.0942760942760943,1,1,0.836807519903126,True
16195,3,0.5709444149211659,0.375,1.0,1,1,0.7664166540138331,True
16196,3,0.46586697790941367,0.25,1.0714285714285714,1,1,0.6693001333897487,True
16197,2,0.9337037236906348,0.75,1.0,1,2,0.9500000000000001,False
16198,3,0.8190845015502217,0.75,1.0,1,1,1.0,True
16199,3,0.8481574784916915,0.6666666666666666,1.0,1,1,0.9861111111111112,True
16200,3,0.7875100876309109,0.7142857142857143,1.0,1,2,0.9446471804132476,False
16201,4,0.6752946226906931,0.5714285714285714,1.0,1,2,0.8429834097245829,False
16202,4,0.5405503937016534,0.3333333333333333,1.0,2,1,0.6310295338086451,False
16203,3,0.7891369874294629,0.8333333333333334,1.0,1,1,0.9953444231840556,True
16204,2,0.960105905433673,1.0,1.0,1,2,0.9500000000000001,False
16205,2,0.9730928703328086,1.0,1.0,1,2,0.9500000000000001,False
16206,4,0.6194714270646103,0.5,1.0,1,2,0.7892972782657856,False
16207,3,0.5760298929480131,0.5714285714285714,1.0,1,2,0.8004413826920057,False
16208,3,0.8924129751638685,0.7142857142857143,1.0,1,2,0.9500000000000001,False
16209,3,0.949830082505852,1.0,1.0015384615384615,1,1,1.0,True
16210,2,0.5371398334733912,0.4,1.0,0,1,0.7623456429171678,True
16211,2,0.7743508521220129,1.0,1.0,1,1,0.9890075080522913,True
16212,2,0.840445682051694,0.875,1.0,1,2,0.9500000000000001,False
16213,3,0.7324054372609868,0.42857142857142855,1.0,2,1,0.752935663588042,False
16214,2,0.9648429406462425,1.0,1.0,1,2,0.9500000000000001,False
16215,3,0.829966876298372,0.75,1.0,1,1,1.0,True
16216,2,0.8072265440255904,1.0,1.0,1,1,1.0,True
16217,2,0.9451748749957462,1.0,1.0,1,1,1.0,True
16218,2,0.9465513829742528,1.0,1.0,1,1,1.0,True
16219,2,0.9736529503957936,1.0,1.0,1,1,1.0,True
16220,2,0.817843187987485,1.0,1.0,0,1,1.0,True
16221,2,0.8174877162813979,0.8333333333333334,1.0,1,1,1.0,True
16222,4,0.7739971065156083,0.6666666666666666,1.0,0,1,0.9749670139035147,True
16223,4,0.8453716022615108,0.8,1.0,1,1,1.0,True
16224,2,0.8094987551097561,0.75,1.0,1,1,1.0,True
16225,4,0.4993357806202669,0.375,1.0,2,1,0.6307272393134478,False
16226,2,0.8451749337913673,1.0,1.0101111111111112,1,2,0.9500000000000001,False
16227,2,0.8644033290791582,0.7777777777777778,1.0,1,2,0.9500000000000001,False
16228,3,0.7917604483067954,0.3333333333333333,1.0,1,1,0.8436909857822774,True
16229,2,0.9165652298655256,1.0,1.0,1,1,1.0,True
16230,2,0.5113495298523765,0.6,1.0,0,1,0.8346259889843519,True
16231,3,0.6020761440384907,0.3333333333333333,1.0222222222222221,1,1,0.7623977125244326,True
16232,2,1.0,1.0,1.0,0,1,1.0,True
16233,2,0.8992743164297559,0.8333333333333334,1.0,0,1,1.0,True
16234,2,0.6263103965226908,0.5714285714285714,1.0,0,1,0.8719901699382961,True
16235,2,0.9999999999999993,1.0,1.0,1,2,0.9500000000000001,False
16236,3,0.4499255861800447,0.36363636363636365,1.0,1,1,0.7098165932113611,True
16237,2,0.9196379601817078,1.0,1.0101010101010102,1,2,0.9500000000000001,False
16238,3,0.917984007144139,0.8333333333333334,1.0,1,1,1.0,True
16239,2,0.7230594955321475,0.375,1.0,1,1,0.8316088314185395,True
16240,2,0.9999999999999998,1.0,1.0,0,1,1.0,True
16241,2,0.5019732484179736,0.4,1.0396039603960396,1,1,0.7472742493219887,True
16242,2,0.7592701585379126,0.625,1.0,1,2,0.9012943536591055,False
16243,2,1.0000000000000002,1.0,1.0,1,1,1.0,True
16244,2,0.8677186200587698,0.6,1.0,1,1,0.9583333333333333,True
16245,2,0.9999999999999991,1.0,1.0,1,2,0.9500000000000001,False
16246,4,0.9235785719138067,0.8571428571428571,1.0,1,1,1.0,True
16247,3,0.8006361815612416,1.0,1.0,0,1,1.0,True
16248,2,0.7763822234409563,0.5,1.0,2,1,0.8015447624270766,False
16249,2,0.5968727589937636,0.6666666666666666,1.0309278350515463,1,1,0.8990565792512955,True
16250,3,0.9700528063419519,1.0,1.0,1,1,1.0,True
16251,2,0.6353144311350544,0.5714285714285714,1.0,1,1,0.8758490419150233,True
16252,2,0.7258925582400453,0.5714285714285714,1.0,1,1,0.9146682392457337,True
16253,2,0.9286738651212583,1.0,1.0,2,1,0.895,False
16254,4,0.7342885868373104,0.6,1.0,2,1,0.825171299120752,False
16255,2,0.7690349880840167,0.5,1.0,0,1,0.9033959472741024,True
16256,2,0.9999999999999998,1.0,1.0,1,2,0.9500000000000001,False
16257,4,0.6838094907164594,0.375,1.0144927536231885,1,1,0.8147874007832445,True
16258,3,0.9296921592274145,0.8333333333333334,1.0,1,3,0.9500000000000001,False
16259,2,0.8444453471243107,0.7142857142857143,1.0,1,1,1.0,True
16260,4,0.721510402740358,0.5,1.0,1,1,0.8830282678411059,True
16261,2,0.8462260649509934,0.75,1.05,1,1,1.0,True
16262,3,0.7832551259454706,0.6,1.0,1,2,0.9011569587385352,False
16263,2,1.0000000000000004,1.0,1.0,0,1,1.0,True
16264,3,0.8694937146259283,0.8,1.0,1,1,1.0,True
16265,2,0.9999999999999992,1.0,1.0,1,1,1.0,True
16266,4,0.7882627305946592,0.7142857142857143,1.0034782608695654,1,1,0.9949697416834253,True
16267,4,0.7832717962448371,0.5555555555555556,1.0,1,1,0.9326455846340307,True
16268,2,0.35265869164748503,0.25,1.105263157894737,0,1,0.5407822964203507,False
16269,2,0.9782808233458995,0.875,1.0,1,1,1.0,True
16270,2,0.8846104516862735,1.0,1.0101010101010102,1,1,1.0,True
16271,2,0.8922125150640465,0.625,1.0,1,1,0.96875,True
16272,2,1.0000000000000002,1.0,1.0,0,1,1.0,True
16273,2,0.5401810032146789,0.4444444444444444,1.037037037037037,1,2,0.7321675198962382,False
16274,2,0.6766001142937708,0.625,1.0,1,1,0.9158643346973303,True
16275,2,0.8205060759692862,0.6666666666666666,1.0,1,1,0.9861111111111112,True
16276,3,0.7004231945889061,0.75,1.0,1,2,0.9073242262523883,False
16277,2,0.8758907695377753,1.0,1.0,1,2,0.9500000000000001,False
16278,3,0.4945973240932956,0.3333333333333333,1.0416666666666667,1,1,0.7163353611193489,True
16279,2,0.8570508641098392,0.75,1.0,1,2,0.9500000000000001,False
16280,3,0.6174737913374772,0.42857142857142855,1.0465116279069768,1,1,0.8086792439065378,True
16281,2,0.7235534514796544,0.75,1.0,1,1,0.9672371934912805,True
16282,3,0.6578331697813735,0.5714285714285714,1.0,1,1,0.8854999299063029,True
16283,2,0.8511468773989482,0.8333333333333334,1.0,1,2,0.9500000000000001,False
16284,3,0.5046039268768873,0.375,1.0,1,1,0.7379850162805708,True
16285,3,0.6486610549132875,0.625,1.125,1,1,0.8238904521056947,True
16286,2,0.8987112777514732,0.75,1.0,0,1,1.0,True
16287,3,0.4979990446041636,0.25,1.0526315789473684,0,1,0.68307101911607,True
16288,2,0.9123423583822845,0.75,1.0,1,1,1.0,True
16289,2,0.8476700762416983,0.75,1.0,1,2,0.9500000000000001,False
16290,2,0.560130703801956,0.2222222222222222,1.0,1,1,0.6981247989839071,False
16291,3,0.8783872454927921,0.6666666666666666,1.0,1,2,0.9361111111111112,False
16292,2,0.8183917710047743,0.6666666666666666,1.0,1,2,0.9361111111111112,False
16293,3,0.7970490390434667,0.6,1.0023255813953489,1,1,0.9570686357805334,True
16294,2,0.7662736390905264,0.5,1.0,1,2,0.8522125119911781,False
16295,2,0.9722998497573586,1.0,1.0,1,2,0.9500000000000001,False
16296,2,0.9999999999999999,1.0,1.0,1,2,0.9500000000000001,False
16297,2,0.8586095508944639,1.0,1.0,1,2,0.9500000000000001,False
16298,3,0.795003847423775,0.5,1.0,1,3,0.8645254584197132,False
16299,3,0.4432127470157208,0.5,1.0,1,1,0.7637578439591184,True
16300,3,0.33806457351120534,0.375,1.0,0,1,0.6666110076952785,False
16301,2,0.47416443138970404,0.5,1.125,0,1,0.6970228515479684,True
16302,4,0.29833145249373316,0.2857142857142857,1.0417,0,1,0.612380146306838,False
16303,2,0.7837085115924858,0.8,1.0061363636363636,1,1,0.9930179335396367,True
16304,3,0.29056089655256334,0.3,1.0,0,1,0.6150022889987176,False
16305,3,0.5214606019987933,0.5,1.0,0,1,0.7972926389518638,True
16306,3,0.29228026485896386,0.2727272727272727,1.0,0,1,0.6043755247663958,False
16307,4,0.747784411557527,1.0,1.010074074074074,1,2,0.9276218906675117,False
16308,3,0.6419340125356537,0.6666666666666666,1.0,0,1,0.9183685450549628,True
16309,2,0.9363297947225343,0.8333333333333334,1.0,1,1,1.0,True
16310,3,0.2455438996790824,0.3333333333333333,1.125,0,1,0.5295981792275433,False
16311,2,0.7581012045705177,0.8,1.0782399999999999,1,2,0.9320433733873649,False
16312,2,0.5216207661809675,0.5,1.0,0,1,0.7973612807442243,True
16313,2,0.8008553499107602,0.6,1.0,0,1,0.9583333333333333,True
16314,2,0.9874228862991252,1.0,1.0,1,2,0.9500000000000001,False
16315,2,0.9066210924390954,1.0,1.0,1,1,1.0,True
16316,3,0.6258785762545043,0.5,1.0258712121212121,1,2,0.7920431993471686,False
16317,3,0.45247372202832126,0.4,1.0,0,1,0.7260601665835662,True
16318,2,0.7300622471019227,1.0,1.0101010101010102,1,1,0.9700266773293955,True
16319,2,0.8365849955130543,0.6,1.0,1,1,0.9583333333333333,True
16320,2,0.9445385628378419,1.0,1.0,1,2,0.9500000000000001,False
16321,4,0.30203144034171614,0.2857142857142857,1.0,0,1,0.613965855384545,False
16322,3,0.17199589848959193,0.25,1.0,0,1,0.543355385066968,False
16323,4,0.6764957764043136,0.3333333333333333,1.0,1,1,0.7942918406812138,True
16324,3,0.4420081321599082,0.4,1.1234574302602924,0,1,0.6415749137828178,True
16325,3,0.9142503237899781,0.8888888888888888,1.0,1,1,1.0,True
16326,2,0.8187682386524897,0.6666666666666666,1.0,1,1,0.9861111111111112,True
16327,2,0.9999999999999999,1.0,1.0,0,1,1.0,True
16328,2,1.0000000000000007,1.0,1.0,1,1,1.0,True
16329,3,0.6177704975708859,0.5,1.0,0,1,0.8385683084827606,True
16330,4,0.7651877425427445,0.375,1.0,1,2,0.799663794423081,False
16331,3,0.8526869644542313,0.6666666666666666,1.0,1,1,0.9861111111111112,True
16332,3,0.5756257653403029,0.42857142857142855,1.0,0,1,0.7907443756220345,True
16333,2,0.6425210596064829,0.5,1.0101010101010102,1,1,0.8491756922123022,True
16334,3,0.3579715492965339,0.4,1.1363636363636365,0,1,0.6055592354128002,False
16335,3,0.8304015693165893,0.75,1.0,1,1,1.0,True
16336,3,0.8626521314827733,0.6666666666666666,1.0,1,1,0.9861111111111112,True
16337,4,0.6590361818753028,0.42857142857142855,1.0,2,1,0.7214916969941774,False
16338,3,0.5771721634480508,0.5,1.0,0,1,0.8211690224301171,True
16339,2,0.8852352129774737,0.8571428571428571,1.0,0,1,1.0,True
16340,3,0.5512048693043876,0.5714285714285714,1.0080645161290323,1,2,0.7898020868447376,False
16341,2,0.910783855504892,1.0,1.0,1,1,1.0,True
16342,3,0.7135634289022992,0.6666666666666666,1.0,1,1,0.9490668663549536,True
16343,2,0.6569416638537574,0.6,1.0005757575757577,1,2,0.8470226178420867,False
16344,3,0.9290904384516677,1.0,1.0,1,2,0.9500000000000001,False
16345,2,1.0000000000000007,1.0,1.0,1,1,1.0,True
16346,2,0.9778032393548902,1.0,1.0,1,1,1.0,True
16347,2,0.6523188229406658,0.5714285714285714,1.0000909090909091,1,1,0.8831366384031425,True
16348,2,0.844809898591035,0.5714285714285714,1.0,0,1,0.9464285714285714,True
16349,2,0.8786472959056525,1.0,1.0101010101010102,0,1,1.0,True
16350,3,0.46299656596316413,0.42857142857142855,1.1111111111111112,1,1,0.662474718746118,True
16351,3,0.5773837233346545,0.8333333333333334,1.0061363636363636,2,1,0.7995930242862805,False
16352,3,0.8438360897086851,0.875,1.0,1,1,1.0,True
16353,2,0.5982389158883563,0.625,1.0,1,1,0.8822809639521527,True
16354,2,0.9335175057938013,0.6666666666666666,1.0,0,1,0.9861111111111112,True
16355,4,0.6650055334946858,0.4,1.0,1,1,0.8171452286405797,True
16356,2,0.7191510218692747,1.0,1.069767441860465,1,1,0.9653504379439748,True
16357,3,0.9629497405186533,1.0,1.0,1,1,1.0,True
16358,2,0.879079876613883,0.8333333333333334,1.0,1,1,1.0,True
16359,3,0.7259820560775018,0.625,1.0,1,1,0.9370280240332152,True
16360,4,0.7486681914928237,0.3333333333333333,1.0,1,2,0.7752228757191467,False
16361,3,0.75055954809299,0.75,1.0146212121212121,1,2,0.9288112348969958,False
16362,3,0.814822584621911,0.75,1.0151515151515151,0,1,1.0,True
16363,3,0.6106222145502622,0.8333333333333334,1.0061363636363636,2,2,0.7638380919501125,False
16364,2,1.0000000000000002,1.0,1.0,1,1,1.0,True
16365,2,0.9513886535288313,0.7142857142857143,1.0,1,1,1.0,True
16366,3,0.8256559810551634,1.0,1.0330555555555556,1,1,1.0,True
16367,2,0.9676350937690869,1.0,1.0,1,2,0.9500000000000001,False
16368,3,0.6772070167253932,0.5714285714285714,1.0,1,2,0.8438030071680257,False
16369,3,0.9860498364986245,1.0,1.0,1,1,1.0,True
16370,2,0.7086407900409498,0.6666666666666666,1.0,1,1,0.9469571639858039,True
16371,2,0.9279104139143192,1.0,1.0,0,1,1.0,True
16372,2,1.0000000000000002,1.0,1.0,1,1,1.0,True
16373,3,0.9593082635417255,1.0,1.0,0,1,1.0,True
16374,3,0.8333357960190284,0.8,1.0,1,1,1.0,True
16375,3,0.6078455101593855,0.16666666666666666,1.0057142857142858,1,1,0.6954258535603716,False
16376,3,0.6745025502615597,0.6666666666666666,1.0003181818181817,1,1,0.9323264897946366,True
16377,3,0.08868762451562226,0.14285714285714285,1.0555333333333332,0,1,0.46785714285714286,False
16378,2,0.7318602749943893,0.4,1.0,1,1,0.8457972607118811,True
16379,2,0.9364484232327162,0.8571428571428571,1.0,1,1,1.0,True
16380,3,0.6812838712882784,0.625,1.0,1,1,0.9178716591235478,True
16381,2,0.7599431161073871,0.8,1.0,0,1,0.982832764046023,True
16382,4,0.6781667990424003,0.7142857142857143,1.0,2,1,0.8427857710181716,False
16383,3,0.5383104329069524,0.4444444444444444,1.0,1,2,0.7313658469072125,False
16384,2,0.8683618157325448,0.6666666666666666,1.0,1,1,0.9861111111111112,True
16385,2,0.6818309797924919,0.5,1.0,1,2,0.816022800863449,False
16386,4,0.6269422662164523,0.375,1.0,1,2,0.7404157331403843,False
16387,2,0.8108907704376715,0.7142857142857143,1.0,1,2,0.9500000000000001,False
16388,3,0.6300678312414697,0.5,1.0101010101010102,0,1,0.8438385943415823,True
16389,3,0.8679024875528621,0.75,1.0,0,1,1.0,True
16390,3,0.7463347124313771,0.5,1.0,1,2,0.8436672577086856,False
16391,2,0.6729516594363026,0.8,1.0,1,1,0.9455507111869869,True
16392,2,0.9666373458779012,1.0,1.0,1,1,1.0,True
16393,3,0.8433788068071725,0.8,1.0,1,1,1.0,True
16394,2,0.7581064656281125,0.5555555555555556,1.0,1,1,0.9218604429411488,True
16395,2,0.780998124392373,0.8,1.0003181818181817,0,1,0.9918563390253028,True
16396,2,0.9999999999999999,1.0,1.0,1,1,1.0,True
16397,2,0.6867073853493446,0.5,1.0,1,1,0.868112688959243,True
16398,2,0.8411113870152422,1.0,1.0,1,2,0.9500000000000001,False
16399,2,0.8254427246814542,0.5714285714285714,1.0101010101010102,1,1,0.9464285714285714,True
16400,3,0.31182306356873657,0.25,1.1428571428571428,0,1,0.5232813129580299,False
16401,2,1.0,1.0,1.0,1,1,1.0,True
16402,2,0.7769675505213008,0.6666666666666666,1.0,1,1,0.9762400613345257,True
16403,2,0.8603884879574574,0.8333333333333334,1.0,1,1,1.0,True
16404,2,0.8019672407021973,0.6,1.0,1,1,0.9583333333333333,True
16405,3,0.6018825236217393,0.2857142857142857,1.0,0,1,0.7424734625045549,True
16406,3,0.5246112383506278,0.5714285714285714,1.0,1,1,0.8284048164359834,True
16407,2,0.9091236870025668,0.6666666666666666,1.0,1,1,0.9861111111111112,True
16408,4,0.45444361728582383,0.4,1.0,1,1,0.7269044074082102,True
16409,2,0.8158951917033471,0.8,1.0,1,1,1.0,True
16410,2,0.7955561176158407,1.0,1.0,2,1,0.8930954789782175,False
16411,2,0.9483237732923856,1.0,1.0,1,1,1.0,True
16412,2,0.9611145734856125,1.0,1.0,1,2,0.9500000000000001,False
16413,4,0.5115954348955203,0.4166666666666667,1.0,1,1,0.758342487971096,True
16414,4,0.5622872423767715,0.4,1.0142857142857142,2,1,0.6681231038757593,False
16415,4,0.6910067730588805,0.5714285714285714,1.0,1,1,0.899717188453806,True
16416,2,0.7288555636114984,0.6,1.0,0,1,0.9278428605954041,True
16417,2,0.9208780344464802,0.8571428571428571,1.0,1,1,1.0,True
16418,3,0.7763846057848178,0.5,1.0010606060606062,1,1,0.9065457834315886,True
16419,2,1.0000000000000007,1.0,1.0,1,1,1.0,True
16420,4,0.5564789508852522,0.42857142857142855,1.0,1,2,0.7325385979984415,False
16421,4,0.49724678195063404,0.4,1.0,1,1,0.745248620835986,True
16422,2,0.9179592175773811,0.8333333333333334,1.0,1,1,1.0,True
16423,3,0.8780149522150417,0.875,1.0,1,2,0.9500000000000001,False
16424,2,0.9596387970959681,0.75,1.0,0,1,1.0,True
16425,2,0.6017371667740555,0.5,1.0151515151515151,1,2,0.781696880998405,False
16426,4,0.7686469254549883,0.6666666666666666,1.0,1,1,0.9726740791632489,True
16427,3,0.8315416534204615,0.8,1.0,0,1,1.0,True
16428,3,0.5041423248431759,0.4,1.0,1,1,0.7482038535042183,True
16429,2,0.6440565681309437,0.6666666666666666,1.072,1,2,0.8692782117386585,False
16430,2,0.8340382710005227,1.0,1.019810606060606,1,1,1.0,True
16431,2,0.8495639839943796,0.8333333333333334,1.0,1,1,1.0,True
16432,2,0.9721534482162048,1.0,1.0,1,1,1.0,True
16433,3,0.8545225181424864,0.8,1.0,1,1,1.0,True
16434,4,0.7251250473669466,0.375,1.0,1,2,0.7824940679191678,False
16435,2,0.9204757192319069,0.8571428571428571,1.0,1,1,1.0,True
16436,2,1.0,1.0,1.0,1,1,1.0,True
16437,2,0.9999999999999998,1.0,1.0,1,1,1.0,True
16438,3,0.4772801945909029,0.3333333333333333,1.0,0,1,0.708913734189752,True
16439,3,0.9141614449725677,0.8571428571428571,1.0,0,1,1.0,True
16440,3,0.8937900941458193,0.8,1.0,1,1,1.0,True
16441,3,0.8481502289559192,0.8571428571428571,1.0,1,1,1.0,True
16442,4,0.6782378250388977,0.5714285714285714,1.0,1,2,0.8442447821595277,False
16443,3,0.9403428658412794,1.0,1.0,1,2,0.9500000000000001,False
16444,3,0.7689670986460349,0.625,1.0,1,2,0.905450185134015,False
16445,4,0.8571495839990307,0.6666666666666666,1.0,1,1,0.9861111111111112,True
16446,3,0.8398190938128235,0.5714285714285714,1.0,1,2,0.8964285714285715,False
16447,2,0.8072269788908455,0.7142857142857143,1.0,1,1,1.0,True
16448,2,0.8279556935088471,1.0,1.1,0,1,1.0,True
16449,3,0.43269040164389116,0.5,1.0,0,1,0.7592482673711916,True
16450,3,0.7124464662448139,0.3333333333333333,1.0,1,1,0.8096992791842853,True
16451,2,0.8646148326590739,1.0,1.0,0,1,1.0,True
16452,4,0.8712199881304051,1.0,1.0,1,2,0.9500000000000001,False
16453,3,0.5350055789881406,0.2857142857142857,1.0019375,1,2,0.6638119148044412,False
16454,2,0.7543628586624158,0.7142857142857143,1.0,1,2,0.9304412251410353,False
16455,3,0.9329022367280522,1.0,1.0,1,2,0.9500000000000001,False
16456,2,0.8896296112091755,0.8,1.0,1,2,0.9500000000000001,False
16457,2,1.0000000000000004,1.0,1.0,1,2,0.9500000000000001,False
16458,4,0.6784399319917112,0.42857142857142855,1.0,1,2,0.7848075899012096,False
16459,3,0.8499852097251797,1.0,1.0,1,2,0.9500000000000001,False
16460,4,0.6376772165461653,0.625,1.1111111111111112,1,2,0.7691830928054996,False
16461,2,0.6968612940495639,0.375,1.0,1,2,0.7703810307831466,False
16462,4,0.6634157502517001,0.7142857142857143,1.1111111111111112,1,2,0.8114638929650144,False
16463,3,0.7985378719159077,0.5555555555555556,1.0,1,2,0.8891881884930611,False
16464,4,0.9621935604575641,1.0,1.0,1,2,0.9500000000000001,False
16465,4,0.9605855972833981,1.0,1.0,1,3,0.9500000000000001,False
16466,3,0.5356123846705076,0.5,1.0303030303030303,1,2,0.753357688668313,False
16467,4,0.9155465418727768,0.7142857142857143,1.0,1,2,0.9500000000000001,False
16468,4,0.6870585965397833,0.42857142857142855,1.0,1,2,0.7885013032789548,False
16469,3,0.7971228102438949,0.6666666666666666,1.0,1,2,0.9348780297870661,False
16470,3,0.6313093405088716,0.6,1.0476190476190477,1,2,0.8360373364085641,False
16471,4,0.615635860681035,0.375,1.0714285714285714,1,2,0.7355701307680628,False
16472,4,0.6429037291262328,0.3,1.0,1,2,0.7160063601017189,False
16473,3,0.6661463111736908,0.7142857142857143,1.0,1,2,0.8926341333601533,False
16474,2,0.9739186504588159,1.0,1.0,1,2,0.9500000000000001,False
16475,4,0.7836787385897949,0.8571428571428571,1.0,1,2,0.9430051736813406,False
16476,2,0.3458425936810923,0.2857142857142857,1.1333333333333333,0,1,0.5527420639585633,False
16477,2,0.9999999999999997,1.0,1.0,1,2,0.9500000000000001,False
16478,3,0.35226112001768667,0.25,1.0,0,1,0.6206119085790086,False
16479,3,0.43216224502907363,0.2727272727272727,1.0,1,2,0.6143249448393,False
16480,2,0.933323837663651,1.0,1.003095238095238,1,2,0.9500000000000001,False
16481,3,0.6919336721800196,0.75,1.0126582278481013,1,2,0.9036858595057228,False
16482,2,0.964573920171493,1.0,1.0,1,2,0.9500000000000001,False
16483,3,0.874488814631561,0.75,1.0294117647058822,1,2,0.9500000000000001,False
16484,2,0.9999999999999998,1.0,1.0,1,2,0.9500000000000001,False
16485,2,0.756962494642612,0.6,1.0,1,2,0.8898886881801672,False
16486,2,1.0000000000000002,1.0,1.0,1,2,0.9500000000000001,False
16487,2,0.7723791342307778,0.5555555555555556,1.0,1,2,0.8779773009137196,False
16488,2,1.0000000000000004,1.0,1.0,1,2,0.9500000000000001,False
16489,2,0.9999999999999993,1.0,1.0,1,2,0.9500000000000001,False
16490,2,0.8782342802624319,0.625,1.0,1,2,0.9187500000000001,False
16491,2,0.6773051063152714,0.5,1.0,1,2,0.8140831408017831,False
16492,2,0.8965036247271868,0.6666666666666666,1.0,1,1,0.9861111111111112,True
16493,3,0.5744737857676946,0.3333333333333333,1.0,0,1,0.7505681304083771,True
16494,2,0.5971418214972388,0.5,1.1,0,1,0.8297274473083405,True
16495,3,0.574573388223334,0.25,1.0,0,1,0.7158885949528574,True
16496,2,0.3619458685941013,0.3333333333333333,1.0,0,1,0.6594847373339799,False
16497,3,0.25933928171651566,0.375,1.0666666666666667,0,1,0.6328715969261257,False
16498,2,0.6188482826019672,0.4,1.0,0,1,0.7973635496865574,True
16499,2,0.6845970918818605,0.6666666666666666,1.0,0,1,0.9366527219176228,True
16500,3,0.3660018781439983,0.2857142857142857,1.0476190476190477,0,1,0.6413817572998088,False
16501,2,0.5755752721896751,0.5,1.0625,0,1,0.8204846404622417,True
16502,3,0.5658542612078291,0.3333333333333333,1.0,0,1,0.746874048454149,True
16503,2,0.7880090150694583,0.6666666666666666,1.0,0,1,0.9809721175694504,True
16504,2,0.7917034362800555,0.6666666666666666,1.0,0,1,0.9825554409454207,True
16505,3,0.22792710185451387,0.1111111111111111,1.1428571428571428,0,1,0.4294555304244213,False
16506,3,0.35938040185349585,0.3333333333333333,1.0571428571428572,0,1,0.6583852515880062,False
16507,4,0.25577962042116664,0.18181818181818182,1.1764705882352942,0,1,0.47085360355712336,False
16508,3,0.29595595868572533,0.2222222222222222,1.0,0,1,0.5849070510769511,False
16509,2,0.8725323500739803,0.8,1.0,1,1,1.0,True
16510,2,0.5845231303950963,0.6,1.0416666666666667,0,1,0.8659861035026604,True
16511,3,0.6753734315988551,0.625,1.0,1,1,0.9153386135423665,True
16512,3,0.6086344874732691,0.5,1.0,1,1,0.8346528755837821,True
16513,2,0.8241956837032222,0.6666666666666666,1.0,1,1,0.9861111111111112,True
16514,2,0.5637825363741383,0.5714285714285714,1.0869565217391304,0,1,0.8451925155889164,True
16515,2,0.6745923488940602,0.25,1.0294117647058822,0,1,0.7587538638117401,True
16516,2,0.7581214058129413,0.6666666666666666,1.0,1,1,0.9681631421738002,True
16517,3,0.9059099613610128,0.8571428571428571,1.0,1,1,1.0,True
16518,2,0.8362120185059636,0.6,1.0,0,1,0.9583333333333333,True
16519,3,0.579275891698146,0.5,1.0,0,1,0.8220706202515864,True
16520,4,0.3053622641901063,0.25,1.1764705882352942,0,1,0.520512398938617,False
16521,3,0.7610167701958007,0.5,1.0026315789473683,0,1,0.8999595681791528,True
16522,2,0.758354978181176,0.5,1.0,0,1,0.898818800172885,True
16523,2,0.3408580430359757,0.3333333333333333,1.0,0,1,0.650447097809069,False
16524,3,0.5955002407993537,0.6,1.0,0,1,0.8706905793901992,True
16525,2,0.628324796764132,0.75,1.1,0,1,0.9264249128989137,True
16526,3,0.36577010287670964,0.4,1.0,0,1,0.688901472661447,False
16527,3,0.5985339918453707,0.4,1.1363636363636365,0,1,0.7086574250765875,True
16528,2,0.6743615681921397,0.5555555555555556,1.0047281323877069,1,1,0.8859697726114462,True
16529,3,0.4220962248303677,0.2,1.1764705882352942,0,1,0.5497079058796813,False
16530,4,0.3576377804630178,0.16666666666666666,1.0,0,1,0.5881939694047854,False
16531,4,0.6200466773106001,0.42857142857142855,1.2142857142857142,1,1,0.6497819093235906,False
16532,3,0.5158800331441112,0.4,1.0625,0,1,0.7532342999189048,True
16533,2,0.5940324124101962,0.5714285714285714,1.0,0,1,0.8581567481757983,True
16534,2,0.5168743193493859,0.4,1.1111111111111112,0,1,0.6736604225783083,True
16535,2,0.8908128993669246,0.6,1.0,1,1,0.9583333333333333,True
16536,2,0.8553644837567859,0.7142857142857143,1.0,1,1,1.0,True
16537,3,0.40215585501605383,0.3333333333333333,1.1666666666666667,0,1,0.5967175886576739,True
16538,2,0.7924896767697116,0.875,1.0142156862745098,1,1,0.9967812900441622,True
16539,2,0.9131368838284079,0.75,1.0,1,1,1.0,True
16540,4,0.7506575614319481,0.6,1.0,0,1,0.9371865739470253,True
16541,2,0.6388042002323421,0.5714285714285714,1.1333333333333333,0,1,0.7973446572424323,True
16542,3,0.5984272464076656,0.4,1.0416666666666667,0,1,0.7886116770318568,True
16543,2,0.932900448630229,1.0,1.0303030303030303,1,1,1.0,True
16544,4,0.7239101644951501,0.6,1.0,0,1,0.9257234038312547,True
16545,2,0.3213352633357779,0.4,1.0,0,1,0.6698579700010477,False
16546,2,0.43292641887009153,0.42857142857142855,1.0416666666666667,0,1,0.7295875128490868,True
16547,2,0.6614322322003772,0.5,1.0294117647058822,0,1,0.8572804804668284,True
16548,2,0.38842441947220785,0.375,1.05,0,1,0.6881937988214224,False
16549,4,0.900867578643825,0.8333333333333334,1.0303030303030303,1,1,1.0,True
16550,4,0.3817869017971247,0.3333333333333333,1.032258064516129,1,2,0.6179880372781329,False
16551,2,0.3569434237844207,0.42857142857142855,1.0,0,1,0.6970233720980851,False
16552,3,0.20073406152078901,0.25,1.165,0,1,0.47567174065176665,False
16553,2,0.4545573718652614,0.5,1.0,0,1,0.768619826037493,True
16554,3,0.409320419762384,0.4,1.1363636363636365,0,1,0.6275658941838789,True
16555,3,0.8114326578368555,0.5,1.0714285714285714,0,1,0.9166666666666667,True
16556,2,0.7869399572145215,0.6,1.0,0,1,0.9527361721395569,True
16557,2,0.5087433457282226,0.5454545454545454,1.0,0,1,0.8107817802038704,True
16558,2,0.6145069927248565,0.6,1.0,0,1,0.8788363302154147,True
16559,2,0.6819871286757677,0.5555555555555556,1.0035714285714286,1,1,0.8892378699615724,True
16560,2,0.7106846920281046,0.5714285714285714,1.0,0,1,0.9081505822977591,True
16561,3,0.3508001702098365,0.16666666666666666,1.0,0,1,0.5852635650105649,False
16562,3,0.6809508728271354,0.5454545454545454,1.0,1,1,0.8845850061034044,True
16563,2,0.7866811637503373,0.7777777777777778,1.0,1,1,0.9942919273215731,True
16564,4,0.37641326934532543,0.42857142857142855,1.0,0,1,0.705367591624187,False
16565,2,0.9162004673158507,1.0,1.0,1,1,1.0,True
16566,3,0.8741671267777701,1.0,1.0,1,1,1.0,True
16567,2,0.5207929104922147,0.42857142857142855,1.0,0,1,0.7672445806871395,True
16568,2,0.5880776471221989,0.5,1.0,0,1,0.8258428011476091,True
16569,2,0.7081600780062663,0.5714285714285714,1.0416666666666667,0,1,0.9070686048598284,True
16570,2,0.8970400046790507,0.8571428571428571,1.0,0,1,1.0,True
16571,2,0.4899877166195272,0.3333333333333333,1.0,0,1,0.7143598150591625,True
16572,2,0.4299769759997882,0.16666666666666666,1.0,0,1,0.6191964817776869,False
16573,4,0.461267370553209,0.25,1.0,0,1,0.6673288730942324,True
16574,3,0.24593377238097025,0.3333333333333333,1.0666666666666667,0,1,0.6097652675283523,False
16575,2,1.0000000000000002,1.0,1.0,1,1,1.0,True
16576,3,0.5351144447493016,0.5,1.130952380952381,0,1,0.7231442858449387,True
16577,3,0.4042407015312914,0.4,1.0714285714285714,0,1,0.7053888720848391,True
16578,2,0.8861645771454163,0.8571428571428571,1.0,1,1,1.0,True
16579,3,0.3154636627664446,0.3333333333333333,1.0714285714285714,0,1,0.6395637919792699,False
16580,2,0.6290712445263301,0.5,1.0833333333333333,0,1,0.8434114857493795,True
16581,2,0.43178616160600153,0.25,1.0294117647058822,0,1,0.654694069259715,True
16582,2,0.8177414268122589,0.5,1.0,0,1,0.9166666666666667,True
16583,2,0.5843588597771283,0.4444444444444444,1.0,0,1,0.8011008869944307,True
16584,2,1.000000000000001,1.0,1.0,1,2,0.9500000000000001,False
16585,2,0.835824352382982,1.0,1.0,0,1,1.0,True
16586,3,0.5687603320091321,0.3333333333333333,1.1666666666666667,0,1,0.6681195073689932,True
16587,2,0.7394740738979966,0.8,1.0714285714285714,0,1,0.9740603173848557,True
16588,2,0.588963569668017,0.6,1.0256410256410255,1,1,0.8678891489053406,True
16589,2,0.7465206389817489,0.5,1.1,0,1,0.8937469405159877,True
16590,4,0.4754999032871221,0.3333333333333333,1.0454545454545454,0,1,0.7081507522024174,True
16591,3,0.6674137717720326,0.6,1.0,0,1,0.9015106640927759,True
16592,2,0.7697873736280975,0.6666666666666666,1.0,0,1,0.9731628426660099,True
16593,4,0.6877577540284129,0.5,1.2142857142857142,0,1,0.708562846964558,False
16594,3,0.4956763178816765,0.3333333333333333,1.0172043010752687,0,1,0.7167977870286549,True
16595,3,0.6339565256800116,0.5,1.0004719207173194,1,2,0.7955051776723859,False
16596,3,0.5880853437902813,0.4444444444444444,1.0172043010752687,0,1,0.8026979515714963,True
16597,3,0.8482307451294531,0.875,1.0172043010752687,0,1,1.0,True
16598,3,0.373544632434667,0.42857142857142855,1.0211640211640212,0,1,0.7041381758053334,False
16599,2,0.6830212496285283,0.75,1.0,0,1,0.9498662498407979,True
16600,2,0.9451009785720954,1.0,1.0227272727272727,1,1,1.0,True
16601,3,0.7427359263452985,0.5,1.0,0,1,0.8921249208146518,True
16602,2,0.2937221046091899,0.5,1.0075566750629723,0,1,0.6996904257848909,False
16603,2,0.9288023221166424,1.0,1.0,1,1,1.0,True
16604,2,0.9526018028083032,1.0,1.0,1,1,1.0,True
16605,2,0.9517538320566775,1.0,1.0,1,1,1.0,True
16606,4,0.12335920065115843,0.125,1.0,0,1,0.47042775266002024,False
16607,3,0.8338047880603844,1.0,1.0,1,1,1.0,True
16608,4,0.4185694987624868,0.3333333333333333,1.04,1,1,0.6837520074061451,True
16609,4,0.6673108663435852,0.25,1.0,2,1,0.6506332284329651,False
16610,2,0.9761602976521531,1.0,1.0,0,1,1.0,True
16611,4,0.8478782914388282,1.0,1.0,1,1,1.0,True
16612,3,0.5811189711584943,0.5454545454545454,1.0,1,2,0.7917999053882726,False
16613,2,1.0000000000000002,1.0,1.0,1,1,1.0,True
16614,3,0.21387479546024413,0.25,1.014799154334038,0,1,0.561303483768676,False
16615,3,0.29872001374064205,0.25,1.014799154334038,0,1,0.5976657201745609,False
16616,2,0.8866223748456369,0.625,1.0,1,1,0.96875,True
16617,3,0.8032692846477976,0.8,1.0714285714285714,0,1,1.0,True
16618,3,0.5860040826252703,0.42857142857142855,1.0185185185185186,1,1,0.7951922258870205,True
16619,2,0.6302063190306768,0.5,1.0,0,1,0.8438979462512425,True
16620,3,0.6741151585837112,0.375,1.0185185185185186,1,1,0.8106326870120668,True
16621,3,0.6611565281312718,0.5,1.0185185185185186,1,1,0.857162321580069,True
16622,3,0.8604348277185907,0.5,1.0,1,1,0.9166666666666667,True
16623,3,0.38490639489826917,0.3333333333333333,1.0,0,1,0.669324962892909,False
16624,4,0.3217235240760287,0.3333333333333333,1.1111111111111112,0,1,0.5622465896833774,False
16625,3,0.46420316111425136,0.5,1.1,0,1,0.7727537357156316,True
16626,2,0.5327858099531523,0.6,1.0869565217391304,0,1,0.8438129661703986,True
16627,3,0.559689663429455,0.3333333333333333,1.1111111111111112,0,1,0.6642320779777029,True
16628,2,0.5258621443664556,0.5,1.0,0,1,0.7991790142522905,True
16629,2,0.8545103461785446,0.5,1.0,1,1,0.9166666666666667,True
16630,2,0.7015126840908542,0.5,1.0,0,1,0.8744578169913185,True
16631,2,0.9567970899025457,0.8,1.0,1,1,1.0,True
16632,3,0.43675024228829634,0.4,1.1428571428571428,0,1,0.6393215324092698,True
16633,4,0.24394049915843605,0.2,1.0,0,1,0.5533554520202821,False
16634,3,0.45441172517723294,0.42857142857142855,1.0526315789473684,0,1,0.7387955012664331,True
16635,2,0.8495572750922632,0.8333333333333334,1.0,1,1,1.0,True
16636,4,0.3862662433554319,0.2857142857142857,1.1111111111111112,0,1,0.570066485247566,False
16637,2,0.5600426274031038,0.42857142857142855,1.0,0,1,0.7840658879346636,True
16638,3,0.29732712526245886,0.2857142857142857,1.1111111111111112,0,1,0.5319497203505775,False
16639,3,0.5450302886510967,0.25,1.0,1,1,0.7032272665647558,True
16640,2,0.5014581864094627,0.3333333333333333,1.0,0,1,0.7192757306834205,True
16641,2,0.7515729298845215,0.4,1.0,0,1,0.8542455413790808,True
16642,3,0.40171602598822564,0.3333333333333333,1.0,0,1,0.6765290905028903,True
16643,2,0.8921233205021117,0.8571428571428571,1.0,1,1,1.0,True
16644,4,0.5356796081433983,0.42857142857142855,1.0,0,1,0.7736245939662183,True
16645,2,0.9999999999999993,1.0,1.0,1,2,0.9500000000000001,False
16646,3,0.540590783658222,1.0,1.0045866666666665,1,2,0.8388246215678096,False
16647,4,0.8108512971613715,0.6666666666666666,1.0,1,3,0.9361111111111112,False
16648,2,1.0000000000000004,1.0,1.0,1,1,1.0,True
16649,2,0.7825701891659239,0.6,1.0,0,1,0.9508634144044437,True
16650,2,0.39344358220438486,0.4,1.1029411764705883,0,1,0.6207615352304506,False
16651,2,0.9029596113908132,0.6666666666666666,1.0,1,1,0.9861111111111112,True
16652,2,0.9226907780788465,0.6666666666666666,1.0,1,1,0.9861111111111112,True
16653,2,0.9625446603283098,1.0,1.0,0,1,1.0,True
16654,2,0.4237879582192689,0.3333333333333333,1.0588235294117647,0,1,0.6859884900304803,True
16655,3,0.6465033374386501,0.6666666666666666,1.0666666666666667,0,1,0.9203268271562468,True
16656,3,0.8988152089740401,1.0,1.0172043010752687,0,1,1.0,True
16657,2,0.9366096397179631,1.0,1.0,1,1,1.0,True
16658,2,0.9591352437326667,0.8571428571428571,1.0,1,1,1.0,True
16659,2,0.4363522699504964,0.42857142857142855,1.0,0,1,0.7310557347406889,True
16660,3,0.543914546666538,0.45454545454545453,1.0,1,2,0.7379763641557892,False
16661,3,0.876531287947612,0.625,1.0,1,3,0.9187500000000001,False
16662,2,0.6722375529526468,0.8333333333333334,1.0,1,2,0.8952446655511345,False
16663,2,0.7303097425581564,0.5714285714285714,1.0,1,2,0.8665613182392099,False
16664,4,0.5203696786766658,0.375,1.0101010101010102,1,2,0.6947417670519045,False
16665,3,0.4179846869697918,0.3,1.0425531914893618,1,2,0.6196124848918155,False
16666,2,0.8167669234571606,0.7142857142857143,1.0256410256410255,1,2,0.9500000000000001,False
16667,2,0.596556655808575,0.5,1.0421052631578946,1,2,0.7794766620131989,False
16668,2,0.4289518103628517,0.2857142857142857,1.1333333333333333,0,1,0.5883602996793174,True
16669,2,0.9999999999999999,1.0,1.0,1,1,1.0,True
16670,3,0.9422217412716009,1.0,1.0,1,1,1.0,True
16671,4,0.6701466295876919,0.5714285714285714,1.0227272727272727,1,1,0.8907771269661537,True
16672,2,0.9062381415934745,0.7777777777777778,1.0,1,1,1.0,True
16673,3,0.2843776953505434,0.3333333333333333,1.0714876033057852,0,1,0.6262412345153122,False
16674,3,0.8198705083436059,0.5555555555555556,1.0,1,1,0.9398148148148149,True
16675,2,0.8986951744376727,1.0,1.0256410256410255,1,1,1.0,True
16676,3,0.2815839656012658,0.4,1.004626060138782,0,1,0.6528216995433996,False
16677,4,0.851455736493717,0.75,1.0037037037037038,1,2,0.9500000000000001,False
16678,3,0.7853083851742665,0.6666666666666666,1.0135135135135136,1,2,0.9298147047572255,False
16679,2,0.624997490053277,0.42857142857142855,1.0,1,1,0.8119036862133091,True
16680,3,0.6128710630281752,0.5,1.0309278350515463,1,1,0.836468550821599,True
16681,2,0.7328438023628969,0.7777777777777778,1.0,1,2,0.9212187724412416,False
16682,3,0.9750133902675886,1.0,1.0,1,2,0.9500000000000001,False
16683,2,0.8419988673318012,0.7777777777777778,1.0,1,1,1.0,True
16684,3,0.45472278525034315,0.23076923076923078,1.02,2,1,0.5515112303087552,False
16685,2,0.9481437681784003,1.0,1.0,1,1,1.0,True
16686,3,0.8885929671077812,1.0,1.0,1,1,1.0,True
16687,3,0.5705596631319689,0.4444444444444444,1.0,1,1,0.7951869455750766,True
16688,3,0.25525863653923536,0.16666666666666666,1.035,1,1,0.5443171934374501,False
16689,3,0.5580512684735299,0.5714285714285714,1.0,1,1,0.8427362579172271,True
16690,2,0.7490804067066144,0.6,1.05,1,1,0.936510650493311,True
16691,3,0.7609300234430427,0.625,1.0,1,1,0.9520057243327327,True
16692,2,0.7714040957158271,0.5714285714285714,1.0,0,1,0.9341731838782117,True
16693,3,0.3563648605245169,0.42857142857142855,1.0,0,1,0.6967754164152691,False
16694,3,0.36289894807411854,0.23076923076923078,1.0909090909090908,0,1,0.6171581572332303,False
16695,2,0.5924038518179101,0.625,1.09375,0,1,0.8797802222076758,True
16696,2,0.7480638749844029,0.8,1.0,0,1,0.9777416607076013,True
16697,3,0.4632047466193559,0.42857142857142855,1.18,0,1,0.662563939027343,True
16698,3,0.9357213284600133,0.7777777777777778,1.0,1,1,1.0,True
16699,4,0.7228404580381165,0.5,1.0,1,1,0.8835982915401452,True
16700,4,0.27947484488547514,0.1111111111111111,1.0,1,1,0.5315474202948333,False
16701,2,0.9567225882652227,1.0,1.0303030303030303,1,1,1.0,True
16702,2,0.9999999999999993,1.0,1.0,1,2,0.9500000000000001,False
16703,2,0.7546073323175957,0.5,1.0,1,1,0.8972126662313507,True
16704,2,0.8853543666843117,1.0,1.0,1,1,1.0,True
16705,3,0.8368625169408805,0.6666666666666666,1.0,2,2,0.8311111111111112,False
16706,2,0.7197116095865632,0.625,1.0,0,1,0.9343406898228128,True
16707,2,0.8791187896268485,1.0,1.0,1,2,0.9500000000000001,False
16708,2,0.8459769755708613,1.0,1.0,1,2,0.9500000000000001,False
16709,2,0.9999999999999997,1.0,1.0285714285714285,1,1,1.0,True
16710,2,0.9999999999999998,1.0,1.0,1,1,1.0,True
16711,2,0.8898172824329817,1.0,1.0,1,1,1.0,True
16712,2,0.9564499269378669,1.0,1.0,1,2,0.9500000000000001,False
16713,2,0.7706640053167836,1.0,1.0594594594594595,1,1,0.9874274308500501,True
16714,2,0.6149434015814992,0.6,1.0,0,1,0.8790233625825473,True
16715,2,0.9085881912571094,1.0,1.0,0,1,1.0,True
16716,3,0.7927093203717324,0.6666666666666666,1.0000757575757575,1,2,0.9329865341275679,False
16717,3,0.8970803795616592,0.8571428571428571,1.0023255813953489,1,1,1.0,True
16718,3,0.4868640537620288,0.5,1.0833333333333333,0,1,0.7824655468503934,True
16719,2,0.7703523346240186,0.6666666666666666,1.0232558139534884,1,2,0.9234049688071192,False
16720,3,0.8073229981443537,0.75,1.0,1,1,1.0,True
16721,3,0.49473416371063567,0.4,1.0389610389610389,1,2,0.6941717844474153,False
16722,3,0.9397248582274405,1.0,1.0,1,1,1.0,True
16723,2,0.9176967742466648,0.8888888888888888,1.0,1,1,1.0,True
16724,3,0.7091317301382646,0.5,1.0,1,1,0.8777231224402087,True
16725,3,0.8353352289194601,1.0,1.0021097046413503,1,1,1.0,True
16726,2,0.8837352858955466,0.7142857142857143,1.0,1,1,1.0,True
16727,2,1.0000000000000004,1.0,1.0,0,1,1.0,True
16728,2,0.7217803377741294,0.4444444444444444,1.0,1,1,0.8599958061360027,True
16729,2,0.9542013138856659,0.75,1.0,1,1,1.0,True
16730,2,0.5201359519772831,0.5,1.0172043010752687,0,1,0.796724931799788,True
16731,2,1.0,1.0,1.0,1,1,1.0,True
16732,3,0.7093192023708526,0.3333333333333333,1.0499999999999998,0,1,0.8083590232383019,True
16733,3,0.662899694258943,0.3333333333333333,1.1046153846153846,1,2,0.6584649483331978,False
16734,2,0.7466978846043957,0.5,1.0,2,1,0.7888229029256935,False
16735,2,0.8755629732668728,0.6,1.0,1,2,0.9083333333333333,False
16736,2,0.665178849946016,0.42857142857142855,1.0212765957446808,1,2,0.7791242690244832,False
16737,2,0.8779586761520821,0.8181818181818182,1.0153846153846153,1,1,1.0,True
16738,3,0.5357145541820127,0.42857142857142855,1.0875,1,1,0.7736395708399102,True
16739,3,0.7959161523200814,1.0,1.0,1,1,0.9982497795657492,True
16740,3,0.7719738901944819,0.75,1.0,1,2,0.9379888100833494,False
16741,3,0.29297705475367464,0.14285714285714285,1.125,0,1,0.47056159489443194,False
16742,2,0.8776684795267136,0.7142857142857143,1.0,1,2,0.9500000000000001,False
16743,2,0.8735377402427346,0.625,1.0,1,2,0.9187500000000001,False
16744,2,0.8311580559470777,1.0,1.0,1,1,1.0,True
16745,3,0.25672410254595723,0.14285714285714285,1.037037037037037,0,1,0.5350246153768388,False
16746,3,0.3453842167664218,0.3,1.02,1,1,0.6384979976617998,False
16747,3,0.5430419182319004,0.6666666666666666,1.0094637223974763,1,2,0.8259862189247827,False
16748,2,0.625536894838711,0.6,1.0,1,2,0.8335634311213523,False
16749,2,0.8129868000922479,0.8333333333333334,1.0,1,1,1.0,True
16750,4,0.8076355974583562,0.5714285714285714,1.0240963855421688,1,1,0.9464285714285714,True
16751,4,0.4448031175373714,0.4,1.0416666666666667,1,1,0.7227727646588734,True
16752,3,0.6504464100281001,0.5714285714285714,1.0947916666666666,1,1,0.8823341757263286,True
16753,4,0.8094209886559889,0.5555555555555556,1.0240963855421688,1,2,0.889814814814815,False
16754,3,0.5282629417027714,0.4,1.0,1,1,0.7585412607297592,True
16755,2,0.7992753040186423,0.8333333333333334,1.0303030303030303,1,1,0.9996894160079897,True
16756,3,0.9012738430518383,1.0,1.0,1,1,1.0,True
16757,2,0.6415772150915552,0.5714285714285714,1.0,0,1,0.8785330921820951,True
16758,4,0.1444551603562035,0.14285714285714285,1.0909090909090908,0,1,0.4869093544383729,False
16759,2,0.6168415602564871,0.5,1.0240963855421688,1,2,0.7881701924908756,False
16760,3,0.47021983263962663,0.5714285714285714,1.1363636363636365,0,1,0.7250942139884115,True
16761,3,0.8556676057694306,0.8333333333333334,1.0277833333333333,1,1,1.0,True
16762,2,0.9163851547705599,1.0,1.0416666666666667,0,1,1.0,True
16763,2,0.8345059795213048,0.8571428571428571,1.0416666666666667,0,1,1.0,True
16764,3,0.2825592676610582,0.2857142857142857,1.0,0,1,0.6056206385214059,False
16765,3,0.8208427765667046,0.7,1.0499790004199916,1,1,1.0,True
16766,3,0.8002922837497588,0.8181818181818182,1.0,1,1,1.0,True
16767,3,0.8532821742170308,0.8181818181818182,1.0,1,1,1.0,True
16768,4,0.7771909382578077,0.6,1.0499790004199916,1,1,0.9485580211581082,True
16769,3,0.8468508524346043,0.6666666666666666,1.0,1,2,0.9361111111111112,False
16770,4,0.8067205966334394,0.6363636363636364,1.0499790004199916,1,2,0.9234848484848485,False
16771,4,0.8090479515008194,0.6363636363636364,1.0499790004199916,1,2,0.9234848484848485,False
16772,3,0.9661929922218776,1.0,1.0,1,1,1.0,True
16773,3,0.9658625145275531,1.0,1.0,1,1,1.0,True
16774,3,0.7793697494988429,0.8333333333333334,1.0,1,1,0.9911584640709326,True
16775,2,0.7713597771304549,1.0,1.0,2,1,0.8827256187701951,False
16776,3,0.39846902992782707,0.5,1.1071132023249377,2,1,0.559581965207164,False
16777,3,0.9767502849428229,1.0,1.0,1,1,1.0,True
16778,2,1.0,1.0,1.0,1,1,1.0,True
16779,2,0.6170578334578575,0.6,1.0,0,1,0.8799295476724152,True
16780,3,0.7362464763340468,0.75,1.0,1,2,0.9226770612860201,False
16781,2,1.0000000000000002,1.0,1.0,1,1,1.0,True
16782,2,1.0000000000000002,1.0,1.0,1,1,1.0,True
16783,3,0.6731659439031473,0.8333333333333334,1.0146212121212121,1,1,0.9456425473870631,True
16784,2,0.77528546606276,1.0,1.0179924242424243,1,1,0.98940805688404,True
16785,2,0.8384508353505228,1.0,1.0,1,1,1.0,True
16786,2,1.0000000000000004,1.0,1.0,1,1,1.0,True
16787,3,0.7277333858095079,0.8333333333333334,1.0061363636363636,2,1,0.8640285939183605,False
16788,4,0.8027995473679285,0.7142857142857143,1.0417,1,2,0.9500000000000001,False
16789,2,0.7843523482607235,0.5714285714285714,1.0417,1,1,0.9397224349688815,True
16790,2,0.30959660418555823,0.6666666666666666,1.1428571428571428,0,1,0.695938227190636,False
16791,3,0.7222609559426422,0.75,1.125,0,1,0.8866832668325609,True
16792,2,0.7266364630371076,0.6666666666666666,1.1,0,1,0.9546695952698716,True
16793,2,0.9044912607949629,0.7142857142857143,1.0,1,2,0.9500000000000001,False
16794,2,0.8444020730196407,0.7142857142857143,1.0,1,1,1.0,True
16795,2,0.932896321910403,1.0,1.0,1,1,1.0,True
16796,3,0.5576582826393199,0.375,1.0,1,1,0.7607225973216134,True
16797,3,0.736066902981384,0.625,1.0,1,1,0.9413501012777361,True
16798,4,0.5708718390076416,0.3333333333333333,1.0,1,1,0.7490244389397829,True
16799,2,0.7948758077043939,1.0,1.0,1,1,0.9978039175875975,True
16800,2,0.5932044344837052,0.4,1.0,0,1,0.7863733290644452,True
16801,3,0.9013587752699855,1.0,1.0,1,1,1.0,True
16802,4,0.7757313817209047,0.75,1.0,1,1,0.9895991635946735,True
16803,3,0.8704739611942751,0.7142857142857143,1.0,1,1,1.0,True
16804,3,0.8920909704779031,0.75,1.0,1,1,1.0,True
16805,3,0.3201100266898729,0.14285714285714285,1.125,0,1,0.4821900114385169,False
16806,3,0.7512098599519361,0.6,1.0,0,1,0.9374232733127346,True
16807,3,0.9140710714143453,0.8,1.0,0,1,1.0,True
16808,2,0.7404201155567978,0.6666666666666666,1.0666666666666667,0,1,0.9605768749211674,True
16809,3,0.8668433973528819,0.8,1.0,1,2,0.9500000000000001,False
16810,3,0.6844307469391364,0.3333333333333333,1.0,0,1,0.797692542338995,True
16811,2,0.6110437186189809,0.4444444444444444,1.0588235294117647,1,1,0.8125372550695104,True
16812,3,0.40362250065247907,0.4,1.1764705882352942,0,1,0.6251239288510625,True
16813,3,0.5391333260478588,0.3333333333333333,1.0,0,1,0.7354222190998759,True
16814,4,0.8064771970971163,0.6666666666666666,1.0,1,1,0.9861111111111112,True
16815,3,0.7908373401579353,0.6666666666666666,1.0,1,1,0.9821842568930834,True
16816,2,0.8927664340307656,0.8571428571428571,1.0,1,1,1.0,True
16817,2,0.23226354356240883,0.6666666666666666,1.037037037037037,0,1,0.742795486923572,False
16818,3,0.9105265471454871,1.0,1.0,1,1,1.0,True
16819,2,0.8203428708047187,0.6666666666666666,1.0,1,1,0.9861111111111112,True
16820,2,0.8969138713147322,0.6666666666666666,1.0,1,1,0.9861111111111112,True
16821,2,0.8690378040488335,0.75,1.0,0,1,1.0,True
16822,3,0.6604349964904381,0.42857142857142855,1.010095238095238,2,2,0.6720911889720926,False
16823,3,0.4895019539119297,0.25,1.0869565217391304,2,2,0.5244294088193984,False
16824,4,0.786833933362008,0.625,1.0,1,2,0.9131074000122893,False
16825,3,0.5726958148234157,0.75,1.0,1,1,0.9025839206386068,True
16826,2,0.8501492275668897,0.8,1.0,0,1,1.0,True
16827,4,0.5816729206946571,0.42857142857142855,1.0,1,2,0.7433360136310436,False
16828,4,0.7935617892480921,0.8,1.0,1,1,0.9972407668206109,True
16829,2,0.6107173381859548,0.42857142857142855,1.0,1,1,0.8057836211273139,True
16830,3,0.9453988489062963,1.0,1.0,1,2,0.9500000000000001,False
16831,4,0.5065799641025863,0.8,1.1111111111111112,2,1,0.6892485560439656,False
16832,3,0.40520590736757434,0.4,1.0,0,1,0.7058025317289605,True
16833,3,0.7377049705089342,0.6,1.0,1,1,0.9316354635514481,True
16834,2,0.7453437338618324,0.6666666666666666,1.0,1,1,0.9626869970518965,True
16835,2,0.8684912336005818,0.5,1.0,0,1,0.9166666666666667,True
16836,2,1.0000000000000004,1.0,1.0,1,1,1.0,True
16837,3,0.44952482107432956,0.16666666666666666,1.1111111111111112,0,1,0.5475741296667761,False
16838,2,0.9197963704780137,1.0,1.0344827586206897,0,1,1.0,True
16839,2,0.9999999999999994,1.0,1.0,1,2,0.9500000000000001,False
16840,4,0.8860704030735369,0.75,1.0,1,2,0.9500000000000001,False
16841,3,0.5662863456869625,0.42857142857142855,1.0344827586206897,1,1,0.7867417671991743,True
16842,4,0.6771989434762997,0.6,1.0,1,2,0.8557043091088904,False
16843,3,0.9375312924246679,1.0,1.0,1,1,1.0,True
16844,2,1.0,1.0,1.0,0,1,1.0,True
16845,2,0.586882587841814,0.375,1.0,1,2,0.7232472995512537,False
16846,4,0.5546742855221657,0.375,1.0,1,2,0.7094437414142616,False
16847,4,0.6829810044238084,0.5,1.0,1,2,0.8165156685625846,False
16848,4,0.5764517382499226,0.3,1.0,1,2,0.6875269354404431,False
16849,3,0.41621022051412404,0.5,1.0026190476190477,0,1,0.7521853326012913,True
16850,3,0.5991465022751926,0.25,1.0,1,1,0.7264199295465111,True
16851,4,0.5970977189789457,0.5,1.0,1,1,0.8297085462290721,True
16852,4,0.9108182567648996,0.8333333333333334,1.0,1,1,1.0,True
16853,2,0.907176046886469,0.8571428571428571,1.0,0,1,1.0,True
16854,3,0.5440325522416205,0.42857142857142855,1.0,1,2,0.7272044271511707,False
16855,2,0.9999999999999998,1.0,1.0,1,1,1.0,True
16856,3,0.9630688211416998,1.0,1.0,1,1,1.0,True
16857,4,0.6661261637401714,0.625,1.0,1,1,0.9113754987457878,True
16858,2,0.8677095547805617,0.5714285714285714,1.0,1,1,0.9464285714285714,True
16859,2,1.000000000000001,1.0,1.0,1,2,0.9500000000000001,False
16860,4,0.7872275453480443,0.5,1.0,1,2,0.8611927575301143,False
16861,4,0.8096216208092872,0.5,1.0,1,3,0.8666666666666668,False
16862,4,0.6159810970653639,0.3,1.0,1,2,0.7044680892184894,False
16863,4,0.8462390457862397,0.5714285714285714,1.0,1,2,0.8964285714285715,False
16864,4,0.542752486802216,0.8333333333333334,1.0,2,1,0.7847510657723784,False
16865,4,0.5251960325798931,0.625,1.0,1,1,0.8509768711056684,True
16866,4,0.7301974629330252,0.6666666666666666,1.0,1,2,0.9061957380824076,False
16867,3,0.644175247740114,0.6666666666666666,1.0434782608695652,0,1,0.9193290744283029,True
16868,4,0.248993473994478,0.2,1.0365853658536586,0,1,0.5555210126643001,False
16869,2,0.6240994617496782,0.3333333333333333,1.0,1,2,0.7218362772577988,False
16870,3,0.42091980456391254,0.4,1.0,0,1,0.7125370590988197,True
16871,2,0.8050773179474591,0.75,1.0,0,1,1.0,True
16872,2,0.7593827715566216,1.0,1.0119166666666666,2,1,0.8775926163814092,False
16873,2,0.6763413802685793,0.8,1.0,0,1,0.947003448686534,True
16874,3,0.8494169797371738,1.0,1.0,1,1,1.0,True
16875,2,0.776129075641392,0.75,1.0,1,1,0.9897696038463109,True
16876,2,0.7557837173525896,0.6666666666666666,1.0,1,1,0.9671612756907924,True
16877,3,0.6750052830274501,0.42857142857142855,1.0,1,1,0.8333355974879548,True
16878,4,0.5767238805467758,0.4,1.0,2,1,0.6743102345200469,False
16879,3,0.6142370295046353,0.5,1.0119047619047619,1,1,0.8370539650257962,True
16880,3,0.658858059667484,0.7142857142857143,1.0119047619047619,1,1,0.9395105970003503,True
16881,3,0.6148149260466796,1.0,1.0114084507042254,1,1,0.9206349683057199,True
16882,3,0.5609231831654398,0.5714285714285714,1.0570824524312896,1,1,0.8439670784994742,True
16883,3,0.6822736879385953,0.6666666666666666,1.0,1,1,0.9356569773705091,True
16884,4,0.6792361939058198,0.6666666666666666,1.0,1,1,0.9343551942136052,True
16885,3,0.5873606457589388,0.2857142857142857,1.0,1,1,0.7362498005633547,True
16886,3,0.8111882462318973,0.6666666666666666,1.0,1,1,0.9861111111111112,True
16887,4,0.7819754808764146,0.7142857142857143,1.0,1,1,0.9922752060898918,True
16888,4,0.9423067843045341,1.0,1.0,1,1,1.0,True
16889,4,0.6792689522266268,0.375,1.0,1,1,0.8128414557161734,True
16890,2,0.5907078526595316,0.75,1.0,1,1,0.9103033654255136,True
16891,3,0.6034385498198849,0.6666666666666666,1.0,1,1,0.9018704896053475,True
16892,3,0.473025995842609,0.4,1.019108280254777,1,1,0.7348682839325467,True
16893,3,0.3576467103380634,0.5,1.0,0,1,0.7270866853829796,False
16894,2,0.6274986077174303,0.375,1.0,2,2,0.6356541652122322,False
16895,2,0.7418046401400686,0.75,1.0,1,1,0.9750591314886008,True
16896,2,0.9517959145633795,1.0,1.0,1,2,0.9500000000000001,False
16897,3,0.9307740742784156,1.0,1.0526315789473684,1,1,1.0,True
16898,2,0.8576059985979347,0.8,1.0,0,1,1.0,True
16899,4,0.5253640706682841,0.4,1.0472972972972974,1,2,0.7072988874292646,False
16900,3,0.5351360154843637,0.4,1.0,1,1,0.7614868637790131,True
16901,3,0.8083463039405605,0.6666666666666666,1.0,1,1,0.9861111111111112,True
16902,2,0.8217552902866941,0.6666666666666666,1.0080645161290323,1,1,0.9861111111111112,True
16903,2,0.8185467545602475,0.875,1.0080645161290323,1,1,1.0,True
16904,2,0.9007882998725836,0.6666666666666666,1.0,1,1,0.9861111111111112,True
16905,3,0.7255536727523735,0.5555555555555556,1.0303030303030303,1,1,0.9079092459944036,True
16906,2,0.8368444830544257,0.6666666666666666,1.0,0,1,0.9861111111111112,True
16907,2,0.713980618697086,0.75,1.125,0,1,0.8831345508701797,True
16908,2,0.8719267865459662,0.6666666666666666,1.0,0,1,0.9861111111111112,True
16909,3,0.7960060169498119,0.6666666666666666,1.0,0,1,0.984399404089602,True
16910,3,0.7794227699286055,0.6666666666666666,1.0,0,1,0.9772922982233707,True
16911,4,0.7847207950903778,0.5,1.0,1,1,0.9101184359911143,True
16912,3,0.7367107430083364,0.6666666666666666,1.0,1,1,0.9589871438289697,True
16913,3,0.6738200071641658,0.6666666666666666,1.0,1,1,0.9320339713243251,True
16914,2,0.664017819669527,0.6,1.0,0,1,0.9000552560488448,True
16915,4,0.4429620552398063,0.2,1.0,0,1,0.6386504046265836,False
16916,2,0.506194644908958,0.25,1.0,1,1,0.6865834192466963,True
16917,2,0.8509724279971936,0.8333333333333334,1.0,1,2,0.9500000000000001,False
16918,2,0.7699738467305929,0.7,1.0,1,1,0.9871316485988255,True
16919,4,0.7820709542387322,0.5714285714285714,1.0,2,1,0.8337446946737423,False
16920,3,0.6090712217936164,0.42857142857142855,1.0,1,2,0.7550781426734546,False
16921,2,1.0000000000000002,1.0,1.0,1,1,1.0,True
16922,2,0.9734490309115216,1.0,1.0,1,2,0.9500000000000001,False
16923,2,0.757895925061704,0.8333333333333334,1.0,1,1,0.9819553964550161,True
16924,3,0.5308473830294836,0.5714285714285714,1.0,2,1,0.7260774498697788,False
16925,2,0.928162433876124,1.0,1.0,1,2,0.9500000000000001,False
16926,3,0.5773147689213005,0.5714285714285714,1.0666666666666667,0,1,0.8509920438234145,True
16927,2,0.9500314532432569,1.0,1.0,1,1,1.0,True
16928,2,0.9634051959988299,1.0,1.0,1,1,1.0,True
16929,4,0.8104520410058373,0.6,1.0,1,2,0.9083333333333333,False
16930,2,0.8383432025270987,1.0,1.0,1,1,1.0,True
16931,2,0.8854216580198858,1.0,1.0294117647058822,1,1,1.0,True
16932,2,0.6790609470033758,0.375,1.0526315789473684,1,2,0.7627523106204944,False
16933,4,0.15670582672903038,0.2,1.1333333333333333,0,1,0.43596916383625106,False
16934,2,0.8464000401901659,0.875,1.0,0,1,1.0,True
16935,2,0.9751804547094315,0.875,1.0,1,1,1.0,True
16936,3,0.5401568367251063,0.42857142857142855,1.1764705882352942,0,1,0.6955434062155217,True
16937,3,0.5663609405703857,0.2857142857142857,1.0240963855421688,1,1,0.7272499269111177,True
16938,3,0.5676903179856186,0.42857142857142855,1.0526315789473684,1,1,0.7873434696128843,True
16939,3,0.8322105299859271,1.0,1.0,1,1,1.0,True
16940,3,0.7463684772291849,0.5,1.0007407407407407,2,1,0.7886817283363174,False
16941,2,0.8394027159891082,0.75,1.0,1,1,1.0,True
16942,3,0.7624076848906528,0.4,1.0119047619047619,2,1,0.7538890078102798,False
16943,3,0.5312004361589571,0.25,1.0119047619047619,2,1,0.5923001869252673,False
16944,2,0.6494282217376393,0.375,1.0119047619047619,2,2,0.6450525712208931,False
16945,4,0.5860186238234942,0.2857142857142857,1.0119047619047619,2,1,0.6306746483053071,False
16946,3,0.5779449082798713,0.4,1.0119047619047619,2,1,0.674833532119945,False
16947,4,0.6964019972133474,0.375,1.0119047619047619,2,1,0.7151841892819109,False
16948,3,0.608290629102359,0.42857142857142855,1.0,1,1,0.8047436029486301,True
16949,3,0.5547985244856993,0.5,1.096774193548387,1,2,0.7615803200176808,False
16950,2,0.8170347030619691,1.0,1.0,0,1,1.0,True
16951,3,0.7976754941070556,0.7,1.0,1,1,0.9990037831887382,True
16952,2,0.7082388255170878,0.5,1.0,1,1,0.877340449031133,True
16953,3,0.47797355752697945,0.3333333333333333,1.0638297872340425,1,1,0.7092108897337849,True
16954,3,0.7773059655091523,0.6666666666666666,1.0,1,1,0.9763850963293192,True
16955,4,0.26853595432587446,0.2222222222222222,1.0,0,1,0.573155620637015,False
16956,2,0.5717445583733879,0.6,1.03,0,1,0.860509572636214,True
16957,2,0.8832910899980612,0.5714285714285714,1.0,1,1,0.9464285714285714,True
16958,3,0.7243506239464157,0.6666666666666666,1.0,1,2,0.9036899499452894,False
16959,2,0.9511733044774363,1.0,1.0,1,2,0.9500000000000001,False
16960,4,0.9487085904568215,1.0,1.0,1,2,0.9500000000000001,False
16961,4,0.7521623860327649,0.5714285714285714,1.0,1,2,0.875926736871185,False
16962,3,0.8806982845528764,0.75,1.0,1,3,0.9500000000000001,False
16963,3,0.8953670427757219,0.8,1.0,1,1,1.0,True
16964,3,0.5688568051042558,0.2857142857142857,1.0,1,1,0.7283195831399192,True
16965,3,0.5373748869920674,0.5,1.1428571428571428,0,1,0.7241130468061241,True
16966,4,0.7751542417043389,0.6666666666666666,1.0,1,1,0.9754629289843992,True
16967,3,0.6100387826520147,0.4,1.0,0,1,0.7935880497080063,True
16968,2,0.9635162222805366,1.0,1.0,1,1,1.0,True
16969,2,0.6978103839097918,0.6666666666666666,1.1111111111111112,0,1,0.8623155613581648,True
16970,3,0.6136699912247947,0.5,1.0995744680851063,0,1,0.8368109486201502,True
16971,3,0.45980064642055163,0.4,1.0,0,1,0.7292002770373792,True
16972,2,0.6792763825777779,0.6,1.1333333333333333,0,1,0.826594640152381,True
16973,2,0.7516982238686044,1.0,1.0,0,1,0.9792992388008304,True
16974,2,0.6462681802728004,0.6666666666666666,1.1428571428571428,0,1,0.8402260455137398,True
16975,3,0.7713261198802122,1.0,1.173913043478261,0,1,0.9077111942343766,True
16976,2,1.0,1.0,1.0,1,1,1.0,True
16977,4,0.8187057483185146,0.6666666666666666,1.0188679245283019,1,2,0.9361111111111112,False
16978,2,0.8402872142766263,1.0,1.0,1,1,1.0,True
16979,4,0.4657008902160137,0.4,1.0,0,1,0.7317289529497202,True
16980,2,0.8297842971510394,0.6,1.0,2,1,0.8533333333333333,False
16981,3,0.7637476001709068,0.5714285714285714,1.0,1,1,0.9308918286446743,True
16982,2,0.7894698693145118,0.625,1.0,1,1,0.9642370868490766,True
16983,2,0.8376793452839997,0.5,1.0,0,1,0.9166666666666667,True
16984,2,0.9242096266217721,0.8333333333333334,1.0,0,1,1.0,True
16985,2,0.727680737785508,0.25,1.0144927536231885,1,1,0.7815060304795034,True
16986,3,0.6660440024370637,0.42857142857142855,1.0,1,1,0.8294950486635035,True
16987,2,0.8569406167686731,0.6,1.0,1,1,0.9583333333333333,True
16988,2,0.359255373980835,0.16666666666666666,1.0,0,1,0.5888872237695641,False
16989,2,0.6037701377306917,0.5714285714285714,1.0714285714285714,1,1,0.8623300590274393,True
16990,3,0.5536247721642881,0.4,1.0,0,1,0.7694106166418377,True
16991,3,0.17688550922783186,0.25,1.0,0,1,0.5454509325262137,False
16992,3,0.32300189037210714,0.14285714285714285,1.0416666666666667,0,1,0.5634293815880459,False
16993,3,0.9509585434673409,1.0,1.0,1,1,1.0,True
16994,2,0.8432971000884959,0.625,1.0,1,1,0.96875,True
16995,2,0.8532122271590419,0.75,1.0,0,1,1.0,True
16996,2,0.6358457077027305,0.6666666666666666,1.125,0,1,0.8357592715551385,True
16997,3,0.5413398233934575,0.42857142857142855,1.0,1,1,0.776050400501958,True
16998,4,0.5657264571966566,0.4444444444444444,1.0026954177897573,2,1,0.6881155716028,False
16999,4,0.40361739848389405,0.25,1.0140845070422535,1,2,0.5926217422073832,False
17000,3,0.9352008721329496,1.0,1.0061,0,1,1.0,True
17001,4,0.4524593320999775,0.25,1.0,0,1,0.6635539994714189,True
17002,2,0.6811404737856056,0.75,1.0,0,1,0.9490602030509738,True
17003,4,0.6176586234358599,0.5714285714285714,1.0,1,1,0.8682822671867971,True
17004,2,0.7120572788627744,0.75,1.0,1,1,0.9623102623697604,True
17005,2,0.877239615912129,0.8,1.0,0,1,1.0,True
17006,2,0.5650985671999679,0.5714285714285714,1.0,0,1,0.8457565287999862,True
17007,3,0.7680208621755263,0.8,1.0,1,1,0.9862946552180827,True
17008,2,0.9999999999999992,1.0,1.0,1,1,1.0,True
17009,2,0.8105945387391527,0.75,1.0,1,1,1.0,True
17010,4,0.47140125379491227,0.2857142857142857,1.0,1,1,0.6865529182930576,True
17011,2,0.863250494603366,0.7142857142857143,1.0,1,1,1.0,True
17012,4,0.9040726871290125,1.0,1.0,1,1,1.0,True
17013,4,0.3535282426552193,0.3333333333333333,1.1320754716981132,0,1,0.5758771833601734,False
17014,3,0.4437417746843316,0.3,1.0,1,1,0.6806512367694755,True
17015,2,0.8356729398877489,1.0,1.1,0,1,1.0,True
17016,3,0.6897136025799661,0.42857142857142855,1.0011778563015312,0,1,0.8396391630104616,True
17017,3,0.6936608440049025,0.5714285714285714,1.0,2,1,0.7958546474306725,False
17018,2,0.3719697574332608,0.16666666666666666,1.09375,0,1,0.5943362452491753,False
17019,2,0.9141241459553937,1.0,1.0,1,1,1.0,True
17020,2,0.5558235861626486,0.5555555555555556,1.0,1,1,0.8351677803130928,True
17021,2,0.8559841604509337,0.6,1.0,1,2,0.9083333333333333,False
17022,3,0.8134504523029239,1.0,1.0,1,1,1.0,True
17023,3,0.6324210911409863,0.375,1.0,1,1,0.7927638009651847,True
17024,4,0.5129542815271362,0.2857142857142857,1.0,2,1,0.5993613587497251,False
17025,2,1.0000000000000004,1.0,1.0,1,1,1.0,True
17026,2,1.0000000000000004,1.0,1.0,1,1,1.0,True
17027,2,0.5342232778503326,0.42857142857142855,1.0,0,1,0.7730004524120473,True
17028,3,0.7435668529576814,0.6666666666666666,1.0625,0,1,0.9619254766644032,True
17029,3,0.8808377771095032,1.0,1.0,1,1,1.0,True
17030,2,0.86603661130125,0.875,1.0172043010752687,0,1,1.0,True
17031,4,0.3269986813686326,0.25,1.0172043010752687,0,1,0.6097851491579854,False
17032,4,0.318792623025034,0.38461538461538464,1.0172043010752687,0,1,0.6623580106004725,False
17033,3,0.6917725481242103,0.3,1.0172043010752687,0,1,0.7869501396722807,True
17034,2,0.9172841500168664,0.75,1.0,1,2,0.9500000000000001,False
17035,4,0.8176934205468941,0.6666666666666666,1.0,0,1,0.9861111111111112,True
17036,4,0.4959675732110966,0.5,1.0,1,2,0.7363670551857081,False
17037,3,0.6424216378918828,0.5714285714285714,1.0034782608695654,1,1,0.8788949876679497,True
17038,2,1.0000000000000002,1.0,1.0,1,1,1.0,True
17039,4,0.41892786612335253,0.2222222222222222,1.113564668769716,1,2,0.5076092971216485,False
17040,2,0.7109563514541163,0.5,1.0035087719298246,1,1,0.8785051030041451,True
17041,4,0.8460181945023635,1.0,1.121212121212121,1,1,0.92,True
17042,2,0.7460984153473313,0.5,1.0526315789473684,0,1,0.8935659875298088,True
17043,2,0.9683220964776812,1.0,1.0,1,1,1.0,True
17044,2,0.39492483664599026,0.5,1.0435999999999999,0,1,0.7430630252292338,False
17045,3,0.6080303325331801,0.3333333333333333,1.0107142857142857,2,1,0.6599495075935851,False
17046,4,0.728750348086111,0.5714285714285714,1.0,1,2,0.8658930063226192,False
17047,2,0.7650086592996725,0.6,1.0,1,2,0.8933370444617644,False
17048,2,0.7765549638595167,0.4,1.0024137931034482,2,1,0.7599521273683645,False
17049,2,0.623778086151762,0.8333333333333334,1.0555555555555556,1,1,0.9244763226364694,True
17050,3,0.416684868864911,0.2727272727272727,1.1077283372365339,0,1,0.5776917836260874,True
17051,3,0.5912798038433101,0.7142857142857143,1.0,1,1,0.9105484873614187,True
17052,2,0.8503114376743907,0.8333333333333334,1.0,1,1,1.0,True
17053,2,0.6958123611557633,0.6666666666666666,1.0,1,1,0.9414592658921526,True
17054,3,0.5889575290178825,0.625,1.0227272727272727,1,1,0.8783032267219497,True
17055,2,0.6078293016934193,0.42857142857142855,1.0416666666666667,1,2,0.7545458912019417,False
17056,3,0.5916726268999445,0.5,1.0769230769230769,0,1,0.8273835067666429,True
17057,2,0.6522377945833827,0.6666666666666666,1.0,0,1,0.9227844516468466,True
17058,4,0.763588205698338,0.7142857142857143,1.0034782608695654,1,1,0.9843949452992877,True
17059,4,0.9239086100105641,1.0,1.0,1,1,1.0,True
17060,3,0.8966544310261318,1.0,1.0,1,1,1.0,True
17061,4,0.34475099770234924,0.2857142857142857,1.0,1,1,0.6322742371105307,False
17062,3,0.3889652546399926,0.2,1.1321739130434783,0,1,0.5355089186552349,False
17063,4,0.8687887711577222,1.0,1.0,1,1,1.0,True
17064,4,0.8231903082623224,1.0,1.0,1,1,1.0,True
17065,2,0.3882829504126508,0.3333333333333333,1.1111111111111112,0,1,0.5907720581133583,False
17066,2,0.6264659093524273,0.5714285714285714,1.1111111111111112,0,1,0.7920568182938974,True
17067,3,0.625322023242794,0.5,1.1428571428571428,0,1,0.7618046766278641,True
17068,3,0.6324451779778011,0.3333333333333333,1.0,1,2,0.7254130127841371,False
17069,3,0.34669915925948375,0.2857142857142857,1.0344827586206897,1,1,0.6331091634921597,False
17070,2,0.7470679183116449,0.6,1.0,0,1,0.9356481554668954,True
17071,3,0.7522804481489983,0.625,1.021505376344086,1,2,0.8982987634924279,False
17072,3,0.25159951490250815,0.2222222222222222,1.0242587601078168,1,1,0.5658971465984294,False
17073,2,0.8522025985397539,1.0,1.001818181818182,0,1,1.0,True
17074,3,0.7007381681856588,0.6,1.116949152542373,0,1,0.8357925482700442,True
17075,3,0.7118518747912755,0.2,1.0909090909090908,0,1,0.7538888987200705,False
17076,4,0.72260598991856,0.8571428571428571,1.0,1,2,0.9168311385365256,False
17077,4,0.5116230935519054,0.4444444444444444,1.0,1,1,0.7699284157550494,True
17078,2,0.9783538497796731,1.0,1.0,1,2,0.9500000000000001,False
17079,2,0.9104045648687383,0.8888888888888888,1.0,1,2,0.9500000000000001,False
17080,2,0.9225642960392869,1.0,1.0,0,1,1.0,True
17081,2,0.9999999999999998,1.0,1.0,1,2,0.9500000000000001,False
17082,3,0.9644259633466131,1.0,1.0,1,1,1.0,True
17083,2,0.7381083375981007,0.6666666666666666,1.0303030303030303,1,1,0.9595861129388685,True
17084,4,0.7122362195939449,0.5,1.0,1,1,0.8790536179212145,True
17085,2,0.6391087849341047,0.3333333333333333,1.0,1,1,0.7782688443368386,True
17086,2,0.4772374980815928,0.5555555555555556,1.0,0,1,0.8014880282783546,True
17087,2,0.7479620765495477,0.75,1.0,0,1,0.9776980328069491,True
17088,2,0.7570276780926123,0.75,1.0,0,1,0.9815832906111195,True
17089,3,0.5600601460241982,0.3,1.0133333333333334,1,1,0.730501967343704,True
17090,2,1.0,1.0,1.0,1,1,1.0,True
17091,2,0.777775515352284,0.7142857142857143,1.001923076923077,1,1,0.9904752208652645,True
17092,2,0.8976722997066503,1.0,1.0218978102189782,1,1,1.0,True
17093,2,0.8768609570452838,0.8333333333333334,1.0,0,1,1.0,True
17094,2,0.6151281096597578,0.75,1.0,0,1,0.9207691898541819,True
17095,2,0.8887686292711842,0.7142857142857143,1.0,1,1,1.0,True
17096,4,0.5441008884434272,0.375,1.1111111111111112,1,2,0.6249122855233736,False
17097,2,0.9024268260633951,1.0,1.0014925373134327,1,1,1.0,True
17098,3,0.7157236577184621,0.6666666666666666,1.0,1,1,0.9499926787047377,True
17099,3,0.6855375351859152,0.38461538461538464,1.0,0,1,0.8195344015265644,True
17100,2,0.7256344225785365,0.5,1.125,0,1,0.8047957049146109,True
17101,2,0.8567960247364259,0.8571428571428571,1.0,1,1,1.0,True
17102,3,0.7682245864921775,0.5714285714285714,1.0,2,1,0.8278105370680762,False
17103,3,0.9345115316262882,1.0,1.0009523809523808,1,2,0.9500000000000001,False
17104,2,0.8856004787664776,1.0,1.0,1,1,1.0,True
17105,3,0.8384982337704138,1.0,1.02,1,1,1.0,True
17106,3,0.9024897010597822,1.0,1.0,1,1,1.0,True
17107,2,0.7987232328801811,0.6666666666666666,1.0,0,1,0.9855639252026174,True
17108,2,0.7939802593873685,0.7142857142857143,1.0,0,1,0.997420111166015,True
17109,3,0.33671736245438805,0.2857142857142857,1.0,0,1,0.6288312505756901,False
17110,2,0.762717301074458,0.75,1.0344827586206897,0,1,0.9840217004604821,True
17111,3,0.840179883337164,0.75,1.0023529411764707,1,2,0.9500000000000001,False
17112,4,0.7156366346752262,0.5,1.0,2,1,0.7755109386703352,False
17113,3,0.08212602125085934,0.16666666666666666,1.1263157894736842,0,1,0.3977777777777778,False
17114,4,0.3891646079683921,0.3,1.0,1,1,0.6572610224626442,False
17115,4,0.683127515199595,0.6666666666666666,1.0,1,1,0.936022903339509,True
17116,3,0.5855246962314539,0.3333333333333333,1.0,1,1,0.7553042348928454,True
17117,3,0.6439172617823248,0.42857142857142855,1.0,1,2,0.7700121598114725,False
17118,3,0.6111123823508148,0.5,1.018181818181818,1,1,0.8357148305313016,True
17119,3,0.9073376087478797,0.8333333333333334,1.0,0,1,1.0,True
17120,3,0.8166704905456348,0.8571428571428571,1.0,1,1,1.0,True
17121,3,0.8373050883372686,0.8571428571428571,1.0185185185185186,1,1,1.0,True
17122,2,1.0000000000000004,1.0,1.0,0,1,1.0,True
17123,3,0.48646506149506863,0.3333333333333333,1.0074074074074073,1,2,0.6628501057201088,False
17124,4,0.6662886188733099,0.6,1.0,2,1,0.796028455707609,False
17125,2,0.6732775307423848,0.5714285714285714,1.0227272727272727,1,1,0.8921189417467363,True
17126,3,0.8576364709572272,1.0,1.05,1,1,1.0,True
17127,2,0.8339410179264797,1.0,1.0,0,1,1.0,True
17128,3,0.7030936895542998,0.5,1.002689393939394,1,1,0.8751353907613666,True
17129,2,0.9370505213977788,1.0,1.0,1,1,1.0,True
17130,4,0.5855894213591029,0.3333333333333333,1.0,1,1,0.7553319742332663,True
17131,2,0.8601928367954603,0.8,1.0,0,1,1.0,True
17132,2,0.8417639276605048,1.0,1.0,1,1,1.0,True
17133,3,0.8529180607471907,0.8,1.0,1,2,0.9500000000000001,False
17134,4,0.17369384804196647,0.1111111111111111,1.0,0,1,0.4862127073619009,False
17135,2,0.9999999999999993,1.0,1.0,1,1,1.0,True
17136,2,0.9391830039882143,1.0,1.0,0,1,1.0,True
17137,3,0.6159207321445381,0.5454545454545454,1.0101010101010102,1,1,0.8567149458108627,True
17138,3,0.6536329668486964,0.6,1.1111111111111112,1,1,0.8156046048399175,True
17139,3,0.5566466639580421,0.5,1.0,0,1,0.8123723797915419,True
17140,2,0.649603651844672,0.6,1.0,0,1,0.8938777555524784,True
17141,2,0.3630966892014415,0.3333333333333333,1.0119047619047619,0,1,0.6599779461656972,False
17142,2,0.554194146693819,0.5,1.1428571428571428,0,1,0.7313213009640177,True
17143,3,0.4229695946666665,0.4,1.0625,0,1,0.7134155405714285,True
17144,3,0.7256798687913258,1.0,1.0,0,1,0.9681485151962825,True
17145,2,0.5423552376752189,0.3333333333333333,1.0,0,1,0.7368030383687446,True
17146,2,0.8327362504817737,1.0,1.0,1,1,1.0,True
17147,2,0.6707528512837556,0.5,1.09375,1,1,0.8612750315025619,True
17148,3,0.9594499122072724,1.0,1.0,0,1,1.0,True
17149,2,0.8264235724065674,1.0,1.0112359550561798,1,1,1.0,True
17150,4,0.5969501906543533,0.2,1.1363636363636365,1,1,0.6246453198042466,False
17151,2,0.8177998476851988,0.7142857142857143,1.0,0,1,1.0,True
17152,2,0.916181383467416,1.0,1.0150375939849625,1,2,0.9500000000000001,False
17153,3,0.5017800672193471,0.5,1.1542901115813775,0,1,0.7088581240463868,True
17154,2,0.6273705805434734,0.75,1.001602564102564,1,1,0.9260159630900601,True
17155,2,0.9883021280081163,1.0,1.0,0,1,1.0,True
17156,3,0.37324187711266826,0.3333333333333333,1.0,0,1,0.6643258838419371,False
17157,3,0.852745882934252,0.8571428571428571,1.0,0,1,1.0,True
17158,3,0.7480167219801772,0.5,1.0666666666666667,1,1,0.8943881189438856,True
17159,2,0.7838500136930714,0.5714285714285714,1.0,1,1,0.9395071487256021,True
17160,2,1.0,1.0,1.0,1,1,1.0,True
17161,2,0.7642193790410038,0.5,1.0,0,1,0.901332114827097,True
17162,2,0.7663338708592417,0.5555555555555556,1.0,1,1,0.9253864737544899,True
17163,2,0.5928096632253149,0.42857142857142855,1.0,1,1,0.7981089032870397,True
17164,2,0.6977077738442973,1.0,1.1111111111111112,0,1,0.8761604745046988,True
17165,2,0.5955051293500502,0.4,1.0,0,1,0.7873593411500215,True
17166,2,0.805753819866744,1.0,1.0,0,1,1.0,True
17167,3,0.9457515928004916,1.0,1.0,1,1,1.0,True
17168,3,0.5097925710967877,0.2857142857142857,1.1,0,1,0.7030063399938613,True
17169,2,0.5564319733096325,0.42857142857142855,1.0,1,2,0.7325184647517474,False
17170,2,0.7315355051537668,0.625,1.0,1,1,0.9394080736373287,True
17171,2,0.6376410413386117,0.5,1.0,2,1,0.7420842558117859,False
17172,3,0.942546031446117,1.0,1.0,1,1,1.0,True
17173,3,0.4975150670406178,0.42857142857142855,1.0,0,1,0.7572683620650267,True
17174,3,0.47140611644548347,0.42857142857142855,1.1333333333333333,0,1,0.6660788118099691,True
17175,2,0.7800002821800975,0.8,1.0588235294117647,0,1,0.991428692362899,True
17176,2,0.6367912706916985,0.4444444444444444,1.0,1,1,0.8235719202435321,True
17177,4,0.36334554804950325,0.2,1.037037037037037,2,1,0.49952904440216805,False
17178,2,0.526172228147013,0.6,1.0666666666666667,0,1,0.8409785739677675,True
17179,2,0.9502422013859698,0.8,1.0,1,1,1.0,True
17180,2,0.8657063391835429,0.5,1.0,1,1,0.9166666666666667,True
17181,3,0.5258021884118994,0.5,1.1764705882352942,0,1,0.719153318843195,True
17182,2,0.83255702444247,0.7142857142857143,1.0,1,1,1.0,True
17183,2,0.9253841864442153,0.8,1.0,1,1,1.0,True
17184,2,0.9999999999999999,1.0,1.0,1,2,0.9500000000000001,False
17185,2,0.9999999999999993,1.0,1.0,1,1,1.0,True
17186,2,0.8650144752922907,0.42857142857142855,1.0,1,1,0.8869047619047619,True
17187,2,0.8800089291629591,0.6666666666666666,1.0,0,1,0.9861111111111112,True
17188,2,0.23191590478956897,0.5,1.0,0,1,0.6732020544336248,False
17189,3,0.8272533336000264,0.75,1.0,1,3,0.9500000000000001,False
17190,2,0.8573866281135496,0.8571428571428571,1.0020833333333334,1,1,1.0,True
17191,3,0.40648771900770925,0.6666666666666666,1.0384615384615385,0,1,0.8174629906858437,True
17192,3,0.8921550236694058,0.75,1.0,1,1,1.0,True
17193,3,0.426420130346321,0.2857142857142857,1.0416666666666667,0,1,0.667275293957947,True
17194,4,0.7792148375090767,0.625,1.0017391304347827,1,1,0.9598420732181758,True
17195,4,0.8028744624922354,0.8571428571428571,1.0017391304347827,1,1,1.0,True
17196,3,0.6914809897938085,0.3333333333333333,1.0,1,1,0.8007140749909973,True
17197,3,0.6693280445993607,0.7142857142857143,1.0169491525423728,1,1,0.943997733399726,True
17198,2,0.5320705669222048,0.25,1.0,1,1,0.6976731001095163,True
17199,3,0.8060107275914784,0.75,1.0,0,1,1.0,True
17200,3,0.891313984599502,1.0,1.0179640718562875,1,1,1.0,True
17201,2,0.9139542827489497,0.8,1.0,1,2,0.9500000000000001,False
17202,3,0.6261799927305168,0.5,1.0004218646417165,1,1,0.8421723778368881,True
17203,3,0.7524908205707683,0.75,1.0149572649572651,1,2,0.929638923101758,False
17204,3,0.6484786184685615,0.5,1.0012045454545455,1,1,0.8517289317246217,True
17205,3,0.9509717409795385,1.0,1.0017543859649123,1,1,1.0,True
17206,2,0.7646860740058722,0.5,1.0,1,2,0.8515321269548978,False
17207,2,0.9614034676526795,1.0,1.0,2,1,0.895,False
17208,4,0.6387826492206118,0.6,1.1111111111111112,1,1,0.8092401829993099,True
17209,2,0.46002866256902175,0.5,1.0,0,1,0.7709646649105332,True
17210,3,0.5897811455493902,0.42857142857142855,1.0843373493975903,1,2,0.7468109671402149,False
17211,2,0.6166300833552192,0.5,1.0,1,1,0.8380795595331891,True
17212,3,0.4264256729191898,0.42857142857142855,1.0017454545454545,2,1,0.6218014788701289,False
17213,2,0.8916604617332838,0.8333333333333334,1.0,0,1,1.0,True
17214,3,0.8370747053263615,0.8571428571428571,1.0,1,1,1.0,True
17215,2,0.7477883609443408,0.5,1.0,0,1,0.894290249928527,True
17216,3,0.37650336659950645,0.2857142857142857,1.0344444444444443,2,1,0.5408823952093123,False
17217,2,0.9203948505398957,1.0,1.0526315789473684,1,1,1.0,True
17218,2,0.8366480378610054,0.6666666666666666,1.0,1,2,0.9361111111111112,False
17219,2,0.9999999999999996,1.0,1.0,0,1,1.0,True
17220,3,0.592566029037947,0.5,1.0714285714285714,0,1,0.8277663933972155,True
17221,2,0.591290385072133,0.4,1.0013863636363638,2,1,0.6805530221737714,False
17222,3,0.8207200112109324,0.9,1.0,1,2,0.9500000000000001,False
17223,2,0.8725287449912171,0.75,1.0,0,1,1.0,True
17224,2,0.7585601570778998,0.6,1.0,1,1,0.9405734006524333,True
17225,3,0.3367128411862269,0.4,1.0,0,1,0.676448360508383,False
17226,3,0.4014827054930752,0.75,1.0526315789473684,0,1,0.8292068737827465,True
17227,2,0.797823233760914,0.6666666666666666,1.0014285714285713,0,1,0.9851782112943599,True
17228,2,0.7549588957631803,0.5714285714285714,1.0,1,1,0.9271252410413631,True
17229,4,0.48363986960569333,0.2857142857142857,1.0005757575757577,1,1,0.6917980393548209,True
17230,2,1.0000000000000009,1.0,1.0,1,1,1.0,True
17231,2,0.8211821930663458,1.0,1.0101010101010102,0,1,1.0,True
17232,2,0.5095195381876328,0.6,1.0294117647058822,1,2,0.783841706842319,False
17233,3,0.7597743492892228,0.5,1.0,1,2,0.8494271020763337,False
17234,2,0.889583087279212,1.0,1.0,1,1,1.0,True
17235,2,0.7504313776260335,0.6666666666666666,1.0,1,1,0.9648674158079826,True
17236,3,0.5628144437281344,0.2857142857142857,1.0,1,2,0.6757299996930101,False
17237,3,0.7070632453362824,0.5,1.0,1,2,0.826836628953645,False
17238,2,0.9395786548317722,1.0,1.0,1,2,0.9500000000000001,False
17239,2,0.6486345094436052,0.4,1.0,1,2,0.7601290754758309,False
17240,2,0.9608863892635092,1.0,1.0,1,2,0.9500000000000001,False
17241,2,0.8192523171598143,0.6,1.0,0,1,0.9583333333333333,True
17242,2,0.6835215422926594,0.75,1.0,0,1,0.9500806609825683,True
17243,4,0.26540657973513065,0.2222222222222222,1.1,0,1,0.5718144600981248,False
17244,2,0.4116694541949157,0.25,1.1363636363636365,0,1,0.5660726232263924,True
17245,2,0.8256201530184767,0.6666666666666666,1.0,0,1,0.9861111111111112,True
17246,3,0.5501498388729593,0.3333333333333333,1.0666666666666667,0,1,0.7401435817392048,True
17247,2,1.0000000000000002,1.0,1.0,0,1,1.0,True
17248,3,0.7495220605939653,0.75,1.2162162162162162,0,1,0.8183665973974137,False
17249,2,0.523463409504139,0.3333333333333333,1.0,0,1,0.7287065405811389,True
17250,2,0.8745752158445209,0.75,1.0,1,2,0.9500000000000001,False
17251,2,0.8965145761050093,0.8333333333333334,1.0,1,2,0.9500000000000001,False
17252,3,0.7478641454464316,0.6666666666666666,1.0,1,2,0.9137671734452962,False
17253,2,0.7849300562055985,1.0,1.0,0,1,0.9935414526595423,True
17254,2,0.6388094759348167,0.5714285714285714,1.0,1,1,0.8773469182577787,True
17255,2,0.5917396533495983,0.5714285714285714,1.0,1,1,0.8571741371498278,True
17256,2,0.5964866285941252,0.75,1.0256410256410255,0,1,0.9127799836831965,True
17257,2,0.8132194614473179,0.75,1.0,1,1,1.0,True
17258,4,0.5249148268471564,0.42857142857142855,1.0,1,1,0.769011116267829,True
17259,3,0.7029920775181157,0.5555555555555556,1.0,1,1,0.8982399908940073,True
17260,3,0.8009729204412582,0.8,1.0,1,1,1.0,True
17261,4,0.7361501034625962,0.5714285714285714,1.0,1,1,0.9190643300553984,True
17262,4,0.7363925327104905,0.5714285714285714,1.0,1,1,0.919168228304496,True
17263,2,0.5310743089569374,0.4,1.0,1,1,0.759746132410116,True
17264,2,0.7977812202609897,0.6666666666666666,1.0,1,1,0.9851602055086781,True
17265,2,0.7652099759521658,0.6666666666666666,1.0,1,1,0.9712011008048964,True
17266,2,0.8157550693556533,0.6666666666666666,1.0101010101010102,1,1,0.9861111111111112,True
17267,2,0.8307265781694753,0.6666666666666666,1.0101010101010102,1,1,0.9861111111111112,True
17268,2,0.8222585588501159,0.75,1.0091743119266054,1,1,1.0,True
17269,3,0.8172352561616457,0.5714285714285714,1.0,1,1,0.9464285714285714,True
17270,3,0.5592587564583029,0.5555555555555556,1.0,1,1,0.8366399961540876,True
17271,3,0.6657494778717182,0.6666666666666666,1.0,0,1,0.9285751730561331,True
17272,3,0.4048710490271898,0.2857142857142857,1.0375,1,1,0.6580399733926051,True
17273,3,0.4828120068937493,0.6,1.0,0,1,0.822395622002083,True
17274,2,0.766468686904747,0.6666666666666666,1.0,0,1,0.9717405483560027,True
17275,2,0.4806910842099868,0.25,1.0,0,1,0.6756533218042801,True
17276,3,0.8955378103697201,0.625,1.0000757575757575,0,1,0.96875,True
17277,3,0.5975686192256896,0.375,1.0,1,1,0.7778270272872003,True
17278,2,0.8218643987564016,0.5,1.0,0,1,0.9166666666666667,True
17279,3,0.9559874348632361,1.0,1.0,1,1,1.0,True
17280,4,0.5426021628455934,0.5714285714285714,1.1111111111111112,1,1,0.7561152126481114,True
17281,2,0.9252157325990649,0.6666666666666666,1.0,0,1,0.9861111111111112,True
17282,3,0.5920716548637949,0.25,1.0,0,1,0.7233878520844835,True
17283,4,0.6121605523898173,0.6,1.0256410256410255,1,1,0.8778307129289693,True
17284,4,0.5560245774063899,0.3333333333333333,1.0256410256410255,1,1,0.7426613268249608,True
17285,3,0.6003430895346684,0.5454545454545454,1.0726072607260726,1,2,0.8000388132637758,False
17286,2,0.7007275087022167,0.5,1.0,0,1,0.874121313253331,True
17287,2,0.5538612103951281,0.6666666666666666,1.0069444444444444,0,1,0.8806230584233089,True
17288,3,0.7129179441368375,0.5,1.0101010101010102,1,1,0.8793457855824542,True
17289,3,0.25791174191385463,0.3333333333333333,1.1111111111111112,0,1,0.5348986830424456,False
17290,2,0.5951235657815491,0.5,1.0008333333333332,1,1,0.8288624805730449,True
17291,2,0.7384901248680271,0.6666666666666666,1.0,0,1,0.9597497360545513,True
17292,3,0.8021227103088983,0.5714285714285714,1.0,1,1,0.9464285714285714,True
17293,4,0.7586093434642133,0.6,1.0,1,1,0.9405944805322819,True
17294,2,0.8906151215300765,0.75,1.0,1,1,1.0,True
17295,4,0.7024337304890179,0.5,1.0,1,1,0.87485255116196,True
17296,2,0.8700848745988403,0.8,1.0,1,1,1.0,True
17297,4,0.8840526672027604,0.8,1.0,1,1,1.0,True
17298,3,0.5964151343536888,0.5,1.0,0,1,0.8294160099611048,True
17299,3,0.6293897473942013,0.5,1.0,0,1,0.8435479869784672,True
17300,3,0.5775911176187551,0.14285714285714285,1.0,2,1,0.567539050408038,False
17301,3,0.4589308893338135,0.16666666666666666,1.1538461538461537,0,1,0.5516053017779835,False
17302,3,0.8274356666808319,0.8,1.0,1,1,1.0,True
17303,4,0.7074350918203217,0.8,1.0,0,1,0.9603293250658522,True
17304,2,0.6832397419214258,0.6,1.0909090909090908,0,1,0.9082932227282301,True
17305,3,0.6708550293914187,0.5,1.0,1,1,0.8613188221201318,True
17306,3,0.43885913277293465,0.25,1.0416666666666667,0,1,0.657725342616972,True
17307,3,0.5796814705134832,0.42857142857142855,1.0101010101010102,1,1,0.7924825349819691,True
17308,3,0.7171198328182237,0.5,1.0,0,1,0.8811465950173341,True
17309,2,0.9904753667186533,1.0,1.0,0,1,1.0,True
17310,3,0.5648975320992815,0.8333333333333334,1.0,0,1,0.8992417994711206,True
17311,4,0.6640942381539717,0.3333333333333333,1.0007407407407407,1,1,0.7889768957167815,True
17312,3,0.46566741812287116,0.5,1.0,0,1,0.7733812744336115,True
17313,2,0.9439996835887746,1.0,1.0,1,2,0.9500000000000001,False
17314,2,0.7131134300477678,0.625,1.0,1,1,0.9315128985919006,True
17315,2,0.819198008747127,0.625,1.0,1,1,0.96875,True
17316,3,0.7099882463973084,0.5555555555555556,1.0,1,1,0.9012383489850899,True
17317,2,0.7648798879663389,0.5714285714285714,1.0,0,1,0.9313770948427167,True
17318,3,0.6765482951325156,0.5714285714285714,1.0,0,1,0.8935206979139352,True
17319,2,0.8670085294771376,1.0,1.0,0,1,1.0,True
17320,2,0.5716313299059868,0.4,1.0,0,1,0.7771277128168514,True
17321,2,0.7986318679653402,0.5,1.0,0,1,0.9160803243660982,True
17322,2,0.6558761491633657,1.0,1.0,0,1,0.9382326353557282,True
17323,4,0.6750965656359244,0.3333333333333333,1.0,1,1,0.7936921789233327,True
17324,2,0.4535697484975623,0.6666666666666666,1.0,0,1,0.8376410033243521,True
17325,3,0.4784784699586236,0.5,1.0006060606060605,0,1,0.7788717252203625,True
17326,4,0.6856055699518709,0.8333333333333334,1.0,0,1,0.9509738156936589,True
17327,2,0.9480889131130856,1.0,1.0,0,1,1.0,True
17328,4,0.654046817812665,0.5714285714285714,1.0,0,1,0.8838772076339994,True
17329,3,0.529473685665408,0.5,1.0,1,1,0.8007268176661273,True
17330,2,0.8297319282477718,0.8333333333333334,1.0,1,1,1.0,True
17331,3,0.6796558672887971,0.625,1.0,1,1,0.9171739431237702,True
17332,4,0.6713382071528441,0.6666666666666666,1.0,1,1,0.9309703427480442,True
17333,2,0.8240779452734243,0.8333333333333334,1.0,1,1,1.0,True
17334,4,0.7008832180021336,0.6666666666666666,1.0,1,1,0.9436324902548827,True
17335,2,0.726291304493583,0.7142857142857143,1.0,1,1,0.9684105590686785,True
17336,2,0.44664663670155264,0.5714285714285714,1.004,0,1,0.7949914157292368,True
17337,3,0.8617919003800049,0.8,1.0,0,1,1.0,True
17338,2,0.899976156665669,0.8,1.0,0,1,1.0,True
17339,2,0.5853843454138984,0.5714285714285714,1.0185185185185186,0,1,0.8544504337488137,True
17340,2,0.5459331709720064,0.5714285714285714,1.0185185185185186,0,1,0.8375427875594315,True
17341,3,0.48064661645209683,0.4,1.0666666666666667,0,1,0.7381342641937558,True
17342,3,0.3487140698932466,0.3333333333333333,1.0666666666666667,0,1,0.653813966462185,False
17343,3,0.38114682148792756,0.3333333333333333,1.0666666666666667,0,1,0.6677137171456198,False
17344,2,0.7061919486789661,0.6666666666666666,1.1428571428571428,0,1,0.8659076605449537,True
17345,3,0.5912261646882716,0.5,1.1428571428571428,0,1,0.7471921658187831,True
17346,2,0.89998666447076,0.75,1.0,1,1,1.0,True
17347,2,0.7910193899931288,0.25,1.0,0,1,0.8086511671399124,True
17348,2,0.8785458565481391,1.0,1.0,0,1,1.0,True
17349,3,0.7647276581960093,0.6666666666666666,1.0204081632653061,0,1,0.970994393195115,True
17350,2,0.9999999999999994,1.0,1.0,1,1,1.0,True
17351,2,0.8688542177255397,1.0,1.0,1,2,0.9500000000000001,False
17352,4,0.8383331489404431,1.0,1.0,1,2,0.9500000000000001,False
17353,3,0.5374154088353117,0.2857142857142857,1.0,2,1,0.6098446990246574,False
17354,4,0.3081065515356275,0.25,1.0,0,1,0.6016885220866974,False
17355,2,0.59381433676588,0.6666666666666666,1.0714285714285714,0,1,0.8977458268679168,True
17356,3,0.8405325851084635,0.5714285714285714,1.0,1,2,0.8964285714285715,False
17357,3,0.3723838080883863,0.3333333333333333,1.0666666666666667,0,1,0.6639581399743878,False
17358,2,0.6610626933239313,0.75,1.0,0,1,0.9404554399959706,True
17359,2,0.763508219846682,0.6666666666666666,1.0,0,1,0.9704717767596891,True
17360,2,0.688141217952882,1.0,1.0606060606060606,0,1,0.9520605219798066,True
17361,3,0.3433368696720485,0.2857142857142857,1.1,0,1,0.6316681822404018,False
17362,4,0.9280183515867241,1.0,1.0240963855421688,1,1,1.0,True
17363,3,0.4652440476837979,0.3333333333333333,1.0754716981132075,1,2,0.6537553855152786,False
17364,3,0.7969660511279055,0.6666666666666666,1.1764705882352942,0,1,0.9048108473087849,True
17365,4,0.16527907351403304,0.16666666666666666,1.1764705882352942,0,1,0.42575452356950616,False
17366,3,0.5243562336873588,0.3333333333333333,1.0,1,1,0.7290891795168045,True
17367,3,0.6867431117378872,0.75,1.0,1,1,0.9514613336019517,True
17368,2,0.9999999999999998,1.0,1.0,0,1,1.0,True
17369,3,0.4676602389746908,0.5,1.0,0,1,0.7742353405129627,True
17370,2,0.8532416452937828,0.6,1.0,0,1,0.9583333333333333,True
17371,2,0.8932460107862742,0.8333333333333334,1.0,0,1,1.0,True
17372,3,0.2736217532510758,0.16666666666666666,1.1,0,1,0.5521871005996674,False
17373,4,0.41827464111900464,0.25,1.0,0,1,0.6489034176224305,True
17374,2,0.9999999999999987,1.0,1.0,1,1,1.0,True
17375,3,0.9615527483727467,1.0,1.0,1,1,1.0,True
17376,2,0.9020949514510013,0.7142857142857143,1.0,0,1,1.0,True
17377,4,0.5012141883133595,0.42857142857142855,1.0,0,1,0.7588536997533446,True
17378,3,0.7722942796378386,0.5714285714285714,1.0,0,1,0.9345546912733593,True
17379,3,0.8269028800515323,0.8333333333333334,1.0,1,2,0.9500000000000001,False
17380,2,0.9057266995014261,0.6666666666666666,1.0,0,1,0.9861111111111112,True
17381,4,0.3516561937488058,0.2857142857142857,1.025,0,1,0.6352336068447263,False
17382,2,0.5193554817920493,0.5,1.0526315789473684,0,1,0.7963904445775449,True
17383,2,0.8540342293612205,0.6,1.0,1,1,0.9583333333333333,True
17384,4,0.7882865708089531,0.5,1.0,1,2,0.8616466255847895,False
17385,3,0.8277646180068469,0.8,1.0,1,2,0.9500000000000001,False
17386,2,0.6250737939051233,1.0,1.0,0,1,0.9250316259593385,True
17387,4,0.3742472438435741,0.25,1.0416666666666667,0,1,0.6300345330758175,False
17388,2,0.8340933020529603,0.6,1.0,1,1,0.9583333333333333,True
17389,3,0.2626630858896815,0.25,1.0,0,1,0.5822127510955778,False
17390,2,0.9061684996292685,1.0,1.033030303030303,0,1,1.0,True
17391,2,0.6095997374667083,0.6666666666666666,1.0,0,1,0.9045109985968431,True
17392,3,0.7540215437741038,0.6666666666666666,1.0416666666666667,1,1,0.96640605844287,True
17393,2,0.5974967329660155,1.0,1.0,0,1,0.9132128855568638,True
17394,2,0.92029183365744,0.7,1.0,1,2,0.9500000000000001,False
17395,2,0.4854181058134357,0.6,1.075268817204301,0,1,0.8235125215390915,True
17396,2,0.5853832049879034,0.7142857142857143,1.0,1,1,0.9080213735662443,True
17397,2,0.8320996063495153,0.6666666666666666,1.0015384615384615,1,1,0.9861111111111112,True
17398,3,0.6425553856161048,0.5,1.1111111111111112,0,1,0.769190403359283,True
17399,3,0.6450721982580137,0.5,1.0169491525423728,0,1,0.8502690373486725,True
17400,3,0.6608409887717973,0.3333333333333333,1.0,1,1,0.787582645981564,True
17401,3,0.7736242635052173,0.6666666666666666,1.0185185185185186,1,1,0.9748072240419186,True
17402,2,0.9487289358208778,0.875,1.0,1,1,1.0,True
17403,2,0.9999999999999999,1.0,1.0,0,1,1.0,True
17404,3,0.23533061173312872,0.4,1.0,0,1,0.6329988335999124,False
17405,2,0.7924922131275862,0.5,1.0,0,1,0.9134490437213465,True
17406,2,0.9271663094506508,0.8571428571428571,1.0,1,2,0.9500000000000001,False
17407,2,0.9265542783198256,0.8333333333333334,1.0,1,2,0.9500000000000001,False
17408,2,0.917013796133917,0.8333333333333334,1.0,1,2,0.9500000000000001,False
17409,3,0.9202778000995292,1.0,1.0,1,1,1.0,True
17410,3,0.3990712576627788,0.38461538461538464,1.0,0,1,0.6967631397309345,False
17411,3,0.79086130678285,0.6,1.0100757575757575,1,1,0.9544167505259833,True
17412,3,0.2519448117378829,0.1,1.0,1,1,0.5151192050305212,False
17413,2,0.7070794032769648,0.5,1.0,1,2,0.826843553785366,False
17414,3,0.9505534474373366,1.0,1.0,1,1,1.0,True
17415,2,0.7535515302920439,0.5,1.0,0,1,0.8967601796489713,True
17416,3,0.6554130700643803,0.6666666666666666,1.0,0,1,0.9241452839958455,True
17417,3,0.18339625059838735,0.14285714285714285,1.0588235294117647,0,1,0.5035983931135946,False
17418,3,0.27900100829464225,0.2857142857142857,1.1428571428571428,0,1,0.5240956702215133,False
17419,2,0.5270987719819664,0.5,1.0240963855421688,1,1,0.7997089975160809,True
17420,2,0.745952425859724,1.0,1.0,1,1,0.9768367539398817,True
17421,2,0.9615913133936821,1.0,1.0,0,1,1.0,True
17422,2,0.9134061297930848,1.0,1.0,1,1,1.0,True
17423,3,0.41738409964416023,0.5,1.0,0,1,0.752688423657021,True
17424,4,0.39354461683363084,0.3333333333333333,1.1333333333333333,0,1,0.593027058008064,False
17425,2,0.7761740118598411,1.0,1.0119047619047619,0,1,0.9897888622256461,True
17426,3,0.4483547359902602,0.4,1.124567474048443,0,1,0.6442948868529687,True
17427,2,0.7086899405777362,0.5,1.0,0,1,0.8775337840571251,True
17428,3,0.7543569681353757,0.3333333333333333,1.0,0,1,0.8276609228516689,True
17429,3,0.8096677145926898,0.5555555555555556,1.0,0,1,0.9398148148148149,True
17430,3,0.6955392955327128,0.625,1.0167464114832536,1,2,0.873981126656877,False
17431,2,0.6656883576563452,0.5714285714285714,1.0013351134846462,1,2,0.8388664389955766,False
17432,3,0.7276521777017537,0.7142857142857143,1.0080645161290323,1,2,0.9189937904436088,False
17433,3,0.3816396936738737,0.3333333333333333,1.0,0,1,0.6679249480824537,False
17434,4,0.8057714647452014,0.8333333333333334,1.0227272727272727,1,1,1.0,True
17435,3,0.45409319094873535,0.42857142857142855,1.0,1,2,0.688658986597077,False
17436,2,0.6664343491117434,0.75,1.0,1,2,0.8927575781907472,False
17437,4,0.6949473818751826,0.5,1.0,2,1,0.766644116041745,False
17438,3,0.6017660403930942,0.5714285714285714,1.0416666666666667,1,2,0.8114711601684691,False
17439,4,0.26159236515297063,0.125,1.072,1,1,0.5296705374465113,False
17440,3,0.9067689821364673,0.6666666666666666,1.0,1,3,0.9361111111111112,False
17441,3,0.60861905789345,0.45454545454545453,1.0,1,1,0.8157068689673228,True
17442,3,0.5378523209356469,0.2727272727272727,1.0,1,2,0.6596206916564028,False
17443,4,0.3645912450063122,0.3333333333333333,1.075,1,1,0.6606184700820703,False
17444,2,0.8987013019636995,1.0,1.0,1,1,1.0,True
17445,2,0.8549814428545718,0.8333333333333334,1.0011764705882353,0,1,1.0,True
17446,4,0.7984950997160887,0.8333333333333334,1.0256410256410255,1,1,0.9993550427354665,True
17447,4,0.5467575794656463,0.6,1.0256410256410255,1,1,0.8498008673900389,True
17448,2,0.41931880882691636,0.2857142857142857,1.0018115942028984,2,1,0.5592318704496307,False
17449,2,0.7433611899903168,0.6666666666666666,1.0101010101010102,1,1,0.9618373353926755,True
17450,2,0.7895561112823514,0.5555555555555556,1.0,1,1,0.9353388625072512,True
17451,2,0.749567389456244,0.5714285714285714,1.0416666666666667,1,1,0.9248145954812474,True
17452,2,0.5426337677180469,0.3333333333333333,1.0,1,1,0.7369224083870994,True
17453,2,0.7559124431736058,0.6,1.0025862068965516,1,1,0.9394386661220215,True
17454,3,0.569814259660299,0.6666666666666666,1.0526315789473684,1,1,0.8874600795369536,True
17455,2,0.9233339063227656,1.0,1.0,1,1,1.0,True
17456,2,0.9006273828560633,1.0,1.0,1,1,1.0,True
17457,2,0.49260995245383976,0.6,1.0,0,1,0.8265947415278361,True
17458,2,0.8616834041639625,0.625,1.0,1,1,0.96875,True
17459,2,0.6754107560825123,0.4444444444444444,1.0294117647058822,1,1,0.8401231282681667,True
17460,3,0.72600200914717,0.75,1.0,0,1,0.968286575348787,True
17461,3,0.8049132898312921,0.6,1.0,1,1,0.9583333333333333,True
17462,2,0.5862628154055909,1.0,1.0714285714285714,0,1,0.9083983494595389,True
17463,4,0.23083800617672723,0.2222222222222222,1.1538461538461537,0,1,0.47699935714452324,False
17464,4,0.17632490904037035,0.16666666666666666,1.125,0,1,0.43048845308079364,False
17465,2,0.5874355815551071,0.5,1.0,0,1,0.8255676301902841,True
17466,3,0.3039986950436906,0.2,1.1241666666666668,0,1,0.4990946788282483,False
17467,3,0.8294456681476664,0.7142857142857143,1.0,1,1,1.0,True
17468,3,0.14637994614608624,0.25,1.0003846153846154,0,1,0.5323771197768941,False
17469,3,0.6459062458178243,0.6,1.1111111111111112,0,1,0.8122931529695437,True
17470,2,0.5794464289545783,0.5555555555555556,1.0,1,2,0.7952918557953484,False
17471,3,0.9867405112963908,1.0,1.0,1,1,1.0,True
17472,3,0.6854559004924851,0.4444444444444444,1.0,1,1,0.844428190158155,True
17473,3,0.5294638659419693,0.3333333333333333,1.0,1,1,0.7312781647687805,True
17474,4,0.6407200066895519,0.5,1.0417,0,1,0.8484038123907605,True
17475,2,0.9037732363174694,0.7777777777777778,1.0417,1,1,1.0,True
17476,2,0.7636004262695172,0.75,1.0,1,1,0.984400182686936,True
17477,3,0.7804989470655993,0.6,1.0,0,1,0.9499757392185901,True
17478,3,0.5942807471157281,0.36363636363636365,1.0,1,1,0.7716830907552255,True
17479,4,0.5708035602707748,0.375,1.0894736842105264,1,1,0.766356287735094,True
17480,2,0.8329387534071199,0.7777777777777778,1.0,1,1,1.0,True
17481,2,0.8401669166029705,0.6,1.0,0,1,0.9583333333333333,True
17482,3,0.5084033266745966,0.625,1.0,1,2,0.7937799971462559,False
17483,2,0.8576490898547379,0.6666666666666666,1.0,0,1,0.9861111111111112,True
17484,2,0.9701962298524003,1.0,1.0,0,1,1.0,True
17485,2,0.8982997976415542,1.0,1.0,0,1,1.0,True
17486,3,0.6739150794935763,0.5555555555555556,1.021021021021021,1,1,0.8857784203120618,True
17487,3,0.8313138142635018,0.6,1.0,1,1,0.9583333333333333,True
17488,2,0.6868792086289128,0.4,1.0,0,1,0.8265196608409626,True
17489,2,0.6693862232389128,0.75,1.0,0,1,0.9440226671023912,True
17490,2,0.8511647125484539,0.75,1.0,1,1,1.0,True
17491,2,0.9506824329944799,0.8333333333333334,1.0135135135135136,1,1,1.0,True
17492,3,0.7593560703625323,1.0,1.0034482758620689,1,1,0.9825811730125138,True
