ensemble_cluster_id,product_idx,supermarket,source,confidence,reason
10915,4858,ASDA,llm_r3_retry,0.99,"Same brand (Yellow Tail), same variety (Sauvignon Blanc), same volume (750ml), same pack count (1). Candidate A includes 'White Wine' descriptor which is supple"
8116,40979,Sains,llm_r3_retry,0.95,"Same brand (Old Crafty Hen), same variety (ale/vintage ale), same volume (500ml), same pack count (1). Minor variation in descriptor ('6.5% Ale Beer' vs 'Vintag"
8328,22994,Morrisons,llm_r3_retry,0.95,"Dark brown soft sugar, 500g matches cluster exactly. Silver Spoon is a branded alternative to own-brand products, but core product (dark soft brown sugar, 500g)"
8775,49757,Tesco,llm_r3_retry,0.95,"Stockwell & Co is Tesco's own-brand equivalent. Orange Marmalade, Thick Cut variety, 454g matches cluster specifications exactly. Own-brand of different SM allo"
2226,39741,Sains,llm_r3_retry,0.95,"Same brand (Malibu), same variety (Original), same volume (700ml/70cl), same product type (rum liqueur with coconut flavour)"
2228,24888,Morrisons,llm_r3_retry,0.95,"CleanCo Clean G Non-Alcoholic Gin Replacement matches the cluster's core product: same brand (CleanCo/Clean Co), same non-alcoholic spirit category, same 700ml "
2550,47191,Sains,llm_r3_retry,0.95,"White Zinfandel Rosé wine, 750ml. Matches variety (White Zinfandel), style (Rosé), and volume. Blossom Hill is a different brand from cluster entries, but clust"
2653,38900,Sains,llm_r3_retry,0.95,"Sainsbury's Medium Dry Low Alcohol Apple Cider 500ml matches the cluster: same brand (Stowford Press equivalent - low alcohol apple cider), same variety (low al"
8417,27136,Morrisons,llm_r3_retry,0.95,"Lindt Lindor Salted Caramel Egg, 259.3g matches the cluster's Lindt Milk Chocolate Easter Egg with Salted Caramel Truffles at ~260g. Same brand, same flavor (sa"
8373,47431,Sains,llm_r3_retry,0.95,"Lindt Gold Bunny, white chocolate, 200g matches cluster exactly. Option A is 195g (different weight), G is special edition milk chocolate (different flavour), E"
2777,26931,Morrisons,llm_r3_retry,0.95,"Linda McCartney brand, Vegetarian Chorizo & Red Pepper Sausages variety, 6 pack, 270g weight matches cluster products from ASDA and Tesco"
8904,57045,Tesco,llm_r3_retry,0.95,"Freixenet Prosecco, 200ml (20cl), same brand and variety as cluster. Minor spelling variation (Freixenent) is likely a typo but core product is identical."
8220,24747,Morrisons,llm_r3_retry,0.95,"Greene King IPA, 2000ml total volume. Matches brand, variety (IPA), and volume of cluster. Pack count (4x500ml) is implicit in 2000ml volume."
8185,40836,Sains,llm_r3_retry,0.95,"Greene King Ice Breaker Pale Ale, 4x440ml pack (1760ml total), matches cluster exactly. Candidate A is the unfiltered variant but same brand, same variety core "
71,22737,Morrisons,llm_r3_retry,0.95,"Clipper brand, organic tea, 80 tea bags, 280g weight matches ASDA listing exactly. 'Fairtrade' is a certification attribute of the same core product variant."
2803,26732,Morrisons,llm_r3_retry,0.95,"Birds Eye brand, Southern Fried Chicken Grills (vegan/chicken-free variety), gluten free, 175g matches ASDA listing exactly. Pack count of 2 aligns with Sainsbu"
2825,45777,Sains,llm_r3_retry,0.95,"Sainsbury's Cinnamon Swirls matches the cluster core product: same variety (cinnamon swirls/rolls), same pack count (4), similar weight range (368g vs 318-375g "
2848,26322,Morrisons,llm_r3_retry,0.95,"Chicago Town Tiger Crust Cheesy Ham & Bacon, 320g - matches brand, variety/flavour, and weight of cluster. Truncated name in listing but core product identical."
8825,52349,Tesco,llm_r3_retry,0.95,"Petits Filous brand, No Added Sugar variety, 6x47g pack (282g total) matches cluster format and weight. Only difference is flavor (Apple Pear & Banana vs Strawb"
4385,35641,Sains,llm_r3_retry,0.95,"KTC Sunflower Oil 1L matches the core product (sunflower oil, 1000ml volume). While KTC is a different brand than the cluster's own-brands, it is a branded sunf"
10574,530,ASDA,llm_r3_retry,0.95,"Options brand, white chocolate variety, 220g size matches cluster exactly. 'Instant' descriptor is minor variation in product form but same core product."
8995,45553,Sains,llm_r3_retry,0.95,"Sainsbury's Indulgence Ice Cream, Mint 4x110ml (440ml total) matches the cluster's core product: mint-flavored ice cream cones, 4-pack, 440ml total. Own-brand e"
1404,61865,Tesco,llm_r3_retry,0.95,"Same brand (Merchant Gourmet), same core product (Glorious Grains with Red Rice & Quinoa), same weight (250g). The cluster shows slight naming variations across"
10478,8425,ASDA,llm_r3_retry,0.95,"Very Lazy Red Chillies brand, 190g size matches cluster. The addition of 'in White Wine Vinegar' is a processing/preservation detail of the same core product va"
1658,58168,Tesco,llm_r3_retry,0.95,"Fibre One brand, Crispy Chocolate Brownies variety, 120g total weight, 5x24g pack count - matches cluster across all attributes"
1749,54720,Tesco,llm_r3_retry,0.95,Van Der Meulen Melba Original Thins 100G matches the core product - melba toast in 100g format. The cluster contains own-brand melba toasts from different super
1817,20233,Morrisons,llm_r3_retry,0.95,"Same brand (Innocent Plus), same variety (Wonder Green Apple & Pear), same volume (750ml). Product name truncation in Morrisons listing is standard practice and"
9900,7646,ASDA,llm_r3_retry,0.95,"Same brand (Baxters), same variety (Cream of Tomato), same weight (400g). Minor text variation ('Soup' omitted in candidate) is likely truncation in product nam"
1859,28025,Morrisons,llm_r3_retry,0.95,"Robinsons brand, Double Strength Lemon, No Added Sugar variant, 1750ml volume matches cluster. Truncated text in candidate name ('No Addded Sugar…') indicates s"
2015,23340,Morrisons,llm_r3_retry,0.95,"Ainsley Harriot Aromatic Thai Chicken matches brand, variety/flavour (Aromatic Thai Chicken & Lemongrass), and weight (69g) of cluster. Text appears truncated b"
9509,9090,ASDA,llm_r3_retry,0.95,Semi-skimmed longlife milk in 1000ml. Own-brand (JUST ESSENTIALS) matches cluster pattern of different supermarket own-brands with identical core product specif
9456,9195,ASDA,llm_r3_retry,0.95,"ASDA Half Fat Crème Fraîche 300ml matches the core product (crème fraîche, 300ml). Different variety (half fat vs. regular), but same weight/volume and unbrande"
9366,12319,ASDA,llm_r3_retry,0.95,"Shepherd's Pie, 400g, own-brand from different supermarket (ASDA). Core product matches cluster exactly - same dish, same weight, same serving format as Morriso"
9320,2618,ASDA,llm_r3_retry,0.95,"ASDA Fragrant & Tasty Tomato Juice 1000ml matches the cluster's core product: tomato juice, 1L/1000ml volume. All three cluster entries are own-brand tomato jui"
9328,12317,ASDA,llm_r3_retry,0.95,"Bistro by ASDA Cottage Pie 400g matches the core product: cottage pie, 400g weight, single serve. All three cluster items are premium own-brand cottage pies fro"
9162,32180,Sains,llm_r3_retry,0.95,"Sainsbury's Desiccated Coconut 250g is desiccated coconut, same core product as cluster. Different weight (250g vs 150-200g) but this is acceptable variation wi"
9071,10872,ASDA,llm_r3_retry,0.95,"ASDA Free From 6 Assorted Jam Tart matches the cluster: free-from/own-brand across all three SMs, 6-pack count, jam tarts variety. Weight slightly different (21"
2892,45645,Sains,llm_r3_retry,0.95,"Same core product: minted/mint lamb quarter pounders, 4-pack, ~450g. Sainsbury's own-brand equivalent to cluster's own-brand products from other SMs. Taste the "
8100,59861,Tesco,llm_r3_retry,0.95,"King Goblin Ale Beer Bottle 500ml matches the cluster's core product. The Hobgoblin brand prefix appears to be the manufacturer/parent brand, while King Goblin "
7999,57536,Tesco,llm_r3_retry,0.95,"Gressingham Duck Breast Portions vs Fillets - both are duck breast cuts from Gressingham brand, 250g weight. 'Fillets' and 'Portions' are synonymous terms for t"
4864,34566,Sains,llm_r3_retry,0.95,"Opies Mini Silverskin Onions is the core product in cluster. Candidate A is Opies Cocktail Onions with Spirit Vinegar 227g - same brand (Opies), same weight (22"
5451,33272,Sains,llm_r3_retry,0.95,"Mr Porky brand, Original variety, 65g weight - matches all cluster criteria. Candidate A adds 'Hand Cooked' descriptor (different variety specification), candid"
3959,17363,Morrisons,llm_r3_retry,0.95,"Applewood brand, vegan cheese alternative, 200g weight. 'Vegan Block' is the product form equivalent to 'Vegan Smoky Cheese Alternative' - same core product, sa"
5090,61090,Tesco,llm_r3_retry,0.95,"Two Chicks Liquid Egg Whites, 500ml volume matches cluster's 500g (liquid egg white density ~1g/ml), same brand, same variety"
4966,34869,Sains,llm_r3_retry,0.95,"Same core product: Hollandaise Sauce Mix, 25g. Sainsbury's own-brand equivalent to Schwartz brand across other supermarkets, same variety and weight."
4948,38013,Sains,llm_r3_retry,0.95,"Maggi brand, Piri Piri flavour, 27g weight. Only difference is 'Air Fryer' variant descriptor, but core product (Maggi Piri Piri 27g) matches cluster."
4938,35266,Sains,llm_r3_retry,0.95,"Same core product (Paella Recipe Mix), same weight (30g), same pack count (1). Different brand (Sainsbury's own-brand vs Schwartz branded), but own-brand equiva"
4923,35216,Sains,llm_r3_retry,0.95,"Same core product (Spaghetti Carbonara Recipe Mix), same weight (32g), same product line (Inspired to Cook is Sainsbury's equivalent to Schwartz brand positioni"
4867,22648,Morrisons,llm_r3_retry,0.95,"Baxters Baby Beetroot 340g matches the cluster's core product (whole baby beetroot in vinegar, 340g size). Different brand from cluster but same variety, weight"
7965,64785,Tesco,llm_r3_retry,0.95,"Tesco Unsmoked Back Bacon Rashers 300G matches the cluster's core product: unsmoked back bacon rashers, 300g weight, own-brand equivalent across different super"
4770,22782,Morrisons,llm_r3_retry,0.95,Saxa So-Low Salt is a reduced sodium salt product (50% less sodium) matching the cluster's core product type. Weight 340g matches ASDA's LoSalt. While different
4776,35239,Sains,llm_r3_retry,0.95,"Sainsbury's Zaatar matches the cluster's za'atar seasoning core product. Same flavour (zaatar/za'atar), same weight category (35g), though different brand/own-l"
4734,23924,Morrisons,llm_r3_retry,0.95,"Bertolli Extra Virgin Olive Oil 500ml matches the cluster's core product (extra virgin olive oil, 500ml volume). While brand differs from cluster's own-brands, "
4685,50533,Tesco,llm_r3_retry,0.95,"Same core product (Ground Allspice), same variety/flavour, similar weight (33g vs 40-45g cluster range), Tesco own-brand matches Sainsbury's/ASDA own-brand patt"
4206,21421,Morrisons,llm_r3_retry,0.95,"Same core product: Tuna Chunks in Sunflower Oil, 145g. John West is a major branded alternative to own-brand tuna in UK supermarkets. Matches weight and variety"
4424,24120,Morrisons,llm_r3_retry,0.95,"Heinz Mayoracha, 400ml, same brand and core product. 'Mash Ups' is a sub-range descriptor not part of core product name. Matches cluster's core product across a"
4470,52462,Tesco,llm_r3_retry,0.95,"Heinz Curry Tomato Ketchup, same brand and variety. Weight difference (570g vs 500ml) is minimal and likely represents the same product in different weight meas"
5524,45018,Sains,llm_r3_retry,0.95,"Mini garlic & coriander naan, 4 pack, ~200g matches cluster specifications. Own-brand Sainsbury's equivalent to Patak's brand in cluster is acceptable per rules"
5575,53571,Tesco,llm_r3_retry,0.95,"Skittles brand, Fruits/Giants variety, vegan chewy sweets, 132g weight - matches the cluster's core product identity"
3791,53004,Tesco,llm_r3_retry,0.95,"Fuel 10K brand, granola product, 400g size matches cluster. Fruit Loaded variety is a Fuel10K line variant similar to Mocha and Super Berry flavours in cluster."
3739,22595,Morrisons,llm_r3_retry,0.95,"Morrisons Syrup Oat 8 Sachets matches the cluster: porridge oats with golden syrup flavour, 8-sachet pack format (same as Sainsbury's and Tesco), own-brand equi"
7961,63065,Tesco,llm_r3_retry,0.95,"Tesco Gammon Joint 750G matches the cluster: unsmoked gammon joint, 750g weight, own-brand equivalent to ASDA/Morrisons/Sainsbury's unsmoked gammon joints"
7845,36790,Sains,llm_r3_retry,0.95,"Virtu Pierogi Z Miesem 400g matches the core product: pierogi/dumplings with meat, 400g weight. Same variety and weight as cluster items despite different brand"
7694,61640,Tesco,llm_r3_retry,0.95,"Tesco Unsalted Mixed Nuts & Raisins 250G matches the core product (mixed nuts & raisins, unsalted) and supermarket own-brand. Weight difference (250g vs 200g cl"
7533,57235,Tesco,llm_r3_retry,0.95,"Ravenswood Lodi Zinfandel 75cl matches the Morrisons listing in the cluster (Ravenswood Lodi Old Vine Zinfandel). Same brand, same variety (Zinfandel), same vol"
3087,52239,Tesco,llm_r3_retry,0.95,"Wall's Calippo Mini Orange & Lemon-Lime matches the cluster: same brand (Calippo/Wall's), same format (5x80ml = 400ml), same variety (orange citrus flavor). Min"
7509,56071,Tesco,llm_r3_retry,0.95,"Paul Mas Reserve Viognier is a branded Viognier wine in 750ml bottle, matching the core product (Viognier variety, 750ml volume) of the cluster. While cluster s"
3242,51250,Tesco,llm_r3_retry,0.95,"Actimel branded yoghurt drink, 800g multipack of 8x100g format, matches the core product across all three SMs in cluster. Different flavour variety (Multifruit "
3281,43416,Sains,llm_r3_retry,0.95,"Sainsbury's Greek Style Natural Yogurt 1kg matches the cluster's core product: Greek-style yogurt, plain/natural variety, 1000g pack size. All three cluster pro"
6941,52869,Tesco,llm_r3_retry,0.95,"Haribo Maoam Joystixx 140G matches the cluster: same brand (Maoam), same variety (Joystixx), same weight (140g). The Haribo parent company branding doesn't chan"
6852,19670,Morrisons,llm_r3_retry,0.95,"Quorn brand, Mozzarella variety, 240g weight matches cluster. Full product name likely 'Quorn Vegetarian Mozzarella Escalopes' based on truncation pattern."
6843,19487,Morrisons,llm_r3_retry,0.95,"Covent Garden Classic Chicken soup, 550g matches cluster brand, variety, and weight. Abbreviated product name is consistent with grocery labeling variations."
6618,23150,Morrisons,llm_r3_retry,0.95,"Sharwood's Raita Sauce is a branded raita product at 190g, matching the core product (raita dip/sauce) and weight of the cluster. While the cluster contains own"
6229,49264,Tesco,llm_r3_retry,0.95,"Tesco Sparkling Diet Lemonade 2L matches the cluster's core product: diet lemonade, 2000ml volume, same category as ASDA/Morrisons/Sainsbury's diet lemonade pro"
6178,49732,Tesco,llm_r3_retry,0.95,"Diet Coke, 8x330ml (2640ml total), matches the cluster's core product. The cluster contains both regular Diet Coke and Diet Coke No Caffeine variants - candidat"
5992,53604,Tesco,llm_r3_retry,0.95,Tesco Finest Belgian Triple Chocolate Muffins 2 Pack matches the cluster: all are premium own-brand triple chocolate muffins in 2-pack format. Same core product
1422,59358,Tesco,llm_r3_retry,0.95,"East End Green Lentils 500G matches the cluster's core product: dried green lentils, 500g pack. Brand is different but core product (dried green lentils) is ide"
4428,23984,Morrisons,llm_r3_retry,0.95,"Heinz Mayomust, 400ml - matches brand, variety, and size of cluster listings (400ml/400g equivalent)"
1346,36973,Sains,llm_r3_retry,0.95,"Napolina Potato Gnocchi 500g matches the cluster's core product (gnocchi, 500g). The cluster contains different supermarket own-brands of identical gnocchi; Nap"
12013,15193,ASDA,llm_r3_retry,0.95,"Nutri-Brex Gluten Free Original matches the brand (Nutribrex/Nutri-Brex), variety (Gluten Free), and weight (375g) of the cluster. 'Original' is the standard/ba"
986,37755,Sains,llm_r3_retry,0.95,"Sainsbury's Moroccan Almond Extract matches the core product: same variety (Moroccan Almond), same format (liquid extract), same volume (38ml vs 35-38ml range i"
979,24114,Morrisons,llm_r3_retry,0.95,Cake Decor American Peppermint Extract 38ml matches the cluster's core product: American Peppermint Extract in similar volume (38ml vs 35-38ml range). Different
941,52471,Tesco,llm_r3_retry,0.95,"Innocent Kids Super Smoothie, 600ml total (4x150ml pack), same brand and format as cluster. Flavour is different (Mangoes, Peaches, Apricots & Apples vs Mango F"
917,38866,Sains,llm_r3_retry,0.95,"Innocent Kids Smoothies, 4x150ml (600ml total), same brand and pack format as cluster. Flavour varies across cluster examples (peaches/passion fruits/oranges vs"
11695,55278,Tesco,llm_r3_retry,0.95,"Tesco Medium Pot Rosemary is fresh rosemary in a pot format, matching the core product (fresh rosemary) from the cluster. Own-brand rosemary products across UK "
11698,59490,Tesco,llm_r3_retry,0.95,"Tesco Green Seedless Grapes Pack 500G matches the cluster: green grapes, seedless variety, 500g pack. Own-brand products from different SMs (ASDA, Morrisons, Sa"
828,49405,Tesco,llm_r3_retry,0.95,"Same brand (KA), same variety (Sparkling Pineapple), same volume (2000ml/2 Litre), same pack format. Minor naming variation (full product name vs shortened) is "
11905,914,ASDA,llm_r3_retry,0.95,"ASDA Organic Lettuce matches the core product (organic lettuce) from the cluster. All three SMs have organic lettuce varieties (Morrisons Organic, Sainsbury's S"
777,50710,Tesco,llm_r3_retry,0.95,"Same brand (Juice Burst/Juiceburst), same flavour (Apple), same volume (500ml), same pack count (1). Matches cluster across all three supermarkets."
738,27770,Morrisons,llm_r3_retry,0.95,"Coca-Cola Zero Vanilla 500ml matches the cluster brand (Coca-Cola Zero), variety (Vanilla), and volume (500ml). Cluster contains both Vanilla and Lemon variants"
11991,49378,Tesco,llm_r3_retry,0.95,"Warburtons 21 Seeds & Grains thin bagels x4 - matches the Sainsbury's cluster item exactly (same brand, same variety '21 Seeds & Grains', same bagel format, sam"
613,19576,Morrisons,llm_r3_retry,0.95,"Pukka brand, pork sausage roll, same 130g weight. 'Jumbo' descriptor may indicate size difference, but weight specification matches cluster exactly."
11518,1953,ASDA,llm_r3_retry,0.95,"Same brand (Cawston Press), same flavour (Apple & Ginger), same volume (1000ml). 'Original Recipes' is a product line variant but represents the same core juice"
492,44080,Sains,llm_r3_retry,0.95,Sainsbury's Tuna & Sweetcorn Deli Filler 220g matches the core product (tuna & sweetcorn sandwich filler) from the cluster. All three cluster entries are own-br
12465,2858,ASDA,llm_r3_retry,0.95,"Pastificio Liguori Casarecce No.27 500g matches the core product: same pasta shape (Casarecce), same weight (500g), branded alternative to cluster's own-brand v"
464,29572,Morrisons,llm_r3_retry,0.95,Morrisons Purple Aubergine is the same core product as the cluster - all are fresh aubergines sold individually by different UK supermarket own-brands. The 'Pur
12850,27543,Morrisons,llm_r3_retry,0.95,"Confetteria Raffaello Tablet 90g matches the cluster's Ferrero Raffaello White Chocolate with Coconut & Almond Bar 90g - same brand (Ferrero/Confetteria), same "
12950,21525,Morrisons,llm_r3_retry,0.95,"Costa Coffee Brazilian Blend Ristretto, 57g, 10 pods. Matches cluster on brand (Costa), variety (Brazilian Blend Ristretto), weight (57g), and pack count (10). "
13239,24769,Morrisons,llm_r3_retry,0.95,"Mirabeau Forever Summer Rose 750ml matches the cluster's brand (Mirabeau), rosé variety, and 750ml volume. The cluster contains 'Mirabeau Forever Summer' and 'M"
13282,13426,ASDA,llm_r3_retry,0.95,"Petit Chablis wine, 750ml bottle. All cluster items are Chablis wines (750ml), and candidate A is Petit Chablis (a recognized Chablis variety) with matching vol"
371,53055,Tesco,llm_r3_retry,0.95,"Tesco Butterhead Lettuce is a round lettuce variety, matching the core product (round lettuce) from the cluster. Different supermarket own-brands of the same fr"
13610,29398,Morrisons,llm_r3_retry,0.95,"Morrisons Shallots 300g matches the core product (shallots) across all three supermarkets. While weights vary (300-400g), the 300g size is present in the cluste"
219,21587,Morrisons,llm_r3_retry,0.95,"Starbucks Caramel flavour, 10 capsules, 50g - matches cluster variety, brand, pack count, and weight (cluster shows 50-51g across listings)"
14020,12068,ASDA,llm_r3_retry,0.95,"Beef & Ale pie is the core product across cluster (casserole, pie, stew all beef+ale prepared dishes). ASDA F matches with British Steak & Ale Pies, same flavou"
11554,14625,ASDA,llm_r3_retry,0.95,"ASDA Full-Flavoured 24 Beef Meatballs 672g matches the cluster core product: 24 beef meatballs, 672g pack size (same as Tesco). Own-brand equivalents across dif"
12111,57771,Tesco,llm_r3_retry,0.95,"Tuna & Sweetcorn Sandwich matches the core product (same variety/flavour) across all three cluster entries. Own-brand Tesco equivalent to ASDA, Morrisons, and S"
11048,46360,Sains,llm_r3_retry,0.95,"Sainsbury's Bake at Home White Petit Pains x6 matches the core product: bake-at-home petit pains, same pack count (6), same variety (white/plain). Cluster conta"
11242,45704,Sains,llm_r3_retry,0.95,"Sainsbury's Chilli Con Carne & White Rice Ready Meal is the same core product as the cluster: chilli con carne with rice, 400g pack size, matching the ASDA and "
11228,45496,Sains,llm_r3_retry,0.95,"Both are pain au chocolat, all-butter, bake at home products. Sainsbury's A matches the core product despite slightly different weight (360g vs 276-320g range) "
10866,39926,Sains,llm_r3_retry,0.95,"Old Speckled Hen Pale Ale 500ml matches the brand and core product. The cluster contains variations (Low Alcohol, Session Ale, Gluten Free) of the same base bra"
10685,38573,Sains,llm_r3_retry,0.95,"Same brand (Corona), same variety (Extra Premium Lager), same pack count (12x330ml), same total volume (3960ml). Only difference is bottles vs cans, but core pr"
11320,12858,ASDA,llm_r3_retry,0.95,"Mars 4x39.4g (157.6g) matches the Sainsbury's listing exactly - same brand (Mars), same variety (standard Mars bar multipack), same pack count (4), and same tot"
14033,27166,Morrisons,llm_r3_retry,0.92,Maltesers Teasers Large Egg format matches cluster. Weight variation (180g vs 185g) is minor and likely due to product reformulation or rounding across retailer
11234,59588,Tesco,llm_r3_retry,0.92,"Triple cooked chips, beef-basted/dripping, 750g weight, premium own-brand from major UK supermarket. Matches core product of cluster across all key attributes."
8005,63386,Tesco,llm_r3_retry,0.92,"Tesco Smoked Bacon Lardons matches the core product: smoked bacon lardons, own-brand equivalent to cluster. Weight variation (200g vs 160-200g range) is accepta"
12822,11551,ASDA,llm_r3_retry,0.92,"Las Chicas Tinga is a chipotle paste in 100g format, matching the core product category and weight of the cluster. While brand differs from cluster entries, it "
10606,2413,ASDA,llm_r3_retry,0.92,"ASDA 'Disposable Loaf Liners' matches the cluster's core product (loaf tin cake liners). All three cluster products specify loaf tin liners, and B explicitly st"
6898,52965,Tesco,llm_r3_retry,0.92,"Eastmans Steak Pie 150g matches the core product: steak pie in puff pastry, 150g weight. Eastmans is a branded product but represents the same unbranded core pr"
3050,45689,Sains,llm_r3_retry,0.92,"Sainsbury's Chicken Steaks In Crispy Crumb 380g matches the cluster's core product: breaded/fried chicken steaks, 380g, 4-pack format. Own-brand equivalent acro"
5923,25958,Morrisons,llm_r3_retry,0.85,"Large white baps, pack of 4. 'Extra Large' is a size variation of the same core product (large white baps). Close match to cluster specification."
5577,27436,Morrisons,llm_r3_retry,0.85,Skittles Sours matches the cluster's sour fruit sweets variety. Weight 140g is close to cluster's 130-136g range (minor variation acceptable for same product ac
6552,53740,Tesco,llm_r3_retry,0.85,"Sharwoods Sweet Chilli Garlic Stir Fry Sauce 120g matches the core product (sweet chilli & garlic stir-fry sauce, 120g format). The '30% Less Sugar' variant is "
5804,29636,Morrisons,llm_r3_retry,0.85,"D is 'Morrisons The Best Hand Decorated Vic...' which appears to be a Victoria Sponge cake from Morrisons' premium 'The Best' range, matching the premium tier ("
5816,18657,Morrisons,llm_r3_retry,0.85,"Market Street Vanilla Custard Slices matches the core product: custard slices in a 2-pack format, same variety (vanilla/custard), consistent with cluster produc"
5841,30530,Morrisons,llm_r3_retry,0.85,Irwin's Together Cinnamon buns match the core product (cinnamon buns) of the cluster. All cluster items are cinnamon buns in 2-pack format. Irwin's is a branded
5835,25913,Morrisons,llm_r3_retry,0.85,"Market Street Flapjack Bites matches the core product: flapjack bites in a multi-pack format, same category as cluster. Own-brand equivalent to Sainsbury's/ASDA"
10208,49588,Tesco,llm_r3_retry,0.85,White Lasagne Sauce from Tesco matches the cluster's core product (white lasagne sauce). Different brand (Tesco own-brand vs Loyd Grossman) and slightly smaller
5937,29188,Morrisons,llm_r3_retry,0.85,"Morrisons The Best Twin Lemon matches cluster pattern: premium own-brand lemon cheesecake slices, 190g pack size (consistent with 180-190g range in cluster), 2-"
13014,27648,Morrisons,llm_r3_retry,0.85,Morrisons own-brand apple juice in 1000ml matching cluster's volume and core product type. 'No Added Sugar' is a variant descriptor but same base product (pure 
5926,26067,Morrisons,llm_r3_retry,0.85,"Whaoo! Chocolate Filled Crepes matches the core product (chocolate filled crepes, pack of 6) found in the cluster. The cluster contains two Sainsbury's and one "
5934,26009,Morrisons,llm_r3_retry,0.85,"Morrisons The Best Wholemeal is own-brand equivalent to cluster's wholemeal baps. Same variety (wholemeal), same format (baps), same pack count (4). Weight 800g"
13415,906,ASDA,llm_r3_retry,0.85,"ASDA Mild & Crunchy Celery Sticks is organic celery from ASDA, matching the core product (organic celery) in the cluster. Different presentation (sticks vs whol"
10057,7588,ASDA,llm_r3_retry,0.85,"ASDA own-brand peeled plum tomatoes in 400g tin, matching the core unbranded product across Morrisons, Sainsbury's, and Tesco. All are peeled plum tomatoes, sam"
6049,25879,Morrisons,llm_r3_retry,0.85,"Morrisons Bake at Home Crusty White Rolls matches the core product: white crusty rolls in a multi-pack format, same category as cluster items from ASDA, Sainsbu"
6106,30079,Morrisons,llm_r3_retry,0.85,"Spiderman Celebration Cake matches the Marvel Spiderman Cake brand and character theme from cluster. Same core product (Spiderman cake), though serving size dif"
6409,22423,Morrisons,llm_r3_retry,0.85,"Homepride brand, Chilli variety, 475g weight matches cluster. 'Family Favourite' variant is a different product line but core product is chilli sauce in same si"
12932,21775,Morrisons,llm_r3_retry,0.85,Morrisons Savers Salted Tortillas 180g matches the core product (lightly/salted tortilla chips) and weight (180g matches ASDA). Own-brand match across different
10852,13411,ASDA,llm_r3_retry,0.85,"Muscadet Appellation D'Origine Protégée is the same wine variety (Muscadet) from the same region, 750ml bottle. While the cluster includes specific sub-appellat"
6372,24664,Morrisons,llm_r3_retry,0.85,Mix Up Gin And Diet Tonic 250ml matches the cluster's core product: gin with diet/slimline tonic in 250ml format. Different brand (Mix Up vs Gordon's) but same 
9282,55167,Tesco,llm_r3_retry,0.85,"Tesco 30% Reduced Fat Prawn Cocktail 170G matches the core product: prawn cocktail variety, reduced fat variant present in cluster (ASDA Reduced Fat), 170g size"
13458,6543,ASDA,llm_r3_retry,0.85,"ASDA Succulent Cooked & Peeled Cold Water Prawns 150g matches the core product: cold water prawns, cooked & peeled, 150g. All three cluster entries are Canadian"
13465,12200,ASDA,llm_r3_retry,0.85,"ASDA Side For Two Bombay Potatoes matches the core product (Bombay Potato side dish, serves 2). Weight is 250g vs 300g in cluster, but this is a minor variation"
5436,53420,Tesco,llm_r3_retry,0.85,"Prawn-flavored crisps, 150g, same weight as cluster. 'Marie Rose' is a prawn-based sauce variant of prawn cocktail flavor, representing the same core product ca"
4462,32256,Sains,llm_r3_retry,0.85,"Sainsbury's Tomato Ketchup Sauce, Reduced Salt matches the core product (tomato ketchup with reduced salt/sugar). While weight varies slightly across cluster (4"
14180,28336,Morrisons,llm_r3_retry,0.85,Morrisons Small Unsmoked is unsmoked gammon joint matching cluster variety. Weight 1549.4g falls within cluster range (1.4-2.2kg). 'Small' designation aligns wi
10488,2245,ASDA,llm_r3_retry,0.85,Opies Stem Ginger in Syrup is the same core product (stem ginger in syrup preserve). Weight difference (280g vs 340-350g) is minor variation common across retai
4629,35016,Sains,llm_r3_retry,0.85,Sainsbury's Celery Salt 78g matches the core product (celery salt) and weight is within acceptable range of cluster (71.4-72g vs 78g). Different brand (Sainsbur
4663,21377,Morrisons,llm_r3_retry,0.85,"Schwartz Ground Sumac is the same core product (sumac spice) as the cluster. Weight (44g) is within the range of cluster weights (45-52g), typical variation for"
13954,29627,Morrisons,llm_r3_retry,0.85,Yorkshire Baking Co. Banana Mega Loaf matches the banana loaf cake flavor from the cluster. While 'Mega Loaf' suggests potentially different sizing than the 250
4754,33848,Sains,llm_r3_retry,0.85,"Same variety (Fajita Seasoning), same weight (~48g matches cluster's ~46-47g range), different brand (Sainsbury's own-brand vs Schwartz) but acceptable per rule"
13846,25945,Morrisons,llm_r3_retry,0.85,"All Butter Croissants - core product match. Brioche Pasquier is a branded all-butter croissant product, same category and type as cluster items (ASDA Extra Spec"
13766,7311,ASDA,llm_r3_retry,0.85,ASDA Wensleydale Mild & Crumbly 250g matches the core product (plain Wensleydale cheese) from the cluster. All cluster items are plain Wensleydale with no added
4809,37481,Sains,llm_r3_retry,0.85,Baxters Caramelised Onion Chutney 290g matches the cluster's core product (red/caramelised onion chutney) with similar weight (290g vs 280-310g range). Differen
13749,19408,Morrisons,llm_r3_retry,0.85,Morrisons Wafer Thin Ham matches the core product (wafer thin cooked ham slices) from the cluster. All cluster items are wafer thin cooked ham. Candidate A is w
13735,12166,ASDA,llm_r3_retry,0.85,"ASDA Main For Two Lamb Rogan Josh 400g matches the core product (Lamb Rogan Josh ready meal, 400g format). While cluster shows 'for 1' meals and this is 'for tw"
4920,34048,Sains,llm_r3_retry,0.85,"Same core product (Chicken Casserole Recipe Mix), same variety/flavour. Weight differs slightly (40g vs 36g cluster), but this is minor variation within accepta"
4921,34137,Sains,llm_r3_retry,0.85,"Same variety (Spaghetti Bolognese), same flavour, similar weight (43.9g vs 40g cluster, minor variation acceptable for own-brand equivalent), same recipe mix pr"
4925,33990,Sains,llm_r3_retry,0.85,"Same core product (Chilli Con Carne Recipe Mix), same weight (40-41g), same pack count (1). Different brand (Sainsbury's own-brand vs Schwartz), but core unbran"
13647,1114,ASDA,llm_r3_retry,0.85,"Albert Bartlett 3 Mild Onions matches the core product (mild brown onions, pack of 3) found in the cluster. While pack count differs slightly from cluster (3 vs"
10594,8868,ASDA,llm_r3_retry,0.85,"ASDA Light Honey & Mustard Dressing 250ml matches the core product (honey & mustard dressing, 250ml volume) despite 'Light' variant and different own-brand. Clu"
10409,13654,ASDA,llm_r3_retry,0.85,"Same product type (semolina), same weight (500g). Different brand (Cypressa vs Whitworths) but core product is identical plain semolina flour."
5066,62005,Tesco,llm_r3_retry,0.85,"Lactofree Spreadable 250G matches the core product - Arla LactoFREE Slightly Salted Spreadable blend, 250g. Tesco own-brand version of the same core product (la"
5236,33391,Sains,llm_r3_retry,0.85,Sainsbury's Simply Salty Butterfly Popcorn 90g matches the core product (salted popcorn) and weight range (80-100g) of the cluster. Own-brand salted popcorn fro
5266,31972,Sains,llm_r3_retry,0.85,Sainsbury's own-brand Assorted Crisps 6x25g 150g matches the cluster pattern: own-brand variety packs from different supermarkets with identical weight and pack
6582,21068,Morrisons,llm_r3_retry,0.85,"Plain flour tortillas, 8 pack, 320g - matches core product of cluster. Different brand (Santa Maria vs own-brands) but identical variety, format, weight and pac"
6857,45666,Sains,llm_r3_retry,0.85,"Cottage Pie ready meal, 350g size matches Tesco in cluster. Sainsbury's own-brand equivalent to other SMs' own-brands. Same core product despite different Sains"
6673,49262,Tesco,llm_r3_retry,0.85,Tesco Artichoke Antipasti 285g matches the core product (marinated/prepared artichokes in similar weight). All cluster items are quartered/marinated artichokes 
8418,63683,Tesco,llm_r3_retry,0.85,"Tony's Chocolonely Easter/Egg-stra Special chocolate eggs. A is 178g vs cluster's 150g (slight weight difference), but same brand, same core product line and Ea"
8143,24533,Morrisons,llm_r3_retry,0.85,"Same brand (Hobgoblin), same variety (Ruby), same flavor profile. However, volume differs (1750ml vs 2272ml for 4x568ml packs), which creates some uncertainty a"
11707,15164,ASDA,llm_r3_retry,0.85,JUST ESSENTIALS by ASDA Oranges matches the cluster's core product (oranges) at the same budget own-brand tier. Other candidates are different varieties (peache
11225,5953,ASDA,llm_r3_retry,0.85,"ASDA Golden Crispy Potatoes 900g matches the core product (crispy potatoes, own-brand across SMs allowed) though weight differs slightly (900g vs 700-750g in cl"
9445,48798,Sains,llm_r3_retry,0.85,"Free Range Eggs, Large size, x6 pack. Purely Organic is a different brand from the cluster (ASDA, Morrisons, Tesco own-brands), but the core product is identica"
11683,43345,Sains,llm_r3_retry,0.85,"Sainsbury's Vivaldi Baking Potatoes x4 matches the cluster's core product (baking potatoes, pack of 4). Vivaldi is a specific baking potato variety. All three c"
8338,20230,Morrisons,llm_r3_retry,0.85,"Morrisons The Best Yorkshire Pudding with beef dripping, 4-pack, 175g. Core product matches (beef dripping yorkshire puddings, 4-pack, own-brand premium range)."
11637,865,ASDA,llm_r3_retry,0.85,"ASDA Sweet & Delicate Mild Bistro Salad matches the core product: bistro salad variety, similar weight (170g vs 150-160g range), own-brand equivalent to cluster"
8381,48067,Sains,llm_r3_retry,0.85,"Sainsbury's Nectarines x4 matches the cluster's core product (fresh nectarines in similar pack count). Cluster has 3-pack minimum, candidate A has 4-pack - clos"
11624,15159,ASDA,llm_r3_retry,0.85,"ASDA Garden Gang Amazing Apples matches the core product (loose apples, Royal Gala variety equivalent). All cluster items are loose Royal Gala apples from diffe"
8468,39318,Sains,llm_r3_retry,0.85,"Sainsbury's House Montepulciano 75cl matches the core product - Montepulciano D'Abruzzo variety, 750ml volume. Own-brand equivalent to the branded cluster produ"
11626,51963,Tesco,llm_r3_retry,0.85,"Tesco Finest Emperor Oranges 4 Pack matches the cluster: oranges, large/extra large size, 4 pack quantity. All three cluster items are unbranded oranges (4 pack"
9497,7286,ASDA,llm_r3_retry,0.85,ASDA Grana Padano matches the core product (Grana Padano cheese) from the cluster. Weight (160g) is slightly lower than cluster range (175-200g) but within acce
8576,26492,Morrisons,llm_r3_retry,0.85,"Little Moons Refreshos Vegan Pineapple matches the cluster's core product (Pineapple & Mandarin Mochi Sorbet), 190g weight matches ASDA, and Refreshos Vegan lin"
9358,7204,ASDA,llm_r3_retry,0.85,"ASDA British Half Fat Mature Grated Cheese 200g matches the cluster's core product: mature grated cheese, reduced fat variant, 200g weight. Cluster contains 'li"
8636,46670,Sains,llm_r3_retry,0.85,Disney Princess theme matches the cluster (Encanto/Princess). Celebration cake matches. 951g/Serves 14 aligns with cluster sizes. Own-brand Sainsbury's equivale
8635,46366,Sains,llm_r3_retry,0.85,White Muffins x6 matches the core product (plain oven bottom/English muffins). Cluster shows 4-6 pack counts of plain muffins across retailers. Sainsbury's Whit
8703,61071,Tesco,llm_r3_retry,0.85,"Tesco 10 Reduced Fat Mild Slices 200G matches the cluster's core product: reduced fat cheese slices, 200g weight. All cluster items are reduced fat cheesy/chees"
8699,63971,Tesco,llm_r3_retry,0.85,"Tesco 2 Cheese & Bacon Chicken Kiev 260g matches the cluster's core product: 2-pack, breaded chicken kiev, 260g weight. Bacon vs Ham is a minor flavor variation"
11584,14825,ASDA,llm_r3_retry,0.85,"Same core product (turkey mince), same weight (500g), same pack count (1). Fat content difference (7% vs <3%) is a variety variation but represents the same unb"
11587,14624,ASDA,llm_r3_retry,0.85,"ASDA Succulent 4 Quarter Pounder Beef Burgers 450g matches the core product: 4-pack beef burgers, quarter pounder weight class, 450g (same as Morrisons), plain "
11578,14670,ASDA,llm_r3_retry,0.85,"ASDA Flavourful Lamb Mince 500g matches the core product (lamb mince, 500g) from the cluster. While the fat content and 'Flavourful' descriptor differ slightly "
11577,14645,ASDA,llm_r3_retry,0.85,"Diced chicken breast, British/quality source implied, closest weight match at 750g. Other candidates fail on: A/B/H are branded Shazans with different varieties"
11927,33889,Sains,llm_r3_retry,0.85,Encona West Indian Hot Pepper Sauce 142ml matches the core product category (West Indian pepper sauce) and volume (142ml) of the cluster. While brand differs fr
6782,62685,Tesco,llm_r3_retry,0.85,"Tesco Finest Root Vegetable Cottage Pie 400g matches the core product (cottage pie, 400g, single serve). Different variety (root vegetable) is acceptable as clu"
12118,956,ASDA,llm_r3_retry,0.85,"ASDA Bold & Aromatic Sage is sage variety (same core product as cluster), ASDA own-brand matches other SMs' own-brands. Weight is 25g vs 20g in cluster (5g diff"
6815,56292,Tesco,llm_r3_retry,0.85,"Tesco Finest Beef & Ale Hotpot 400g matches the core product: beef hotpot, 400g, single serve meal. The 'Ale' variant is a minor flavour difference but represen"
10044,13587,ASDA,llm_r3_retry,0.85,KTC Extended Life Vegetable Oil 1L is a branded vegetable oil in the same volume (1000ml) as the cluster's own-brand vegetable oils. While KTC is a different br
9016,14795,ASDA,llm_r3_retry,0.85,ASDA Peppery Cumberland Pork Sausages 450g is a Cumberland sausage variety matching the cluster's core product (Cumberland pork sausages). Weight 450g is compar
12484,22995,Morrisons,llm_r3_retry,0.85,"John West Cracker Toppers Tuna variant, 80g matches cluster. B appears to be truncated 'Tun[a Mayo with Sweetcorn]' based on cluster pattern."
7097,55045,Tesco,llm_r3_retry,0.85,"Terry's Orange Milk Chocolate Minis - same brand, same variety (orange chocolate minis), same product line. Weight difference (95g vs 125g) is minor variation i"
7121,27554,Morrisons,llm_r3_retry,0.85,"After Eight brand, mint/peppermint variety, similar weight (200g vs 199g cluster). F is 'Mint Collection' which is the closest match to 'Dark & Milk Peppermint'"
7250,17384,Morrisons,llm_r3_retry,0.85,"Morrisons Free From Chocolate Bar matches the cluster's core product: free-from chocolate bar with orange flavour implied by cluster pattern, similar weight (10"
12404,13594,ASDA,llm_r3_retry,0.85,"Pure rapeseed oil, 1000ml volume matches cluster. Different brand (KTC vs Goldenfields/Sainsbury's/Tesco) but same core product variety. A is ruled out due to o"
12305,22638,Morrisons,llm_r3_retry,0.85,Morrisons Rose Harissa Paste is a harissa paste product matching the cluster's core product (harissa paste). While weight differs slightly (114.8g vs ~90g clust
7565,39068,Sains,llm_r3_retry,0.85,"Beaujolais wine from Sainsbury's. Different specific variety (Supérieur vs Villages) but closest match. Villages is the core product in cluster, Supérieur is a "
12115,44601,Sains,llm_r3_retry,0.85,Sainsbury's Red Leicester Ploughmans Sandwich matches the core product - a ploughman's-style cheese and pickle sandwich. All three cluster items are cheese & pi
11950,9902,ASDA,llm_r3_retry,0.85,"Plant-based/meat-free burger, 225-226g weight range, 2-pack count. Core product matches cluster despite different brand (Meatless Farm vs cluster brands). All t"
9800,2235,ASDA,llm_r3_retry,0.85,"Same core product (banana chips), same weight (150g). ASDA own-brand equivalent to Whitworths brand in cluster. Own-brand substitution is allowed when core prod"
10580,2228,ASDA,llm_r3_retry,0.85,ASDA Pecans is own-brand pecan nuts matching the cluster's core product (pecan nuts). Weight differs (150g vs 200-250g) but this is the closest match among cand
7896,43431,Sains,llm_r3_retry,0.85,"Sainsbury's Deli-Style Traditional Coleslaw 300g matches the core product: coleslaw, 300g weight, same variety (traditional/plain coleslaw), own-brand equivalen"
9761,8668,ASDA,llm_r3_retry,0.85,ASDA's COOK Italian Inspired Seasoning is an own-brand Italian seasoning product matching the core product category. Weight (12g) is slightly smaller than clust
11889,5968,ASDA,llm_r3_retry,0.85,"ASDA Crispy Roast Potatoes 800g matches the cluster's core product (roast potatoes, similar weight to Tesco's 800g). Cluster contains roast potatoes from multip"
8000,19092,Morrisons,llm_r3_retry,0.85,"Morrisons 10 Thin Spinach & Ricotta matches the core product (spinach & ricotta chicken), though 'Thin' suggests thinner breasts and 375g is slightly different "
8038,19100,Morrisons,llm_r3_retry,0.85,"Morrisons The Best British Dry Cumberland matches the cluster's core product: British Pork Cumberland Sausages, premium own-brand tier, 400g pack. 'Dry' variant"
9636,12079,ASDA,llm_r3_retry,0.85,"Lasagne product, similar weight range (730g vs 700-750g cluster), own-brand from different supermarket. Core unbranded product (lasagne) is identical across clu"
11107,46637,Sains,llm_r3_retry,0.85,"St. Pierre branded, 6-pack pastry product with chocolate. Brioche Swirls are a direct St. Pierre alternative to Pains Au Chocolat - same brand, same pack count "
8943,64404,Tesco,llm_r3_retry,0.85,"Same core product (lychees), same supermarket chain (Tesco), own-brand equivalent to cluster. Minor weight difference (250g vs 200g) is acceptable variation for"
55,22614,Morrisons,llm_r3_retry,0.85,Yorkshire Leaf Tea 250g matches the core product across the cluster. Brand presentation varies (Taylors/Yorkshire Tea) but core product is identical - same tea 
4365,57630,Tesco,llm_r3_retry,0.85,"Olive oil cooking spray, branded product (Napolina), 200ml volume is closest match to cluster's 187-190ml range. Same core product type and variety despite slig"
498,50363,Tesco,llm_r3_retry,0.85,"Warburtons Tiger Bread, same brand, same variety (Tiger), same weight (600g). 'Sliced' vs 'Soft Bloomer' are presentation differences of the same core product."
2034,61360,Tesco,llm_r3_retry,0.85,"Rosedene Farms Strawberries 227g matches the core product: pure strawberries in similar weight (225-250g range). B, C, D, E are fruit mixes. F, G are trifles (p"
4040,47112,Sains,llm_r3_retry,0.85,"Sainsbury's Battered Haddock Fishcakes matches the cluster on core product (smoked haddock fishcakes with cheddar centre), weight (290g), and pack count (x2). '"
4028,56114,Tesco,llm_r3_retry,0.85,"Tesco Skinless & Boneless Basa Fillets matches the core product (basa fillets, lightly dusted/plain preparation). Weight 250g is close to cluster range (265-300"
4030,57567,Tesco,llm_r3_retry,0.85,"Tesco Boneless Smoked Haddock 280G matches the core product: smoked haddock fillets. While the cluster has 2-4 fillets and 220-280g, and candidate B is 280g wit"
4007,44183,Sains,llm_r3_retry,0.85,Cathedral City Mild Cheddar Cheese 350g matches the cluster's core product: mild white cheddar cheese. All three cluster items are mild cheddar (unbranded/own-b
2029,43343,Sains,llm_r3_retry,0.85,"Large avocado, ready to eat/ripe, single unit. Matches cluster's core product (large avocados sold individually). Own-brand variation (By Sainsbury's vs ASDA/Mo"
1997,21426,Morrisons,llm_r3_retry,0.85,"Batchelors brand, Chef Special variant with Caramelised Onion & Smoky Bacon flavour. Weight is 100g vs 99g in cluster (1g variance likely due to packaging varia"
4017,30147,Morrisons,llm_r3_retry,0.85,"Salmon & Cheddar En Croute is the core product match. A is Market Street Salmon & Cheddar, same variety/flavour as cluster (Sainsbury's and Tesco both feature S"
413,47580,Sains,llm_r3_retry,0.85,"Sainsbury's Roasted Garlic Mash Potato is a mash potato product at 400g, matching the core product category and weight of the cluster. While flavour differs (ro"
435,28521,Morrisons,llm_r3_retry,0.85,"Morrisons Button Mushrooms 200g matches the core product - same variety (button mushrooms), same weight (200g), same own-brand tier as cluster. 'Mild & Tender' "
1956,37694,Sains,llm_r3_retry,0.85,"Kimchi ramen/noodles product with same core flavor profile, though different brand (Ottogi vs Mama) and weight (120g vs 90g). B is closest match but weight mism"
3403,19391,Morrisons,llm_r3_retry,0.85,"Morrisons own-brand Fruit Fool in Lemon variety, 114.5g matches cluster's 114g Fruit Fool Lemon products from ASDA/Sainsbury's/Tesco. Weight variance (114.5g vs"
3491,46020,Sains,llm_r3_retry,0.85,Sainsbury's British Cooked Beef Slices x10 matches the cluster's core product (sliced cooked beef in ~115g portions with similar pack counts). Cluster shows own
3522,19287,Morrisons,llm_r3_retry,0.85,"Market Street Deli Honey Roast Ham matches the core product (honey roast, finely sliced ham) and weight is approximately equivalent (125g vs 120g cluster standa"
3055,61201,Tesco,llm_r3_retry,0.85,"Same core product: breaded chicken steaks, 4 pack, 505g. Matches Sains cluster entry. Tesco own-brand acceptable as other SMs use own-brands (Stamford Street Co"
1738,21805,Morrisons,llm_r3_retry,0.85,"Same core product (Lightly Salted Rice Cakes, own-brand), same flavor. Only difference is weight (100g vs 130-135g in cluster), which is a minor variance accept"
1366,59351,Tesco,llm_r3_retry,0.85,"Tesco Mexican Inspired Rice 250G matches the cluster's core product: own-brand Mexican-flavored microwave rice in 250g format, same as ASDA/Morrisons/Sainsbury'"
1329,32707,Sains,llm_r3_retry,0.85,"Sainsbury's Green Pesto 190g matches the core product (green pesto, microwave pasta, 190g size) from the cluster. 'Light' is a variety modifier but same base pr"
3559,23429,Morrisons,llm_r3_retry,0.85,"Spam is a branded chopped pork and ham product at 200g, matching the core product variety and weight of the cluster. While Spam is a different brand than the ow"
596,19404,Morrisons,llm_r3_retry,0.85,"Morrisons Melton Mowbray Snack Pork Pies at 300g matches the cluster's core product: pork & pickle pies, 6-pack equivalent, 300g. Melton Mowbray is a known pork"
3826,24667,Morrisons,llm_r3_retry,0.85,"Kopparberg brand, strawberry & lime flavour, 1319.4ml (matches cluster volume ~1320ml), appears to be 4x330ml pack matching the cluster composition. Truncated n"
669,57240,Tesco,llm_r3_retry,0.85,"Cheestrings Original 8pk 160g matches the cluster's Strings & Things Twisted Cheestrings 160g - same core cheese string snack product, same weight, same pack co"
683,44141,Sains,llm_r3_retry,0.85,"Philadelphia brand, Light/Lightest soft cheese variety, similar weight range (165g vs 120-126g cluster). Weight is larger but same core product line - Philadelp"
1205,44505,Sains,llm_r3_retry,0.85,"Willow Block 250g is the same brand (Willow) and weight (250g) as the cluster. 'Block' vs 'Original/Spread' suggests a different variety/format, but this appear"
811,27926,Morrisons,llm_r3_retry,0.85,"Tropicana brand, orange juice, smooth variety matches cluster. Volume is 1000ml vs 900ml in cluster - minor deviation but same core product. Slight naming varia"
3713,55909,Tesco,llm_r3_retry,0.85,Golden Syrup flavoured porridge pot matching the cluster's core product. Fuel 10K is a different brand but same variety/flavour. Weight slightly higher (70g vs 
1080,33361,Sains,llm_r3_retry,0.85,White cooking chocolate from Sainsbury's Belgian range. Own-brand equivalent to cluster's white cooking chocolate. Only difference is weight (200g vs 150g clust
860,49598,Tesco,llm_r3_retry,0.85,"Tesco Apple And Mango From Concentrate 1L matches the cluster's core product: apple & mango flavour, squash/concentrate format, 1000ml volume. The 'from concent"
856,64374,Tesco,llm_r3_retry,0.85,"Regal brand, basil seed drink, lychee flavour, 320ml volume. Matches cluster core product despite minor naming variation ('Drinklychee' vs 'Drink Lychee')."
4041,46256,Sains,llm_r3_retry,0.85,"Sainsbury's Tempura Prawns matches the core product (tempura battered prawns). While 150g is smaller than cluster's 200-210g, it's the closest match in variety "
863,49338,Tesco,llm_r3_retry,0.85,"Growers Harvest No Added Sugar Apple Juice Drink 1L matches the cluster's core product: apple juice drink, no added sugar, 1L volume. The cluster contains own-b"
161,50924,Tesco,llm_r3_retry,0.85,Stockwell & Co Hot Chocolate 375g matches the core product (instant hot chocolate) with same weight as ASDA variant. Own-brand match across different supermarke
4137,63106,Tesco,llm_r3_retry,0.85,"Tesco Chilli Con Carne is the same core product (chilli con carne ready meal), though at 300g it's smaller than the cluster's 387-400g. It's the closest match i"
224,48953,Sains,llm_r3_retry,0.85,"Galaxy brand, instant hot chocolate, weight 268g matches cluster range (265-275g). Limited Edition variant in cluster aligns with Galaxy's product line. Same co"
2741,60701,Tesco,llm_r3_retry,0.85,"Tesco Fire Pit 4 Quarter Pounder Beef Burgers 454G matches the cluster: 4 pack count, quarter pounder beef burgers, 454g weight. Fire Pit is a flavor variant bu"
353,58728,Tesco,llm_r3_retry,0.85,"Wild rocket salad, 60g pack - matches core product variety and weight of cluster items (Morrisons and Sainsbury's are both 60g wild rocket). Different brand (Fr"
4171,22689,Morrisons,llm_r3_retry,0.85,"Green lentils in water, 400g, matches the cluster's core product (green lentils in water, 390-400g range). Biona is a different brand but same unbranded core pr"
318,31546,Sains,llm_r3_retry,0.85,"Same core product (icing sugar), same weight (1kg). Different brand (Sainsbury's own-brand vs Silver Spoon branded), but own-brand equivalent is allowed per rul"
357,47779,Sains,llm_r3_retry,0.85,Sainsbury's Garden Tomato is a salad tomato product matching the core product of the cluster (salad tomatoes from own-brand retailers). While weight isn't speci
4255,23282,Morrisons,llm_r3_retry,0.85,"Morrisons The Best Sweetcured Smoke matches the cluster's core product: smoked mackerel fillets, sweetcured variety, 110g weight. Own-brand equivalent to Sainsb"
4353,31627,Sains,llm_r3_retry,0.85,Sainsbury's Italian Tomato Purée Double Concentrate is the same core product (double concentrated tomato purée) as Heinz Double Concentrated Tomato Puree. Weigh
2373,40292,Sains,llm_r3_retry,0.85,"White rum, 35cl/350ml volume matches cluster. Caribbean Pearl is a branded white rum product with identical specifications to the generic own-brand cluster item"
76,49270,Tesco,llm_r3_retry,0.85,"Melitta Coffee Filter Papers 1X4 40 Pack matches the core product: coffee filter papers, 40 pack count, 4 cups capacity. Different brand (Melitta vs Rombouts) b"
391,28509,Morrisons,llm_r3_retry,0.85,"Morrisons White Potatoes 2000g matches the cluster's core product: unbranded/own-brand baking potatoes, 2kg weight, British origin. White potatoes are standard "
2413,25091,Morrisons,llm_r3_retry,0.85,"Morrisons Manor Hall Pale Cream matches the cluster's core product: pale cream fortified British wine, 1000ml volume. Own-brand variants across different SMs (A"
4349,54147,Tesco,llm_r3_retry,0.85,Passata 500g same core product. Own-brand (Growers Harvest) acceptable as Tesco equivalent to ASDA/Morrisons/Sainsbury's own-brand passata. Same weight and vari
2488,24838,Morrisons,llm_r3_retry,0.85,"Morrisons The Best English Sparkling Wine matches the cluster's core product (English sparkling wine, 750ml). The cluster contains own-brand sparkling wines fro"
2054,43471,Sains,llm_r3_retry,0.85,"Sainsbury's own-brand 'Ripe & Ready' avocados matching the cluster's ready-to-eat positioning and pack count of 4, consistent with other SMs' offerings of ready"
10581,8420,ASDA,llm_r3_retry,0.75,COOK by ASDA Tandoori Spice Blend is an own-brand tandoori product matching the core product type (tandoori curry/spice blend) and weight range (104.2g similar 
2178,43859,Sains,llm_r3_retry,0.75,Mixed red fruit yogurt in 6-pack format with similar total weight (750g vs 800-816g cluster). Different brand (Sainsbury's own vs Muller) but same core product 
6756,17790,Morrisons,llm_r3_retry,0.75,Grace brand plantain chips with similar weight (75g vs 84.7g average). Different salt variant (sea salt vs salted/unsalted cluster) and slightly lower weight ar
3008,60178,Tesco,llm_r3_retry,0.75,"Same core product (Shepherd's Pie ready meal), similar weight (400g vs 375g cluster standard), but Tesco own-brand vs Bisto branded in cluster - weight variance"
2686,28100,Morrisons,llm_r3_retry,0.75,Morrisons British Diced Steak is diced beef product matching the cluster's core product (diced beef). Weight of 340g is closest to cluster range (400-500g) amon
10721,11332,ASDA,llm_r3_retry,0.75,"Captain Morgan Original Spiced Gold & Cola premix can, same brand and product type. Only difference is 250ml vs 330ml cluster volume, which is a minor variation"
6621,17740,Morrisons,llm_r3_retry,0.75,"Plain naan, appears to be 2-pack based on cluster pattern, though exact weight not specified for option A. Regal is a branded product matching the category and "
11000,13446,ASDA,llm_r3_retry,0.75,"ASDA Extra Special Cru de Beaujolais Fleurie is a Beaujolais Fleurie wine at 750ml, matching the cluster's Fleurie variety and volume. Different brand (ASDA own"
2410,25748,Morrisons,llm_r3_retry,0.75,"Morrisons Amontillado Sherry 1000ml matches the core product (sherry, medium dry style, 1L volume). Amontillado is a type of medium dry sherry, consistent with "
11151,1412,ASDA,llm_r3_retry,0.75,ASDA 6 Pork Sausage Rolls matches the core product - standard pork sausage rolls in similar pack format (6 pack) and weight (350g vs 380-400g cluster range). Mi
11251,5139,ASDA,llm_r3_retry,0.75,"ASDA Frozen for Freshness Sliced Green Beans would be the match, but candidate A is Whole Green Beans, not Sliced. Same brand line (Frozen for Freshness), simil"
1597,23223,Morrisons,llm_r3_retry,0.75,All candidates are either non-shortbread products (B-H are hair/beauty products or preserve) or different shortbread variants. Candidate A is a shortbread produ
10239,9712,ASDA,llm_r3_retry,0.75,"JUST ESSENTIALS by ASDA is ASDA's own-brand tortilla chips at 180g, matching Morrisons' weight and core product type (plain tortilla chips). Cluster contains ow"
6826,60520,Tesco,llm_r3_retry,0.75,Tesco Pilau Rice 250G is a standalone pilau rice product matching the core product type (pilau rice side). Weight differs slightly (250g vs 270-300g) but is clo
3057,60675,Tesco,llm_r3_retry,0.75,"Chicken nuggets, 500g size matches cluster. Different brand (Aishas Value vs Jahan/Ginos) but own-brand equivalent of same core product (breaded chicken nuggets"
8088,24518,Morrisons,llm_r3_retry,0.75,Same brand (Hobgoblin) and variety (Gold). Volume 1750ml is close to cluster range (2250-2272ml) but represents a smaller pack size. Core product is identical (
2077,28481,Morrisons,llm_r3_retry,0.75,"Morrisons Strawberries matches core product (frozen strawberries, same variety). Weight is 400g (vs 340-350g in cluster) but this is explained by '50% Extra Fre"
9588,58840,Tesco,llm_r3_retry,0.75,"Proper Goats Cheese 110g matches the core product (goat's cheese) and weight is closest to cluster range (100-120g). However, brand differs from cluster own-bra"
9278,7507,ASDA,llm_r3_retry,0.75,"ASDA Extra Special Sweetcure Kiln Roasted Boneless Mackerel Strips matches the core product (smoked/sweetcure mackerel, boneless, ready-to-eat format) and weigh"
7751,60557,Tesco,llm_r3_retry,0.75,"Same brand (Koka), same flavour (Tom Yum), similar noodle product category. Weight differs slightly (85g vs 65g) but this is a minor variance for the same core "
3667,52539,Tesco,llm_r3_retry,0.75,"Nestlé Shredded Wheat Honey Nut is the same core product (honey-flavored shredded wheat cereal by Nestlé), though weight differs (500g vs 450-460g cluster). Clo"
8150,25518,Morrisons,llm_r3_retry,0.75,Same brand (Kronenbourg) and variety (1664 Lager Beer) in cans. Volume is 1750ml vs 2250-2272ml in cluster - smaller pack size but same core product. Pack count
2799,61759,Tesco,llm_r3_retry,0.75,"Both are vegan/meat-free southern fried strips/fillets from major UK supermarket own-brands, similar weight (230g vs 210-220g), same product category and flavor"
7704,35576,Sains,llm_r3_retry,0.75,"Red lentils, 500g weight matches cluster. Different brand (Sainsbury's SO Organic vs Cypressa/Great Scot) but same core unbranded product (red split lentils). O"
9084,16182,ASDA,llm_r3_retry,0.75,"Same core product (raspberries, organic/premium quality). Weight difference (200g vs 150g cluster average) is minor variation within same product line. Other ca"
7400,32215,Sains,llm_r3_retry,0.75,"Sainsbury's Ready To Eat Lighter Custard 500g matches the cluster's core product (ready-to-serve custard, 500g). Lighter/Eat Smart varieties are acceptable as t"
9707,7914,ASDA,llm_r3_retry,0.75,"Heinz No Added Sugar Baked Beans in Tomato Sauce matches the cluster variety and brand. However, size is 600g vs cluster's 800g (4x200g), so not identical weigh"
9004,50895,Tesco,llm_r3_retry,0.75,"Tesco Salted Caramel Cones matches cluster on: own-brand cone product, caramel/toffee flavour family, 440ml volume, 4-pack format. Minor flavour variation (salt"
4380,17825,Morrisons,llm_r3_retry,0.75,Crucials Sriracha Sauce matches the core product (sriracha hot chilli sauce) and volume (500ml is close to 455-525ml cluster range). Different brand (Crucials v
7252,55643,Tesco,llm_r3_retry,0.75,"Same brand (Ritter Sport), same weight (100g), same core product (white chocolate with whole hazelnuts). Minor difference: candidate A includes rice flakes whil"
10199,34218,Sains,llm_r3_retry,0.75,"Sainsbury's Deliciously Free From Oat & Sultana Cookies matches the core product: oat-based cookies with dried fruit (sultana is similar to raisin), own-brand e"
8299,19034,Morrisons,llm_r3_retry,0.75,"Same brand (Fridge Raider/Raiders), same meat-free BBQ/slow roast variety, but different weight (45g vs 60g cluster standard). Weight mismatch is significant bu"
2046,62339,Tesco,llm_r3_retry,0.75,"Tesco Finest 4 Large Teacakes matches the core product - teacakes in a pack of 4. However, 'Large' suggests different sizing than the fruited teacakes in cluste"
6895,52770,Tesco,llm_r3_retry,0.75,"Tesco Chicken & Bacon Puff Pastry Pie 500g matches the cluster's core product (chicken, bacon, leek pie in pastry form) at similar weight (500g). Leek not expli"
9640,1902,ASDA,llm_r3_retry,0.75,"Don Simon Lemon & Strawberry brand and flavour match the cluster. Volume is 2062.5ml vs cluster's ~1500-1562.5ml, representing a larger pack size variant of the"
8432,27162,Morrisons,llm_r3_retry,0.75,"Lindor Assorted is the same core product and brand as cluster. Weight difference (259.3g vs 322-337g) is a concern, but this appears to be an egg-shaped variant"
12578,16152,ASDA,llm_r3_retry,0.75,"ASDA Patch the Bunny Gingerbread 36g is a gingerbread biscuit with Easter bunny branding, matching the cluster's core product (gingerbread biscuit with bunny th"
5901,29656,Morrisons,llm_r3_retry,0.75,"Lewis & Green Lemon Layer Cake is a lemon cake matching the cluster's core product (lemon cake), though 'layer cake' suggests a slightly different format than t"
12120,13568,ASDA,llm_r3_retry,0.75,"Pitted olives in brine matches cluster variety and type. However, 450g differs from cluster's 340g standard size, which is a notable discrepancy in weight speci"
13604,6575,ASDA,llm_r3_retry,0.75,ASDA Dry Cured Chorizo Sausage matches the core product (Spanish chorizo sausage) and weight (200g) of the cluster. While specific variety name differs slightly
13621,1090,ASDA,llm_r3_retry,0.75,"ASDA Organic Seasonal Cabbage is red cabbage (seasonal variety includes red), matching the cluster's red cabbage core product. Own-brand produce across UK super"
647,19181,Morrisons,llm_r3_retry,0.75,"Same brand (Marmite), same variety (Cheddar Bites), same core product. Weight differs (100g vs 75g) but this is a minor variation within the same product line t"
13605,957,ASDA,llm_r3_retry,0.75,ASDA Fresh & Earthy Growing Rosemary matches the core product (rosemary herb) and weight appears consistent with cluster (20g standard). 'Growing' variant is ac
467,63150,Tesco,llm_r3_retry,0.75,"Tesco Organic Spinach is plain spinach like the cluster items. However, weight is 200g vs 250-300g in cluster, which is a discrepancy. E is the closest match bu"
3902,56689,Tesco,llm_r3_retry,0.75,Apetina brand matches cluster. 'Cheese Cubes' is a form/cut variant of paneer. Weight is 200g vs 220-225g in cluster (minor deviation). Same core product (Apeti
13901,14523,ASDA,llm_r3_retry,0.75,"B is the closest match: Free Range British Chicken Breast Fillets at 350g, matching the cluster's core product (plain, uncooked chicken breast fillets). Weight "
4573,28690,Morrisons,llm_r3_retry,0.75,"Chilli product in similar weight range (25g vs 27.8-32g cluster). However, 'Chilli Flakes' differs from 'Crushed Chillies' - these are different product forms/v"
13119,25207,Morrisons,llm_r3_retry,0.75,"French brandy VSOP/comparable quality, 700ml volume matches cluster. Own-brand Morrisons equivalent to other supermarket brandy listings in cluster. However, '3"
12704,15360,ASDA,llm_r3_retry,0.75,ASDA Sweet & Juicy Sweet Pickle matches the core product (piccalilli/sweet pickle) but differs in weight (300g vs 350g cluster standard). Best available match d
3932,47400,Sains,llm_r3_retry,0.75,"Sainsbury's Light Soft Cheese is an own-brand reduced-fat soft cheese matching the cluster's core product (reduced fat soft cheese). However, 250g weight differ"
439,28606,Morrisons,llm_r3_retry,0.75,Morrisons The Best Woodland Mushrooms matches the cluster's core product (mixed/specialty mushrooms) and weight (150g). 'Woodland' variety differs slightly from
11630,3933,ASDA,llm_r3_retry,0.75,"ASDA Sweet & Bursting Blueberries is a fresh blueberry product matching the cluster's core product (blueberries), though 125g differs from cluster's 150g weight"
378,29587,Morrisons,llm_r3_retry,0.75,"Morrisons Vine Ripened Medi... appears to be Vine Ripened Tomatoes (likely Medium or Medley variant). Matches core product category of vine ripened tomatoes, th"
2987,45576,Sains,llm_r3_retry,0.72,"Beef Lasagne ready meal, same core product as cluster. Weight slightly higher (400g vs 340-380g range) but within acceptable tolerance for own-brand ready meals"
1308,59323,Tesco,llm_r3_retry,0.72,Tesco Straight To Wok Medium Noodles 300G matches the core product category (wok/ready noodles) and weight (300g) aligns with Morrisons entry in cluster. Howeve
7131,30545,Morrisons,llm_r3_retry,0.72,"Milkybar Buttons Giant Tube is the closest match - same brand (Milkybar), same variety (White Chocolate Giant Buttons), and similar weight (80g vs 93-94g cluste"
6900,53496,Tesco,llm_r3_retry,0.72,"Chicken & Mushroom Puff Pastry Pie matches the core product (Sainsbury's has this exact variety). However, 200g differs from cluster's 150g weight, which violat"
2916,60637,Tesco,llm_r3_retry,0.72,"A is a cod/fish-based fishcake product with similar weight (200g vs 170-225g range). However, it's a different brand (Youngs vs supermarket own-brands) and ment"
9768,7784,ASDA,llm_r3_retry,0.72,"Tuna in water-based liquid (brine vs spring water are both water-based), similar weight range (100g vs 110-120g cluster), own-brand product matching cluster's o"
3132,26350,Morrisons,llm_r3_retry,0.72,"Same brand (Bounty) and core product (Ice Cream Bars). However, candidate A shows 160g while cluster shows 200ml/200.4ml total, suggesting different pack count "
9605,9969,ASDA,llm_r3_retry,0.72,"Mushroom pâté from same category. GranoVita is a branded product vs own-brands in cluster, but core product (mushroom pâté) matches. Weight difference (125g vs "
8419,29077,Morrisons,llm_r3_retry,0.72,"Cadbury Caramel is the same brand and flavour as cluster. Weight is 190g vs 240-245g in cluster, which is a notable difference but closest match available. Othe"
6708,17176,Morrisons,llm_r3_retry,0.65,"Warburtons Gluten Free branded wraps, likely same core product but 'Super' variant suggests different type/size than standard White Wraps - uncertain if identic"
13801,6378,ASDA,llm_r3_retry,0.65,"Lemon cheesecake variety matches cluster, but ASDA own-brand differs from English Cheesecake Company branded products in cluster. Weight 200g vs 214g is also a "
12154,21844,Morrisons,llm_r3_retry,0.65,"Morrisons Mixed Beans matches the core product (mixed beans in tomato sauce, own-brand) but weight is 300g vs 400-415g in cluster, making it a partial match wit"
6087,18740,Morrisons,llm_r3_retry,0.65,Morrisons Profiteroles is the same core product (profiteroles with chocolate) as the cluster. While weight differs (175g vs 220-235g in cluster) and pack count 
7707,22739,Morrisons,llm_r3_retry,0.65,"Both are poppadoms at 75g, but A is Spicy while cluster is Plain - different flavour, so technically not identical core product. However, A is the closest match"
441,28482,Morrisons,llm_r3_retry,0.65,"Morrisons Large Mild Onions is an onion product matching the core product category. However, variety differs (Mild vs Brown) and pack count/weight unspecified f"
14037,16245,ASDA,llm_r3_retry,0.95,"Same brand (Kinder Surprise), same variety (Easter Egg), same weight (100g), same pack count (1). The specific toy variant differs from cluster examples but thi"
13910,14546,ASDA,llm_r3_retry,0.95,"ASDA Delicious Unsmoked Gammon Joint 1.3kg matches the core product: unsmoked gammon joint, same weight range (1.3kg) as cluster entries, own-brand equivalent t"
8744,32941,Sains,llm_r3_retry,0.95,"Sainsbury's Rice Pudding, Low Fat matches the cluster's core product (rice pudding, reduced/low fat, 400g). Own-brand rice pudding with same weight and fat prof"
13226,24586,Morrisons,llm_r3_retry,0.95,"Casillero Del Diablo brand, 187ml volume matches cluster. Candidate A appears to be same brand and size, though full variety name is truncated as 'Rese...' - li"
13183,24567,Morrisons,llm_r3_retry,0.95,"Same brand (Archers), same variety (Schnapps with Lemonade), same volume (250ml). Wording variation ('&' vs 'with') is minor; core product is identical."
9465,38379,Sains,llm_r3_retry,0.95,"Sainsbury's British Whole Milk SO Organic 2.27L (4 Pint) matches the cluster's core product: organic British whole milk, same volume (2273.04ml), same pack coun"
9136,7616,ASDA,llm_r3_retry,0.95,"Same brand (KTC), same variety (Plum Tomatoes), same weight (400g), same pack count (1). Matches cluster products exactly."
8811,33791,Sains,llm_r3_retry,0.95,"Princes Crab Paste 75g matches the core product (crab paste, 75g weight) from the cluster. While the brand differs from ASDA/Morrisons own-brand versions, it is"
13118,15086,ASDA,llm_r3_retry,0.95,"Same brand (Foster's), same pack count (4x440ml), same total volume (1760ml). Only difference is variety (Proper Shandy vs Lager), which makes it a different pr"
2620,56052,Tesco,llm_r3_retry,0.95,"Same brand (Casillero Del Diablo, with 'Del Diablo' shortened/abbreviated in product name), same variety (Sauvignon Blanc), same volume (750ml). Minor naming va"
13083,27716,Morrisons,llm_r3_retry,0.95,"Shloer brand, white grape & elderflower flavour, 750ml - matches cluster variety and volume"
2037,43385,Sains,llm_r3_retry,0.95,"Sainsbury's Plum Punnet 400g matches the cluster's core product: plums, 400g weight. Own-brand products from different supermarkets (ASDA, Morrisons, Sainsbury'"
9447,2540,ASDA,llm_r3_retry,0.95,"ASDA Organic Slightly Salted Butter 250g matches the cluster's core product (salted/slightly salted butter, 250g). Own-brand across different supermarkets with "
9401,11393,ASDA,llm_r3_retry,0.95,"Same brand (Reign), same variety (Melon Mania), same volume (500ml), same pack count (1 can). Matches cluster exactly."
13281,24817,Morrisons,llm_r3_retry,0.95,"Bud Light brand match, same variety/flavor, 1750ml is equivalent to 4x568ml multi-pack (2272ml total), represents same core product in different pack configurat"
2107,60434,Tesco,llm_r3_retry,0.95,"Same core product: roasted monkey nuts in shell, 300g size. Tesco own-brand matches ASDA and Sainsbury's own-brands. 'Unsalted' is a flavour specification but t"
9088,9656,ASDA,llm_r3_retry,0.95,"Crave brand, Hot & Spicy variety, 70g weight matches Sainsbury's cluster entry exactly. Same core product as the cluster."
13086,30442,Morrisons,llm_r3_retry,0.95,"Same brand (Tropicana), same flavour (Orange with Extra Juicy Bits), same volume (1500ml). Minor wording variation ('Orange' vs 'Pure Orange Fruit Juice') is in"
13609,28526,Morrisons,llm_r3_retry,0.95,"Same core product: small cucumbers, 200g pack. Own-brand supermarket products with identical specs across different retailers (Sainsbury's, Tesco, Morrisons) ar"
9215,3820,ASDA,llm_r3_retry,0.95,"Same brand (Vifon), same weight (70g), same core flavour profile (chicken curry/curry chicken). Cluster contains both 'Chilli Chicken' and 'Chicken Curry' which"
9063,42225,Sains,llm_r3_retry,0.95,"Cathedral City Dairy Free, 280g matches cluster exactly - same brand, same dairy free variety, same 280g weight"
2132,58201,Tesco,llm_r3_retry,0.95,"The Fruit Factory brand, 5 pack, 100g total weight. Differs in variety (Multi Fruit Strings vs Strawberry/Apple/Orange Stars) but same brand, format and weight "
13469,12179,ASDA,llm_r3_retry,0.95,"ASDA Main for Two Singapore Style Noodles 400g matches the core product: Singapore Noodles ready meal, 400g weight, own-brand across different supermarkets is a"
9359,56893,Tesco,llm_r3_retry,0.95,"Same brand (Primula), same variety (Cheese & Prawn), same weight (140g), same pack count (1). Only minor naming variation ('n' vs '&') which is inconsequential."
13302,25301,Morrisons,llm_r3_retry,0.95,"Tyskie Lager, same brand and variety, 2000ml total volume, 4x500ml equivalent pack structure (bottles vs cans is minor format variation for same core product)"
2168,62264,Tesco,llm_r3_retry,0.95,"Same brand (Fruit Shoot), same variety (Hydro Blackcurrant), same total volume (~2200ml), same pack format (8x275ml multipack). Matches cluster specifications."
13302,4781,ASDA,llm_r3_retry,0.95,"Tyskie brand, Lager variety, 2000ml total volume, same pack format (4x500ml cans implied by 2000ml). Gronie is a sub-variety of Tyskie but represents the same c"
9380,12351,ASDA,llm_r3_retry,0.95,"Pieminister brand, Moo & Blue variety (beef and Stilton), 270g - matches cluster exactly. Full product name variation is standard across retailers."
2180,35779,Sains,llm_r3_retry,0.95,"Sainsbury's Mango & Passionfruit Coulis, Taste the Difference matches the cluster's core product (mango & passion fruit coulis). All three are premium own-brand"
352,54154,Tesco,llm_r3_retry,0.95,"Tesco Babyleaf Salad 90G matches the cluster's core product: mixed baby leaf salad, 90g, no added flavouring/variety specifications, same as ASDA and Sainsbury'"
9186,6456,ASDA,llm_r3_retry,0.95,"Same brand (Gosh!), same core product (Moroccan Falafel), same weight (266g). Minor flavour descriptor difference ('Spiced' with 'Red Pepper & Apricot' addition"
11600,46062,Sains,llm_r3_retry,0.95,"Same core product: breaded chicken goujons, 270g weight. Stamford Street Co. is Sainsbury's own-brand equivalent to Morrisons Savers and Tesco's Hearty Food Co."
13083,16762,ASDA,llm_r3_retry,0.95,"ASDA White Grape Sparkling Juice Drink 750ml matches the cluster's core product (white grape sparkling juice, 750ml). While the cluster includes Shloer branded "
1274,51266,Tesco,llm_r3_retry,0.95,"Same brand (London Essence), same variety (Peach & Jasmine), same volume (900ml), same pack count (6x150ml). Minor naming variation ('The London Essence Co.' vs"
10624,37630,Sains,llm_r3_retry,0.95,"Sainsbury's Silver Crispy Pearls 55g matches the cluster core product: cake/bake decorations in silver pearl/crispy form, 55g weight. Same category as Morrisons"
10682,59871,Tesco,llm_r3_retry,0.95,"Same brand (Cobra), same variety (Premium Lager/Indian Lager - both premium lager varieties), same volume (620ml). The cluster shows the same product with sligh"
1285,17969,Morrisons,llm_r3_retry,0.95,Supermalt Less Sugar brand and variety match the cluster. 2000ml volume matches ASDA listing. Core product is identical despite shorter product name on Morrison
635,19766,Morrisons,llm_r3_retry,0.95,"Dairylea Snackers Cheese & Crackers with Cadbury Dairy Milk Giant Buttons, 64.2g - matches brand, variety, weight, and pack count of cluster"
10797,61169,Tesco,llm_r3_retry,0.95,"Blue Moon brand, wheat beer variety, 330ml volume - matches cluster. 'Belgian White American Craft Wheat Beer' and 'Wheat Beer' are the same core product with m"
10799,57533,Tesco,llm_r3_retry,0.95,"Rocca Alata Amarone Della Valpolicella is an Amarone wine in 750ml bottle, matching the core product (Amarone variety, 750ml volume) from the cluster. While bra"
10828,16889,ASDA,llm_r3_retry,0.95,"Barefoot brand, rosé wine variant, 750ml. Cluster is Barefoot Rose; candidate B is Barefoot Pink Pinot Grigio - both are Barefoot rosé wines in identical volume"
1285,50390,Tesco,llm_r3_retry,0.95,"Supermalt brand, Less Sugar variety (implied by 'Multipack' being the standard Less Sugar line), 6x330ml pack (1980ml total) matches the cluster exactly"
10868,50204,Tesco,llm_r3_retry,0.95,Tesco Limes Minimum 5 Pack matches the core product (limes) and pack count (5) from the Sainsbury's listing. Own-brand limes across different supermarkets repre
1271,50530,Tesco,llm_r3_retry,0.95,"Appletiser brand, 100% apple juice, 6x250ml pack (1500ml total). Matches cluster exactly - same brand, variety, volume, and pack count. The 'Lightly Sparkling' "
10897,39785,Sains,llm_r3_retry,0.95,"Sainsbury's Sangria 1L matches the cluster's core product (sangria, 1000ml volume). Own-brand sangria from different UK supermarket is equivalent to Penasol San"
8499,51027,Tesco,llm_r3_retry,0.95,"Tropicana Plus Viva Vitality matches the cluster's brand (Tropicana), product line (Viva Vitality), volume (750ml), and appears to be the same core product with"
827,36848,Sains,llm_r3_retry,0.95,"Same brand (Kubus), same flavour variety (Carrot, Raspberry & Apple), same volume (850ml), same pack count (1). The word 'Drink' vs 'Juice' in naming is a minor"
1191,49240,Tesco,llm_r3_retry,0.95,Tesco Fondant Ready Rolled Icing 450G matches the cluster's core product: ready rolled white icing in 450g size. 'Fondant' is the technical term for ready-rolle
835,38405,Sains,llm_r3_retry,0.95,"Sainsbury's Pure Orange Juice 4x1L (4000ml total) matches the cluster's core product: orange juice, same volume, same pack format. Own-brand equivalents across "
11384,12812,ASDA,llm_r3_retry,0.95,"Flying Saucers sweets, same core product as cluster. Weight differs slightly (23g vs 17.5-18g) but this is within normal variation for the same product across r"
11519,11415,ASDA,llm_r3_retry,0.95,"Same brand (Cawston Press), same variety (Apple & Mango), same volume (600ml), same pack count (3x200ml). Different product line (The Very Hungry Caterpillar) b"
11543,2640,ASDA,llm_r3_retry,0.95,"Same brand (Schweppes), same flavour (Peach Coconut), same volume (1000ml), same pack count (1). The 'Night Light Vibes' and 'Tiare Soda' are marketing descript"
10621,35352,Sains,llm_r3_retry,0.95,"Sainsbury's Cake Decorations, Chocolate Beans 75g matches the cluster's core product (milk chocolate beans, 75g). Own-brand equivalents across different superma"
12142,9097,ASDA,llm_r3_retry,0.95,"Happy Egg Co brand, free range eggs, 10 pack. Only difference is Medium vs Large size, but this is the closest match. However, size mismatch creates some doubt."
13006,27222,Morrisons,llm_r3_retry,0.95,"Extra Watermelon Flavour Sugarfree Chewing Gum, 14g matches the Sainsbury's cluster item exactly in brand, flavour, weight, and format. Pack count appears consi"
12240,317,ASDA,llm_r3_retry,0.95,"Nescafé Gold Cappuccino instant coffee sachets x8 - same brand, same variety/flavour, same pack count. Weight variation (150g vs 113.5-124g) is minor and likely"
12899,21628,Morrisons,llm_r3_retry,0.95,"Yorkie Original Duo matches the Yorkie Duo from Sainsbury's in the cluster - same brand, same variety (Original/plain chocolate), same pack count (Duo), and vir"
12763,23513,Morrisons,llm_r3_retry,0.95,"Same brand (Dino's), same variety (Little Franks smoked pork hot dogs), same weight (550g), same pack count (8). Minor description variation in product name doe"
1058,22871,Morrisons,llm_r3_retry,0.95,"Morrisons Savers Mixed Dried Fruit 500g matches the cluster's core product (dried mixed fruit, 500g). Different own-brand labels (JUST ESSENTIALS, Tesco, Savers"
1929,35820,Sains,llm_r3_retry,0.95,"Curry flavour instant noodles, 100g pack. Matches the core product category and weight of the cluster. Brand difference (Batchelors vs ASDA/Hearty Food Co.) is "
12593,22955,Morrisons,llm_r3_retry,0.95,"Same core product: Pitted Kalamata Olives. Own-brand products from different UK supermarkets (Sainsbury's SO, Tesco, Morrisons) are acceptable matches. Weight d"
9949,34199,Sains,llm_r3_retry,0.95,"Both are bread sauce mixes, 40g weight matches cluster. Different brand (Sainsbury's vs Schwartz) but same core unbranded product category. Sainsbury's own-bran"
1818,36404,Sains,llm_r3_retry,0.95,"Same brand (Kubus), same volume (850ml), same core flavours (Apple, Banana, Carrot present in both cluster and candidate A). Minor wording variation in order of"
10204,53231,Tesco,llm_r3_retry,0.95,"Dole brand, Cherry fruit salad variety, 4x113g pack count, 452g total weight - matches cluster exactly"
1789,35305,Sains,llm_r3_retry,0.95,"Sainsbury's Deliciously Free From Choco Rice Pops matches the core product: Free From (own-brand equivalent across SMs), Choco flavour, Rice-based cereal, 300g "
12546,20740,Morrisons,llm_r3_retry,0.95,"Kettle Chips brand, Lightly Salted flavour, multipack crisps. Weight (150g) is slightly higher than cluster average (125-130g) but same core product - same bran"
12453,27170,Morrisons,llm_r3_retry,0.95,"Smarties milk chocolate tube, 38g (38.1g is equivalent to 38g), same brand and variety as cluster"
12436,19293,Morrisons,llm_r3_retry,0.95,"Fridge Raiders Slow Roast Chicken Bites, same brand and variety. Weight 110g vs 112.5g is minor variation likely due to pack format differences (5x22.5g vs bulk"
10320,62970,Tesco,llm_r3_retry,0.95,"Schwartz Savoury White Sauce is a white sauce mix at 25g, matching the core product category and weight of the cluster items (Morrisons and Sainsbury's white sa"
10332,54269,Tesco,llm_r3_retry,0.95,"Same brand (Bonne Maman), same variety (Intense Strawberry), same weight (335g), same product type (jam/conserve). Candidate A matches all core product criteria"
12347,8766,ASDA,llm_r3_retry,0.95,"ASDA Light in Colour Olive Oil 250ml matches the core product: olive oil, 250ml volume. While the cluster shows extra virgin variety and this is light in colour"
12302,7622,ASDA,llm_r3_retry,0.95,"ASDA Hearty Scotch Broth 400g matches the cluster's core product (Scotch Broth soup, 400g). Own-brand variants across different supermarkets with identical vari"
10413,59559,Tesco,llm_r3_retry,0.95,"Garden Pride Petit Pois in Water 400g matches the cluster's core product (petits pois in water, 400g). Branded product with identical variety, flavour, and weig"
12243,7641,ASDA,llm_r3_retry,0.95,Crosse & Blackwell Broccoli & Stilton matches the cluster's core product (broccoli & stilton soup flavor) and weight (400g). It's a branded variant of the same 
10530,54312,Tesco,llm_r3_retry,0.95,"Opies Lemon Slices 350G matches the cluster exactly - same brand (Opies), same variety (lemon slices), same weight (350g), and same product type (sliced lemons "
10982,60782,Tesco,llm_r3_retry,0.95,"Same brand (Moët & Chandon), same variety (Brut Imperial), same volume (375ml/37.5cl), same pack count (1). Matches the cluster perfectly."
14159,16559,ASDA,llm_r3_retry,0.95,"Same brand (Wrigley's Extra), same flavor (White Bubblemint), same format (Sugar Free Multipack 6x10 pieces), same weight (83.9g ≈ 84g). Perfect match across al"
8475,63866,Tesco,llm_r3_retry,0.95,"Same brand (Maynards Bassetts), same variety (Jelly Baby Chicks), same weight (130g). Minor spelling variation ('Jelly Baby' vs 'Jelly Babies') is standard prod"
7062,55054,Tesco,llm_r3_retry,0.95,"Nestle Black Magic Dark Chocolate Box, similar weight (348g vs 340g cluster standard), same brand and variety. Minor weight variance acceptable for same product"
6739,64045,Tesco,llm_r3_retry,0.95,"Milk chocolate rice cakes, 100g, free from range. Matches cluster's core product (milk chocolate rice cakes) and weight. Different own-brand but same unbranded "
6779,44023,Sains,llm_r3_retry,0.95,"Sainsbury's Macaroni Cheese Ready Meal For 1 400g matches the cluster's core product (macaroni cheese ready meal, single portion, 400g). Own-brand equivalent ac"
3535,63885,Tesco,llm_r3_retry,0.95,"Same brand (Drobimex), same weight (100g), same format (sliced chicken product). 'Delikatesowa' is a variety designation but represents the same core chicken sl"
3529,43974,Sains,llm_r3_retry,0.95,"Roast cooked chicken breast fillets, x4 pack, ~480g weight matches cluster (ASDA 475g, Tesco 485g). Same core product, own-brand variant allowed across supermar"
5342,22062,Morrisons,llm_r3_retry,0.95,"Both cluster items are 6-pack variety crisps at 150g. Seabrook Variety Crisps 6 Pack matches this exact specification: same pack count (6), same weight (150g), "
2782,26979,Morrisons,llm_r3_retry,0.95,"Linda McCartney's 2 Vegetarian burgers, 225g matches the cluster's brand, pack count (2), weight (225g), and core product type. The cluster contains both vegeta"
3503,51487,Tesco,llm_r3_retry,0.95,"Cooked Ham Slices, 400g, same weight as cluster. Both ASDA and Sainsbury's cluster items are cooked ham slices in 400g packs. Eastman's is a branded cooked ham "
8210,40263,Sains,llm_r3_retry,0.95,"Stella Artois Lager Beer, 12x330ml (3960ml), same brand, same variety (Unfiltered/Premium Lager), same pack count and volume as cluster listings"
5241,57783,Tesco,llm_r3_retry,0.95,"Propercorn Perfectly Sweet Popcorn 90g matches the cluster's brand (Propercorn/Proper Corn), variety (sweet popcorn), and weight (90g). Minor naming variation ("
8160,60507,Tesco,llm_r3_retry,0.95,"Blue Moon Belgian White, same brand and variety, 1320ml total volume (4x330ml pack), matches cluster volume and pack structure"
4804,34521,Sains,llm_r3_retry,0.95,"Same core product: Extra Virgin Olive Oil Spray, 200ml. Brand is Sainsbury's own-brand (different from Napolina cluster), but rules allow own-brand of different"
6678,55730,Tesco,llm_r3_retry,0.95,"Same brand (Yutaka), same variety (White Miso Paste), same weight (100g). The cluster specifies 'White Miso Paste' while candidate A lists 'Miso Paste' but this"
2806,26960,Morrisons,llm_r3_retry,0.95,"Chicago Town Deep Dish Vegan BBQ Chicken Pizza, 320g (vs 310g in cluster). Same brand, variety, and pack count (2x). Weight variance of 10g is minor and likely "
3131,26443,Morrisons,llm_r3_retry,0.95,"Same brand (Nuii), same flavour (Caramel White Chocolate & Texan Pecan), same volume (275ml vs 270ml cluster - minor variation within tolerance for product matc"
4126,20875,Morrisons,llm_r3_retry,0.95,"Same brand (Weight Watchers from Heinz), same variety (Hearty Vegetable Broth Soup), same weight (300g). Matches the cluster core product."
4954,24158,Morrisons,llm_r3_retry,0.95,"Same brand (Schwartz), same product line (Nadiya Punchy Rice Bowl/Kit), same weight (65g). Candidate A appears to be the Morrisons equivalent of the cluster pro"
7539,60402,Tesco,llm_r3_retry,0.95,"Same brand (Not Guilty), same variety (Pinot Grigio), same alcohol-free/zero alcohol characteristic, same volume (750ml). Only minor naming variation ('Alcohol "
8096,59463,Tesco,llm_r3_retry,0.95,"Same brand (Budweiser), same variety (Lager Beer), same pack count (single bottle). Volume is 660ml vs 650ml cluster - minor variation likely due to rounding/re"
2809,26909,Morrisons,llm_r3_retry,0.95,"Young's Gastro 2 Sicilian Lemon & Parsley Cod Fillets, 270g matches the cluster exactly - same brand, same variety/flavour, same weight, same pack count (2 fill"
3099,47595,Sains,llm_r3_retry,0.95,Wall's Twister Ice Lolly Berrylicious 4x70ml (280ml total) matches the cluster exactly. Candidate A is Heartbrand Twister Ice Lolly Berrylicious 4x70ml - Heartb
7718,35538,Sains,llm_r3_retry,0.95,"Profi Poultry Pate 131g matches the cluster's Profi Chicken Pate 130g - same brand, same core product (pate), same variety (poultry/chicken), virtually identica"
4080,54376,Tesco,llm_r3_retry,0.95,"Mushy peas, 300g size, same core product as cluster. Brand difference (Growers Harvest vs own-brands) is acceptable as core unbranded product is identical."
7832,18310,Morrisons,llm_r3_retry,0.95,"Lowicz Soft Cheese Vanilla Flavour 250g - same brand, same variety (vanilla flavour), same weight. 'Serek O Smaku Wanillowym' is Polish for 'Cheese with Vanilla"
8017,46156,Sains,llm_r3_retry,0.95,"Same core product: Southern fried chicken thighs & drumsticks, 800g, own-brand (Sainsbury's vs ASDA/Tesco). Matches variety, weight, and cut composition."
4174,17617,Morrisons,llm_r3_retry,0.95,KTC Butter Beans in Salted Water 240g matches the core product (butter beans in water/salted water) and weight of the cluster. Brand difference is acceptable as
5598,58150,Tesco,llm_r3_retry,0.95,"Tesco Organic Whole Wheat Spaghetti Pasta 500G matches the cluster's core product: organic wholemeal/whole wheat spaghetti, 500g. Own-brand across different sup"
6407,50168,Tesco,llm_r3_retry,0.95,"Tesco Free From Korma 500G matches the cluster's core product (Korma sauce, 500g). All three are own-brand Korma sauces with identical weight. The 'Free From' v"
3690,34246,Sains,llm_r3_retry,0.95,"Sainsbury's Deliciously Free From Cornflakes 300g matches the cluster: same core product (corn flakes), same free-from positioning as ASDA and Morrisons free-fr"
4359,36903,Sains,llm_r3_retry,0.95,"Mazzetti brand, white condiment, 250ml volume. Matches cluster exactly on brand, product type, and size. 'Balsamic Vinegar White Label' is the same product line"
4458,52104,Tesco,llm_r3_retry,0.95,"Heinz Salad Cream 70% Less Fat 415g matches the cluster's brand (Heinz), variety (Extra Light/70% Less Fat), and weight (415g). The cluster uses both 'Extra Lig"
5938,46426,Sains,llm_r3_retry,0.95,"Sainsbury's Large Multi Seeded Deli Rolls x4 matches the cluster's core product: multiseed deli rolls in 4-pack format. Same variety, same pack count, and same "
4467,52723,Tesco,llm_r3_retry,0.95,"Same brand (Heinz), same variety (Pickle Flavour Tomato Ketchup), same core product. Weight difference (460g vs 400ml) is minor variation in the same product li"
3624,22793,Morrisons,llm_r3_retry,0.95,"Kellogg's All-Bran Original 500g matches the Kellogg's All-Bran from ASDA cluster - same brand, same variety (All-Bran), same weight. The Sainsbury's listing is"
6230,38966,Sains,llm_r3_retry,0.95,"Sainsbury's Diet Cola 6x330ml (1980ml) matches the cluster's core product: diet cola, same pack format (6x330ml similar to cluster's 8x330ml and single packs), "
5630,22173,Morrisons,llm_r3_retry,0.95,"Same brand (Seabrook), same flavour (Prawn Cocktail), same weight (150g), same pack count (6 pack). Minor spelling variation 'Seabrooks' vs 'Seabrook' is likely"
6279,49872,Tesco,llm_r3_retry,0.95,"Ribena brand, blackcurrant flavour, 1500ml volume. Cluster items are ready-to-drink juice drinks (dilutable or not), while A is concentrated. However, A is the "
3729,21021,Morrisons,llm_r3_retry,0.95,"Fuel 10K brand, High Protein, Salted Caramel flavor, 70.1g weight matches cluster exactly. Only difference is slightly truncated product name in listing."
2754,49258,Tesco,llm_r3_retry,0.95,"Tesco 10 Halloumi-Style Fries 170g matches the cluster: same pack count (10), same weight (170g), same core product (breaded halloumi fries). 'Halloumi-Style' v"
3578,45091,Sains,llm_r3_retry,0.95,"Sainsbury's German Salami Slices 250g matches the cluster's core product (German salami, sliced, 250g). Own-brand variation across different supermarkets is acc"
3563,55094,Tesco,llm_r3_retry,0.95,"Krakus Kabanosy 250g - same brand, same product variety (Chicken & Pork is the standard Kabanosy variety), same weight. Matches cluster exactly."
5734,64942,Tesco,llm_r3_retry,0.95,"Same brand (Allinson's), same variety (Seeded/Scandalous Seeds), same weight (650g). G is Allinson's Signature Seeded Loaf which matches the core product in the"
3837,24737,Morrisons,llm_r3_retry,0.95,"Kopparberg Mixed Fruits Cider, 1319.4ml (4x330ml equivalent), matches the cluster's brand, tropical/mixed fruit variety, and volume across both ASDA and Tesco l"
5799,46344,Sains,llm_r3_retry,0.95,"Warburtons Thick Sliced Seeded Bread 800g matches the cluster's Warburtons Grained Farmhouse 800g - same brand, same weight, both are seeded/grained farmhouse-s"
5817,46471,Sains,llm_r3_retry,0.95,"Sainsbury's Jam Doughnuts x5 matches the cluster: same variety (jam), same pack count (5), same own-brand format as ASDA and Tesco listings"
2981,56984,Tesco,llm_r3_retry,0.95,"Birds Eye brand, minted lamb grill steaks, 4 pack, 300g - matches cluster exactly. 'Lambgrills' is alternative naming for same product."
3837,40595,Sains,llm_r3_retry,0.95,"Same brand (Kopparberg), same variety (Alcohol Free Premium Cider with Mixed Fruit/Tropical), same volume (1320ml), same pack count (4x330ml). Matches both clus"
4175,22809,Morrisons,llm_r3_retry,0.95,"Red kidney beans, organic variety, Morrison's own-brand matching Sainsbury's organic in cluster, similar weight (250g vs 225g-240g range)"
5867,46592,Sains,llm_r3_retry,0.95,"Sainsbury's Iced Fairy Cakes x12 matches the cluster's core product: iced fairy cakes in a 12-pack. Own-brand across different SMs (ASDA, Tesco, Sainsbury's) is"
7437,20989,Morrisons,llm_r3_retry,0.92,"Rowse brand, honey product, 250g. Both cluster items are Rowse Acacia Honey 250g in squeezy format. Candidate A is Rowse Pure & Natural Honey 250g squeezy - sam"
11316,60920,Tesco,llm_r3_retry,0.92,"Both cluster products are cheese & ham/bacon kievs (~500g). Tesco option B is a 4-pack cheese & bacon breaded chicken kiev (500g), which matches the core produc"
7589,51795,Tesco,llm_r3_retry,0.92,"Tahira brand, hot & spicy chicken frankfurters, very similar weight (330g vs 340g cluster). Minor weight difference acceptable as core product is identical."
3081,26733,Morrisons,llm_r3_retry,0.92,"Candidate B matches the cluster's core product: beef dripping Yorkshire puddings, 6-pack, 240g. Both cluster items are beef dripping varieties with same pack co"
11900,905,ASDA,llm_r3_retry,0.92,ASDA Cool & Crunchy Cucumber Portion matches the core product - all three are own-brand cucumber portions from different UK supermarkets. Same variety (cucumber
6175,29215,Morrisons,llm_r3_retry,0.92,"Coca Cola Zero Lemon & Lime is the same core product as the cluster (zero sugar cola in lemon & lime flavor, similar volume ~1800ml). Candidates A-G are vaping "
6034,27517,Morrisons,llm_r3_retry,0.92,"Bounty brand, chocolate & coconut variety, nearly identical weight (56.8g vs 57g), same core product as cluster listings"
140,23286,Morrisons,llm_r3_retry,0.92,"Good Earth brand, turmeric and lemon flavour, 15 tea bags, 42g weight matches ASDA listing. Ingredient variation (ginger addition) is minor flavour difference b"
4544,53808,Tesco,llm_r3_retry,0.92,Gravy granules product category match. Bisto is a branded gravy granules product (450g vs cluster's 500g is minor size variance). Core product is gravy granules
13665,6417,ASDA,llm_r3_retry,0.92,"Both cluster items are wafer thin oak smoked ham at 120g. ASDA option B matches: oak smoked ham, 120g weight, own-brand equivalent across different SMs is allow"
13451,19840,Morrisons,llm_r3_retry,0.85,"Delamere Plain Goat's Yogurt matches the core product: goat's milk yogurt, plain/natural variety, 450g weight. Different brand from cluster (Delamere vs St Hele"
5904,55116,Tesco,llm_r3_retry,0.85,"Both cluster items are malted brown/malted bloomer loaves at 800g, thick sliced. Tesco Hi Fibre Malted Loaf 800G Sliced matches the malted variety, weight, and "
12034,1053,ASDA,llm_r3_retry,0.85,"ASDA Mild & Versatile White Mushrooms 400g matches the cluster's core product: closed cup/white mushrooms, 400g weight, own-brand supermarket listing (consisten"
4591,55810,Tesco,llm_r3_retry,0.85,"Same brand (Marigold), same format (bouillon powder), same weight (140g). Both are organic vegetable bouillon products. 'Vegan' in candidate A is a descriptor o"
3808,18274,Morrisons,llm_r3_retry,0.85,"Jelly Belly Peanut Butter & Jelly matches the flavor profile and brand of the cluster. Weight is 70.1g vs 60g in cluster, which is a difference, but this is the"
13875,26666,Morrisons,llm_r3_retry,0.85,"Morrisons Sliced Red Onion is the same core product (sliced red onions, own-brand equivalent), though weight differs slightly (650g vs 500g cluster standard). C"
236,30302,Morrisons,llm_r3_retry,0.85,"Morrisons Chocolate Fudge Frozen Cake 450g matches the core product (hot/frozen chocolate fudge cake, 450g). 'Frozen' vs 'Hot' in name is a processing differenc"
12141,11806,ASDA,llm_r3_retry,0.85,ASDA Reduced Fat Coconut Milk 400ml matches the cluster's core product: light/reduced fat coconut milk in 400ml format. Own-brand equivalents across different s
12141,22308,Morrisons,llm_r3_retry,0.85,"Morrisons own-brand canned coconut milk in 400ml matches the cluster's core product (light coconut milk, 400ml). Same variety and volume as Sainsbury's and Tesc"
5807,26057,Morrisons,llm_r3_retry,0.85,"La Boulangere Plain Stonebaked Baguette 250g matches the core product: stonebaked white baguette, 250g weight (same as Sainsbury's pack), baguette format. Brand"
12190,30496,Morrisons,llm_r3_retry,0.85,"Fox's brand, Chocolatey variety, 130g weight. 'Indulg' appears to be truncated text for same product line as cluster's 'Chocolatey Milk Chocolate Rounds'. Same "
13921,14807,ASDA,llm_r3_retry,0.85,"12 pork chipolata sausages at 340g matches the cluster's core product (pork chipolatas, 12-pack, 340g). Brand is ASDA own-brand which is acceptable for own-bran"
12207,21736,Morrisons,llm_r3_retry,0.85,"Both cluster items are granulated sugar at 1000g. Candidate A is granulated sugar at 1000g, matching the core product despite different brand (Silver Spoon vs S"
13829,867,ASDA,llm_r3_retry,0.85,ASDA Vibrant & Creamy Mozzarella & Pesto Pasta Salad matches the core product (pesto pasta salad) with similar weight (270g vs 200-220g cluster range). While we
13815,15264,ASDA,llm_r3_retry,0.85,"Same core product (Coq Au Vin), similar weight (800g vs 805g cluster), ASDA own-brand equivalent to Charlie Bigham's branded versions. Minor weight difference ("
4178,17614,Morrisons,llm_r3_retry,0.85,"Plain chickpeas in salted water, 240g matches cluster's plain chickpea products at similar weights. Core product is identical canned/tinned chickpeas."
462,28580,Morrisons,llm_r3_retry,0.85,"Same core product (Mixed Chillies), same own-brand from different supermarket. Weight is 50g vs 60-65g in cluster, which is a minor variance within acceptable r"
12312,13268,ASDA,llm_r3_retry,0.85,"Both cluster and candidate A are crunchy peanut butter with identical core product characteristics. Cluster uses branded Meridian (280g), candidate A is ASDA ow"
12343,7759,ASDA,llm_r3_retry,0.85,"Same core product: tuna steaks in spring water, 3x110g (329.7g ≈ 330g), same pack count. Brand differs (ASDA vs Princes) but ASDA own-brand is acceptable per ru"
462,43524,Sains,llm_r3_retry,0.85,Sainsbury's Mixed Chillies 80g matches the core product (mixed chillies) from ASDA and Tesco clusters. Different weight (80g vs 60-65g) is minor variation withi
5606,47234,Sains,llm_r3_retry,0.85,"Sainsbury's Coconut Cream 250ml matches the core product (coconut cream, 250ml) of the cluster. Own-brand equivalent of Blue Dragon across different UK supermar"
13779,19638,Morrisons,llm_r3_retry,0.85,"Cully & Sully brand, smoked salmon and haddock chowder, 400g matches cluster. Text truncation ('Smoked Salm…') likely indicates full product name is 'Smoked Sal"
4129,21706,Morrisons,llm_r3_retry,0.85,"Organic chopped tomatoes in 400g format matching the cluster's core product (organic tomatoes). While 'peeled' vs 'juice' describes preparation method, this is "
12504,22359,Morrisons,llm_r3_retry,0.85,"Aunty's brand steamed pudding, 190g vs 200g cluster (minor weight difference acceptable for pudding products which can vary), same pack format and category"
5911,64098,Tesco,llm_r3_retry,0.85,White tortillas/wraps are the same core product. ASDA and Morrisons own-brand wheat & white tortillas match Tesco Free From white tortilla wraps - all are retai
5904,46600,Sains,llm_r3_retry,0.85,"Black Sheep Malted Bloomer 800g matches the cluster's core product: malted variety, bloomer format, 800g weight. Brand difference is acceptable as it's a differ"
12529,7775,ASDA,llm_r3_retry,0.85,"Same core product: tuna steaks in sunflower oil, same weight (329.7g ≈ 330g), same pack format (3x110g). Brand differs (Princes vs ASDA/Skipjack) but core produ"
787,39575,Sains,llm_r3_retry,0.85,"Sainsbury's No Added Sugar Pineapple Mango & Passion Fruit Juice Drink matches the cluster's core product: orange/mango & passion fruit juice, no added sugar, 1"
11654,47254,Sains,llm_r3_retry,0.85,"Sainsbury's Baby Brussels Sprouts 300g is the same core product (brussels sprouts, 300g). Baby sprouts are a variety of brussels sprouts, matching the cluster's"
11661,64372,Tesco,llm_r3_retry,0.85,"Tesco Cherry Punnet Large 400G is a cherry tomato product. While weight differs slightly (400g vs 425-500g cluster), it's the closest match in variety and produ"
14227,25730,Morrisons,llm_r3_retry,0.85,"Corona Tropical brand, Raspberry & Lemon flavour, 330ml volume matches cluster. Minor naming variation (full description vs shortened) is acceptable for same co"
4426,34082,Sains,llm_r3_retry,0.85,"English Mustard, plain variety, similar weight (180g vs 200g/190g cluster range), own-brand from different SM following same pattern as cluster"
11686,43680,Sains,llm_r3_retry,0.85,Little Mixed Leaves 125g is a mixed leaf salad product with similar weight (125g vs 100-120g cluster range) and matches the core product category of bagged mixe
5984,49587,Tesco,llm_r3_retry,0.85,Tesco 30 Cornflake Clusters matches the core product (chocolate cornflake clusters) and represents the same category as cluster items. While exact weight/count 
11703,63144,Tesco,llm_r3_retry,0.85,"Same core product (Kiwi, Melon & Strawberries), same brand tier (Tesco own-brand matches Morrisons/Sainsbury's own-brand), similar weight range (250g vs 210-220"
11696,4103,ASDA,llm_r3_retry,0.85,"ASDA Crisp & Juicy Watermelon Fingers is a watermelon product from the same supermarket chain. However, it differs in cut style (Fingers vs Wedges) and weight ("
14101,28103,Morrisons,llm_r3_retry,0.85,"Smoked back bacon, extra thick cut, 300g weight matches cluster specifications. Morrisons own-brand equivalent to Sainsbury's and Tesco offerings. Minor variati"
3727,21005,Morrisons,llm_r3_retry,0.85,"Quaker brand, caramel flavour variety, similar weight (56.6g vs 58-60g cluster range). 'Oat So Simple' is Quaker's standard instant porridge line with caramel v"
11766,43930,Sains,llm_r3_retry,0.85,"Sainsbury's Strawberry Trifle is own-brand equivalent of Morrisons/Tesco strawberry trifles. Same core product (strawberry trifle), similar pack format (4x125g "
11766,6278,ASDA,llm_r3_retry,0.85,JUST ESSENTIALS by ASDA 3 Strawberry Trifles matches the core product - strawberry trifles in 3-pack format. Weight variance (340g vs 400-405g) is minor and wit
11792,9935,ASDA,llm_r3_retry,0.85,"Same core product: lentil cottage pie with sweet potato mash, 400g. Brand is different (ASDA own-brand vs Kirsty's), but this is acceptable as it's the same unb"
14026,13438,ASDA,llm_r3_retry,0.85,"Moscatel de Valencia variety, 750ml volume. Different brand (Calafia vs Vina Araya/Casa Mana) but same core product type - sweet Moscatel wine from Valencia reg"
11797,53106,Tesco,llm_r3_retry,0.85,"Alphonso Mango Passion Fruit matches the mango and passionfruit/passion fruit flavour combination from the cluster. Weight is 360g vs cluster's 450g, which is a"
11815,39601,Sains,llm_r3_retry,0.85,"Dark rum, 1L volume matches cluster. Lamb's Navy Dark Rum is a genuine dark rum product comparable to OVD (Overproof Dark) rum as core product category."
11849,52632,Tesco,llm_r3_retry,0.85,"Same core product (creamy/clotted cream rice pudding), 2-pack format, similar weight range (346g vs 250-288.5g cluster). Tesco own-brand equivalent to Morrisons"
4496,32261,Sains,llm_r3_retry,0.85,Sainsbury's own-brand Horseradish Sauce matching cluster pattern of own-brand horseradish sauces from different SMs. Similar weight (160ml vs 180g/175g) is acce
14012,18514,Morrisons,llm_r3_retry,0.85,Market Street Cream & Strawberry appears to be the Morrisons equivalent of Sainsbury's Yum Yums and Tesco's Strawberry Jam & Cream Scones - same flavor combinat
807,38546,Sains,llm_r3_retry,0.85,"Sainsbury's Tropical Juice matches the cluster's core product: tropical fruit juice variety, 100% fruit juice, 1000ml volume. Own-brand equivalent to ASDA and M"
13930,10469,ASDA,llm_r3_retry,0.85,"Both cluster items are Scotch Morning/Morning Rolls in 6-pack format. Candidate B is 'Scotch White Rolls' 6-pack, which matches the core product (Scotch rolls, "
11922,46410,Sains,llm_r3_retry,0.85,"Warburtons Cinnamon & Raisin Fruit Loaf 400g matches the core product (cinnamon & raisin flavoured loaf, 400g). Different brand (Warburtons vs Irwin's) but same"
13751,7222,ASDA,llm_r3_retry,0.85,ASDA Gouda Cheese 200g matches the core product (Gouda cheese) and weight (200g) of the cluster. Different own-brand presentation acceptable as per rules.
13730,15748,ASDA,llm_r3_retry,0.85,ASDA Medium Stuffed Crust Pepperoni matches the cluster's core product (stuffed crust pepperoni pizza). Weight variation (509g vs 424-436g cluster) is typical a
13430,29337,Morrisons,llm_r3_retry,0.85,"Market Street Chocolate Eclairs matches the core product (chocolate eclairs, 4-pack format) from the cluster. Market Street is Morrisons' own-brand equivalent t"
13211,25344,Morrisons,llm_r3_retry,0.85,"Blended Scotch Whisky, ~350ml volume matches cluster. Morrisons own-brand equivalent to named brands in cluster (Crag & Glen, Whyte & Mackay). Same core product"
13609,890,ASDA,llm_r3_retry,0.85,"ASDA Cool & Crunchy Mini Cucumbers 200g matches the core product (baby/mini cucumbers, 200g). Own-brand variation across supermarkets is acceptable for identica"
13121,24403,Morrisons,llm_r3_retry,0.85,"Casilliero del Diablo Reserva Merlot matches the cluster on: brand (Casilliero del Diablo is a recognizable wine brand), variety (Merlot), and volume (750ml). A"
4829,54755,Tesco,llm_r3_retry,0.85,"Napolina Light And Mild is the same product line as Napolina Light in Colour - both refer to the same light/mild olive oil variety from Napolina brand. However,"
374,59477,Tesco,llm_r3_retry,0.85,Tesco Sweet Peppers matches the core product of mixed peppers from ASDA and Sainsbury's. All are own-brand mixed/sweet peppers with no added ingredients or flav
13589,31234,Morrisons,llm_r3_retry,0.85,"Morrisons Wonky Lemons is fresh unwaxed lemons, matching the core product (fresh lemons) from Sainsbury's and Tesco clusters. Different pack count/minimum not s"
4045,35589,Sains,llm_r3_retry,0.85,"Same brand (John West), same product (Smoked Mussels), same core item. Weight difference (85g vs 64.9-65g) is minor variation common in packaging. Oil type diff"
13116,3603,ASDA,llm_r3_retry,0.85,"Same core product: squash concentrate, summer fruits flavour, 66ml volume. Brand differs (ASDA own-brand vs Robinsons), but this is acceptable as own-brand alte"
374,28523,Morrisons,llm_r3_retry,0.85,"Morrisons Greengrocer Sweet Mixed Peppers matches the cluster of mixed peppers from ASDA and Sainsbury's. All are own-brand mixed peppers with variable colours,"
4067,55283,Tesco,llm_r3_retry,0.85,"Summer Pride Chopped Tomatoes 400G matches the core product: chopped tomatoes in tomato juice, 400g weight. Brand differs from cluster (own-brand vs Summer Prid"
4902,53392,Tesco,llm_r3_retry,0.85,French dressing/vinaigrette is the same core product. Tesco Finest is Tesco's premium own-brand equivalent to ASDA Extra Special and Sainsbury's Taste the Diffe
13111,9140,ASDA,llm_r3_retry,0.85,"Lowicz Kefir is a kefir product in 1000ml volume matching the cluster's core product (Biotiful Kefir). Different brand but same core product type, volume, and o"
13493,5055,ASDA,llm_r3_retry,0.85,Both candidates and cluster are 4 breaded white fish fillets at 500g. B specifies 'breaded white fish fillets' which matches the battered cod fillets core produ
385,43327,Sains,llm_r3_retry,0.85,Sainsbury's Tomatoes Loose matches the core product (beef tomatoes) from the cluster. All three are own-brand loose beef tomatoes from different UK supermarkets
4092,58438,Tesco,llm_r3_retry,0.85,Growers Harvest Sweetcorn in Water matches the core product (sweetcorn in water) with similar weight (325g vs 259.9g-320g range). Different brand from cluster o
4067,23608,Morrisons,llm_r3_retry,0.85,Both cluster items are own-brand chopped tomatoes in tomato juice at 400g. Morrisons The Best is Morrisons' premium own-brand equivalent to ASDA's and Sainsbury
13398,27755,Morrisons,llm_r3_retry,0.85,"Same brand (London Essence), same volume (500ml). Different variety (Indian Tonic Water vs Raspberry & Rose) but this is the closest match available. However, t"
4080,20427,Morrisons,llm_r3_retry,0.85,"Marrowfat peas are a processed variety of peas, closely related to mushy peas (often the same product base). Same weight (300g) as cluster. Morrisons own-brand "
4846,33547,Sains,llm_r3_retry,0.85,"Ground white pepper, same variety and similar weight (44g vs 33.8-33.9g cluster). Different brand (Sainsbury's vs Schwartz) but own-brand of different SM is all"
396,28484,Morrisons,llm_r3_retry,0.85,"Albert Bartlett Buttergold matches the golden buttery potato variety and 2kg weight from the cluster. While branded (not own-brand), it represents the same core"
13421,5561,ASDA,llm_r3_retry,0.85,"Birds Eye Cod Fish Fingers, 18 pack (504g) matches the core product - cod fish fingers, chunky/standard variety. Pack count and weight align with cluster produc"
13099,13491,ASDA,llm_r3_retry,0.85,"Pom Wonderful pomegranate juice, same brand and variety. Volume is 700ml vs cluster's 710ml (minor difference, likely same product line with regional sizing var"
5583,42039,Sains,llm_r3_retry,0.85,"Plant-based steak product from Plant Pioneers brand (Sainsbury's own-brand equivalent to Vivera). Same core product category (plant steaks), similar weight (227"
3919,19629,Morrisons,llm_r3_retry,0.85,"Barrel Aged Feta from Morrisons own-brand, same core product as cluster. Weight differs (150g vs 200g) which technically violates rules, but A is closest match."
13729,12076,ASDA,llm_r3_retry,0.85,Katsu Chicken Curry format matches cluster core product. House of Yum is ASDA's branded katsu line. Weight slightly higher (465g vs 450g) but core product (kats
13716,6411,ASDA,llm_r3_retry,0.85,"ASDA Delicate Prosciutto Cotto Herb Ham is 100g, same weight and core product (prosciutto cotto with herbs) as cluster. Own-brand variants of same core product "
13704,19659,Morrisons,llm_r3_retry,0.85,"Goats butter, 250g, same core product as cluster. Different brand (Delamere vs St Helen's Farm) but same unbranded product category, weight, and format."
12599,3336,ASDA,llm_r3_retry,0.85,"ASDA Assorted Bread Sticks 120g matches the cluster's core product (breadstick selection, 120g weight). Different supermarket own-brands with identical specific"
12624,2856,ASDA,llm_r3_retry,0.85,"Conchiglie pasta, 500g. Same core product as cluster (conchiglioni/conchiglie are similar shell pasta shapes). Different brand (Napolina vs Sainsbury's/Tesco ow"
12754,13800,ASDA,llm_r3_retry,0.85,"Same core product: Semolina Coarse, 1500g weight. Different brand (Tropical Sun vs Natco) but same variety, weight, and pack count. Tropical Sun is a branded al"
12769,23833,Morrisons,llm_r3_retry,0.85,"Whitworths Shots brand, 75g total weight, 3-pack format. Likely same salted caramel nuts variety despite truncated product name."
12793,22672,Morrisons,llm_r3_retry,0.85,Red kidney beans in similar weight (380g vs 400g cluster). Same variety and type. Different brand (Cirio vs Dunn's River) but this is acceptable as own-brand ma
3934,44622,Sains,llm_r3_retry,0.85,"Lancashire cheese variety, similar weight (240g vs 250g/220g cluster average), premium own-brand line (Taste the Difference comparable to The Best/premium posit"
13669,6641,ASDA,llm_r3_retry,0.85,"Both cluster items are peppered/peppery smoked mackerel fillets. Candidate D is ASDA's peppery kiln roasted mackerel fillets at 250g, matching the core product "
5286,32457,Sains,llm_r3_retry,0.85,"Both are variety multipacks of assorted crisps with 12x25g format (300g total). Sainsbury's own-brand equivalent to Wheat Crunchies variety pack, same pack coun"
12998,12534,ASDA,llm_r3_retry,0.85,ASDA Chocolate Honeycomb Bag matches the core product (chocolate coated honeycomb) and weight is close (140g vs 119-120g cluster). Own-brand equivalent of Sains
5248,35581,Sains,llm_r3_retry,0.85,"Eazypop Microwave Popcorn Sweet - same brand, same variety/flavour (Sweet), same product type. Weight difference (100g vs 84.5-85g) is minor and likely represen"
4129,59134,Tesco,llm_r3_retry,0.85,Tesco Organic Italian Chopped Tomatoes is the same core product as the cluster (organic chopped tomatoes in tomato juice). Minor weight difference (390g vs 400g
13022,9811,ASDA,llm_r3_retry,0.85,"Stonebaked pepperoni pizza, similar weight range (354g vs 270-277g cluster), own-brand product. Weight is larger but within acceptable tolerance for same core p"
13067,30557,Morrisons,llm_r3_retry,0.85,"Both cluster items are Pinot Grigio Blush/Rose (same variety and style), 750ml. E is Morrisons The Best Pinot Grigio Rose 750ml - matching own-brand equivalent "
13069,11158,ASDA,llm_r3_retry,0.85,Old Jamaica Diet Ginger Beer matches the cluster's core product: diet/no added sugar ginger beer in 330ml format. Brand differs from Sainsbury's/Tesco own-brand
13623,12248,ASDA,llm_r3_retry,0.85,"ASDA Braised Red Cabbage Side for Two 300g matches the core product: red cabbage side dish, 300g format, same supermarket own-brand category as Sainsbury's and "
5164,26615,Morrisons,llm_r3_retry,0.85,"Morrisons Classic Milk Chocolate Amour Sticks matches the cluster: milk chocolate coated ice cream, 330ml volume, same pack configuration (3x110ml format implie"
5067,50472,Tesco,llm_r3_retry,0.85,Big & Free Large White Free Range Eggs 10 Pack matches the cluster's core product: 10-pack free range eggs. Both ASDA and Morrisons cluster items are 10-pack fr
13114,24907,Morrisons,llm_r3_retry,0.85,"Mix Up Gin And Tonic 250ml matches the core product - standard gin and tonic, 250ml volume. Sainsbury's and Tesco own-brand equivalents are comparable to Mix Up"
9782,15813,ASDA,llm_r3_retry,0.85,ASDA Cheese Sauce Mix is the same core product (cheese sauce mix) as the Bisto cluster. Own-brand equivalent of same variety/flavour. Weight is slightly differe
1827,27605,Morrisons,llm_r3_retry,0.85,Morrisons No Added Sugar Still matches the cluster's core product (no added sugar lime cordial). The partial product name suggests lime flavour. Volume is simil
6671,30798,Morrisons,llm_r3_retry,0.85,"Capers product, similar weight (180g vs 190g cluster average), same core product type. Minor weight difference acceptable for own-brand matching across SMs."
9161,52623,Tesco,llm_r3_retry,0.85,"Rakusens brand, matzos product, 200g weight. Cluster specifies 'Flame Baked Cracker' variety while candidate A is 'Traditional' variety - different variety/flav"
6779,23304,Morrisons,llm_r3_retry,0.85,"Ambrosia Creamed Macaroni is a macaroni cheese product at 400g, matching the core product type and weight of the cluster. Different brand but same unbranded cor"
8258,62683,Tesco,llm_r3_retry,0.85,"Same core product (blueberries), same variety, but different weight (150g vs 125g cluster). However, A is the closest match as it's fresh blueberries from a maj"
10541,64977,Tesco,llm_r3_retry,0.85,Tesco Mushroom Antipasti matches the core product (mixed mushrooms) with similar weight (285g vs 280-290g cluster range). Antipasti preparation is a common form
8286,31198,Morrisons,llm_r3_retry,0.85,Live Scottish mussels from Morrisons 'The Best' range matches the core product (live Scottish mussels) from ASDA and Tesco. Different own-brand names across SMs
6663,21287,Morrisons,llm_r3_retry,0.85,"Barilla Pesto Genovese 190g matches the core product - same variety (Alla Genovese/Genovese Pesto), same weight (190g), branded pesto. Different brand from clus"
8279,49343,Tesco,llm_r3_retry,0.85,"Peach flavoured sparkling water, similar volume (1000ml vs 900-1071ml cluster range), no added sugar implied by Tesco's typical product line. Only minor volume "
9061,10700,ASDA,llm_r3_retry,0.85,"ASDA Free From 2 Blueberry Muffins matches the cluster: gluten-free blueberry muffins in 2-pack format, same brand (Genius equivalent positioning in free-from c"
9190,51458,Tesco,llm_r3_retry,0.85,"Aleyna brand, pickled chilli peppers, similar product category. Weight differs (480g vs 440g) but this is the closest match. B is sliced jalapeno rather than un"
9055,11012,ASDA,llm_r3_retry,0.85,"ASDA Free From 4 Cherry Bakewells Cakes — 190g matches the cluster's core product: free-from/unbranded bakery items, cherry/traditional bakewell variety, 190g w"
9020,15338,ASDA,llm_r3_retry,0.85,"ASDA Extra Special Free From matches the core product: chocolate orange cookies, 150g pack, free from range. Sicilian orange and Belgian dark chocolate is a leg"
6663,54331,Tesco,llm_r3_retry,0.85,Tesco Finest Basil Pesto 190g matches the core product (pesto alla genovese/basil pesto) in same weight and tier (Finest premium own-brand comparable to ASDA Ex
2140,31055,Morrisons,llm_r3_retry,0.85,"Morrisons Cider Cans matches the cluster's core product: own-brand dark fruit cider, 1750ml volume, same pack format as Sainsbury's 4x440ml (1760ml total). Bran"
3577,19145,Morrisons,llm_r3_retry,0.85,Morrisons Antipasti Platter is own-brand equivalent to the cluster's Mediterranean charcuterie/antipasti platters from ASDA and Tesco. Same core product (antipa
6459,32873,Sains,llm_r3_retry,0.85,"Sainsbury's own-brand Bolognese pasta sauce, 500g. Core product is smooth/standard Bolognese sauce matching cluster. 'Lighter' variety is a minor flavour variat"
10821,40158,Sains,llm_r3_retry,0.85,"Same core product (Pedro Ximenez sherry), same brand (Sainsbury's own-brand equivalent to Morrisons/Tesco), but different volume (500ml vs 375ml in cluster). Ho"
8997,18506,Morrisons,llm_r3_retry,0.85,"Morrisons Long Life Unsweetened matches the cluster's core product: skimmed, long life/UHT milk, 1000ml. Own-brand equivalent to ASDA Just Essentials and Tesco "
8324,31335,Sains,llm_r3_retry,0.85,"Sainsbury's Wholegrain Malties is the own-brand equivalent of ASDA Malted Wheaties and Tesco Malt Wheats - same cereal variety (malt/malted wheat), same 750g we"
6807,45360,Sains,llm_r3_retry,0.85,"Fish pie for young children (1+ years), 200g weight matches cluster. Annabel Karmel is a different brand from Little Dish, but the core product (fish pie for to"
10435,33364,Sains,llm_r3_retry,0.85,"Sainsbury's Fairtrade Italian Espresso Ground Coffee matches the core product: espresso ground coffee at 227g, same size as cluster products. Different brand (o"
6431,35126,Sains,llm_r3_retry,0.85,"Homepride brand, Hunter's/Chasseur chicken cooking sauce (same dish, alternative name), similar weight (400g vs 475g cluster). Minor weight difference but same "
10061,31612,Sains,llm_r3_retry,0.85,"Kingsfood brand, 8 hot dogs, 400g pack - matches Morrisons listing exactly. The asterisk notation (184g*) likely indicates drained weight, which is standard for"
9442,12388,ASDA,llm_r3_retry,0.85,"ASDA Extra Special Maple Cured Smoked Bacon Quiche Lorraine 400g matches the cluster's core product (Quiche Lorraine, 400g). All three are premium own-brand Qui"
9473,1896,ASDA,llm_r3_retry,0.85,"ASDA Extra Special Pressed British Apple Juice is 100% apple juice (same core product as cluster), 1000ml matches Sainsbury's volume, own-brand variant is accep"
2986,56298,Tesco,llm_r3_retry,0.85,"Tesco Finest Chicken & Pancetta Bake 400G matches the core product: chicken & bacon/pancetta pasta bake, 400g size, ready meal format. Pancetta is a type of bac"
3071,45903,Sains,llm_r3_retry,0.85,"Sainsbury's Sausage Patties 342g matches the cluster's core product (pork breakfast patties) with similar weight (342g vs 320-340g range), pack format (patties)"
9407,47532,Sains,llm_r3_retry,0.85,"Sainsbury's Chicken Bites x20 200g matches the cluster's core product (chicken poppers/bites, 20 pack count, 200g weight). Own-brand equivalents across differen"
9631,14192,ASDA,llm_r3_retry,0.85,Chovi Allioli is an aioli/garlic dip in 170g size matching Morrisons. 'Allioli' is alternative spelling of 'aioli'. Core product (garlic dip) matches cluster de
8045,60040,Tesco,llm_r3_retry,0.85,"Tesco British Cumberland Sausages matches the core product (Cumberland pork chipolatas/sausages, British, pork). Pack count is 8 vs 12 in cluster and weight is "
7597,18174,Morrisons,llm_r3_retry,0.85,"Ptasie Mleczko is the Polish brand name for E. Wedel marshmallow products. Same vanilla marshmallow in dark chocolate, same 340g weight. Brand name variation du"
8051,43876,Sains,llm_r3_retry,0.85,Sainsbury's Pork Cocktail Sausages 200g matches the core product (pork cocktail sausages) from the cluster. Weight aligns with Morrisons 160g and ASDA 140g (sim
6823,19947,Morrisons,llm_r3_retry,0.85,"Same core product (Chicken Madras), same brand (Morrisons own-brand matches ASDA/Sainsbury's own-brand pattern). Weight difference (340g vs 400g) is minor varia"
10073,9489,ASDA,llm_r3_retry,0.85,ASDA Cheesy Curls Multipack matches the cluster's cheesy curls product in 96g multipack format. Brand is different (own-brand) but core product is identical: sa
3272,19273,Morrisons,llm_r3_retry,0.85,"Both cluster items are low fat natural yogurt 500g. Candidate A is fat free (not low fat) but is the closest match - same core product type (natural yogurt), sa"
2111,61528,Tesco,llm_r3_retry,0.85,"Cashews, 100g+ weight category, same core product (roasted cashews). F is 125g vs cluster's 100g, but same nut variety and own-brand format across SMs is accept"
10232,11774,ASDA,llm_r3_retry,0.85,"Sharwood's plain poppadoms, 8 pack format. Cluster shows plain poppadoms (Mini and 60% Less Salt variants). Candidate A is plain poppadoms 8 pack at 72.1g, matc"
10277,32673,Sains,llm_r3_retry,0.85,"Opies brand, gherkins, 227g weight matches cluster. Cocktail vs Mini are different varieties, but Cocktail Gherkins are a common alternative name/variety for mi"
10330,3729,ASDA,llm_r3_retry,0.85,"BBQ Beef flavour instant noodles, 85-90g weight range is typical for this product type. Batchelors is a major brand for this category. Minor weight difference ("
10351,32782,Sains,llm_r3_retry,0.85,"Colombian Decaff coffee beans, 227g weight, own-brand supermarket product matching the cluster's core product (Colombian decaffeinated beans). Option A is the S"
10868,15769,ASDA,llm_r3_retry,0.85,ASDA Loose Lime matches the core product (limes) from Morrisons and Sainsbury's. All are own-brand limes from different supermarkets. While Sainsbury's specifie
9447,56115,Tesco,llm_r3_retry,0.85,"Own-brand salted butter, 250g, matches core product of cluster. Tesco organic variant aligns with Sainsbury's organic option in cluster. Same weight and salted "
10907,60395,Tesco,llm_r3_retry,0.85,Same core product: Pinot Grigio wine in 2250ml box format. Own-brand Tesco matches own-brand cluster (Morrisons/Sainsbury's). Volume and variety match exactly.
8686,45120,Sains,llm_r3_retry,0.85,"Tiramisu dessert, 2-pack format, 170g vs 200g cluster weight. Same core product (tiramisu) and pack count (2), but different weight and branded vs own-brand. We"
1166,23776,Morrisons,llm_r3_retry,0.85,"Both cluster items are white marzipan, own-brand from different SMs. Candidate A is Morrisons white marzipan (500g), matching the core product and weight of the"
11256,44860,Sains,llm_r3_retry,0.85,"Own-brand ready meal, spaghetti bolognese, calorie-controlled variant (Be Good To Yourself matches Counted/Calorie Controlled positioning), 400g matches cluster"
11265,46157,Sains,llm_r3_retry,0.85,"Garlic & Herb chicken breast Kiev/Kyiv product, 375g pack size, ready-to-cook prepared chicken steaks with matching flavor profile and weight across all three s"
11283,63073,Tesco,llm_r3_retry,0.85,"Tesco Beef Steak Mince 15% Fat 500G matches the core product (beef mince, 500g pack). Fat percentage varies across cluster (10-12%) and candidate (15%), which i"
8972,44099,Sains,llm_r3_retry,0.85,"Mature Cheddar cheese, own-brand (Stamford Street Co. is Sainsbury's own-brand), closest match to cluster's core product despite weight difference (900g vs 750g"
8371,57871,Tesco,llm_r3_retry,0.85,Tesco Broccoli 375G matches the cluster core product (plain broccoli). Weight is within range of ASDA 300g and Morrisons 350g. Own-brand broccoli across differe
11412,12696,ASDA,llm_r3_retry,0.85,"Guylian brand, Belgian chocolate seashells/pralines, similar weight (220g vs 250g cluster). Weight variance is slight but A is closest match to the artisanal Be"
8415,29316,Morrisons,llm_r3_retry,0.85,Guylian milk chocolate egg matching cluster brand and core product. Weight ~300g aligns with cluster (300-306g). 'Praline Easter Egg' refers to the same product
2672,26639,Morrisons,llm_r3_retry,0.85,"Morrisons Savers Ice Lollies 275ml matches the cluster's core product: own-brand multi-pack fruit flavour ice lollies, same volume as ASDA cluster member, typic"
3639,33714,Sains,llm_r3_retry,0.85,"Jordans Country Crisp with Honey & Nuts is a branded honey & nut crisp cereal at 500g, matching the core product of the cluster. Different brand from ASDA/Tesco"
8707,23526,Morrisons,llm_r3_retry,0.85,"Hundreds and Thousands is the UK term for rainbow sprinkles - same core product, similar weight (80g vs 64.9-75g cluster range), own-brand Morrisons equivalent "
6164,25933,Morrisons,llm_r3_retry,0.85,"Candidate B is 'Market Street Salted Cara...' which appears to be 'Market Street Salted Caramel' - matching the salted caramel flavor of the cluster. However, c"
898,30382,Morrisons,llm_r3_retry,0.85,"Capri-Sun Orange brand and flavour match. Volume is 1625ml vs 1600ml cluster (close, likely same product line with minor variation). Pack count not explicitly s"
6077,46695,Sains,llm_r3_retry,0.85,"Sainsbury's Buttermilk Pancakes x4 matches the core product: buttermilk pancakes, 4-pack format. Cluster shows ASDA and Tesco both offer blueberry buttermilk pa"
1051,30517,Morrisons,llm_r3_retry,0.85,"Whitworths Berry & White Cherries 100g matches the cluster's core product (berries and cherries, 100g). Same weight, same variety focus (mixed berries with cher"
1022,55513,Tesco,llm_r3_retry,0.85,"Same core product (cocoa powder for baking), same variety (plain cocoa), own-brand allowed across SMs. Only difference is weight (200g vs 250g cluster), which i"
8382,50541,Tesco,llm_r3_retry,0.85,Nectarines product matching the cluster - same fruit type and ready-to-eat state. Different brand (Suntrail vs ASDA/Morrisons own-brand) and pack count (4 vs 3)
11194,44751,Sains,llm_r3_retry,0.85,"Sainsbury's Sweet & Smoky BBQ Cooked British Chicken Wings 525g matches the cluster's core product: chicken wings, BBQ/smoky flavour, ready-to-eat cooked format"
1179,24027,Morrisons,llm_r3_retry,0.85,"Mr Kipling brand, chocolate fudge variety, similar weight (425g vs 400g cluster). Text truncation suggests 'Signature Chocolate Fudge Fill & Glaze' which matche"
2676,45520,Sains,llm_r3_retry,0.85,Hawaiian Pizza (Ham & Pineapple) matches the cluster flavor. Sainsbury's own-brand is acceptable as equivalent to ASDA/Tesco own-brands. Weight 385g is within r
8369,59428,Tesco,llm_r3_retry,0.85,"Create A Cake Classic Piping Kit is a piping bag and nozzle set product, matching the core product category of the cluster (ASDA Piping Bag & Nozzle Set and Sai"
8294,28343,Morrisons,llm_r3_retry,0.85,"Unsmoked gammon steak is the core product match. A is Morrisons own-brand unsmoked gammon steak (250g), same variety/flavour as cluster. Weight differs slightly"
10906,16359,ASDA,llm_r3_retry,0.85,"Echo Falls brand, 5.5% summer berries fruit wine, 750ml volume matches cluster. 'Sparkling Summer Garden' is a slight name variation but represents the same cor"
2200,57379,Tesco,llm_r3_retry,0.85,"Tesco Imperial Vodka 1L is an own-brand vodka matching the cluster's core product: plain vodka, 1000ml volume, same category. Own-brand equivalents across SMs a"
11615,47200,Sains,llm_r3_retry,0.85,"Wild Venison Scottish Lean, Diced Steak 300g matches the core product (diced venison, 300g) from the cluster. Different brand (Sainsbury's own-brand vs Morrison"
8856,38116,Sains,llm_r3_retry,0.85,"Wrigley's Extra Cool Breeze, same brand and flavour. Cluster shows multipack 83.9g; candidate A is 70g single pack. Weight differs but represents the same core "
8615,59223,Tesco,llm_r3_retry,0.85,"10 pack fish fingers in 250g matches cluster exactly. Hearty Food Co is a budget/value brand comparable to JUST ESSENTIALS and Savers, same core product despite"
11056,48376,Sains,llm_r3_retry,0.85,Sainsbury's Lemon Curd Bakes x4 matches the cluster's core product (lemon curd tarts/bakes in multi-pack format). Similar pack count (4 vs 6) and own-brand equi
8776,23225,Morrisons,llm_r3_retry,0.85,"Ginger Preserve with same flavour, though 340g vs 450g cluster weight. Different brand (Mackays vs ASDA/Sainsbury's own-brand) but same core product type. Weigh"
11066,64696,Tesco,llm_r3_retry,0.85,Tesco Finest 2 White Pitta Breads matches the core product (white pitta breads) from the cluster. Both Morrisons and Sainsbury's entries are white pittas/batons
8697,27454,Morrisons,llm_r3_retry,0.85,Morrisons The Best Salted Caramel Fudge matches the core product (salted caramel fudge bar) from the cluster. Same variety/flavour and similar weight (150g vs 1
11082,48327,Sains,llm_r3_retry,0.85,Chocolate chip cake bars in 5-pack format matching the cluster's core product. Stamford Street Co. is Sainsbury's own-brand equivalent to Morrisons Savers and M
8808,63703,Tesco,llm_r3_retry,0.85,"Lindt Gold Bunny Milk Chocolate Egg same brand and variety, though 460g is larger than cluster's 350-360g range, it appears to be the same core product line wit"
11091,52879,Tesco,llm_r3_retry,0.85,"Pitch Chocolate Chip brioche rolls match the cluster's Brioche Pasquier Pitch Choc Chip product - same brand (Pitch is Brioche Pasquier's chocolate chip line), "
11601,15251,ASDA,llm_r3_retry,0.85,"ASDA Flavoursome 2 Smoked Mini Gammon Steaks 250g matches the cluster's core product: smoked gammon steaks, 250g pack size, 2-count. 'Mini' descriptor and 'Flav"
3577,45304,Sains,llm_r3_retry,0.85,"Sainsbury's Charcuterie Selection, Taste the Difference 200g matches the core product: Mediterranean/antipasti charcuterie platter from premium own-brand ranges"
14168,28358,Morrisons,llm_r3_retry,0.75,"Gammon shank is the core product match. A is slow cooked gammon shank similar in weight (~500g vs 510-545g cluster). However, flavour differs (Cola vs Honey & M"
13482,1118,ASDA,llm_r3_retry,0.75,"Both candidates A and cluster items are asparagus products from UK supermarket own-brands. However, A is 150g while cluster items are 200g and 180g (different w"
9384,44732,Sains,llm_r3_retry,0.75,"Both cluster products are beef chilli with rice ready meals. Candidate A is Chilli Con Carne & Rice 500g - same core product (beef chilli rice), though 500g vs "
13447,17595,Morrisons,llm_r3_retry,0.75,"Khalas dates are a date variety similar to Medjool, but A is a different branded product (Freakin Awesome Khalas vs Organic Medjool). While both are 200g dates,"
13535,9977,ASDA,llm_r3_retry,0.75,"Plant-based bacon product with similar weight (170g vs 150g cluster). D is Vivera brand plant-based bacon, matching the plant-based category of cluster. Weight "
13431,1022,ASDA,llm_r3_retry,0.75,ASDA Sweet & Delicate Chantenay Carrots is the same core product (Chantenay carrots variety) as the cluster. Weight difference (300g vs 400g) is a minor varianc
2063,54425,Tesco,llm_r3_retry,0.75,"Tesco Perfectly Ripe Mango is a single mango product matching the core product (whole mango) from ASDA and Sainsbury's. Weight not specified for candidate A, bu"
9394,14217,ASDA,llm_r3_retry,0.75,ASDA Greek Salad with Mixed Olives is the same core product as the cluster (Greek salad with feta). Different weight (160g vs 185-210g) and minor flavour variat
4791,23144,Morrisons,llm_r3_retry,0.75,"Morrisons The Best Apple & Rosemary Stuffing is an apple-based herb stuffing mix at 140g, matching the cluster's core product type (apple/herb stuffing). While "
9319,6565,ASDA,llm_r3_retry,0.75,ASDA Extra Special Chorizo Casero is a spicy Spanish chorizo ring product in similar weight range (220g vs 200-225g cluster). Own-brand products across differen
13950,10339,ASDA,llm_r3_retry,0.75,"Both cluster items are Belgian sugar waffles (not chocolate), similar pack counts (7 and 4), similar weights (175-200g). Candidate A is The Waffle Patisserie 5 "
13840,1162,ASDA,llm_r3_retry,0.75,ASDA Chicken & Bacon on Malted Bread is a sandwich matching the cluster's core product (chicken & bacon sandwich on bread). Sainsbury's and Tesco versions are o
13875,5491,ASDA,llm_r3_retry,0.75,"Same core product (sliced red onions), same brand tier (own-brand), same variety. Weight differs (650g vs 500g) but this is minor variation acceptable for own-b"
13794,19310,Morrisons,llm_r3_retry,0.75,"Cooked chicken product from Morrisons own-brand, appears to be garlic & herb flavored based on truncation 'Cooked Chick...', 210g matches cluster weight range ("
13447,13723,ASDA,llm_r3_retry,0.75,Medjool dates - same core product (dried dates variety). Weight differs (250g vs 200g) but this is a minor variation common across retailers. Brand differs (Yaf
2754,26362,Morrisons,llm_r3_retry,0.75,"Morrisons Takeaway Halloumi Fries matches the core product (breaded halloumi fries), though weight is 160g vs 170g in cluster and pack count unclear, but closes"
13745,12175,ASDA,llm_r3_retry,0.75,"Same core product (Special/Egg Fried Rice), own-brand from different SM. However, weight differs (300g vs 400g/350g cluster average), which creates some uncerta"
13709,14277,ASDA,llm_r3_retry,0.75,"ASDA 12 Mini Pork Savoury Eggs matches the core product category (mini savoury eggs) and pack count (12 vs 18 in cluster, but ASDA may use different pack sizing"
9302,6470,ASDA,llm_r3_retry,0.75,Sliced topside of beef matches the core product (topside beef) and weight (100g vs 80-90g cluster range). Different presentation (sliced vs charred/roast) is mi
13705,6242,ASDA,llm_r3_retry,0.75,"Riya's Original Recipe Desserts 2 Tiramisu matches the core product: tiramisu flavour, 2-pack format. Weight difference (100g vs 85g per unit) is minor variatio"
14010,15438,ASDA,llm_r3_retry,0.75,ASDA Butcher's Selection Unsmoked Gammon Joint matches the cluster's core product: unsmoked gammon joint with crackling. Weight (2000g) is slightly lower than c
9181,33646,Sains,llm_r3_retry,0.75,"Both candidates are pickled cucumbers in similar weight range (850g vs 700g cluster). A is Polish Specialities brand pickled gherkins, matching the Polish origi"
13639,5489,ASDA,llm_r3_retry,0.75,"ASDA Scratch Cook Sliced Mushrooms is sliced mushrooms from ASDA's own-brand range (Scratch Cook, comparable to Sainsbury's 'Inspired to Cook'). Core product ma"
9266,57574,Tesco,llm_r3_retry,0.75,"Mlekovita Kefir is a kefir product in 1L size matching the cluster's volume. While brand differs from Milko, it's the same core product category (kefir) with sa"
276,60595,Tesco,llm_r3_retry,0.75,"Same variety (Ristretto), same pack count (10 capsules), similar weight (54g vs 57g, minor variance acceptable). Different brand (Tesco vs Lavazza) but Ristrett"
11623,3943,ASDA,llm_r3_retry,0.75,"Seedless green grapes, own-brand match across supermarkets. 375g vs 400g is minor weight variation (likely same product, different pack size). Core product (see"
2063,29590,Morrisons,llm_r3_retry,0.75,"Morrisons Ready To Eat Loose Mango matches the core product (giant mango, ready to eat loose format) despite lacking exact weight specification in candidate des"
12623,8526,ASDA,llm_r3_retry,0.75,Ground cloves same variety as cluster. Weight 50g is close to cluster range (37-40g) but slightly larger. Different brand (Indus vs Sainsbury's/Tesco own-brand)
9399,57126,Tesco,llm_r3_retry,0.75,"A is a garlic & herb soft cheese, same core product category and flavour as the cluster. Weight difference (150g vs 135g) is minor variation. Different brand (L"
10659,32719,Sains,llm_r3_retry,0.75,"Sainsbury's Sweet Chilli Sauce is an own-brand equivalent to Blue Dragon Sweet Chilli Sauce Light - same core product (sweet chilli sauce, light variety), simil"
6648,21590,Morrisons,llm_r3_retry,0.75,"Barilla Pesto Rosso is a red pesto sauce in 190g, matching the weight and red pesto variety of the cluster. However, it's a different brand (Barilla) compared t"
3896,44175,Sains,llm_r3_retry,0.75,Both cluster items are olives with cheese and chilli flavoring at 160g. Candidate B matches this core product: olives stuffed with cheese (Manchego) and chilli 
6592,50753,Tesco,llm_r3_retry,0.75,"Same variety (Green Thai Curry), same product type (cooking sauce), similar weight range (340g vs 415-425g cluster). Different brand (Tesco own-brand vs Sharwoo"
3555,45026,Sains,llm_r3_retry,0.75,"German sausage selection product, same 170g weight class (A is 130g but closest match), sliced format matches the core product category of German sausage select"
5694,48422,Sains,llm_r3_retry,0.75,"Sainsbury's Confetti Cupcake Madeira Cake matches the 'Confetti' variety and 'Traybake' cake type from the cluster. However, weight differs (942g vs unspecified"
6407,37844,Sains,llm_r3_retry,0.75,"Korma curry sauce, similar weight (450g vs 500g cluster), same core product type. Minor weight difference but closest match to the Korma variety in cluster."
6424,23068,Morrisons,llm_r3_retry,0.75,"Covent Garden Mushroom is a creamy mushroom cooking sauce, same core product as cluster. Weight (550g) is close to cluster (460-475g), slight variance acceptabl"
10908,4444,ASDA,llm_r3_retry,0.75,"Blended Scotch Whisky, 1000ml, same core product category as cluster. Different brand (McKendrick's vs Glen Stag/Crag & Glen) but own-brand products from differ"
6424,49527,Tesco,llm_r3_retry,0.75,Tesco Mushroom Pasta Sauce is a mushroom-based cooking sauce in similar weight range (500g vs 460-475g cluster). While 'Pasta Sauce' vs 'Cooking Sauce' is a min
5794,22879,Morrisons,llm_r3_retry,0.75,"Same brand (Slush Puppie) and same volume (600ml). However, cluster specifies 'Squeezee' variety while candidate is 'Ice Pops' - different product lines/formats"
1213,22945,Morrisons,llm_r3_retry,0.75,"Pure maple syrup product, but weight differs (230g vs 250g cluster standard). Hilltop brand is different from ASDA/Sainsbury's, but same core product type. Weig"
11062,51066,Tesco,llm_r3_retry,0.75,"Hovis White Bread, same brand and variety (soft white), but 450g vs 400g cluster weight - close match but weight differs"
11979,16060,ASDA,llm_r3_retry,0.75,JUST ESSENTIALS by ASDA Pate is an own-brand pate product matching the core unbranded product (chicken liver pate) from the cluster. While the exact flavor vari
11156,5276,ASDA,llm_r3_retry,0.75,Plant-based meat-free product. Cluster contains meat-free burgers and meatballs (both plant-based). Candidate A is meat-free meatballs. Core product is plant-ba
1126,35583,Sains,llm_r3_retry,0.75,"Sainsbury's Chocolate Brownie Mix matches the core product (chocolate brownie mix) and is own-brand like ASDA and Tesco versions. However, 375g differs from the"
11490,38685,Sains,llm_r3_retry,0.75,"Same brand (Old Jamaica), same variety (Ginger Beer Regular), same flavor profile. However, volume differs (1500ml vs 2000ml in cluster), which violates the 'sa"
11752,5738,ASDA,llm_r3_retry,0.75,Gino's Popcorn Style Chicken 500g matches the weight and popcorn/pop-style chicken format of SFC Chicken Pop Pops. Different brand (Gino's vs SFC) but same core
3695,31939,Sains,llm_r3_retry,0.75,"Same core product: chocolate hazelnut cereal. Brand differs (Sainsbury's vs Weetabix), but weight similar (375g vs 360g). Slight weight variance and brand diffe"
994,56346,Tesco,llm_r3_retry,0.75,Both cluster items are 'Baked With Love' dinosaur decorations (12 pack). Option B is Dr Oetker white chocolate dinosaurs but different brand and pack size (12 v
11633,1691,ASDA,llm_r3_retry,0.75,ASDA Watermelon Chunks is a watermelon-based frozen confectionery product matching the core product category of Morrisons Watermelon Fans and Tesco Mini Waterme
11673,15187,ASDA,llm_r3_retry,0.75,Red seedless grapes with candy/sweet flavor descriptor. ASDA Extra Special matches Sainsbury's Taste the Difference tier. Weight is 400g (matches Sainsbury's ex
11601,56874,Tesco,llm_r3_retry,0.75,"Gammon steaks, smoked variety (implied by 'Hunters' branding typical of smoked products), similar weight range (345g vs 250-300g cluster). However, weight sligh"
11651,4020,ASDA,llm_r3_retry,0.75,"ASDA Ripe & Ready Avocado matches the core product (avocado, ripe & ready). However, 'Giant' size differs from 'Medium' in cluster, and pack count differs (1 vs"
5998,26016,Morrisons,llm_r3_retry,0.75,Own-brand egg waffles matching core product type. ASDA and Tesco versions are classic/plain egg waffles; Morrisons 'Soft Fresh Egg Waffles' appears to be the sa
6671,37637,Sains,llm_r3_retry,0.75,Caperberries are the same core product as capers (both are caper plant products). Own-brand products from different supermarkets are allowed. Weight difference 
12945,22569,Morrisons,llm_r3_retry,0.75,"Dole brand, fruit in jelly format, 4-pack structure (4x113g = 452g vs cluster's 4x93g = 372g). Same brand and core product type, but different pack size/weight "
3947,20071,Morrisons,llm_r3_retry,0.75,"Capricorn Goats Cheese matches the core product (goats' cheese) from ASDA cluster. Weight is 100g vs 125g (minor difference), but it's the closest match. Sainsb"
7614,36386,Sains,llm_r3_retry,0.75,"Same core product (stuffed vine leaves), same brand (Odysea is comparable to Tamtad as specialty Mediterranean brand), but different weight (310g vs 400g) - thi"
3378,43761,Sains,llm_r3_retry,0.75,"Sainsbury's Mango, Pineapple & Passion Fruit 250g is a mango-passion fruit yogurt from the same supermarket chain. While the fruit combination differs slightly "
411,20116,Morrisons,llm_r3_retry,0.75,"Both are cheese croquettes in similar weight (240g vs 250g). Brand differs (Morrisons vs Albert Bartlett), but this is own-brand equivalent. However, slight wei"
13235,24510,Morrisons,llm_r3_retry,0.75,"Madri Exceptional is the same brand and variety as cluster (Madri Excepcional), but volume is 1320.1ml vs 1760ml (4x440ml), so pack count differs. Not a perfect"
5185,59479,Tesco,llm_r3_retry,0.75,"Ready rolled puff pastry, 320g weight matches cluster. 'Reduced Fat' vs 'Light' are equivalent descriptors for the same product type. Own-brand Tesco matches ow"
3493,44054,Sains,llm_r3_retry,0.75,"Smoked ham slices, British origin, 120g weight matches ASDA cluster. Core product (smoked cured ham) aligns with cluster. 'Cooked' vs 'dry cured' is a minor var"
10230,8807,ASDA,llm_r3_retry,0.75,"Same product type (crinkle/crinkled beetroot), same core variety. Weight differs (475g vs 567g) but this is within acceptable range for own-brand equivalent. Br"
9856,35255,Sains,llm_r3_retry,0.75,"Go Go Squeez and Dole are both fruit snack pouches in similar format (4 pack, ~90-113g per pouch, mango variety). A has Apple Mango equivalent in Dole Mango, cl"
9881,8436,ASDA,llm_r3_retry,0.75,COOK by ASDA is ASDA's own-brand equivalent to Morrisons and Sainsbury's own-brand seasonings. Both cluster items are BBQ/Jerk seasonings from own-brands of dif
9628,56529,Tesco,llm_r3_retry,0.75,"Both cluster items are Oriental/Asian snack selections (190-234g range). Candidate D is 'Chinese Style Selection Pack' (254g), matching the Oriental theme and s"
1454,22957,Morrisons,llm_r3_retry,0.75,Morrisons The Best Indulgent Biscuit Collection is an own-brand premium biscuit selection matching the cluster's premium biscuit selection format and 375g weigh
7937,58397,Tesco,llm_r3_retry,0.75,Both cluster items are multi-item snacking selections with meat/cheese components (tapas/snacks). Candidate A is a Spanish Meat & Cheese Selection - matching th
5515,20021,Morrisons,llm_r3_retry,0.75,"Morrisons Milk Choc Chip Cookie Dough 340g matches the core product (cookie dough dessert) and weight is close to cluster (300-304g). However, weight discrepanc"
11677,43540,Sains,llm_r3_retry,0.72,Both Morrisons and Tesco cluster items are basic 'House Salad' products (120-145g ready-meal salads). Sainsbury's Classic Salad Bowl 165g is the closest match a
8678,55377,Tesco,llm_r3_retry,0.72,"Same flavour (Lemon Cheesecake), similar weight (210g vs 200g cluster), same brand (English Cheesecake Company likely matches Kirsty's production). Minor weight"
9425,9854,ASDA,llm_r3_retry,0.72,ASDA Take-Out Club Chocolate Brownie Dessert matches the core product (chocolate brownie pudding/dessert) but differs in weight (300g vs 340-350g) and brand tie
9657,44524,Sains,llm_r3_retry,0.72,Red onion and cheese product matching the cluster's core identity. Weight slightly lower (255g vs 270-300g range) but closest match in flavor profile and produc
11970,13382,ASDA,llm_r3_retry,0.72,"Fre White Zinfandel matches the variety (White Zinfandel), brand (Fre is a known wine brand), and volume (750ml). However, it is alcohol-removed wine, which is "
13593,28595,Morrisons,llm_r3_retry,0.72,"Same three-ingredient salad mix (watercress, spinach, rocket) and own-brand across different SMs. Only difference is weight (60g vs 80g cluster), which violates"
2098,18624,Morrisons,llm_r3_retry,0.72,"Smoked cheese product from Morrisons own-brand. Core product matches (smoked cheese), though weight differs slightly (160g vs 150-175g cluster range). Sliced fo"
12510,8881,ASDA,llm_r3_retry,0.72,"ASDA Sizzlin' Fajita Seasoning is a fajita seasoning mix matching the core product category (Mexican fajita seasoning). However, it differs in brand (ASDA own-b"
5477,18959,Morrisons,llm_r3_retry,0.72,"Pepperoni pizza, similar weight (300g vs 307g/270g range), own-brand Morrisons. Thin crust differs from stonebaked, but core product (pepperoni pizza) matches. "
8929,28805,Morrisons,llm_r3_retry,0.72,Breaded/crispy garlic mushrooms as core product. D is creamy garlic mushrooms (300g) vs cluster's breaded garlic mushrooms (370-400g). Weight and preparation me
10544,8068,ASDA,llm_r3_retry,0.72,"Carotino brand, 500ml cooking oil. However, cluster specifies 'Red Palm Fruit & Rapeseed Oil' blend while candidate A is 'Healthier Oil for Cooking' - different"
13716,19643,Morrisons,llm_r3_retry,0.72,"Morrisons Italian Herb Ham matches the core product (sliced cured pork with herbs, 100g). While 'Prosciutto Cotto' is more specific than 'Ham', both cluster ite"
5520,44784,Sains,llm_r3_retry,0.72,"Garlic stuffed olives core product match. Different variety (Halkidiki with Jalapeño vs basic garlic) and weight (160g vs 200-210g cluster), but A is closest ma"
8267,25905,Morrisons,llm_r3_retry,0.72,Market Street Double Chocolate Brownie Bites matches the core product (double chocolate brownie) from the cluster. Both ASDA and Sainsbury's entries are chocola
10453,37055,Sains,llm_r3_retry,0.72,"Sweet & hot whole peppers in similar weight (375g vs 400g cluster). Same core product type and flavor profile as Peppadew variants, though weight differs slight"
13708,12199,ASDA,llm_r3_retry,0.7,"ASDA Side For Two Gobi Saag Aloo is a saag aloo variant (same core product family as cluster), own-brand across SMs is allowed, serves 2 like cluster items, tho"
13878,26448,Morrisons,llm_r3_retry,0.65,"Southern fried/takeaway style chicken fillets, own-brand match across SMs. However, 240g vs 300g weight difference is a concern - may be different pack count. G"
14168,6623,ASDA,llm_r3_retry,0.65,"Honey & Mustard Gammon core product matches cluster (same protein, same primary flavors). However, cluster products are Gammon Shanks while A is Gammon Joint - "
13484,28490,Morrisons,llm_r3_retry,0.65,Morrisons Ready To Eat Qtee Pears matches the 'Ripe & Ready' concept from cluster - both emphasize ready-to-eat ripeness. Own-brand pears are acceptable across 
7921,58460,Tesco,llm_r3_retry,0.65,"Stuffed olives in similar weight range (130g vs 150/140g cluster). However, flavor differs (garlic dressing vs double stuffed plain), and weight is slightly low"
12286,15497,ASDA,llm_r3_retry,0.65,Jelly bean product matching the cluster's core product (jelly beans). Weight differs (96g vs 70-85g cluster range) but B is closest jelly bean match among candi
13611,28653,Morrisons,llm_r3_retry,0.65,"Melon & Pineapple Fingers product line with similar core composition, though weight (210g) differs from cluster (260-300g) and includes additional Mango flavor "
7731,34278,Sains,llm_r3_retry,0.65,"Same core product (banana chips) and brand (Sainsbury's own-brand, equivalent to ASDA/Morrisons own-brand Grace). However, weight differs (100g vs 84-85g) and '"
12615,16353,ASDA,llm_r3_retry,0.65,"ASDA Yeast Extract is the same core product (yeast extract spread) as Marmite Reduced Salt Yeast Extract Spread. However, confidence is reduced due to: (1) weig"
