cid,size,min_cos,min_jac,size_ratio,n_brands,n_cats,confidence,likely_good
0,4,0.8846774010852251,1.0,1.0,1,2,0.9500000000000001,False
1,4,0.39301475777252043,0.3333333333333333,1.0,2,2,0.5177999755533024,False
2,3,0.6980690398116136,0.75,1.0,1,2,0.9063153027764058,False
3,3,0.38897671801857975,0.25,1.0318181818181817,0,2,0.5863471648651056,False
4,3,0.33448568432635123,0.3333333333333333,1.008888888888889,0,2,0.5977160869335156,False
5,2,0.6295451905781311,0.75,1.008888888888889,0,1,0.926947938819199,True
6,4,0.7425815852976168,0.6,1.0,1,2,0.8837254413180263,False
7,4,0.5129986795120398,0.5,1.0526315789473684,1,2,0.7436661007432553,False
8,4,0.5129986795120398,0.5,1.0256410256410255,1,2,0.7436661007432553,False
9,4,0.7081618777987192,0.42857142857142855,1.0,1,2,0.7975455666756416,False
10,4,0.4100926533874022,0.18181818181818182,1.0,0,2,0.566987760542653,False
11,4,0.4541514641431114,0.3333333333333333,1.0526315789473684,1,2,0.6490014211406986,False
12,4,0.718435274379374,0.5,1.0,1,2,0.8317103556863985,False
13,3,0.7281085063280731,0.5,1.0,1,2,0.8358560265215552,False
15,3,0.517940242155394,0.375,1.0,0,2,0.6937005799713594,False
16,4,0.7000836689466219,0.42857142857142855,1.0,1,2,0.7940834771675999,False
17,3,0.21282844513444862,0.2727272727272727,1.008888888888889,0,2,0.5203247448844607,False
18,3,0.8502085041521611,1.0,1.0,1,2,0.9500000000000001,False
19,3,0.8278352744091722,0.8333333333333334,1.0,1,2,0.9500000000000001,False
20,4,0.8695569083291749,0.8,1.0,1,2,0.9500000000000001,False
21,3,0.8261618131619269,1.0,1.0,1,2,0.9500000000000001,False
22,4,0.2285601278255074,0.3333333333333333,1.5,1,2,0.39231941986172536,False
23,4,0.8156062337850432,0.8,1.0,1,2,0.9500000000000001,False
24,4,0.9574829277838822,1.0,1.0,1,2,0.9500000000000001,False
25,4,0.9543896948082121,1.0,1.0,1,2,0.9500000000000001,False
26,4,0.6816108213379781,0.42857142857142855,1.0,1,2,0.7861665424781812,False
27,4,0.7926942805400297,0.6666666666666666,1.0,1,2,0.9329800884854097,False
28,3,0.32422560117410215,0.16666666666666666,1.008888888888889,0,1,0.5738744639952501,False
29,3,0.49585272527377905,0.2,1.25,1,2,0.45131783464114344,False
30,3,0.6951634393378979,0.375,1.0,2,2,0.6646533787638612,False
31,2,0.9058023668404842,1.0,1.0,1,2,0.9500000000000001,False
32,4,0.4857418285478207,0.4444444444444444,1.03,1,2,0.7088364450390131,False
33,3,0.5082514812553216,0.3333333333333333,1.0526315789473684,2,2,0.5671871427602173,False
34,3,0.44430319525046663,0.375,1.17,1,2,0.5821418455835333,False
35,4,0.6873141106670279,0.625,1.0,1,2,0.8704560474287263,False
36,2,0.8596555236541276,0.6,1.0,1,2,0.9083333333333333,False
37,3,0.9782063279440819,1.0,1.0,1,2,0.9500000000000001,False
38,3,0.9687233486652347,1.0,1.0,1,2,0.9500000000000001,False
39,4,0.18349512725333686,0.16666666666666666,1.0748155953635405,1,2,0.4635614037434936,False
40,4,0.5722674010697675,0.375,1.0,1,2,0.7169836480775195,False
41,4,0.526104933149983,0.3,1.0,1,2,0.6659497332547547,False
42,4,0.7312418378543699,0.5,3.7735849056603774,1,2,0.6771988828899682,False
43,3,0.35818371687686745,0.1111111111111111,1.0,1,2,0.51527979400543,False
44,2,0.9999999999999999,1.0,1.0,1,2,0.9500000000000001,False
45,3,0.4781818355376919,0.3333333333333333,1.0,0,2,0.659300151738376,False
46,4,0.6263647845237168,0.625,1.12,2,2,0.6593349076530216,False
47,4,0.42652958605348607,0.2857142857142857,1.3038906414300737,1,2,0.4573222035467321,False
48,4,0.8244669434533514,0.8,1.0,1,2,0.9500000000000001,False
49,3,0.44176317634303736,0.2857142857142857,1.0,3,2,0.5188508850993969,False
50,4,0.74602546352387,1.0,1.0,1,2,0.9268680557959444,False
51,4,0.7064467783649692,0.8,1.0,1,2,0.9099057621564154,False
52,4,0.745328532650754,1.0,1.0,1,2,0.9265693711360375,False
53,4,0.7914457153543107,1.0,1.0,1,2,0.9463338780089904,False
54,3,0.9001314904799178,1.0,1.0,1,2,0.9500000000000001,False
55,3,0.6982673349868185,0.8,1.3157894736842106,0,2,0.7464002864229223,False
56,4,0.30808754039054215,0.1111111111111111,1.0,1,2,0.4938100040827191,False
57,4,0.693809636044615,0.42857142857142855,1.0,1,2,0.7913946059238827,False
58,3,0.768735313460799,0.5714285714285714,1.0,1,2,0.8830294200546284,False
59,3,0.5891807837468729,0.25,10.0,1,2,0.5121489073200884,False
60,3,0.7819446842353334,1.0,1.2079378774805867,1,2,0.7822620075294288,False
61,4,0.6337806720597652,0.5,1.1,0,2,0.7954298118351376,False
62,4,0.5406501728763193,0.3,1.01931330472103,1,2,0.6721834074231845,False
63,4,0.6410297340153216,0.5714285714285714,1.1428571428571428,1,2,0.7482984574351379,False
64,4,0.9265272896952941,0.8,1.0,1,2,0.9500000000000001,False
65,4,0.622386026251732,0.8333333333333334,1.0150000000000001,1,2,0.8738797255364567,False
66,3,0.8131832105388509,0.8,1.0,0,2,0.9500000000000001,False
67,3,0.7067185429445024,0.5,1.0,1,2,0.8266888993571678,False
68,2,0.3074983269575979,0.4,1.1111111111111112,0,2,0.5339278544103991,False
69,3,0.66565475843013,1.0,1.0,1,2,0.8924234678986273,False
70,4,0.7168702528295924,0.3333333333333333,1.0026995757809487,1,2,0.7615951877206191,False
71,4,0.5748699872320566,0.625,1.0150000000000001,1,2,0.8222657088137387,False
72,4,0.6847109612500832,0.75,1.1,0,1,0.9505904119643214,True
73,4,0.653476061265526,0.42857142857142855,2.0,1,2,0.614108788161416,False
74,4,0.20386011535589812,0.1,1.0381818181818183,1,2,0.4445114780096706,False
75,4,0.6020915855347491,0.5714285714285714,1.0768518518518517,1,2,0.8116106795148926,False
76,2,0.9858164193344919,1.0,1.0,1,2,0.9500000000000001,False
77,3,0.520481427466868,0.25,1.0,2,2,0.5377063260572291,False
78,4,0.7006131751559511,0.42857142857142855,1.0285714285714285,1,2,0.7943104084001696,False
79,2,0.9999999999999997,1.0,1.0010695187165775,1,2,0.9500000000000001,False
80,3,0.9456424081248341,1.0,1.0,1,2,0.9500000000000001,False
81,4,0.4960349797517687,0.3333333333333333,1.0294117647058822,1,2,0.6669514992586946,False
82,2,0.8277526439021795,1.0,1.0,1,2,0.9500000000000001,False
83,4,0.8305024753133192,0.8333333333333334,1.0009624639076034,1,2,0.9500000000000001,False
84,4,0.7632143542564007,0.6666666666666666,1.0,1,2,0.9203458343638543,False
85,4,0.4731511387266197,0.2222222222222222,1.0773584905660378,1,2,0.6108478425230487,False
86,4,0.5616129286319479,0.42857142857142855,1.0,1,2,0.7347388741755968,False
87,3,0.5124170875497198,0.36363636363636365,1.0,1,2,0.6865986652269362,False
88,4,0.6902122944211697,0.375,3.547169811320755,1,2,0.6075314595138348,False
89,2,0.6466126916257536,0.5,1.0,0,2,0.8009292487919898,False
90,4,0.6808524003772473,0.375,1.0017543859649123,1,2,0.7635200763521537,False
93,2,0.9626817806530295,1.0,1.0,1,2,0.9500000000000001,False
94,4,0.8701574142470628,1.0,1.0170000000000001,1,2,0.9500000000000001,False
95,3,0.5540750762200117,0.16666666666666666,1.0,1,2,0.6223813818720686,False
96,4,0.4550759426608735,0.3,1.0,2,2,0.5305087373308506,False
97,4,0.4792203160487996,0.16666666666666666,1.0,1,2,0.5903007703701205,False
98,4,0.7771025311716178,0.5714285714285714,1.0013648771610555,1,2,0.8866153705021219,False
99,4,0.785055093631995,0.7142857142857143,1.0,2,2,0.8385950401279979,False
100,2,0.7903784808607163,0.625,1.0,1,2,0.9146264917974499,False
101,4,0.7838353142323827,0.42857142857142855,1.0,2,2,0.7249770394329261,False
102,2,0.6303429109606302,0.5,1.0666666666666667,0,2,0.7939564856497939,False
103,3,0.8227720153596749,0.8333333333333334,1.0,1,2,0.9500000000000001,False
104,3,0.848607354198306,0.8333333333333334,1.0,1,2,0.9500000000000001,False
105,3,0.8406223367894868,0.7142857142857143,1.0,1,2,0.9500000000000001,False
106,3,0.5478043665640671,0.375,1.0,1,2,0.7064994904322194,False
107,4,0.7080914671273039,0.7142857142857143,1.0,1,2,0.9106106287688446,False
108,4,0.32939196826862327,0.2727272727272727,1.0,1,2,0.5702805405133927,False
109,4,0.3175228352274173,0.16666666666666666,1.0,1,2,0.5210018500180995,False
110,2,0.8066728102490274,0.7,1.0,2,2,0.8450000000000001,False
111,3,0.7349416394014833,0.5454545454545454,1.0,2,2,0.7527239060638392,False
112,4,0.45647258324920137,0.3333333333333333,1.0381818181818183,1,2,0.64999618647188,False
114,4,0.5396905702616841,0.4444444444444444,1.0,2,2,0.6269573343449547,False
115,4,0.7216096078697347,0.6666666666666666,1.0,1,2,0.9025152287695689,False
116,4,0.5375126599539211,0.5,1.1111111111111112,0,2,0.6741720923612043,False
117,2,0.7249966708875634,0.5384615384615384,1.0,1,2,0.8505480237869778,False
118,4,0.9644550537036125,1.0,1.0,1,2,0.9500000000000001,False
119,4,0.5407052950308251,0.375,1.0,1,2,0.7034570312036871,False
120,4,0.17489980748989703,0.1111111111111111,1.0,1,2,0.43672954712529977,False
121,3,0.37107991851613126,0.2857142857142857,1.0,0,2,0.5935580603164372,False
122,4,0.5885113944186343,0.16666666666666666,1.0025862068965516,1,2,0.6371398039571926,False
123,3,0.3777166689122338,0.25,1.2121212121212122,1,2,0.4215214295338145,False
124,3,0.7183360788549062,0.5,1.0,1,2,0.8316678433187695,False
125,4,0.7587030350338445,0.6666666666666666,1.0,1,2,0.9184124118399016,False
126,4,0.836449146704311,1.0,1.0,1,2,0.9500000000000001,False
127,3,0.5571363839678246,0.2727272727272727,9.333333333333334,1,2,0.5078852900987647,False
128,4,0.5029883222633104,0.6,1.15,1,2,0.7010426143033236,False
129,3,0.7731535801495645,0.8333333333333334,1.0,1,2,0.9384943914926706,False
130,4,0.5016074418582995,0.16666666666666666,1.0,1,2,0.5998952528599062,False
131,2,0.9195503558564779,1.0,1.05,0,2,0.9500000000000001,False
132,2,0.9178468628261259,1.0,1.0,0,2,0.9500000000000001,False
133,2,0.7435083389783436,0.75,1.0,1,1,0.9757892881335759,True
134,2,0.977911840493437,1.0,1.0,1,2,0.9500000000000001,False
135,3,0.46309275137674843,0.3333333333333333,8.771929824561404,1,2,0.49283340138368587,False
136,4,0.5665886697306403,0.125,1.0,1,2,0.6103832394083697,False
137,4,0.5790314408020976,0.5,1.0,1,2,0.7719658555818515,False
138,3,0.7797451638714692,0.8333333333333334,1.0,1,2,0.9413193559449154,False
139,3,0.7707154311573635,0.5555555555555556,1.0,1,2,0.8772642853108278,False
140,3,0.4096340007031947,0.3,2.0,1,1,0.5060336193489882,False
141,4,0.6424167451235047,0.375,1.0,1,2,0.7470476526719784,False
142,3,0.841985801149882,0.5714285714285714,1.0,1,2,0.8964285714285715,False
143,3,0.7663451263149841,0.5555555555555556,1.0,1,2,0.8753912975212367,False
144,2,0.685176678726148,0.6666666666666666,1.0017361111111112,1,2,0.8869011162794603,False
145,4,0.42268560490879364,0.5714285714285714,8.235294117647058,1,2,0.5747224021037688,False
146,4,0.4989765743012078,0.4,1.25,1,2,0.5359899604148035,False
147,4,0.5127272533608708,0.2222222222222222,1.25,1,2,0.4678090345091563,False
148,4,0.2581683847092088,0.18181818181818182,1.25,1,2,0.34187735968057,False
149,3,0.7317650025109312,1.0,1.0,0,2,0.920756429647542,False
150,2,0.9850562627004464,1.0,1.0,1,2,0.9500000000000001,False
151,3,0.7456253870917776,0.6,1.0235294117647058,1,2,0.885029927801238,False
152,4,0.5170866809489989,0.42857142857142855,1.0,1,2,0.71565619659719,False
153,3,0.6201802727688619,0.5,1.0,1,2,0.7896010692818932,False
154,2,0.9872759572968008,1.0,1.0294117647058822,1,2,0.9500000000000001,False
155,4,0.7265832762090467,0.4444444444444444,1.0,1,2,0.8120542083223957,False
156,2,0.35312372952957105,0.6,1.0714285714285714,0,2,0.7168149317031496,False
157,4,0.6847219507251128,0.6,1.0,1,2,0.8589284550726676,False
158,4,0.3492117157375318,0.5,1.0666666666666667,2,2,0.5684716876970375,False
159,3,0.7630103604588439,0.4444444444444444,1.0,2,2,0.7226658158580231,False
160,4,0.6734668596559943,0.3,1.135,2,2,0.5441048446144737,False
161,3,0.7256093656100713,0.5555555555555556,1.0091743119266054,1,2,0.8579331143619883,False
162,3,0.6816498392674946,0.5555555555555556,1.0769230769230769,0,2,0.839093317358027,False
163,4,0.35623031744999273,0.3333333333333333,1.0,1,2,0.6070352154150763,False
164,4,0.7771751194273054,0.7142857142857143,1.0,1,2,0.9402179083259882,False
165,2,0.9852930841238076,1.0,1.0,1,2,0.9500000000000001,False
166,2,0.9310499870545687,1.0,1.0,1,2,0.9500000000000001,False
167,4,0.7772512814888449,0.5714285714285714,1.0,1,2,0.8866791206380765,False
168,4,0.5692494906833326,0.2222222222222222,1.0,1,1,0.702032850504497,False
169,4,0.7816613300355973,0.6666666666666666,1.0010537407797682,1,2,0.9282516811263671,False
170,2,0.8412164252175546,0.875,1.0,1,2,0.9500000000000001,False
171,2,0.7855842769844096,0.625,1.0,1,1,0.9625718329933184,True
172,4,0.34740226669206586,0.2,1.3333333333333333,1,2,0.3876962095346949,False
173,4,0.673374185898493,0.375,1.0,1,2,0.7603151272898304,False
174,3,0.3939324182884851,0.3333333333333333,1.0,0,2,0.623193258631573,False
175,4,0.0990135170237536,0.125,1.1194029850746268,1,2,0.33041666666666664,False
176,2,0.97368497926624,1.0,1.0,1,2,0.9500000000000001,False
177,3,0.5856536377156372,0.5714285714285714,12.258064516129032,1,2,0.6445658447352732,False
178,4,0.5788155974912372,0.6666666666666666,1.0,1,2,0.8413177957502128,False
179,4,0.7225717701732985,0.5714285714285714,1.0625,1,2,0.8632450443599852,False
180,3,0.7561048040228957,0.6666666666666666,1.0,1,2,0.9172988842637807,False
181,2,0.8361928705455616,0.8888888888888888,1.0,1,2,0.9500000000000001,False
182,3,0.43012354075241077,0.42857142857142855,1.0,0,2,0.6783862793700809,False
183,4,0.5736287178396375,0.8,1.0030769230769232,1,2,0.8529837362169875,False
184,4,0.7304607630808416,0.8,1.0135135135135134,1,2,0.9201974698917893,False
185,4,0.5897529908068451,0.5714285714285714,1.2222222222222223,1,2,0.6463227103457908,False
186,4,0.6167236169667181,0.5714285714285714,1.03168754605748,1,2,0.8178815501285935,False
187,4,0.4751933182469366,0.3,1.2745098039215685,1,2,0.48413046972487755,False
188,4,0.5308682763586771,0.3333333333333333,1.0,1,1,0.7318800549473695,True
189,2,0.7782812614999159,0.42857142857142855,1.0,1,2,0.8275967311190117,False
190,3,0.4857012243865371,0.25,1.0,2,2,0.5228005247370873,False
191,3,0.20308931481493125,0.1111111111111111,1.0666666666666667,1,2,0.44881076455031443,False
192,2,0.9395429437892265,1.0,1.0,1,1,1.0,True
193,4,0.46926948390745016,0.3333333333333333,1.0,2,2,0.5504805724682723,False
195,4,0.5882674125198062,0.5,1.0833333333333333,1,2,0.7759241291751552,False
196,4,0.5701471266277567,0.3333333333333333,1.04,1,2,0.6987138479198323,False
197,4,0.23508413194751684,0.0,1.0384615384615385,0,2,0.4578931994060786,False
198,4,0.6505262311507685,0.4,1.0177777777777777,2,2,0.6559398133503295,False
199,3,0.7679358161208778,0.42857142857142855,1.0,1,2,0.8231629688137095,False
200,3,0.634945345655925,0.2857142857142857,1.0,1,3,0.7066432433763489,False
201,2,0.8323371579206957,0.8,1.0,2,2,0.8450000000000001,False
202,4,0.8503488879816848,0.8,1.0,1,2,0.9500000000000001,False
203,3,0.5950774502577922,0.6,1.0,1,2,0.8205093834438159,False
204,4,0.5829123225491022,0.2857142857142857,1.1111111111111112,2,2,0.4993433763305676,False
205,4,0.817971620675743,0.8333333333333334,1.0,1,2,0.9500000000000001,False
206,3,0.6458951453058519,0.7142857142857143,1.0734883720930233,1,2,0.8839550622739366,False
207,3,0.8513938445349443,0.6666666666666666,1.0,1,1,0.9861111111111112,True
208,3,0.7236398551587738,0.7142857142857143,10.2,1,2,0.7572742236394746,False
209,3,0.7242256993514737,0.7142857142857143,10.2,1,2,0.7575252997220603,False
210,3,0.7789383474904847,0.6666666666666666,1.0,1,2,0.9270846886070333,False
211,2,0.9618318943773687,1.0,1.0,0,2,0.9500000000000001,False
212,3,0.8700732581597899,0.7142857142857143,1.0,0,2,0.9500000000000001,False
213,2,0.7622871272389573,0.5,1.0,1,2,0.8505040069119342,False
214,2,0.7225504994437758,0.6666666666666666,1.0,1,2,0.9029184680155865,False
215,2,0.9342322161948763,0.75,1.0,1,2,0.9500000000000001,False
216,3,0.31858390540602827,0.14285714285714285,1.1047619047619048,1,2,0.4315359594597264,False
217,2,0.8110404953763648,1.0,1.0,0,2,0.9500000000000001,False
218,2,0.9292288694607092,1.0,1.1111111111111112,1,1,0.92,True
219,2,0.6950374175156359,0.5,1.0,0,2,0.8216827027447965,False
220,4,0.450587450364722,0.14285714285714285,1.0,2,2,0.46310890729916654,False
221,4,0.40286074191257376,0.0,1.0,2,2,0.4247974608196744,False
222,3,0.846369702787498,1.0,1.0,1,2,0.9500000000000001,False
223,3,0.5685734479286307,0.6,1.0,0,2,0.8091505253027466,False
224,2,0.5339532892668534,0.5,1.0,0,2,0.7526466477810324,False
225,3,0.7228096728401487,0.625,1.0,1,3,0.8856684312172068,False
226,4,0.013356319397806727,0.0,1.125,0,3,0.32,False
227,3,0.5226521778429062,0.125,1.0,1,2,0.5915533143136266,False
228,4,0.48317557405562866,0.25,1.2048192771084336,1,2,0.466718103166698,False
230,3,0.6033057153502976,0.375,1.0,1,2,0.7302857827691752,False
231,3,0.6564000460229965,0.3333333333333333,1.0,0,2,0.7356793848035065,False
232,4,0.4246391716971034,0.3333333333333333,1.0,0,2,0.6363532958066952,False
233,3,0.7630338687426587,0.6666666666666666,1.0,0,2,0.9202684834293934,False
234,2,0.7916852505527471,0.6666666666666666,1.0,0,1,0.9825476470622885,True
235,2,1.0,1.0,1.0,0,1,1.0,True
236,4,0.13292384201541965,0.125,1.0,1,2,0.4245268846732751,False
237,3,0.9052199946443568,0.8333333333333334,1.0,1,1,1.0,True
238,2,0.8586615055436696,0.8333333333333334,1.0,1,1,1.0,True
239,3,0.815731933439829,0.7142857142857143,1.0,0,2,0.9500000000000001,False
240,4,0.5539261454078713,0.3333333333333333,1.0,0,3,0.6917619988255957,False
241,3,0.5710237369427943,0.25,1.0,1,2,0.6643673158326262,False
242,2,0.9617392239604405,1.0,8.053125,1,2,0.7900000000000001,False
243,4,0.38372629593781094,0.42857142857142855,1.02,1,2,0.6585017458781095,False
244,3,0.798925303653552,1.0,1.0,0,2,0.9495394158515224,False
245,4,0.5825231800909129,0.5,5.0,1,2,0.613462315277058,False
246,4,0.5029246339808445,0.25,1.1111111111111112,1,2,0.5551819859917906,False
247,3,0.6909438500429086,0.6,1.0144927536231885,1,2,0.8615949833517228,False
248,4,0.6819246636840313,0.5,1.02,1,2,0.8160629511026801,False
249,4,0.7605711035837875,0.75,1.0212765957446808,1,2,0.9331019015359091,False
250,4,0.4536671875589175,0.42857142857142855,1.0625,2,2,0.5834764137157266,False
251,2,0.721938159666466,0.8571428571428571,1.0,2,2,0.8115449255713426,False
252,2,0.6068764662610266,0.375,1.0017543859649123,1,2,0.7318161045880591,False
253,3,0.6100676318858336,0.4444444444444444,1.0,1,2,0.7621189321838758,False
254,3,0.7350695114170258,0.5714285714285714,1.0,1,2,0.8686012191787255,False
255,4,0.4582362972659024,0.375,1.04,1,2,0.6681131750187201,False
256,4,0.8630074876275511,0.5,1.0,1,2,0.8666666666666668,False
257,3,0.73936968601214,0.6666666666666666,1.2444444444444445,1,2,0.7501266908305998,False
258,2,0.9783788070995327,1.0,1.0,1,2,0.9500000000000001,False
259,3,0.6733213933440536,0.625,1.0,1,2,0.8644591685760231,False
260,3,0.7547884907418192,0.5714285714285714,1.0,1,2,0.8770522103179227,False
261,3,0.6105767017761667,0.5714285714285714,1.0,1,2,0.8152471579040715,False
262,3,0.5272653683487194,0.42857142857142855,1.0215384615384617,1,2,0.7200184911970703,False
263,4,0.490888860886052,0.4,1.0294117647058822,1,2,0.6925237975225937,False
264,3,0.5247158913125106,0.375,12.3,1,2,0.5366044296101237,False
265,3,0.7453539984949823,0.5714285714285714,1.0,0,2,0.8730088564978497,False
266,4,0.4376627408963053,0.2222222222222222,1.0,1,2,0.5956385291671997,False
267,4,0.7021036086012931,0.5714285714285714,1.0,1,3,0.85447297511484,False
268,4,0.7042769854230706,0.2222222222222222,1.0,1,2,0.7099017768215278,False
269,4,0.05284293995408754,0.0,1.08,0,2,0.39999999999999997,False
270,4,0.8066929544504842,0.75,1.0,0,2,0.9500000000000001,False
271,2,0.9015423342831478,0.6666666666666666,1.0,0,1,0.9861111111111112,True
272,2,0.9144253744825973,1.0,1.0,0,2,0.9500000000000001,False
273,3,0.5488545758028478,0.6666666666666666,1.0,0,2,0.8284773578837602,False
274,4,0.5515447358831561,0.3333333333333333,1.0,0,2,0.6907413947435749,False
275,3,0.8067021449134664,0.7142857142857143,1.0,0,2,0.9500000000000001,False
276,4,0.6643374338872262,0.5555555555555556,1.0,1,3,0.8316737150521977,False
277,4,0.4086165455814999,0.3,1.2,1,2,0.5355975671539762,False
278,3,0.5890628853286692,0.2222222222222222,1.25,1,2,0.5005243053524985,False
279,3,0.7819664841184458,0.625,100.0,0,2,0.751021350336477,False
280,2,0.9219539990444496,1.0,1.0,1,2,0.9500000000000001,False
281,4,0.4296044311085736,0.25,1.0,1,2,0.6037590419036745,False
282,4,0.3695691096864205,0.2,6.410256410256411,0,2,0.397196285103704,False
283,4,0.6463720014879654,0.5,1.0,1,2,0.8008260958757948,False
284,3,0.9692313647208042,1.0,1.0,1,2,0.9500000000000001,False
285,3,0.6891338039018925,0.6666666666666666,1.0,1,2,0.8885970270690652,False
286,2,0.8556233323573669,0.8,1.0,1,2,0.9500000000000001,False
287,3,0.4037373227625884,0.25,1.0,0,2,0.5926731383268237,False
288,2,0.9380832615097182,1.0,1.0,1,2,0.9500000000000001,False
289,4,0.21863722819170356,0.16666666666666666,1.0571428571428572,0,2,0.4786223041456507,False
290,3,0.9648949802551183,1.0,1.0,1,2,0.9500000000000001,False
291,2,0.8980489328332483,1.0,1.0,1,2,0.9500000000000001,False
292,4,0.33269905553088314,0.1,1.0,1,2,0.4997281666560928,False
293,2,1.0000000000000002,1.0,1.0,1,2,0.9500000000000001,False
294,4,0.4014788038174563,0.14285714285714285,1.0,1,2,0.5470623444931956,False
295,4,0.41205207304846947,0.2222222222222222,1.0,1,3,0.5846625286609843,False
296,4,0.4304898636304226,0.2222222222222222,1.0,1,2,0.5925644389103928,False
297,4,0.4522395738502048,0.14285714285714285,1.0,1,2,0.5688169602215164,False
298,3,0.7301322259513533,0.5714285714285714,1.0,1,2,0.8664852396934372,False
299,3,0.9477846120390016,1.0,1.0,1,2,0.9500000000000001,False
300,2,0.673407392289104,0.5,1.0,0,2,0.8124126919334257,False
301,4,0.8144141850958821,0.42857142857142855,1.0,1,2,0.8369047619047619,False
302,3,0.5446374717079194,0.5,1.0,1,2,0.7572255831129179,False
303,3,0.5490210531635992,0.5,1.0,1,2,0.7591042608796378,False
304,4,0.5871196507506068,0.14285714285714285,1.0,0,2,0.6266227074645458,False
305,2,0.5753770276822866,0.25,1.0,0,1,0.7162330118638371,True
306,2,0.9035637103296071,0.8,1.0,0,2,0.9500000000000001,False
307,2,0.8326157016451345,0.5,1.0,0,1,0.9166666666666667,True
308,3,0.7291036884618335,0.7142857142857143,1.0,1,2,0.919615866483643,False
309,4,0.6292339125114293,0.375,1.0,0,2,0.7413978672668032,False
310,3,0.7188996165469557,0.6,1.0,0,2,0.8735760261391715,False
311,4,0.6136996087335204,0.6,1.0,0,2,0.8284903085048422,False
312,3,0.8815366168573364,0.6666666666666666,1.0285714285714285,1,2,0.9361111111111112,False
313,3,0.7571847043658484,0.5,1.0,0,2,0.8483172542520304,False
314,4,0.7338959530649396,0.25,1.0,0,2,0.7341696941706884,False
315,2,0.6899080307434129,0.5,1.0,0,2,0.8194843941281295,False
316,2,0.9999999999999998,1.0,1.0,0,1,1.0,True
317,2,0.23578923818785388,0.25,1.232394366197183,0,1,0.41069538779479453,False
318,2,0.5235614313953211,0.2,1.0,0,2,0.6231929944075186,False
319,3,0.40271574273896765,0.75,1.0526315789473684,0,1,0.8297353183167004,True
320,2,0.8148833927025417,1.0,1.0303030303030303,0,1,1.0,True
321,4,0.6084139268998539,0.5714285714285714,1.0606060606060606,0,1,0.8643202543856516,True
322,4,0.4358806188123607,0.5,1.0666666666666667,0,1,0.7606155033005355,True
323,3,0.6695691039003634,0.8333333333333334,1.0606060606060606,0,1,0.9441010445287272,True
324,2,0.49558504022174454,0.5714285714285714,1.0909090909090908,0,1,0.8159650172378905,True
325,2,0.8575011569236839,1.0,1.1904761904761905,0,1,0.92,True
326,2,0.4491307603821071,0.5,1.0,0,1,0.7662941354018555,True
327,2,0.8002651270049533,0.75,1.0954848260547743,0,2,0.9500000000000001,False
328,2,0.7169026838128143,0.6,1.0,0,1,0.9227201978245394,True
329,3,0.38829312630908214,0.4,1.0416666666666667,0,1,0.6985541969896066,False
330,2,1.0,1.0,1.0,1,1,1.0,True
331,2,0.6644668557417386,0.5,1.0,0,1,0.8585810334131261,True
332,2,0.8347696596522476,0.8,1.25,0,1,0.8400000000000001,False
333,2,0.9486227404171688,1.0,1.0,1,1,1.0,True
334,4,0.6832151025040605,0.6666666666666666,1.0,0,1,0.9360604407557085,True
335,3,0.4864314621206932,1.0,1.0,0,1,0.8656134837660114,True
336,4,0.37516760580320974,0.2,1.1111111111111112,0,1,0.529595640582328,False
337,4,0.7434706743192823,0.5,1.21,0,1,0.732439812803502,False
338,4,0.692663634711839,0.5,1.0,0,1,0.8706653672574549,True
339,4,0.6850984127840472,0.5,1.5625,0,1,0.7074231292884012,False
340,3,0.6741980871324268,0.5,1.1666666666666667,0,2,0.7327515611519925,False
341,4,0.8091727808469688,0.6666666666666666,1.0,0,1,0.9861111111111112,True
342,3,0.7873526530708956,1.0,1.2,0,1,0.9145797084589552,True
343,3,0.6084144895694129,0.25,1.0,0,1,0.7303919241011769,True
344,2,0.7469366686173634,1.0,1.0,0,1,0.9772585722645843,True
345,3,0.5228539039104324,0.6666666666666666,1.0,0,1,0.8673342127870107,True
346,3,0.5896450387012192,0.5,1.02,0,1,0.8265145403957606,True
347,3,0.7625525967677347,0.6666666666666666,1.2,0,1,0.8900622240115689,True
348,4,0.5456625885326915,0.25,1.0,0,1,0.7034982522282963,True
349,4,0.5059947404841133,0.5,1.1,0,2,0.7406644125884295,False
350,4,0.21716235694777108,0.25,1.0,0,1,0.5627124386919019,False
351,2,0.6169442353401487,0.5,1.0,0,2,0.7882141960981591,False
352,4,0.3611343166235071,0.3,1.0,0,1,0.6452480404576935,False
353,2,0.4070567649333833,0.3333333333333333,1.0,0,1,0.6788179786222436,True
354,2,0.40416873677028314,0.3333333333333333,1.0,0,1,0.6775802522666292,True
355,2,0.48542072429376865,0.6666666666666666,1.0,0,1,0.8512914215227263,True
356,2,0.4934552311180594,0.42857142857142855,1.0,0,1,0.7555284323839302,True
357,4,0.40888247299715536,0.25,1.0,0,1,0.6448782027130666,True
358,3,0.5243449760909084,0.5,1.0,0,1,0.798528799277056,True
359,3,0.6083880930884056,0.5,1.0833333333333333,0,1,0.8345472779902692,True
360,3,0.35981541209564594,0.25,1.8,0,1,0.46384946232670543,False
361,2,0.5111458605164253,0.3333333333333333,1.0,0,1,0.7234275910149759,True
363,4,0.2990354508431294,0.14285714285714285,1.0,0,1,0.5531580503613411,False
364,4,0.25391993083767367,0.2,1.0,0,1,0.557632351311384,False
366,4,0.48577404108565814,0.3333333333333333,1.0,0,1,0.7125539541160757,True
367,2,0.6262022886410712,0.5,1.0,0,1,0.8421819332271259,True
369,4,0.10501180830053936,0.0,6.666666666666667,1,1,0.2921479178430883,False
370,4,0.3277463881575763,0.3333333333333333,1.0,0,1,0.6448278171468977,False
371,3,0.6216599375165329,0.75,1.0,0,1,0.9235685446499426,True
372,2,0.7928648860246258,0.4,1.0,0,1,0.871942094010554,True
373,2,0.8444438114955375,1.0,1.0,0,1,1.0,True
374,3,0.28443759934245605,0.25,1.1111111111111112,0,1,0.5115446854324811,False
375,4,0.530324406293145,0.5,1.1666666666666667,0,1,0.7210914122208717,True
376,4,0.6400655738725389,0.25,1.0,1,2,0.6939566745168024,False
377,4,0.4025579259246845,0.3333333333333333,1.0,0,1,0.6768899047613727,True
378,4,0.4977175492986464,0.2857142857142857,1.1323529411764706,0,1,0.6178313306518008,True
379,3,0.3578867787200659,0.3333333333333333,1.0,0,1,0.6577451273879648,False
380,2,0.8884453791733209,0.6666666666666666,1.0,1,2,0.9361111111111112,False
381,2,0.6983124406235619,0.75,1.0,0,1,0.9564196174100978,True
382,4,0.4057930153385129,0.3333333333333333,1.0,0,1,0.6782763716530135,True
383,4,0.4603571691645096,0.3333333333333333,3.6363636363636362,0,1,0.5416610090070121,False
384,3,0.5132677848860611,0.6666666666666666,1.0625,0,2,0.8132258760622803,False
385,4,0.20549825964793816,0.125,1.1594202898550725,0,1,0.425630206515783,False
386,4,0.5238229336682285,0.3333333333333333,1.0,0,1,0.7288606223657487,True
387,3,0.3907584881643536,0.6666666666666666,1.125,0,1,0.7307218917529769,False
388,2,0.30799585905219107,0.3333333333333333,1.1029411764705883,0,2,0.5063633046731613,False
389,4,0.5139959730412205,0.2857142857142857,1.1666666666666667,0,1,0.6248077979700468,True
390,4,0.4850893470935213,0.25,1.0,0,2,0.6275382916115092,False
391,4,0.192046269532941,0.2,1.3352941176470587,0,1,0.37111506789507,False
392,4,0.2537368243672439,0.25,1.2,0,2,0.44838721044310453,False
393,2,0.8491675090348474,1.0,1.0,0,1,1.0,True
394,4,0.26344756499774896,0.2,1.1904761904761905,0,2,0.4317156230942733,False
395,4,0.5137948418845664,0.5,1.0,0,2,0.7440073131886238,False
396,4,0.6214452901967827,0.4,1.2857142857142858,0,1,0.6384765529414784,False
397,4,0.36313574461997383,0.16666666666666666,1.0,0,2,0.5405502397577666,False
398,4,0.5803468662467163,0.375,1.0,0,1,0.7704462760104975,True
399,2,0.48880563832189816,0.5,1.1333333333333333,0,1,0.7032976545189087,True
400,3,0.7120835907383734,1.0,1.0,0,1,0.9623215388878743,True
401,3,0.6280154534432827,0.5,1.25,0,1,0.682959003856645,False
402,2,0.8035974176038018,0.6,1.0,0,1,0.9583333333333333,True
403,4,0.09699852388402329,0.0,1.1764705882352942,0,1,0.37,False
404,2,0.8015267448244372,1.0,1.2,1,1,0.92,True
405,4,0.19940462980513698,0.0,1.1111111111111112,0,1,0.4126019842022015,False
406,4,0.5370590495182755,0.2,1.3333333333333333,0,1,0.5189776878887848,False
407,4,0.16292589098730048,0.125,1.1833333333333333,0,1,0.407384905661224,False
408,2,0.967783246579507,1.0,1.0,0,2,0.9500000000000001,False
409,4,0.279664384379178,0.3333333333333333,1.16,0,2,0.49422124409901275,False
410,3,0.9025977532744649,0.6,1.0,0,3,0.9083333333333333,False
411,3,0.7189947108746203,0.5,1.0,0,1,0.8819501141843611,True
412,2,0.8298944661198335,1.0,1.25,0,1,0.8400000000000001,False
413,4,0.5651263081477551,0.2857142857142857,1.2,0,1,0.6467207987299902,True
414,4,0.6376630282637596,0.625,1.02803738317757,1,2,0.84917701211304,False
415,2,0.5343365428036976,0.6666666666666666,1.0,0,1,0.8722553437412672,True
416,3,0.3218306126741281,0.4,1.0,0,1,0.6700702625746263,False
417,3,0.6275556478145989,0.5,1.0,0,1,0.8427619443014949,True
418,4,0.2533754024512363,0.2,1.0,0,1,0.5573989820029108,False
419,2,0.46754972934692335,0.2857142857142857,1.0,0,1,0.6849022649582052,True
420,2,0.3212582825619134,0.2,1.0666666666666667,0,2,0.5364916449074868,False
421,2,0.46928194194999157,0.5,1.0,0,1,0.7749303560738059,True
422,4,0.40808386721890494,0.25,1.0,0,1,0.6445359430938163,True
423,4,0.4075909939027565,0.2,1.0,0,1,0.6234913783392766,False
424,2,0.5821067801136701,0.6666666666666666,1.0416666666666667,0,1,0.8927283025883983,True
425,2,0.45429888106210026,0.2857142857142857,1.0,0,1,0.6792233299789954,True
426,4,0.4359239896693215,0.16666666666666666,1.0,0,1,0.6217452019217726,False
427,2,0.5469443881397424,0.5,4.166666666666667,0,1,0.6482142615836992,False
428,3,0.6044865480794527,0.75,1.0,0,2,0.8662085206054798,False
429,2,0.7424938583420742,0.3333333333333333,1.0,0,1,0.822576732940254,True
430,4,0.6729722530672314,0.5,1.2,0,2,0.7322262036954802,False
431,3,0.6253133286647703,0.6666666666666666,1.0,0,2,0.8612453948245842,False
433,3,0.5074501709424938,0.16666666666666666,1.0,0,1,0.6523992796102751,False
434,2,0.5783189184518835,0.5,1.0833333333333333,0,1,0.8216604888603312,True
435,4,0.691274606144814,0.6666666666666666,1.25,0,1,0.7795145137446028,False
436,3,0.2809852423731777,0.2857142857142857,1.1428571428571428,0,1,0.5249460562551713,False
437,3,0.7508770903877948,0.5,1.0,0,1,0.8956139911185788,True
438,3,0.27058371178727425,0.4,1.0909090909090908,0,2,0.5981073050516891,False
439,4,0.6522578881735006,0.5,1.36,0,1,0.6933486187410242,False
440,2,0.3342754132337542,0.0,1.2,0,1,0.4704037485287518,False
441,2,0.8163992143309119,1.0,1.0285714285714285,0,1,1.0,True
442,3,0.49771456869701514,0.25,1.1428571428571428,0,1,0.6029491008701493,True
443,3,1.0,1.0,1.0,1,2,0.9500000000000001,False
444,4,0.9277894863047549,1.0,1.0,1,1,1.0,True
445,3,0.3998761655595558,0.14285714285714285,1.0,0,1,0.5963754995255239,False
446,4,0.33012581291308185,0.25,1.0,0,2,0.5611253483913209,False
448,2,0.5161231059407224,0.6,1.0,0,1,0.8366718073079287,True
449,4,0.23700103341425785,0.2222222222222222,2.0,0,1,0.39964065453203645,False
450,4,0.5807177313409685,0.42857142857142855,1.236842105263158,0,1,0.632926646765177,False
451,3,0.38145922709966024,0.2222222222222222,1.0792,0,1,0.6215513089686374,False
452,4,0.26305723956142535,0.2222222222222222,1.25,0,1,0.41080760002367966,False
453,2,0.49525632388739477,0.5,1.0,0,1,0.7860622340469787,True
454,4,0.8362374259915278,1.0,1.0,1,2,0.9500000000000001,False
455,3,0.5240519308081577,0.5,1.0,0,1,0.7984032084415915,True
456,4,0.7513968392710192,0.6666666666666666,1.0126582278481013,1,1,0.965281185084405,True
457,3,0.6186590647874566,0.5,1.0,1,1,0.8389491230041481,True
458,4,0.46874889422775823,0.5,2.25,0,1,0.6147019070499916,False
459,4,0.43501275223911207,0.2727272727272727,1.0166666666666666,0,1,0.6655465907864593,True
460,4,0.475875871100412,0.16666666666666666,1.0,1,2,0.5888674368208116,False
461,2,0.755083557787619,0.6666666666666666,1.0,0,1,0.9668612073058049,True
462,3,0.31842494019675044,0.4,1.25,0,1,0.5086106886557502,False
463,4,0.30913356183018303,0.4,1.25,0,1,0.5046286693557928,False
464,3,0.609116538064624,1.0,1.0169491525423728,0,2,0.868192802027696,False
465,4,0.7742234768392049,0.6666666666666666,1.0214285714285714,1,1,0.9750640297564845,True
466,4,0.45542296577204344,0.5714285714285714,1.0,1,3,0.7487526996165902,False
467,3,0.6243190006445368,0.5,1.25,0,1,0.6813748098000396,False
468,2,0.5598131053467845,0.5,1.692,0,1,0.6537294261010029,False
469,3,0.587002302803147,0.2857142857142857,1.2833333333333334,1,2,0.5260962250108726,False
470,2,0.7595288665841761,1.0,1.0,0,2,0.9326552285360755,False
471,4,0.6541713930764034,0.6666666666666666,1.0153846153846153,1,1,0.923613136715284,True
472,4,0.7377816565000064,0.6666666666666666,1.0,1,2,0.9094461067539711,False
473,4,0.5271638580392607,0.3333333333333333,1.1666666666666667,1,2,0.6002924470961911,False
474,4,0.7912643353212471,0.5,1.0,1,2,0.8629228103757727,False
475,2,0.8709834870304136,1.0,1.0,0,1,1.0,True
476,2,0.9439396804248992,1.0,1.0,1,2,0.9500000000000001,False
478,4,0.22272343676737602,0.2,1.1632,0,1,0.4642624252812564,False
479,3,0.7507029073447463,0.4444444444444444,1.0004545454545455,1,2,0.8223911930948385,False
480,3,0.8161050015060888,0.6,1.0,1,2,0.9083333333333333,False
481,3,0.5084549989169538,0.6666666666666666,1.0,0,2,0.8111632535040915,False
482,4,0.46774341142240117,0.6666666666666666,1.0273972602739727,0,2,0.7937154302921402,False
483,4,0.6677506424668661,0.2857142857142857,1.0,2,2,0.6157026562953237,False
484,2,0.9961247667026935,1.0,1.0,1,2,0.9500000000000001,False
485,4,0.7322028136307792,0.6,1.0,1,2,0.8792773963179531,False
486,3,0.7149149554894544,0.6666666666666666,1.0,1,2,0.8996460920351631,False
487,4,0.6476529200848912,0.5,1.25,0,1,0.6913750609887629,False
488,4,0.513864065583688,0.375,1.0126582278481013,1,1,0.741953647154914,True
489,4,0.8561029440165746,0.6666666666666666,1.0,1,2,0.9361111111111112,False
490,2,0.5884761026469755,0.6666666666666666,1.0,0,2,0.8454580122455292,False
491,4,0.35104464462390783,0.2857142857142857,6.6,1,3,0.42497151436262715,False
492,3,0.7724115810775766,0.45454545454545453,1.0,1,2,0.8359036646176627,False
493,3,0.7604033254334873,0.42857142857142855,1.032,1,2,0.8199347585191138,False
494,4,0.6377936680369606,0.5,1.0,1,3,0.7971496672539357,False
495,3,0.9959655973601113,1.0,1.0,1,2,0.9500000000000001,False
496,2,0.8041734197223088,0.6,1.0,1,2,0.9083333333333333,False
497,2,0.7585818047871413,1.0,1.0,0,2,0.9322493449087749,False
498,3,0.8620685199753383,0.8,1.0,1,2,0.9500000000000001,False
499,3,0.6380673526187766,0.25,1.0,1,2,0.6931002939794757,False
500,4,0.5558717823376411,0.5,1.0,1,2,0.762040287668513,False
501,4,0.625980557474314,0.5,1.2,0,2,0.7120869055842299,False
502,2,0.9999999999999999,1.0,1.0,1,2,0.9500000000000001,False
503,3,0.9325682979960033,1.0,1.0,1,2,0.9500000000000001,False
504,4,0.791404672901757,0.8333333333333334,1.0144927536231885,1,2,0.9463162883864674,False
505,3,0.40777157004745035,0.25,1.1363636363636365,0,2,0.5144021014489074,False
506,4,0.5269569226000386,0.3333333333333333,1.6,0,1,0.5702037604793816,False
507,2,0.7456018731734612,1.0,1.0,0,2,0.9266865170743405,False
508,4,0.4204892098200103,0.25,2.272727272727273,0,1,0.4898525184942901,False
509,3,0.35278790611037625,0.4,1.1,0,2,0.6333376740473042,False
510,4,0.2712871697365767,0.0,1.0,0,1,0.5234087870299614,False
511,4,0.4239796873928745,0.5714285714285714,1.0,1,3,0.7352770088826607,False
512,4,0.5282926649943953,0.5714285714285714,1.0,1,3,0.7799825707118838,False
513,4,0.204705087583656,0.16666666666666666,3.0,0,1,0.36265138674220176,False
514,3,0.9278148901000549,1.0,1.0,1,2,0.9500000000000001,False
515,2,0.9671704978221075,1.0,1.0,1,1,1.0,True
516,2,0.9609504254984196,1.0,1.0,1,1,1.0,True
517,4,0.6096345617612086,0.5,1.0,1,2,0.7850814788500419,False
518,2,0.955048714418769,1.0,1.0,1,1,1.0,True
519,3,0.6972122274534521,0.5,1.0,1,2,0.8226147641467177,False
520,4,0.6933844318042255,0.4444444444444444,1.0,1,2,0.797826132148901,False
521,4,0.4665057680503154,0.25,4.310344827586207,0,1,0.5095739005929923,False
522,3,0.9517885768613452,1.0,1.0,1,2,0.9500000000000001,False
523,2,0.9449738303176591,1.0,1.025,1,2,0.9500000000000001,False
524,3,0.7022605642284659,0.42857142857142855,1.0,1,2,0.7950164322883903,False
525,3,0.6853871726628403,0.6,1.0,0,2,0.8592135501888364,False
526,2,0.8868717160873858,1.0,1.0,1,2,0.9500000000000001,False
527,4,0.5557870934066105,0.375,1.0,1,1,0.7599206590790235,True
528,3,0.820445909448017,0.6666666666666666,1.0,1,2,0.9361111111111112,False
529,4,0.7115931892461543,0.4444444444444444,1.0,0,2,0.8056298853382992,False
530,2,1.0000000000000002,1.0,1.0,0,2,0.9500000000000001,False
531,4,0.6015812153203446,0.3333333333333333,1.0,0,2,0.7121856002166557,False
532,4,0.9327885845346359,1.0,1.032258064516129,1,1,1.0,True
533,2,1.0000000000000002,1.0,1.0,0,2,0.9500000000000001,False
534,4,0.5831305725344152,0.2727272727272727,1.0,0,2,0.6790256566273035,False
535,3,0.6474296264095241,0.45454545454545453,1.0,0,2,0.7823399697599259,False
536,3,0.6436813127565418,0.3333333333333333,1.0,1,1,0.780228499117883,True
537,3,0.6875647819452488,0.375,1.0,1,2,0.7663968113098686,False
538,2,0.675922295266096,0.6,1.0034615384615384,0,2,0.8551571741616603,False
539,2,0.877293568484534,0.7142857142857143,1.0,1,2,0.9500000000000001,False
540,2,0.8567188192556396,0.75,1.0,1,2,0.9500000000000001,False
541,3,0.4234132141498221,0.5,1.0,0,1,0.7552723298737334,True
542,3,0.3247672861231156,0.3333333333333333,1.1538461538461537,0,1,0.5635510591321289,False
543,4,0.2937381521616594,0.25,1.0398613518197575,0,1,0.5955306366407112,False
544,4,0.6645472384664343,0.5,1.037037037037037,1,2,0.8086154831522815,False
545,4,0.30588214259193963,0.3333333333333333,1.263157894736842,0,2,0.42545742619019633,False
546,3,0.2813600544838786,0.3333333333333333,5.0,0,3,0.4149479598581702,False
547,4,0.5320824641789812,0.6,1.275,0,1,0.6835115322671824,False
548,2,0.4595169585841028,0.5,1.0555555555555556,0,1,0.7707453632027108,True
549,2,0.6085018993273513,0.5,1.0,1,1,0.8345960520926745,True
550,2,0.9864649039786162,1.0,1.0,0,1,1.0,True
551,3,0.5726068063925496,0.5555555555555556,1.0,1,1,0.8423605889830503,True
552,3,0.6772572249762923,0.625,1.0,1,1,0.9161459535612682,True
553,4,0.7057118976844964,0.5,1.009090909090909,0,1,0.8762574799600222,True
554,2,0.7226927463194748,0.8,1.0666666666666667,0,1,0.9668683198512034,True
555,2,0.6953224619136738,0.6,1.0,0,1,0.9134715312963364,True
556,2,0.8006363222115206,0.5,1.0188679245283019,1,1,0.9166666666666667,True
557,2,0.5903924343204736,0.6,1.0,0,1,0.8685015194706792,True
558,3,0.6735821421765856,0.42857142857142855,1.004821600771456,2,1,0.7277256799804415,False
559,2,0.8453683579651674,0.7142857142857143,1.0,1,1,1.0,True
560,2,0.44599077803155107,0.4,1.0,0,1,0.7232817620135219,True
561,2,0.6815108857763378,0.625,1.0,1,1,0.9179689510470019,True
562,2,0.6017745287994517,0.6,1.0,1,1,0.8733795599616698,True
563,4,0.22431450562963595,0.16666666666666666,1.1111111111111112,0,1,0.4510554230476217,False
564,3,0.7703511597234528,0.75,1.0,1,2,0.9372933541671941,False
565,3,0.7213699971154618,0.5,1.004821600771456,1,1,0.8829680940018647,True
566,4,0.5972073668115784,0.6,1.2222222222222223,0,2,0.6614222048240099,False
567,4,0.6648839853203944,0.6666666666666666,1.0,0,1,0.9282042476769945,True
568,4,0.58236447263939,0.3333333333333333,1.5,0,1,0.5939498533533893,False
569,4,0.6916212101071051,0.75,1.0,1,2,0.9035519471887593,False
570,3,0.8573451167483723,0.8571428571428571,1.0,1,1,1.0,True
571,4,0.32627987175004397,0.125,1.1111111111111112,1,2,0.4273937545595426,False
572,2,0.5781118152956164,0.5,1.0,1,1,0.821571730364788,True
573,3,0.6090799600981122,0.5,1.0,1,1,0.8348437924230006,True
574,4,0.7862664419394382,0.8,1.0,1,2,0.9441141894026165,False
575,4,0.3317631544181502,0.42857142857142855,1.0106382978723405,0,1,0.6862318280839691,False
576,2,0.8990733055444976,1.0,1.0,1,2,0.9500000000000001,False
577,3,0.7543998477862964,0.5714285714285714,1.0,1,1,0.92688564905127,True
578,3,0.7953618951369424,1.0,1.0,1,1,0.9980122407729752,True
579,2,0.6983437536019526,0.625,1.0,0,1,0.9251830372579797,True
580,2,0.6218020828010331,0.4444444444444444,1.0,1,1,0.8171479825761041,True
581,3,0.7923701400115526,1.0,1.0,1,1,0.9967300600049511,True
582,2,0.6631519219046795,0.5,1.0,1,1,0.8580174903401008,True
583,3,0.6979547144570817,0.375,1.0,0,1,0.8208496395292255,True
584,3,0.8992548440240089,1.0,1.0,1,1,1.0,True
585,2,0.8485418326663161,0.8,1.0,1,2,0.9500000000000001,False
586,2,0.8911911961320895,0.7142857142857143,1.0588235294117647,0,2,0.9500000000000001,False
587,3,0.5255196855630403,0.6,2.107142857142857,0,1,0.6806989128603507,False
588,3,0.7381982864539097,0.45454545454545453,1.0,1,2,0.8212408240646627,False
589,3,0.6997039791299325,0.75,1.0169491525423728,0,1,0.9570159910556855,True
590,2,0.7299603964871977,0.7142857142857143,1.0,1,1,0.9699830270659417,True
591,4,0.5748339503915103,0.5,1.2,0,1,0.7401669311201711,True
592,3,0.778537873646006,0.6666666666666666,1.0112359550561798,2,1,0.8719130569593994,False
593,4,0.5050394031367663,0.5,1.08,1,1,0.7902549822967093,True
594,4,0.6763877090407777,0.5,1.0,0,1,0.8636899705412857,True
595,3,0.9999999999999994,1.0,1.0,0,2,0.9500000000000001,False
596,4,0.660916111667824,0.6,1.0,0,1,0.8987259526195437,True
597,3,0.7416261760889677,0.7142857142857143,1.0,1,2,0.9249826468952719,False
598,4,0.7831255784032705,0.6666666666666666,1.0135135135135136,1,1,0.9788792161410842,True
599,4,0.5639950207113686,0.2857142857142857,1.0,1,2,0.6762359612572533,False
600,2,0.9247215819669278,1.0,1.0,0,1,1.0,True
601,3,0.46754148210937274,0.375,1.0769230769230769,1,1,0.7221011113802074,True
602,3,0.6522798139078834,0.5714285714285714,1.024,1,2,0.8331199202462358,False
603,2,0.9440021018906978,1.0,1.0,1,1,1.0,True
604,4,0.4927991612164737,0.5,1.16,1,1,0.7050091643308697,True
605,3,0.5436509947308725,0.375,1.0769230769230769,1,2,0.7047194739322787,False
606,2,0.90968185757315,0.7777777777777778,1.0,0,1,1.0,True
607,4,0.6594437874775888,0.6666666666666666,1.0196078431372548,0,1,0.925872734315792,True
608,2,0.9263910183990763,1.0,1.0,0,1,1.0,True
609,4,0.6617050273496343,0.6666666666666666,1.0010373443983402,1,1,0.9268418371180973,True
610,4,0.80067939793784,0.6666666666666666,1.0044117647058823,1,1,0.9861111111111112,True
611,3,0.6478518806982178,0.4,1.0,0,1,0.8097936631563791,True
612,3,0.3706598755142252,0.4,1.0714285714285714,0,2,0.6409970895060966,False
613,3,0.7993438771122071,0.75,1.0,0,1,0.9997188044766603,True
614,3,0.5651476734000156,0.4444444444444444,1.0166666666666666,1,1,0.7928675214042396,True
615,3,0.6790107484640925,1.0,1.0,1,2,0.8981474636274683,False
616,4,0.407979324022712,0.4,1.0714285714285714,0,1,0.7069911388668766,True
617,4,0.9285529688879445,1.0,1.0,1,1,1.0,True
618,2,0.6267099795809921,0.6,1.0285714285714285,1,1,0.8840661817251871,True
619,4,0.4610178731601446,0.3333333333333333,1.2941176470588236,1,2,0.4919441678622842,False
620,4,0.6466579333954721,0.75,1.0196078431372548,0,1,0.9342819714552024,True
621,4,0.8940985168417552,1.0,1.0256410256410255,1,1,1.0,True
622,4,0.9258985810997784,1.0,1.0,1,1,1.0,True
623,4,0.7724147902879216,0.6666666666666666,1.25,1,1,0.8142888783773633,False
624,3,0.6593406372301321,0.6,1.0588235294117647,1,1,0.8980507492891043,True
625,2,0.13129275230705903,0.16666666666666666,1.125,1,1,0.4111889573379459,False
626,4,0.8383586057283271,0.8,1.0,1,2,0.9500000000000001,False
627,4,0.9184366241908923,1.0,1.0,1,1,1.0,True
628,4,0.6296390207105077,0.5,1.0196078431372548,1,1,0.8436548183997414,True
629,3,0.9097281662412555,1.0,1.0256410256410255,1,1,1.0,True
630,2,0.8135989851867664,0.6,1.0074074074074073,1,1,0.9583333333333333,True
631,4,0.9243433899960144,1.0,1.0,1,1,1.0,True
632,3,0.7369877372125925,0.6666666666666666,1.0,1,1,0.9591058556307936,True
633,2,0.8379286344485436,0.6,1.0074074074074073,1,1,0.9583333333333333,True
634,4,0.8586883880392034,1.0,1.0,1,1,1.0,True
635,3,0.93050550635335,1.0,1.0,1,2,0.9500000000000001,False
636,4,0.6084925641893895,0.2857142857142857,1.0,1,1,0.7453063370335479,True
637,2,0.9375235838016229,1.0,1.0,1,1,1.0,True
638,4,0.6287726373531484,0.375,1.075,1,2,0.7412001779132541,False
639,2,0.8087799714038071,0.4,1.0,0,1,0.875,True
640,3,0.8552138605838098,0.6,1.2352941176470589,1,1,0.7983333333333333,False
641,4,0.7283807812695366,0.75,1.0119047619047619,1,1,0.9693060491155157,True
642,2,0.9569138706100853,1.0,1.0,1,2,0.9500000000000001,False
643,2,0.9999999999999987,1.0,1.0,0,2,0.9500000000000001,False
644,3,0.6524567105462024,0.6666666666666666,1.011764705882353,1,1,0.9228782727737692,True
645,4,0.5182982317927435,0.3333333333333333,1.048780487804878,1,1,0.7264928929905409,True
646,2,0.9405474174604603,1.0,1.0,0,1,1.0,True
647,2,0.9007511970839533,1.0,1.008,1,1,1.0,True
648,3,0.6618626548141664,0.3333333333333333,1.0,1,2,0.738020502856865,False
649,3,1.0000000000000004,1.0,1.0,1,1,1.0,True
650,4,0.547120970513398,0.3333333333333333,1.011764705882353,1,1,0.7388454952993928,True
651,3,0.6378711778824083,0.3333333333333333,1.0,1,2,0.727738441314683,False
652,3,0.7492215747255933,0.7142857142857143,1.0,0,3,0.92823781773954,False
653,3,0.8146815341055028,0.5714285714285714,1.0140845070422535,0,2,0.8964285714285715,False
654,3,0.7958696835934965,0.5714285714285714,1.0140845070422535,0,2,0.8946584358257844,False
655,3,0.34755304871348947,0.2222222222222222,1.056338028169014,0,2,0.5570200896602786,False
656,3,0.6080919221365345,0.4444444444444444,1.021180030257186,1,1,0.8112721994341763,True
657,4,0.675333694292828,0.3333333333333333,1.0,1,2,0.7437938054905772,False
658,2,0.7724342663346732,0.75,1.1428571428571428,0,1,0.9081861141434314,True
659,3,0.9057842755871772,1.0,1.0,1,2,0.9500000000000001,False
660,3,0.40395102605775907,0.375,1.25,1,2,0.48484805878665865,False
661,4,0.7809624087077356,0.625,1.0666666666666667,1,2,0.9105910323033154,False
662,4,0.5464301793470796,0.6666666666666666,1.0,1,2,0.8274383308312881,False
663,4,0.7377089490127957,0.8,1.0285714285714285,1,2,0.9233038352911983,False
664,3,0.8270937767679996,1.0,1.0,1,2,0.9500000000000001,False
665,4,0.7419133342849112,1.0,1.0,1,2,0.9251057146935334,False
666,4,0.39898199317562455,0.16666666666666666,1.0,1,1,0.6059129177101883,False
667,3,0.891072897048191,1.0,1.0,1,1,1.0,True
668,3,0.8504792642950841,0.6666666666666666,1.0,0,2,0.9361111111111112,False
669,4,0.8918479551736237,1.0,1.0,1,1,1.0,True
670,3,0.6034176440976016,0.25,1.0,1,2,0.6782504188989722,False
671,4,0.8704187421631702,1.0,1.0,1,2,0.9500000000000001,False
672,2,0.9038965995484526,0.7142857142857143,1.0,0,1,1.0,True
673,2,0.8616118801940572,0.7142857142857143,1.0014306151645207,1,1,1.0,True
674,3,0.9573169178406254,1.0,1.0,1,2,0.9500000000000001,False
675,2,0.9528603926765905,1.0,1.0,1,1,1.0,True
676,3,0.8508700344488518,0.75,1.0,0,2,0.9500000000000001,False
677,3,0.7269858903493799,0.6666666666666666,2.5185185185185186,1,2,0.744819349832274,False
678,4,0.502190780603826,0.5,11.412268188302425,0,1,0.6290341440683065,False
679,3,0.7349065866325352,0.75,1.0,1,1,0.972102822842515,True
680,3,0.9577863195550673,1.0,1.0,1,2,0.9500000000000001,False
681,3,0.5520316813717696,0.4444444444444444,1.037037037037037,1,1,0.7872463819635627,True
682,3,0.5614286867286211,0.4,1.0,1,2,0.7227551514551235,False
683,4,0.6564477933732835,0.3333333333333333,1.165,1,2,0.6556998479536295,False
684,2,1.0,1.0,1.0,0,1,1.0,True
685,2,0.5595249034149712,0.75,1.0416666666666667,0,1,0.896939244320702,True
686,3,0.2335787179004193,0.25,1.0307142857142857,0,2,0.5197480219573226,False
687,3,0.6657814440869134,0.5714285714285714,1.0,1,2,0.8389063331801058,False
688,3,0.3690861423706401,0.5,1.0,1,2,0.6819892991112267,False
689,3,0.9148812220207476,1.0,1.0,1,2,0.9500000000000001,False
690,3,0.5230472476280381,0.42857142857142855,1.0,1,2,0.7182107251739213,False
691,2,0.8406097880567852,0.6666666666666666,1.0,1,1,0.9861111111111112,True
692,4,0.8842291057596571,0.75,1.0,1,2,0.9500000000000001,False
693,3,0.9446269505193806,1.0,1.0,1,2,0.9500000000000001,False
694,3,0.785588241330437,1.0,1.0,1,2,0.9438235319987588,False
695,2,0.909271044957725,1.0,1.0,1,2,0.9500000000000001,False
696,4,0.2197412169101579,0.08333333333333333,1.0588235294117647,1,2,0.45131766439006765,False
697,4,0.7802712431680096,0.6666666666666666,1.0,1,2,0.9276559296116867,False
698,4,0.6771507535149909,0.4444444444444444,1.0,2,2,0.6858688414535147,False
700,3,0.9155395431057303,1.0,1.0,1,2,0.9500000000000001,False
701,2,0.8312760049056002,0.6666666666666666,1.136,1,2,0.8561111111111112,False
702,4,0.3181393438712941,0.2,1.0588235294117647,1,2,0.5351549568972214,False
703,4,0.7441905587950399,0.5,1.0,1,2,0.8427483347216839,False
704,2,0.9999999999999999,1.0,1.0,1,2,0.9500000000000001,False
705,3,0.6761500516566511,0.4444444444444444,1.0,1,2,0.7904399692285119,False
706,2,0.9999999999999998,1.0,1.0,0,2,0.9500000000000001,False
707,4,0.46463150276632076,0.375,1.0,1,2,0.6708539773760422,False
708,3,0.23299115345242316,0.25,1.0,2,2,0.41449620862246705,False
710,4,0.5983381942500682,0.5714285714285714,1.0,1,2,0.8100020832500293,False
711,3,0.6001059057858893,0.5714285714285714,1.0,1,2,0.8107596739082384,False
712,4,0.6203573281916832,0.36363636363636365,1.3333333333333333,1,2,0.5728587683592063,False
713,2,0.9163896942464461,1.0,1.0,1,2,0.9500000000000001,False
714,4,0.5603294158626184,0.375,1.0,1,2,0.711867368703027,False
715,3,0.8745186807971642,1.0,1.0,1,2,0.9500000000000001,False
716,3,0.856595129703451,0.5555555555555556,1.0020833333333334,1,2,0.889814814814815,False
717,2,0.9606508396697686,1.0,1.0,1,2,0.9500000000000001,False
718,3,0.9583521041274436,1.0,1.0,1,2,0.9500000000000001,False
719,4,0.5319947384997946,0.4444444444444444,1.0666666666666667,1,2,0.7286591207327163,False
720,3,0.9391560894175538,1.0,1.0,1,2,0.9500000000000001,False
721,2,0.7148395556610698,0.4,1.0,1,2,0.7885026667118872,False
722,4,0.4134027344093207,0.42857142857142855,1.0,1,2,0.6712202195087565,False
723,3,0.5911174331248948,0.5,1.0,2,2,0.672145566577336,False
724,3,0.9999999999999994,1.0,1.0,1,2,0.9500000000000001,False
725,4,0.39412027611306877,0.2857142857142857,1.0,1,2,0.6034324992865533,False
726,4,0.9588371306382188,1.0,1.0,1,2,0.9500000000000001,False
727,3,0.6695791333209283,0.5714285714285714,1.0,1,3,0.8405339142803979,False
728,2,1.0000000000000002,1.0,1.0,0,2,0.9500000000000001,False
729,2,0.8983000460493255,0.75,1.0,1,2,0.9500000000000001,False
730,2,0.8767775519816018,0.8333333333333334,1.0,1,2,0.9500000000000001,False
731,2,0.9999999999999998,1.0,1.0,1,2,0.9500000000000001,False
732,4,0.5142808935587994,0.5,1.0,1,2,0.7442156210490093,False
733,2,0.94037422888391,1.0,1.0,0,1,1.0,True
734,4,0.602604322033607,0.42857142857142855,1.0,1,2,0.7523066142048792,False
736,3,0.8838764805448499,0.8333333333333334,1.0,1,2,0.9500000000000001,False
737,3,0.8715229540614586,0.7142857142857143,1.0,1,2,0.9500000000000001,False
738,2,0.9274572871278938,0.8,1.0,1,2,0.9500000000000001,False
739,2,0.9509196231886918,0.8333333333333334,1.0,1,2,0.9500000000000001,False
740,3,0.8376419916693797,0.5714285714285714,1.0,1,2,0.8964285714285715,False
741,4,0.8486092657309381,0.75,1.0,1,2,0.9500000000000001,False
742,4,0.9882972432981021,1.0,1.0,1,2,0.9500000000000001,False
743,4,0.6493883743155398,0.4444444444444444,1.0,1,2,0.7789706789394643,False
744,3,0.9240167755657805,0.8333333333333334,1.0,1,2,0.9500000000000001,False
745,3,0.8778160040381151,0.7142857142857143,1.0,1,3,0.9500000000000001,False
746,3,0.8086394457255289,0.3333333333333333,1.0,0,2,0.7972222222222223,False
747,2,0.9348887774181655,0.875,1.0,0,2,0.9500000000000001,False
748,2,1.0000000000000007,1.0,1.0,1,2,0.9500000000000001,False
749,3,0.9314806168589868,1.0,1.0,1,2,0.9500000000000001,False
750,4,0.5257639918278015,0.3333333333333333,1.4705882352941178,1,2,0.5196925044341373,False
751,2,0.9017724088950088,0.6,1.0,1,1,0.9583333333333333,True
752,2,0.7728451326045062,0.6666666666666666,1.2181818181818183,0,1,0.8144733107987566,False
753,4,0.43040155779581935,0.3333333333333333,1.0643,0,2,0.638822889849002,False
754,4,0.3257742313298616,0.375,1.0417,0,1,0.6613437181889883,False
755,2,0.5095367533033289,0.5555555555555556,1.0312000000000001,0,1,0.8153305662305272,True
756,4,0.7800363754632054,0.6666666666666666,1.0,1,1,0.9775552720239133,True
757,4,0.81322358066082,0.5714285714285714,1.0,1,2,0.8964285714285715,False
758,3,0.3507737543162481,0.3333333333333333,1.0,0,1,0.6546966883577571,False
759,2,0.8098385354012901,0.8333333333333334,1.0,1,2,0.9500000000000001,False
760,4,0.6796264006254595,0.6,1.0,1,2,0.8567446478871018,False
761,4,0.7021450883225194,0.5714285714285714,1.0140845070422535,1,2,0.8544907521382227,False
762,4,0.6451042908847492,0.5714285714285714,1.0,1,2,0.8300446960934641,False
763,2,0.7833960863501284,0.5714285714285714,1.0417,1,1,0.9393126084357692,True
764,3,0.7615368671925138,0.5555555555555556,1.0,0,2,0.873330615040178,False
765,3,0.7827552311240908,0.6666666666666666,1.0,1,1,0.9787204958785787,True
766,4,0.8025398781054573,0.7142857142857143,1.0417,1,2,0.9500000000000001,False
767,4,0.8407949952932348,0.6,1.0,1,1,0.9583333333333333,True
768,4,0.6647698416514847,0.6666666666666666,1.010074074074074,1,2,0.8781553289617475,False
769,2,0.7842146495954198,0.6666666666666666,1.0,1,2,0.9293459609377196,False
770,4,0.8188594592052727,0.8,1.0288148148148148,0,2,0.9500000000000001,False
771,4,0.7696378698757476,0.7142857142857143,1.0588235294117647,1,2,0.9369876585181777,False
772,2,0.8344156484314498,1.0,1.0,1,1,1.0,True
773,3,0.36802355588505375,0.2857142857142857,1.0,0,2,0.5922481906174041,False
774,3,0.4579447558821277,0.6,1.1737089201877935,0,2,0.6817382287113881,False
775,4,0.5499877431155233,0.6,1.016470588235294,0,2,0.8011852232399863,False
776,3,0.5637337189719711,0.375,1.0,1,1,0.7633263557498924,True
777,2,0.4724664897810062,0.5,1.0,0,2,0.726295162287098,False
778,4,0.6007678953973625,0.5,1.0,0,2,0.7812814789798221,False
779,4,0.5221711174966558,0.6,1.016470588235294,0,2,0.7892638122604717,False
780,3,0.5529173805208278,0.42857142857142855,1.0588235294117647,1,1,0.7810122106994024,True
781,4,0.6638981664731606,0.6,1.0,1,2,0.8500039761075452,False
782,2,0.959574081633516,0.8,1.0,1,1,1.0,True
783,2,0.809253178574779,0.8333333333333334,1.0,1,1,1.0,True
784,3,0.6185616799937452,0.5,1.0,0,1,0.838907386663986,True
785,2,0.7990778718549185,0.8333333333333334,1.0,1,1,0.9996048022235364,True
786,2,0.7466650424807937,0.75,1.0,1,2,0.9271421610631972,False
787,3,0.64622078588632,0.6666666666666666,1.0,0,1,0.9202057336338196,True
788,3,0.5251041333057072,0.5,1.0,0,1,0.7988541523691126,True
789,3,0.9370094017713348,1.0,1.0,1,1,1.0,True
790,2,0.8623795738514404,0.8571428571428571,1.0,0,1,1.0,True
791,2,0.5512547539082552,0.2727272727272727,1.1111333333333333,0,1,0.6353645915018064,True
792,2,0.8519590171000204,1.0,1.0,1,2,0.9500000000000001,False
793,3,0.9711607053978015,1.0,1.0,0,2,0.9500000000000001,False
794,2,0.6345808943247042,0.5,1.0643,0,1,0.8457727642343971,True
795,3,0.9711112262476534,1.0,1.0,0,2,0.9500000000000001,False
796,3,0.8795481864835497,1.0,1.0222335803731153,1,1,1.0,True
797,4,0.8665117102757366,0.6666666666666666,1.0,0,1,0.9861111111111112,True
798,3,0.6781248896343125,0.5,1.0,0,2,0.8144344765099435,False
799,3,0.36201863113506294,0.4,1.041675,0,1,0.6872936990578842,False
800,2,0.47712016375465066,0.6,1.0,0,1,0.819956260656755,True
801,2,0.9266843422321557,1.0,1.0,1,1,1.0,True
802,2,0.9177797707514983,1.0,1.0101010101010102,1,2,0.9500000000000001,False
803,4,0.22518249570571638,0.25,1.0570824524312896,0,1,0.5661496410167356,False
804,4,0.7593014511221777,0.6666666666666666,1.0,1,2,0.9186688758777587,False
805,3,0.9071254896316828,1.0,1.04,0,2,0.9500000000000001,False
806,2,0.7597233908600408,0.5555555555555556,1.0,1,1,0.9225534108976896,True
808,2,0.866997516351146,0.7142857142857143,1.0,1,1,1.0,True
809,3,0.8875989299302299,0.7142857142857143,1.0,1,2,0.9500000000000001,False
810,2,0.9034457051787845,0.7142857142857143,1.0,1,2,0.9500000000000001,False
811,4,0.5414278741669779,0.4444444444444444,1.0227458681066928,1,1,0.7827018931615091,True
812,2,0.8339499039912676,0.75,1.0,1,1,1.0,True
813,3,0.9011366895639326,0.8333333333333334,1.0,1,2,0.9500000000000001,False
814,4,0.19218278674391517,0.2,1.0570824524312896,0,1,0.5311735752712017,False
815,2,0.9826655645185777,1.0,1.0,1,1,1.0,True
816,4,0.5972228408631839,0.6666666666666666,1.0,1,1,0.8992066143381899,True
817,3,0.7206582094688969,0.6666666666666666,1.0331872260488417,1,2,0.9021074865977813,False
818,3,0.6240819122017319,0.75,1.04,1,2,0.8746065338007424,False
819,2,0.8188656665636699,0.75,1.0,1,1,1.0,True
820,3,0.405236763653122,0.375,1.0,0,1,0.6953990891846713,True
821,4,0.4689142302319759,0.42857142857142855,1.0570824524312896,0,1,0.7450108605756086,True
822,3,0.8003924369564437,1.0,1.0,1,2,0.9500000000000001,False
824,3,0.8818663243202494,0.8333333333333334,1.0331872260488417,1,2,0.9500000000000001,False
825,4,0.7455347914361788,1.0,1.010074074074074,1,2,0.9266577677583624,False
826,4,0.7896528354645608,1.0,1.010074074074074,1,2,0.9455655009133833,False
827,2,0.896712237129106,0.8333333333333334,1.03125,1,2,0.9500000000000001,False
828,3,0.5957339641748268,0.5714285714285714,1.0570824524312896,0,1,0.8588859846463544,True
829,2,0.5311818149279445,0.5,1.0,0,1,0.8014588730643573,True
830,2,0.6598274832162564,0.5,1.0,0,1,0.8565927309022052,True
831,4,0.29380659339866005,0.3,1.0,0,2,0.5663933019327592,False
832,4,0.3116367760421742,0.4,1.0570824524312896,0,1,0.6657014754466462,False
833,3,0.7064519764408205,0.6,1.0570824524312896,0,2,0.8682413232365421,False
834,3,0.21028889627445754,0.25,1.0975609756097562,0,2,0.5097666698319104,False
835,3,0.8433917527746979,1.0,1.0222335803731153,1,1,1.0,True
836,4,0.8395900027924994,1.0,1.0222335803731153,1,1,1.0,True
837,4,0.5111465031316587,0.5,1.0,0,1,0.792872310865949,True
838,3,0.9085675332515372,1.0,1.0,1,1,1.0,True
839,4,0.23370260273937,0.5,1.0,0,2,0.6239677821263967,False
840,2,0.8358995549180511,0.8571428571428571,1.0416666666666667,0,1,1.0,True
841,3,0.692218006894281,0.625,1.0570824524312896,0,1,0.9225577172404062,True
842,3,0.917129679680847,1.0,1.0416666666666667,0,2,0.9500000000000001,False
843,3,0.7484014748980521,0.5555555555555556,1.0,1,1,0.9177011611996944,True
844,2,0.7336727568860976,0.7142857142857143,1.0338366107389778,1,1,0.9715740386654703,True
846,3,0.23560162851508393,0.2857142857142857,1.0570824524312896,0,1,0.5854959360302741,False
847,2,0.837694539370537,1.0,1.0,1,1,1.0,True
848,3,0.47631860374223156,0.42857142857142855,1.0570824524312896,0,1,0.7481841635085754,True
849,2,0.6473437459494158,0.75,1.0,0,1,0.9345758911211782,True
850,3,0.8880786301403775,1.0,1.0222335803731153,1,2,0.9500000000000001,False
851,3,0.7979397815643289,0.6,1.0,1,1,0.9574503825751886,True
853,2,0.5792473873912583,0.4444444444444444,1.0,0,1,0.798910255971915,True
854,4,0.7015778641140057,0.5714285714285714,1.0044444444444445,0,2,0.8542476560488598,False
855,2,0.5903665378680043,0.4444444444444444,1.0,0,1,0.8036756061762347,True
856,3,0.5387796450704643,0.3,1.0666666666666667,1,1,0.7213817526492466,True
857,2,0.945629473031854,1.0,1.0,1,1,1.0,True
858,2,1.0000000000000004,1.0,1.0,0,2,0.9500000000000001,False
859,3,0.7007005510925661,0.5714285714285714,1.25,1,2,0.693871664753957,False
860,3,0.8546670146061293,0.5,1.0294117647058822,0,2,0.8666666666666668,False
861,4,0.7796509084529537,1.0,1.0,0,2,0.9412789607655517,False
862,4,0.8377638100297995,0.6666666666666666,1.0,1,2,0.9361111111111112,False
863,4,0.6715090114257957,0.5555555555555556,1.0,1,1,0.884747248283013,True
864,3,0.7502845306411978,0.6666666666666666,1.0,1,1,0.9648044813859102,True
865,3,0.7148109590515921,0.6666666666666666,1.0338366107389778,1,1,0.949601522133222,True
866,4,0.581982463137722,0.3333333333333333,1.0,1,1,0.7537861349955317,True
867,4,0.8416016313668196,1.0,1.0,0,2,0.9500000000000001,False
868,2,0.8024482489911793,0.6,1.0666666666666667,1,1,0.9583333333333333,True
869,3,0.8199670660221204,1.0,1.0,0,2,0.9500000000000001,False
870,3,0.7765874668800988,0.6,1.0,0,2,0.8982993905676614,False
871,2,0.8355286415191159,0.75,1.0,1,2,0.9500000000000001,False
872,2,0.7678491208878402,0.6666666666666666,1.0,0,1,0.9723321629201855,True
873,3,0.8304462756653536,0.75,1.0,1,1,1.0,True
874,3,0.4255992113440903,0.2222222222222222,1.0,0,2,0.5904684450733932,False
875,2,0.7994493701937546,0.8,1.0,1,1,0.9997640157973233,True
876,3,0.6539939926266,0.8,1.0,0,1,0.9374259968399714,True
877,3,0.6686275007876042,0.2,1.0,1,1,0.7353641670042114,False
878,3,0.5810683811919636,0.2,1.0,1,1,0.6978388300346511,False
879,4,0.8324427221419535,0.6666666666666666,1.0,0,2,0.9361111111111112,False
880,2,0.8191803324965469,0.6666666666666666,1.0,1,1,0.9861111111111112,True
881,3,0.4701686885062601,0.2857142857142857,1.25,1,2,0.4760246760264924,False
882,3,0.4406706453335675,0.3333333333333333,1.25,1,2,0.48322392736517966,False
883,4,0.8346679160522656,0.6666666666666666,1.0,0,2,0.9361111111111112,False
884,4,0.5185515238630239,0.5,1.0,1,2,0.7460458911793914,False
885,2,0.674248478620109,0.3333333333333333,1.0,1,2,0.7433287130594118,False
886,2,0.9048875001113171,1.0,1.0285714285714285,0,1,1.0,True
887,3,0.45061783699168695,0.125,1.0,1,2,0.5606814539488183,False
888,3,0.6163071986800024,0.42857142857142855,1.0,0,2,0.7581792756247631,False
889,3,0.8109979432463903,0.3333333333333333,1.0,1,1,0.8472222222222222,True
890,3,0.7326096690743163,0.25,1.0,1,1,0.7836184296032784,True
891,3,0.9627958993499075,1.0,1.0,1,1,1.0,True
892,3,0.9391646045724742,1.0,1.0,1,1,1.0,True
893,3,0.9671416683091094,1.0,1.0,1,1,1.0,True
894,3,0.9648389653894975,1.0,1.0,1,1,1.0,True
895,2,0.9546666571338042,1.0,1.0,1,1,1.0,True
896,2,0.9046042104842283,1.0,1.0,1,1,1.0,True
897,2,0.8652182435709316,1.0,1.0,1,1,1.0,True
898,2,0.8782556695189379,0.8333333333333334,1.0,1,1,1.0,True
899,4,0.6230848183060018,0.42857142857142855,1.0,0,1,0.8110839697501913,True
900,3,0.7520582575873882,0.75,1.0,1,1,0.9794535389660235,True
901,4,0.7264739171910789,0.3333333333333333,1.0,1,2,0.7657110438755418,False
902,4,0.3357984787877684,0.2857142857142857,1.056,1,2,0.578437443289996,False
903,4,0.9559997918949179,1.0,1.0,0,2,0.9500000000000001,False
904,4,0.5837045479264658,0.5,1.0,1,1,0.8239686157780092,True
905,2,0.5030512796124456,0.4,1.0,0,1,0.7477362626910481,True
906,2,1.0000000000000002,1.0,1.0,1,1,1.0,True
907,3,0.8038566043926982,0.5555555555555556,1.0,0,1,0.9398148148148149,True
908,3,0.7047142893327011,0.8,1.06,1,1,0.9591632668568719,True
909,4,0.6841377623233003,0.5,1.0,0,1,0.8670114219480811,True
910,4,0.49551442656973504,0.5,1.1333333333333333,0,1,0.7061728494822673,True
911,4,0.1726842669872285,0.14285714285714285,1.0463636363636364,2,1,0.39400754299452645,False
912,3,0.9717796190152915,1.0,1.0,0,1,1.0,True
913,2,0.8273555551897145,0.8888888888888888,1.0169491525423728,1,1,1.0,True
914,4,0.5029110467888469,0.14285714285714285,2.127659574468085,1,1,0.48053330576664866,False
915,3,0.6490659261203382,0.8,1.0166666666666666,0,1,0.9353139683372877,True
916,4,0.27590883281877215,0.16666666666666666,1.6666666666666667,0,2,0.34316727755725157,False
917,3,0.6617507118335078,0.375,1.035294117647059,0,1,0.8053336384048366,True
918,2,0.8265473720483806,0.875,1.015625,1,1,1.0,True
919,2,0.837067970020796,1.0,1.0,0,1,1.0,True
920,4,0.6272131412532421,0.375,1.0526315789473684,1,1,0.7905318224418657,True
921,3,0.6990442710767759,0.2,1.0,0,1,0.7483999256995706,False
922,3,0.8748745426287555,1.0,1.0311936065996392,2,1,0.895,False
923,4,0.5571515151953977,0.3333333333333333,1.0526315789473684,1,1,0.743144300163107,True
924,4,0.7182110182319831,0.5,1.0,0,1,0.8816142459089451,True
925,2,0.8433649740866229,0.75,1.0,0,1,1.0,True
926,3,0.6293037656990125,0.16666666666666666,1.0,0,1,0.7046222487916403,False
927,4,0.6376887713910288,0.5,1.0,0,1,0.8471047115485362,True
928,2,0.8423240292651135,1.0,1.0,0,1,1.0,True
929,4,0.3730700825668377,0.3333333333333333,1.0,0,1,0.6642522576080098,False
930,4,0.568220731249493,0.5,1.0,0,1,0.8173326943450208,True
931,3,0.6253708874200192,0.45454545454545453,1.0285714285714285,2,1,0.7178862244787096,False
932,4,0.7938470224889462,1.0,1.0,1,2,0.9473630096381199,False
933,3,0.8708513249355279,0.7142857142857143,1.0,1,1,1.0,True
934,3,0.5948057992966852,0.375,1.0,1,1,0.7766429616033412,True
935,3,0.5965012415826454,0.375,1.0,1,1,0.7773695797258957,True
936,3,0.8650443393701138,0.7142857142857143,1.0,1,1,1.0,True
938,3,0.9175566355067062,0.7142857142857143,1.0,1,1,1.0,True
939,3,0.8302857703423749,0.5,1.0,1,1,0.9166666666666667,True
941,2,0.7435204407185844,0.8,1.0,1,1,0.9757944745936791,True
942,3,0.6938413976928388,0.3333333333333333,1.0,0,1,0.801725678376296,True
943,3,0.804355654498673,1.0,1.0,1,1,1.0,True
944,2,0.8409023886322275,0.5555555555555556,1.0057142857142858,0,1,0.9398148148148149,True
945,3,0.5921232826734574,0.42857142857142855,1.0294117647058822,0,1,0.7978147401933866,True
946,2,0.841701183079636,1.0,1.0,0,1,1.0,True
947,3,0.6827912985640388,0.5,1.0857142857142856,1,1,0.8664343660512548,True
948,3,0.7743811175760515,0.5714285714285714,1.0,1,1,0.9354490503897364,True
949,2,0.8359963336375438,0.6,1.0,0,1,0.9583333333333333,True
950,4,0.0,0.0,1.1,0,1,0.44999999999999996,False
951,4,0.4412807847968446,0.4,1.1875,0,1,0.641263193484362,True
952,4,0.700054071210566,0.5,1.0,1,1,0.8738326971854806,True
953,2,0.7252593627750635,0.8,1.0,1,1,0.96796829833217,True
954,2,0.7376904621744198,0.6,1.0,1,1,0.9316292456937989,True
955,2,0.3450897922944593,0.4,1.0,0,1,0.6800384824119111,False
956,2,0.8003183186100583,0.0,1.0625,0,1,0.75,False
957,2,0.47035044889786876,0.6666666666666666,1.0,0,1,0.8448327320673406,True
958,3,0.0,0.0,1.1,1,2,0.39999999999999997,False
959,4,0.5918770069171957,0.6,1.0,0,1,0.8691377648692744,True
960,4,0.6393307359751893,0.6,1.0,0,1,0.8894750773227003,True
961,4,0.6238806196995775,0.6,1.0,0,1,0.8828535989188666,True
962,2,0.7678626114739108,0.6666666666666666,1.0,0,1,0.9723379445999301,True
963,4,0.7599542753134774,0.8333333333333334,1.0,2,1,0.8778375465629189,False
964,4,0.13515551201601972,0.125,1.0315186246418337,0,2,0.42548331467353223,False
965,4,0.33991248425850795,0.25,1.25,1,2,0.4053196361107891,False
966,3,0.8964299411687465,1.0,1.0,1,1,1.0,True
967,2,0.9999999999999999,1.0,1.0,0,1,1.0,True
968,2,0.7864304001411356,1.0,1.0,1,1,0.9941844572033438,True
969,4,0.840100378394342,0.5,1.0,2,1,0.8116666666666668,False
970,4,0.9474039374259253,1.0,1.0,1,2,0.9500000000000001,False
971,4,0.7986137287779321,0.5,1.0,2,1,0.8110725504286376,False
972,4,0.6382436183738812,0.5,1.0,0,1,0.8473425031126158,True
973,4,0.6613421953924198,0.5,1.0112359550561798,1,1,0.857241893263418,True
974,4,0.6606487872886417,0.6666666666666666,1.0,0,1,0.9263891628062433,True
975,4,0.44488856773633295,0.2857142857142857,1.0133333333333334,0,1,0.6751903385536665,True
976,2,1.0000000000000004,1.0,1.0023866348448687,1,1,1.0,True
977,3,0.9568378132535379,1.0,1.0020876826722338,2,1,0.895,False
978,2,0.6085521499159138,0.5,1.0,0,1,0.8346175880592013,True
979,4,0.6078547280464818,0.8,1.0256410256410255,1,1,0.9176520263056351,True
980,2,0.8682320988085148,1.0,1.0,0,1,1.0,True
981,4,0.7996460446863402,0.75,1.0,0,1,0.9998483048655744,True
982,2,0.9662737941723015,1.0,1.0,1,1,1.0,True
983,3,0.7284533145278567,0.75,1.0,2,1,0.864337134797653,False
984,2,0.7973028344647116,0.8,1.0133333333333334,2,1,0.893844071913448,False
985,3,0.499844149221509,0.2857142857142857,1.2222222222222223,1,1,0.538742730618742,False
986,3,0.6917685617262496,0.25,1.0142857142857142,0,1,0.7661150978826784,True
987,3,0.3482199750140034,0.16666666666666666,1.0218978102189782,0,1,0.5841577670694935,False
988,4,0.39941228335772844,0.2857142857142857,1.0006901311249137,0,1,0.6557005023914074,False
989,3,0.834972201820949,0.6,1.0,0,1,0.9583333333333333,True
990,4,0.4387830925889405,0.6,1.0,0,1,0.8035260873000221,True
991,3,0.3676183198910819,0.2857142857142857,1.0,0,1,0.6420745180485589,False
993,4,0.8259431794091495,0.625,1.0,1,2,0.9187500000000001,False
994,4,0.3661170402917489,0.16666666666666666,1.0,0,1,0.591827937902813,False
995,4,0.6440634523279545,0.6666666666666666,1.0,0,2,0.869281162108806,False
996,4,0.7658128348312395,0.5,1.2,1,1,0.8220150244514837,True
997,3,0.36633321120192336,0.25,1.0,0,1,0.6266428048008242,False
998,4,0.3732692530439674,0.2,1.0,0,1,0.6087820608283669,False
999,2,0.2954963835440994,0.0,1.0,0,1,0.5337841643760426,False
1000,2,0.8768417561825289,1.0,1.1333333333333333,0,2,0.8700000000000001,False
1001,3,0.44230166237282165,0.25,1.0,0,1,0.659200712445495,True
1002,2,0.5693267347859722,0.4,1.0,0,2,0.7261400291939882,False
1003,2,0.6907859229670563,0.3333333333333333,1.0,0,1,0.8004161892081035,True
1004,3,0.797220890118746,1.0,1.0666666666666667,0,2,0.948808952908034,False
1006,3,0.8150722946136741,1.0,1.0,0,2,0.9500000000000001,False
1007,3,0.8449879273966986,0.6666666666666666,1.0294117647058822,1,1,0.9861111111111112,True
1008,4,0.6283910955220628,0.4,1.4,1,1,0.6414533266523127,False
1009,3,0.8954188656799451,1.0,1.015625,1,1,1.0,True
1010,2,0.45793087299943386,0.75,1.0,0,1,0.8533989455711859,True
1011,2,0.7485246962832709,0.6,1.0,1,1,0.9362724888833065,True
1012,2,0.8068536665728858,0.6666666666666666,1.0,0,1,0.9861111111111112,True
1013,4,0.5654187315553378,0.3333333333333333,1.0,1,1,0.7466873928887956,True
1014,4,0.3671445358622789,0.25,1.25,0,1,0.46699051536954816,False
1015,4,0.8312454736068315,0.8333333333333334,1.0,1,1,1.0,True
1016,2,0.8198801821770769,0.5,1.0294117647058822,2,1,0.8116666666666668,False
1017,4,0.8256543776613704,0.8,1.0,1,1,1.0,True
1018,4,0.6871386879729395,0.6,1.0,2,1,0.8049641996074504,False
1019,2,0.8840803926293419,0.8,1.0,1,1,1.0,True
1020,4,0.8779414689650544,0.6666666666666666,1.0,1,1,0.9861111111111112,True
1021,4,0.6728327117866918,0.3333333333333333,1.0,0,1,0.7927219558450902,True
1022,2,0.8466330194477493,0.6666666666666666,1.0,2,1,0.8811111111111112,False
1023,2,0.8434774521720926,0.7142857142857143,1.0,2,1,0.895,False
1024,3,0.7441577616041793,0.5714285714285714,1.0,0,1,0.9224961835446484,True
1025,3,0.739463439076121,0.8,1.0,1,1,0.9740557596040518,True
1026,4,0.957159444092989,1.0,1.0,0,1,1.0,True
1027,3,0.2290488766063126,0.2,1.0,2,1,0.44197332806937206,False
1028,4,0.31417009280240304,0.4,1.0,0,1,0.6667871826296013,False
1029,4,0.36924674946011643,0.4,1.3333333333333333,0,1,0.5303914640543357,False
1030,3,0.678609352755342,0.75,1.0,0,1,0.9479754368951465,True
1031,3,0.5533571752286145,0.6666666666666666,1.0,0,1,0.880407043351946,True
1032,4,0.6386455096874193,0.5,1.0,2,1,0.7425147422469893,False
1033,4,0.6994180233617212,0.5,1.0,2,1,0.7685601052502615,False
1034,4,0.7412782863527403,0.8,1.0012463647694225,0,2,0.9248335512940317,False
1035,2,0.815995998872356,1.0,1.0,0,1,1.0,True
1036,3,0.7810509944950026,1.0,1.0160427807486632,1,1,0.9918789976407154,True
1037,2,0.8449797627690547,1.0,1.0,0,1,1.0,True
1038,4,0.6690538733373234,0.6,1.0,2,1,0.7972135647636148,False
1039,3,0.3437816590158891,0.2,1.0,2,1,0.4911445205306192,False
1040,4,0.7129769763625283,0.5,1.0,2,1,0.7743710851077503,False
1041,3,0.2872120465439694,0.2,1.0,1,1,0.5719004008997964,False
1042,2,0.9028043942423363,0.75,1.0,1,1,1.0,True
1043,2,0.8941722538759506,0.75,1.0,1,1,1.0,True
1044,2,0.8792540822160038,0.75,1.0,1,1,1.0,True
1045,2,0.8781908802659334,0.75,1.0,1,1,1.0,True
1046,2,0.8052444077146524,1.0,1.0,0,1,1.0,True
1047,2,0.8394218616049818,0.75,1.0,1,1,1.0,True
1048,2,0.8849525185891921,0.75,1.0,1,1,1.0,True
1049,3,0.22631387224853813,0.14285714285714285,1.0,2,1,0.41699165953508777,False
1050,4,0.9281675460486635,1.0,1.0240963855421688,1,1,1.0,True
1051,2,0.6581654716859449,1.0,1.0142857142857142,0,1,0.9392137735796906,True
1052,4,0.9644863495229133,1.0,1.0,1,1,1.0,True
1053,2,0.37645764084869154,1.0,1.04,0,1,0.8184818460780107,False
1054,4,0.699997425654939,0.6,1.0,0,1,0.91547508718545,True
1055,3,0.7403780801984784,0.5,1.0,2,1,0.7861144153231574,False
1056,2,0.831336049172024,0.75,1.0,0,1,1.0,True
1057,2,0.8633212259124193,0.8571428571428571,1.0240963855421688,1,1,1.0,True
1058,2,0.8859311961728356,1.0,1.0101010101010102,1,1,1.0,True
1059,3,0.708534546004841,0.75,1.0256410256410255,0,1,0.9608005197163605,True
1060,3,0.5717547739409485,0.5,1.0,0,1,0.8188472840699303,True
1061,2,0.925311666467185,0.8571428571428571,1.0,0,1,1.0,True
1062,3,0.8615362718914652,0.7142857142857143,1.0149253731343284,1,1,1.0,True
1063,3,0.32708412072724397,0.4444444444444444,1.0476190476190477,0,1,0.6908402845444802,False
1064,3,0.5271178888898569,0.5,1.0,1,1,0.7997171904766054,True
1065,2,0.14445982670133767,0.3333333333333333,1.0,0,1,0.5662764336656526,False
1066,4,0.7761823051102519,0.75,1.0,1,1,0.9897924164758223,True
1067,4,0.9411242818459418,1.0,1.0,1,1,1.0,True
1068,3,0.37281874363304335,0.4,1.0185185185185186,0,1,0.6919223186998757,False
1069,2,0.5908371160126553,0.4444444444444444,1.0,1,1,0.8038772825239422,True
1070,2,0.9381924965227607,1.0,1.0,0,1,1.0,True
1071,4,0.9290280602830314,1.0,1.0,1,1,1.0,True
1072,4,0.8919396271610709,1.0,1.0588235294117647,1,1,1.0,True
1073,2,0.809335353109553,0.75,1.0,0,1,1.0,True
1074,4,0.9555403345998027,1.0,1.0294117647058822,1,1,1.0,True
1075,3,0.7702075163710194,1.0,1.004,0,1,0.9872317927304368,True
1076,3,0.906759762505203,1.0,1.000322684737012,1,1,1.0,True
1077,4,0.4893649319311215,0.5,1.0,1,1,0.7835373517800045,True
1078,3,0.7327264019021511,0.8,1.0,0,1,0.9711684579580648,True
1079,4,0.19838165465029273,0.16666666666666666,1.0,1,1,0.5199413440564746,False
1080,2,0.9703042966775022,1.0,1.0,1,1,1.0,True
1081,2,0.7562881928097552,0.6666666666666666,1.002857142857143,2,1,0.8623774794581491,False
1082,3,0.8267363285191812,0.75,1.0,0,1,1.0,True
1083,3,0.9218036721874153,1.0,1.0,0,1,1.0,True
1084,3,0.5629200616262238,0.7142857142857143,1.0216346153846154,1,2,0.8483943121255245,False
1085,2,0.3154290956576155,0.6666666666666666,1.0,0,1,0.7784378663929463,False
1086,2,0.6922448473810552,0.5,1.0,0,1,0.8704858869728331,True
1087,3,0.8422251216035719,0.8,1.0,1,1,1.0,True
1088,3,0.968320501847411,1.0,1.0,1,1,1.0,True
1090,4,0.7148415332106035,0.5,1.0,1,1,0.8801701808997825,True
1091,4,0.6461480969122614,0.5,1.1,0,1,0.8507301367719216,True
1092,3,0.4038855220838761,0.25,1.0,0,1,0.6427366523216612,True
1093,4,0.9694028555369054,1.0,1.0,1,1,1.0,True
1095,2,0.7941317634611323,0.8,1.0,0,1,0.9974850414833425,True
1096,2,0.4650738470251177,0.75,1.0,0,1,0.8564602201536219,True
1097,4,0.6909553730517884,0.6,1.0,0,1,0.9115999217840998,True
1098,2,0.9763204050652904,1.0,1.0,1,1,1.0,True
1099,2,1.0000000000000002,1.0,1.0,1,1,1.0,True
1100,4,0.6418628955299425,0.3333333333333333,1.1013215859030836,0,1,0.6994491774493404,True
1101,3,0.6919314470811649,0.6,1.0,0,1,0.9120182392252612,True
1102,2,0.8678281171240971,0.7142857142857143,1.008888888888889,1,1,1.0,True
1103,4,0.5078005278367151,0.375,1.0,2,1,0.634354988120497,False
1104,2,0.7818608451144691,0.6666666666666666,1.1013215859030836,0,1,0.8983371875887407,True
1105,2,0.8920928677202359,1.0,1.0,0,1,1.0,True
1106,4,0.4967177771462862,0.5,1.0,0,1,0.7866885711579321,True
1107,3,0.5855926283879489,0.5,1.0,0,1,0.8247777931186449,True
1108,3,0.8370309076922289,0.8,1.0,1,1,1.0,True
1109,4,0.5065476079723904,0.5,1.0,0,1,0.7909013557976912,True
1110,2,0.6795533907643337,0.5555555555555556,1.0,1,1,0.8881948394281007,True
1111,4,0.5543407097674996,0.3333333333333333,1.0,1,1,0.7419396692654363,True
1112,2,0.8705706453063936,0.8,1.0,1,1,1.0,True
1113,3,0.3776436574284907,0.2222222222222222,1.0,0,1,0.6199160648238505,False
1114,2,0.7374516159857172,0.75,1.0,0,1,0.9731935497081645,True
1115,3,0.7321013573778758,0.7142857142857143,1.0,2,1,0.8659005817333754,False
1116,3,0.808891004041007,0.8,1.008888888888889,2,1,0.895,False
1117,2,0.9999999999999999,1.0,1.0,1,1,1.0,True
1118,3,0.6135765740379316,0.5,1.0,1,1,0.836770912682923,True
1119,2,0.9155941588236061,0.6666666666666666,1.0,0,1,0.9861111111111112,True
1120,2,0.7584292346287913,0.6,1.0,1,1,0.9405172910313868,True
1121,2,0.7794670699694956,0.6,1.0,2,1,0.8445335061774029,False
1122,3,0.9587058155656522,1.0,1.0,0,1,1.0,True
1123,4,0.8525710824468635,1.0,1.0091743119266054,2,1,0.895,False
1124,4,0.3851530033575191,0.2857142857142857,1.0344444444444443,2,1,0.5445893823913177,False
1125,2,0.616566818389541,0.4,1.1428571428571428,0,1,0.7163857793098033,True
1126,3,0.640116489066233,0.7142857142857143,1.0,2,1,0.8264784953140999,False
1127,2,0.9462190524121389,1.0,1.0,0,1,1.0,True
1128,3,0.3784313487481094,0.3333333333333333,1.0,2,1,0.5615499431142691,False
1129,2,0.8666167000196859,1.0,1.0,0,1,1.0,True
1130,4,0.6648843932319325,0.6,1.0,2,1,0.7954266447184473,False
1131,4,0.24498345864252447,0.2857142857142857,1.24,2,1,0.32451672037060575,False
1132,2,0.9943221474112754,1.0,1.0,0,1,1.0,True
1133,2,0.9148328704350622,1.0,1.0,2,1,0.895,False
1135,3,0.46135333828431,0.4,1.0,0,2,0.6798657164075615,False
1136,4,0.6085015910527256,0.6,1.0,0,2,0.8262625866416444,False
1137,4,0.6847051341046702,0.75,1.0,0,2,0.9005879146162873,False
1138,2,0.8714733641417665,0.75,1.0,1,2,0.9500000000000001,False
1139,4,0.7508770329839033,0.6666666666666666,1.0,1,2,0.9150584109613554,False
1140,4,0.9451472576260889,1.0,1.0,1,3,0.9500000000000001,False
1141,4,0.9198895516217607,0.8,1.1428571428571428,1,3,0.8700000000000001,False
1142,4,0.9603231554570463,1.0,1.0,1,3,0.9500000000000001,False
1143,3,0.9576241486963455,1.0,1.0,1,3,0.9500000000000001,False
1144,2,0.696401962899528,0.6666666666666666,1.0,0,1,0.941711952353766,True
1145,3,0.5962233706070375,0.6,1.0,0,2,0.8210004921649209,False
1146,3,0.8157101356934897,1.0,1.0,0,2,0.9500000000000001,False
1147,3,0.9213091740347126,1.0,1.0,1,2,0.9500000000000001,False
1149,4,0.9575013222949132,1.0,1.0,1,3,0.9500000000000001,False
1150,4,0.710686747550933,0.5,1.0,1,2,0.8283895584742095,False
1151,3,0.8318465166876954,0.6666666666666666,1.1111111111111112,1,3,0.8561111111111112,False
1152,2,0.9762559533440102,1.0,1.0,0,2,0.9500000000000001,False
1153,4,0.4188041891249456,0.4,1.0,0,3,0.6616303667678339,False
1154,2,0.7609778445658391,0.8,1.0,0,1,0.9832762190996454,True
1155,4,0.753654924283127,0.6,1.0,0,2,0.8884711580261021,False
1156,2,0.9194433910200066,1.0,1.0285714285714285,0,1,1.0,True
1157,4,0.5499157877114244,0.4,1.1029411764705883,0,1,0.6878210518763248,True
1158,2,0.9529427269134214,1.0,1.0,0,1,1.0,True
1159,3,0.7704401839455058,0.75,1.0461538461538462,0,1,0.9873315074052167,True
1160,4,0.7369838949946758,0.5,1.008888888888889,0,1,0.8896597645215278,True
1161,2,0.8735825152767235,0.75,1.0,1,1,1.0,True
1162,3,0.9739984829735571,1.0,1.0,1,1,1.0,True
1163,4,0.5490164454061665,0.16666666666666666,1.0,1,1,0.6702133972375635,False
1164,4,0.7458519043223918,0.75,1.0,0,1,0.976793673281025,True
1165,4,0.3752056393644121,0.3,1.0,2,1,0.5462786073466528,False
1166,4,0.9889845195202468,1.0,1.0570824524312896,1,1,1.0,True
1167,3,0.36542875860951424,0.5714285714285714,1.0,2,1,0.6551837536897918,False
1168,4,0.5050824890813819,0.3,1.0,0,1,0.7069401143682112,True
1169,2,0.8302108842341406,0.8333333333333334,1.0,0,1,1.0,True
1170,3,0.4553321911695498,0.4,1.0,1,1,0.7272852247869499,True
1171,4,0.303301235099438,0.2857142857142857,1.0,0,1,0.6145100531378543,False
1172,4,0.3605152642403543,0.4444444444444444,1.0199916001679965,2,2,0.5501679174786704,False
1173,2,0.7595362353318257,1.0,1.0119166666666666,2,1,0.8776583865707825,False
1174,4,0.5824299663050629,0.5,1.0101111111111112,1,1,0.8234223665116938,True
1175,2,0.9699913761497089,1.0,1.0,1,1,1.0,True
1176,4,0.6874781768615239,0.5555555555555556,1.0133423408208073,1,1,0.8915911763268964,True
1177,4,0.36997157934986136,0.25,1.145137420718816,0,1,0.5482021054356548,False
1178,3,0.7994231513785741,0.75,1.0,1,1,0.999752779162246,True
1179,3,0.6581430597347485,0.7142857142857143,1.0,2,1,0.8342041684577495,False
1180,3,0.8512526737308976,0.875,1.0,0,1,1.0,True
1181,4,0.6749650959428474,0.625,1.0199916001679965,2,1,0.8101636125469347,False
1182,4,0.6250200391129463,0.625,1.0199916001679965,2,1,0.7887585881912629,False
1183,4,0.27394886652434786,0.3333333333333333,1.0199916001679965,2,1,0.5167717364469427,False
1184,4,0.3962218246630681,0.3333333333333333,1.0570824524312896,0,1,0.6741744327921085,False
1185,2,0.969554007828297,1.0,1.0,1,1,1.0,True
1186,4,0.2657142674025557,0.42857142857142855,1.0,2,1,0.5529251622201429,False
1187,2,0.6172518676985949,0.5,1.0,1,1,0.838346038537493,True
1188,2,0.9774602483544513,1.0,1.0,1,1,1.0,True
1189,4,0.7955817485848697,1.0,1.0,1,1,0.9981064636792298,True
1190,2,0.8300969527041562,0.7777777777777778,1.0,1,1,1.0,True
1191,2,0.8240349025570921,1.0,1.0,1,1,1.0,True
1192,3,0.9849475720794936,1.0,1.0,1,1,1.0,True
1194,3,0.4292987492462974,0.42857142857142855,1.0,2,1,0.6230327972960322,False
1195,3,0.5953469209360812,0.5,1.0,1,1,0.8289582042107015,True
1196,4,0.9743637597155173,1.0,1.0,1,1,1.0,True
1197,3,0.7044385353935708,0.6666666666666666,1.0,1,1,0.9451561977083558,True
1199,2,0.936742667436417,0.75,1.0,1,1,1.0,True
1200,4,0.4823721572567909,0.4,1.0570824524312896,0,1,0.7388737816814818,True
1201,4,0.6321420859605213,0.3333333333333333,1.0,1,1,0.7752831162053029,True
1202,4,0.6124545977002146,0.5,1.0,1,1,0.8362900656810444,True
1203,4,0.7700108443126281,1.0,1.0,2,1,0.8821475047054121,False
1204,4,0.7849227571774257,1.0,1.0,0,1,0.993538324504611,True
1205,3,0.7842409790148791,1.0,1.0,0,1,0.9932461338635197,True
1206,4,0.8124520867886543,1.0,1.0,2,1,0.895,False
1208,4,0.5872110840348459,0.6,1.034851851851852,1,1,0.8671380836339816,True
1209,3,0.8765048205530326,1.0,1.0,1,1,1.0,True
1210,2,0.9033976001549235,1.0,1.0,1,1,1.0,True
1211,2,0.7615090236027935,0.5,1.0,1,1,0.9001705339250068,True
1212,3,0.3513951343761129,0.18181818181818182,1.0,1,1,0.591831680966386,False
1213,2,0.9226804113035568,1.0,1.0,1,1,1.0,True
1214,3,0.8150010555932253,0.75,1.0151515151515151,0,1,1.0,True
1215,2,0.7469303455880393,0.6666666666666666,1.0101010101010102,0,2,0.9133669735059852,False
1216,2,0.844377403687525,0.7142857142857143,1.0,1,1,1.0,True
1217,3,0.6677864727900792,0.7142857142857143,1.0119166666666666,1,1,0.9433370597671769,True
1218,3,0.39310516849924776,0.6666666666666666,1.0,2,1,0.706727611896503,False
1219,3,0.9574843604784998,1.0,1.0,1,1,1.0,True
1220,3,0.9535323047856905,1.0,1.0,1,1,1.0,True
1221,2,0.9762031707115959,1.0,1.0,1,1,1.0,True
1222,4,0.6338045050763877,0.375,1.0,1,1,0.7933566926517852,True
1223,3,0.7420920029230349,0.6,1.0,1,1,0.9335156203003483,True
1224,2,0.9545067116038481,1.0,1.0101010101010102,0,2,0.9500000000000001,False
1225,3,0.6200176384984526,0.5714285714285714,1.0101010101010102,1,2,0.8192932736421941,False
1226,3,0.8240515667083336,0.6666666666666666,1.0,1,1,0.9861111111111112,True
1227,3,0.6438448381358451,0.5,1.0,1,1,0.8497430258677432,True
1228,3,0.6841830523896172,0.5714285714285714,1.0,1,1,0.8967927367384074,True
1229,4,0.21000557218186805,0.3333333333333333,1.0,2,1,0.48936746744302284,False
1230,4,0.5170918281543734,0.5,1.0,2,1,0.6904203073042553,False
1231,4,0.6294539058615455,0.4444444444444444,1.0227458681066928,1,1,0.8204273353163238,True
1232,3,0.6701617740950212,0.5714285714285714,1.0,1,1,0.8907836174692949,True
1233,4,0.8218980628871014,0.75,1.0,0,2,0.9500000000000001,False
1234,2,0.9752853294304128,0.8333333333333334,1.0,1,1,1.0,True
1235,3,0.7496551521013548,0.6,1.0,0,2,0.8867569699481997,False
1236,3,0.7938823661466429,0.75,1.0120371080272943,0,2,0.9473781569199898,False
1237,3,0.8244286256960237,0.6,1.0,1,1,0.9583333333333333,True
1238,2,0.85965772404478,0.8333333333333334,1.0,0,1,1.0,True
1239,2,0.9434690897334103,1.0,1.0,0,2,0.9500000000000001,False
1240,3,0.8665571090280012,0.7142857142857143,1.0,1,1,1.0,True
1241,4,0.6686496337305304,0.2,1.0,0,2,0.6853736525511798,False
1242,3,0.8458100307464654,0.75,1.0211267605633803,0,2,0.9500000000000001,False
1243,2,0.8499042975277235,0.7142857142857143,1.0,1,1,1.0,True
1244,4,0.7525092487528997,0.6,1.0,2,1,0.8329801542274333,False
1245,4,0.47560349887193354,0.1111111111111111,1.0,2,2,0.46060255771760117,False
1246,4,0.5513931929924274,0.5,1.0,1,1,0.81012089223485,True
1247,4,0.21418768368500773,0.1111111111111111,1.0,0,1,0.5035672083517758,False
1248,3,0.9641278499457037,1.0,1.0,1,1,1.0,True
1249,4,0.7431025077902357,0.75,1.0272727272727273,1,1,0.9756153604815296,True
1250,4,0.6213842494170638,0.5,1.0,1,1,0.8401170592739797,True
1252,3,0.7706016383507159,0.8,1.0,1,1,0.9874007021503068,True
1253,3,0.3686307334526637,0.25,1.0,1,1,0.6276274571939987,False
1254,4,0.7339218466886047,0.75,1.0272727272727273,1,1,0.9716807914379735,True
1255,4,0.3102431420198448,0.2,1.0,0,1,0.5817708703894573,False
1256,4,0.10490883294850992,0.14285714285714285,1.1764705882352942,0,1,0.3899609284065042,False
1257,3,0.7477317838284097,0.8333333333333334,1.0,1,1,0.9775993359264612,True
1258,2,0.5594670788589793,0.3333333333333333,1.25,0,1,0.5841366845903563,False
1259,3,0.9388129051979673,1.0,1.0,1,1,1.0,True
1260,3,0.7656226574143832,0.8,1.0,1,1,0.9852668531775928,True
1261,2,0.6968614771582771,0.6,1.0,0,1,0.9141311092583093,True
1262,2,0.8937298756918066,0.75,1.0,1,1,1.0,True
1264,3,0.7238507631984274,0.75,1.0,0,1,0.9673646127993261,True
1265,2,0.7564830762064512,0.75,1.0,0,1,0.9813498898027648,True
1266,4,0.440771910000809,0.5,1.0,0,1,0.7627117709527277,True
1267,4,0.5161591040213673,0.6,1.0,1,1,0.8366872350567764,True
1268,4,0.3922152348593443,0.4,1.0,0,1,0.7002351006540047,False
1269,4,0.8046135643642994,1.0,1.0,1,1,1.0,True
1270,4,0.8574692712771443,0.75,1.0,0,1,1.0,True
1271,3,0.9697474906255431,1.0,1.0,1,1,1.0,True
1272,3,0.8945794416206566,0.8,1.0,1,1,1.0,True
1273,2,0.6861158763553757,0.8333333333333334,1.0,1,1,0.9511925184380181,True
1274,3,0.43670697319837226,0.375,1.0,1,1,0.7088863218469215,True
1276,2,0.5797559799547104,0.3333333333333333,1.0,2,1,0.6478319279170981,False
1277,2,0.8083975861243833,0.75,1.0,1,1,1.0,True
1278,4,0.6371367502453146,0.5,1.0,1,1,0.8468681310575159,True
1279,3,0.7488137435653215,0.5,1.0,0,1,0.894729699623233,True
1280,4,0.4245017452961212,0.375,1.0,1,1,0.7036555098888139,True
1281,2,0.7019913231629903,0.5,1.0,0,1,0.874662948022234,True
1282,4,0.8845931603818779,0.6666666666666666,1.0,1,1,0.9861111111111112,True
1283,2,0.832010006522583,0.8571428571428571,1.0,0,1,1.0,True
1284,4,0.47490205991976503,0.42857142857142855,1.0,0,1,0.7475770732989468,True
1285,3,0.5971758235006304,0.4,1.0,0,1,0.7880753529288416,True
1286,4,0.6780407641515095,0.3333333333333333,1.0,1,1,0.7949539782871549,True
1287,4,0.6404901734134121,0.42857142857142855,1.0026954177897573,1,1,0.8185434076533671,True
1288,2,0.7739803218497935,0.5,1.0,1,1,0.9055153760308638,True
1289,4,0.38028520417974265,0.2222222222222222,1.0,0,1,0.6210481562886728,False
1290,4,0.6708325157491359,0.6666666666666666,1.0,1,1,0.9307536178607407,True
1291,4,0.533287429581633,0.2857142857142857,1.0,2,1,0.6080755650587951,False
1292,4,0.7154533942592621,0.7142857142857143,1.0,1,1,0.9637657403968267,True
1293,4,0.44393544456583833,0.375,1.0,1,1,0.7119842381472641,True
1294,4,0.7613871071613368,0.5,1.0,2,1,0.7951182840215254,False
1295,4,0.5742705624058358,0.25,1.0,2,1,0.6107588124596439,False
1296,4,0.5736889216266717,0.25,1.0,2,1,0.6105095378400022,False
1297,2,0.9494820363247446,1.0,1.0,1,1,1.0,True
1298,4,0.5043499545198239,0.25,1.0,2,1,0.5807928376513531,False
1299,4,0.4391799865233418,0.125,1.0,2,1,0.5007795180338132,False
1300,4,0.8090209932969731,0.6666666666666666,1.0,2,1,0.8811111111111112,False
1301,4,0.5893576830902149,0.5,1.0,1,1,0.8263913879910445,True
1302,4,0.5120861578131467,0.2857142857142857,1.0,2,1,0.5989893057294439,False
1303,3,0.6731693903541439,0.2857142857142857,1.0,2,1,0.6680249768184428,False
1304,2,0.8115155653567743,0.8,1.0,1,1,1.0,True
1305,3,0.5334899526738748,0.2857142857142857,1.0,2,1,0.6081623606697558,False
1306,4,0.43708777602612575,0.42857142857142855,1.0,1,1,0.7313709516302443,True
1307,4,0.45356680478017103,0.625,1.0,2,1,0.7152786306200734,False
1308,2,0.8744898593788172,0.7142857142857143,1.0,1,1,1.0,True
1309,4,0.28412270607065937,0.14285714285714285,1.1363636363636365,0,1,0.4667668740302825,False
1310,4,0.4457877941135814,0.2857142857142857,1.25,0,2,0.465575721286773,False
1311,4,0.4525490819878552,0.5,1.0,1,1,0.7677591303757474,True
1312,4,0.41130879075879845,0.3333333333333333,1.0,1,1,0.6806402754045644,True
1313,2,0.80933291199692,0.7142857142857143,1.0,1,1,1.0,True
1314,4,0.32162452484792997,0.4,1.0,0,1,0.6699819392205414,False
1315,4,0.8456395688871797,0.5714285714285714,1.0,2,1,0.8414285714285714,False
1316,4,0.5118153139684332,0.2857142857142857,1.0,2,1,0.5988732297959951,False
1317,3,0.45615002286761847,0.375,1.0,1,1,0.7172190574194555,True
1318,3,0.46656989463429815,0.14285714285714285,1.0,2,1,0.519958526271842,False
1320,3,0.8440423856387493,0.7142857142857143,1.0,2,1,0.895,False
1321,4,0.6817039778385507,0.5555555555555556,1.0,1,1,0.8891165196027653,True
1322,2,0.8054980280119369,0.8571428571428571,1.0,1,1,1.0,True
1323,2,0.6190067777554281,0.5,1.0,0,1,0.8390981428475646,True
1324,4,0.5720115740259017,0.16666666666666666,1.0,2,1,0.5750684523603071,False
1325,3,0.47329123593653394,0.25,1.0,0,1,0.6724819582585145,True
1326,2,0.8274406529175188,0.6666666666666666,1.0,1,1,0.9861111111111112,True
1327,3,0.7377458990102652,0.625,1.0,1,1,0.9420696710043994,True
1328,2,0.9434151994606461,0.8888888888888888,1.0,1,1,1.0,True
1329,3,0.6020347770537806,0.2,1.0,0,1,0.7068244282611441,False
1330,4,0.8155078841827682,0.6666666666666666,1.0178571428571428,0,1,0.9861111111111112,True
1331,4,0.6844802667639752,0.3333333333333333,1.0,0,1,0.7977137651210687,True
1332,3,0.9710568108537808,1.0,1.0,0,2,0.9500000000000001,False
1333,3,0.6879035809766353,0.5,1.0,0,2,0.8186253442280819,False
1334,2,1.0000000000000002,1.0,1.0,0,2,0.9500000000000001,False
1335,4,0.2794237018586553,0.2,1.0,0,1,0.5685625388918046,False
1336,2,0.9556629121408164,0.8,1.0,1,1,1.0,True
1337,4,0.5665664342945372,0.16666666666666666,1.0,0,1,0.6777348210468652,False
1338,4,0.29780401173041954,0.25,1.0,0,1,0.5972731478844655,False
1339,4,0.3102274469714379,0.16666666666666666,1.0,0,2,0.5178752550512512,False
1340,4,0.2700616400824818,0.13333333333333333,1.0,0,3,0.48677244892423827,False
1341,3,0.337977267745041,0.25,1.0,0,1,0.6144902576050175,False
1342,4,0.3733456859865459,0.2,1.0,0,1,0.6088148178037578,False
1343,4,0.3559821837189616,0.3333333333333333,1.0,0,1,0.6569288723874915,False
1344,3,0.5234967979006873,0.25,1.0,2,1,0.5889986276717232,False
1345,3,0.4453194267393041,0.4,1.0,0,1,0.7229940400311303,True
1346,4,0.7830730336606999,0.5555555555555556,1.0,1,1,0.9325604006694006,True
1347,2,0.6647319461011909,0.3333333333333333,1.0,0,1,0.7892501991227326,True
1348,4,0.29945461847119575,0.0,1.25,0,1,0.3754805507733696,False
1349,4,0.44796609113251534,0.375,1.0,1,1,0.7137116581044113,True
1350,4,0.4228441305417283,0.2222222222222222,1.0,1,1,0.6392876961580952,False
1351,4,0.6508484181057498,0.5,1.0,0,1,0.8527445601405594,True
1352,4,0.44436385749750446,0.3333333333333333,1.0,1,1,0.6948067325782955,True
1353,4,0.5340711415951216,0.5,1.0,0,1,0.8026971559217189,True
1354,4,0.7475932965115097,0.4444444444444444,1.0,1,1,0.8710585027377371,True
1355,2,0.8133633389666817,0.8,1.0,0,1,1.0,True
1356,4,0.6740599033341287,0.4,1.1,0,1,0.8210256728574838,True
1357,4,0.8700916622698728,0.8333333333333334,1.0178571428571428,0,1,1.0,True
1358,4,0.5538192947330635,0.5,1.0,0,1,0.8111606501236939,True
1359,4,0.9262583411514109,1.0,1.0178571428571428,0,1,1.0,True
1360,4,0.9061428130556992,0.6666666666666666,1.0,1,1,0.9861111111111112,True
1361,4,0.5886033798118451,0.25,1.0,0,1,0.7219014484907907,True
1362,3,0.638471548863545,0.3333333333333333,1.25,1,2,0.5679957431637416,False
1363,2,1.0000000000000009,1.0,1.0,1,2,0.9500000000000001,False
1364,4,0.6205507601200853,0.2,1.0,0,1,0.7147598495752746,False
1365,4,0.7819329999587942,0.5,1.25,1,2,0.6989236666490072,False
1366,4,0.7908943672662958,0.3333333333333333,1.0,0,1,0.8433198081934918,True
1367,4,0.29044650585512705,0.2,1.0,0,2,0.5232865977474355,False
1368,3,0.8341699492473107,1.0,1.0,0,2,0.9500000000000001,False
1369,2,0.7360136894790157,0.4,1.0,0,1,0.8475772954910068,True
1371,2,0.1305460889887171,0.0,1.0,0,1,0.46309118099516444,False
1372,3,0.3547669373199293,0.16666666666666666,1.0,0,1,0.5869636080577475,False
1373,2,0.9999999999999996,1.0,1.0,1,2,0.9500000000000001,False
1374,2,0.39085719359289683,0.4,1.0,0,1,0.6996530829683844,False
1375,2,0.8543581671545021,1.0,1.0240963855421688,1,1,1.0,True
1376,2,0.687585922906092,0.75,1.0666666666666667,0,1,0.9518225383883252,True
1377,3,0.8228674084477344,0.5714285714285714,1.0,0,1,0.9464285714285714,True
1378,4,0.32830808235185477,0.25,1.0327272727272727,1,1,0.6103463210079377,False
1379,4,0.89590639582814,0.5,1.0,1,1,0.9166666666666667,True
1380,4,0.9202741297025636,0.75,1.0,0,1,1.0,True
1381,2,0.7071186942802462,0.6666666666666666,1.0051948051948052,1,2,0.8963048372312167,False
1382,3,0.89964422491614,0.6666666666666666,1.0,1,1,0.9861111111111112,True
1383,4,0.412220500180327,0.2857142857142857,1.0466666666666666,1,1,0.661189738172521,True
1384,3,0.7154704491197054,0.5,1.0,1,1,0.8804397162893975,True
1385,3,0.6331602148897935,0.42857142857142855,1.0,1,1,0.8154019968575306,True
1386,3,0.5501674933720085,0.3333333333333333,1.0135135135135136,0,1,0.740151147953083,True
1387,4,0.24723199205586235,0.25,1.0666666666666667,0,2,0.5255994251667983,False
1388,4,0.7064369351924311,0.3333333333333333,1.0,0,1,0.8071237658761212,True
1389,3,0.6698181979570693,0.3333333333333333,1.0185185185185186,1,1,0.7914300213466805,True
1390,3,0.8490511313082653,0.5,1.0179640718562875,0,1,0.9166666666666667,True
1391,3,0.5685952785448072,0.3333333333333333,1.0,2,1,0.6430487701699967,False
1392,3,0.9698751127949407,1.0,1.0,1,1,1.0,True
1393,2,0.9696736372734013,1.0,1.0,1,1,1.0,True
1394,4,0.5891544725844797,0.5,1.1666666666666667,0,2,0.6963042977743009,False
1395,4,0.3578425332434998,0.25,1.0389610389610389,1,2,0.5730039428186429,False
1396,3,1.0000000000000004,1.0,1.0,1,1,1.0,True
1397,4,0.2606114960486545,0.2,1.2,0,1,0.4805001649732329,False
1398,4,0.789217559886042,0.5,1.0,1,1,0.9120456209035419,True
1399,4,0.917539262983701,0.8,1.0,1,1,1.0,True
1400,2,0.7570131937194501,0.5714285714285714,1.0141176470588236,1,1,0.928005654451193,True
1401,4,0.15281705142111385,0.0,1.0,0,1,0.47263587918047734,False
1402,4,0.8806504341650006,1.0,1.0035211267605635,1,1,1.0,True
1403,4,0.7604640913653422,0.3333333333333333,1.0,2,1,0.7252782613787975,False
1404,4,0.6723103709841367,0.6666666666666666,1.0,0,1,0.9313869843900269,True
1405,4,0.8089693380665856,0.3333333333333333,1.0,1,1,0.8472222222222222,True
1406,4,0.9168369909273799,1.0,1.0,0,1,1.0,True
1407,4,0.21952109496361508,0.0,1.0,0,1,0.5012233264129778,False
1408,3,0.687967989825659,0.375,1.0,1,1,0.8165696146871873,True
1409,3,0.8030753429378199,0.5,1.0825,1,1,0.9166666666666667,True
1410,2,1.0000000000000004,1.0,1.0,0,1,1.0,True
1411,4,0.7322977780482243,0.6666666666666666,1.0555555555555556,0,1,0.9570958731317787,True
1412,4,0.5213946127910105,0.5,1.0,1,1,0.797264357862814,True
1413,2,0.9531251098837644,1.0,1.037037037037037,1,1,1.0,True
1414,4,0.823304593894116,0.5,1.0,1,1,0.9166666666666667,True
1415,4,0.5348925070652852,0.25,1.0,0,1,0.6988825030279794,True
1416,3,0.8413335031856949,1.0,1.0021097046413503,1,1,1.0,True
1417,4,0.18875881058825605,0.0,1.0588235294117647,2,1,0.3830394902521097,False
1418,4,0.6814988708070494,0.5714285714285714,1.0,2,1,0.7906423732030212,False
1419,3,0.4974571356279572,0.1111111111111111,1.0,2,1,0.5199684020416113,False
1420,3,0.8835662378874489,1.0,1.0178571428571428,1,1,1.0,True
1421,4,0.7165230368975584,0.5,1.0150375939849625,2,1,0.7758908253370489,False
1422,4,0.5811140965981691,0.375,1.0,1,1,0.770775089018263,True
1423,4,0.7359579214990993,0.5714285714285714,1.0,1,1,0.9189819663567569,True
1424,3,0.7639361830644859,0.6666666666666666,1.0,1,2,0.9206551895673195,False
1425,2,0.9476798269120899,1.0,1.0,1,1,1.0,True
1426,4,0.7153107893287938,0.5,1.0305343511450382,2,1,0.7753712906647212,False
1427,3,0.9279901619375226,1.0,1.0035211267605635,1,1,1.0,True
1428,4,0.539040939143571,0.3333333333333333,1.0,2,1,0.6303826247123241,False
1429,2,0.9170332151999805,1.0,1.0,0,1,1.0,True
1430,4,0.8516378128788109,0.8333333333333334,1.0,1,1,1.0,True
1431,4,0.7131548617967005,0.5,1.0714285714285714,1,1,0.8794473217223955,True
1432,2,0.9999999999999999,1.0,1.0,1,1,1.0,True
1434,4,0.3492721581864021,0.125,1.28,2,2,0.25224759160369614,False
1435,3,0.3436865242921183,0.2727272727272727,1.0563380281690142,1,1,0.6264067788091763,False
1436,3,0.8015295996676488,0.8333333333333334,1.0,1,1,1.0,True
1437,2,0.9218240093415173,1.0,1.0,0,1,1.0,True
1438,4,0.6722710446052879,0.5714285714285714,1.0,2,1,0.7866875905451234,False
1439,4,0.7818860180900349,0.5714285714285714,1.0,2,1,0.8336654363243008,False
1440,3,0.6429925900833137,0.5,1.0222222222222221,1,1,0.8493777767023725,True
1441,3,0.31587990399248705,0.1111111111111111,1.0,0,1,0.5471495884835527,False
1442,4,0.4413097620316831,0.16666666666666666,1.0,2,1,0.5190533900770705,False
1443,4,0.7992048074662704,0.5714285714285714,1.009090909090909,1,1,0.9460877746284015,True
1444,3,0.7588074393777386,0.375,1.001908396946565,1,1,0.8469293787809355,True
1445,3,0.6894463761753385,0.375,1.167883211678832,1,2,0.6872032088370499,False
1446,4,0.5503103419741473,0.5555555555555556,1.019860440150295,1,1,0.8328049613751638,True
1447,4,0.7996857631891531,0.5714285714285714,1.009090909090909,1,1,0.946293898509637,True
1448,4,0.4271843739823109,0.6,1.027027027027027,0,1,0.7985552078971809,True
1449,4,0.7312476125515162,0.42857142857142855,1.33,1,1,0.6974394529982689,False
1450,4,0.29672074185688946,0.2222222222222222,1.1018181818181818,1,1,0.5052348152931643,False
1451,3,0.9560229849456802,1.0,1.0,1,1,1.0,True
1452,3,0.7280253767873742,0.4,1.0,0,1,0.8441537329088746,True
1453,4,0.7732820676654014,0.5,1.031111111111111,1,1,0.905216124237553,True
1454,3,0.8176852671572109,0.375,1.0,2,1,0.7595833333333333,False
1455,4,0.6858409668316348,0.5714285714285714,1.0047846889952152,1,1,0.8975032714992721,True
1456,2,0.6996288325769411,1.0,1.096,0,1,0.9569837853901175,True
1457,3,0.7723024615548656,0.75,1.0,1,1,0.9881296263806567,True
1458,2,0.749976030428631,0.5,1.0,1,1,0.8952278225646515,True
1459,3,0.7924801444084324,0.875,1.0,1,1,0.9967772047464709,True
1460,4,0.3806470847788977,0.375,1.024,1,1,0.6848606553814324,False
1461,4,0.527182880855622,0.5555555555555556,9.178743961352657,1,1,0.6628931923243672,False
1462,2,0.7784948107228977,1.0,1.0,1,1,0.9907834903098134,True
1463,2,0.7593211070910355,0.5555555555555556,1.0,1,1,0.9223810035681157,True
1464,2,0.7187614216161728,0.7142857142857143,1.00625,1,1,0.9651834664069312,True
1465,3,0.6643715843219999,0.5,1.00625,1,1,0.8585402028046667,True
1466,3,0.38781213389977737,0.4,1.0185185185185186,1,1,0.6983480573856189,False
1467,2,0.9999999999999989,1.0,1.0,1,1,1.0,True
1468,3,0.48726610952261384,0.3333333333333333,1.0,1,1,0.7131934120176281,True
1469,2,0.9999999999999996,1.0,1.0,1,1,1.0,True
1470,4,0.757721037259533,0.4,1.0285714285714285,2,1,0.7518804445398,False
1471,4,0.6798341723812823,0.2,1.0,2,1,0.6351670262586449,False
1472,3,0.6821783334831367,0.42857142857142855,1.0,2,1,0.7314097619689635,False
1473,3,0.860743937981798,0.75,1.0,0,1,1.0,True
1474,4,0.39152831859973586,0.16666666666666666,1.0526315789473684,2,1,0.49771848574909316,False
1475,4,0.3903842428597107,0.3333333333333333,1.0,2,1,0.5666726120192411,False
1476,4,0.5127899526340767,0.5,1.0,0,1,0.7935766463669853,True
1477,2,0.5773233555513937,0.2,1.0,1,1,0.6962338190458354,False
1478,2,0.6408137137653065,0.7,1.0351966873706004,1,1,0.9317773058994171,True
1479,4,0.4501917075553355,0.4,1.0,0,1,0.725082160380858,True
1480,3,0.5246892360796087,0.42857142857142855,1.0285714285714285,1,1,0.7689144345103085,True
1481,4,0.4886078884036955,0.42857142857142855,1.1764705882352942,1,1,0.67345099979206,True
1482,2,0.847840024427728,0.7142857142857143,1.004721435316336,1,1,1.0,True
1483,2,0.7578774689080088,0.7,1.0,1,1,0.981947486674861,True
1484,3,1.0000000000000004,1.0,1.0,1,1,1.0,True
1485,4,0.4798987230717635,0.3,5.769230769230769,1,1,0.5361470717926605,False
1486,3,0.5263632032989394,0.375,7.2,1,1,0.5873104204614502,False
1487,4,0.3703356380942693,0.125,1.0810810810810811,1,1,0.5762747972784964,False
1488,2,0.9270495526545296,1.0,1.0218978102189782,1,1,1.0,True
1490,4,0.5978160440080924,0.3333333333333333,1.0,1,1,0.7605719553685475,True
1491,4,0.6966327503896115,0.6,1.0818181818181818,1,1,0.9140330835003097,True
1492,3,0.6816657214128572,0.5,14.705882352941176,2,1,0.6009519758436055,False
1493,3,0.7074184642465009,0.7142857142857143,7.352941176470588,2,1,0.6953221989627862,False
1494,3,0.6968242250367199,0.75,1.0,1,1,0.9557818107300229,True
1495,4,0.3180231624797537,0.25,1.213740458015267,2,1,0.34093849820560873,False
1496,4,0.3491718513679906,0.125,1.0174418604651163,2,2,0.41220460296723405,False
1497,3,0.7772681043297303,0.8888888888888888,1.0,1,1,0.9902577589984558,True
1498,4,0.9000676584292292,0.625,1.0,1,1,0.96875,True
1499,3,0.8145858988977366,0.8,1.0,1,1,1.0,True
1500,4,0.5440905326888523,0.3,1.0,1,2,0.6736578473428415,False
1501,4,0.6390228203351679,0.4,1.0,2,2,0.6510097801436435,False
1502,4,0.45701549553333226,0.25,1.1846153846153846,1,1,0.5855066409428566,True
1503,4,0.6970051044356443,0.375,1.0416666666666667,1,1,0.8204426638057523,True
1504,3,0.7199465764032853,0.5,1.0,1,1,0.882358056553789,True
1505,2,0.886024443226076,1.0,1.0,1,1,1.0,True
1506,4,0.521349436634789,0.4,1.0,1,1,0.7555783299863381,True
1507,4,0.8540664550923861,0.6666666666666666,1.0,1,1,0.9861111111111112,True
1508,4,0.11604884875432746,0.1,1.125,1,1,0.3768780780375689,False
1509,4,0.3145811792799258,0.09090909090909091,1.0031678986272439,1,1,0.5419633625485396,False
1510,3,0.887072554239396,0.5714285714285714,1.0,0,1,0.9464285714285714,True
1511,4,0.6900673757311427,0.125,1.0,1,1,0.7133026848371564,False
1512,4,0.6747012661515529,0.3333333333333333,1.0,1,1,0.7935227648586021,True
1513,4,0.5304707103209607,0.16666666666666666,1.0,1,2,0.6122652250581896,False
1515,2,0.7368118453452136,0.5714285714285714,1.0,1,1,0.9193479337193773,True
1516,4,0.37878556092343446,0.1,1.0,1,1,0.5694795261100434,False
1517,2,0.7848261908251432,0.8,1.0,1,1,0.9934969389250614,True
1518,4,0.5189109028795887,0.16666666666666666,1.0,1,1,0.6573110218690301,False
1519,4,0.7731940157109451,0.8,1.002615518744551,1,1,0.9885117210189764,True
1520,4,0.7162279614075125,0.42857142857142855,1.0,1,1,0.8510024596508388,True
1521,3,0.6163369416622188,0.2857142857142857,1.0,0,1,0.7486682130933319,True
1522,4,0.5838724415686911,0.3333333333333333,16.533333333333335,1,2,0.5445961257516614,False
1523,4,0.21624649108508628,0.2857142857142857,1.0,0,1,0.5772008771317036,False
1524,3,0.8347582997184853,0.42857142857142855,1.0,1,1,0.8869047619047619,True
1525,3,0.49889177060923007,0.25,1.0,0,1,0.6834536159753843,True
1526,2,0.7986164150617652,0.5,1.0256410256410255,0,1,0.9160737016931375,True
1527,2,0.5174471709779677,0.4,1.0,0,1,0.7539059304191291,True
1528,3,0.9173161655948,0.8,1.0,0,1,1.0,True
1529,3,0.6085936792935182,0.6666666666666666,1.0526315789473684,0,1,0.9040798308083331,True
1530,4,0.8059074574233868,0.3333333333333333,1.0,1,1,0.8472222222222222,True
1531,3,0.9360595111421058,1.0,1.0,1,1,1.0,True
1532,4,0.8791110778833413,0.6,1.0,1,1,0.9583333333333333,True
1533,2,0.8070650038953225,0.6666666666666666,1.0,0,1,0.9861111111111112,True
1534,4,0.28474942652354995,0.125,1.02,1,1,0.5395949923196166,False
1536,4,0.685086879679015,0.5,1.0,2,1,0.7624181865291018,False
1537,3,0.7947006781004549,1.0,1.0,0,2,0.9477288620430521,False
1538,2,0.7999840561374839,0.6,1.0,0,1,0.9583265002493979,True
1539,3,0.5583992768613948,0.125,1.0305343511450382,2,1,0.5518734996072644,False
1540,4,0.9510392295833656,1.0,1.0,1,2,0.9500000000000001,False
1541,2,1.0,1.0,1.0,1,1,1.0,True
1542,2,0.8705609307944975,0.875,1.0,0,1,1.0,True
1543,3,0.5011877794334733,0.25,1.1666666666666667,0,2,0.5544376197572028,False
1544,4,0.7291351654572895,0.25,1.0,2,1,0.6771293566245526,False
1545,2,1.0000000000000002,1.0,1.0,1,1,1.0,True
1546,4,0.47974647386748315,0.2,1.0,1,1,0.6544151554670166,False
1547,3,0.8226639966394433,0.5,1.0,1,1,0.9166666666666667,True
1548,2,0.7441512155972478,0.6666666666666666,1.0,2,1,0.857175917795646,False
1549,3,0.9390979269556693,1.0,1.0,1,2,0.9500000000000001,False
1550,4,0.6851464804148227,0.6666666666666666,1.0,1,1,0.9368881741460351,True
1551,3,0.6813893131153159,0.5,1.0,1,1,0.8658335151446592,True
1552,2,0.7711202360052788,0.3333333333333333,1.0,1,1,0.8348451805101988,True
1553,3,0.5631885995651985,0.3333333333333333,6.0,1,1,0.5857316220358788,False
1554,4,0.7279221679558835,0.5714285714285714,1.0035211267605635,1,1,0.915538071981093,True
1555,4,0.9233460089007943,0.8333333333333334,1.0,1,1,1.0,True
1556,2,0.6982734683157198,0.375,1.0,1,1,0.8209862483257846,True
1557,4,0.5312430644460583,0.25,1.0,1,1,0.6973184561911678,True
1558,4,0.8031934730195405,0.5714285714285714,1.0,1,1,0.9464285714285714,True
1559,4,0.7144307381448102,0.5714285714285714,1.0119047619047619,1,1,0.9097560306334902,True
1560,3,0.9245386011391776,1.0,1.0,1,1,1.0,True
1561,4,0.5627293986935803,0.42857142857142855,1.05,1,1,0.7852173613448679,True
1562,3,0.7669485030978869,0.625,1.0,0,3,0.9045850727562373,False
1563,4,0.5306759221913555,0.5,1.023076923076923,1,1,0.8012420618915334,True
1564,4,0.49561128167569707,0.5,1.05,1,1,0.7862143588133941,True
1565,2,0.8604737452130995,1.0,1.0,0,2,0.9500000000000001,False
1566,4,0.5436533894423724,0.5714285714285714,1.0,0,2,0.7865657383324455,False
1567,2,0.41796386236054545,0.2857142857142857,1.0018115942028984,2,1,0.5586511791069004,False
1568,2,0.4692037513187759,0.6666666666666666,1.0,0,1,0.8443412902477294,True
1569,4,0.5244907250255344,0.5,4.096385542168675,1,1,0.6385912631061814,False
1570,4,0.7927705882832974,0.6666666666666666,1.009090909090909,1,1,0.9830127918039528,True
1571,4,0.8037331570245101,0.6666666666666666,1.009090909090909,1,1,0.9861111111111112,True
1572,2,0.9999999999999999,1.0,1.0,0,1,1.0,True
1573,4,0.6954434552939542,0.8571428571428571,1.0438413361169103,0,2,0.9051900522688375,False
1574,2,0.812990693554807,0.8333333333333334,1.0,0,1,1.0,True
1575,3,0.7345114175282796,0.625,1.0,1,1,0.9406834646549771,True
1576,4,0.30342833123488955,0.2222222222222222,1.0,0,1,0.5881094964551643,False
1577,2,0.8367768153187378,0.8571428571428571,1.0,0,1,1.0,True
1578,2,0.8203666847118097,0.8333333333333334,1.0,0,1,1.0,True
1579,2,0.8880364858632924,0.875,1.0438413361169103,0,2,0.9500000000000001,False
1580,2,0.7140700351208602,0.4444444444444444,1.0,0,1,0.856691390713173,True
1581,4,0.45490748470904263,0.2222222222222222,1.0222222222222221,0,2,0.6030291336583729,False
1582,4,0.6571325484571973,0.3,1.0,1,1,0.772104425529275,True
1583,3,0.592384037632846,0.5,1.0,0,1,0.8276883970807436,True
1584,4,0.6284725769735289,0.3333333333333333,1.0227272727272727,1,1,0.7737104694965917,True
1585,3,0.5263866219895834,0.5,6.0,1,1,0.6394037903764882,False
1586,3,0.7704736554899145,0.5,1.0222222222222221,0,2,0.8540125190194873,False
1587,4,0.8047056219024153,0.8571428571428571,1.0017391304347827,1,1,1.0,True
1588,4,0.5986794711468346,0.42857142857142855,1.0,1,1,0.8006245352534054,True
1589,3,0.8023076822574059,0.75,1.012,1,1,1.0,True
1590,3,0.8595843838736094,0.8571428571428571,1.0,0,1,1.0,True
1591,2,0.821129700531739,0.5714285714285714,1.0222222222222221,0,1,0.9464285714285714,True
1592,4,0.7510625305649308,0.5,1.0227272727272727,1,1,0.8956934654802085,True
1593,2,0.9590606478687825,0.875,1.0,1,1,1.0,True
1594,4,0.7803926930917988,0.625,1.0017391304347827,1,1,0.960346868467914,True
1595,4,0.48088076721956574,0.14285714285714285,1.1,2,2,0.4760917573798139,False
1596,2,0.9328202983823882,1.0,1.125,1,1,0.92,True
1597,4,0.8568457616147387,0.8,1.0,1,1,1.0,True
1598,2,0.9588012771167311,1.0,1.0007407407407407,0,1,1.0,True
1599,3,0.896389907064845,0.8,1.0,1,1,1.0,True
1600,2,0.6025386206971486,0.8,1.0,0,2,0.8653736945844924,False
1601,4,0.31310487912216656,0.18181818181818182,1.3333333333333333,1,1,0.41542157157183757,False
1602,2,1.0000000000000002,1.0,1.0,1,1,1.0,True
1603,2,0.45791546399420074,0.4,1.8,0,1,0.5683923417118004,False
1604,4,0.24543524484600318,0.25,1.1111111111111112,0,2,0.444829390648287,False
1605,4,0.04959777879209116,0.0,1.1428571428571428,0,1,0.37,False
1606,4,0.5081686965982558,0.42857142857142855,1.0,0,1,0.7618342033040144,True
1607,3,0.7639082228515935,0.5,1.0,1,1,0.9011987621744926,True
1608,2,0.4701063310782905,0.375,1.0,0,1,0.7232003323668864,True
1609,3,0.48465837422062646,0.375,1.0,1,2,0.6794369222850304,False
1610,2,0.605805093886878,0.5,1.0,0,1,0.8334402783324715,True
1611,4,0.8163087600210629,0.8571428571428571,1.034928848641656,1,1,1.0,True
1612,4,0.37513764981491793,0.25,1.0563380281690142,1,1,0.6304161356349648,False
1613,2,0.6534732597860783,0.6666666666666666,1.0,0,1,0.9233139367337162,True
1614,3,0.9036153921572823,1.0,1.0,1,1,1.0,True
1615,3,0.8727842877664059,1.0,1.0014836795252224,1,1,1.0,True
1616,4,0.5353448888197619,0.625,1.0,1,1,0.8553263809227551,True
1617,2,0.7932887893243099,0.8,1.0,0,1,0.9971237668532758,True
1618,4,0.7238209734905309,0.3333333333333333,1.1666666666666667,1,1,0.7345740680038783,True
1619,3,0.5156445883926493,0.42857142857142855,1.1666666666666667,0,1,0.685038156930183,True
1620,2,0.8077375330770311,0.6666666666666666,1.0,1,1,0.9861111111111112,True
1621,4,0.7489449005800513,0.42857142857142855,1.0285714285714285,2,2,0.7100240050104983,False
1622,4,0.3868478315376486,0.4,1.0,1,1,0.6979347849447065,False
1623,4,0.5155400450417085,0.0,1.125,2,1,0.4430885907321608,False
1624,4,0.7849354766447244,0.5714285714285714,1.0,1,1,0.9399723471334533,True
1625,4,0.695486080867167,0.2,1.038421599169263,2,1,0.6418749870383097,False
1626,3,0.8418463242834099,1.0,1.002227171492205,1,1,1.0,True
1627,4,0.4696377849822262,0.3333333333333333,1.024,1,1,0.7056384157860335,True
1628,4,0.6135586846174471,0.625,1.0,1,1,0.888846579121763,True
1629,3,0.6907774360695701,0.6666666666666666,1.024,1,1,0.9393014408552126,True
1631,4,0.4371391486836163,0.2,1.0,1,1,0.6361548732453594,False
1632,4,0.510001893237784,0.6,1.003118503118503,1,2,0.7840484304352409,False
1633,4,0.38256410842859534,0.3333333333333333,1.0,1,1,0.6683211258344773,False
1634,2,0.7845904089633984,0.4444444444444444,1.0,1,1,0.8869144080742608,True
1635,2,0.7423668745359588,0.6666666666666666,1.0101010101010102,1,1,0.9614112001979507,True
1636,3,0.8668988906749648,0.8571428571428571,1.0,1,1,1.0,True
1637,4,0.5387800239644155,0.0,1.0,0,2,0.5880485816990353,False
1638,4,0.4686932987166959,0.4444444444444444,1.0114942528735633,1,1,0.7515299322542452,True
1639,4,0.49259522260697314,0.5,1.0114942528735633,1,1,0.7849217620696551,True
1640,4,0.5328054277374378,0.3333333333333333,1.0142857142857142,1,1,0.7327102626811242,True
1641,4,0.794376256503651,0.8,1.0,1,1,0.9975898242158503,True
1642,4,0.7332734845098853,0.75,1.024,1,1,0.971402921932808,True
1643,4,0.43267297512046204,0.2857142857142857,1.0,1,1,0.6699550845754361,True
1644,3,0.8094140479118233,0.6666666666666666,1.0,1,1,0.9861111111111112,True
1645,4,0.24090222252760232,0.0,1.04,0,1,0.5103866667975439,False
1646,4,0.8162067338917239,0.8333333333333334,1.0,1,1,1.0,True
1647,2,0.8954437955716348,0.8571428571428571,1.0,1,1,1.0,True
1648,3,0.63305035824753,0.375,1.0188679245283019,1,1,0.7930334868679891,True
1649,4,0.5080261162440596,0.4,1.0062893081761006,1,1,0.7498683355331683,True
1650,3,0.5652470934651723,0.42857142857142855,1.024,2,1,0.6812963733898358,False
1651,2,0.8154794018341968,1.0,1.0,0,1,1.0,True
1652,2,0.6909497448800966,0.5,1.0,0,1,0.869930843043851,True
1653,3,0.5490976452145443,0.5,1.0933557611438183,1,1,0.8091370860443285,True
1654,3,0.29737817745705536,0.125,1.3333333333333333,0,2,0.3350073141482618,False
1655,4,0.4754299720494134,0.2222222222222222,1.0285714285714285,1,1,0.6618244853756745,False
1656,4,0.48122386095969416,0.5,1.3333333333333333,0,1,0.6200483213636785,False
1657,3,0.8653322730046393,0.8333333333333334,6.181818181818182,1,2,0.7900000000000001,False
1658,3,0.9624770656837791,1.0,1.0,1,1,1.0,True
1659,3,0.88614158945333,0.8571428571428571,6.181818181818182,1,1,0.8400000000000001,False
1660,3,0.6841488553021893,0.25,1.0,0,1,0.762849509415224,True
1661,4,0.6737928805736968,0.2857142857142857,1.0166666666666666,1,1,0.7732921869125366,True
1662,4,0.45364035282876886,0.4,1.0714285714285714,1,1,0.7265601512123295,True
1663,2,0.8097795443404405,0.75,1.0076923076923077,1,1,1.0,True
1664,4,0.6207431670038053,0.6666666666666666,1.04,0,1,0.909286754112742,True
1665,4,0.20349874938445525,0.16666666666666666,1.1785714285714286,0,2,0.39213438465683,False
1666,4,0.3028872169309819,0.125,1.04,0,1,0.5473683310656589,False
1668,4,0.5731803898159973,0.42857142857142855,1.0,0,1,0.7896963575401894,True
1669,2,0.8424120675214866,0.8333333333333334,1.0,2,1,0.895,False
1670,4,0.4507808745880237,0.3,1.0256410256410255,1,1,0.6836679938710577,True
1671,3,0.5618359606898686,0.3333333333333333,1.25,0,1,0.5851519196607374,False
1672,3,0.7081661604408926,0.6,1.0,0,1,0.9189759735222873,True
1673,4,0.7752452365280825,0.75,1.0256410256410255,1,1,0.9893908156548925,True
1674,4,0.5759852527896191,0.14285714285714285,1.0227272727272727,0,1,0.6718508226241224,False
1675,3,0.808688681229686,0.4,1.0,0,1,0.875,True
1676,2,0.7557979060117663,0.5,1.0,0,1,0.8977229121002808,True
1678,4,0.47238474603313796,0.4444444444444444,1.0909090909090908,1,1,0.7531119811041491,True
1679,4,0.45249192717448833,0.3333333333333333,1.0714285714285714,1,1,0.6982901910112886,True
1680,4,0.24442637825445396,0.1,1.0909090909090908,1,1,0.5118970192519088,False
1681,2,0.6049642824649076,0.4444444444444444,1.1111111111111112,1,1,0.7299317824320504,True
1682,2,0.5365314192304296,0.3333333333333333,1.0,1,1,0.7343071161781206,True
1683,3,0.828886789604464,0.8,2.4,1,1,0.8400000000000001,False
1684,3,0.8452914516110375,0.6666666666666666,1.25,1,1,0.8261111111111111,False
1685,4,0.6387796903123037,0.7142857142857143,1.0,1,1,0.9309055815624159,True
1686,3,0.8039538579926306,0.5555555555555556,1.0,1,1,0.9398148148148149,True
1687,3,0.8110967297369222,0.5,1.25,1,1,0.7566666666666667,False
1688,4,0.285407286410361,0.1111111111111111,3.75,1,1,0.3740898952340701,False
1689,3,0.8931200476031361,0.8888888888888888,1.0285714285714285,1,1,1.0,True
1690,4,0.8704867906229682,0.7142857142857143,1.009090909090909,1,1,1.0,True
1691,4,0.70075398932663,0.4444444444444444,1.0285714285714285,1,1,0.8509845139442171,True
1692,3,0.918533714767053,0.8,1.0,1,1,1.0,True
1693,3,0.7608967912090155,0.42857142857142855,1.25,1,1,0.710146243851483,False
1694,4,0.4956486677146549,0.375,1.0014836795252224,1,1,0.7341470480681854,True
1695,3,0.5790659005497236,0.5555555555555556,1.0,1,1,0.8451287721932679,True
1696,3,0.6543494447434344,0.75,1.0,1,1,0.9375783334614719,True
1697,4,0.5429948059055376,0.2857142857142857,1.0020689655172415,1,1,0.7172358691976113,True
1698,4,0.6474339469576783,0.7,1.0,1,1,0.9346145486961479,True
1699,4,0.619345827232698,0.4,1.0294117647058822,1,1,0.7975767830997278,True
1700,3,0.7975059414055415,0.5555555555555556,1.0,1,1,0.9387459325600469,True
1701,2,0.8311131217072562,1.0,1.0,1,1,1.0,True
1702,3,0.7603504349440596,0.625,1.0,1,1,0.9517573292617398,True
1703,3,0.9724476476038594,1.0,1.0014836795252224,1,1,1.0,True
1704,2,0.7500437297706474,0.75,1.0,0,1,0.9785901699017061,True
1705,3,0.8282472812383843,0.875,1.0,1,1,1.0,True
1706,4,0.725270081889533,0.5,1.125,1,1,0.804639558905038,True
1707,4,0.6358768872601157,0.5714285714285714,4.1,1,1,0.7160900945400497,False
1708,4,0.5669134303399495,0.4444444444444444,1.0,1,1,0.7936242743784969,True
1709,3,0.7391844040814851,0.8333333333333334,1.0042105263157894,1,1,0.9739361731777794,True
1710,3,0.708346141445485,0.7142857142857143,1.0,1,1,0.9607197749052079,True
1711,4,0.8021108261397214,0.8571428571428571,1.0,1,1,1.0,True
1712,4,0.810259722512434,1.0,1.0,1,1,1.0,True
1713,4,0.7709586045798835,0.8571428571428571,1.0,1,1,0.987553687677093,True
1714,3,0.8554937695749995,1.0,1.0,1,1,1.0,True
1715,2,0.9362391280467026,1.0,1.0285714285714285,1,1,1.0,True
1716,3,0.5970245898624643,0.4444444444444444,1.0,1,1,0.8065290570310033,True
1717,3,0.8207211943259514,0.7142857142857143,1.0,1,1,1.0,True
1718,4,0.2931824399808219,0.18181818181818182,1.0,1,1,0.5668833833684042,False
1719,3,0.7551029177478239,0.5,1.0025862068965516,2,1,0.7924250599871627,False
1720,4,0.46270725989946554,0.375,1.0,1,1,0.7200293018616757,True
1721,3,0.7242349069081886,0.6666666666666666,1.0,1,2,0.9036403569289063,False
1722,3,0.791928768882197,0.375,1.0,1,2,0.8111242342828465,False
1723,2,0.9597506923976171,1.0,1.0,0,1,1.0,True
1724,3,0.7992823577322469,0.42857142857142855,1.0,1,2,0.8365972009328678,False
1725,2,0.7769550318099476,1.0,1.0,1,1,0.9901235850614061,True
1726,2,0.8075947412257133,1.0,1.0,1,1,1.0,True
1727,2,0.7493896514558999,0.6,1.0,1,1,0.9366431839572904,True
1728,3,0.44290971523599515,0.5,1.0,1,1,0.7636279731963789,True
1729,3,0.4988254270961021,0.42857142857142855,1.25,1,2,0.5478299449459486,False
1730,2,0.9163969925704212,1.0,1.0,1,1,1.0,True
1731,2,0.8672859564795451,1.0,1.0,1,2,0.9500000000000001,False
1732,2,0.9139281200704366,0.75,1.0,1,2,0.9500000000000001,False
1733,2,0.8970972816694078,0.8,1.0,1,2,0.9500000000000001,False
1734,4,0.9086333461801469,1.0,1.0,1,1,1.0,True
1735,4,0.81480870166112,0.6,1.0,1,1,0.9583333333333333,True
1736,4,0.7546044818135471,0.6,1.0,1,1,0.938878111253425,True
1737,4,0.9628601259874491,1.0,1.0,1,1,1.0,True
1738,4,0.7433879112179339,0.42857142857142855,1.0,1,1,0.8626424381410194,True
1739,4,0.9711661146695476,1.0,1.0,1,1,1.0,True
1740,2,0.8553411974105971,0.8,1.0,0,1,1.0,True
1741,3,0.9309830088955902,1.0,1.0,1,1,1.0,True
1742,3,0.9332425302085989,1.0,1.0,1,1,1.0,True
1743,4,0.5763325568764962,0.3333333333333333,1.0,1,1,0.7513647465978635,True
1744,4,0.49420021405220443,0.2857142857142857,1.0416500000000002,1,1,0.6963239012604685,True
1745,3,0.8421749112077677,0.8,1.0,1,1,1.0,True
1746,2,0.7559864639085825,0.5714285714285714,1.0,1,1,0.9275656273893926,True
1747,4,0.5203354901714834,0.2857142857142857,1.0416500000000002,1,1,0.7075247338830166,True
1748,3,0.989065181082595,1.0,1.0,1,1,1.0,True
1749,4,0.9866156613259603,1.0,1.0,1,1,1.0,True
1750,3,0.9015710369298233,1.0,1.0,1,1,1.0,True
1751,2,0.9577934181912516,0.8333333333333334,1.0417,1,1,1.0,True
1752,2,0.9148951183130651,0.7142857142857143,1.0,0,1,1.0,True
1753,3,0.7628945798047551,0.5,1.0,1,1,0.9007643437258475,True
1754,3,0.8382046853439725,0.75,1.0,1,1,1.0,True
1755,3,0.5490864628326377,0.4,1.0135135135135136,0,1,0.7674656269282734,True
1756,3,0.5249236752845647,0.4444444444444444,1.0,0,1,0.7756286650690463,True
1757,4,0.980572030403852,1.0,1.0,1,1,1.0,True
1758,2,0.7434805880625852,0.625,1.0,0,1,0.9445273948839652,True
1759,4,0.31830137233564304,0.09090909090909091,1.0,1,1,0.5435577310009898,False
1760,3,0.8056870482566486,0.8,1.0,1,1,1.0,True
1761,3,0.5802237462499085,0.6,1.1538461538461537,1,1,0.7841435102975798,True
1762,2,0.911427498299086,0.7142857142857143,1.0,0,1,1.0,True
1763,3,0.6668081221541076,0.4,1.1538461538461537,1,1,0.7379177666374747,True
1764,3,0.7334532239629608,0.625,1.0,1,1,0.9402299531269833,True
1765,3,0.9859012429914487,1.0,1.0,1,1,1.0,True
1766,4,0.2288992161073008,0.2222222222222222,1.1194937424874496,0,1,0.47616844711476913,False
1767,3,0.9526521600321637,0.8333333333333334,1.0417,1,1,1.0,True
1768,4,0.398981440492375,0.3,1.1194937424874496,0,1,0.581468236401494,False
1769,3,0.8325366669997094,0.625,1.0,1,1,0.96875,True
1770,3,0.6579819862075003,0.4,1.0,0,1,0.8141351369460716,True
1771,3,0.702102199155581,0.5,1.0,1,1,0.8747104663047729,True
1772,3,0.7008619606953299,0.45454545454545453,1.0,0,1,0.8552395415966998,True
1773,4,0.5849127868115975,0.3333333333333333,1.0,1,1,0.7550419879986212,True
1774,4,0.8036008797576849,0.6666666666666666,1.0,1,1,0.9861111111111112,True
1775,3,0.8458669219021334,0.875,1.0,1,1,1.0,True
1776,3,0.7884969399784163,0.6666666666666666,1.0,1,1,0.9811812282447181,True
1777,3,0.8440933278405679,0.6666666666666666,1.0,1,1,0.9861111111111112,True
1778,3,0.46894720582941585,0.3,1.0,1,1,0.691453564403083,True
1779,3,0.622069796365372,0.4444444444444444,1.0555333333333332,0,1,0.8172627169608209,True
1780,3,0.8896462549891738,0.6666666666666666,1.0,1,1,0.9861111111111112,True
1781,4,0.4910326017041884,0.2222222222222222,1.0,1,1,0.6685113266562924,False
1782,4,0.4418591158155197,0.375,1.0555333333333332,0,1,0.711094382968556,True
1783,3,0.5522742988309135,0.4444444444444444,1.0555333333333332,0,1,0.7873503608746244,True
1784,3,0.775676163611009,0.4444444444444444,1.0417,1,1,0.883094017208951,True
1785,2,0.9032354984982556,0.7777777777777778,1.0417,1,1,1.0,True
1786,2,1.0000000000000004,1.0,1.0,0,2,0.9500000000000001,False
1787,3,0.6684341553406248,0.5,1.0,0,1,0.8602813046697917,True
1788,3,0.5759604569552529,0.42857142857142855,1.0,0,1,0.7908878148855847,True
1789,2,0.8578146735697537,0.75,1.0,1,1,1.0,True
1790,3,0.3330537733671788,0.45454545454545453,1.0,0,3,0.6476074613132066,False
1791,2,0.8479167371241312,0.8333333333333334,1.0,1,1,1.0,True
1792,2,0.8216774846252313,0.8571428571428571,1.0,1,1,1.0,True
1793,3,0.8929907289506568,0.8,1.0,1,1,1.0,True
1794,4,0.8076203330474936,0.8,1.0,1,1,1.0,True
1795,3,0.7773679121282088,0.8571428571428571,1.0,0,3,0.9403005337692324,False
1796,2,0.9578272090933215,1.0,1.0,1,2,0.9500000000000001,False
1797,4,0.5917970749150704,0.5714285714285714,1.0,1,1,0.8571987463921731,True
1798,4,0.6361946108388792,0.5714285714285714,1.0,1,1,0.8762262617880912,True
1799,3,0.5644012326034471,0.5,1.0,1,2,0.7656957663538584,False
1800,4,0.7865458442698253,0.7142857142857143,1.0,1,1,0.9942339332584966,True
1801,3,0.2508226652209917,0.25,1.0,1,1,0.5771382850947108,False
1802,3,0.19914855033739462,0.0,1.0526315789473684,1,1,0.49249223585888335,False
1803,4,0.7149616084646466,0.4444444444444444,1.0222222222222221,1,1,0.8570734935747957,True
1804,3,0.7001223425870052,0.4,1.0112359550561798,1,1,0.8321952896801452,True
1805,4,0.812902836988076,0.5,1.0,1,1,0.9166666666666667,True
1806,3,0.6053268524264038,0.5714285714285714,1.0,1,1,0.8629972224684588,True
1807,4,0.6373650013942423,0.3,1.1111111111111112,1,1,0.6836326196451514,True
1808,4,0.6445936271795689,0.3333333333333333,1.1111111111111112,1,1,0.700619491013466,True
1809,4,0.7087144857277689,0.3333333333333333,1.0,1,1,0.8080998589626947,True
1810,2,0.8967850715974616,0.7142857142857143,1.0,1,1,1.0,True
1812,4,0.8464503801549558,0.42857142857142855,1.0,1,1,0.8869047619047619,True
1813,4,0.6757555337040925,0.3333333333333333,1.0015625,1,1,0.7939745938096905,True
1814,4,0.6654262986173409,0.3333333333333333,1.001589825119237,1,1,0.7895477787725111,True
1815,3,0.710586828471004,0.5714285714285714,1.0,1,1,0.9081086407732875,True
1816,4,0.7895350377886279,0.8571428571428571,1.0,1,1,0.9955150161951263,True
1817,2,0.33803840354968334,0.2857142857142857,1.0769230769230769,1,1,0.6293974110451024,False
1818,2,0.6785340437769046,0.6666666666666666,1.0294117647058822,0,1,0.9340542727297845,True
1819,4,0.22787033574759494,0.1,1.1428571428571428,1,1,0.424801572463255,False
1820,3,0.8754342543657677,0.7142857142857143,1.0023584905660379,1,1,1.0,True
1821,3,0.7774754599017134,0.5,1.0023584905660379,1,1,0.9070132923388297,True
1822,4,0.7950216293815973,0.6666666666666666,1.0,1,1,0.9839775237032242,True
1823,3,0.8605360165766113,0.75,1.0023584905660379,1,1,1.0,True
1824,4,0.8346976119001734,0.75,1.0,1,1,1.0,True
1825,3,0.690446846593889,0.5555555555555556,1.2820512820512822,1,1,0.732863463355053,False
1826,4,0.4953675507139619,0.375,1.0,2,1,0.6290265693536027,False
1827,3,0.5945230052451448,0.3,1.0256410256410255,1,1,0.7452717641526811,True
1828,4,0.6860048130822398,0.4444444444444444,1.0256410256410255,1,1,0.8446634384109071,True
1829,4,0.63747437545737,0.5,1.0,1,1,0.8470128275769682,True
1830,4,0.6150513069499332,0.5714285714285714,1.0,1,1,0.8671648458356858,True
1831,3,0.803950058537605,0.7142857142857143,1.0256410256410255,1,2,0.9500000000000001,False
1832,4,0.7290115558419227,0.625,1.0,1,1,0.9383263810751097,True
1833,2,0.5483536383086902,0.42857142857142855,1.0,0,1,0.7790563211799149,True
1834,2,0.8917747179813383,0.625,1.0,1,1,0.96875,True
1835,2,0.8652519860636979,0.6666666666666666,1.0,1,1,0.9861111111111112,True
1836,3,0.7189482923806889,0.5454545454545454,1.0,1,1,0.9008696144834987,True
1837,3,0.7926674814818251,0.5833333333333334,1.0,1,1,0.9482463809525283,True
1838,3,0.5315086346544673,0.23076923076923078,1.0015625,1,1,0.6894194514819512,False
1839,4,0.6824563515839076,0.3333333333333333,1.0,1,1,0.7968463729010398,True
1840,4,0.6139650883530265,0.375,1.0,1,1,0.7848540854846304,True
1841,4,0.5794896996467673,0.375,1.0,1,1,0.7700789188962336,True
1842,4,0.5693386022551346,0.3,1.036697247706422,1,1,0.7344784485855339,True
1843,3,0.7465769177880205,0.6666666666666666,1.0360360360360361,1,1,0.9632155044488342,True
1844,4,0.6509620579546225,0.3,1.0,1,1,0.7694599295996001,True
1846,3,0.8019904465132023,0.6666666666666666,1.0272727272727273,1,1,0.9861111111111112,True
1848,4,0.8976523401005558,0.7142857142857143,1.0030769230769232,1,1,1.0,True
1849,2,0.6716147606868618,0.6666666666666666,1.1764705882352942,0,1,0.8510888656911947,True
1850,4,0.47591648381646023,0.5,1.1666666666666667,0,1,0.6977737311594353,True
1851,2,0.9659205896126724,1.0,1.0,0,1,1.0,True
1852,4,0.721361480916323,0.5,1.0055762081784387,1,1,0.8829644442022337,True
1853,3,0.7398733626234527,0.8,1.0018214936247722,1,1,0.9742314411243369,True
1854,4,0.5913296378715049,0.375,1.0,1,1,0.7751531781354069,True
1855,4,0.6179255969405208,0.375,1.1847457627118645,0,1,0.7065514463078423,True
1856,4,0.8659599847670454,0.625,1.0,1,1,0.96875,True
1857,2,0.8338901842239806,0.6,1.0,0,1,0.9583333333333333,True
1858,4,0.6168023379569376,0.4,1.0,1,1,0.7964867162672591,True
1859,4,0.7928776104530484,0.7,1.0125,1,1,0.9969475473370206,True
1860,4,0.7097670080150564,0.5714285714285714,1.0,1,1,0.90775728914931,True
1861,3,0.5943378823170414,0.5714285714285714,1.1657559198542806,1,1,0.7782876638501606,True
1862,4,0.288618212992082,0.14285714285714285,1.0073529411764706,1,1,0.5486935198537494,False
1863,4,0.454167013939714,0.42857142857142855,1.0073529411764706,1,1,0.7386906250217821,True
1864,4,0.5766741950603543,0.4444444444444444,1.0256410256410255,1,2,0.7478074592586704,False
1865,4,0.8277302067535185,1.0,1.0047021943573666,1,1,1.0,True
1866,2,0.8449212855697118,0.8,1.0,1,1,1.0,True
1867,2,0.9174459923292898,1.0,1.0043988269794721,1,1,1.0,True
1868,3,0.7344174531812382,0.6,1.0454545454545454,1,1,0.9302265275538639,True
1869,3,0.7863666297182631,0.6,1.0272727272727273,1,1,0.952490460355446,True
1870,4,0.5626321921388119,0.2857142857142857,1.0046224961479198,1,1,0.7256518918690146,True
1871,4,0.6592018281653381,0.42857142857142855,3.9583333333333335,1,1,0.6665626882613355,False
1872,3,0.7470658993220621,0.8,3.9583333333333335,1,1,0.8173139568523125,False
1873,4,0.49102630132516034,0.2727272727272727,1.0646153846153847,1,1,0.6895523975376229,True
1874,3,0.5296728952269172,0.4444444444444444,1.0256410256410255,1,2,0.7276640450443402,False
1875,3,0.5302588105440686,0.14285714285714285,1.0,1,1,0.652253775947458,False
1876,4,0.32120710411140685,0.3333333333333333,1.169811320754717,0,1,0.5620252668413965,False
1877,3,0.9645369539750229,1.0,1.0,1,1,1.0,True
1878,3,0.9474872672904743,1.0,1.0,1,1,1.0,True
1879,3,0.3733905968728428,0.2857142857142857,1.0753846153846154,1,1,0.6445483510407422,False
1880,4,0.47891379950912627,0.4444444444444444,1.0588235294117647,1,1,0.7559101468795726,True
1881,4,0.8867797948708508,0.8333333333333334,1.0,1,1,1.0,True
1882,4,0.5754556355111005,0.4,1.0,0,1,0.7787667009333288,True
1883,3,0.5247789057842139,0.4,1.0,0,1,0.7570481024789488,True
1884,4,0.6858746266988259,0.6666666666666666,1.0125,1,1,0.9372002368391794,True
1885,4,0.3852064413764942,0.4444444444444444,1.0427350427350428,1,1,0.715749850537016,False
1886,4,0.4831445933471708,0.42857142857142855,1.0118279569892472,1,1,0.751109587624978,True
1887,4,0.5620177744851865,0.4444444444444444,1.0,1,1,0.791526136155027,True
1888,4,0.6316862341372029,0.375,1.025,1,1,0.7924488622492775,True
1889,3,0.49133097207316445,0.42857142857142855,1.1538461538461537,1,1,0.6746180356504038,True
1891,4,0.448721813856925,0.4444444444444444,1.0427350427350428,1,1,0.7429707244572007,True
1893,4,0.6009718009351082,0.3333333333333333,1.0,1,1,0.7619244226229829,True
1894,3,0.599157430409958,0.5,1.0,1,1,0.8305912796995059,True
1895,3,0.643376170164723,0.375,1.0,1,1,0.7974588348325005,True
1896,4,0.7098631322006361,0.8333333333333334,1.001063829787234,1,1,0.9613699138002727,True
1897,4,0.6909263525664646,0.5555555555555556,1.1666666666666667,1,1,0.8130689659147282,True
1898,2,0.7413325923549993,0.8,1.0,1,1,0.9748568252949996,True
1899,4,0.21191072484225393,0.2857142857142857,1.3492063492063493,0,2,0.3653426915990612,False
1900,3,0.7002508718195103,0.42857142857142855,1.0,1,1,0.844155135541695,True
1901,3,0.3253155205701817,0.14285714285714285,1.1538461538461537,0,2,0.4344209373872207,False
1902,2,0.6459227481620262,0.6666666666666666,1.0769230769230769,2,1,0.8150780031805509,False
1903,2,0.5682301447158583,0.25,1.0,0,2,0.6631700620210822,False
1904,4,0.5173586258780715,0.3333333333333333,1.2,0,2,0.5960902047413957,False
1906,4,0.7853929215189319,0.6666666666666666,1.0126582278481013,1,1,0.9798509346192248,True
1907,4,0.7780206945099456,0.5714285714285714,1.0,1,1,0.937008869075691,True
1908,2,0.7883323868382619,0.7142857142857143,1.0,1,1,0.9949995943592551,True
1909,4,0.5486816543876123,0.5714285714285714,1.0476190476190477,0,3,0.7887207090232625,False
1910,3,0.6180490374937528,0.5454545454545454,1.0101010101010102,1,1,0.8576270766748118,True
1911,4,0.7156659658573831,0.5555555555555556,1.0101010101010102,1,1,0.903671657325122,True
1912,4,0.45318075755250725,0.25,1.1111111111111112,1,1,0.5838631818082174,True
1913,2,0.8287226870489459,0.75,1.0,1,1,1.0,True
1914,4,0.4644548947287299,0.2727272727272727,1.0909090909090908,1,1,0.6781646518534383,True
1915,2,0.4405399374993584,0.6,1.1,0,1,0.8042790208330584,True
1916,2,0.8399652986417866,1.0,1.0909090909090908,0,1,1.0,True
1917,2,0.7733033153482893,0.6,1.0101010101010102,1,1,0.9468918970540288,True
1918,3,0.7843248227689298,0.6363636363636364,1.0,1,1,0.9667669153858185,True
1919,4,0.44033781649345693,0.36363636363636365,1.1111111111111112,1,1,0.6257075490599664,True
1920,4,0.6321365626820844,0.25,1.0,1,1,0.7405585268637505,True
1921,3,0.7575187524566193,0.42857142857142855,1.0,1,1,0.8686985129575988,True
1922,2,0.7473577830895934,0.8,1.0,0,1,0.9774390498955401,True
1923,3,0.6921562614006223,0.2,1.1,0,1,0.7454479215526476,False
1924,3,0.6772621707873065,0.2857142857142857,1.0,1,1,0.7747790255755123,True
1925,3,0.5618617228682357,0.4444444444444444,1.0,1,1,0.7914592568906196,True
1926,4,0.6512928630300426,0.7142857142857143,1.0227272727272727,1,1,0.9362683698700183,True
1927,4,0.27910637809415945,0.16666666666666666,1.1,0,1,0.5545376541038461,False
1929,4,0.6349750543593881,0.7142857142857143,1.0014727540500736,1,1,0.9292750232968806,True
1930,4,0.8467516870471767,0.8333333333333334,1.0,1,1,1.0,True
1931,3,0.5501960237498416,0.5714285714285714,1.0013888888888889,1,1,0.8393697244642178,True
1932,3,0.577930052840747,0.4444444444444444,1.2016666666666667,1,1,0.6383456840216959,False
1933,2,0.8877621800399714,0.8,1.0,1,1,1.0,True
1934,2,0.7347851886713419,0.7142857142857143,1.0020833333333334,1,1,0.9720507951448607,True
1935,3,0.9568471047193451,1.0,1.0,1,1,1.0,True
1936,3,0.5904120986969649,0.625,1.0227272727272727,1,1,0.8789266137272707,True
1937,3,0.8429041899965356,0.875,1.002906976744186,1,1,1.0,True
1938,4,0.6058085581684239,0.6666666666666666,1.01,1,1,0.9028862074690072,True
1939,4,0.7077648561179976,0.8333333333333334,1.0,1,1,0.960470652621999,True
1940,4,0.3966206076024665,0.25,1.0,0,1,0.6396231175439142,False
1941,4,0.5966117310115784,0.4,1.0,1,1,0.7878335990049623,True
1942,3,0.7105907216478257,0.5,1.018181818181818,1,3,0.8283484045157349,False
1943,4,0.7090704449328245,0.3333333333333333,1.0,0,2,0.7582524129077185,False
1944,4,0.6081344824148025,0.5,1.0,0,2,0.7844385877015821,False
1945,3,0.5714764346429289,0.25,1.0,0,1,0.7145613291326838,True
1946,4,0.62949911083583,0.4,1.0,0,1,0.8019281903582129,True
1947,3,0.4801931875763362,0.25,1.0,0,1,0.6754399375327155,True
1948,4,0.460839855228908,0.25,1.0,0,1,0.6671456522409606,True
1949,4,0.6795348422810621,0.2,1.0,0,1,0.740038741929979,False
1950,3,0.6668680879773519,0.42857142857142855,1.0,0,1,0.8298482281807699,True
1951,4,0.478948335082605,0.16666666666666666,1.0,0,1,0.6401842070988942,False
1952,4,0.5847040919094555,0.2857142857142857,1.0,0,3,0.6851112774850048,False
1953,4,0.4283814263312765,0.3333333333333333,1.0,0,2,0.6379571192213408,False
1954,2,0.8347300359563046,0.75,1.0,1,2,0.9500000000000001,False
1955,4,0.836189178641093,0.6666666666666666,1.0,1,3,0.9361111111111112,False
1956,3,0.5381094435898064,0.0,1.0,0,1,0.637761190109917,False
1957,2,0.6193550777155239,0.6,1.0,0,1,0.8809140809257008,True
1958,3,0.5609632480200644,0.5,1.2,0,1,0.7342223443895514,True
1959,4,0.7908047612583707,0.5,1.0,0,1,0.9127258500631112,True
1960,4,0.503160475564425,0.2,1.0,0,2,0.6144497276228489,False
1961,2,0.4032293118885884,0.5,1.0,0,1,0.7466220860474903,True
1962,4,0.29766957939259137,0.3333333333333333,1.0,0,1,0.6319377562476185,False
1963,2,0.4285582058487538,1.0,1.0,0,1,0.840810659649466,True
1964,3,0.617595712914468,0.6,1.0,0,2,0.8301600674395341,False
1965,4,0.9159667526145373,0.8,1.0,1,2,0.9500000000000001,False
1966,2,0.9635995958948294,1.0,1.0,1,2,0.9500000000000001,False
1967,3,0.38883055698954316,0.25,1.0309278350515463,0,2,0.58628452442409,False
1968,2,0.6800452631411752,0.6666666666666666,1.0,0,1,0.9347019381716148,True
1969,4,0.0,0.0,1.0,0,1,0.44999999999999996,False
1970,2,0.9614570466015948,0.8571428571428571,1.0,1,2,0.9500000000000001,False
1972,3,0.3616152594014464,0.0,1.0,0,3,0.5121208254577628,False
1973,4,0.6826660182353436,0.2857142857142857,1.0015384615384615,2,2,0.6220949601960998,False
1974,4,0.34484057605670926,0.16666666666666666,1.018181818181818,2,3,0.4277094532306531,False
1975,4,0.7370081778780881,0.6666666666666666,1.0031347962382446,1,3,0.9091146159160061,False
1976,2,0.9703413631919855,1.0,1.0,0,2,0.9500000000000001,False
1977,2,0.9646928870386782,0.8571428571428571,1.0,0,2,0.9500000000000001,False
1978,2,0.6579649471320175,0.6666666666666666,1.0,0,2,0.8752389455962616,False
1979,4,0.26677057206092536,0.2,1.125,0,1,0.48313976897849176,False
1980,2,0.5045589111041124,0.25,1.0,0,1,0.685882390473191,True
1981,3,0.41920033338390916,0.14285714285714285,1.0,0,2,0.5546572857359612,False
1982,3,0.4313345828220313,0.25,1.0,0,2,0.6045005354951564,False
1983,3,0.761501266232734,0.5,1.0,0,2,0.8501672093378384,False
1984,2,0.47102907582041886,0.16666666666666666,1.0,0,2,0.5867902388436717,False
1985,3,0.5122301911028312,0.5,1.0,0,2,0.7433367485678801,False
1986,2,0.7399282671453,0.75,1.0,0,1,0.9742549716336999,True
1987,4,0.7626486632495613,0.5714285714285714,1.0,1,3,0.8804208556783836,False
1988,4,0.14509418606404662,0.16666666666666666,1.0,0,1,0.497103857519512,False
1989,4,0.5369894379206576,0.5,1.0133333333333334,1,3,0.7539478543469486,False
1990,3,0.3209201642350698,0.25,1.0,0,1,0.6071800703864585,False
1991,3,0.7279896134720709,0.25,1.0,0,1,0.7816384057737447,True
1992,3,0.8196707572238555,0.8333333333333334,1.0,0,2,0.9500000000000001,False
1993,4,0.6211745489929332,0.25,1.0,2,3,0.5808605209969715,False
1994,3,0.6457137404439993,0.3333333333333333,1.018181818181818,1,2,0.7310995395553649,False
1995,4,0.8766340221434975,1.0,1.0,1,3,0.9500000000000001,False
1996,4,0.8687126504911739,1.0,1.0,1,3,0.9500000000000001,False
1997,2,0.9498584232868444,0.8888888888888888,1.0303030303030303,1,2,0.9500000000000001,False
1998,2,0.48107381460909276,0.4,1.0140845070422535,2,2,0.5833173491181827,False
1999,2,1.0000000000000004,1.0,1.0,1,2,0.9500000000000001,False
2000,4,0.39496819370101843,0.3333333333333333,1.0256410256410255,1,3,0.6236371623798016,False
2001,4,0.8163549148236768,1.0,1.0119047619047619,1,3,0.9500000000000001,False
2002,4,0.5949462119275125,0.6,1.1094108645753635,1,2,0.7404531384451245,False
2003,4,0.8405049188088187,1.0,1.0119047619047619,1,3,0.9500000000000001,False
2004,4,0.8103372970360817,1.0,1.0119047619047619,1,3,0.9500000000000001,False
2005,3,0.5394190162217543,0.4,1.0294117647058822,0,2,0.7133224355236091,False
2006,2,0.9231541895773533,1.0,1.0,0,2,0.9500000000000001,False
2007,4,0.4523149112283467,0.5,1.0,0,2,0.7176587714788153,False
2008,3,0.7065360751191854,1.0,1.0,0,2,0.9099440321939366,False
2009,4,0.2654080168363259,0.1111111111111111,1.5,0,1,0.3655187797023407,False
2010,2,0.449905734468295,0.2,1.0,0,1,0.6416262671530788,False
2011,2,0.42965858946418584,0.3333333333333333,1.0,0,1,0.6885044748497304,True
2012,3,0.17357409471589422,0.1111111111111111,1.0,0,1,0.48616138450786994,False
2013,3,0.2006531613867348,0.25,1.0,0,1,0.5556370691657435,False
2014,4,0.5018203972205778,0.25,1.0,0,1,0.684708741665962,True
2015,4,0.5817178527377453,0.3333333333333333,1.2,0,2,0.6236727305383989,False
2016,3,0.5598091930415804,0.4,1.0,0,1,0.7720610827321059,True
2017,4,0.46980476657100173,0.3333333333333333,1.1363636363636365,0,1,0.6257099793240801,True
2018,2,0.37259785964819164,0.5,1.0,0,1,0.7334943208016059,False
2019,2,0.4565708787763143,0.3333333333333333,1.0,0,1,0.7000383131263569,True
2020,4,0.2816841081091226,0.2,1.0,0,1,0.5695312844277192,False
2021,3,0.23946920752953926,0.3333333333333333,1.0,0,1,0.6069947397348819,False
2022,2,0.8098124218954023,1.0,1.0,0,1,1.0,True
2023,2,0.6933040742646195,0.42857142857142855,1.1111111111111112,0,1,0.7611779365895989,True
2024,3,0.7693302059477284,0.2,1.0294117647058822,1,1,0.7785224692156931,False
2025,2,0.7602121642061573,0.75,1.0,1,1,0.9829480703740674,True
2026,3,0.6350512200898615,0.5,1.0,0,3,0.7959743324194645,False
2027,2,0.7556415383411819,0.75,1.1666666666666667,0,1,0.9009892307176494,True
2028,4,0.4087048953499088,0.4,1.1111111111111112,0,3,0.5773020980071039,False
2029,2,0.9999999999999998,1.0,1.0,0,2,0.9500000000000001,False
2030,2,1.0000000000000002,1.0,1.0,0,2,0.9500000000000001,False
2031,4,0.7446434741087948,0.6666666666666666,1.1764705882352942,0,2,0.8323868857291661,False
2032,3,0.7233414873419794,1.0,1.0,0,2,0.9171463517179913,False
2035,4,0.446680070358791,0.3333333333333333,1.1428571428571428,0,2,0.5657993952331327,False
2036,3,0.014671729313761947,0.0,1.1764705882352942,0,2,0.32,False
2037,2,0.7020887003859462,0.6,1.0,0,2,0.8663713477844531,False
2038,4,0.5182331104101341,0.3333333333333333,1.0,0,2,0.6764649838265655,False
2039,4,0.5297542385172584,0.6666666666666666,1.0,0,2,0.8202914990470791,False
2041,2,0.7640714014602948,1.0,1.0,0,1,0.9846020291972692,True
2042,2,0.48602669321536646,0.4,1.0,0,2,0.6904400113780143,False
2043,3,0.6201914539923267,0.42857142857142855,1.0315533980582523,0,2,0.7598439564729019,False
2044,3,0.605472628185598,0.6666666666666666,1.0,0,2,0.8527422374763675,False
2045,2,1.0,1.0,1.0,0,2,0.9500000000000001,False
2046,4,0.4832668053372321,0.3333333333333333,1.0,0,2,0.6614794245096075,False
2047,3,0.5885746212652992,0.6666666666666666,1.0,0,2,0.8455002345105253,False
2048,2,0.5150559149593833,0.25,1.0,0,2,0.6403811064111643,False
2049,2,0.9677089872927453,1.0,1.0,1,2,0.9500000000000001,False
2050,2,0.8603735271028715,0.5,1.0,0,1,0.9166666666666667,True
2051,3,0.49755139693010086,0.16666666666666666,1.0,0,1,0.6481569478906781,False
2052,2,0.45933647975320163,0.5,1.0,0,1,0.7706680151323245,True
2053,2,0.2992548758859801,0.3333333333333333,1.0,0,1,0.6326171690304994,False
2054,4,0.0,0.0,1.0,0,2,0.39999999999999997,False
2055,3,0.4930815281830487,0.25,1.0,0,2,0.6309635120784495,False
2056,4,0.49705357808799966,0.2857142857142857,5.0,1,2,0.48754677156152365,False
2057,4,0.5601672851412816,0.2857142857142857,5.0,1,2,0.5145955031557874,False
2058,4,0.6976219153890978,0.5,5.0,1,2,0.6627903446905659,False
2059,4,0.7378391885478743,0.5,5.0,1,2,0.68002631890147,False
2060,3,0.42989178400908884,0.6666666666666666,1.0,0,2,0.7774933042578634,False
2061,2,0.8896766396332212,1.0,1.0,0,2,0.9500000000000001,False
2062,2,0.8959718011195532,1.0,1.0,0,2,0.9500000000000001,False
2063,4,0.7948386425856145,1.0,1.0126582278481013,1,2,0.9477879896795492,False
2064,4,0.8003833178668835,1.0,1.1013215859030836,0,2,0.8700000000000001,False
2065,4,0.493439064291446,0.25,1.2,1,2,0.5511167418391912,False
2066,4,0.6485732710863098,0.6,1.1111111111111112,0,2,0.7634361637988948,False
2067,4,0.9006440808802376,1.0,1.0,0,2,0.9500000000000001,False
2068,4,0.664033441512795,0.2857142857142857,1.0008340283569641,1,2,0.7191095701721503,False
2069,2,0.5446388442398955,0.4,1.0057142857142858,0,2,0.715559504674241,False
2070,3,0.7988648562808197,1.0,1.0057142857142858,1,2,0.9495135098346371,False
2071,4,0.6473290671323183,0.42857142857142855,1.0023529411764707,2,2,0.6664743621043271,False
2072,2,0.7527526782003018,0.2857142857142857,1.0,1,2,0.7571321001810819,False
2073,2,0.6586544528886614,0.6666666666666666,1.0,0,2,0.8755344480633948,False
2074,4,0.7020306795704211,0.5714285714285714,3.334393939393939,1,2,0.6944417198158949,False
2075,4,0.7496527478848429,0.75,1.0,1,2,0.9284226062363613,False
2076,3,0.8397546068897149,0.75,1.0023529411764707,1,2,0.9500000000000001,False
2077,2,0.7418243589792739,0.5,1.00117508813161,2,2,0.7367342490863557,False
2078,4,0.6692322044897917,0.375,1.0,1,2,0.7585399924003869,False
2079,3,0.5749222163844722,0.6666666666666666,1.0,0,2,0.8396492038473135,False
2080,3,0.6862164148456811,0.5555555555555556,1.0,1,2,0.8410504211772497,False
2081,4,0.8106543180495775,0.6666666666666666,1.0,1,3,0.9361111111111112,False
2083,4,0.8575512128777213,0.7,1.0499790004199916,1,2,0.9500000000000001,False
2084,4,0.620723264797295,0.5714285714285714,1.2121212121212122,1,2,0.6595956849131266,False
2085,3,0.7498886407689946,0.75,1.0146212121212121,1,2,0.9285237031867121,False
2086,2,0.6699342427197046,0.75,1.02,0,2,0.8942575325941592,False
2087,4,0.843309715670902,0.7,1.0499790004199916,1,2,0.9500000000000001,False
2088,4,0.5467241749754869,0.2,1.0,0,2,0.6331198845133039,False
2089,4,0.22416002417202885,0.0,1.298,0,3,0.2932114389308695,False
2090,3,0.9521222658042247,1.0,1.0,1,2,0.9500000000000001,False
2091,2,0.948844352832189,1.0,1.1002,0,2,0.8700000000000001,False
2092,4,0.7536551547911142,0.6666666666666666,1.0,1,2,0.9162490345930173,False
2093,2,0.7262728243303042,0.8333333333333334,1.0,1,2,0.9184026389987018,False
2094,3,0.4371275725521721,0.2,1.25,0,2,0.426149912046169,False
2095,2,0.716998853717914,0.8333333333333334,1.0,1,2,0.9144280801648205,False
2096,2,0.7980826789650219,0.5714285714285714,1.0315422703099213,1,2,0.895606862413581,False
2097,2,0.657980185851273,0.5,1.0,1,2,0.805801032031498,False
2098,3,0.7563735896549014,0.6,1.0,1,2,0.8896363003282911,False
2099,4,0.8540075681778694,0.8333333333333334,1.0,1,2,0.9500000000000001,False
2100,3,0.7364903037884026,0.6666666666666666,1.0146212121212121,1,2,0.9088926698775696,False
2101,2,0.42970160631417054,0.3333333333333333,1.0,0,2,0.638522910642581,False
2102,3,0.7474383276911475,0.5,1.0,1,2,0.8441402356771586,False
2103,4,0.7424055867434805,0.7142857142857143,1.0,0,2,0.9253166800329203,False
2104,4,0.8761506746677211,0.8333333333333334,1.0,0,2,0.9500000000000001,False
2105,2,0.7025557202366491,0.8333333333333334,1.0,1,1,0.9582381658157069,True
2106,4,0.39835513527710725,0.2222222222222222,1.0714285714285714,1,2,0.5787924124732576,False
2107,2,1.0000000000000007,1.0,1.0,1,1,1.0,True
2108,4,0.7049529293815016,0.5714285714285714,1.0133333333333334,1,2,0.8556941125920722,False
2110,2,0.8072990808000146,1.0,1.0185185185185186,0,2,0.9500000000000001,False
2111,3,0.8543309211750743,1.0,1.0,1,2,0.9500000000000001,False
2112,3,0.41465985305785624,0.3,1.1888111888111887,1,2,0.5381875560724146,False
2113,4,0.32519013541840774,0.2,1.0,1,2,0.5381767247031272,False
2114,4,0.2831897339292342,0.2,1.042857142857143,1,3,0.5201765526363386,False
2115,4,0.7099728713891568,0.6,1.0,1,1,0.9197502782144005,True
2116,2,0.6386467111507131,0.5714285714285714,1.0,1,1,0.8772771619217343,True
2117,2,0.8406353392042255,0.8,1.0,1,1,1.0,True
2118,4,0.5242302707193348,0.4,1.0,1,1,0.7568129731654292,True
2119,4,0.5860736300748822,0.5,1.0,0,1,0.824983936698759,True
2120,4,0.4901913217222837,0.3333333333333333,3.7037037037037037,1,2,0.5044470743889153,False
2121,3,0.5526457881078173,0.42857142857142855,1.0,0,1,0.7808958139509694,True
2122,4,0.4971656552776048,0.2857142857142857,1.0,1,1,0.697594804642783,True
2123,4,0.25679634916935895,0.18181818181818182,1.0,0,1,0.5512893444492057,False
2124,3,0.7254611619027223,0.5714285714285714,1.0,1,1,0.9144833551011666,True
2125,2,0.6683847688690742,0.4,1.0,0,1,0.8185934723724604,True
2126,4,0.8607258090658455,0.75,1.0,0,1,1.0,True
2127,4,0.7180041192122518,0.42857142857142855,1.0,0,1,0.8517636701385842,True
2128,2,0.8511753614054537,0.75,1.0,0,1,1.0,True
2129,2,0.8147545406415773,0.625,1.0,0,1,0.96875,True
2130,3,0.8475416200105569,0.8,1.0,1,1,1.0,True
2131,3,0.8111242187439803,0.8,1.0,0,1,1.0,True
2132,4,0.5454838462533024,0.2857142857142857,1.0,1,1,0.7183026007752248,True
2133,3,0.7823942286283774,0.8333333333333334,1.0,1,1,0.9924546694121616,True
2134,2,0.9169006157467888,0.8571428571428571,1.0,1,1,1.0,True
2135,4,0.7500414296814844,0.5,1.0,1,1,0.8952558508158743,True
2136,4,0.37225529045122735,0.5,1.0,1,1,0.7333475054314784,False
2137,4,0.4252505278126565,0.4,1.0,0,1,0.7143930833482813,True
2138,4,0.9461527961627674,1.0,1.0,1,1,1.0,True
2139,4,0.7594861319129258,0.6,1.4285714285714286,1,1,0.7809702470103016,False
2140,4,0.5374018521722053,0.25,1.0,1,1,0.6999579366452309,True
2141,4,0.7768785993347891,0.5555555555555556,1.0,1,1,0.929905643101153,True
2142,4,0.40278929734072005,0.2857142857142857,1.0,1,1,0.6571477940984037,True
2143,3,0.9320941087574912,1.0,1.0,0,1,1.0,True
2144,3,0.6668201891626417,0.5,1.0,0,1,0.8595896048792275,True
2145,2,0.8699370509312396,0.8,1.0,1,1,1.0,True
2146,2,0.9087311563679141,1.0,1.0,0,1,1.0,True
2147,2,0.932511757337391,1.0,1.0,0,1,1.0,True
2148,4,0.6757838420982335,0.5714285714285714,1.0,1,1,0.8931930751849573,True
2149,3,0.6530080379469835,0.75,1.0,0,1,0.9370034448344216,True
2150,3,0.9999999999999994,1.0,1.0,1,1,1.0,True
2151,2,0.7986823957588107,0.5,1.0,1,1,0.9161019791347285,True
2152,2,0.8273979388413364,0.5,1.0,1,1,0.9166666666666667,True
2153,3,0.49304919797384644,0.3,1.0,0,1,0.7017829896078389,True
2155,4,0.659643631853152,0.3333333333333333,1.0,1,1,0.7870694930164303,True
2156,4,0.5764215062554998,0.14285714285714285,2.0,2,1,0.4070377883952142,False
2157,4,0.6930993870349698,0.5,1.0,1,1,0.8708521182530824,True
2158,3,0.6642210411435443,0.3333333333333333,1.0,1,1,0.7890312398551698,True
2159,4,0.7478730395556873,0.4,1.0,0,1,0.8526598740952946,True
2160,4,0.8666834159316615,0.75,1.0,1,1,1.0,True
2161,2,0.724384182617753,0.4,1.0,2,1,0.7375932211218943,False
2162,3,0.37413955078218997,0.25,1.0,1,1,0.6299883789066528,False
2163,4,0.3702332112979617,0.2857142857142857,1.0,0,1,0.6431951857943645,False
2164,4,0.9291612274514932,1.0,1.0,0,1,1.0,True
2165,4,0.49196167684419384,0.25,1.0,0,1,0.6804835757903688,True
2166,4,0.7237901738506186,0.6666666666666666,1.0,1,1,0.9534497570470906,True
2167,2,0.7518688128029729,0.75,1.0008333333333332,1,2,0.9293723483441313,False
2168,3,0.2543853709103775,0.16666666666666666,1.0,0,1,0.5439429367393681,False
2169,2,0.8291234213358637,0.7142857142857143,1.0,0,1,1.0,True
2170,2,0.6661196821912491,0.5454545454545454,1.0,1,1,0.8782287815451674,True
2171,2,0.7335239193132639,0.5714285714285714,1.0,0,1,0.9179388225628273,True
2172,2,0.9999999999999991,1.0,1.0,0,1,1.0,True
2173,2,0.5713847021739967,0.375,1.0,1,1,0.7666053485507605,True
2174,2,0.6969171470451405,0.5,1.0,0,1,0.8724883011145841,True
2175,4,0.4430989072382488,0.4,1.0,0,1,0.7220423888163924,True
2176,2,0.6271011273455516,0.375,1.0,0,1,0.790483816481427,True
2177,2,0.8291234213358637,0.7142857142857143,1.0,0,1,1.0,True
2178,2,0.813575521785177,0.7142857142857143,1.0,0,1,1.0,True
2179,4,0.47820005100392354,0.3333333333333333,1.971830985915493,2,1,0.44430795836676096,False
2180,4,0.7730265421390853,0.5,1.0,0,1,0.9051066132977033,True
2181,4,0.9736412623046203,1.0,1.0,0,1,1.0,True
2182,3,0.838587689254061,0.8,1.0,0,1,1.0,True
2183,3,0.7994319283624332,0.6,1.0,1,1,0.9580898740600905,True
2184,3,0.4432302727014618,0.3333333333333333,1.0,2,1,0.5893209105228487,False
2185,3,0.3821794164322367,0.2,1.0,0,1,0.6126007022804824,False
2186,4,0.9553774403019039,1.0,1.0,0,1,1.0,True
2187,3,0.4941626457554727,0.2857142857142857,1.0,1,1,0.6963078005618693,True
2188,4,0.5214924618231715,0.3333333333333333,1.0,0,1,0.7278618487178672,True
2189,2,0.6352113594527016,0.36363636363636365,1.0,1,1,0.7892247817567856,True
2190,4,0.8603401144667596,0.8333333333333334,1.0,1,1,1.0,True
2191,4,0.9311369912216231,1.0,1.0,1,1,1.0,True
2192,4,0.619773647424199,0.5,1.0,0,1,0.8394268012770377,True
2193,2,0.9395572169342072,1.0,1.0,0,1,1.0,True
2194,3,0.26791105397074627,0.16666666666666666,1.0,0,1,0.5497396580509547,False
2195,2,0.6594595551227855,0.6,1.0,1,1,0.8981017141002414,True
2196,4,0.9457585932560264,1.0,1.0,1,1,1.0,True
2197,4,0.7107762330160693,0.5,1.0,1,1,0.8784279093878393,True
2198,4,0.5822219270929063,0.3333333333333333,1.0,1,1,0.7538887624048964,True
2199,3,0.7689706330715915,0.625,1.0,1,1,0.9554516998878251,True
2201,4,0.33850349458489715,0.0,1.0,0,1,0.5522157833935273,False
2202,2,0.9999999999999999,1.0,1.0,1,1,1.0,True
2203,4,0.9727127299799104,1.0,1.0,1,1,1.0,True
2204,3,0.7513269492912507,0.5,1.0,1,1,0.8958067877914884,True
2205,2,0.838027586588904,1.0,1.0,0,1,1.0,True
2206,4,0.7623206961352041,0.6,1.0,1,1,0.9421850602484207,True
2207,4,0.7380347786599037,0.5714285714285714,1.0,0,1,0.9198720479971016,True
2208,2,0.5386423990836151,0.5,1.0,1,1,0.8046562662739303,True
2209,2,0.9432858073754006,1.0,1.0,0,1,1.0,True
2210,2,0.7216244695826993,0.5714285714285714,1.0,1,1,0.9128390583925854,True
2211,4,0.612606992244638,0.3333333333333333,1.0,1,1,0.7669109331842099,True
2212,3,0.47450139467055513,0.25,1.0,1,1,0.6730005977159522,True
2213,3,0.7072290621749026,0.3333333333333333,1.0,1,1,0.8074632488686091,True
2214,3,0.28589273979118557,0.2,1.0,0,1,0.5713349837200319,False
2215,2,0.9238608834937638,1.0,1.0,0,1,1.0,True
2216,4,0.3147686324742548,0.125,1.0,1,1,0.5524603662984902,False
2217,4,0.9597327848172146,1.0,1.0,1,1,1.0,True
2218,2,0.9999999999999988,1.0,1.0,1,1,1.0,True
2219,4,0.7886107393336306,1.0,1.0,1,1,0.9951188882858417,True
2220,3,0.9315872393754427,1.0,1.0,0,1,1.0,True
2221,2,0.5480138621717204,0.6666666666666666,1.0,0,1,0.8781170520418484,True
2222,3,0.2535885160087671,0.25,1.0,1,1,0.5783236497180431,False
2223,4,0.5999926609315255,0.2857142857142857,1.0,2,1,0.6366635213516062,False
2224,2,1.0000000000000004,1.0,1.0,1,1,1.0,True
2225,4,0.5074678935712095,0.5,1.0,0,1,0.7912957639114708,True
2226,3,0.7658091350152293,0.6666666666666666,1.0,0,2,0.9214578832604953,False
2227,4,0.7120451450803468,0.5,1.0,1,1,0.8789717288439582,True
2228,3,0.11007965057483142,0.0,1.0,0,1,0.45431985024635635,False
2229,2,0.9541675449512776,1.0,1.0,1,1,1.0,True
2230,4,0.859088251349609,0.6666666666666666,1.0,1,1,0.9861111111111112,True
2231,4,0.9041620844120247,0.75,1.0,1,1,1.0,True
2232,4,0.33906345556852696,0.25,1.0,0,1,0.6149557666722258,False
2233,4,0.9651329398867269,1.0,1.0,0,1,1.0,True
2234,4,0.8262023289548458,0.5714285714285714,1.0,1,1,0.9464285714285714,True
2235,4,0.6577037393584838,0.6666666666666666,1.0,0,1,0.9251269994076041,True
2236,4,0.7465549730671185,0.375,1.0,1,1,0.8416783217906698,True
2237,4,0.7879208332991126,0.5555555555555556,1.0,1,1,0.9346380290858631,True
2238,4,0.3199634292896057,0.3,1.0,0,1,0.6276033744574501,False
2239,4,0.4189323039096629,0.375,1.0,0,1,0.7012686064374746,True
2240,4,0.0,0.0,1.0,0,1,0.44999999999999996,False
2241,4,0.17938512597633965,0.16666666666666666,1.0142857142857142,0,1,0.5117999746247804,False
2242,4,0.1078994458050463,0.0,1.0,0,1,0.4533854767735913,False
2243,4,0.6706908018966424,0.5714285714285714,1.0,0,1,0.8910103436699897,True
2244,4,0.6125986165875332,0.5,1.0,1,1,0.8363517880613238,True
2245,4,0.2824171551302905,0.125,1.0,1,1,0.5385954474367911,False
2246,3,0.7287995322261859,0.5714285714285714,1.0,1,1,0.915914085239794,True
2247,3,0.9446842599235346,1.0,1.0,1,1,1.0,True
2248,3,0.6967799154041827,0.7142857142857143,1.0,0,1,0.9557628208875069,True
2249,4,0.30570174941135736,0.3333333333333333,1.0,0,1,0.6353801148270897,False
2250,4,0.5130124895437528,0.5555555555555556,1.0,1,1,0.8168201674764233,True
2251,4,0.18596163833932136,0.18181818181818182,1.0,0,1,0.5209316112363326,False
2252,2,0.8772929230427935,0.8571428571428571,1.0,1,1,1.0,True
2253,4,0.7025545584053697,0.5555555555555556,1.0,1,1,0.8980524827028304,True
2254,3,0.9462877908504108,1.0,1.0,0,1,1.0,True
2255,4,0.30298580120006596,0.2857142857142857,1.0,0,1,0.6143748671809807,False
2256,4,0.5055161954237269,0.25,1.0,0,1,0.6862926551815972,True
2257,3,0.3773620573653296,0.16666666666666666,1.0,1,1,0.5966472309343476,False
2258,3,0.9552003319592237,1.0,1.0,0,1,1.0,True
2259,4,0.24446378691800913,0.1,1.0,1,1,0.5119130515362896,False
2260,4,0.7814536503251128,0.75,1.0,1,1,0.9920515644250483,True
2261,2,0.7769195649915018,0.6666666666666666,1.0,0,1,0.976219496107469,True
2262,4,0.4950157163359452,0.5,1.0,0,1,0.7859591165249289,True
2263,3,0.8942008487852864,1.0,1.0,1,1,1.0,True
2264,4,0.6517231980053371,0.5,1.0,1,1,0.8531194658118111,True
2265,4,0.3251383180260708,0.2727272727272727,1.0,1,1,0.6184575475522988,False
2266,4,0.9534772068255206,1.0,1.0,1,1,1.0,True
2267,4,0.9593927505570765,1.0,1.0,1,1,1.0,True
2268,4,0.9551823659457073,1.0,1.0,1,1,1.0,True
2269,3,0.3861146947537208,0.2222222222222222,1.0,1,1,0.6235465093918062,False
2270,4,0.6808027985097006,0.4,1.0,0,1,0.8239154850755861,True
2271,3,0.57331281232771,0.25,1.0,0,1,0.7153483481404471,True
2272,4,0.3442270765761698,0.25,1.0,0,1,0.6171687471040728,False
2273,2,0.8478987871507254,0.7142857142857143,1.0,0,1,1.0,True
2274,4,0.6138082428394104,0.25,1.0,0,1,0.7327035326454616,True
2275,3,0.5554802747410569,0.25,1.0,1,1,0.7077058320318815,True
2276,3,0.9168832750309336,0.75,1.0,1,1,1.0,True
2277,4,0.9081729187331151,1.0,1.0,1,1,1.0,True
2278,4,0.6487656435888044,0.4,1.0,0,1,0.8101852758237733,True
2279,4,0.581538711063005,0.5,1.0,0,1,0.8230403999793832,True
2280,4,0.5894641937675494,0.5,1.0,0,1,0.8264370354241879,True
2281,4,0.7310490873893463,0.6666666666666666,1.0,0,1,0.9565607199922594,True
2282,2,0.8138335714520267,0.25,1.0,0,1,0.8125,True
2283,3,0.6443722753965915,0.25,1.0,1,1,0.7458024037413964,True
2284,4,0.8126108192430397,0.75,1.0,1,1,1.0,True
2285,4,0.2204123559148229,0.2857142857142857,1.0,0,1,0.5789862477730193,False
2286,4,0.47673381366958795,0.2857142857142857,1.0,0,1,0.68883830109649,True
2287,4,0.6487998203138894,0.5,1.0,0,1,0.8518665896583335,True
2288,3,0.42013776301286676,0.4,3.5,1,1,0.5522018984340858,False
2289,2,0.7435854554906625,0.5714285714285714,1.0,1,1,0.9222509094959983,True
2290,4,0.8407534354034509,0.6666666666666666,1.0,0,1,0.9861111111111112,True
2291,4,0.8838666715140039,0.8,1.0,1,1,1.0,True
2292,3,0.8338944558947738,0.8,1.0,1,1,1.0,True
2293,4,0.9896648911521662,1.0,1.0,1,1,1.0,True
2294,3,0.6106670509326053,0.6,2.0,1,1,0.7171906408758785,False
2295,3,0.49168997676775045,1.0,1.0142857142857142,0,1,0.8678671329004646,True
2296,4,0.7616345923249614,0.75,1.0,0,1,0.9835576824249834,True
2297,4,0.938634480977505,1.0,1.0,1,1,1.0,True
2298,4,0.708463115309333,0.42857142857142855,1.0,0,1,0.8476746684659047,True
2299,3,0.3357406662585621,0.125,1.0,2,1,0.45644838077747896,False
2300,2,0.9570507451166557,1.0,1.0,0,1,1.0,True
2301,4,0.447471754599065,0.5,1.0,0,1,0.7655831329234088,True
2302,4,0.7356534195231631,0.5555555555555556,1.0,1,1,0.9122377088961704,True
2303,3,0.2210213754457255,0.2,1.0,0,1,0.5435329704291204,False
2304,4,0.6629152271215583,0.7142857142857143,1.0,1,1,0.9412493830520965,True
2305,3,0.7047135734900406,0.8,1.0,1,1,0.9591629600671603,True
2306,3,0.731294537057775,0.5,1.0,1,1,0.8872214682628561,True
2307,4,0.24637199787022113,0.18181818181818182,1.0,0,1,0.5468217653210039,False
2308,4,0.32153214443806344,0.2222222222222222,1.0,0,1,0.5958682735422388,False
2309,4,0.3650973157326082,0.5,1.0,0,1,0.7302798019806416,False
2310,4,0.29338270977988073,0.14285714285714285,1.0,0,1,0.5507354470485203,False
2311,2,1.0000000000000002,1.0,1.0,1,1,1.0,True
2312,4,0.34461026444661075,0.4,1.0,0,1,0.6798329704771189,False
2313,3,0.7086212066901553,0.5714285714285714,1.0,0,1,0.9072662314386379,True
2314,4,0.498100092374525,0.25,1.0,0,1,0.6831143253033679,True
2315,4,0.2561671893129327,0.2,1.0,0,1,0.5585954620864949,False
2316,4,0.36530560999641754,0.2,1.0,2,2,0.45036907095084555,False
2317,4,0.0,0.0,1.0,0,1,0.44999999999999996,False
2318,2,0.4044802125774574,0.375,1.0,0,1,0.6950748530093865,True
2319,2,0.7365367601708449,0.6666666666666666,1.0,0,1,0.9589125797557589,True
2320,4,0.7491302835788979,0.25,1.0,1,1,0.7906986929623848,True
2321,3,0.9143745781387139,0.8,1.0,1,1,1.0,True
2322,2,0.9491232769170183,1.0,1.0,1,1,1.0,True
2323,2,0.7156680867888046,0.2857142857142857,1.0,0,1,0.7912387038618687,True
2324,2,0.6894248360261672,1.0,1.0,0,1,0.9526106440112145,True
2325,4,0.7033787776809994,0.6666666666666666,1.0,0,1,0.9447020158315395,True
2326,3,0.9543051177805384,1.0,1.0,0,1,1.0,True
2327,4,0.6864733198512966,0.5,1.0,0,1,0.8680123751743652,True
2328,4,0.5045278331306695,0.4,1.0,0,1,0.7483690713417155,True
2329,3,0.7698896818756125,1.0,1.0,0,1,0.987095577946691,True
2330,2,1.0000000000000002,1.0,1.0,0,1,1.0,True
2331,2,0.8582349142907819,1.0,1.0,0,1,1.0,True
2332,4,0.5981543040242401,0.4,1.0,0,1,0.7884947017246744,True
2333,4,0.6986048381429927,0.5,1.0,0,1,0.8732115972993779,True
2334,2,0.7996716791713877,1.0,1.0,0,1,0.9998592910734518,True
2335,3,0.6332256386286348,0.625,1.0,0,1,0.8972752736979863,True
2336,2,0.5928846169903508,0.75,1.0,0,1,0.9112362644244361,True
2337,4,0.6702856867645064,0.75,1.0,0,1,0.9444081514705027,True
2338,4,0.8029759030455246,0.75,1.0,1,1,1.0,True
2339,4,0.2198217294950217,0.14285714285714285,1.0,0,1,0.5192093126407236,False
2340,4,0.8435409575293658,0.6,1.0,1,1,0.9583333333333333,True
2341,3,0.9673175077673126,1.0,1.0,1,1,1.0,True
2342,3,0.8068365877542174,0.6,1.0,0,1,0.9583333333333333,True
2343,4,0.6302064522328102,0.4,1.0,1,1,0.8022313366712044,True
2344,4,0.40829873131423494,0.125,1.0,1,1,0.5925446943727674,False
2345,4,0.8515637638637673,0.5,1.0,1,1,0.9166666666666667,True
2346,4,0.8483131082563153,0.6,1.0,1,1,0.9583333333333333,True
2347,4,0.3217185460088722,0.1,1.0,1,1,0.5450222340038023,False
2348,4,0.963413089496269,1.0,1.0,1,1,1.0,True
2349,3,0.9468567157632918,1.0,1.0,1,1,1.0,True
2350,3,0.9587668594451356,1.0,1.0,1,1,1.0,True
2351,4,0.6299180955394745,0.42857142857142855,1.0,1,1,0.8140125171359653,True
2352,3,0.36801066477609257,0.16666666666666666,1.0,1,1,0.592639491253246,False
2353,4,0.2654047148870481,0.1111111111111111,1.0,1,1,0.5255173645812217,False
2354,4,0.6128515900027265,0.75,1.0,1,1,0.919793538572597,True
2355,3,0.7568015213427159,0.6666666666666666,1.0,0,1,0.9675974774008465,True
2356,3,0.5818077453190935,0.3333333333333333,1.0,1,1,0.7537112559304051,True
2357,3,0.8615587842504169,0.6,1.0,1,1,0.9583333333333333,True
2358,4,0.8535551564960998,0.8,1.0,1,1,1.0,True
2359,4,0.8586300703609239,0.6,1.0,1,1,0.9583333333333333,True
2360,2,0.43959444333905645,0.25,1.0,0,1,0.6580404757167385,True
2361,3,0.9668889805846466,1.0,1.0,1,1,1.0,True
2362,4,0.1704637196678046,0.14285714285714285,1.0,0,1,0.49805587985763056,False
2363,2,0.9289543722056944,1.0,1.0,1,1,1.0,True
2364,2,0.7633474680664256,0.5,1.0,1,1,0.9009584386951348,True
2365,4,0.24499562471763803,0.14285714285714285,1.0,0,1,0.5299981248789877,False
2366,4,0.30197151301022546,0.16666666666666666,1.0,0,1,0.564336997639303,False
2367,4,0.6219976418006193,0.42857142857142855,1.0,1,1,0.8106180369621703,True
2368,4,0.520004528593534,0.4,1.0,0,1,0.7550019408258004,True
2369,3,0.6281675505807942,0.5,1.0,0,1,0.8430241883441499,True
2370,4,0.26768940836345767,0.2,1.0,0,1,0.5635335559652914,False
2371,4,0.9785927675281733,1.0,1.0,0,1,1.0,True
2372,4,0.8744441160197158,1.0,1.0,1,1,1.0,True
2373,2,0.7446089849554883,0.5,1.0,1,1,0.8929276602190188,True
2374,4,0.8868672038726173,1.0,1.0,0,1,1.0,True
2375,2,0.9621464889862589,1.0,1.0,1,1,1.0,True
2376,4,0.40123176378000136,0.16666666666666666,1.0,0,1,0.606877105112064,False
2377,4,0.44167132814227683,0.3333333333333333,1.0,1,1,0.6936527914260552,True
2378,4,0.7229035897418684,0.75,1.0,1,1,0.9669586813179436,True
2379,2,0.9467004730729682,1.0,1.0,1,1,1.0,True
2380,4,0.02632600944446203,0.0,1.0,0,1,0.44999999999999996,False
2381,2,0.9657644317727899,1.0,1.0,1,1,1.0,True
2382,3,0.33768256500123717,0.125,1.0,0,1,0.5622806230957683,False
2383,4,0.7165233448334087,0.42857142857142855,1.0,0,1,0.8511290525476514,True
2384,2,0.8314208159679538,0.8,1.0,1,1,1.0,True
2385,3,0.3508303992031935,0.16666666666666666,1.0,0,1,0.5852765202934321,False
2386,2,0.9999999999999996,1.0,1.0,1,1,1.0,True
2387,2,0.960285858838565,1.0,1.0,0,1,1.0,True
2388,3,0.9475625693709373,1.0,1.0,1,1,1.0,True
2389,4,0.30525587165542445,0.16666666666666666,1.0,0,1,0.5657445799158168,False
2390,4,0.42280753917235026,0.16666666666666666,1.0,0,1,0.6161238659944993,False
2391,2,0.7393252530687816,0.4,1.0,1,1,0.8489965370294779,True
2392,4,0.383551879955433,0.3333333333333333,1.0,0,1,0.6687444564888363,False
2393,4,0.806124499398189,0.6,1.0,1,1,0.9583333333333333,True
2394,2,0.9999999999999999,1.0,1.0,1,1,1.0,True
2395,3,0.9480132796540535,1.0,1.0,0,1,1.0,True
2396,3,0.8540708692176838,0.625,1.0,1,1,0.96875,True
2397,4,0.4437226341147525,0.2,1.0,0,1,0.6389763670015606,False
2398,4,0.3462873624379731,0.16666666666666666,1.0,0,1,0.5833295045369091,False
2399,3,0.6933105672973734,0.5,1.0,1,1,0.8709426240798268,True
2400,4,0.7178250763787091,0.42857142857142855,1.0,1,1,0.8516869374956373,True
2401,4,0.10175175442742082,0.0,1.0,0,1,0.45075075189746605,False
2402,4,0.748837905041066,0.5,1.0,1,1,0.8947400545414093,True
2403,3,0.9346007490864311,1.0,1.0,1,1,1.0,True
2404,3,0.29539706590642434,0.16666666666666666,1.0,0,1,0.5615193774519596,False
2405,4,0.4245335973213197,0.25,1.0,1,1,0.6515858274234227,True
2406,4,0.3199177856678557,0.2,1.0,0,1,0.5859171462386048,False
2407,3,0.3358622901164918,0.4,1.0,0,1,0.6760838386213537,False
2408,3,0.08278038691045307,0.0,1.0,0,1,0.44999999999999996,False
2409,3,0.33732897511938686,0.16666666666666666,1.0,0,1,0.5794901956860864,False
2410,4,0.029969455867800948,0.0,1.0,0,1,0.44999999999999996,False
2411,3,0.33035190539483134,0.14285714285714285,1.0,0,1,0.5665793880263562,False
2412,3,0.7987834510649868,0.25,1.0022067522067521,1,1,0.8119786218849944,True
2413,4,0.4942929516670563,0.2,4.506066120715802,1,1,0.5006493602382622,False
2414,2,0.9403189892804711,1.0,1.0,0,1,1.0,True
2415,3,0.8806828528293793,0.75,1.0,0,1,1.0,True
2416,3,0.5945676585656532,0.3333333333333333,1.0,0,1,0.7591797901789308,True
2417,3,0.6841772773478527,0.7142857142857143,1.0153846153846153,1,1,0.950361690291937,True
2418,2,1.0000000000000002,1.0,1.0,0,1,1.0,True
2419,2,0.7540795732571733,0.5714285714285714,1.0012045454545455,1,1,0.9267483885387886,True
2420,3,0.7013174455128314,0.3333333333333333,1.0,1,1,0.8049296988705785,True
2421,4,0.7112193915270217,0.5,1.0153846153846153,0,1,0.8786178344639617,True
2422,2,0.9999999999999998,1.0,1.0,1,1,1.0,True
2423,4,0.5981118245135657,0.25,1.0153846153846153,0,1,0.7259764962200996,True
2424,4,0.3463239414015161,0.2,1.2123048946810122,1,1,0.43723407012445925,False
2425,4,0.6311262296100105,0.42857142857142855,1.2012012012012012,1,1,0.6545302888804807,False
2426,4,0.3369248007825136,0.2857142857142857,1.0,0,1,0.6289201527163153,False
2427,4,0.7562303690474954,0.7142857142857143,1.24,1,1,0.821241586734641,False
2428,3,0.5571185763755365,0.3333333333333333,1.0057142857142858,0,1,0.7431301835260236,True
2429,3,0.8117881611811011,0.7142857142857143,4.0,0,1,0.8400000000000001,False
2430,3,0.8973593314855276,0.5,1.0,1,1,0.9166666666666667,True
2431,4,0.2783327256169212,0.16666666666666666,1.0,0,1,0.5542060887564583,False
2432,4,0.5632460431575564,0.4,1.0011123470522805,1,1,0.7735340184960957,True
2433,4,0.5383747737226564,0.4444444444444444,1.0,1,1,0.7813934215425142,True
2434,2,0.7911080862157978,0.8571428571428571,1.0,1,1,0.9961891798067704,True
2435,2,0.8299704918668435,0.5,1.0,1,1,0.9166666666666667,True
2436,4,0.601237696534244,0.6666666666666666,1.0,1,1,0.9009272667686443,True
2437,4,0.543997005589308,0.25,1.0,0,1,0.7027844309668463,True
2438,4,0.6866489672521243,0.5,1.0032046816218476,1,1,0.8680876526318628,True
2439,4,0.9496093609159827,1.0,1.0,1,1,1.0,True
2440,2,0.9161732319827889,0.5,1.0,1,1,0.9166666666666667,True
2441,2,0.8486522297462177,0.8571428571428571,1.0,1,1,1.0,True
2442,2,0.9593233875244882,1.0,1.0,1,1,1.0,True
2443,4,0.42339157309883785,0.4,1.0,0,1,0.7135963884709305,True
2444,4,0.9502331351489522,1.0,1.0,1,1,1.0,True
2445,4,0.5879846774646804,0.2,1.0,0,1,0.7008029570086726,False
2446,4,0.47024676296260254,0.2857142857142857,1.000432004729315,1,1,0.686058136507782,True
2447,4,0.5025630287846586,0.2,1.201201201201201,1,1,0.504193679002949,False
2448,2,0.948818884319073,1.0,1.0,1,1,1.0,True
2449,3,0.9704855020758866,1.0,1.0,1,1,1.0,True
2450,3,0.9689201912250276,1.0,1.0,1,1,1.0,True
2451,4,0.45500362147223106,0.3333333333333333,1.0,0,1,0.699366631424607,True
2452,3,0.7517459440269367,0.6,1.0,1,1,0.937653023630592,True
2453,2,0.514942981685065,0.5,1.0,0,1,0.7944993731031231,True
2454,2,0.9546107045940515,1.0,1.0,1,1,1.0,True
2455,3,0.9612236742558004,1.0,1.0,1,1,1.0,True
2456,2,0.9999999999999997,1.0,1.0,1,1,1.0,True
2457,3,0.49773000685032226,0.5,1.0,1,1,0.7871223838882333,True
2458,3,0.7530593821032207,0.5,1.0012045454545455,1,1,0.8965492589966184,True
2459,2,0.9724990109185585,1.0,1.0,1,1,1.0,True
2460,4,0.8661074337399804,0.8333333333333334,1.0,1,1,1.0,True
2461,4,0.6283311167780369,0.3333333333333333,1.0,1,1,0.7736498436985237,True
2462,4,0.8003141036055389,0.5,1.0,0,1,0.9166666666666667,True
2463,3,0.9347927211049596,1.0,1.0,1,1,1.0,True
2464,4,0.4197022168508585,0.3333333333333333,1.0,0,1,0.6842374580154473,True
2465,4,0.3560147871146442,0.3333333333333333,1.0,0,1,0.6569428452713555,False
2466,2,0.5608392888382141,0.3333333333333333,1.0,0,1,0.7447247745814568,True
2467,4,0.6377646907223637,0.5,1.0003409187761017,1,1,0.8471372484048225,True
2468,2,0.8861006021043851,1.0,1.0,0,1,1.0,True
2470,3,0.5581262565945284,0.5714285714285714,1.0,1,1,0.8427683956833694,True
2471,4,0.40689146161424883,0.25,1.0015250495072041,1,1,0.6440249121203924,True
2472,4,0.45678862345701937,0.5,1.0,0,1,0.769576076719675,True
2473,2,0.6673094592436286,0.3333333333333333,1.0,0,1,0.7903548476123488,True
2474,4,0.4245668158090555,0.14285714285714285,1.0,0,1,0.6069572067753095,False
2475,4,0.7264990210429307,0.4,1.0057142857142858,1,2,0.7934995804469706,False
2476,3,0.336573941404427,0.25,1.126,0,1,0.5338888320304687,False
2477,3,0.765773386813381,0.5,1.0,1,1,0.9019981181581158,True
2478,4,0.2972661676081267,0.2222222222222222,1.0,0,1,0.5854685691865517,False
2479,4,0.6060046448749951,0.6666666666666666,1.0,0,1,0.9029702446289662,True
2480,4,0.3959225043320986,0.4,1.0,0,1,0.7018239304280423,False
2481,3,0.9723097601555998,1.0,1.0,1,1,1.0,True
2482,3,0.5182348505398994,0.2857142857142857,1.0,0,1,0.706624459755195,True
2483,4,0.29801794170784573,0.2857142857142857,1.0,0,1,0.6122457845414576,False
2484,4,0.6024459033925084,0.6666666666666666,1.0,1,1,0.9014450697079004,True
2485,2,0.8263506750860939,0.6666666666666666,1.0010010010010009,1,1,0.9861111111111112,True
2486,4,0.4240368855339245,0.4,1.0,0,1,0.7138729509431105,True
2487,4,0.3738676112208125,0.2857142857142857,1.0,0,1,0.6447527857613006,False
2488,3,0.5816548672013923,0.6,1.0000947059380623,1,1,0.8647568478482157,True
2489,2,0.9454028355475034,1.0,1.0,1,1,1.0,True
2490,3,0.8676105226296765,0.6,1.0,1,1,0.9583333333333333,True
2491,4,0.40004248645370366,0.3333333333333333,1.0,0,1,0.6758118592738095,True
2492,4,0.5898260415976643,0.25,1.0080645161290323,1,1,0.722425446398999,True
2493,2,0.9642010024897505,1.0,1.0,1,1,1.0,True
2494,2,0.8435811824019943,0.6,1.0,1,1,0.9583333333333333,True
2495,3,0.9082524569866978,1.0,1.0012045454545455,1,1,1.0,True
2496,4,0.437753419846481,0.5,1.0,0,1,0.7614181323151585,True
2497,4,0.37383439235483457,0.4,1.0,0,1,0.6923575967235005,False
2498,2,0.9515596985690551,1.0,1.0,1,1,1.0,True
2499,2,0.5787056570428767,0.3333333333333333,1.0,0,1,0.7523817895263123,True
2500,2,0.6934435661705788,0.5,1.0,1,1,0.8709996235969149,True
2501,4,0.49272173019427734,0.3333333333333333,1.0,0,1,0.7155315351626268,True
2502,3,0.2959791742919467,0.1111111111111111,1.0,0,2,0.48862070432617827,False
2503,4,0.38100302570551475,0.2857142857142857,1.0,0,1,0.6478108205404587,False
2504,4,0.9445573378256987,1.0,1.0,1,1,1.0,True
2505,3,0.3132996261390154,0.2,1.0,0,1,0.5830807921548161,False
2506,3,0.6929978493385769,0.4,1.0,1,1,0.8291419354308187,True
2507,4,0.9533718444700627,1.0,1.0,1,1,1.0,True
2508,3,0.9020361369300172,0.6666666666666666,1.0,1,1,0.9861111111111112,True
2510,3,0.6739060187251042,0.6666666666666666,1.0,0,1,0.9320708334218701,True
2511,4,0.29290397016101255,0.16666666666666666,1.0,0,1,0.5604509078467831,False
2512,4,0.9068305404399184,1.0,1.0,1,1,1.0,True
2513,4,0.3983768348584027,0.4,1.0,1,1,0.7028757863678868,False
2514,3,0.9204207306403396,1.0,1.0,1,1,1.0,True
2515,2,0.6067683211607589,0.5,1.0057142857142858,1,1,0.8338530900212777,True
2516,3,0.8598103127788967,0.625,1.0,1,1,0.96875,True
2517,4,0.3660290113863988,0.3333333333333333,1.0,0,1,0.661234655673536,False
2518,4,0.883014092873934,0.75,1.0,0,1,1.0,True
2519,3,0.4127407172061561,0.125,1.0,2,1,0.48944840261216216,False
2520,3,0.8789601926227976,1.0,1.0057142857142858,1,1,1.0,True
2521,4,0.9026124714800753,0.6,1.0,1,1,0.9583333333333333,True
2522,3,0.6393366116096018,0.5,1.0,0,1,0.8478109287850675,True
2523,4,0.3073359698221569,0.3333333333333333,1.0,0,1,0.6360804950031466,False
2524,4,0.4546806333627892,0.3333333333333333,1.0,0,1,0.6992282079491319,True
2525,4,0.4544603040422657,0.5,1.0,0,1,0.7685782255419233,True
2526,4,0.48631400476832803,0.25,1.0057142857142858,1,1,0.678063144900712,True
2527,3,0.6988582593719777,0.3333333333333333,1.0,1,1,0.8038757619530699,True
2528,4,0.3300903974821034,0.2857142857142857,1.0,0,1,0.6259911227304252,False
2529,4,0.32267093156913573,0.3333333333333333,1.0,0,1,0.6426526214661376,False
2530,4,0.7057919539852466,0.5,1.0,0,1,0.876291789803201,True
2531,3,0.4197767191683658,0.16666666666666666,1.0,0,1,0.6148249431356488,False
2532,3,0.6531124027282273,0.6666666666666666,1.0006367109332364,1,2,0.8731592837089229,False
2533,4,0.572236014334232,0.3333333333333333,1.0,0,1,0.7496090855083216,True
2534,2,0.8924132568025639,0.7142857142857143,1.0,1,1,1.0,True
2535,4,0.4915193154505355,0.4,1.0,0,1,0.7427939923359438,True
2536,4,0.6581654559062086,0.5714285714285714,1.0,1,1,0.8856423382455181,True
2537,2,0.3561643075237877,0.3333333333333333,1.0,0,1,0.6570069254467027,False
2538,4,0.6861241508478026,0.3333333333333333,1.0,0,1,0.7984182868712806,True
2539,4,0.8588779010368155,0.5714285714285714,1.0,1,1,0.9464285714285714,True
2540,3,0.46412609414483996,0.2,1.0,0,1,0.6477207070144552,False
2541,2,0.7489218623256523,0.5,1.0,0,1,0.8947760362348034,True
2542,4,0.3676369357489592,0.4,1.0,0,1,0.6897015438924111,False
2543,4,0.6557883765776118,0.75,1.1428571428571428,1,1,0.8581950185332622,True
2544,2,0.980390557979104,1.0,1.0,1,1,1.0,True
2545,3,0.5224430593590919,0.375,1.0,0,1,0.7456303587729441,True
2546,4,0.7632698323922203,0.6666666666666666,1.0,1,1,0.970369610707777,True
2547,3,0.49765180569891,0.2857142857142857,1.0,0,1,0.6978031548233423,True
2548,3,0.6189979461078319,0.25,1.0057142857142858,1,1,0.7349276911890708,True
2549,4,0.4003433389121816,0.3333333333333333,1.0,0,1,0.6759407960417286,True
2550,2,0.9496440635818402,0.8,1.0,0,1,1.0,True
2552,2,0.6388962936485819,0.6,1.0,0,1,0.8892888877541543,True
2553,2,0.8969986788566277,1.0,1.0,1,1,1.0,True
2554,2,0.927366346292586,1.0,1.0,0,1,1.0,True
2555,4,0.4766815037287561,0.3333333333333333,1.0,0,1,0.7086571523916891,True
2556,4,0.8531786670291054,1.0,1.0,0,1,1.0,True
2557,4,0.3306787349651341,0.3333333333333333,1.0695187165775402,0,1,0.6460845372072797,False
2558,4,0.44881356480563134,0.25,1.0,1,1,0.661991527773842,True
2559,3,0.48891763129469545,0.16666666666666666,1.0,1,1,0.6444567626183616,False
2560,3,0.7251552678269975,0.75,1.0,1,1,0.9679236862115703,True
2561,4,0.4703205795730317,0.3333333333333333,1.0,0,1,0.7059310420392357,True
2562,3,0.33130234255404784,0.25,1.0,0,1,0.6116295753803062,False
2563,3,0.08868898499855923,0.0,1.0,1,1,0.44999999999999996,False
2564,2,0.6875462279601674,0.3333333333333333,1.0,0,1,0.7990277484908654,True
2565,4,0.49910731053193863,0.5714285714285714,1.0,0,1,0.8174745616565451,True
2566,3,0.506642719559585,0.2857142857142857,1.0,0,1,0.7016564036207745,True
2567,4,0.4605515120586688,0.4,1.0057142857142858,1,1,0.7295220765965723,True
2568,2,0.8826754853451912,0.8,1.0,1,1,1.0,True
2569,3,0.8894321611986346,0.8571428571428571,1.0,1,1,1.0,True
2570,3,0.8732848946508158,0.75,1.0,1,1,1.0,True
2571,3,0.5006184719660394,0.3333333333333333,1.0,0,1,0.7189158530648105,True
2572,4,0.7189176650213176,0.6,1.001308497536946,1,2,0.8735837611996123,False
2573,2,0.7628881099468441,0.75,1.0,0,1,0.9840949042629332,True
2574,2,0.2738572437707338,0.2,1.0,0,1,0.5661769139969811,False
2575,3,0.9480355404871824,1.0,1.0,1,1,1.0,True
2576,3,0.9127273147297419,0.8571428571428571,1.0,1,1,1.0,True
2577,2,0.9482948465347656,1.0,1.0,1,1,1.0,True
2578,4,0.7748189766130593,0.6,1.0,0,1,0.9475414661675017,True
2579,3,0.6578006172924058,0.3333333333333333,1.0,0,1,0.7862796296332533,True
2580,4,0.6438065512312837,0.375,1.0,1,1,0.7976432838610263,True
2581,4,0.896051503129453,0.8571428571428571,1.0,1,2,0.9500000000000001,False
2582,2,0.19726674739481745,0.14285714285714285,1.0526315789473684,0,1,0.509542891740636,False
2583,4,0.29401210838860414,0.16666666666666666,2.096774193548387,1,1,0.40092582423003664,False
2584,4,0.11878483272152292,0.14285714285714285,1.216,0,1,0.31590778545208126,False
2585,4,0.41876938301426014,0.5,1.0007698229407236,0,2,0.7032821165299211,False
2586,2,0.6897678531029248,0.5,1.004389103573303,1,1,0.8694243179964916,True
2587,3,0.5701648616347716,0.4,1.25,0,1,0.6164992264149022,False
2588,3,0.2626007198515117,0.14285714285714285,1.1764705882352942,0,2,0.4075431656506478,False
2589,4,0.7515058192704042,0.6666666666666666,1.0,1,2,0.9153278907984274,False
2590,4,0.2947642700134622,0.15384615384615385,1.9904458598726114,1,2,0.3459062988702384,False
2591,3,0.3392950175111509,0.3333333333333333,1.0,0,1,0.6497772297270011,False
2592,4,0.25875179122900294,0.2,2.1114864864864864,1,2,0.3497031486219537,False
2593,4,0.6009892491219825,0.5,1.1428571428571428,0,1,0.751376344861802,True
2594,3,0.28982253876744457,0.125,1.25,0,2,0.33176918328128574,False
2595,4,0.23293503581481345,0.2,1.1016949152542372,0,2,0.41863882487301524,False
2596,2,0.7723782797226703,0.6363636363636364,1.016,1,1,0.961646968365993,True
2597,2,0.38023183806794475,0.5,1.018181818181818,0,1,0.7367660258386429,False
2598,2,0.4137844458799636,0.6666666666666666,1.0105263157894737,0,1,0.8205901593453813,True
2599,4,0.40573134043047393,0.42857142857142855,1.10625,0,1,0.6379324792321078,True
2600,3,0.2820349444566766,0.2,1.25,0,2,0.3596816428623852,False
2601,3,0.634501724332842,0.5714285714285714,1.271186440677966,0,2,0.6655007389997896,False
2602,3,0.7473817621162772,0.5714285714285714,1.0294117647058822,0,1,0.923877898049833,True
2603,4,0.707105996187791,0.6666666666666666,1.125,2,1,0.761299395191593,False
2604,3,0.45418320990207617,0.125,1.1,0,1,0.6122094709104136,False
2605,4,0.3210170257441701,0.25,1.0588235294117647,1,2,0.5572215824617872,False
2606,4,0.2526754366909445,0.3,1.0344827586206897,1,1,0.5987656633437382,False
2607,3,0.8153917304638371,1.0,1.0204081632653061,1,2,0.9500000000000001,False
2608,4,0.35738637300859877,0.3333333333333333,1.4705882352941178,1,2,0.44753066779733597,False
2609,2,0.47314775986404206,0.3333333333333333,1.0,0,2,0.6571426907353831,False
2610,4,0.8432164302005063,1.0,1.0,1,2,0.9500000000000001,False
2611,4,0.3201889518058989,0.2857142857142857,4.0,1,3,0.4117476460120519,False
2612,3,0.634088780904646,0.6666666666666666,1.25,0,2,0.7050063029273881,False
2613,4,0.23142553913972558,0.25,2.1619047619047618,1,2,0.35882523105988234,False
2614,4,0.5099832793559036,0.5,1.3333333333333333,0,1,0.6323737863906254,False
2615,3,0.8100244337144382,1.0,1.0294117647058822,1,2,0.9500000000000001,False
2616,4,0.8301296145679511,0.5714285714285714,1.0,1,2,0.8964285714285715,False
2617,4,0.7865635772344948,1.0,1.0133333333333334,1,2,0.9442415331004977,False
2618,2,0.9766184902099162,1.0,1.0,1,1,1.0,True
2619,4,0.5604904714829005,0.5714285714285714,1.2334801762114538,1,1,0.6837816306355289,False
2620,3,0.3974065551878982,0.14285714285714285,1.0,0,1,0.5953170950805278,False
2621,3,0.9077074311862332,1.0,1.0,1,1,1.0,True
2622,4,0.7676603110631904,0.6,1.0015642597922663,1,2,0.8944734666461293,False
2623,4,0.80419895578355,0.8333333333333334,1.0026470588235294,1,2,0.9500000000000001,False
2624,4,0.35225586912080853,0.3333333333333333,1.0,0,1,0.6553318804168544,False
2627,4,0.9063896341119227,1.0,1.008888888888889,1,3,0.9500000000000001,False
2628,4,0.7661636854371289,0.8,1.0133333333333334,1,2,0.9354987223301982,False
2629,4,0.7330377495965237,1.0,1.0010582010582012,1,2,0.9213018926842246,False
2630,4,0.6308939317715794,0.5,1.2,0,1,0.764192637425915,True
2631,4,0.21944937662359107,0.1111111111111111,1.2105263157894737,1,1,0.34582221961116866,False
2632,2,0.9642963870818771,1.0,1.0294117647058822,1,1,1.0,True
2633,2,0.29213461390302187,0.5,1.0075566750629723,0,1,0.6990100726251046,False
2634,2,0.9962029538837457,1.0,1.0,1,1,1.0,True
2635,2,0.8620482305053695,0.75,1.1,1,1,1.0,True
2636,4,0.6662315328505226,0.6,1.0,1,2,0.8510039902692718,False
2637,4,0.60394814782471,0.5,1.0,0,1,0.8326444443058281,True
2638,4,0.2747818494121409,0.375,1.1852941176470588,1,2,0.5094898402242509,False
2639,4,0.8488441182631893,1.0,1.011764705882353,1,1,1.0,True
2640,4,0.6595674666864658,0.5,1.8088235294117647,1,2,0.6464812952465807,False
2641,2,0.4151177289527452,0.6,1.0285714285714285,0,1,0.7933837885987955,True
2642,4,0.4317428777070336,0.2,1.098901098901099,0,2,0.5838421856839668,False
2643,3,0.6701745145552226,0.5,1.09375,1,1,0.8610271729046193,True
2644,4,0.37291469318086967,0.4,1.098901098901099,0,2,0.6419634399346585,False
2645,4,0.224757587753141,0.0,1.0,0,2,0.45346753760848896,False
2646,3,0.6902754184097788,0.5,1.0,1,2,0.8196418459851434,False
2647,3,0.5551835212229604,0.3333333333333333,1.0,0,2,0.6923008741749196,False
2648,4,0.5383605599598514,0.3333333333333333,1.0,1,1,0.7350910336335871,True
2649,3,0.676976166664741,0.5555555555555556,1.0,1,2,0.8370903148139897,False
2650,3,0.7225768084771427,0.5555555555555556,1.0,1,1,0.9066334470193045,True
2651,2,0.8091505506727765,0.7777777777777778,1.0,1,2,0.9500000000000001,False
2652,4,0.3140540185941747,0.3333333333333333,1.2,0,2,0.5089596587625829,False
2653,4,0.8358197950768257,0.8333333333333334,1.0294117647058822,1,1,1.0,True
2654,4,0.6613507857784088,0.5,1.0285714285714285,0,1,0.8572455748574133,True
2655,2,0.8533660949648788,1.0,1.0,0,2,0.9500000000000001,False
2656,2,0.9999999999999996,1.0,1.0,0,2,0.9500000000000001,False
2657,2,0.8818824513554182,0.8333333333333334,1.0,0,1,1.0,True
2658,3,0.35993078003255596,0.375,1.0,0,2,0.6259822390615717,False
2659,2,0.8682100935060983,1.0,1.0256410256410255,0,2,0.9500000000000001,False
2660,2,0.9999999999999993,1.0,1.0,0,2,0.9500000000000001,False
2661,3,0.34655339100384464,0.2857142857142857,1.0,0,2,0.5830466913826001,False
2662,2,1.0,1.0,1.0,0,2,0.9500000000000001,False
2663,3,0.757062934250112,0.8,1.0015402387370043,0,3,0.9315984003929051,False
2664,4,0.5654765041448144,0.16666666666666666,1.1111111111111112,1,3,0.5472677081255555,False
2665,2,0.7495402834720374,0.5714285714285714,1.0015402387370043,0,2,0.8748029786308732,False
2666,4,0.6922510549414106,0.5,1.0,1,1,0.8704885473558427,True
2667,2,0.8951578768712044,1.0,1.0,0,2,0.9500000000000001,False
2668,2,1.0000000000000002,1.0,1.0,0,2,0.9500000000000001,False
2669,4,0.5394567613307827,0.5,1.0,1,3,0.7550052786655735,False
2670,2,1.0000000000000004,1.0,1.0,0,2,0.9500000000000001,False
2671,2,0.9360261921128114,1.0,1.0188679245283019,0,2,0.9500000000000001,False
2672,2,0.801479859408584,0.6,1.0285714285714285,0,2,0.9083333333333333,False
2673,2,0.9314357465447902,1.0,1.0,0,2,0.9500000000000001,False
2674,2,0.889063310060569,0.5,1.0,1,2,0.8666666666666668,False
2676,4,0.5024435211679621,0.45454545454545453,1.0204081632653061,1,2,0.7202030675135423,False
2677,3,0.4349113286563624,0.16666666666666666,1.0666666666666667,0,2,0.5713112043447903,False
2678,4,0.791389823247305,0.6,1.0,1,3,0.9046432575821785,False
2679,2,0.8098892561942687,1.0,1.0235294117647058,1,2,0.9500000000000001,False
2680,4,0.6509526802762218,0.75,1.2820512820512822,0,2,0.726122577261238,False
2681,2,0.7613076056587743,0.6666666666666666,1.0380622837370241,0,1,0.9695286563934429,True
2683,4,0.3736351669457867,0.4,1.4583333333333333,0,3,0.48227221440533724,False
2684,3,0.6675417768972826,0.75,1.0666666666666667,0,1,0.9432321900988354,True
2685,4,0.23184399163061398,0.16666666666666666,1.0172043010752687,0,1,0.5342823456194695,False
2686,4,0.42275661917103047,0.42857142857142855,1.0441176470588236,2,3,0.570229027263775,False
2688,2,0.7919797624958551,0.6,1.0,0,2,0.9048960886887,False
2689,4,0.08885808123997797,0.125,1.2285714285714286,0,2,0.2504166666666667,False
2690,3,0.8785514276252926,1.0,1.0142857142857142,1,2,0.9500000000000001,False
2691,2,0.7890932128745057,0.8,1.1428571428571428,0,2,0.8653256626605026,False
2692,2,0.5684473543563959,0.6666666666666666,1.0714285714285714,0,1,0.8868742629781379,True
2693,4,0.9404955710253786,0.8333333333333334,1.0,1,2,0.9500000000000001,False
2694,4,0.6611543785985933,0.5,1.0133333333333334,1,2,0.8071614003517781,False
2695,3,0.31085692465571013,0.14285714285714285,1.0833333333333333,0,2,0.5082243962810187,False
2696,3,0.8688896207112502,0.6666666666666666,1.0,1,2,0.9361111111111112,False
2698,4,0.7099433005108224,0.5,1.0,1,2,0.8280709383141621,False
2699,4,0.5972028773773788,0.6666666666666666,1.008,1,2,0.8491980585585592,False
2700,3,0.3221892917971399,0.2857142857142857,1.12,1,2,0.4926049345797266,False
2701,3,0.7382832378549044,0.5714285714285714,1.0,1,2,0.8699785305092448,False
2702,4,0.35923842886728147,0.6666666666666666,1.25,0,2,0.5872132949113746,False
2704,4,0.5872872629137834,0.6666666666666666,1.0119047619047619,1,2,0.8449485095027326,False
2705,4,0.3833182927769411,0.3333333333333333,1.0666666666666667,1,2,0.6186443476980542,False
2706,4,0.4455772191610863,0.5,1.008888888888889,1,2,0.7147711891642752,False
2707,4,0.7291494042392892,0.25,1.0318181818181817,1,2,0.7321354589596955,False
2708,3,0.9574757778774535,1.0,1.0,1,2,0.9500000000000001,False
2709,4,0.43940585935562826,0.5,1.008888888888889,0,2,0.7121263206762217,False
2710,4,0.6646828328345904,0.5,1.1111111111111112,1,2,0.7286735950243484,False
2711,4,0.8393998104698049,0.625,1.0,1,2,0.9187500000000001,False
2712,4,0.2552871549321796,0.3,1.0714285714285714,1,2,0.5498849711614103,False
2713,3,0.6286203973289514,0.375,1.0,1,1,0.7911349321885983,True
2714,4,0.29116085545073217,0.2857142857142857,1.0666666666666667,0,2,0.559307033288409,False
2715,2,0.8357666730386615,0.6666666666666666,1.0,0,1,0.9861111111111112,True
2716,4,0.37223170596704347,0.16666666666666666,1.2592592592592593,1,2,0.38444850890651067,False
2717,4,0.8689983356806423,0.6,1.0,1,2,0.9083333333333333,False
2718,2,0.4872795602025631,0.6666666666666666,1.008888888888889,0,1,0.8520880654836381,True
2719,4,0.43732670882757096,0.125,1.008888888888889,1,2,0.5549852561641971,False
2720,3,0.3306009251679534,0.1,1.0666666666666667,1,2,0.49882896792912285,False
2721,4,0.5311977589307596,0.5,1.0075566750629723,0,2,0.7514657062084208,False
2722,4,0.7550761220103908,0.5,1.0,1,2,0.8474135760996914,False
2723,4,0.5307632586402725,0.2857142857142857,1.1111111111111112,1,2,0.5819937775124978,False
2724,3,0.7856737131730621,0.8,1.0,1,2,0.9438601627884552,False
2725,3,0.745676055533162,0.5,1.0,1,2,0.843384976180879,False
2726,3,0.9197117684961255,0.7142857142857143,1.0,1,2,0.9500000000000001,False
2727,4,0.2795098285522796,0.07142857142857142,1.0909090909090908,1,2,0.47693278366526265,False
2728,4,0.31318652324632723,0.07142857142857142,1.037037037037037,1,2,0.4913656528198545,False
2729,4,0.5732191414426822,0.5,1.05,1,2,0.769474870142102,False
2730,4,0.9166413738074243,1.0,1.0,1,2,0.9500000000000001,False
2731,2,0.9140322092800856,1.0,1.0,1,2,0.9500000000000001,False
2732,4,0.5508667948565211,0.16666666666666666,1.25,1,2,0.4610064041448582,False
2733,3,0.546755111768464,0.5,1.0266666666666666,1,2,0.7581331431388657,False
2734,4,0.36802581823090486,0.3,1.0416666666666667,1,2,0.5982015411465783,False
2735,4,0.27168849207339074,0.3,1.0227272727272727,1,2,0.5569141156505009,False
2737,3,0.8581318547234997,0.6,1.0,1,2,0.9083333333333333,False
2739,4,0.47253174175858564,0.4,1.0909090909090908,0,2,0.6846564607536796,False
2740,4,0.5149413360558726,0.4,1.2222222222222223,0,2,0.5428320011668026,False
2741,3,0.6011334691136877,0.42857142857142855,1.0185185185185186,0,2,0.7516762486677709,False
2742,3,0.9705621394772612,1.0,1.0,0,2,0.9500000000000001,False
2743,2,0.6819893779399994,0.5454545454545454,1.0,1,2,0.8350300797232032,False
2744,2,0.7853774642299406,0.5,1.0,2,1,0.8053998656223555,False
2745,3,0.4159593571323096,0.6666666666666666,1.1428571428571428,0,1,0.7415222641678152,True
2746,3,0.6033687155882979,0.4444444444444444,1.109375,1,1,0.7292479680563605,True
2747,2,0.9696270521419379,1.0,1.1111111111111112,1,1,0.92,True
2748,3,0.6324274190574148,1.0,1.1428571428571428,0,1,0.848183179596035,True
2749,3,0.7112660481551158,0.5,1.0,0,2,0.8286378301617164,False
2750,4,0.3696866529458625,0.42857142857142855,1.018181818181818,1,1,0.7024847560244172,False
2751,4,0.5159178291804322,0.2222222222222222,1.2618296529968454,2,2,0.3641764241461111,False
2752,4,0.8730991755542358,0.8333333333333334,1.0138888888888888,1,2,0.9500000000000001,False
2753,2,0.675318686459319,0.375,1.0365853658536586,1,2,0.7611484846730415,False
2754,2,0.6591506677262434,1.0,1.09375,0,1,0.9396360004541043,True
2755,2,1.0000000000000002,1.0,1.0,1,1,1.0,True
2756,4,0.42847705465475144,0.2222222222222222,1.2088235294117646,1,2,0.43170180649224793,False
2757,3,0.8471010035437063,0.8333333333333334,1.018181818181818,1,1,1.0,True
2758,3,0.8761838003036353,1.0,1.009501187648456,1,2,0.9500000000000001,False
2759,4,0.5358650647187648,0.2,1.0285714285714285,0,2,0.6284659801175659,False
2760,2,0.810152992965806,1.0,1.0,0,1,1.0,True
2761,2,0.6907526829719105,1.0,1.0,0,1,0.9531797212736759,True
2762,4,0.3871084541780155,0.25,1.0,0,2,0.5855464803620067,False
2763,4,0.426041956853796,0.3333333333333333,1.125,0,3,0.5569544894452777,False
2764,2,0.9999999999999992,1.0,1.0,1,1,1.0,True
2765,4,0.4330149687343039,0.3333333333333333,1.1341463414634145,1,2,0.5599429231083525,False
2766,3,0.3417448872636388,0.25,1.179245283018868,0,1,0.5361049516844166,False
2767,3,0.8965830520326377,0.8,1.0,0,1,1.0,True
2768,3,0.6624958490411831,0.6,1.0909090909090908,0,1,0.8994029829224118,True
2769,2,0.9275033783049921,1.0,1.0,0,1,1.0,True
2770,4,0.40667645838771377,0.16666666666666666,1.3333333333333333,0,2,0.3992105456582265,False
2771,3,0.3240298997409232,0.0,1.0,0,2,0.4960128141746814,False
2772,2,0.6966202886313635,0.5714285714285714,1.0,0,2,0.8521229808420131,False
2773,4,0.6680959024667495,0.25,1.0,2,1,0.6509696724857499,False
2774,2,0.6317195285602825,0.42857142857142855,1.0,1,1,0.8147845598591688,True
2775,2,0.7759555480605185,0.75,1.0,0,1,0.9896952348830794,True
2776,3,0.7589138813852104,0.5,1.075,0,3,0.8490583301174713,False
2777,3,0.6108411152630038,0.5,1.0059171597633136,0,1,0.835598573207954,True
2778,4,0.5371013606889871,0.4,1.182170542635659,1,2,0.6323291545809946,False
2779,4,0.7719415018947094,0.5714285714285714,1.1044776119402986,2,3,0.6994035008120184,False
2780,3,0.6750769070854684,0.2857142857142857,1.1428571428571428,2,2,0.5388424839890102,False
2781,4,0.5884409185438143,0.42857142857142855,2.096,1,2,0.5862365841378253,False
2782,2,1.0000000000000004,1.0,1.0,0,2,0.9500000000000001,False
2783,3,0.9530310035161599,1.0,2.0,1,1,0.8400000000000001,False
2784,3,0.6658273296222783,0.5,1.1864406779661016,2,2,0.6241640936476432,False
2785,2,0.8169790744951302,1.0,1.0,0,1,1.0,True
2787,3,0.4266106261946767,0.4,1.0,0,1,0.7149759826548615,True
2788,3,0.861568763654602,0.875,1.0158730158730158,1,1,1.0,True
2789,4,0.9147069938176912,1.0,1.009090909090909,1,2,0.9500000000000001,False
2790,4,0.3301600031846957,0.375,1.372937293729373,0,2,0.4532233346982029,False
2792,4,0.21001635789005418,0.25,1.0,0,1,0.5596498676671661,False
2793,4,0.33788247809242716,0.16666666666666666,1.0324483775811208,0,1,0.5797274112459608,False
2794,3,0.3849673017463388,0.2,2.2811999999999997,1,1,0.4537955102722404,False
2795,4,0.6026099877366122,0.5714285714285714,1.1428571428571428,0,1,0.7818328518871196,True
2796,4,0.6621108695156247,0.42857142857142855,1.078125,1,2,0.7778094202686011,False
2797,4,0.4288765403480703,0.25,1.0588235294117647,1,1,0.6534470887206015,True
2798,3,0.8902020779530918,1.0,1.0285714285714285,1,1,1.0,True
2799,4,0.277881992108035,0.16666666666666666,2.030947775628627,1,2,0.3440129172526499,False
2801,4,0.7893687098857967,1.0,1.0,1,2,0.9454437328081987,False
2802,3,0.282938871207425,0.14285714285714285,2.0,1,1,0.3862595162317536,False
2803,3,0.8760991367754687,0.8333333333333334,1.0,2,1,0.895,False
2804,2,0.804183935105892,0.7,1.0,1,1,1.0,True
2805,2,0.93654295140673,1.0,1.0222222222222221,0,1,1.0,True
2806,3,0.5398095630083352,0.42857142857142855,1.0141176470588236,1,1,0.7753945746226198,True
2807,3,0.5347870760465053,0.375,1.0250569476082005,1,1,0.7509206516389786,True
2808,2,0.7089250451904847,0.7,1.024,1,1,0.9609678765102077,True
2809,4,0.427828069113996,0.25,1.042857142857143,1,1,0.6529977439059983,True
2810,4,0.3305981619457752,0.375,1.0578313253012048,0,1,0.6634111170243798,False
2811,4,0.4203967299087227,0.3,1.0857142857142856,2,1,0.5656462175799288,False
2812,4,0.34399085955179065,0.2222222222222222,1.1521035598705502,0,2,0.4754934371624076,False
2813,3,0.6102189833876015,0.5,1.0,1,2,0.7853319452613531,False
2814,4,0.5190909856688719,0.5,1.0440835266821347,0,2,0.7462770890961833,False
2815,3,0.5778617249326683,0.4444444444444444,1.0666666666666667,1,1,0.7983164006325192,True
2816,3,0.9278060438059164,1.0,1.0188679245283019,1,2,0.9500000000000001,False
2817,3,0.9252204420726376,1.0,1.0188679245283019,1,1,1.0,True
2818,4,0.7127752531515146,0.5714285714285714,1.018181818181818,1,2,0.8590465370649348,False
2819,4,0.24441526271145483,0.3333333333333333,1.179245283018868,1,1,0.5291144776699885,False
2820,3,0.8560542297493275,0.8,1.0176470588235293,1,1,1.0,True
2821,4,0.6927917425212796,0.7142857142857143,1.02,1,1,0.9540536039376912,True
2822,3,0.3644725377146208,0.42857142857142855,1.3157894736842106,0,1,0.5402501352110279,False
2823,4,0.41001854917928926,0.2727272727272727,1.0317460317460319,1,1,0.6548347894751066,True
2824,2,0.7498110884925937,0.75,1.0,0,1,0.9784904664968259,True
2825,4,0.4333137501867384,0.3333333333333333,1.0666666666666667,1,2,0.640070972302253,False
2826,3,0.42384704599526396,0.0,1.0330909090909093,0,2,0.5387915911408274,False
2827,4,0.615661213810291,0.5714285714285714,1.135,1,1,0.7874262344901247,True
2828,4,0.6113691677932246,0.5,1.36,0,1,0.6758248814351916,False
2829,3,0.6806954688164087,0.3333333333333333,1.008888888888889,0,1,0.796091708857826,True
2830,3,0.33221271594042234,0.2,1.06,1,1,0.5911864020697049,False
2831,4,0.45938906231614196,0.5714285714285714,1.3333333333333333,0,2,0.5904524552783467,False
2832,3,0.46370445399730376,0.6,1.1363636363636365,1,1,0.7342066707607492,True
2833,2,0.9287536604777792,1.0,1.0,1,1,1.0,True
2834,4,0.6625401861494497,0.5,1.25,0,2,0.6477553178735738,False
2835,4,0.3728547379147256,0.375,1.1111111111111112,1,1,0.60152107815393,False
2836,4,0.3373040597597998,0.375,1.0588235294117647,1,1,0.6662850732303904,False
2837,3,0.546148201373841,0.5,1.008888888888889,0,1,0.8078730386840272,True
2838,3,0.953146076848004,1.0,1.0,1,1,1.0,True
2839,3,0.6457399990044058,0.42857142857142855,1.0333333333333334,0,2,0.7707933329066502,False
2840,3,0.33040100614719414,0.2857142857142857,1.3333333333333333,0,2,0.41612424072974985,False
2841,3,0.2868915276342954,0.2857142857142857,1.25,0,1,0.44747732136707896,False
2842,4,0.4075837311081793,0.4,1.0,0,1,0.7068215990463625,True
2843,4,0.6589471615594169,0.6,1.2,0,1,0.8178821168587977,True
2845,4,0.6977928915025853,0.5,1.1029411764705883,0,2,0.7428636201677747,False
2846,3,0.22101290356453085,0.42857142857142855,1.2,0,1,0.5587674348609893,False
2847,4,0.34624832409766565,0.2,1.0588235294117647,0,2,0.5472016627085234,False
2848,2,0.6953224432424036,0.6666666666666666,1.024,0,1,0.9412493010721412,True
2849,2,0.9424848485917144,1.0,1.0227272727272727,1,1,1.0,True
2850,2,0.9160262526460674,1.0,1.0256410256410255,0,1,1.0,True
2851,3,0.7003695456534442,0.75,1.0,0,2,0.9073012338514762,False
2852,4,0.5528472098793737,0.5714285714285714,1.0227272727272727,1,2,0.7905059470911603,False
2853,4,0.3723064374616031,0.2,1.1851851851851851,0,2,0.4783694255787823,False
2854,2,0.6564835579923202,0.5,1.0294117647058822,0,2,0.8051596200919467,False
2855,4,0.26392169609202465,0.2,1.0,0,2,0.5119188221346773,False
2856,3,0.9023547945089683,1.0,1.011764705882353,0,2,0.9500000000000001,False
2857,2,0.8419669178534601,1.0,1.01875,0,1,1.0,True
2858,4,0.6867263896531458,0.5714285714285714,1.0227272727272727,1,2,0.8478827384227768,False
2859,4,0.3386152470415757,0.375,4.292929292929293,1,2,0.4568470106368658,False
2860,4,0.2624982376287479,0.2,1.0,0,2,0.5113087685075587,False
2861,4,0.10479916008478225,0.14285714285714285,1.051186440677966,0,2,0.419913925750621,False
2862,4,0.2986726617719396,0.25,1.0714285714285714,1,3,0.5476454264736884,False
2863,4,0.7848194138628423,0.75,1.02,0,2,0.9434940345126467,False
2864,4,0.6060402497500199,0.5714285714285714,1.875,1,2,0.65330296417858,False
2865,4,0.19946431507463924,0.2222222222222222,1.0714285714285714,1,1,0.5435534895293427,False
2866,4,0.24392192375098282,0.25,1.2142857142857142,1,2,0.36418082446470695,False
2867,4,0.3522819565861886,0.16666666666666666,1.0,0,2,0.5358986163147158,False
2868,2,0.5096809225355206,0.6,1.0,0,2,0.7839108715628422,False
2869,4,0.5375356127890045,0.4444444444444444,1.125,1,1,0.7010337811423776,True
2870,4,0.4556663808891172,0.42857142857142855,1.0,0,1,0.7393332108572407,True
2871,3,0.8857070489968271,1.0,1.0,1,1,1.0,True
2872,2,1.0,1.0,1.0,1,1,1.0,True
2873,3,0.6349847664285241,0.4444444444444444,1.0,2,2,0.6677977041307432,False
2874,3,0.71632298215867,0.8,1.125,1,2,0.8341384209251443,False
2875,4,0.5213501919495582,0.42857142857142855,1.0227272727272727,1,2,0.7174834155974298,False
2876,4,0.8801670665952915,1.0,1.0,1,2,0.9500000000000001,False
2877,4,0.3501608449718245,0.16666666666666666,1.0,0,2,0.5349895684799884,False
2878,4,0.7603044643514799,0.5,1.0,2,1,0.7946542942458724,False
2879,2,0.8748112713104154,0.7142857142857143,1.0,2,1,0.895,False
2880,4,0.29846952801443055,0.14285714285714285,1.1851851851851851,2,1,0.36791551200618455,False
2881,3,0.6346016729055827,0.42857142857142855,1.125,1,1,0.7360197645785831,True
2882,2,0.9394582074945413,1.0,1.0,1,1,1.0,True
2883,4,0.4778974407403009,0.2,1.0,2,2,0.49862271269822417,False
2884,4,0.2873569932422007,0.2857142857142857,1.3333333333333333,1,2,0.3976768066276098,False
2885,3,0.6286934174062914,0.42857142857142855,1.0,1,1,0.8134876550788868,True
2886,2,0.6368374123109304,0.5,1.0,1,1,0.8467398433713511,True
2887,3,0.9062183984814659,1.0,1.0,1,1,1.0,True
2888,4,0.1949821096321371,0.2222222222222222,1.09,1,2,0.491632544339699,False
2889,2,0.9464137941768799,1.0,1.0,1,1,1.0,True
2890,2,0.9448703639807106,1.0,1.0,1,2,0.9500000000000001,False
2891,4,0.6845095578186806,0.3333333333333333,1.0454545454545454,2,1,0.6927263184302282,False
2892,2,0.8704772854784715,0.6666666666666666,1.0227272727272727,0,2,0.9361111111111112,False
2893,4,0.5302341205468012,0.2,1.1578947368421053,2,1,0.49105271832958153,False
2894,3,0.429508557278511,0.3333333333333333,1.0526315789473684,0,2,0.6384401753415841,False
2895,2,0.8071288926022004,0.8,1.0,1,1,1.0,True
2896,3,0.5349363676376979,0.4,1.0,1,1,0.7614013004161564,True
2897,4,0.3609889659644394,0.25,1.1111111111111112,0,1,0.5443524139847598,False
2898,3,0.531282057633102,0.4,1.0588235294117647,0,1,0.7598351675570438,True
2899,3,0.5842919275927607,0.5,1.3333333333333333,0,2,0.6142203499207071,False
2900,4,0.84540439846337,1.0,1.0105263157894737,1,2,0.9500000000000001,False
2901,2,0.9999999999999998,1.0,1.0,0,1,1.0,True
2902,2,0.8671639040886358,1.0,1.0,0,1,1.0,True
2903,2,0.5904809518182688,0.4,1.0227272727272727,0,1,0.7852061222078295,True
2904,4,0.36948202111749595,0.375,1.1764705882352942,0,1,0.6000756280979744,False
2905,3,0.766629532042422,0.5,1.0,0,2,0.8523650375419906,False
2906,4,0.732370812444999,0.6666666666666666,1.0526315789473684,0,1,0.9571271735875393,True
2907,2,0.9589168925423096,1.0,1.0,0,2,0.9500000000000001,False
2908,4,0.5447223954184427,0.42857142857142855,1.0625,0,2,0.7275000742269516,False
2909,4,0.43986214747443947,0.5,1.25,0,1,0.6023218727271408,False
2911,4,0.5743264359087451,0.6,1.0,1,2,0.8116160915799385,False
2912,2,0.9040967189794705,1.0,1.0,0,1,1.0,True
2913,4,0.8610798946740286,0.6666666666666666,1.0,1,2,0.9361111111111112,False
2914,4,0.5216803210172397,0.3333333333333333,1.0666666666666667,1,2,0.6779423598010393,False
2915,4,0.6312401457471919,0.2,1.0,2,1,0.6143410148440346,False
2916,4,0.3421928468100111,0.2222222222222222,1.0666666666666667,0,1,0.6047228602730735,False
2917,2,0.9376671972242535,1.0,1.0,1,1,1.0,True
2918,4,0.5257869209580525,0.3333333333333333,1.0,0,1,0.7297023312042447,True
2919,3,0.5902466776225009,0.75,1.2,0,1,0.8301057189810719,True
2920,4,0.29485414488184636,0.2222222222222222,1.2,1,2,0.4544348451610029,False
2921,2,0.7074354186992463,0.42857142857142855,1.2491189427312777,0,2,0.6372342270615818,False
2922,4,0.5430962693274869,0.5,1.0666666666666667,0,1,0.8065650678070182,True
2923,3,0.3437288270829246,0.4,1.1176470588235294,0,2,0.5494552116069678,False
2924,4,0.1284666233217769,0.1111111111111111,1.0625,0,1,0.4668296110532483,False
2925,2,0.5779012644787417,0.7142857142857143,1.0133333333333334,1,2,0.8548148276337465,False
2926,3,0.5262570025652282,0.2,1.0,0,2,0.6243482391946217,False
2927,3,0.5567385699403652,0.6,1.1764705882352942,0,1,0.774078434736347,True
2928,3,0.35561675768231493,0.42857142857142855,2.0454545454545454,1,1,0.5364548009114684,False
2929,2,0.47939057992335826,0.42857142857142855,1.2413793103448276,0,1,0.5895007247290583,False
2930,3,0.6606397071582669,0.5,1.0,1,1,0.8569408268773526,True
2931,4,0.8604455346160605,0.5555555555555556,1.008888888888889,1,1,0.9398148148148149,True
2932,3,0.5452576008685597,0.3333333333333333,1.1764705882352942,0,1,0.6580469083087478,True
2933,4,0.6178704386046199,0.5,1.0003528581510233,1,1,0.838611140354361,True
2934,3,0.9683894242380954,1.0,1.0,1,1,1.0,True
2935,3,0.7918435769139294,0.6666666666666666,1.0,1,1,0.9826155012170807,True
2936,4,0.6974272017970315,0.6666666666666666,1.0,1,2,0.8921513404526961,False
2937,4,0.9641300586859,1.0,1.0,1,2,0.9500000000000001,False
2938,4,0.7082620526243465,0.75,1.0,0,1,0.9606837368390055,True
2939,3,0.7961879327848225,0.6666666666666666,1.125,1,1,0.9044773680188921,True
2940,2,1.0000000000000002,1.0,1.0,1,1,1.0,True
2941,3,0.5987509684220148,0.4,1.0,1,1,0.7887504150380065,True
2942,3,0.6559306741579549,0.5,1.125,2,1,0.6699226698772188,False
2943,4,0.6404457988487197,0.5,1.0,1,1,0.8482862947446894,True
2944,2,0.8065555046101445,0.6666666666666666,1.0,1,1,0.9861111111111112,True
2945,4,0.6880137143737308,0.6666666666666666,1.0,1,2,0.8881169886998529,False
2946,3,0.5867208609839134,0.2857142857142857,1.0,1,1,0.7359756070883439,True
2947,4,0.9123775905245519,1.0,12.994237288135594,1,1,0.8400000000000001,False
2948,2,0.8177998819203379,1.0,1.0,0,1,1.0,True
2949,3,0.5096962945951734,0.4,1.0,1,2,0.7005841262550744,False
2950,4,0.4518317219323619,0.14285714285714285,1.173529411764706,1,2,0.4886421665424408,False
2951,3,0.972327854544406,1.0,1.0,0,1,1.0,True
2952,4,0.3346374240374385,0.25,1.0,0,1,0.613058896016045,False
2953,2,0.7073661101102428,0.6666666666666666,1.0,1,1,0.9464108725869295,True
2954,2,0.9999999999999993,1.0,1.0,1,1,1.0,True
2955,2,1.0000000000000002,1.0,1.0,0,1,1.0,True
2957,3,0.6752532926985381,0.5,1.0,0,2,0.8132037921088974,False
2958,3,0.6576573558527549,0.4,1.0,0,2,0.7639960096511808,False
2960,2,0.8817602553527796,1.0,1.0,0,2,0.9500000000000001,False
2961,2,0.8282175734351144,1.0,1.0,0,1,1.0,True
2962,3,0.8607287422819065,0.75,1.0,1,1,1.0,True
2963,2,0.5806807049113109,0.4444444444444444,1.0,0,1,0.7995245349090803,True
2964,3,0.4298014771010855,0.42857142857142855,1.0666666666666667,1,2,0.6782482520909414,False
2965,2,1.0,1.0,1.0,1,1,1.0,True
2967,2,0.43559808619819346,0.5714285714285714,1.0125,0,1,0.7902563226563686,True
2969,2,0.9729915705793346,1.0,1.0,1,1,1.0,True
2970,3,0.36269460899727524,0.5,1.0666666666666667,1,2,0.6792500705226419,False
2971,2,1.0000000000000002,1.0,1.0,1,1,1.0,True
2972,2,0.8928453242992617,0.6,1.0,2,1,0.8533333333333333,False
2973,2,0.9189049812517982,1.0,1.0,0,2,0.9500000000000001,False
2974,2,0.8398567027129948,0.7142857142857143,1.0,0,2,0.9500000000000001,False
2975,2,0.9243717764920015,1.0,1.0,0,2,0.9500000000000001,False
2976,2,0.9403942189048238,1.0,1.0,0,2,0.9500000000000001,False
2977,2,0.8903843899102704,0.8,1.0,0,1,1.0,True
2978,2,0.6308481023753969,1.0,1.1,0,1,0.9275063295894559,True
2979,3,0.6322236648725418,0.7142857142857143,1.0188679245283019,1,1,0.9280958563739465,True
2980,3,0.8288385041034202,0.8571428571428571,1.02,1,1,1.0,True
2981,3,0.44211641133842705,0.4,1.09375,0,1,0.7216213191450401,True
2982,3,0.9001043357568428,1.0,1.02,1,1,1.0,True
2983,3,0.8908689284402473,1.0,1.0235294117647058,1,1,1.0,True
2984,4,0.9380448727329401,1.0,1.0294117647058822,1,1,1.0,True
2986,4,0.5374639706286456,0.4,1.25,0,1,0.6024845588408482,False
2987,2,0.41344194869168854,0.4,1.1176470588235294,0,1,0.6293322637250094,True
2988,3,0.5166710991270922,0.6,1.0133333333333334,0,1,0.8369066615306586,True
2989,2,0.7168547608131702,0.6666666666666666,1.0,0,2,0.9004774371738985,False
2990,3,0.9435663334680168,1.0,1.015625,1,1,1.0,True
2991,2,1.0000000000000002,1.0,1.0,0,2,0.9500000000000001,False
2992,3,0.9353001235364604,1.0,1.015625,1,1,1.0,True
2993,2,1.0000000000000004,1.0,1.0,0,2,0.9500000000000001,False
2994,2,0.9999999999999997,1.0,1.0,1,1,1.0,True
2995,3,0.7068191496300285,0.6,1.0,0,3,0.8683986831747742,False
2996,2,0.5838586493441226,0.5555555555555556,1.0,0,1,0.8471828073908674,True
2997,2,0.9569627532585286,1.0,1.0,1,2,0.9500000000000001,False
2998,2,0.9772137458321671,1.0,1.0,0,2,0.9500000000000001,False
2999,4,0.7231379626259655,0.6666666666666666,1.0227272727272727,0,1,0.9531702379508107,True
3000,4,0.8044191755031439,0.5714285714285714,1.0058823529411764,1,2,0.8964285714285715,False
3001,2,0.929271052711527,0.8333333333333334,1.0,0,2,0.9500000000000001,False
3002,3,0.09810601963129616,0.125,1.0735294117647058,1,2,0.41041666666666665,False
3004,2,0.9417744176205599,1.0,1.0,0,2,0.9500000000000001,False
3005,4,0.4835408613949874,0.375,1.0666666666666667,0,3,0.6789579882168995,False
3007,4,0.6282346681898567,0.5,1.0,0,3,0.7930529530337482,False
3008,2,0.7766718072463304,0.8333333333333334,1.0,0,2,0.9400022031055703,False
3009,4,0.6257297551797452,0.5,1.0,0,3,0.7919794188865575,False
3010,3,0.747963640918881,1.0,1.0,0,1,0.977698703250949,True
3011,2,0.7809827022761962,1.0,1.0625,0,2,0.9418497295469413,False
3012,3,0.15790477815719006,0.2857142857142857,1.3,0,2,0.34219728587689097,False
3013,4,0.6865970560611304,0.6666666666666666,1.0,0,2,0.8875098494230242,False
3014,2,0.8140362728873854,1.0,1.0,0,1,1.0,True
3015,2,0.7936739903506579,0.5,1.0,0,2,0.8639555196740917,False
3016,2,0.9999999999999999,1.0,1.0,0,2,0.9500000000000001,False
3017,4,0.18090608691958082,0.2222222222222222,1.25,1,2,0.3255999631771748,False
3018,4,0.6084437650566065,0.5714285714285714,1.0185185185185186,2,1,0.7593330421671172,False
3019,2,0.7994482670143774,1.0,1.2307692307692308,0,1,0.8397635430061619,False
3020,4,0.6230559897800808,0.42857142857142855,1.0185185185185186,2,1,0.7060716146676538,False
3021,2,0.29553786682620525,0.25,1.0714285714285714,1,1,0.5963019429255165,False
3022,3,0.9537243810637492,1.0,1.0,1,1,1.0,True
3023,4,0.5486318995293401,0.3333333333333333,1.0,1,2,0.6894930363062252,False
3024,3,0.6308811978373028,0.5714285714285714,1.0,0,2,0.8239490847874156,False
3025,2,0.8917926767158204,0.8333333333333334,1.000888888888889,0,1,1.0,True
3026,3,0.7089447540013606,0.75,1.016,1,1,0.9609763231434403,True
3027,4,0.5884560680663734,0.3333333333333333,1.0,0,1,0.7565605371078108,True
3028,2,0.9494256492743598,1.0,1.0,1,1,1.0,True
3029,3,0.7417732895140368,0.625,1.016,1,1,0.9437956955060158,True
3030,3,0.8099397406943455,0.5,1.0041771094402674,0,1,0.9166666666666667,True
3031,2,1.0000000000000002,1.0,1.0,0,2,0.9500000000000001,False
3032,4,0.5464003271843509,0.5,1.0,0,1,0.807981092602817,True
3033,4,0.41271193821727703,0.375,1.0,0,1,0.6986027354264521,True
3034,3,0.47067512488746566,0.5555555555555556,1.018181818181818,1,1,0.7986755826237287,True
3035,3,0.6564480390359445,0.3333333333333333,1.0,1,2,0.735699953237627,False
3036,2,0.48520462624316946,0.5,1.0,1,2,0.7317543636280252,False
3037,3,0.5917155504661259,0.6,1.0046153846153845,1,1,0.8690685692473874,True
3038,4,0.528813382882288,0.8,4.0,1,2,0.6737771640924093,False
3039,2,0.6826793352039241,0.3,1.014799154334038,1,2,0.7330530484207295,False
3040,2,0.8911024053667509,1.0,1.0570824524312896,0,1,1.0,True
3041,3,0.4177823498787728,0.2222222222222222,1.0,0,1,0.6371183615882571,False
3042,4,0.4539854273985612,0.25,1.3333333333333333,1,2,0.45420804031366907,False
3043,2,0.49225972274783447,0.5714285714285714,1.0416666666666667,0,1,0.8145398811776434,True
3044,4,0.2520588090970991,0.16666666666666666,6.6,1,1,0.3829458388193917,False
3045,4,0.3374136514908477,0.14285714285714285,1.014799154334038,1,2,0.5196058506389347,False
3046,2,0.7745378257084713,0.5714285714285714,1.0,0,1,0.9355162110179163,True
3047,2,0.5206420937383961,0.3333333333333333,1.0,1,1,0.7274974052529634,True
3048,4,0.1986173647193528,0.2,1.1428571428571428,1,2,0.40393125154638926,False
3049,2,0.7608304616541463,0.6666666666666666,1.0031481481481481,1,1,0.9693241661057452,True
3050,4,0.6548595870115226,0.5714285714285714,1.0,1,2,0.8342255372906526,False
3051,4,0.689584512121205,0.8333333333333334,1.0518518518518518,1,1,0.9526790766233735,True
3052,4,0.7446213106633265,0.6666666666666666,1.00594243268338,1,1,0.9623773871096797,True
3053,2,0.9408495232025755,1.0,1.014799154334038,1,1,1.0,True
3054,4,0.4028936422496534,0.375,1.0185185185185186,0,2,0.6443948942974705,False
3055,4,0.25562574797175436,0.25,1.0140845070422535,1,2,0.5291967491307519,False
3056,4,0.3125977877507773,0.25,1.0140845070422535,1,2,0.553613337607476,False
3058,4,0.6372215641723313,0.5,1.0185185185185186,0,2,0.7969044798833802,False
3059,4,0.4652416700375251,0.2222222222222222,1.0133333333333334,2,2,0.5024580702277224,False
3060,3,0.7282193346843466,0.8571428571428571,1.0185185185185186,0,1,0.9692368577218629,True
3061,3,0.6786179530322184,0.6,1.0,1,2,0.856312456061427,False
3062,4,0.27036414983773077,0.2222222222222222,1.1267605633802817,1,1,0.4939391329992391,False
3064,2,0.7208341693650737,0.8888888888888888,1.0,0,1,0.9660717868707458,True
3065,3,0.5391663877593434,0.36363636363636365,1.035,1,3,0.6980626510310607,False
3066,2,0.5603498620065188,0.6,9.361702127659575,1,2,0.6456261313361272,False
3067,4,0.2072497965017177,0.15384615384615385,1.1267605633802817,1,1,0.43840009593663354,False
3068,4,0.4988703762949048,0.5,1.2,1,1,0.7076111136501974,True
3069,4,0.19759756233794276,0.3333333333333333,1.0140845070422535,1,2,0.5390497489384835,False
3070,3,0.4326130707924085,0.42857142857142855,1.1111111111111112,1,1,0.6494532208157942,True
3071,3,0.35359767117138896,0.125,1.0140845070422535,1,1,0.5691013828829762,False
3072,3,0.6990134651342548,0.8,1.0185185185185186,1,1,0.9567200564861091,True
3073,3,0.5650572395807681,0.25,1.0,1,1,0.7118102455346149,True
3074,3,0.6299260239742127,0.6666666666666666,1.0,0,1,0.9132222642429166,True
3075,2,1.0000000000000009,1.0,1.0,0,2,0.9500000000000001,False
3076,2,0.9999999999999994,1.0,1.0,0,2,0.9500000000000001,False
3077,4,0.6218297195594003,0.6,1.25,0,1,0.7219746417159335,False
3078,3,0.473196116318004,0.3333333333333333,1.0060362173038229,0,2,0.6571634149299382,False
3079,4,0.18804511069546936,0.125,1.056338028169014,0,2,0.4481502855361535,False
3080,4,0.11060914709166624,0.125,7.5,1,2,0.2549634439916665,False
3081,4,0.8500425103009689,0.8,1.0,1,2,0.9500000000000001,False
3082,4,0.384212812178456,0.5,1.0294117647058822,0,1,0.7384721576002906,False
3083,4,0.5454709257638145,0.5,1.019396551724138,0,1,0.8075827777083016,True
3084,4,0.3972385734019447,0.2857142857142857,1.1111111111111112,1,2,0.5247689124103573,False
3085,4,0.5527614203806119,0.3333333333333333,1.018181818181818,0,2,0.6912628309567702,False
3086,4,0.8561373828306791,0.75,1.0,1,2,0.9500000000000001,False
3087,4,0.14154181145728348,0.125,1.0204081632653061,1,3,0.4282203001483596,False
3088,2,0.9000293000764445,1.0,1.25,0,1,0.8400000000000001,False
3089,3,0.5921694075931826,0.75,1.056338028169014,0,1,0.910929746111364,True
3090,4,0.19909771462756362,0.16666666666666666,1.056338028169014,0,2,0.4702482269038765,False
3091,2,0.9938027678175043,1.0,1.0,0,1,1.0,True
3092,3,0.35950946067409534,0.3333333333333333,1.2373320763610653,1,2,0.4484405625111202,False
3093,4,0.43693121159553105,0.5,1.0,0,1,0.7610657573504658,True
3094,3,0.8619378797155596,1.0,1.0,1,3,0.9500000000000001,False
3095,2,0.8496088928020561,0.7777777777777778,1.0,0,2,0.9500000000000001,False
3096,4,0.3070548118473232,0.3333333333333333,1.0294117647058822,0,1,0.6359599987282178,False
3098,3,0.8885897404292561,1.0,1.00625,0,2,0.9500000000000001,False
3099,3,0.5766648447366517,0.75,1.1111111111111112,0,1,0.824284933458565,True
3100,4,0.4417120408956105,0.4,1.079136690647482,1,1,0.7214480175266902,True
3101,2,0.940911022956891,1.0,1.0,0,1,1.0,True
3102,4,0.4887819464546354,0.18181818181818182,1.1176470588235294,1,2,0.5207117432857529,False
3103,2,0.7185242750033912,0.5714285714285714,1.0,0,1,0.911510403572882,True
3104,3,0.22438870796203772,0.16666666666666666,1.1764705882352942,0,2,0.40108722404722247,False
3105,4,0.4897884729960222,0.3333333333333333,1.0,0,1,0.7142744249348031,True
3107,4,0.38092602663133723,0.25,1.0769230769230769,1,2,0.5828968685562874,False
3108,3,0.36243526973552026,0.2,1.0,0,1,0.6041389251247468,False
3109,4,0.5728641585876498,0.2857142857142857,1.0769230769230769,1,2,0.680037020347088,False
3110,3,0.512314015654253,0.3333333333333333,1.1111111111111112,1,2,0.5939282289311879,False
3111,4,0.8465849204677459,0.8571428571428571,1.0294117647058822,1,2,0.9500000000000001,False
3112,4,0.859325062785315,0.8,1.0,1,2,0.9500000000000001,False
3113,4,0.4645330625527182,0.2857142857142857,1.0285714285714285,1,2,0.6336094077606887,False
3114,4,0.39081636456964275,0.3,1.25,0,1,0.49796891814889455,False
3115,3,0.5382020477561316,0.5,1.0266666666666666,1,2,0.7544675442764374,False
3116,4,0.2434802377751352,0.0,1.1428571428571428,0,1,0.43149153047505795,False
3117,3,0.6341757833257361,1.0,1.0153846153846153,0,1,0.9289324785681726,True
3118,2,0.8981906794906808,1.0,1.0,1,1,1.0,True
3119,2,0.8307419504489126,1.0,1.0,0,1,1.0,True
3120,3,0.6372414398891475,0.16666666666666666,1.1063829787234043,0,3,0.5780241091588411,False
3121,4,0.7417455079705987,0.375,1.0046153846153847,1,2,0.7896171224635901,False
3122,4,0.8161707840175046,0.8,1.0,0,1,1.0,True
3123,2,0.9252927414992749,0.6666666666666666,1.0007692307692306,1,2,0.9361111111111112,False
3124,4,0.7985576447326596,0.8,1.0,0,1,0.9993818477425684,True
3125,4,0.1793624147000817,0.16666666666666666,1.0172043010752687,0,1,0.51179024122067,False
3126,4,0.3468188891568839,0.18181818181818182,1.0172043010752687,0,1,0.589870433015288,False
3127,2,0.9500768552839144,1.0,1.0,1,1,1.0,True
3128,2,0.6836554198000574,0.6,1.0042283298097252,1,1,0.9084713703905007,True
3129,2,0.8558336566683143,0.7777777777777778,1.0,0,1,1.0,True
3130,4,0.3716002008489425,0.45454545454545453,1.0172043010752687,0,1,0.7141273588053909,False
3131,3,0.45231658364106775,0.3333333333333333,1.0172043010752687,0,1,0.6982150437826798,True
3132,3,0.3135675602874619,0.4,1.1363636363636365,1,1,0.5865289544089123,False
3133,2,0.8199022621945155,0.7777777777777778,1.0,0,1,1.0,True
3134,4,0.3330568458318738,0.3,1.0338345864661653,0,1,0.6332148386898506,False
3135,4,0.18211636269995105,0.16666666666666666,1.1625,0,1,0.4329705046491853,False
3136,4,0.7358118544655411,0.5714285714285714,1.0222222222222221,1,1,0.9189193661995176,True
3137,4,0.4272515270737512,0.6,1.0021121802393804,0,1,0.7985839877935124,True
3138,3,0.7579437936187,0.5555555555555556,1.0,1,1,0.9217907263656864,True
3139,4,0.46792470995772717,0.3,1.15,2,2,0.45601535188664494,False
3140,4,0.36871428926165506,0.38461538461538464,1.0172043010752687,0,1,0.6837530104161672,False
3141,3,0.7303369192453845,0.4444444444444444,1.0,1,1,0.8636629124808262,True
3142,4,0.6836203348103567,0.4444444444444444,1.003095238095238,2,2,0.6886415191515286,False
3143,2,0.9440536573647564,1.0,1.0,1,1,1.0,True
3144,2,0.8351316784181009,0.5,1.0,0,1,0.9166666666666667,True
3145,3,0.5465525005807538,0.25,1.0,0,2,0.6538796431060374,False
3146,3,0.381041446167777,0.1,1.0294117647058822,0,2,0.5204463340719045,False
3147,2,0.9699914473864558,1.0,1.0,1,1,1.0,True
3148,4,0.8156217170302853,0.5,1.0,1,2,0.8666666666666668,False
3149,4,0.8184034998429325,0.6666666666666666,1.0,1,2,0.9361111111111112,False
3150,4,0.6045162247090425,0.5714285714285714,1.0,1,1,0.8626498105895897,True
3151,4,0.6787290068926579,0.6666666666666666,1.0,1,1,0.9341378283508217,True
3152,4,0.8195615307524383,0.5,1.0,1,2,0.8666666666666668,False
3153,2,0.9999999999999994,1.0,1.0,0,2,0.9500000000000001,False
3154,2,0.8473589734072662,0.625,1.0,1,2,0.9187500000000001,False
3155,3,0.792751859430152,0.375,1.0,1,2,0.8114769873748272,False
3156,3,0.20215960822991552,0.1,1.0857142857142856,0,2,0.44378268924139236,False
3157,3,0.4825061191063343,0.2857142857142857,1.0,1,1,0.691312146283667,True
3158,4,0.5856870920016171,0.2222222222222222,1.0,1,2,0.6590775367837619,False
3159,4,0.4734743195281225,0.18181818181818182,1.0,1,2,0.5941513317458188,False
3160,4,0.5757053993168298,0.3,1.0,1,2,0.687207075897689,False
3161,2,0.885035299718134,0.75,1.0,1,2,0.9500000000000001,False
3162,4,0.2503397388069003,0.14285714285714285,1.0666666666666667,1,2,0.48228845948867155,False
3163,4,0.6160172212039053,0.3333333333333333,1.0,1,1,0.7683724598810389,True
3164,4,0.5187865047110405,0.2857142857142857,1.0125,1,2,0.6568608829713983,False
3165,4,0.593679233603898,0.3333333333333333,1.0,1,1,0.7587990366238928,True
3166,4,0.4949826568684399,0.16666666666666666,1.0125,1,2,0.5970560592928236,False
3167,3,0.4824475312527015,0.3,1.0,1,2,0.6472394181559198,False
3168,4,0.4734613987609756,0.2,1.0,1,2,0.601721551849942,False
3169,4,0.8972239092082254,0.8333333333333334,1.0,1,1,1.0,True
3170,3,0.6662330670704372,0.42857142857142855,1.0125,1,2,0.7795760763635208,False
3171,4,0.11607758894168994,0.14285714285714285,1.0,0,1,0.4747475381178671,False
3172,2,0.5326603092474029,1.0,1.0,1,1,0.8854258468203156,True
3173,2,0.49783919331627474,0.6666666666666666,1.0,0,1,0.8566136225323717,True
3174,4,0.408080310129706,0.3333333333333333,1.0,0,1,0.6792566408492391,True
3175,2,1.0000000000000002,1.0,1.0,0,1,1.0,True
3176,2,0.9999999999999996,1.0,1.0,0,1,1.0,True
3177,2,1.0000000000000004,1.0,1.0,0,1,1.0,True
3178,2,0.9461469184192038,0.6666666666666666,1.0,0,1,0.9861111111111112,True
3179,2,0.9999999999999991,1.0,1.0,0,1,1.0,True
3180,4,0.24032100312038798,0.2,1.0,0,2,0.5018042394325473,False
3181,4,0.9131372356819899,1.0,1.0,1,1,1.0,True
3182,2,1.0000000000000004,1.0,1.0,0,1,1.0,True
3183,3,0.34146789668105526,0.2857142857142857,1.0,0,1,0.6308671938156903,False
3184,2,0.8285458994073988,0.8,1.0,0,1,1.0,True
3185,2,0.8827554798860964,0.6,1.0,0,2,0.9083333333333333,False
3186,3,0.9563793623991774,1.0,1.0,1,2,0.9500000000000001,False
3187,2,0.943567943933411,1.0,1.0,1,1,1.0,True
3188,4,0.3032506725236899,0.2222222222222222,1.0,0,2,0.5380333570075074,False
3189,4,0.3877963628361456,0.4444444444444444,1.02,1,2,0.6668598168768667,False
3190,4,0.8263042167152503,1.0,1.0227272727272727,1,2,0.9500000000000001,False
3191,2,1.0000000000000002,1.0,1.0,0,1,1.0,True
3192,4,0.6853737775655911,0.375,1.0526315789473684,0,2,0.7654578094328724,False
3193,3,0.8775918413677848,1.0,1.0,1,1,1.0,True
3195,3,0.8849510981575754,1.0,1.1666666666666667,1,1,0.92,True
3196,4,0.5737792035614454,0.42857142857142855,1.0059171597633136,1,1,0.7899529920025243,True
3197,3,0.11140593525169239,0.1111111111111111,1.145,0,2,0.3295178875946406,False
3198,4,0.6743222338560414,0.6666666666666666,1.0,0,1,0.9322492113351288,True
3199,3,0.5681794450934597,0.5,1.0294117647058822,2,2,0.6623150002781496,False
3200,2,0.9077229652445102,1.0,1.0294117647058822,1,2,0.9500000000000001,False
3201,4,0.8506709715076335,0.8333333333333334,1.0294117647058822,1,3,0.9500000000000001,False
3202,4,0.6209122915219416,0.5,1.035294117647059,0,1,0.8399147916046417,True
3203,4,0.8377170897049953,0.6666666666666666,1.0588235294117647,1,1,0.9861111111111112,True
3204,4,0.6592263941690316,0.625,1.0333333333333334,1,2,0.8584184546438708,False
3205,4,0.7703249040671816,0.5714285714285714,1.0333333333333334,2,2,0.7787106731716494,False
3206,4,0.9163580497753983,1.0,1.0333333333333334,1,2,0.9500000000000001,False
3207,2,0.8973709082445702,1.0,1.02,1,1,1.0,True
3208,3,0.4006323154510672,0.16666666666666666,1.0526315789473684,0,1,0.606620198685378,False
3209,2,0.6449348960786463,0.5,1.0,0,1,0.850210193557515,True
3210,2,0.8670009420962967,0.7142857142857143,1.035294117647059,1,1,1.0,True
3211,4,0.4400579071979717,0.42857142857142855,1.0,0,1,0.7326438649896069,True
3212,4,0.6369130928266203,0.5,1.0,0,1,0.8467722778780755,True
3213,4,0.6258868088263909,0.3,1.0222222222222221,1,2,0.7087133942589295,False
3214,4,0.36003993517279276,0.25,1.075268817204301,2,1,0.5189456865026255,False
3216,2,0.8165563147080116,0.7142857142857143,1.0,0,1,1.0,True
3217,2,0.5856629121767868,0.14285714285714285,1.0,1,2,0.6259983909329087,False
3218,4,0.550744323155104,0.25,1.0625,1,2,0.6556761384950447,False
3219,4,0.5908716214905723,0.625,1.0222222222222221,2,2,0.7241235520673882,False
3220,4,0.9589438931619975,1.0,1.0,1,1,1.0,True
3221,4,0.564779665953108,0.42857142857142855,1.0,0,1,0.7860960473132368,True
3222,3,0.6974176762818556,0.5,1.0,0,1,0.8727028136446049,True
3223,4,0.6857690699955229,0.5,1.0,1,2,0.8177105538076052,False
3224,4,0.6267364175581958,0.625,1.0222222222222221,2,2,0.7394941789535127,False
3225,4,0.5556004019580437,0.7142857142857143,1.0,0,1,0.8952573151248759,True
3226,4,0.6375907697216964,0.42857142857142855,1.03125,1,2,0.7673008060712033,False
3227,3,0.3812856951287955,0.5,1.0,0,1,0.7372176788647219,False
3228,2,1.0000000000000002,1.0,1.0,1,1,1.0,True
3229,4,0.5928792538338434,0.2727272727272727,1.0222222222222221,1,2,0.683203662898487,False
3230,3,0.668824917175725,0.375,1.0105263157894737,1,2,0.7583654406943584,False
3231,4,0.6605646422241109,0.375,1.0,2,2,0.6498253228579524,False
3232,3,0.5707206757177147,0.3333333333333333,1.0588235294117647,1,2,0.6989596546726714,False
3233,2,0.8481821971474772,0.8,1.0,0,1,1.0,True
3234,4,0.8160015945550012,0.6666666666666666,1.0105263157894737,1,1,0.9861111111111112,True
3235,3,0.6793960841032879,0.5454545454545454,1.0,1,1,0.8839186680788983,True
3236,4,0.5314965742457641,0.25,1.0,0,1,0.6974271032481846,True
3237,4,0.9405152793436816,1.0,1.0,1,2,0.9500000000000001,False
3238,2,0.8519437615095501,0.5555555555555556,1.0,0,2,0.889814814814815,False
3239,3,0.8463450862545282,0.6666666666666666,1.0,1,1,0.9861111111111112,True
3240,3,0.6553212239452326,0.4166666666666667,1.0,1,1,0.819939254706687,True
3242,3,0.7269264156580826,0.7777777777777778,1.1764705882352942,1,2,0.8386827495677498,False
3243,3,0.7397427235988718,0.6666666666666666,1.0080645161290323,2,2,0.8052865640820562,False
3244,4,0.5280496455791905,0.2,1.0222222222222221,1,2,0.6251165147720341,False
3245,4,0.6425482172224272,0.3333333333333333,1.0222222222222221,1,2,0.7297428867461196,False
3246,2,0.9702345779967874,1.0,1.0294117647058822,0,1,1.0,True
3247,4,0.4881439085342433,0.375,1.0,1,1,0.7309307227051519,True
3248,3,0.8001547334863197,0.6666666666666666,1.0222222222222221,2,2,0.8311111111111112,False
3249,2,0.8132876388931443,0.6666666666666666,1.0,1,2,0.9361111111111112,False
3250,4,0.6632194151567506,0.5714285714285714,1.0,1,2,0.8378083207814647,False
3251,3,0.8151790150336635,0.7142857142857143,1.035294117647059,0,2,0.9500000000000001,False
3252,3,0.858899186523568,0.7142857142857143,1.0,1,1,1.0,True
3253,3,0.7358698404096785,0.5384615384615384,1.0080645161290323,2,1,0.80020795358217,False
3254,3,0.6960261951324249,0.5555555555555556,1.0,1,2,0.8452546127287114,False
3255,3,0.6045950860571284,0.5,1.0227272727272727,1,2,0.7829217035482933,False
3256,4,0.7597040383665933,0.6,1.0,1,1,0.9410636354904447,True
3257,2,0.605977800366488,0.3333333333333333,1.0,0,1,0.7640698509507171,True
3258,4,0.4119779316480482,0.375,1.0,1,1,0.6982881611824968,True
3259,3,0.7087565445709859,0.4444444444444444,1.0,1,1,0.8544141804775125,True
3260,3,0.6548345457058968,0.45454545454545453,1.0,1,1,0.8355135066012285,True
3261,2,0.7675294434159062,0.7272727272727273,1.014332965821389,1,2,0.9360840471782456,False
3262,4,0.915789715744944,0.75,1.0,1,2,0.9500000000000001,False
3263,3,0.7175573334818869,0.5,1.0222222222222221,1,2,0.8313340953017612,False
3264,4,0.659243688764698,0.25,1.0105263157894737,1,2,0.702175866613442,False
3265,4,0.9613631491486712,1.0,1.0,1,2,0.9500000000000001,False
3266,4,0.6060732997941304,0.5,1.035294117647059,0,1,0.833555223721294,True
3267,3,0.8486384413900926,0.8,1.0,1,1,1.0,True
3268,4,0.8496676199592548,0.8,1.0,1,1,1.0,True
3269,3,0.43335382259716815,0.5,1.0119047619047619,1,2,0.7095325906368818,False
3270,4,0.6654629099153306,0.5555555555555556,1.035294117647059,0,1,0.8821560619213851,True
3271,4,0.9626053395531448,1.0,1.0,1,2,0.9500000000000001,False
3273,3,0.6686284850561112,0.5714285714285714,1.0,1,2,0.8401264935954763,False
3274,4,0.9036830700794769,0.8333333333333334,1.0,1,2,0.9500000000000001,False
3275,4,0.41298851991700214,0.3333333333333333,1.0,2,2,0.5263601593295089,False
3276,3,0.71436666013223,0.5,1.0,1,1,0.8799666638661938,True
3277,3,0.6926689500200793,0.625,1.1764705882352942,1,2,0.7927509785800341,False
3278,2,0.7497783487674883,0.8,1.0,1,1,0.9784764351860664,True
3279,3,0.26220467669538855,0.2,1.08,0,1,0.561182956678976,False
3280,3,0.7374298173964933,0.8333333333333334,1.0222222222222221,1,1,0.97318420745564,True
3281,2,0.8491938994386086,0.75,1.014332965821389,1,2,0.9500000000000001,False
3282,3,0.4063864802522097,0.2222222222222222,1.0,1,2,0.5822344174625873,False
3283,3,0.829596874419082,0.6,1.0294117647058822,0,1,0.9583333333333333,True
3284,4,0.41825740978030024,0.14285714285714285,1.0222222222222221,2,2,0.4492531756201287,False
3285,2,0.8917783477920955,0.7777777777777778,1.014332965821389,1,2,0.9500000000000001,False
3286,4,0.49718272204619324,0.42857142857142855,1.0,1,1,0.7571259284959875,True
3287,3,0.6013422350479629,0.2,1.0222222222222221,1,2,0.6565276245443651,False
3288,4,0.5218018630124089,0.3,1.0222222222222221,1,2,0.6641055603386515,False
3289,3,0.7800469628021262,0.6,1.0222222222222221,1,2,0.8997820316771018,False
3290,4,0.6536637111340986,0.5,1.0125,1,2,0.8039511142955661,False
3291,4,0.6727861841403804,0.4,1.0125,1,2,0.7704797932030203,False
3292,3,0.5045364523043752,0.2,1.0,1,3,0.6150394319399703,False
3293,3,0.5947823066317416,0.375,1.0,0,2,0.7266328933183656,False
3294,2,0.8818212902227012,0.8333333333333334,1.014332965821389,1,2,0.9500000000000001,False
3295,3,0.6151452637168299,0.5,1.0,0,1,0.8374432082595937,True
3296,4,0.5201630861694345,0.3,1.0222222222222221,0,1,0.7134032274059481,True
3297,2,0.6301171873093431,0.375,1.0,0,1,0.7917764136087662,True
3298,3,0.8712987601897965,0.6666666666666666,1.0,0,2,0.9361111111111112,False
3299,3,0.7164261538825462,1.0,1.0,1,1,0.9641826373782341,True
3300,3,0.5619231752218428,0.3,1.0222222222222221,0,2,0.6813004084284089,False
3301,4,0.6982757145248455,0.42857142857142855,1.03125,0,3,0.7933086395582672,False
3302,3,0.686098954159693,0.5,1.0222222222222221,0,2,0.8178519327351067,False
3303,3,0.9514522368141484,1.0,1.03125,0,2,0.9500000000000001,False
3304,4,0.7144074491851504,0.4444444444444444,1.0,1,3,0.806835996740726,False
3305,3,0.6273682246668381,0.5,1.0,0,2,0.7926816200953116,False
3306,3,0.633396501765643,0.5,1.0,0,2,0.7952651674233709,False
3307,3,0.5357305665444002,0.4,1.0222222222222221,0,2,0.7117416713761716,False
3308,2,0.5057322625586578,0.42857142857142855,1.0,0,1,0.7607900172870439,True
3309,2,0.8595350504429395,1.0,2.003076923076923,1,1,0.8400000000000001,False
3310,3,0.75422703423124,0.5833333333333334,1.0222222222222221,0,1,0.9317719035594203,True
3311,2,0.7773025065414995,0.8333333333333334,1.0222222222222221,0,1,0.9902725028034998,True
3312,4,0.148295218535432,0.125,1.0857142857142856,1,2,0.43111461746756613,False
3313,3,0.6552201043578205,0.25,1.0125,2,1,0.6454514732962089,False
3314,4,0.2901751568632589,0.25,1.25,1,1,0.43400363865568237,False
3315,4,0.21720038709497094,0.1,1.1176470588235294,1,3,0.3702287373264161,False
3316,4,0.46508758058408695,0.3,1.0294117647058822,1,1,0.6897994392979421,True
3318,3,0.40751645087959887,0.3333333333333333,1.0,1,2,0.6290149868849075,False
3319,3,0.966554471832538,1.0,1.0,1,2,0.9500000000000001,False
3320,4,0.6818468065185754,0.5,1.0,1,2,0.8160295837460562,False
3321,2,0.8008350790376273,0.5714285714285714,1.0,1,1,0.9464285714285714,True
3322,3,0.8738780830155177,0.75,1.0294117647058822,1,2,0.9500000000000001,False
3323,2,0.7535963655339831,0.7142857142857143,1.0,1,2,0.9301127280859928,False
3324,2,0.9999999999999992,1.0,1.0625,1,1,1.0,True
3325,4,0.4775267746451468,0.36363636363636365,1.9428571428571428,1,2,0.5116456739821194,False
3326,4,0.7288632602438466,0.5714285714285714,1.0,1,2,0.865941397247363,False
3327,4,0.6757385255830377,0.5714285714285714,1.0227272727272727,1,2,0.843173653821302,False
3328,2,0.7378373174939626,0.5714285714285714,1.0,1,1,0.9197874217831268,True
3329,3,0.6781295698262676,0.375,1.0,0,1,0.8123531489731624,True
3330,2,0.7905044789113393,0.5,1.0,1,1,0.9125971576286693,True
3331,3,0.5893142310964975,0.5714285714285714,1.0377358490566038,1,1,0.8561346704699275,True
3332,2,0.23684089363708766,0.0,1.12,0,1,0.4286460972730376,False
3333,3,0.7919377675634425,0.5,1.0,0,1,0.9132114241938563,True
3334,4,0.6391321572500789,0.625,1.0227272727272727,1,2,0.8498066388214626,False
3335,4,0.1379164168051955,0.2,1.1578947368421053,0,1,0.427916559583179,False
3336,3,0.40936575975913936,1.0,1.1911764705882353,0,1,0.7525853256110597,True
3337,4,0.1358606556349521,0.1,1.0833333333333333,1,2,0.41536885241497945,False
3338,4,0.617184598928527,0.5,1.0,1,2,0.7883172090646069,False
3339,4,0.7410146070693521,0.6,1.0,1,1,0.9330538792201986,True
3340,3,0.6657116852124064,0.7142857142857143,1.0,1,2,0.8924478650910314,False
3341,4,0.7452358557321261,0.6,1.0,1,1,0.9348629857899589,True
3342,2,0.7296325949570008,0.6666666666666666,1.0,1,1,0.9559536518069687,True
3343,3,0.6285730050036705,0.5,1.0,1,2,0.7931979545253828,False
3344,3,0.7584660944640673,1.0,1.0021153846153847,1,2,0.9321997547703146,False
3345,3,0.797591183990762,1.0,1.0021153846153847,1,2,0.9489676502817551,False
3346,4,0.332272968701311,0.3333333333333333,1.0,0,1,0.6467677802370698,False
3347,4,0.8073214229777906,0.5,1.0,0,1,0.9166666666666667,True
3348,2,0.9507359853829849,1.0,1.0,1,2,0.9500000000000001,False
3349,3,0.8555060497023963,0.7142857142857143,1.0,1,2,0.9500000000000001,False
3350,4,0.6975565564861248,0.5,1.0,0,1,0.8727623337321488,True
3351,2,0.9469982803315756,1.0,1.0,1,2,0.9500000000000001,False
3352,2,0.9332690622582849,1.0,1.0,0,1,1.0,True
3353,4,0.49106080004190794,0.25,1.025,2,2,0.5250974857322462,False
3354,3,0.7494852472819811,0.5714285714285714,1.0,0,1,0.9247793916922777,True
3355,2,0.7953971836604382,0.5714285714285714,1.0,0,1,0.9444559358544735,True
3356,4,0.4204831055100818,0.3,1.0,1,2,0.620683235694797,False
3357,3,0.3273647653747534,0.1111111111111111,1.0345,1,1,0.5520716719330954,False
3358,4,0.5494454783019889,0.5,1.088,0,1,0.8092861573675191,True
3359,4,0.43441361050482385,0.4,1.088,0,1,0.7183201187877817,True
3360,3,0.3942366139310304,0.4,1.0142156862745098,1,1,0.7011014059704416,False
3361,3,0.24652243937194773,0.0,1.1764705882352942,0,1,0.43279533115940616,False
3362,2,0.8778808496797512,0.6666666666666666,1.0,1,1,0.9861111111111112,True
3363,3,0.15625730809544866,0.25,1.06,0,1,0.5366102748980495,False
3364,2,0.8926679381936251,0.7142857142857143,1.0,1,1,1.0,True
3365,2,0.8909881243600614,0.6666666666666666,1.0,1,1,0.9861111111111112,True
3366,2,0.8930522962897354,0.8,1.0,1,2,0.9500000000000001,False
3367,2,0.6443679718362352,0.5,1.0,1,1,0.8499672260250533,True
3368,4,0.05580672349057347,0.0,1.0,0,2,0.39999999999999997,False
3369,3,0.5138584217588821,0.5,1.0,0,1,0.7940345617061876,True
3370,4,0.7946092142546994,0.6666666666666666,1.0,0,2,0.9338007743631253,False
3371,2,0.6800520394979231,0.5555555555555556,1.0035714285714286,1,1,0.8884085460282105,True
3372,2,0.6338338887076146,0.6,1.0,0,1,0.8871192856365968,True
3373,2,0.5279836799590628,1.0,1.0,0,1,0.8834215771253127,True
3374,3,0.020698476120480497,0.0,1.1111111111111112,0,1,0.37,False
3375,2,0.886702957598708,0.8,1.0,1,1,1.0,True
3376,2,0.8889349616437174,0.8,1.0,1,1,1.0,True
3377,2,0.9674057442571511,1.0,1.0,0,2,0.9500000000000001,False
3378,2,0.9072670000411056,1.0,1.025,0,2,0.9500000000000001,False
3379,3,0.6829385608267321,0.5714285714285714,1.0126849894291754,1,2,0.8462593832114568,False
3380,3,0.6764121796119624,0.625,1.0190274841437632,1,2,0.8657837912622698,False
3381,3,0.7920809805703279,1.0,1.0190274841437632,1,2,0.9466061345301405,False
3382,2,0.6855948066900551,0.5,1.0,1,2,0.8176358695338333,False
3383,3,0.5673565598737547,0.375,1.0,1,2,0.7148790018506569,False
3384,4,0.7342530911912879,0.5555555555555556,1.0,1,2,0.8616375681825098,False
3385,2,0.7911870033652808,0.5714285714285714,1.0,1,2,0.8926515728708347,False
3386,2,0.7974065789481247,0.5,1.0,1,2,0.8655552005015773,False
3387,4,0.6604655243569444,0.4,1.0476190476190477,0,3,0.7651995104386905,False
3388,4,0.31170459186433747,0.5,1.0,1,1,0.707397206037097,False
3389,4,0.19836168343219035,0.125,1.0873563218390805,0,3,0.45257167385189107,False
3390,4,0.6947564642340966,0.5,1.0114942528735633,0,2,0.8215622941955653,False
3391,4,0.12659971913924273,0.16666666666666666,1.1,0,1,0.48917765740888175,False
3392,2,0.7184921444361789,0.75,1.0,0,1,0.9650680619012195,True
3393,2,0.7830033404391621,0.5714285714285714,1.0,1,2,0.8891442887596409,False
3394,2,0.3228597890125842,0.4,1.0,0,1,0.6705113381482504,False
3395,3,0.3970758574376481,0.14285714285714285,1.0,0,1,0.5951753674732777,False
3396,2,0.9453388319698012,0.8,1.0,1,2,0.9500000000000001,False
3397,2,0.9488131503210863,0.8,1.0,1,2,0.9500000000000001,False
3398,2,0.6247381528495272,0.3333333333333333,1.0,0,1,0.7721100020148768,True
3399,4,0.4816408326952003,0.5,1.25,1,3,0.5702270235360384,False
3400,4,0.3348829378457661,0.25,1.0285714285714285,0,1,0.6131641162196141,False
3401,2,0.5980069181864304,1.0,1.1111111111111112,0,1,0.8334315363656131,True
3402,2,0.8494572258214894,0.6,1.0,1,1,0.9583333333333333,True
3403,2,0.6839603850900589,0.3333333333333333,1.0,0,1,0.7974909586893904,True
3404,3,0.6945622610629928,0.5,1.0,1,2,0.8214790642650923,False
3405,3,0.4906352041918408,0.42857142857142855,1.0588235294117647,1,2,0.7043198494155508,False
3406,2,0.18657575098215703,0.25,1.2,0,2,0.4196038932780673,False
3407,4,0.4441262979810472,0.42857142857142855,1.125,0,2,0.6043874610394965,False
3408,4,0.7045815531261764,0.5714285714285714,1.019047619047619,0,1,0.9055349513397899,True
3409,3,0.46082043133369044,0.25,1.0823529411764705,2,2,0.5121373277144388,False
3410,2,0.8194184256969801,0.75,1.0,0,1,1.0,True
3411,2,0.829968355485653,0.8,1.011111111111111,0,1,1.0,True
3412,2,1.0000000000000002,1.0,1.0,1,1,1.0,True
3413,2,0.5996041965731632,0.6666666666666666,1.0,2,1,0.7952271953567525,False
3414,2,0.6270533780071151,0.2857142857142857,1.0,1,1,0.7532609715268589,True
3415,3,0.686895877816704,0.3333333333333333,1.0,1,1,0.7987490270008097,True
3416,2,0.7668323926653556,0.8333333333333334,1.0,2,2,0.8307853111422953,False
3417,2,0.6706566509006355,0.7142857142857143,1.0,2,2,0.7895671361002724,False
3418,3,0.19537528833052273,0.0,1.076470588235294,2,2,0.33587512357022403,False
3419,4,0.82395216053166,0.625,1.0,1,3,0.9187500000000001,False
3420,3,0.24830698259481468,0.14285714285714285,1.0869565217391304,0,1,0.5314172782549206,False
3421,3,0.144989795448005,0.1111111111111111,1.2,0,1,0.3939109705359175,False
3422,3,0.4572833276860329,0.5,1.0,0,1,0.7697880928178236,True
3423,3,0.32195093719135937,0.3333333333333333,1.0833333333333333,0,1,0.6423440524470905,False
3424,3,0.38515495046021414,0.5,1.0416666666666667,0,1,0.7388759311496156,False
3425,2,0.4737270043268004,0.3,1.0,0,1,0.6935020494733907,True
3426,3,0.3550000743080631,0.3333333333333333,1.2,0,1,0.5765079683542492,False
3427,3,0.4532378306706884,0.4,1.0416666666666667,0,1,0.7263876417160093,True
3428,2,0.8025078026666476,1.0,1.2,0,1,0.92,True
3429,3,0.2711341240384213,0.2727272727272727,1.0416666666666667,0,1,0.5953128929861632,False
3430,4,0.2601810110410131,0.25,1.7391304347826086,0,1,0.4211490047318628,False
3431,2,0.8641767710442618,1.0,1.1764705882352942,0,1,0.92,True
3432,3,0.537245801982213,0.5,1.0303030303030303,1,2,0.7540577246590437,False
3433,3,0.3729286174312225,0.5,1.0,0,1,0.7336360741371906,False
3434,3,0.26868038017501766,0.4,1.0833333333333333,0,1,0.6472915915035791,False
3436,3,0.13606282248549662,0.2,1.0416666666666667,0,1,0.5071221620175937,False
3437,2,0.6662335601949568,0.6,1.0,1,2,0.8510048591311721,False
3438,3,0.39491746874400785,0.375,1.0,0,1,0.6909765342236224,False
3439,3,0.9450355336189891,0.8333333333333334,1.0,1,2,0.9500000000000001,False
3440,4,0.20648352938972722,0.2,1.28,0,1,0.37730246497654973,False
3441,3,0.41774735803096036,0.4,1.0,0,1,0.7111774391561259,True
3442,3,0.9209965387897945,1.0,1.0294117647058822,1,1,1.0,True
3443,2,0.6546763295767284,0.4,1.0,1,1,0.8127184269614551,True
3444,3,0.39411421364471816,0.2857142857142857,1.1428571428571428,0,1,0.5734299010858316,False
3445,2,0.8421674437449755,0.5,1.0,1,1,0.9166666666666667,True
3446,2,0.8568299928246832,1.0,1.1764705882352942,0,1,0.92,True
3447,3,0.4610722069054329,0.4444444444444444,1.2,0,1,0.6682637500494183,True
3448,3,0.7007240800454965,0.6666666666666666,1.25,0,1,0.7835642882734668,False
3449,3,0.6293394789737882,0.5,1.25,0,1,0.6835264433697188,False
3450,4,0.1301201774005402,0.1111111111111111,1.25,0,1,0.307538277087004,False
3451,3,0.39865394739772236,0.38461538461538464,1.0,0,1,0.6965842924744817,False
3452,2,0.6374011254335764,0.5,1.1333333333333333,0,1,0.766981434709628,True
3453,2,0.6518927681987308,0.5,1.1333333333333333,0,2,0.7231921387518371,False
3454,4,0.46279463255413894,0.5,1.25,0,1,0.6121500806184406,False
3455,2,0.9745070759250808,1.0,1.0,1,1,1.0,True
3456,3,0.33222979835500976,0.3333333333333333,1.1111111111111112,0,2,0.5167492786600836,False
3457,2,0.7953305476554396,1.0,1.0833333333333333,0,1,0.9979988061380456,True
3458,4,0.14077204896507636,0.125,1.1875,0,1,0.39789040193741365,False
3459,2,0.3845458862710601,0.3,1.0666666666666667,0,1,0.6552815703066448,False
3460,2,0.6595903344982769,0.75,1.0526315789473684,0,1,0.9398244290706901,True
3461,4,0.11187582128443396,0.2,1.2666666666666666,0,1,0.3367563043599955,False
3462,3,0.41625387082228477,0.25,1.25,0,1,0.48803737320955054,False
3463,3,0.8345103164871912,0.375,1.0,0,2,0.8145833333333333,False
3464,3,0.7807258945594713,0.5,1.25,1,1,0.748406335763583,False
3465,2,0.9623304169070618,1.0,1.0,0,2,0.9500000000000001,False
3466,2,0.7949543166243884,0.8333333333333334,1.125,0,1,0.917837564267595,True
3467,3,0.40438479974267433,0.2222222222222222,1.2,0,1,0.551376554387072,False
3468,4,0.42437342874045664,0.2857142857142857,1.0909090909090908,0,1,0.6663981361268623,True
3469,2,0.9752160276161619,1.0,1.0,1,2,0.9500000000000001,False
3470,2,0.6530517712841244,0.5,1.1333333333333333,0,1,0.7736888543598629,True
3471,4,0.14175795982485578,0.18181818181818182,1.0677333333333332,0,2,0.45198717758727586,False
3472,2,0.6018369454305635,0.6666666666666666,1.0,0,1,0.9011840877242099,True
3473,4,0.6332536149880255,0.6,1.002857142857143,0,2,0.8368705968996301,False
3474,3,0.5058818254867802,0.5,1.2105263157894737,0,1,0.6306160204467154,False
3475,4,0.14215261354193867,0.14285714285714285,1.1111111111111112,0,2,0.35592254866083084,False
3476,3,0.3438998387173673,0.3,1.2195121951219512,0,2,0.42786183564077646,False
3477,2,0.36021975126314343,0.25,1.0,0,1,0.6240227505413471,False
3478,4,0.6060970796996206,0.3333333333333333,1.0,0,1,0.7641209706649168,True
3479,4,0.9108246148239553,0.8571428571428571,1.0014306151645207,1,1,1.0,True
3480,3,0.7086836308521335,0.6666666666666666,1.015625,1,2,0.8969755243334542,False
3481,4,0.9015673960913381,1.0,1.0,0,2,0.9500000000000001,False
3482,2,0.5894013178381097,0.5,1.0625,0,1,0.8264100885972852,True
3483,2,0.8433812595197822,0.75,1.0,0,1,1.0,True
3484,4,0.8688315973282331,1.0,1.0,0,2,0.9500000000000001,False
3485,3,0.6551370968178625,0.3333333333333333,1.1,0,1,0.785138120858449,True
3486,3,0.83108971121105,0.8571428571428571,1.0,1,2,0.9500000000000001,False
3487,3,0.869937974996566,0.8333333333333334,1.0,0,2,0.9500000000000001,False
3488,3,0.7163908045324463,0.75,1.0,0,2,0.9141674876567628,False
3489,2,0.682045679116366,0.5,1.1363636363636365,0,1,0.786114814859395,True
3490,3,0.8392909092270869,1.0,1.0625,0,2,0.9500000000000001,False
3491,4,0.5790700239713226,0.4,1.1538461538461537,0,1,0.7003157245591383,True
3492,2,1.0000000000000004,1.0,1.0,0,2,0.9500000000000001,False
3493,3,0.3664080257702389,0.25,1.25,0,2,0.41667486818724525,False
3494,3,0.8250281005762656,0.5,1.0,0,2,0.8666666666666668,False
3496,4,0.26474397503614644,0.16666666666666666,1.0909090909090908,0,1,0.5483823385075548,False
3497,4,0.5632455032938071,0.4,1.125,0,1,0.6935337871259174,True
3498,2,0.8370090125745676,1.0,1.1,0,1,1.0,True
3499,2,0.7165094297506512,1.0,1.0266666666666666,0,1,0.9642183270359934,True
3500,3,0.5402434682580856,0.6666666666666666,1.2,0,2,0.7447868832217193,False
3501,2,0.8936968724172606,0.75,1.0294117647058822,0,2,0.9500000000000001,False
3502,4,0.9067624534624003,1.0,1.0,1,2,0.9500000000000001,False
3503,2,0.9527084958696398,0.6,1.0,0,2,0.9083333333333333,False
3504,3,0.9091582314361537,1.0,1.0,1,2,0.9500000000000001,False
3505,3,0.4194449718265313,0.4,1.1111111111111112,0,2,0.5819049879256564,False
3506,4,0.840571364421517,0.75,1.0,1,2,0.9500000000000001,False
3507,2,0.4922159986778385,0.5,1.05,0,1,0.7847592375285974,True
3508,2,0.6116491795689933,0.5,1.0,0,1,0.8359448864819496,True
3509,4,0.6511409187615566,0.5,1.0588235294117647,0,1,0.8528699175644767,True
3510,2,0.587618646544318,0.75,1.2,0,1,0.8289794199475649,True
3511,4,0.9384168777795673,1.0,1.0,1,2,0.9500000000000001,False
3512,4,0.1566396052301715,0.14285714285714285,1.1111111111111112,0,1,0.41213125938435924,False
3513,3,0.86152681331471,1.0,1.0034615384615384,1,1,1.0,True
3514,4,0.8089845594907983,0.6,1.0294117647058822,1,1,0.9583333333333333,True
3515,3,0.6037691378110269,0.4,1.04,0,2,0.7409010590618689,False
3516,3,0.5755674194741562,0.5,1.05,0,2,0.7704812750127338,False
3517,4,0.6948373898388173,0.5,1.0,1,1,0.8715969765975884,True
3518,3,0.29637473284062626,0.4,1.0294117647058822,0,1,0.6591605997888399,False
3519,2,0.5676272863740872,0.6,1.0294117647058822,0,1,0.8587450274936564,True
3520,4,0.6578813630225188,0.3333333333333333,1.0,1,1,0.7863142349461589,True
3521,3,0.42509679618772356,0.25,1.0294117647058822,0,1,0.6518271983661672,True
3522,3,0.5295472857765092,0.2857142857142857,1.0294117647058822,0,1,0.7114726462851706,True
3523,4,0.3838645365188,0.16666666666666666,1.0294117647058822,0,1,0.5994340077144064,False
3524,4,0.4171573768931965,0.42857142857142855,1.0,0,1,0.7228293520018461,True
3525,4,0.5190773217802934,0.14285714285714285,1.0588235294117647,1,1,0.6474617093344115,False
3526,3,0.3549659816136592,0.2857142857142857,1.2,0,1,0.5566520873582349,False
3527,4,0.3162625257299163,0.2,1.183431952662722,0,1,0.5043506062652022,False
3528,4,0.4379315844205894,0.4,1.1111111111111112,0,2,0.5898278218945384,False
3529,4,0.12548325673428729,0.0,1.25,0,2,0.250921395743266,False
3530,2,0.404482357601619,0.42857142857142855,1.0,0,2,0.6673972008768844,False
3531,3,0.3704143882239829,0.36363636363636365,1.0,1,2,0.6257403655159062,False
3532,2,0.8299784387937704,0.875,1.0,1,2,0.9500000000000001,False
3533,3,0.9289492706392589,1.0,1.025,1,1,1.0,True
3534,4,0.33972086590290634,0.1111111111111111,3.6973344797936374,1,1,0.39736714358801806,False
3535,3,0.9084339885337009,1.0,1.0,1,1,1.0,True
3536,3,0.8714824412887309,0.75,1.0,1,1,1.0,True
3537,3,0.6792791059950093,0.6666666666666666,1.0,1,1,0.9343735851089723,True
3538,4,0.8623590800528875,1.0,1.0,1,1,1.0,True
3539,3,0.8117649304046778,1.0,1.0,1,1,1.0,True
3540,4,0.8774369994184759,1.0,1.0,1,1,1.0,True
3541,3,0.25537991443385055,0.25,8.5,1,1,0.4190913919002217,False
3542,3,0.8096475247991324,0.7142857142857143,1.0294117647058822,1,1,1.0,True
3543,4,0.46144354189648346,0.2857142857142857,1.0,1,1,0.6822853274794453,True
3545,4,0.4279790562393632,0.25,1.0153846153846153,1,1,0.6530624526740128,True
3546,4,0.2755755734077886,0.0,1.0,0,1,0.5252466743176236,False
3547,3,0.27167057651443666,0.25,1.0,0,1,0.5860731042204729,False
3548,4,0.2970935504130742,0.1111111111111111,1.119047619047619,1,1,0.4590982940923757,False
3549,3,0.84214465521008,0.7777777777777778,1.0,1,1,1.0,True
3550,4,0.7512393900795828,0.75,1.0277777777777777,1,1,0.9791025957483925,True
3551,4,0.2416114836444942,0.0,1.1294117647058823,1,1,0.43069063584764034,False
3552,4,0.8073748272050018,0.6666666666666666,1.2222222222222223,1,1,0.8261111111111111,False
3553,4,0.8637189978163345,0.75,1.0,1,1,1.0,True
3554,4,0.846831254910011,0.7142857142857143,1.008,1,1,1.0,True
3555,4,0.9780440325159523,1.0,1.0,1,1,1.0,True
3556,4,0.38082412283924955,0.14285714285714285,1.0,1,2,0.5382103383596785,False
3557,4,0.6184399079376369,0.375,1.0,1,1,0.7867718653066063,True
3558,2,0.7953093278127181,0.6,1.0,1,1,0.9563230452530698,True
3559,4,0.45325163778092364,0.2857142857142857,1.0,1,1,0.6787745114299196,True
3560,4,0.7892899169166658,0.6,1.0,1,1,0.9537432977261902,True
3561,3,0.7912203116873084,0.6,1.0,1,1,0.9545706097707514,True
3562,2,0.8912678145716983,0.7142857142857143,1.0,1,1,1.0,True
3563,4,0.34989519771429733,0.2,1.0,1,1,0.5987646085442226,False
3564,2,0.6482848090975486,0.5,1.0,2,1,0.746645870565616,False
3565,4,0.846375824862436,0.8,1.0285714285714285,1,1,1.0,True
3566,4,0.7784896640096621,0.6,1.0,1,1,0.949114617908903,True
3567,4,0.9035547662271987,1.0,1.0119047619047619,1,1,1.0,True
3568,2,0.8491608178439495,1.0,1.0,0,1,1.0,True
3569,2,1.0,1.0,1.0,1,1,1.0,True
3570,4,0.3767408350306626,0.2222222222222222,1.1111111111111112,0,1,0.539529140939067,False
3571,2,0.5349699687510444,0.6,1.0,0,1,0.8447490342266382,True
3572,4,0.3327667485554403,0.1,1.0,1,1,0.5497571779523316,False
3573,4,0.6594798894181004,0.375,1.0,1,1,0.8043604287982336,True
3574,4,0.8674864093404754,0.8,1.0,1,1,1.0,True
3575,4,0.7011408453406781,0.625,1.0,1,1,0.9263817908602907,True
3576,3,0.7072840728826905,0.4444444444444444,1.0,1,1,0.8537831211825289,True
3577,4,0.6921408005746614,0.4444444444444444,1.0,1,1,0.8472931473362306,True
3578,3,0.6182926184338884,0.625,1.0,1,1,0.8908754079002379,True
3579,2,0.9318290590206679,0.7777777777777778,1.0,1,1,1.0,True
3580,4,0.7730490842417775,0.6666666666666666,1.0,1,1,0.9745607186433014,True
3581,2,0.9219720769094145,0.8333333333333334,1.0,1,1,1.0,True
3582,4,0.14401251178602711,0.2,1.0,0,1,0.5105291717178211,False
3583,4,0.8465911688073268,0.6666666666666666,1.0,1,1,0.9861111111111112,True
3584,4,0.3600650317809568,0.25,1.0476190476190477,1,1,0.6239564421918387,False
3585,4,0.6813262510720332,0.4,1.1274509803921569,1,1,0.7441398218880142,True
3586,4,0.7718233243495743,0.4,1.0188679245283019,2,1,0.7579242818641034,False
3587,2,0.7772468887963775,0.6666666666666666,1.0,0,1,0.9763597777381301,True
3588,4,0.7712296374584792,0.4,1.0,1,1,0.8626698446250625,True
3589,3,0.6318282055101409,0.4,1.018181818181818,2,1,0.6979263737900605,False
3590,4,0.11118597692041425,0.0,4.017857142857143,1,1,0.29479399010874896,False
3591,2,0.9460326441785996,1.0,1.0,0,1,1.0,True
3592,3,0.4865219629755049,0.2857142857142857,1.08,1,1,0.6930332222275973,True
3593,4,0.663490818924383,0.4,1.0909090909090908,2,1,0.7114960652533071,False
3594,2,0.6583168921447542,0.5,1.0169491525423728,1,1,0.8559453347287043,True
3595,3,0.8946085737815378,1.0,1.0196078431372548,1,1,1.0,True
3596,4,0.09195419642357704,0.0,1.1333333333333333,0,1,0.37,False
3597,2,0.9091599550777647,0.75,1.0,1,1,1.0,True
3598,2,0.744064121168651,0.4,1.0,0,1,0.8510274805008504,True
3599,2,0.3677545594894789,0.16666666666666666,1.0,1,1,0.5925297318446973,False
3600,2,0.9188238385359688,0.75,1.0,0,1,1.0,True
3601,2,0.8573874778716334,1.0,1.0,0,2,0.9500000000000001,False
3602,3,0.7321588545861863,0.5555555555555556,1.0294117647058822,1,1,0.9107400382088948,True
3603,4,0.7546823683610041,0.5714285714285714,1.0138888888888888,1,1,0.9270067292975732,True
3605,3,0.6054453653403961,0.2,1.0303030303030303,1,2,0.6582861089554078,False
3606,3,0.758225413636447,0.6666666666666666,1.0178571428571428,1,1,0.9682077169553027,True
3607,2,0.7838104454188509,0.6,1.03125,1,1,0.9513949527985552,True
3608,2,0.8579917502210506,0.6,1.0,1,1,0.9583333333333333,True
3609,4,0.9377558143996089,1.0,1.0133333333333334,0,1,1.0,True
3610,4,0.8083854302927068,0.5555555555555556,1.0142857142857142,0,2,0.889814814814815,False
3611,4,0.5651983446817169,0.3333333333333333,1.0,0,1,0.7465929413715294,True
3612,4,0.720551298823348,0.5,1.0204081632653061,1,1,0.8826172233052445,True
3613,3,0.6569045932907268,0.42857142857142855,1.0666666666666667,2,1,0.7205781590293592,False
3614,3,0.826839007417001,0.8,1.0,1,1,1.0,True
3615,4,0.725493697469385,0.5714285714285714,1.0,1,1,0.9144972989154507,True
3616,2,0.8441644834746778,1.0,1.1,0,1,1.0,True
3617,3,0.1953780804030311,0.0,1.0,0,1,0.49087632017272764,False
3618,2,0.8319166207579091,1.0,1.0,1,2,0.9500000000000001,False
3619,3,0.4595149476500161,0.2,1.0,1,1,0.6457445013738164,False
3620,4,0.7802629342608022,0.5714285714285714,1.0,1,1,0.9379698289689153,True
3621,2,0.8391662181891067,0.7142857142857143,1.0,1,1,1.0,True
3622,4,0.6791699945483153,0.5,1.0256410256410255,1,1,0.8648823786159447,True
3623,2,0.5683406716191043,0.5,1.0,0,1,0.8173840973605686,True
3624,3,0.7144710635052149,0.375,1.2222222222222223,1,1,0.6679280748355684,False
3625,2,0.9999999999999996,1.0,1.0,1,1,1.0,True
3626,2,0.801573990548945,0.6,1.0,1,1,0.9583333333333333,True
3627,3,0.6060707497919047,0.2857142857142857,1.2,1,1,0.6642684165774829,True
3628,2,0.7111239987323402,0.625,1.0,1,1,0.9306602851710031,True
3629,4,0.723489562610957,0.7142857142857143,1.008,1,1,0.967209812547553,True
3630,3,0.5893647551622112,0.4,6.857142857142857,1,2,0.5747277522123764,False
3631,3,0.47112266062908437,0.625,1.0285714285714285,0,1,0.8278025688410362,True
3632,2,0.9643806496762244,1.0,1.0,1,2,0.9500000000000001,False
3633,2,0.9215443548572578,1.0,1.0,1,2,0.9500000000000001,False
3634,2,0.8580697705964128,0.7142857142857143,1.0,2,2,0.8450000000000001,False
3635,2,0.8934650990167644,0.8333333333333334,1.0,2,1,0.895,False
3636,3,0.7055725166789741,0.75,1.008,1,1,0.9595310785767033,True
3637,3,0.6553329820145187,0.3333333333333333,1.0,1,2,0.735222071657016,False
3638,2,0.7689623182834966,0.5555555555555556,1.0,1,2,0.8765129512220277,False
3639,2,0.43678497483062795,0.36363636363636365,1.0410958904109588,1,1,0.7041849026330397,True
3640,3,0.5563181438476225,0.4,1.0,1,2,0.7205649187918383,False
3641,3,0.8416166415932431,0.6666666666666666,1.0,1,1,0.9861111111111112,True
3642,2,0.9773488579864886,1.0,1.0316666666666667,0,2,0.9500000000000001,False
3643,4,0.9473193981344429,1.0,1.0017543859649123,1,1,1.0,True
3644,2,0.9789236065786175,1.0,1.0333333333333334,0,2,0.9500000000000001,False
3645,3,0.734990426376293,0.6,1.1657559198542806,0,1,0.8504720874946018,True
3646,2,0.8130802057820995,0.6666666666666666,1.0,1,1,0.9861111111111112,True
3647,2,0.8528704050278016,0.75,1.0,1,1,1.0,True
3648,2,0.9501409156781077,1.0,1.0,1,1,1.0,True
3649,2,0.8796658396259722,1.0,1.0,1,1,1.0,True
3650,3,0.950104973546146,1.0,1.0017543859649123,1,1,1.0,True
3651,3,0.6224399924104498,0.5,1.0363636363636364,0,1,0.8405695205568595,True
3652,3,0.947958363557341,1.0,1.0017543859649123,1,1,1.0,True
3653,4,0.958422034805242,1.0,1.0022271714922049,1,1,1.0,True
3654,3,0.833073047959822,0.6,1.0,1,1,0.9583333333333333,True
3655,2,0.9539450958009117,1.0,1.0,0,2,0.9500000000000001,False
3656,3,0.25778467741850875,0.1111111111111111,1.0,1,1,0.5222516342375619,False
3657,3,0.711622147131458,0.7142857142857143,1.0344827586206897,1,1,0.9621237773420535,True
3658,2,0.8932355631503843,0.75,1.0,1,1,1.0,True
3659,2,0.8428819472995892,0.7142857142857143,1.0014285714285713,1,1,1.0,True
3660,3,0.7228518731629306,0.625,1.0,1,1,0.9356865170698274,True
3661,3,0.6679526744311164,0.7142857142857143,1.0169491525423728,1,1,0.9434082890419071,True
3662,4,0.6736739503966764,0.625,1.0368571428571427,1,1,0.9146102644557186,True
3663,3,0.7848945128285162,0.8571428571428571,1.0,1,1,0.9935262197836499,True
3664,4,0.867614870942876,1.0,1.0,1,1,1.0,True
3665,3,0.8439925546360091,1.0,1.1,1,1,1.0,True
3666,4,0.7080657326339697,0.7142857142857143,1.1,0,1,0.9605995997002728,True
3667,3,0.7087698665493865,0.5,1.0,1,1,0.8775680380449752,True
3668,3,0.47414988589792284,0.25,1.0,0,1,0.6728499510991098,True
3669,2,0.7695301647171731,0.625,1.0,1,1,0.9556914991645029,True
3670,4,0.380982959319673,0.3333333333333333,1.0204081632653061,1,1,0.667643490502082,False
3671,4,0.5402119460583009,0.375,1.0266666666666666,1,1,0.753245595929748,True
3672,3,0.603387698612003,0.2857142857142857,1.0285714285714285,0,1,0.7431185375003823,True
3673,3,0.5590142716654924,0.5,1.0,1,1,0.8133870688090206,True
3674,2,0.782965183339604,0.625,1.0,1,1,0.9614493642884017,True
3675,4,0.37673095428532954,0.375,1.0479041916167664,1,1,0.6831823137413318,False
3676,4,0.7816987838002522,0.75,1.0,1,1,0.9921566216286795,True
3677,2,0.9605764569862911,1.0,1.0,1,1,1.0,True
3678,3,0.8241845251548968,1.0,1.0235294117647058,1,1,1.0,True
3679,4,0.365596786528306,0.375,1.0735294117647058,1,1,0.6784105275597502,False
3680,2,0.8599150124564622,0.875,1.011764705882353,1,1,1.0,True
3681,3,0.7925889014719893,0.8571428571428571,1.0303030303030303,1,1,0.9968238149165669,True
3682,3,0.3054178798717006,0.25,1.0,0,1,0.6005362342307288,False
3683,3,0.6920605464290315,0.75,1.2,1,1,0.8737402341838706,True
3684,2,0.6505796921228805,0.6666666666666666,1.0,1,1,0.9220738363066314,True
3685,3,0.6257283036983485,0.6666666666666666,1.0066666666666666,1,1,0.9114232412675463,True
3686,3,0.7417764277654526,0.6,1.0,1,1,0.9333803738042417,True
3687,3,0.3818352207290632,0.3333333333333333,1.0285714285714285,0,1,0.6680087453918208,False
3688,2,0.7487942497009024,0.8571428571428571,1.0,1,1,0.9780546784432438,True
3689,3,0.7420033328001373,0.75,1.128668171557562,0,2,0.8451442854857731,False
3690,4,0.2535966880835757,0.14285714285714285,1.1111111111111112,0,2,0.40368429489296104,False
3691,4,0.4944676103477538,0.5,1.2340917855765523,1,1,0.6257242139585611,False
3692,4,0.10827444720730074,0.125,1.1111111111111112,1,1,0.38396285832693844,False
3693,4,0.7654870740755098,0.6,1.0,0,1,0.9435420793656948,True
3694,2,0.7262637784975355,0.5,1.0,0,1,0.8850654288798963,True
3695,2,0.8073882590051038,0.7142857142857143,1.0,1,1,1.0,True
3696,2,0.4599390088049841,0.6666666666666666,1.0,0,1,0.8403706863132472,True
3697,2,0.7408349183692101,0.6,1.0,1,1,0.9329768697772804,True
3698,3,0.7081349999396016,0.7142857142857143,1.0044444444444445,1,1,0.9606292856884007,True
3699,3,0.7884264733393963,0.6,1.0,1,1,0.9533732504787888,True
3700,2,0.7843097304035307,0.6666666666666666,1.0,0,1,0.9793867098554814,True
3701,3,0.8830027294023365,0.75,1.0526315789473684,0,1,1.0,True
3702,3,0.3492387473239076,0.16666666666666666,1.0,0,1,0.5845943837737382,False
3703,2,0.9454241959638121,1.0,1.0133333333333334,1,1,1.0,True
3704,4,0.6480050248360395,0.2857142857142857,1.0,2,2,0.6072402487392551,False
3705,4,0.9515483748454814,1.0,1.0,1,1,1.0,True
3707,3,0.6584827980026415,0.5,1.0,0,1,0.8560164372392274,True
3708,4,0.46202702537228674,0.375,1.2666666666666666,1,1,0.559737772778599,False
3709,3,0.28972188088982287,0.25,1.0,0,1,0.5938093775242098,False
3710,3,0.5474794928768859,0.5,1.0,1,1,0.8084435921853321,True
3711,4,0.4016687089789765,0.75,1.0053735482752644,0,1,0.8292865895624184,True
3712,4,0.35775622907572674,0.125,1.08,1,2,0.5208836219848353,False
3713,2,0.6338570346999188,0.75,1.0,0,1,0.928795872014251,True
3714,4,0.23008947262141513,0.125,1.0,0,1,0.5161692977901303,False
3715,2,0.6574152089954602,0.6666666666666666,1.0,1,2,0.875003343537737,False
3716,4,0.6415584448487923,0.42857142857142855,1.0,2,1,0.7140012382685301,False
3717,3,0.28008696114486065,0.2857142857142857,1.0,0,1,0.6045610785858926,False
3718,4,0.6079552541220326,0.375,1.0857142857142856,1,1,0.7822784422427759,True
3719,3,0.6290146134156546,0.2857142857142857,1.0,0,1,0.7541015009876615,True
3720,3,0.5512749451349432,0.3333333333333333,1.0,0,1,0.7406257701371979,True
3721,3,0.6464674860932649,0.5,1.0036429872495447,0,2,0.8008670178494947,False
3722,3,0.5818031402641136,0.2857142857142857,1.0,1,1,0.7338680124941439,True
3723,4,0.6095928034360406,0.25,1.102,0,2,0.6008969157583032,False
3724,4,0.7633006148042712,0.6,1.0294117647058822,1,1,0.9426050253923068,True
3725,3,0.41740336417023266,0.25,1.2,0,1,0.568530013215814,True
3726,2,0.9999999999999998,1.0,1.0,1,1,1.0,True
3727,3,0.5593010488075031,0.375,1.0,1,1,0.7614266399651204,True
3728,2,0.5755404428987205,0.5714285714285714,1.0294117647058822,0,1,0.8502316183851659,True
3729,3,0.4641360868151363,0.2727272727272727,1.0,1,2,0.6280280198904697,False
3730,3,0.5337848869732813,0.3333333333333333,1.0,1,2,0.6831300309250571,False
3731,2,0.9740333646757824,1.0,1.0,1,2,0.9500000000000001,False
3732,4,0.13011071087095788,0.08333333333333333,1.09375,0,2,0.41290459037326765,False
3733,2,0.8276538030533538,0.9090909090909091,1.0,1,1,1.0,True
3734,3,0.7055724189895319,0.5555555555555556,1.0,1,1,0.8993458515246142,True
3735,3,0.8482899423617746,0.6,1.0,1,2,0.9083333333333333,False
3736,2,0.8731864406716069,0.75,1.0,1,2,0.9500000000000001,False
3737,2,0.9454709789949282,0.8571428571428571,1.0,1,1,1.0,True
3738,2,0.9999999999999997,1.0,1.0,1,2,0.9500000000000001,False
3739,2,0.8797346394891121,1.0,1.0,1,2,0.9500000000000001,False
3740,2,0.9503389845430531,1.0,1.0,1,2,0.9500000000000001,False
3741,2,0.8808262135012638,1.0,1.0,1,2,0.9500000000000001,False
3742,2,0.9475471134175868,1.0,1.0,1,2,0.9500000000000001,False
3743,2,0.9511392706809146,1.0,1.0,1,2,0.9500000000000001,False
3744,4,0.23363522449981813,0.3333333333333333,1.1,1,1,0.6044944612935729,False
3745,4,0.8523176157763241,0.8,1.0057142857142858,1,1,1.0,True
3746,4,0.8005886809643985,0.7142857142857143,1.0106421684555214,1,1,1.0,True
3748,4,0.7368011750002853,0.6666666666666666,1.2121212121212122,1,1,0.7990259003969478,False
3749,2,0.7706769481510474,0.8333333333333334,1.0004244224822652,1,1,0.9874329777790203,True
3750,4,0.9344493410689623,1.0,1.0,1,1,1.0,True
3751,3,0.7076191072009625,0.5,1.0,1,1,0.8770748554670793,True
3752,4,0.8662940172213849,0.8571428571428571,1.0,1,1,1.0,True
3753,3,0.7401545466566641,0.5714285714285714,1.0,1,1,0.9207805199957133,True
3754,2,0.748402108351549,0.5,1.0,1,1,0.8945532845316162,True
3755,2,0.9592084605804828,1.0,1.0,1,1,1.0,True
3756,3,0.6963980240507622,0.5714285714285714,1.0,1,1,0.9020277245931838,True
3757,4,0.87785985908141,1.0,1.0057142857142858,1,2,0.9500000000000001,False
3758,2,0.9734331101384627,1.0,1.0,1,1,1.0,True
3759,2,0.813665601225261,0.6666666666666666,1.0,1,1,0.9861111111111112,True
3760,4,0.527384535151164,0.5,1.0,1,1,0.799831467445737,True
3761,3,0.9702065891595769,1.0,1.0,1,2,0.9500000000000001,False
3762,2,0.9225335938084791,1.0,1.0,1,1,1.0,True
3763,3,0.8960429336421993,0.7777777777777778,1.0,1,1,1.0,True
3764,3,0.6455974828763146,0.42857142857142855,1.0,1,1,0.8207322545660396,True
3765,3,0.37715854307829716,0.25,1.0,0,1,0.6312822327478417,False
3766,2,0.6871181651784852,0.5,1.0003030303030305,1,1,0.8682887374574462,True
3767,4,0.7641156416748186,0.7142857142857143,1.0005457522284884,1,1,0.9846209892892079,True
3768,4,0.6049889991765234,0.4,1.0057142857142858,1,1,0.7914238567899387,True
3769,3,0.49758273343695175,0.4,1.0,1,1,0.7453926000444079,True
3770,3,0.664058263184854,0.5,1.0,0,1,0.8584059223173184,True
3771,3,0.8823240356363716,1.0,1.0,1,1,1.0,True
3772,4,0.866553210164344,0.8,1.0294117647058822,1,1,1.0,True
3773,4,0.7087668815862808,0.5,1.1666666666666667,1,1,0.7975667587750728,True
3774,4,0.8945847237604349,0.75,1.0303030303030303,1,1,1.0,True
3775,4,0.6167491899409007,0.3333333333333333,1.0303030303030303,1,1,0.7686861607683225,True
3776,4,0.6896999152502998,0.6666666666666666,1.025,1,2,0.8888396462183826,False
3777,3,0.8041865339300195,1.0,1.0,1,2,0.9500000000000001,False
3778,3,0.37003839725320886,0.4,1.2,0,1,0.6107307416799467,False
3779,3,0.7277293168171156,0.5714285714285714,1.0294117647058822,1,2,0.8654554214930495,False
3780,4,0.5526055724236649,0.36363636363636365,1.25,1,2,0.5438223016014843,False
3781,4,0.45574664536636494,0.2,1.1764705882352942,0,1,0.5641295146808231,False
3782,4,0.3513822070648511,0.2857142857142857,1.1764705882352942,0,1,0.5551161839801743,False
3783,3,0.5208218060050251,0.75,1.1618589743589745,1,2,0.7503522025735823,False
3784,4,0.6116963282010358,0.42857142857142855,1.2142857142857142,1,1,0.6462031882766345,False
3785,4,0.7340311318555931,0.5,1.0416666666666667,0,1,0.888394294604778,True
3786,4,0.835344109686872,0.5714285714285714,1.0303030303030303,1,1,0.9464285714285714,True
3788,4,0.44905814121327137,0.4,1.25,0,1,0.5645963462342592,False
3789,4,0.4084053495482991,0.25,1.0416666666666667,0,1,0.6446737212349853,True
3790,4,0.28271257692687984,0.2,1.1764705882352942,0,1,0.48997205677818656,False
3791,4,0.1522877828171949,0.2,1.25,0,1,0.35407571644546454,False
3793,4,0.7496436066859447,0.5,1.0,1,1,0.8950853552463574,True
3794,3,0.7498541387884196,0.5714285714285714,1.0294117647058822,1,1,0.9249374880521799,True
3795,4,0.25514332300651016,0.16666666666666666,1.0416666666666667,0,1,0.5442677733519964,False
3796,4,0.4401478440589268,0.2857142857142857,1.0416666666666667,0,1,0.6731585998347781,True
3797,3,0.8592408750024741,0.8333333333333334,1.0294117647058822,1,1,1.0,True
3798,3,0.33646757600398153,0.25,1.1,0,1,0.6138432468588492,False
3799,3,0.39579806280882973,0.4,1.25,0,2,0.49177059834664133,False
3800,3,0.5208876698093525,0.18181818181818182,1.1538461538461537,1,2,0.5344713390092031,False
3801,4,0.729310023666845,0.2857142857142857,1.1428571428571428,0,1,0.7170852482381717,True
3802,3,0.963428961717147,1.0,1.0285714285714285,1,1,1.0,True
3803,4,0.8971622896089849,0.75,1.0,1,1,1.0,True
3804,4,0.134001703039817,0.14285714285714285,1.1428571428571428,0,1,0.40242930130277865,False
3805,3,0.901026865383225,0.6666666666666666,1.0,0,1,0.9861111111111112,True
3806,4,0.45862400708863255,0.2,1.0,2,1,0.5403626697046521,False
3807,4,0.6771361444754195,0.5,1.1428571428571428,1,2,0.7340107285847036,False
3808,4,0.43487317412084964,0.4,1.25,0,2,0.5085170746232214,False
3809,4,0.8405207938345824,0.8,1.2,0,1,0.92,True
3810,3,0.6160878675419399,0.2,1.0,2,1,0.607847181327498,False
3811,4,0.2773113473114214,0.2,1.0,0,1,0.5676572440858473,False
3812,4,0.4738939783854337,0.4,1.1,0,1,0.7352402764509002,True
3813,2,0.9043002474258286,0.8333333333333334,1.0,1,1,1.0,True
3814,3,0.10785650103764644,0.16666666666666666,1.0133333333333334,0,1,0.48114484965105486,False
3815,3,0.9999999999999998,1.0,1.0,1,1,1.0,True
3816,3,0.0025083333759394243,0.0,1.125,0,1,0.37,False
3817,3,0.8672317506397752,0.8,1.0,1,1,1.0,True
3818,3,0.942110490925919,1.0,1.0,1,1,1.0,True
3819,2,0.5901134690393611,0.4444444444444444,1.25,0,1,0.6435671481068161,False
3820,2,0.8828080661952636,0.5,1.0,1,1,0.9166666666666667,True
3821,4,0.8045048527686892,0.5,1.0,1,2,0.8666666666666668,False
3822,2,0.7920634337807383,0.6666666666666666,1.1428571428571428,0,1,0.9027097255885704,True
3823,4,0.6837264056766053,0.3333333333333333,1.0,1,1,0.7973906817979102,True
3824,4,0.6035897252470471,0.5,1.0,0,1,0.8324908346296869,True
3825,4,0.8228420387133758,0.6666666666666666,1.0,1,1,0.9861111111111112,True
3826,2,0.6008239534582339,0.6,1.08,0,2,0.8229721705297194,False
3827,3,0.8604965620732103,1.0,1.0227272727272727,0,2,0.9500000000000001,False
3828,4,0.6507729584497389,0.3333333333333333,1.1764705882352942,0,1,0.7032677758435388,True
3829,4,0.31509126099476803,0.1111111111111111,1.1764705882352942,0,1,0.4668115986273873,False
3830,4,0.5212091325108373,0.3,1.0,1,2,0.6638515329808351,False
3831,2,0.7477152334270355,0.6666666666666666,1.0,0,1,0.9637033540084121,True
3832,4,0.573960872495409,0.25,1.0,0,1,0.7156260882123181,True
3833,2,0.6758035907978931,1.0,1.1666666666666667,0,1,0.8667729674848114,True
3834,4,0.4193570000841275,0.2857142857142857,1.1,0,1,0.6642482381312927,True
3835,2,0.35110382996213535,0.5,1.0,0,1,0.7242825937932961,False
3836,4,0.17778988315070576,0.14285714285714285,1.0588235294117647,0,1,0.5011956642074453,False
3837,3,0.6369943511184128,0.8,1.0,1,2,0.8801404361936056,False
3838,3,0.5660577863140137,0.6,1.0,1,2,0.8080723846107679,False
3839,4,0.38299501193702645,0.16666666666666666,1.1764705882352942,1,2,0.4690613543222177,False
3840,4,0.6855687984326361,0.2,1.0,0,1,0.7426247231377964,False
3841,2,0.7554362727148145,0.5,1.1,0,1,0.8975679264015872,True
3842,4,0.6304360300454581,0.5,1.0222222222222221,1,2,0.7939963938290059,False
3843,2,0.661346080841439,0.6,1.0,0,2,0.8489102251225216,False
3844,3,0.5027948635857777,0.2857142857142857,1.0,0,2,0.6500073224891428,False
3845,4,0.7397140678621671,0.5,1.0416666666666667,0,1,0.8908298386075955,True
3846,4,0.19400543282296998,0.2,1.0416666666666667,0,1,0.5319547093050824,False
3847,4,0.6888810115191064,0.42857142857142855,4.0,1,1,0.6792823382700933,False
3848,2,0.9584042447637283,1.0,1.0,1,2,0.9500000000000001,False
3849,3,0.44940302644492497,0.3333333333333333,1.0227272727272727,0,1,0.6969663764129044,True
3850,3,0.783552744823706,0.7142857142857143,1.0,0,2,0.9429511763530168,False
3851,2,0.9897896803895214,1.0,1.0,1,1,1.0,True
3852,3,0.4784759503461028,0.5,1.1333333333333333,0,2,0.648870645386425,False
3853,2,0.9865577780044003,1.0,1.0,1,1,1.0,True
3854,2,0.9886215344038205,1.0,1.0,1,1,1.0,True
3855,3,0.7855588388588883,1.0,1.1666666666666667,0,1,0.9138109309395236,True
3856,4,0.4746032629420298,0.2,1.0,1,2,0.6022109222132509,False
3857,3,0.4746390382755086,0.5,1.0,0,1,0.7772262544990276,True
3858,3,0.9319648468270607,1.0,1.0,1,3,0.9500000000000001,False
3859,3,0.7542385121403844,0.5,1.0,0,2,0.8470546004411172,False
3860,4,0.8399126477993448,0.6666666666666666,1.0,1,1,0.9861111111111112,True
3861,2,0.8310679563603117,0.3333333333333333,1.0,0,1,0.8472222222222222,True
3862,2,0.38299668849686075,0.2,1.2,0,1,0.5329509617367498,False
3864,3,0.6642443723492237,0.5714285714285714,1.0416666666666667,0,1,0.8882475881496674,True
3865,2,1.0,1.0,1.0,1,1,1.0,True
3866,4,0.5139400654264357,0.4,1.1111111111111112,1,1,0.6724028851827581,True
3868,2,0.5113454202522125,0.3333333333333333,1.0,0,1,0.7235131166160276,True
3869,4,0.6009753525596913,0.5,1.0,0,2,0.7813703891922487,False
3870,4,0.4980589367276177,0.2857142857142857,1.0,1,1,0.6979776395499314,True
3871,4,0.6351014676187071,0.4444444444444444,1.0,1,2,0.772847718926536,False
3872,3,0.973692820253491,1.0,1.0,1,2,0.9500000000000001,False
3873,4,0.7230721323136594,0.6,1.0,1,1,0.9253642471820445,True
3874,3,0.1473209437608071,0.16666666666666666,1.0,0,1,0.49805818224669507,False
3875,2,0.9999999999999999,1.0,1.0,1,1,1.0,True
3876,2,0.9648964021837106,1.0,1.0,0,1,1.0,True
3877,3,0.5334966195239181,0.2727272727272727,1.0,1,2,0.6577539624799477,False
3878,4,0.555733169163223,0.4,1.0,0,1,0.770314215355667,True
3879,3,0.42361892609224816,0.4,1.25,1,1,0.5536938254681064,False
3880,2,0.7943116334920863,0.5555555555555556,1.0,1,2,0.8873769434542805,False
3881,3,0.11125040808618504,0.125,1.1333333333333333,0,1,0.3852382701321745,False
3882,4,0.6919173411938042,0.42857142857142855,1.0303030303030303,1,1,0.8405836224163923,True
3883,4,0.8091805365325855,0.6,1.0,1,2,0.9083333333333333,False
3884,2,0.8917697797794547,1.0,1.0,1,1,1.0,True
3885,4,0.177388355076481,0.16666666666666666,1.0416666666666667,0,1,0.5109442156676982,False
3886,3,0.974276741837454,1.0,1.0,1,2,0.9500000000000001,False
3888,4,0.90106462274943,0.8333333333333334,1.0303030303030303,1,1,1.0,True
3889,4,0.5060160028084328,0.14285714285714285,1.2142857142857142,1,1,0.48186400120361406,False
3890,2,0.8685458699166544,0.4,1.0,1,1,0.875,True
3891,2,0.6338319073166013,0.5,1.0,0,1,0.8454517698023529,True
3892,2,0.8012042158931855,0.5,1.0,0,1,0.9166666666666667,True
3893,3,0.487474713962723,0.3333333333333333,1.0,0,1,0.713282813920532,True
3894,3,0.10472554549905107,0.125,1.0666666666666667,0,2,0.41244190045197426,False
3895,2,0.7364355157334374,0.5,1.0,0,1,0.8894247448381398,True
3896,4,0.39602291664378936,0.3333333333333333,1.1111111111111112,0,3,0.544089186498132,False
3897,2,1.0,1.0,1.0,1,2,0.9500000000000001,False
3899,4,0.6878716206076666,0.2857142857142857,1.0,0,1,0.779325932641381,True
3900,3,0.9409565817263283,1.0,1.0,1,1,1.0,True
3901,3,0.735660551530701,0.5714285714285714,1.0,0,1,0.9188545220845861,True
3902,3,0.5296421722117333,0.3333333333333333,1.0,0,1,0.7313545817415364,True
3903,4,0.5542110991101278,0.3333333333333333,1.1538461538461537,1,2,0.6118841218408485,False
3904,2,0.7311406262085465,0.5714285714285714,1.0285714285714285,1,1,0.9169174112322342,True
3905,4,0.8977281984345556,0.8,1.0,1,2,0.9500000000000001,False
3906,2,0.6139753802738258,0.42857142857142855,1.0,1,2,0.7571799248792587,False
3907,3,0.5659251013073225,0.25,1.0,0,2,0.6621821862745668,False
3908,3,0.39980743241583316,0.21428571428571427,1.0294117647058822,1,2,0.5761079472258334,False
3909,3,0.8786054164773678,0.8,1.25,1,2,0.7900000000000001,False
3910,4,0.2678763906234766,0.1111111111111111,1.2,0,2,0.3965766541825481,False
3911,4,0.7261198865065824,0.625,1.0,1,2,0.8870870942171069,False
3912,2,0.9813094039023975,1.0,1.0,0,2,0.9500000000000001,False
3913,2,0.6940172528683752,0.6,1.0,0,2,0.8629121559912086,False
3914,2,0.6880009250872428,0.3333333333333333,1.0,0,2,0.7492226186881835,False
3916,3,0.4092457879267766,0.3333333333333333,1.0285714285714285,0,1,0.6797561313336979,True
3917,2,0.8699275589504998,0.6666666666666666,1.0,1,1,0.9861111111111112,True
3918,3,0.5127525927508385,0.5,1.0,0,1,0.7935606349884546,True
3919,4,0.5818838389056583,0.25,1.064,2,2,0.5640216452452822,False
3920,3,0.3885388067079255,0.5,1.25,0,1,0.5803261552557777,False
3921,4,0.7218075788132768,0.375,1.0,1,1,0.8310722956818806,True
3922,3,0.7371652923867671,0.42857142857142855,1.0,0,2,0.8099756014990908,False
3923,4,0.40146661821805785,0.16666666666666666,1.0,0,2,0.5569777570140884,False
3924,3,0.3486232999262151,0.3333333333333333,1.0,0,1,0.653775065047743,False
3925,3,0.9557842892119063,1.0,1.0,1,2,0.9500000000000001,False
3926,2,0.6615731106236317,0.75,1.0,0,2,0.8906741902672708,False
3928,4,0.3568827123254487,0.14285714285714285,1.1764705882352942,1,2,0.44794973385376374,False
3929,2,0.8080823041759134,0.3333333333333333,1.0294117647058822,1,2,0.7972222222222223,False
3930,2,0.9171532457216256,1.0,1.0,1,2,0.9500000000000001,False
3931,4,0.3712871678660911,0.5,1.0,0,2,0.6829325957521344,False
3932,3,0.35013095261935695,0.4,1.1764705882352942,0,1,0.6021989796940102,False
3933,3,0.41356032019291356,0.5,1.0,0,2,0.7010496610350584,False
3934,3,0.45856432465002034,0.4,1.1764705882352942,0,1,0.6486704248500087,True
3935,3,0.34198253063310446,0.4,1.0,0,1,0.6787067988427591,False
3936,4,0.5363902363815111,0.3333333333333333,1.5,0,2,0.5242466092428699,False
3937,4,0.5100834584215576,0.4,1.0,0,2,0.7007500536092391,False
3938,4,0.22035326598960397,0.25,1.3333333333333333,0,1,0.40407997113840166,False
3939,2,0.44239302959828064,0.6,1.0,0,1,0.8050732031611679,True
3940,2,0.8475889600577108,0.8571428571428571,1.0,1,1,1.0,True
3941,3,0.7688555687635333,0.8,1.0222222222222221,1,1,0.9866523866129429,True
3942,3,0.5714908197445249,0.4,1.0,0,2,0.7270674941762251,False
3943,3,0.371661231576718,0.4,1.0285714285714285,0,1,0.6914262421043077,False
3944,2,0.6052038462952144,0.4444444444444444,1.0006898930665749,0,2,0.760034452645039,False
3945,2,0.6566480470443915,1.0,1.0,0,1,0.9385634487333107,True
3946,4,0.5018172665112764,0.3333333333333333,1.0,0,2,0.6694296221556265,False
3947,4,0.4462464880335182,0.3333333333333333,1.1333333333333333,0,2,0.5656135742365872,False
3948,3,0.5884180292563406,0.6666666666666666,1.1320754716981132,0,2,0.7654331236495429,False
3949,3,0.7751847148889504,0.6,1.0,0,1,0.9476982111428836,True
3950,2,0.7086394949650725,0.6,1.0,0,1,0.9191788311755074,True
3951,3,0.624144561961624,0.6,1.000344827586207,0,2,0.8329667170311723,False
3952,3,0.6482738997178602,0.375,1.0,0,2,0.7495578617838449,False
3953,2,0.5756790025468471,0.5,1.0,0,1,0.8205290963296012,True
3954,4,0.33548834582365733,0.2222222222222222,1.1666666666666667,0,1,0.5218495027074933,False
3955,4,0.43642748460068903,0.42857142857142855,1.0285714285714285,0,2,0.6810879695907716,False
3956,3,0.24152487718907809,0.14285714285714285,1.04,0,2,0.478510661652462,False
3957,3,0.41959217087419676,0.42857142857142855,1.0285714285714285,0,2,0.6738728351365606,False
3958,4,0.1731991547471921,0.0,1.25,0,1,0.32137106632022516,False
3959,2,0.9810752117623226,1.0,1.0,0,2,0.9500000000000001,False
3960,3,0.4621142112200746,0.2857142857142857,1.000344827586207,0,2,0.6325727571895559,False
3961,4,0.9034809561873991,1.0,1.0,1,2,0.9500000000000001,False
3962,4,0.4377001110596813,0.2,1.0,0,2,0.5863952856922444,False
3963,2,0.8448793321114068,0.6,1.0006901311249137,0,2,0.9083333333333333,False
3964,3,0.6764543880515708,0.8571428571428571,1.0011764705882353,1,2,0.8970518805935305,False
3965,2,0.5925826117524786,0.5714285714285714,1.0015408320493064,1,2,0.8075354050367766,False
3966,2,0.9835349731710552,1.0,1.0,0,2,0.9500000000000001,False
3967,4,0.7751831473310535,1.0,1.0,1,2,0.9393642059990229,False
3968,4,0.19221399016773894,0.2222222222222222,1.0416666666666667,1,2,0.4904462074263855,False
3969,4,0.4510795770698225,0.5,1.1764705882352942,0,2,0.6371293425537335,False
3970,2,0.8199945449914008,0.75,1.0,1,1,1.0,True
3971,2,0.5622402989362797,0.5,1.0,1,1,0.8147696519250722,True
3972,2,1.0000000000000002,1.0,1.0,1,1,1.0,True
3973,2,1.0000000000000002,1.0,1.0,1,1,1.0,True
3974,3,0.289210170920799,0.2857142857142857,1.0,1,2,0.5584710256327234,False
3975,2,0.9999999999999994,1.0,1.0,1,1,1.0,True
3976,4,0.25300798723794743,0.375,1.0204081632653061,1,1,0.6301581850067394,False
3977,4,0.7583368910524427,1.0,4.0,1,1,0.8221443818796184,False
3978,4,0.554994333582863,0.6,1.0190000000000001,1,1,0.853330904868846,True
3979,4,0.5400508761263846,0.3,1.0,1,1,0.7219265659589267,True
3980,3,0.621997086318326,0.5,1.0,0,1,0.840379703660235,True
3981,4,0.5977175027409279,0.6,1.0190000000000001,1,1,0.8716408345080168,True
3982,4,0.43170234979339145,0.5,1.0,1,1,0.7588248165781202,True
3983,4,0.3361946225335128,0.2857142857142857,1.0,1,1,0.6286072191810292,False
3984,4,0.6670293951943611,0.75,1.0,0,1,0.9430125979404405,True
3985,2,0.56809147308881,0.6666666666666666,1.0,0,1,0.8867217424348868,True
3986,4,0.4379848634389623,0.5,1.0,1,1,0.7615173224262219,True
3987,4,0.9564883936549603,1.0,1.0,1,1,1.0,True
3988,4,0.5670864045261111,0.6,1.2,1,1,0.778513220987381,True
3989,4,0.40550703416954165,0.4,1.0,0,1,0.7059315860726607,True
3990,3,0.8691030849505941,1.0,1.0,1,1,1.0,True
3991,4,0.954076890064146,1.0,1.0,1,1,1.0,True
3992,4,0.7331384590922521,0.6,1.0,2,1,0.8246783872300127,False
3993,4,0.8170612152818183,0.8,1.0,1,1,1.0,True
3994,2,0.7862868538904341,0.7142857142857143,1.0,0,1,0.9941229373816145,True
3996,4,0.8323057438631777,0.8333333333333334,1.0,1,1,1.0,True
3997,2,0.5306101127724383,0.3333333333333333,1.0,0,1,0.73176941341041,True
3998,3,0.9735900715993154,1.0,1.0,1,1,1.0,True
3999,3,0.5171314361094295,0.4,1.0,0,2,0.7037706154754698,False
4000,4,0.7494049912066117,0.6666666666666666,1.0,1,1,0.9644275359139447,True
4001,2,0.3261021922322277,0.6666666666666666,1.0,0,1,0.7830120506392086,False
4002,2,0.36678959812462775,0.5,1.0,0,1,0.7310050658629357,False
4003,3,0.6818840882319822,0.8,1.0005002501250626,1,1,0.9493788949565638,True
4004,4,0.44695672145012627,0.2857142857142857,4.0,1,1,0.5160766901452922,False
4005,3,0.839113783026557,0.8,1.0,0,1,1.0,True
4006,3,0.9539314316478368,1.0,1.0,1,1,1.0,True
4007,2,0.867482064287782,0.8333333333333334,1.0,1,1,1.0,True
4008,4,0.41652315117157745,0.42857142857142855,1.0,1,1,0.722557540978295,True
4009,2,0.4327563581276869,0.3333333333333333,1.0,0,1,0.6898320899912309,True
4010,4,0.6643886036847151,0.625,1.0,1,1,0.9106308301505923,True
4011,4,0.2888313293001403,0.3333333333333333,1.0,0,1,0.6281499347794252,False
4012,4,0.8102315662789694,0.8333333333333334,1.0,1,1,1.0,True
4013,2,0.4913937613747664,0.6666666666666666,1.2312427856868027,0,1,0.6938512945574395,False
4014,4,0.5561642670349181,0.6,1.0,1,1,0.8538323049197268,True
4015,3,0.490777334413931,0.4,1.0,0,1,0.7424760004631132,True
4016,4,0.6532048501412785,0.5,1.0,1,1,0.8537544595843576,True
4017,2,0.7699214477459225,0.8,1.0,1,1,0.9871091918911097,True
4018,2,1.0000000000000002,1.0,1.0,1,1,1.0,True
4019,4,0.952670532075047,1.0,1.0,1,1,1.0,True
4022,4,0.300747630686017,0.25,1.0,1,1,0.5985346988654359,False
4023,3,0.7904542937363364,0.6666666666666666,1.0,0,1,0.9820200941409696,True
4025,4,0.4972741165941458,0.3333333333333333,1.0357142857142858,0,1,0.7174825579054276,True
4026,2,0.5585490074801979,0.4,1.0,1,1,0.7715210032057991,True
4027,3,0.5705535350309239,0.4,1.0,0,1,0.7766658007275389,True
4028,4,0.5664365074945212,0.5714285714285714,1.0,1,1,0.8463299317833664,True
4029,4,0.3171677543144125,0.25,1.0666666666666667,0,2,0.5555718947061768,False
4030,4,0.348045263449539,0.2857142857142857,1.0,1,1,0.6336860652878976,False
4031,4,0.506810654109293,0.3,1.0,1,1,0.7076807565230303,True
4032,2,0.7926782622359339,0.6666666666666666,1.0,1,1,0.9829732234979398,True
4033,3,0.5822377632961596,0.4444444444444444,1.0169491525423728,1,1,0.8001918456454441,True
4034,2,0.9371485265604121,1.0,1.0,1,1,1.0,True
4035,2,0.5652418865763541,0.4,1.0,1,1,0.7743893799612946,True
4037,4,0.9008356646398177,1.0,1.0,1,1,1.0,True
4038,3,0.8074621387532579,0.6666666666666666,1.0169491525423728,1,1,0.9861111111111112,True
4039,4,0.8016288861710923,0.75,1.0,1,1,1.0,True
4040,3,0.47658977678070247,0.4,1.0,1,1,0.736395618620301,True
4041,4,0.5920693742830607,0.5,1.0,1,1,0.8275535413594071,True
4042,4,0.9649059737470834,1.0,1.0,1,1,1.0,True
4043,4,0.2800088809618072,0.125,1.2,1,1,0.45756332993601256,False
4044,4,0.3551314768199437,0.25,1.1647058823529413,1,1,0.5418420614942616,False
4045,3,0.8424200202385199,1.0,1.0023806540533768,1,1,1.0,True
4047,4,0.9678325944653494,1.0,1.0,1,1,1.0,True
4048,2,0.9999999999999998,1.0,1.0,1,1,1.0,True
4049,2,0.8351821417734793,0.75,1.0,1,1,1.0,True
4050,2,0.5810859672821778,0.2857142857142857,1.0,1,1,0.7335606526447428,True
4051,2,0.6989605752205373,0.5,1.0,1,1,0.8733640560468969,True
4052,4,0.6029394206828886,0.5,4.0,2,1,0.567212132673619,False
4053,2,0.947542404950967,1.0,1.0,0,1,1.0,True
4054,4,0.7485577575553013,0.6666666666666666,1.002694742119446,1,1,0.9640644357776689,True
4055,2,0.6557124834108691,0.625,1.0,0,1,0.9069124928903725,True
4056,4,0.3058195289439074,0.2,1.0375,1,2,0.5298750362140556,False
4057,2,0.8582855214003653,0.6,1.0,1,1,0.9583333333333333,True
4058,4,0.5646206626316164,0.3333333333333333,1.2125,0,2,0.5363453633500579,False
4059,4,0.6419694023609742,0.5,1.025,0,1,0.8489392676785128,True
4060,4,0.5293925856321472,0.5555555555555556,1.025,1,1,0.8238402086571637,True
4061,2,0.5889209676309787,0.5,1.0,1,1,0.8262042242228005,True
4062,4,0.9671322076032406,1.0,1.0,1,1,1.0,True
4063,4,0.7447528979295307,0.8,1.025,1,1,0.9763226705412273,True
4064,4,0.9514685669330877,1.0,1.0,1,1,1.0,True
4065,2,0.7117594668076523,0.4,1.0,1,1,0.8371826286318511,True
4066,2,0.4528698165369442,0.75,1.0333247222939808,0,1,0.8512299213729762,True
4069,2,0.5634335406996556,0.25,1.0126582278481013,0,2,0.6611143745855668,False
4070,4,0.6184914041162731,0.5,1.0204081632653061,0,1,0.8388772684307837,True
4071,4,0.6211471051905944,0.75,1.0204081632653061,0,1,0.9233487593673977,True
4072,4,0.6233238644840453,0.6,1.0,0,2,0.8326149895407814,False
4073,3,0.4175017102360267,0.25,1.0204081632653061,1,1,0.6485721615297257,True
4074,4,0.2613731711285518,0.16666666666666666,1.1581632653061225,0,2,0.4169377082614428,False
4075,4,0.4404433932465753,0.6666666666666666,1.0204081632653061,0,1,0.8320154225025005,True
4076,4,0.5967016126561356,0.6666666666666666,1.0204081632653061,0,1,0.8989832308208836,True
4077,4,0.11824882323576683,0.09090909090909091,1.0,1,1,0.4578209242439001,False
4078,4,0.12460100797817729,0.14285714285714285,1.0,0,2,0.4284004319906474,False
4079,2,0.8811908108477211,1.0,1.1764705882352942,0,2,0.8700000000000001,False
4080,4,0.6607571577319511,0.5714285714285714,1.0133333333333334,1,1,0.8867530675994076,True
4081,2,0.9736363220947163,1.0,1.0,0,1,1.0,True
4082,3,0.4437080591670305,0.2857142857142857,1.0204081632653061,0,1,0.6746844063096797,True
4083,3,0.43487329430895716,0.2857142857142857,1.0666666666666667,0,1,0.6708980785133626,True
4085,4,0.6861944715823489,0.5,1.0666666666666667,0,2,0.8178928687733877,False
4086,2,0.7521817914386156,0.6666666666666666,1.0204081632653061,0,1,0.9656175931562321,True
4087,2,0.28601996520370815,0.4,1.0333247222939808,0,1,0.6547228422301606,False
4088,4,0.13722309869531032,0.1111111111111111,1.0,1,1,0.47058238621333404,False
4089,3,0.7525824945836375,0.5,1.0,0,1,0.8963448786310828,True
4090,2,0.6293128903216353,0.5,1.0204081632653061,0,1,0.8435150482330818,True
4091,4,0.5919492970118609,0.5,1.0133333333333334,1,1,0.82750207967175,True
4092,4,0.872972996550449,0.6,1.0,1,1,0.9583333333333333,True
4093,4,0.29853199038614336,0.4,1.0,0,1,0.6600851387369187,False
4094,4,0.65499703457229,0.6666666666666666,1.0204081632653061,0,1,0.923966983070664,True
4095,2,0.5160534149727203,0.5,1.0128205128205128,0,1,0.7949752730835469,True
4096,2,0.818943937354357,0.6,1.002865329512894,0,1,0.9583333333333333,True
4097,4,0.5058157115682864,0.2857142857142857,1.0204081632653061,0,1,0.7013019716245037,True
4098,2,0.9799739671164641,1.0,1.0,0,1,1.0,True
4099,3,0.5332907616514707,0.75,1.0256410256410255,0,1,0.8856960407077732,True
4100,4,0.39578968527325903,0.4,1.0,0,1,0.7017670079742538,False
4101,4,0.1952621708230059,0.4,1.0,0,1,0.6158266446384312,False
4102,2,0.5275575356206545,0.75,1.1162790697674418,0,1,0.8032389438374234,True
4103,2,0.3308219868395525,0.5,1.0666666666666667,0,1,0.7155903753121892,False
4104,4,0.5222200280108118,0.6666666666666666,1.0,0,1,0.8670625516871733,True
4105,2,0.24650644526701448,0.3333333333333333,1.0204081632653061,0,1,0.6100106987652284,False
4106,2,0.2991375434933698,0.3333333333333333,1.0666666666666667,0,1,0.6325668837193806,False
4107,3,0.4697811892919269,0.4444444444444444,1.0126582278481013,0,1,0.7519961710722014,True
4108,4,0.26452678691485265,0.4,1.0,0,1,0.6455114801063654,False
4109,2,0.5605761754449621,0.5,1.0,0,1,0.814056456143079,True
4110,3,0.7372776986541569,0.25,1.0,0,2,0.7356190137089245,False
4111,2,0.5503015695173002,0.6666666666666666,1.1162790697674418,0,1,0.799097498047097,True
4112,3,0.4893804317885444,0.25,1.0625,1,1,0.6793773279093762,True
4113,2,0.9381778746931599,1.0,1.0303030303030303,1,1,1.0,True
4114,3,0.26076722814754055,0.3333333333333333,1.1111111111111112,0,1,0.5361224628568824,False
4115,4,0.1360706230106869,0.125,1.1111111111111112,0,1,0.39587550509981817,False
4116,2,0.7972861322075043,0.75,1.0875,1,1,0.998836913803216,True
4117,3,0.30742903141539085,0.2727272727272727,1.0303030303030303,1,2,0.5608678532905788,False
4118,3,0.3777040812051246,0.3,1.0625,1,1,0.6523493681355296,False
4119,2,0.5040000339903614,0.375,1.091901728844404,0,1,0.7377262050434882,True
4120,2,0.7365986552634715,0.75,1.0167464114832536,0,1,0.9728279951129164,True
4121,3,0.86569390792335,1.0,1.0,1,1,1.0,True
4122,3,0.40411599610960564,0.5,1.1,1,1,0.7470020935707833,True
4123,3,0.3557044547430117,0.16666666666666666,1.125,0,1,0.5073654012390685,False
4124,4,0.21720501836161646,0.2857142857142857,1.0142857142857142,0,1,0.5776116745359309,False
4125,3,0.5836813805038379,0.8,1.0,0,1,0.9072920202159305,True
4126,3,0.5090538781163437,0.5555555555555556,1.2413793103448276,1,1,0.6551236197218193,False
4127,4,0.27925689984650487,0.2222222222222222,1.0,0,1,0.577750311574428,False
4128,3,0.2804242496979097,0.2727272727272727,1.0303030303030303,1,2,0.5492943754116583,False
4129,4,0.8171051458051364,0.8571428571428571,1.0,1,1,1.0,True
4130,3,0.5660312466924606,0.5,1.0,1,1,0.8163943438205784,True
4131,2,0.8003980175039176,0.75,1.0,1,1,1.0,True
4132,3,0.5771001139399942,0.5,1.0,1,1,0.8211381440695213,True
4133,3,0.4972602752899675,0.3333333333333333,1.0,1,1,0.7174766259179226,True
4134,3,0.4164166009244515,0.5,1.024,1,1,0.7522737813485745,True
4135,3,0.5269911376817873,0.5,1.0,1,1,0.7996628685302898,True
4136,3,0.6269098059355168,0.7142857142857143,1.0285714285714285,1,1,0.9258184882580787,True
4137,3,0.7445597373414585,0.6666666666666666,1.0,0,1,0.9623509985431649,True
4138,3,0.39977270805546256,0.375,1.0,0,1,0.6930573510713887,False
4139,2,0.8475588717427394,1.0,1.0,1,2,0.9500000000000001,False
4140,2,0.33057457536038476,0.6666666666666666,1.0,0,1,0.7849287862655617,False
4141,4,0.6550880776764325,0.6,1.0,0,1,0.8962282237660901,True
4142,3,0.37890347875425934,0.42857142857142855,1.06375,1,1,0.7064348242280158,False
4143,3,0.6883330483688246,0.8333333333333334,1.0,0,1,0.9521427350152105,True
4144,2,0.5693783098463007,0.5,1.03125,1,1,0.8178287994579385,True
4145,4,0.8339698090405667,0.8571428571428571,1.0,1,1,1.0,True
4146,3,0.2805163601532681,0.3,1.1785714285714286,1,1,0.5306974876847339,False
4147,3,0.7130078719563174,0.6,1.0,1,1,0.9210509927431836,True
4148,3,0.8926601418874079,1.0,1.0,1,1,1.0,True
4149,4,0.585876653189125,0.5454545454545454,1.0,1,2,0.7938389119728285,False
4150,2,0.9033829401619073,1.0,1.0,1,1,1.0,True
4151,3,0.42927574142008584,0.5714285714285714,1.1267605633802817,1,1,0.7075467463228939,True
4152,4,0.38477578929562534,0.375,1.0126582278481013,0,1,0.6866301001743156,False
4153,3,0.7445018738486597,0.7,1.0,1,1,0.9762150887922827,True
4155,2,0.5637951829340201,0.75,1.0,0,1,0.8987693641145801,True
4157,4,0.13083889870075943,0.1111111111111111,1.0909090909090908,0,1,0.46784630050138365,False
4158,4,0.13084757353592968,0.1111111111111111,1.0909090909090908,0,1,0.4678500182878852,False
4159,3,0.26900944294796636,0.3,1.0,1,1,0.6057659517396046,False
4160,2,0.7715290001655702,0.5714285714285714,1.0,1,1,0.9342267143566729,True
4161,4,0.38430800157183964,0.3333333333333333,1.0,0,1,0.6690685086101535,False
4162,4,0.2656905046663104,0.16666666666666666,1.0,0,1,0.5487879940633393,False
4163,4,0.6166361732736536,0.75,1.0,0,1,0.9214155028315658,True
4164,4,0.37914710833220727,0.14285714285714285,1.0,0,1,0.5874916178566603,False
4166,4,0.46861928678435927,0.42857142857142855,1.2147368421052631,1,1,0.5848844562409159,False
4167,4,0.6630113886726757,0.75,1.0,0,1,0.9412905951454325,True
4168,3,0.5998411087409516,0.5714285714285714,1.0831889081455806,2,1,0.7556461894604078,False
4169,4,0.19333189236004686,0.25,1.111578947368421,1,1,0.4724993824400201,False
4170,2,0.8460091971675366,1.0,1.0,1,1,1.0,True
4171,2,0.6085365141842368,0.5,1.0,0,1,0.8346108870313396,True
4172,4,0.6364902014265086,0.5714285714285714,1.0869565217391304,2,1,0.7713529434685038,False
4173,3,0.29445336122341514,0.18181818181818182,1.0,0,1,0.5674280639009441,False
4174,2,0.7983872302034833,0.8571428571428571,1.0034782608695654,1,1,0.9993088129443499,True
4175,4,0.5290082073498491,0.42857142857142855,1.0006901311249137,1,1,0.7707654221975544,True
4176,3,0.5956561226802061,0.42857142857142855,1.103448275862069,1,1,0.719328814481993,True
4177,4,0.6824470582139378,0.5714285714285714,1.0,1,1,0.8960487392345449,True
4178,2,0.788309787155218,0.7777777777777778,1.0047169811320755,0,1,0.9949899087808076,True
4179,4,0.6483238072955085,0.6666666666666666,1.0,1,1,0.9211070285234719,True
4180,4,0.45577129299526487,0.375,1.118421052631579,1,1,0.6370567446170182,True
4181,3,0.757519058798148,0.8,1.0,1,1,0.9817938823420633,True
4182,2,0.6894295464730029,0.6666666666666666,1.0,0,1,0.9387237738852552,True
4183,3,0.6893516899561309,0.5,1.0091743119266054,1,1,0.8692459623621513,True
4184,2,1.0,1.0,1.0,1,1,1.0,True
4185,4,0.6273979301408137,0.5,1.0,1,1,0.8426943510127297,True
4186,4,0.29577002054905177,0.25,1.0666666666666667,0,1,0.596401437378165,False
4187,3,0.5812007244142792,0.42857142857142855,1.0,1,1,0.7931336437965959,True
4188,3,0.7837818295872037,0.8333333333333334,1.0091743119266054,1,1,0.993049355537373,True
4189,2,0.6491594188489654,0.8,1.25,0,1,0.7753540366495566,False
4190,3,0.9016093927926454,0.7142857142857143,1.0,1,1,1.0,True
4191,3,0.9192193168514244,0.7142857142857143,1.0,1,1,1.0,True
4192,4,0.3951741314840649,0.14285714285714285,1.1666666666666667,1,1,0.5143603420645992,False
4193,4,0.7088977282836629,0.6,1.0010987669393236,1,1,0.9192895025977603,True
4194,4,0.4926057687008582,0.42857142857142855,1.0,1,1,0.7551643770622725,True
4195,3,0.6255044332752443,0.5,1.0004218646417165,1,1,0.8418828523560571,True
4196,4,0.409436237799239,0.4,1.05,0,1,0.7076155304853882,True
4197,4,0.834138295887839,1.0,1.0240963855421688,1,1,1.0,True
4200,3,0.8255813772414679,0.875,1.0004218646417165,1,1,1.0,True
4201,4,0.2620780297604476,0.2857142857142857,1.1,0,1,0.5968429651354299,False
4202,3,0.7208236072669768,0.875,1.05,0,1,0.9660672602572757,True
4203,4,0.5798674534951721,0.5,1.025,1,1,0.8223241467360263,True
4204,2,0.6316149012303385,0.36363636363636365,1.0,1,1,0.7876834425186299,True
4205,4,0.18470360035618166,0.125,1.0625,1,1,0.49671820967645874,False
4206,4,0.3879460582687205,0.2857142857142857,1.0256410256410255,1,1,0.6507864059246897,False
4207,2,0.8797008578357676,1.0,1.0240963855421688,1,1,1.0,True
4208,4,0.5564908662851313,0.3333333333333333,1.0256410256410255,1,1,0.74286116491585,True
4209,2,0.6714266033215406,0.5714285714285714,1.0,1,1,0.8913256871378031,True
4210,4,0.6179458243184055,0.6,1.0256410256410255,1,1,0.8803101151840786,True
4211,4,0.15621561730057684,0.1111111111111111,1.025,1,1,0.4787220370441625,False
4212,4,0.7612633047122712,0.5,1.0133333333333334,1,1,0.9000652258290687,True
4213,2,0.9440326339578843,1.0,1.0,0,1,1.0,True
4214,3,0.2161726341459494,0.3333333333333333,1.1111111111111112,0,1,0.5170104939990576,False
4215,4,0.7634513281354874,0.5,1.0133333333333334,1,1,0.9010029501533041,True
4216,2,0.9717157184461226,1.0,1.0,1,1,1.0,True
4217,4,0.4160162237515491,0.3333333333333333,1.0172043010752687,0,2,0.6326577466871719,False
4219,2,0.8064283529369513,0.7272727272727273,1.0172043010752687,0,2,0.9500000000000001,False
4220,4,0.898128818511404,1.0,1.0172043010752687,0,2,0.9500000000000001,False
4221,3,0.4978609892640594,0.6,1.0,0,2,0.7788451858750732,False
4222,4,0.26719880927897,0.375,1.0925751879699248,0,2,0.5862399658814634,False
4223,4,0.4539019750434694,0.2727272727272727,1.053864168618267,0,2,0.6236419719883268,False
4224,4,0.5494094224288214,0.36363636363636365,1.0172043010752687,0,2,0.7024525230322656,False
4226,3,0.5126475782492024,0.6666666666666666,1.0266666666666666,0,1,0.8629600732179121,True
4227,4,0.7854280917815787,1.0,1.1013215859030836,0,1,0.9137548964778194,True
4228,2,0.8000826782677868,0.6666666666666666,1.0,0,1,0.9861111111111112,True
4229,2,1.0000000000000007,1.0,1.0,1,1,1.0,True
4230,4,0.5702674408448242,0.42857142857142855,1.0,1,1,0.788447950838258,True
4231,2,0.921016319195713,0.4,1.0,0,1,0.875,True
4232,4,0.5918825847024577,0.4166666666666667,1.0,0,2,0.7427512664597836,False
4233,4,0.8377435908854639,0.75,1.0,1,2,0.9500000000000001,False
4234,2,0.6762901538776139,0.42857142857142855,1.0,0,2,0.7838862564237393,False
4235,2,0.9516887110530025,0.8571428571428571,1.0,0,2,0.9500000000000001,False
4236,4,0.8998706563453958,1.0,1.0222222222222221,1,2,0.9500000000000001,False
4237,4,0.6230578135919957,0.5714285714285714,1.0222222222222221,1,2,0.8205962058251411,False
4238,4,0.7539572045492985,0.5,1.0042283298097252,1,2,0.8469340400449376,False
4239,3,0.34207166938767636,0.5,1.0370216737529814,0,2,0.6704116678328137,False
4240,3,0.6798684323834431,0.5714285714285714,1.0,1,2,0.8449436138786185,False
4241,3,0.8648284906079579,0.875,1.0172043010752687,0,2,0.9500000000000001,False
4242,4,0.5064715211394443,0.2857142857142857,1.0,0,2,0.6515830328692856,False
4243,3,0.7207738403431261,0.5714285714285714,1.0222222222222221,1,2,0.862474503004197,False
4244,4,0.6598827890235746,0.4444444444444444,1.0,2,2,0.6784682852429077,False
4245,3,0.9146666651091897,1.0,1.0222222222222221,1,2,0.9500000000000001,False
4246,4,0.8493263476879316,0.7777777777777778,1.0,1,2,0.9500000000000001,False
4247,4,0.4530457604928104,0.375,1.0042283298097252,1,2,0.6658886592588236,False
4248,4,0.8652607265381975,1.0,1.0,1,2,0.9500000000000001,False
4249,3,0.9130330669728712,1.0,1.0222222222222221,1,2,0.9500000000000001,False
4250,4,0.8275832496570691,1.0,1.0,1,2,0.9500000000000001,False
4251,4,0.580617632406037,0.625,1.0,1,2,0.8247289853168732,False
4252,4,0.8189116749299603,0.75,1.0,1,2,0.9500000000000001,False
4253,4,0.3038394736739842,0.23076923076923078,1.0338345864661653,0,2,0.541846953918887,False
4254,3,0.5813515149527044,0.5454545454545454,1.0,1,2,0.7918995670143626,False
4255,3,0.5769968280812704,0.5833333333333334,1.0185,2,2,0.7008161009237192,False
4256,3,0.11925200061338632,0.2222222222222222,1.014799154334038,0,3,0.45917678333166295,False
4257,4,0.7569218012378733,0.5714285714285714,1.051111111111111,1,2,0.877966486244803,False
4258,2,0.91250412163942,1.0,1.0,0,2,0.9500000000000001,False
4259,2,0.9632871261538366,0.8888888888888888,1.0,1,2,0.9500000000000001,False
4260,4,0.3831556678647185,0.3,1.0338345864661653,0,2,0.6046857624182127,False
4261,3,0.588113121115152,0.42857142857142855,1.0,2,2,0.6410960995255414,False
4262,3,0.6027507104672776,0.2222222222222222,1.0,2,3,0.5613905161261878,False
4263,3,0.842710551833498,0.6666666666666666,1.0,0,2,0.9361111111111112,False
4264,4,0.8016483939067568,0.8333333333333334,1.0227272727272727,1,2,0.9500000000000001,False
4265,2,0.7742801084330374,0.3333333333333333,1.0,1,1,0.8361994115506668,True
4267,3,0.14833963240918727,0.16666666666666666,1.0,0,1,0.4984947630960008,False
4268,3,0.4779080176973745,0.2857142857142857,1.0,1,1,0.6893415313941128,True
4269,4,0.2908766081317814,0.14285714285714285,1.0,1,1,0.5496614034850491,False
4270,4,0.2771914678301803,0.14285714285714285,1.0666666666666667,1,1,0.5437963433557915,False
4271,4,0.303284330954658,0.09090909090909091,1.0,1,1,0.5371218561234249,False
4272,3,0.4841652460626474,0.2222222222222222,1.0,1,1,0.665568174238489,False
4273,3,0.628976656279395,0.4,1.0,0,2,0.7517042812625979,False
4274,4,0.4722212768694661,0.4,1.2820512820512822,0,1,0.5745234043726284,False
4275,3,0.7880108865712719,0.6666666666666666,1.0147058823529411,1,1,0.9809729196416563,True
4276,3,0.5134176273914676,0.5,1.0,0,1,0.7938456498344385,True
4277,2,0.4324011123216907,0.4,1.0638297872340425,0,2,0.6674576195664389,False
4278,3,0.7980074768427098,0.8,1.0,1,1,0.9991460615040184,True
4279,3,0.6992163802089537,0.6666666666666666,1.0,1,1,0.9429181312006627,True
4280,3,0.34465343995469727,0.2857142857142857,1.0,0,1,0.6322324266472512,False
4281,3,0.58758028480488,0.3333333333333333,1.0,1,1,0.7561852014243137,True
4282,2,0.979271500267032,1.0,1.0,1,1,1.0,True
4283,2,0.569387429663418,0.6666666666666666,1.0461538461538462,0,1,0.8872771523954331,True
4284,4,0.2490190088722718,0.2857142857142857,1.05,0,1,0.5912462418976403,False
4285,2,0.7327287417306498,0.42857142857142855,1.0,1,1,0.858074222646469,True
4286,2,0.7869312861260542,0.8333333333333334,1.0,1,1,0.9943991226254518,True
4287,4,0.5128152733615511,0.375,1.0160427807486632,0,1,0.741504164773998,True
4288,4,0.5629235011363107,0.42857142857142855,1.0160427807486632,0,1,0.785300548106038,True
4289,3,0.6199322681464997,0.4444444444444444,1.0160427807486632,0,1,0.816346633438447,True
4290,4,0.5612423265726234,0.42857142857142855,1.0160427807486632,0,1,0.7845800447216005,True
4291,4,0.8967373555419041,1.0,1.02,1,1,1.0,True
4292,4,0.8504570350813819,0.5,1.0,1,2,0.8666666666666668,False
4293,3,0.7121617938011253,0.6666666666666666,1.0160427807486632,0,1,0.9484661655973077,True
4294,4,0.9396369039361379,1.0,1.0,1,1,1.0,True
4295,2,0.8745056714004625,0.6666666666666666,1.0,0,1,0.9861111111111112,True
4296,2,0.6156735715355033,0.6666666666666666,1.026470588235294,1,1,0.9071140703406125,True
4297,2,0.7611684016918715,0.7142857142857143,1.0,1,1,0.9833578864393735,True
4298,3,0.5709700079910839,0.42857142857142855,1.0695187165775402,0,1,0.7887490510437978,True
4299,4,0.2994704832890418,0.4,1.0,0,2,0.6104873499810181,False
4300,3,0.9611511953621747,1.0,1.0,1,1,1.0,True
4301,3,0.578232927511229,0.5714285714285714,1.011111111111111,0,1,0.8513855403619552,True
4302,4,0.8824351991999694,1.0,1.025,1,1,1.0,True
4303,3,0.94745882177981,1.0,1.0,1,1,1.0,True
4304,2,0.9640076059420999,1.0,1.0,1,1,1.0,True
4305,2,0.5631787040061006,0.5,1.0,1,1,0.8151718255264242,True
4306,3,0.5964915345097855,0.3333333333333333,1.0,1,1,0.7600043084407018,True
4308,3,0.2741653543804252,0.3333333333333333,1.098901098901099,0,1,0.6218645169566901,False
4309,2,0.9999999999999991,1.0,1.0,1,1,1.0,True
4310,3,0.6763897446575322,0.5,1.0,0,1,0.8636908429484662,True
4311,4,0.33864401602630473,0.42857142857142855,1.0,0,1,0.6891807687731782,False
4312,4,0.13393907813620187,0.1111111111111111,1.0714285714285714,1,1,0.469174948830859,False
4313,4,0.45274534763886376,0.2222222222222222,1.0318181818181817,0,1,0.652102503485439,False
4314,2,0.9505690348607084,0.8333333333333334,1.0,1,1,1.0,True
4315,4,0.7752420797870299,0.8,1.0,1,1,0.9893894627658699,True
4316,3,0.8971350697575058,1.0,1.0,1,1,1.0,True
4317,4,0.279535832435557,0.6,1.0,0,1,0.7352772615200006,False
4318,3,0.9577624595503896,1.0,1.0714285714285714,1,1,1.0,True
4319,4,0.6397797834392734,0.3333333333333333,1.024229074889868,1,1,0.7785564151247679,True
4320,4,0.9585482881110339,1.0,1.0,1,1,1.0,True
4321,2,0.9999999999999996,1.0,1.0666666666666667,1,1,1.0,True
4322,2,0.9467840383240046,0.8,1.0,1,1,1.0,True
4323,4,0.5303101902553262,0.2,1.1111111111111112,0,1,0.5960853196332351,False
4324,3,0.2380876769491118,0.14285714285714285,1.0,1,1,0.5270375758353336,False
4325,3,0.8462178273688985,0.6,1.075,1,2,0.9083333333333333,False
4326,3,0.7820032313668562,1.0,1.0,0,1,0.9922870991572241,True
4327,3,0.9246464754872484,0.75,1.0,1,1,1.0,True
4328,4,0.41870556237607354,0.2,1.0416666666666667,0,1,0.628254764827841,False
4329,3,0.9001209033798193,0.75,1.0,1,1,1.0,True
4330,3,0.6727250920584047,0.5,1.0,1,1,0.8621202775488401,True
4331,3,0.9264033408159204,0.75,1.0,1,1,1.0,True
4332,2,0.9035739675470873,1.0,1.0075566750629723,0,1,1.0,True
4334,4,0.9269492987325947,1.0,1.0,1,1,1.0,True
4335,4,0.46442669823627175,0.25,1.0,1,1,0.6686828706726878,True
4336,2,0.8700062904624754,0.8,1.0,0,1,1.0,True
4337,4,0.5877609686429373,0.5,1.1111111111111112,0,1,0.7457070817993541,True
4338,3,0.9023608996970612,0.75,1.0,1,1,1.0,True
4339,3,0.7089158556868115,0.3333333333333333,1.125,1,2,0.6781861603737129,False
4340,4,0.5942581279283368,0.3333333333333333,1.0017574692442883,2,1,0.6540471341915095,False
4341,4,0.7303527000293897,0.6666666666666666,1.0555555555555556,0,1,0.9562622682665638,True
4342,3,0.9222813369936694,1.0,1.011764705882353,1,1,1.0,True
4343,2,0.9013494208353151,0.6,1.0,0,1,0.9583333333333333,True
4344,4,0.9176375715199357,1.0,1.0238095238095237,1,1,1.0,True
4345,4,0.6694946158095472,0.3333333333333333,1.0232558139534884,1,1,0.7912913432834567,True
4346,4,0.5022942566168747,0.14285714285714285,1.0188679245283019,2,1,0.5352689671215177,False
4347,4,0.6831869396869803,0.5,1.0555555555555556,0,1,0.8666039265325154,True
4348,2,0.78867977805401,1.0,1.032258064516129,1,1,0.9951484763088614,True
4349,4,0.4014494181684353,0.25,1.1111111111111112,0,1,0.5616926077864722,True
4350,3,0.8849912755497744,0.75,1.0,1,2,0.9500000000000001,False
4351,2,0.4750384332084283,0.25,1.08,0,1,0.6732307570893264,True
4352,4,0.8794356937751533,1.0,1.154,1,1,0.92,True
4353,3,0.3576253987375767,0.25,1.037037037037037,0,1,0.6229108851732472,False
4354,3,0.9207750639825515,0.7142857142857143,1.0,1,1,1.0,True
4355,2,0.5448899769474106,0.6666666666666666,1.0526315789473684,0,1,0.8767782440885727,True
4356,4,0.5599273603370635,0.2857142857142857,1.0,1,2,0.6744926782396939,False
4357,3,0.904452227609243,0.7142857142857143,1.0,1,1,1.0,True
4358,2,0.7529345878678717,1.0,1.0909090909090908,1,1,0.9798291090862308,True
4359,4,0.5637503106289264,0.5,1.0340909090909092,1,1,0.8154167997933495,True
4360,2,0.8664177328335072,1.0,1.0016666666666667,1,1,1.0,True
4361,3,0.5108230460276064,0.4,1.024186046511628,1,1,0.7510670197261171,True
4362,3,0.8475366858033542,1.0,1.163265306122449,1,1,0.92,True
4363,2,0.8764256217128102,1.0,1.037037037037037,0,1,1.0,True
4364,4,0.6324430363455827,1.0,1.0083333333333333,1,1,0.9281898727195355,True
4365,3,0.39462605500706943,0.3333333333333333,1.0444444444444445,1,1,0.6734905315109663,False
4366,4,0.767895815040509,0.6,1.0,1,1,0.944574396922123,True
4367,2,0.8464525641799759,0.8333333333333334,1.1,1,1,1.0,True
4368,3,0.80370665459927,1.0,1.0083333333333333,1,1,1.0,True
4369,3,0.813832583114341,0.5,1.0,1,1,0.9166666666666667,True
4370,4,0.9053107554326617,1.0,1.0,1,1,1.0,True
4371,3,0.7223200559757027,0.4,1.0,1,2,0.7917085954181585,False
4372,4,0.5224232947978119,0.42857142857142855,1.1724137931034482,1,1,0.6879433168181098,True
4373,2,0.8701719351734855,1.0,1.0073529411764706,1,1,1.0,True
4374,3,0.47370366389111473,0.5,1.0481927710843373,1,2,0.7268253797628589,False
4375,4,0.47183650268331867,0.4,1.0555555555555556,1,1,0.7343585011499937,True
4376,4,0.8910661297861813,1.0,1.0333333333333334,1,1,1.0,True
4377,3,0.9338665697764886,1.0,1.0,1,1,1.0,True
4378,4,0.8647395999618002,1.0,1.0285714285714285,1,1,1.0,True
4379,3,0.781377587123277,0.6666666666666666,1.1363636363636365,0,1,0.8981300770210869,True
4380,4,0.5542620078099929,0.5,1.25,0,2,0.6013503842995209,False
4381,4,0.7596002515092014,0.75,1.0,1,1,0.982685822075372,True
4382,3,0.606944947330136,0.75,1.0235294117647058,1,1,0.9172621202843441,True
4383,3,0.6067077150925704,0.4,1.0898876404494382,0,1,0.7921604493253873,True
4384,4,0.530099272197887,0.4,1.2333333333333334,0,1,0.5993282595133802,False
4385,3,0.3355151401034834,0.16666666666666666,15.0,0,2,0.36871283782212777,False
4386,3,0.29821076376269867,0.4,1.0476190476190477,0,1,0.6599474701840138,False
4387,4,0.9631922944324101,1.0,1.0,1,1,1.0,True
4388,4,0.46254772304005887,0.6666666666666666,1.0344827586206897,0,1,0.8414887066997078,True
4389,4,0.3480233877436709,0.4,1.0714285714285714,0,1,0.6812957376044304,False
4390,2,0.6297752474462823,0.6666666666666666,1.0481927710843373,1,1,0.9131576457309465,True
4391,3,0.7404143359743384,0.6666666666666666,1.08,0,1,0.9605743979572561,True
4392,3,0.5886921952256549,0.5714285714285714,1.1910112359550562,0,1,0.7758680836681378,True
4393,3,0.8499050761509008,0.6666666666666666,1.0,1,1,0.9861111111111112,True
4394,2,0.71135689934646,0.8,1.0,0,1,0.9620100997199115,True
4395,2,0.902780947608479,1.0,1.0238095238095237,1,1,1.0,True
4396,4,0.5594798976731044,0.6,1.0105263157894737,1,1,0.8552532894789495,True
4397,4,0.7813534450187211,1.0,1.0555555555555556,1,1,0.9920086192937376,True
4398,2,0.9321652680778337,1.0,1.0,1,1,1.0,True
4399,2,0.8048972917176456,0.8571428571428571,1.0133333333333334,1,1,1.0,True
4400,2,0.9189561385420144,1.0,1.0,1,1,1.0,True
4401,3,0.8362657117867118,0.75,1.0,1,2,0.9500000000000001,False
4402,4,0.5871127197007193,0.75,1.0333333333333334,1,1,0.9087625941574511,True
4403,4,0.7239350731448965,0.75,1.0303030303030303,1,1,0.967400745633527,True
4404,2,0.5517813559899867,0.6666666666666666,1.08,0,1,0.8797316922496768,True
4405,4,0.4935954962283675,0.6,1.0333333333333334,1,1,0.8270171174312051,True
4406,4,0.6681554968625955,0.6,1.0,1,1,0.9018285462744458,True
4407,2,1.0000000000000004,1.0,1.0,0,1,1.0,True
4408,2,0.9578884963867663,1.0,1.0,1,1,1.0,True
4409,2,0.9079647810990474,1.0,1.0,1,1,1.0,True
4410,2,0.9327466888797158,1.0,1.0185185185185186,1,1,1.0,True
4411,3,0.7591108818099235,1.0,1.0,0,1,0.9824760922042528,True
4412,2,0.9228607970868099,0.5,1.0,0,1,0.9166666666666667,True
4413,4,0.5405961503205005,0.6666666666666666,1.25,0,1,0.7149380326770399,False
4414,4,0.7800905827980362,0.6666666666666666,1.0,1,1,0.9775785037388409,True
4415,2,0.9667072608949798,0.8,1.0,1,1,1.0,True
4416,4,0.5960451071519564,0.6,1.0625,1,1,0.8709240935413147,True
4417,4,0.9040051237993657,1.0,1.0333333333333334,1,1,1.0,True
4418,4,0.7347751904471919,0.6666666666666666,1.0036363636363637,1,1,0.9581576213027647,True
4419,4,0.34901759285836836,0.5,1.1363636363636365,0,1,0.6433884921773959,False
4420,2,0.7295914023748871,0.8571428571428571,1.0101010101010102,1,1,0.9698248867320944,True
4421,4,0.7661166336639434,0.5714285714285714,1.0135135135135136,2,1,0.8269071287131187,False
4422,4,0.34135133469666823,0.3333333333333333,1.0,1,1,0.6506585085207943,False
4423,2,0.3471079533776665,0.4,1.1111111111111112,0,1,0.6009034085904285,False
4424,2,0.8118936971434699,0.8571428571428571,1.0133333333333334,1,1,1.0,True
4425,2,0.9240415367810088,1.0,1.0133333333333334,1,1,1.0,True
4426,4,0.911607051601621,1.0,1.0294117647058822,1,1,1.0,True
4427,4,0.8828873449651156,1.0,1.1398963730569949,0,1,0.92,True
4428,3,0.7377721573281979,0.6666666666666666,1.125,0,1,0.8794420356803389,True
4429,4,0.48904607787802595,0.6666666666666666,1.2765957446808511,0,1,0.692845144487408,False
4430,3,0.7257505345793549,0.5714285714285714,1.0666666666666667,0,1,0.9146073719625807,True
4431,4,0.40077331622834095,0.42857142857142855,1.02,0,1,0.715807611716908,True
4432,3,0.6086028837222528,0.5714285714285714,1.024,1,1,0.8644012358809655,True
4433,3,0.5827504529530546,0.6,1.0,1,1,0.8652263845989282,True
4434,2,1.0000000000000007,1.0,1.0285714285714285,0,1,1.0,True
4435,4,0.4933744045868235,0.25,1.1176470588235294,0,1,0.6010890305372101,True
4436,3,0.7267517272365908,0.6666666666666666,1.06,0,1,0.9547189942125072,True
4437,4,0.324776617883821,0.2857142857142857,1.0377358490566038,1,2,0.5737137886168757,False
4438,3,0.3472145302235953,0.3333333333333333,3.1533333333333333,1,2,0.443171306603763,False
4439,2,0.7226690820047125,0.7777777777777778,1.0740740740740742,0,1,0.9668581780020196,True
4440,4,0.5616837858721506,0.6,1.0,1,1,0.8561978129928265,True
4441,3,0.49982775818061553,0.42857142857142855,1.0350877192982457,1,1,0.7582595154107401,True
4442,2,0.8930318643337181,1.0,1.0,1,1,1.0,True
4443,2,0.9296382849790962,1.0,1.002313030069391,0,1,1.0,True
4444,3,0.6740046255334742,0.6,1.06,0,1,0.9043353157048223,True
4445,3,0.8889501103120308,1.0,1.0017361111111112,1,1,1.0,True
4446,2,0.9722626291845271,1.0,1.0,0,1,1.0,True
4448,3,0.924280345640347,0.5,1.0,0,1,0.9166666666666667,True
4449,2,0.9046162383836343,1.0,1.0,1,1,1.0,True
4450,4,0.17979105276268098,0.3333333333333333,1.2,0,2,0.4514183876919426,False
4451,2,0.5021538009650292,0.75,1.0006253908692933,0,1,0.8723516289850126,True
4452,3,0.7884495549046115,0.8333333333333334,1.0,1,1,0.9950498092448334,True
4453,3,0.6790362885301813,0.75,1.0,1,1,0.9481584093700777,True
4454,4,0.66675271980274,0.75,1.0,1,1,0.9428940227726028,True
4455,2,0.5273820317732778,0.75,1.0006253908692933,0,1,0.8831637279028334,True
4456,2,0.7255955366872616,0.6,1.0574193548387096,0,1,0.9264457061993026,True
4457,4,0.23163058833336064,0.3333333333333333,1.0211267605633803,1,1,0.6036353315079482,False
4458,2,0.8583733374284014,1.0,1.0016666666666667,1,1,1.0,True
4459,2,0.8888985634351378,0.8333333333333334,1.0,1,1,1.0,True
4460,4,0.3996823333072041,0.16666666666666666,1.08,1,1,0.6062130634808652,False
4461,4,0.4449021895646213,0.375,1.0377358490566038,1,1,0.7123985574324567,True
4463,3,0.7262727899159523,0.6,1.1420000000000001,1,1,0.8467359575830272,True
4464,4,0.7467542372870443,1.0,1.0142857142857142,1,1,0.9771803874087333,True
4465,4,0.6621103297245959,0.5,1.0,1,1,0.8575710936914935,True
4466,4,0.24400459332533275,0.2,1.2,1,2,0.4233829209489521,False
4467,4,0.9198712989168577,1.0,1.0,1,1,1.0,True
4468,3,0.7359819828148992,0.7142857142857143,1.112,1,1,0.8925637069206711,True
4470,4,0.758465544407273,1.0,1.018181818181818,1,1,0.9821995190316883,True
4471,4,0.20970870586031876,0.0,1.08,2,1,0.39201801679727943,False
4472,4,0.6060562285875446,0.5,1.3842482100238664,0,1,0.6735479074899001,False
4473,4,0.560814251243237,0.3333333333333333,1.0340909090909092,0,1,0.7447140441836095,True
4474,4,0.8492952555614699,0.6,1.0,1,1,0.9583333333333333,True
4475,4,0.9177332244233514,1.0,1.0222222222222221,1,1,1.0,True
4476,4,0.4713613454064531,0.5,1.0,0,1,0.775821528983718,True
4477,2,0.727055691489552,0.5,1.0,0,1,0.8854048201621889,True
4478,4,0.7360163097523583,1.0,1.018181818181818,1,1,0.9725784184652964,True
4479,4,0.6627106147256577,0.5,1.2,0,1,0.7778283586919486,True
4480,3,0.5703896990571375,0.6,1.0,1,1,0.8599289186435352,True
4481,4,0.9232082899181141,1.0,1.0222222222222221,1,1,1.0,True
4482,4,0.9367778633321832,1.0,1.0,1,1,1.0,True
4483,4,0.23213402623668541,0.16666666666666666,1.2,0,1,0.45440664616492865,False
4484,4,0.6897668391173315,1.0,1.0142857142857142,1,1,0.9527572167645706,True
4485,4,0.7009652252021882,0.75,1.1764705882352942,0,1,0.877556525086652,True
4486,3,0.4548735324864052,0.3333333333333333,1.0,0,2,0.6493108790021102,False
4487,4,0.9190683023791261,1.0,1.0222222222222221,1,1,1.0,True
4488,4,0.7245433436701936,0.8,1.018181818181818,1,1,0.9676614330015114,True
4489,4,0.9294604834350052,1.0,1.0,1,1,1.0,True
4490,3,0.7345042612988452,0.6666666666666666,1.0311750599520384,0,1,0.9580415088106162,True
4491,4,0.8118830281428321,1.0,1.0,1,1,1.0,True
4492,4,0.45257020445664137,0.5,1.125,0,1,0.6877681828623701,True
4493,4,0.23135629802655788,0.2,1.1666666666666667,0,1,0.4679622229637629,False
4494,4,0.9018663147818684,1.0,1.0,1,1,1.0,True
4495,4,0.799178841121619,1.0,1.018181818181818,1,1,0.999648074766408,True
4496,4,0.24666828893878884,0.2,1.1666666666666667,0,1,0.47452450478329045,False
4497,2,0.22069400418818028,0.25,1.1111111111111112,0,1,0.48422600179493436,False
4498,3,0.44488108751330685,0.3333333333333333,1.0,0,1,0.695028402585068,True
4499,2,0.750410645356218,1.0,1.0,0,1,0.9787474194383792,True
4500,4,0.5289211007013532,0.25,1.0666666666666667,0,1,0.6963233288720085,True
4501,3,0.7335627615768693,0.8,1.018181818181818,1,1,0.9715268978186582,True
4502,4,0.6961986530261487,0.5,1.0521739130434782,0,1,0.8721803751064447,True
4503,3,0.3548403271112827,0.2857142857142857,1.0,0,1,0.6365982354286449,False
4504,4,0.6450139323656003,0.6,1.1494252873563218,0,1,0.8119107329185906,True
4505,4,0.6439788905506908,0.6,1.0,1,1,0.8914671435693438,True
4506,4,0.4640838961310862,0.3333333333333333,1.0,0,1,0.7032581777069734,True
4507,4,0.7769236417404161,0.75,1.1764705882352942,0,1,0.9101101321744641,True
4508,3,0.6939365302049811,0.5,1.1510791366906474,0,1,0.7912108938973729,True
4509,3,0.93948150841367,1.0,1.0222222222222221,1,1,1.0,True
4510,4,0.9033422678463179,1.0,4.0,1,1,0.8400000000000001,False
4511,4,0.6896431102726974,0.6,1.1,1,1,0.9110375234502037,True
4512,3,0.4060543366166563,1.0,1.0142857142857142,0,1,0.8311661442642813,True
4513,4,0.7740135173238062,1.0,1.018181818181818,1,1,0.9888629359959169,True
4514,4,0.753597108327852,1.0,1.0,1,1,0.9801130464262222,True
4515,4,0.8398534201269658,1.0,1.0,1,1,1.0,True
4516,3,0.7032462349421951,0.8,1.018181818181818,1,1,0.9585341006895121,True
4517,4,0.6486411599254065,0.5,1.1366666666666667,0,1,0.7717985923489837,True
4518,4,0.5632607986751854,0.4,1.1764705882352942,0,1,0.6935403422893652,True
4519,4,0.31155821397601086,0.3333333333333333,1.0441176470588236,0,1,0.6378900282119412,False
4520,4,0.8931356267524101,1.0,1.1176470588235294,1,1,0.92,True
4521,4,0.597698043539312,0.5,1.3669064748201438,0,1,0.6699658281835147,False
4522,4,0.7779706886691962,0.8,1.0,1,1,0.9905588665725127,True
4523,3,0.7439844516681172,0.6,1.25,1,1,0.7743266697625265,False
4524,4,0.7160990411054805,0.5,1.0294117647058822,1,2,0.8307091128547298,False
4525,3,0.869234699738832,1.0,1.0,1,1,1.0,True
4526,2,0.8620213154164067,1.0,1.0,0,1,1.0,True
4527,4,0.7183738179680681,0.6,1.0,1,1,0.9233506838910768,True
4528,2,0.8457966914516694,0.75,1.0,0,1,1.0,True
4529,3,0.2246924629586788,0.16666666666666666,1.3333333333333333,0,2,0.3212174047600687,False
4530,4,0.918113613330198,1.0,1.0222222222222221,1,1,1.0,True
4531,3,0.2926432528631105,0.0,1.1666666666666667,0,1,0.45256139408419016,False
4532,4,0.6519531838238255,0.4,1.2461059190031152,0,1,0.6515513644959253,False
4533,4,0.19401866777843965,0.2857142857142857,1.0227272727272727,0,2,0.5176746671431408,False
4534,3,0.5317863037641726,0.5,1.1612500000000001,0,1,0.7217179397084549,True
4535,3,0.6470884679511437,0.5,1.0,1,1,0.8511331529314425,True
4536,2,0.905402647474943,0.75,1.0108527131782947,1,1,1.0,True
4537,4,0.47099881011717637,0.4,1.2186379928315412,0,1,0.5739994900502186,False
4538,3,0.5875695316189413,0.3333333333333333,1.25,0,1,0.5961805929160543,False
4539,3,0.9469306640918717,1.0,1.0,1,1,1.0,True
4540,3,0.2853620844960851,0.2,1.0071942446043165,0,1,0.5711075600221317,False
4541,4,0.17681378694950967,0.125,1.25,0,1,0.3333368610735994,False
4542,4,0.674467218633437,0.5,1.0833333333333333,0,1,0.8628669032238541,True
4543,4,0.7004251630926533,1.0,1.0227272727272727,1,1,0.9573250698968514,True
4544,2,0.895737464640518,1.0,1.0,0,1,1.0,True
4545,4,0.8569760232422664,0.8,1.0222222222222221,1,1,1.0,True
4546,3,0.3350471675289086,0.16666666666666666,1.2916666666666667,0,1,0.41851227814731007,False
4547,2,0.96981431619991,1.0,1.0,0,1,1.0,True
4548,4,0.30540241212678565,0.2857142857142857,1.1111111111111112,1,1,0.5354105575781462,False
4549,3,0.7880227044879549,1.0,1.018181818181818,1,1,0.9948668733519805,True
4550,2,0.9999999999999997,1.0,1.0,1,1,1.0,True
4551,3,0.8964681117177812,0.8,1.0038610038610039,1,1,1.0,True
4552,4,0.883246692124913,1.0,1.001410437235543,1,1,1.0,True
4553,3,0.8945968246081147,0.75,1.0,1,1,1.0,True
4554,4,0.2737860917193287,0.375,1.1267605633802817,1,1,0.5590630869273313,False
4555,3,0.7093157661687542,0.8,1.0,1,1,0.9611353283580375,True
4556,3,0.7286165219424051,0.5,1.0027027027027027,1,1,0.886073747499126,True
4557,3,0.8747228596150619,0.6666666666666666,1.0,0,1,0.9861111111111112,True
4558,3,0.9204281273124344,1.0,1.0027027027027027,1,1,1.0,True
4559,3,0.859734947699506,0.75,1.0344827586206897,1,1,1.0,True
4560,3,0.9301843772026727,1.0,1.0526315789473684,1,1,1.0,True
4561,4,0.4663924212657653,0.2,1.027027027027027,0,1,0.6486919900662803,False
4562,3,0.5631854948916625,0.5,1.0017391304347827,1,1,0.8151747359059507,True
4563,4,0.8672842649684649,1.0,1.001410437235543,1,1,1.0,True
4564,3,0.6859839967005571,0.5555555555555556,1.0,1,1,0.890950813400768,True
4565,4,0.9792913884448208,1.0,1.0,0,1,1.0,True
4566,4,0.32189787123207886,0.3333333333333333,1.125,0,1,0.5623213098931131,False
4567,3,0.818688228771162,1.0,1.0013888888888889,1,1,1.0,True
4568,3,0.8323076763385288,0.75,1.0084033613445378,1,1,1.0,True
4569,2,0.9999999999999996,1.0,1.0108527131782947,1,1,1.0,True
4570,3,0.6443524802911055,0.5,1.0,1,1,0.8499605867914262,True
4571,3,0.5767199561761331,0.6,1.018181818181818,1,1,0.8626418859802476,True
4572,3,0.5817440855660686,0.4,1.0,1,1,0.7814617509568866,True
4573,3,0.8748742148020501,0.75,1.0083682008368202,1,1,1.0,True
4574,3,0.6825677705031853,0.6666666666666666,1.0,1,1,0.9357830127553335,True
4575,3,0.7117043071925214,0.6,1.0,3,1,0.8154923221301282,False
4576,3,0.8220244398138296,1.0,1.0013888888888889,1,1,1.0,True
4577,2,0.9343744844849718,0.75,1.004201680672269,1,1,1.0,True
4578,3,0.7698890335329203,0.25,1.0,2,1,0.6945953000855373,False
4579,2,0.5406688792124347,0.6,1.0416666666666667,0,1,0.8471914244243768,True
4580,2,1.0000000000000002,1.0,1.0869565217391304,1,1,1.0,True
4581,3,0.7665835721258326,0.875,1.0,1,1,0.9856786737682139,True
4582,3,0.7552668262884995,0.75,1.2162162162162162,0,1,0.8208286398379284,False
4583,3,0.47186365722385293,0.4,1.1970534069981584,0,1,0.6543701388102228,True
4584,2,0.770497339606675,0.8571428571428571,1.0030395136778116,1,1,0.987356002688575,True
4585,3,0.8093709394047638,0.6,1.0079575596816976,1,1,0.9583333333333333,True
4586,4,0.6697906307732501,0.4,1.0,1,1,0.8191959846171073,True
4587,3,0.5218886303395408,0.2,1.088235294117647,0,1,0.672476079669327,False
4588,2,0.5619982059058216,0.5,1.0,2,1,0.7096658977691617,False
4589,4,0.6599457856831992,0.4,1.0,1,1,0.8149767652927997,True
4590,3,0.7160783843647174,0.5,1.0,1,1,0.8807002599658313,True
4591,3,0.7273194750339882,1.0,1.0,1,1,0.9688512035859949,True
4592,2,0.9358864239634661,0.75,1.0,1,1,1.0,True
4593,4,0.30476574400166123,0.25,1.3157894736842106,0,2,0.39025674742928335,False
4594,3,0.7477466184803929,0.4,1.0,2,1,0.7476056936344542,False
4595,2,0.8161293926817432,1.0,1.001923076923077,1,1,1.0,True
4596,3,0.873865195569991,0.75,1.0,1,1,1.0,True
4597,2,1.0000000000000007,1.0,1.002857142857143,1,1,1.0,True
4598,3,0.28792567817194503,0.2,1.0766666666666667,0,1,0.5722062430260717,False
4599,3,0.43465988343540013,0.36363636363636365,1.2105263157894737,1,1,0.543274149177942,False
4600,3,0.6409391068022147,0.5,1.1270983213429255,1,1,0.7684977124390444,True
4601,3,0.43918677313682053,0.3333333333333333,1.1555555555555554,0,1,0.6125879821380025,True
4602,2,0.22422599491237657,0.2222222222222222,1.125,0,1,0.47416563803123013,False
4603,4,0.4958337769630628,0.4,1.1111111111111112,0,1,0.6646430472698841,True
4604,2,0.9412682771890457,0.75,1.0,1,1,1.0,True
4605,3,0.7942627192056886,0.75,1.0222222222222221,1,1,0.9975411653738666,True
4606,2,0.999999999999999,1.0,1.0,1,1,1.0,True
4607,3,0.6071327791435093,0.5,1.1333333333333333,0,1,0.7540092862995993,True
4608,3,0.7854718121498482,0.4,1.010752688172043,1,1,0.8687736337785064,True
4609,3,0.7456058795091275,0.5,1.16,0,1,0.8133549007420071,True
4610,2,0.9999999999999998,1.0,1.002857142857143,1,1,1.0,True
4611,2,0.4595318478818486,0.5,1.0,0,1,0.770751744330316,True
4612,2,0.9305109605309285,0.75,1.0058997050147493,1,1,1.0,True
4613,3,0.5327012408545302,0.2,1.04,0,1,0.6771100556043225,False
4614,2,0.6328716575291524,0.6,1.0,2,1,0.7817069008458273,False
4615,3,0.6673420636735676,1.0,1.0,0,1,0.9431465987172434,True
4616,2,0.9557800792057097,0.75,1.002849002849003,1,1,1.0,True
4617,2,0.9999999999999999,1.0,1.1069767441860465,1,1,0.92,True
4618,3,0.6645389907862388,0.5,1.0909090909090908,0,1,0.8586119484321977,True
4619,2,0.9403571275864907,0.75,1.0,1,1,1.0,True
4620,2,0.7679248680423889,0.8,1.0,1,1,0.9862535148753095,True
4621,4,0.5373583986743917,0.3333333333333333,1.3,0,1,0.5746615359398187,False
4622,2,0.9512448469552606,0.75,1.010752688172043,1,1,1.0,True
4623,3,0.7597880592191559,0.5,1.0,1,1,0.8994329777605907,True
4624,2,0.7840642006754048,0.6666666666666666,1.125,0,1,0.8992814828291418,True
4625,2,0.9463147860716785,1.0,1.0,1,1,1.0,True
4626,3,0.5323774537315448,0.2,1.075,0,1,0.6769712896944715,False
4627,2,0.6806338949543925,0.5,1.095,0,1,0.8655097645042635,True
4628,2,0.8517672540628083,0.4,1.0,1,1,0.875,True
4629,3,0.28374294583020476,0.2857142857142857,1.0,1,1,0.6061279291653259,False
4630,3,0.9470345577746416,1.0,1.0,1,1,1.0,True
4631,3,0.8198977684674101,0.5,1.0093896713615023,1,1,0.9166666666666667,True
4632,3,0.5343586210061191,0.3333333333333333,1.0,0,1,0.7333759169391304,True
4633,2,1.0000000000000002,1.0,1.042,1,1,1.0,True
4634,4,0.5328042653118805,0.3333333333333333,1.1666666666666667,0,1,0.6527097644987424,True
4635,3,0.7105478602526137,0.6,1.0,1,1,0.9199967020130249,True
4636,3,0.8689020040864078,0.6666666666666666,1.0,1,1,0.9861111111111112,True
4637,3,0.3723310391658058,0.375,1.0,1,1,0.6812966358329644,False
4638,3,0.5830332105711771,0.6666666666666666,1.0804321728691477,0,1,0.8931253442130442,True
4639,4,0.43136615099973025,0.3333333333333333,1.2765957446808511,0,1,0.5292362869363922,False
4640,3,0.5371980631619655,0.3333333333333333,1.2272727272727273,0,1,0.5745928207202075,False
4641,3,0.5865015956817486,0.5,1.1666666666666667,0,1,0.7451673505302733,True
4642,4,0.6600552912698692,0.6666666666666666,1.1009174311926606,0,1,0.8461348073696264,True
4643,3,0.7152643580728618,0.4,1.0,1,1,0.8386847248883693,True
4644,4,0.6361122229716899,0.5,2.3333333333333335,0,1,0.6864290479402481,False
4645,3,0.8647386554556213,0.75,1.015625,1,1,1.0,True
4646,3,0.8471148315054476,0.6666666666666666,1.0055555555555555,1,1,0.9861111111111112,True
4647,3,0.8171028429319509,0.6666666666666666,1.0,1,1,0.9861111111111112,True
4648,3,0.9363694315501702,1.0,1.0,1,1,1.0,True
4649,3,0.7906565594102395,0.75,1.0273972602739727,1,1,0.9959956683186741,True
4650,3,0.816713728237488,0.6666666666666666,1.0,1,1,0.9861111111111112,True
4651,2,0.9999999999999997,1.0,1.0,1,1,1.0,True
4652,3,0.18878027181215706,0.3333333333333333,1.3333333333333333,0,1,0.42527091014171814,False
4653,3,0.6046157208723091,0.5,1.0,1,1,0.8329305470405135,True
4654,2,0.43823804902823843,1.0,1.0112359550561798,0,1,0.8449591638692451,True
4655,2,0.9375281812277451,0.6666666666666666,1.0,1,1,0.9861111111111112,True
4656,3,0.893041090934959,0.75,1.0,1,1,1.0,True
4657,2,0.9067172893217134,0.6666666666666666,1.0,1,1,0.9861111111111112,True
4658,2,0.635134065262641,0.5,1.0638297872340425,0,1,0.8460098374935128,True
4659,2,1.0000000000000007,1.0,1.0,1,1,1.0,True
4660,2,0.7596627109752413,0.5,1.0,1,1,0.8993792570846273,True
4661,2,0.6840101261694731,0.5,1.2,0,1,0.786956720739298,True
4662,4,0.5962933566887746,0.5,1.5,0,1,0.6693638195332844,False
4663,2,0.8769580073404883,1.0,1.0,0,1,1.0,True
4664,4,0.5335185057633263,0.25,1.2142857142857142,0,1,0.5382936453271399,False
4665,2,0.7520277062721104,1.0,1.125,0,1,0.8994404455451902,True
4666,4,0.39227665885745283,0.2857142857142857,1.0,1,1,0.652642377605575,False
4667,4,0.5809522395850222,0.6666666666666666,1.0,0,1,0.8922334995046921,True
4668,3,0.9350459133504122,1.0,1.0,1,1,1.0,True
4669,4,0.6364852859484598,0.6,1.0,0,1,0.8882555987398162,True
4670,3,0.8149397735910742,1.0,1.0,0,1,1.0,True
4671,2,0.6894050832135704,0.6666666666666666,1.0,0,1,0.9387132896312127,True
4672,4,0.8228562406192499,0.7142857142857143,1.1333333333333333,1,2,0.8700000000000001,False
4673,3,0.779912051294933,0.6,1.053,0,1,0.9497242124597332,True
4674,3,0.6492408058989424,0.6666666666666666,1.0434782608695652,0,1,0.9215000279249437,True
4675,4,0.7525937833080563,0.8,1.0,0,1,0.9796830499891669,True
4676,4,0.5319471254596582,0.3333333333333333,1.0,0,1,0.7323424188477899,True
4677,2,0.6021827154791377,1.0,1.0,0,1,0.9152211637767733,True
4678,3,0.7084031891367683,0.4,1.0,2,1,0.730744223915758,False
4679,4,0.4591859945303036,0.3333333333333333,1.0,0,1,0.7011590770209237,True
4680,4,0.6747080149801091,0.75,1.0,1,1,0.9463034349914754,True
4681,2,0.6312817464777999,0.4,1.0,0,1,0.8026921770619142,True
4682,3,0.7660951668549169,0.75,1.0,0,1,0.9854693572235358,True
4683,4,0.18288622770601667,0.25,1.0,0,1,0.5480226690168643,False
4684,3,0.7500291956453908,0.6666666666666666,1.0,0,1,0.9646950521019928,True
4685,4,0.6254142347041212,0.6,1.0,1,1,0.8835108624922424,True
4686,4,0.955860585422476,1.0,1.0,1,1,1.0,True
4687,3,0.911104982860822,1.0,1.0175054704595186,1,1,1.0,True
4688,3,0.5818564714096611,0.3333333333333333,1.1666666666666667,0,1,0.6737321385406484,True
4689,2,0.905747599709572,0.6666666666666666,1.0,1,1,0.9861111111111112,True
4690,2,0.7851927404734832,0.75,1.0,1,1,0.9936540316314928,True
4691,4,0.719169595444984,0.75,1.0,1,1,0.9653583980478504,True
4692,3,0.5631788821372017,0.4,1.20625,0,1,0.6135052352016579,False
4693,4,0.6852770656252835,0.5,1.0,1,1,0.8674996947917881,True
4694,4,0.7063783536756424,0.6666666666666666,1.0285714285714285,1,1,0.9459875484006721,True
4695,3,0.9369670775986381,1.0,1.0,1,1,1.0,True
4696,2,0.5804705084807611,0.8,1.0,0,1,0.9059159322060405,True
4697,4,0.7358945178398809,0.4,1.0,2,1,0.7425262219313775,False
4698,3,0.7574955615846304,0.6666666666666666,1.0,0,1,0.9678949232188099,True
4700,3,0.7449438743921906,0.5,1.008888888888889,1,1,0.8930711842633199,True
4701,4,0.719169595444984,0.75,1.0,1,1,0.9653583980478504,True
4702,2,0.802755066264846,0.75,1.0,1,1,1.0,True
4703,4,0.908207004320104,0.8333333333333334,1.0,1,1,1.0,True
4704,3,0.68316276797208,0.6,1.1210762331838564,0,1,0.8282602338927962,True
4705,3,0.6215217845840093,0.42857142857142855,1.0294117647058822,1,1,0.8104140981550516,True
4706,4,0.7627972679618733,1.0,1.0014306151645207,1,1,0.9840559719836599,True
4707,4,0.28579240866220174,0.1111111111111111,1.2,0,1,0.454254947627716,False
4708,4,0.8767472842831708,0.8,1.0,1,1,1.0,True
4709,4,0.7196173597519901,1.0,1.0227272727272727,0,1,0.9655502970365673,True
4710,4,0.5505910311699529,0.3333333333333333,1.5,0,1,0.5803326641522021,False
4711,3,0.647455585736024,0.375,1.0114942528735633,1,1,0.7992071557916294,True
4712,3,0.7243827655164002,0.6666666666666666,1.0114942528735633,1,1,0.953703724903854,True
4713,4,0.6950084772740678,0.4,1.0,0,1,0.8300036331174576,True
4714,3,0.7469301782598705,0.6666666666666666,1.0093896713615023,1,1,0.9633669017939128,True
4715,2,0.9003008122596534,0.8,1.0,1,1,1.0,True
4716,3,0.5032129914362953,0.6666666666666666,1.0,0,1,0.8589166788695234,True
4717,3,0.6295719202708839,0.42857142857142855,1.052,1,1,0.8138641563065694,True
4718,3,0.9584361198033442,1.0,1.0,1,1,1.0,True
4719,3,0.7698559531899988,0.75,1.053,0,1,0.9870811227957137,True
4720,3,0.8935784680361867,1.0,1.0,1,1,1.0,True
4721,2,0.7811867625670462,0.75,1.0,1,1,0.9919371839573055,True
4722,3,1.0,1.0,1.0,1,1,1.0,True
4723,3,0.8429618667439457,1.0,1.003103448275862,1,1,1.0,True
4724,4,0.16346684847140885,0.25,1.0,0,1,0.539700077916318,False
4726,4,0.6201817831288681,0.6,1.0,1,1,0.8812683832457053,True
4727,4,0.7209267122121361,0.6666666666666666,1.0,1,1,0.9522225592020266,True
4728,3,0.48032835244411876,0.3333333333333333,1.0,0,1,0.710220087555416,True
4729,2,0.9023219840929719,0.7142857142857143,1.0,1,1,1.0,True
4730,2,0.9999999999999999,1.0,1.0,1,1,1.0,True
4731,2,0.7877652923005015,0.8333333333333334,1.0,1,1,0.994756553843072,True
4732,4,0.4607342291724581,0.16666666666666666,1.1111111111111112,0,1,0.5523781617088313,False
4733,2,1.0000000000000002,1.0,1.0,1,1,1.0,True
4734,3,0.5658234889542592,0.42857142857142855,1.0344827586206897,1,1,0.7865434000280158,True
4735,3,0.8624560436460248,0.75,1.0256410256410255,1,1,1.0,True
4736,3,0.6143224671548358,0.2,1.2222222222222223,0,1,0.5520905811615964,False
4737,2,0.730832861947329,0.6666666666666666,1.0535714285714286,0,1,0.9564680519456807,True
4739,3,0.1998950940165833,0.25,1.09375,0,2,0.5053121831499643,False
4740,4,0.39785741459390267,0.5,1.0,0,1,0.7443198443497678,False
4741,3,0.7545459705447728,0.8333333333333334,1.0,1,1,0.9805197016620455,True
4742,4,0.9747827070298787,1.0,1.0,0,1,1.0,True
4743,3,0.6867498605267394,0.6,1.0,1,1,0.9097975592733645,True
4744,3,0.8193613596040765,1.0,1.0294117647058822,0,1,1.0,True
4745,2,0.950838977784205,0.6666666666666666,1.010909090909091,1,1,0.9861111111111112,True
4746,4,0.7151609722542167,0.6666666666666666,1.0285714285714285,1,1,0.9497515277914896,True
4747,4,0.6046590908844682,0.3333333333333333,1.0,0,1,0.7635046897441372,True
4748,4,0.8917893040920427,1.0,1.0,0,1,1.0,True
4749,3,0.5060258780319301,0.4,1.25,1,1,0.589011090585113,False
4750,2,0.8012041329795084,0.6666666666666666,1.0119904076738608,1,1,0.9861111111111112,True
4751,3,0.7360223322345222,0.8,1.0,0,1,0.9725809995290808,True
4752,4,0.0,0.0,1.0416666666666667,1,1,0.44999999999999996,False
4753,2,0.6961010411429707,0.6666666666666666,1.0,0,1,0.94158298588667,True
4754,2,0.8587045619173701,0.6666666666666666,1.003048780487805,1,1,0.9861111111111112,True
4755,4,0.4774455968214509,0.2857142857142857,1.0396611474778592,2,1,0.5841433510187171,False
4756,2,0.9999999999999996,1.0,1.0,1,1,1.0,True
4757,4,0.5076045294077524,0.4,1.0,1,1,0.7496876554604653,True
4758,2,0.9999999999999992,1.0,1.0,1,1,1.0,True
4759,3,0.6176499794683915,0.25,1.0,0,1,0.7343499912007392,True
4760,2,0.5696328011460694,0.5,1.0,0,1,0.8179378671578392,True
4761,2,0.9999999999999994,1.0,1.0,1,1,1.0,True
4762,3,0.7384496089522588,0.6666666666666666,1.2296296296296296,1,1,0.7997323720906506,False
4763,3,0.5389308890488423,0.3333333333333333,1.02,1,1,0.7353354603860118,True
4764,3,0.5169888329534664,0.6666666666666666,1.0666666666666667,0,1,0.864820610948311,True
4765,3,0.9545099744789306,1.0,1.0,0,2,0.9500000000000001,False
4766,4,0.9540093611964066,1.0,1.0,1,1,1.0,True
4767,2,0.9002129279133033,0.8333333333333334,1.0,0,1,1.0,True
4768,2,0.9829269941371167,1.0,1.0,0,1,1.0,True
4769,4,0.5050311028486432,0.3333333333333333,1.0,1,1,0.7208069805859264,True
4770,4,0.9444082176002078,1.0,1.0,1,1,1.0,True
4771,2,0.8992347222843221,0.8,1.0,1,1,1.0,True
4772,4,0.514985107500135,0.375,1.0909090909090908,0,1,0.742434093690534,True
4773,3,0.943981404752929,1.0,1.0076203671631452,1,1,1.0,True
4774,2,0.802755066264846,0.75,1.0,1,1,1.0,True
4775,3,0.7220776229872126,0.4,1.169811320754717,0,1,0.7616046955659483,True
4776,4,0.2657110219552095,0.25,1.375,0,2,0.3735190094093755,False
4777,2,0.9354174417796962,0.8,1.002958579881657,1,1,1.0,True
4778,3,0.6459566555478824,0.4,1.005730659025788,1,1,0.8089814238062354,True
4779,3,0.7381869501696159,0.5555555555555556,1.1333333333333333,1,2,0.7833235077446503,False
4780,2,0.9346890315706149,1.0,1.0,0,1,1.0,True
4781,4,0.7721237022136012,0.5714285714285714,1.0,1,1,0.9344815866629719,True
4782,3,0.9999999999999999,1.0,1.0,1,1,1.0,True
4783,3,0.5681252005544588,0.4,1.0,1,1,0.7756250859519109,True
4784,4,0.2623597802373164,0.16666666666666666,1.0795454545454546,0,1,0.5473605407366277,False
4785,3,0.8337849001331479,0.6666666666666666,1.0,1,1,0.9861111111111112,True
4786,3,0.6970111560431022,1.0,1.0142857142857142,0,1,0.9558619240184723,True
4787,2,0.8726759987968147,1.0,1.2142857142857142,0,1,0.8400000000000001,False
4788,4,0.9409902635168799,1.0,1.0,1,1,1.0,True
4789,2,0.9286838184260622,1.0,1.0142857142857142,0,1,1.0,True
4790,4,0.505226469754571,0.2857142857142857,1.0,0,1,0.7010494394186256,True
4791,3,0.6821552569827376,0.6,1.0,1,1,0.9078284434687923,True
4792,2,0.804590617469498,0.6,1.0,1,1,0.9583333333333333,True
4793,3,0.6202698072272582,1.0,1.1764705882352942,1,1,0.8429727745259679,True
4794,3,0.6692195010083,1.0,1.0142857142857142,0,1,0.9439512147178428,True
4795,3,0.6651479024303563,1.0,1.0142857142857142,0,1,0.9422062438987242,True
4796,4,0.5306998808267275,0.5714285714285714,1.0,0,1,0.831014234640026,True
4797,4,0.20234457988655347,0.16666666666666666,1.2,1,1,0.4416397405863006,False
4798,2,0.5300182133421225,0.25,1.2222222222222223,0,1,0.5367935200037668,False
4799,4,0.8254685649780473,0.6666666666666666,1.0,1,1,0.9861111111111112,True
4800,4,0.7387068636823916,0.6666666666666666,1.0,1,1,0.9598426241178504,True
4801,4,0.6673918503131299,0.5,1.0,2,1,0.7548346025151509,False
4802,3,0.49577049335840717,0.6666666666666666,1.0461538461538462,0,1,0.8557270368361427,True
4803,2,0.9724327169120561,1.0,1.0,0,1,1.0,True
4804,2,0.8338462509147291,1.0,1.0,1,1,1.0,True
4805,4,0.6434710348740504,0.3333333333333333,1.0,2,1,0.6751383800253867,False
4806,4,0.5607823908413113,0.3333333333333333,1.1111111111111112,1,1,0.6647003897256414,True
4807,2,0.9999999999999999,1.0,1.0,0,1,1.0,True
4808,2,0.9804871889642293,1.0,1.0,1,1,1.0,True
4809,2,0.641332819022392,0.25,1.2,0,1,0.6644997795810251,True
4810,2,0.8743889399531516,0.5,1.0,2,1,0.8116666666666668,False
4811,2,0.9999999999999999,1.0,1.0,0,1,1.0,True
4812,3,0.9111020032857342,1.0,1.0,0,1,1.0,True
4813,2,1.0000000000000002,1.0,1.0,0,2,0.9500000000000001,False
4814,4,0.7998746727526104,0.5,1.0,1,1,0.916612954989214,True
4815,3,0.6462805829501629,0.6,1.0909090909090908,0,1,0.8924535831691174,True
4816,3,0.5811719165120138,0.4,1.0318181818181817,1,1,0.7812165356480061,True
4817,4,0.7588975867144222,0.6666666666666666,1.0,0,2,0.9184957911315778,False
4818,3,0.49168310558376166,0.5,1.0714285714285714,0,1,0.7845308547739931,True
4819,4,0.5984996430978696,0.2857142857142857,1.0,2,1,0.6360236565657537,False
4820,3,0.8480066442089761,0.8333333333333334,1.001276595744681,1,2,0.9500000000000001,False
4821,2,0.952604481057726,1.0,1.0,1,1,1.0,True
4822,2,0.9524522446972966,1.0,1.0,1,1,1.0,True
4823,4,0.7661940816103452,0.6666666666666666,1.05,0,1,0.9716228603726875,True
4824,3,0.7578559888864448,0.6666666666666666,1.0,0,1,0.9680493920624447,True
4825,3,0.28680014658364555,0.25,1.0638297872340425,0,1,0.5925572056787052,False
4826,2,0.9104081257640231,1.0,1.0,0,1,1.0,True
4827,4,0.7009903514917375,0.3333333333333333,1.0,1,1,0.8047895157186812,True
4828,3,0.5125244059167463,0.2857142857142857,1.0,0,1,0.7041771263452722,True
4829,2,0.5769634819779198,0.4,1.0,0,1,0.7794129208476799,True
4830,3,0.26419870630726616,0.125,1.062473438164046,1,1,0.5307875407983521,False
4831,3,0.6963242736646228,0.6666666666666666,1.0,0,1,0.9416786569673781,True
4832,3,0.8533135659315705,0.75,1.0,0,1,1.0,True
4833,2,0.9599289356417762,1.0,1.0,1,1,1.0,True
4834,3,0.7193073974715353,0.75,1.05,0,1,0.9654174560592295,True
4835,3,0.5533685713261387,0.2857142857142857,1.0,1,1,0.7216817686635832,True
4836,4,0.560829479121434,0.3333333333333333,1.0,1,1,0.7447205704171225,True
4837,2,0.9651542236500766,1.0,1.0,1,1,1.0,True
4838,3,0.9705194716502947,1.0,1.0,1,1,1.0,True
4839,3,0.9272839741766135,1.0,1.0022727272727272,1,1,1.0,True
4840,3,0.9482956313123949,1.0,1.0022727272727272,1,1,1.0,True
4841,2,0.9558406061349455,1.0,1.0,1,1,1.0,True
4842,4,0.4664563403442072,0.375,1.0,2,1,0.6166360506237079,False
4843,3,0.9393449273718455,1.0,1.0256410256410255,1,1,1.0,True
4844,3,0.9700439558064834,1.0,1.0,1,1,1.0,True
4845,3,0.8994147691974188,0.8571428571428571,1.025,1,1,1.0,True
4846,3,0.9705375673385951,1.0,1.0,1,1,1.0,True
4847,3,0.6602926311129036,0.6666666666666666,1.0,1,1,0.9262365244452127,True
4848,3,0.9744207293778172,1.0,1.0,1,1,1.0,True
4849,4,0.6053893097036863,0.42857142857142855,1.25,1,1,0.643500180349199,False
4850,3,0.8558230429907746,0.8,1.0057142857142858,1,1,1.0,True
4851,2,0.8425899856569028,0.6666666666666666,1.0,1,1,0.9861111111111112,True
4852,3,0.4237913470050347,0.4444444444444444,1.1225,0,1,0.6522862386635333,True
4853,3,0.942794324963645,1.0,1.1342105263157896,1,1,0.92,True
4854,3,0.9024710956752274,1.0,1.025,1,1,1.0,True
4855,3,0.7416981764744449,0.6666666666666666,1.15,0,1,0.8811246153144446,True
4856,2,0.8925688650582373,0.8571428571428571,1.0,1,1,1.0,True
4857,2,0.8430326827915338,0.7142857142857143,1.0,1,1,1.0,True
4858,3,0.9717733601956643,1.0,1.0,1,1,1.0,True
4859,2,0.9562346675210873,1.0,1.0026315789473685,1,1,1.0,True
4860,3,0.9463870031424979,1.0,1.002857142857143,1,1,1.0,True
4861,3,0.8487257139799664,0.8,1.0,1,1,1.0,True
4862,4,0.4537092098205233,0.5,1.0,1,1,0.7682563280183196,True
4863,2,0.8200776880793905,0.75,1.0,1,1,1.0,True
4864,3,0.9338723088702736,1.0,1.0,1,1,1.0,True
4865,4,0.6998642048240579,0.6666666666666666,1.0,1,1,0.9431957703214217,True
4866,3,0.5377056122943248,0.4166666666666667,1.0789473684210527,1,1,0.769532563999155,True
4867,3,0.804305067406492,0.8333333333333334,1.0,1,1,1.0,True
4868,3,0.7138481464208298,0.6666666666666666,1.0,1,1,0.9491888881486097,True
4869,2,0.9446476691278949,1.0,1.0,1,1,1.0,True
4870,2,0.9378071466915543,1.0,1.0,1,1,1.0,True
4871,3,0.3263658023380065,0.25,1.04,1,1,0.609513915287717,False
4872,3,0.8970231233110353,0.7142857142857143,1.0,1,1,1.0,True
4873,2,0.7902347962882393,0.7142857142857143,1.0,1,1,0.9958149126949598,True
4874,2,0.9999999999999991,1.0,1.0,1,1,1.0,True
4875,3,0.839088357219334,1.0,1.0277777777777777,1,1,1.0,True
4876,3,0.7973177631038235,0.8,1.0277777777777777,1,1,0.9988504699016387,True
4877,2,0.9745941364734643,1.0,1.0,1,1,1.0,True
4878,4,0.5277838557838135,0.6666666666666666,1.0526315789473684,2,1,0.7644470493041741,False
4879,2,0.9999999999999996,1.0,1.0,1,1,1.0,True
4880,2,0.9999999999999986,1.0,1.0,1,1,1.0,True
4881,3,0.7236912438719358,0.8,1.0277777777777777,1,1,0.9672962473736868,True
4882,2,0.9432585117729942,1.0,1.0,1,1,1.0,True
4883,2,0.6132971008153247,0.625,1.0,0,1,0.8887344717779964,True
4884,2,0.956340238847803,1.0,1.0,1,1,1.0,True
4885,3,0.6727072170623463,0.6666666666666666,1.04,1,1,0.931557061280688,True
4886,2,0.3414775988023902,0.5,1.0285714285714285,0,1,0.7201570661534054,False
4887,3,0.7597332996455239,0.5714285714285714,1.0,1,1,0.9291714141337961,True
4888,2,1.0000000000000004,1.0,1.0,1,1,1.0,True
4889,2,0.6222263671988231,0.5,1.0,0,1,0.8404779668947338,True
4890,3,0.6691981346692855,0.6666666666666666,1.0277777777777777,1,1,0.9300531688265192,True
4891,3,0.9629082571300924,1.0,1.0,1,1,1.0,True
4892,3,0.9470386241609424,1.0,1.0,1,1,1.0,True
4894,2,0.5969160373679097,0.5,1.0,0,1,0.8296306826814852,True
4895,2,0.495750816348901,0.42857142857142855,1.2,0,1,0.6765122546257194,True
4896,2,0.3774468990785831,0.42857142857142855,1.0,0,1,0.7058105757955832,False
4897,4,0.8686705697374782,1.0,1.0240963855421688,1,2,0.9500000000000001,False
4898,2,0.5000390554087142,0.14285714285714285,1.0,0,2,0.5893024523180205,False
4899,3,0.5525475290879824,0.2857142857142857,1.0,0,2,0.6713298934186592,False
4900,2,0.6690227120575282,1.0,1.2,0,2,0.8138668765960836,False
4901,4,0.6725043412654593,0.5,1.0,1,2,0.8120256700661493,False
4902,3,0.7007942379501386,0.75,1.1,0,2,0.9074832448357738,False
4903,3,0.8738930090868164,0.75,1.0,1,2,0.9500000000000001,False
4904,4,0.8727401335571917,1.0,1.0240963855421688,1,2,0.9500000000000001,False
4905,4,0.7801742391242605,0.75,1.0227272727272727,1,2,0.9415032453389688,False
4906,3,0.8982695049719631,0.8571428571428571,1.0,2,2,0.8450000000000001,False
4907,3,0.8591554269290833,0.625,1.0,2,2,0.8137500000000001,False
4908,4,0.5844714170025654,0.4,1.0,0,2,0.732630607286814,False
4909,2,0.917351651258117,0.75,1.0,2,2,0.8450000000000001,False
4911,4,0.6064302795830195,0.4,1.0,1,2,0.7420415483927228,False
4912,2,0.7615390919566013,0.6,1.0,0,2,0.8918500870290197,False
4913,2,0.9637929105989779,1.0,1.0,1,2,0.9500000000000001,False
4914,2,0.5508651396156258,0.5,1.0,0,2,0.759894583644792,False
4915,4,0.4725930948616105,0.2727272727272727,1.0294117647058822,1,2,0.6316524519103872,False
4916,3,0.8745995852992708,0.8,1.0294117647058822,1,2,0.9500000000000001,False
4917,2,0.9264658137160368,1.0,1.0,1,2,0.9500000000000001,False
4918,3,0.6595630702838795,0.75,1.0,1,2,0.889812744407377,False
4919,3,0.9435747513365873,1.0,1.0,1,2,0.9500000000000001,False
4920,3,0.8426624574377672,0.75,1.0,1,2,0.9500000000000001,False
4921,4,0.8059667851437284,0.8571428571428571,1.0,1,2,0.9500000000000001,False
4922,3,0.7694428778377292,1.0,1.0,1,2,0.9369040905018841,False
4923,3,0.9119362156635336,0.6666666666666666,1.0,1,2,0.9361111111111112,False
4924,3,0.7898052111805814,0.5,1.0,1,2,0.8622974714583446,False
4925,3,0.6699554014253851,0.6,1.0,0,2,0.8525999339442129,False
4926,4,0.3954112719161501,0.14285714285714285,1.02,1,2,0.5444619736783501,False
4927,4,0.579374319440258,0.5,1.2222222222222223,0,2,0.6121128035696345,False
4928,2,0.8012053844602571,0.6666666666666666,1.0,0,2,0.9361111111111112,False
4929,4,0.7314503487644662,0.6666666666666666,1.0,1,2,0.9067326891530253,False
4930,3,0.8773516914934367,0.6666666666666666,1.0,1,2,0.9361111111111112,False
4931,3,0.6538859586569046,0.3333333333333333,1.0,0,2,0.7346019187894671,False
4932,3,0.7973666207415522,0.4,1.0,0,2,0.8238714088892368,False
4933,4,0.311924722368657,0.0,1.1666666666666667,0,2,0.41082488101513864,False
4934,3,0.5087062778073536,0.5,1.0,1,2,0.7418265000126755,False
4935,4,0.23369854285251304,0.2857142857142857,1.0,1,3,0.5346803278891723,False
4936,4,0.11600101578232433,0.25,1.0,1,2,0.4693575781924247,False
4937,4,0.3867687434114738,0.3333333333333333,1.136522,0,2,0.5401231122557111,False
4938,4,0.3585416333113634,0.42857142857142855,1.136522,0,2,0.5677083190382034,False
4939,4,0.8061459491172822,0.5,1.0,1,3,0.8666666666666668,False
4941,3,0.6183237498942827,0.5714285714285714,1.0,0,2,0.8185673213832642,False
4942,3,0.5549566947410197,0.2857142857142857,1.0,0,2,0.6723623929842466,False
4943,3,0.9176050329065282,0.8571428571428571,1.0,1,3,0.9500000000000001,False
4944,2,0.8061576219853986,0.8333333333333334,1.0,0,1,1.0,True
4945,4,0.24190633667147235,0.2727272727272727,1.0,1,2,0.532786698400328,False
4946,4,0.4956409278951551,0.5,1.0,0,2,0.736227064336019,False
4947,4,0.3803921630684847,0.125,1.0,0,3,0.5305847365531602,False
4948,4,0.7241971952704862,0.5714285714285714,1.0,1,2,0.8639416551159228,False
4949,4,0.7444603977282854,0.5714285714285714,1.0,1,1,0.9226258847406938,True
4951,2,0.9741177667295735,1.0,1.0,1,1,1.0,True
4952,3,0.9258964979979654,0.8571428571428571,1.0,1,1,1.0,True
4953,3,0.3028057599663744,0.16666666666666666,1.0558528563459397,0,1,0.564694532049081,False
4954,4,0.5455640759551331,0.5,1.0,0,2,0.7576226992188667,False
4955,4,0.5875405404339968,0.5714285714285714,1.0,0,3,0.8053745173288559,False
4956,4,0.34696892276457775,0.36363636363636365,1.0,1,2,0.6156923088904468,False
4957,4,0.1364765710736402,0.14285714285714285,1.1825,0,3,0.35348995903156005,False
4958,4,0.5401503138084366,0.2857142857142857,1.0,0,2,0.6660168011559967,False
4959,4,0.543387311169983,0.3333333333333333,1.0,0,2,0.6872453555807864,False
4960,4,0.5926291930694834,0.3333333333333333,1.0,0,2,0.7083490192520009,False
4961,2,0.7541860176996328,0.75,1.0,0,2,0.9303654361569856,False
4962,2,0.9486715046874142,0.8,1.0,0,1,1.0,True
4963,3,0.6294821439023436,0.375,1.2121212121212122,0,2,0.5815042521486236,False
4964,4,0.5698395158853559,0.2857142857142857,1.2121212121212122,0,3,0.5187407449032478,False
4965,4,0.17941975248654735,0.125,1.3333333333333333,0,3,0.2844537034466155,False
4966,2,0.8232091750376518,0.6666666666666666,1.0,0,2,0.9361111111111112,False
4968,3,0.8915814099341853,0.8,1.0,0,2,0.9500000000000001,False
4969,3,0.6820939575141494,0.2857142857142857,1.0,0,2,0.7268497913155879,False
4970,2,0.712328878884603,0.8,1.0,0,1,0.9624266623791156,True
4971,2,0.7125976370421642,0.8,1.00515,0,2,0.9125418444466419,False
4972,2,0.553500391157271,0.8,1.0,0,1,0.8943573104959733,True
4973,4,0.13745875251274428,0.07692307692307693,1.0,1,4,0.4160537510768904,False
4974,3,0.8999842563996772,1.0,1.0,0,2,0.9500000000000001,False
4975,4,0.23003470524701616,0.16666666666666666,1.0,0,2,0.48350693716935617,False
4976,3,0.6631784057369542,0.75,1.0,0,1,0.9413621738872662,True
4977,4,0.5592163935907659,0.2857142857142857,1.0810810810810811,0,3,0.6741879782055664,False
4978,3,0.6715391545530932,0.75,1.0,0,1,0.9449453519513257,True
4979,3,0.6409461868097375,0.3333333333333333,1.0,0,1,0.7790563022835383,True
4980,2,0.20080993293384863,0.5,1.0,0,1,0.6598709236383161,False
4981,2,0.9216541363934325,0.75,1.0,0,2,0.9500000000000001,False
4983,4,0.5978838236819672,0.5,1.0,0,2,0.7800454482446527,False
4984,4,0.7972356713184865,0.6666666666666666,1.0,1,2,0.934926398819034,False
4985,3,0.8015743230362672,1.0,1.0,0,1,1.0,True
4986,3,0.6914576911988867,0.5714285714285714,1.0,1,2,0.8499104390852373,False
4987,3,0.22477290212987996,0.25,1.0,2,2,0.4109741009128057,False
4988,4,0.17590734892895085,0.07142857142857142,1.0,1,4,0.43253172096955034,False
4989,2,1.0000000000000007,1.0,1.0,1,2,0.9500000000000001,False
4990,2,0.8447375374627061,0.75,1.0,1,1,1.0,True
4991,4,0.5903864719383257,0.4,1.0,0,1,0.7851656308307111,True
4992,4,0.6780662548811793,0.42857142857142855,1.0,1,2,0.7846474425681246,False
4993,2,0.8288549302286073,1.0,1.0,0,1,1.0,True
4994,2,0.7135214034998612,0.4444444444444444,1.0,1,2,0.8064562628756019,False
4995,4,0.6822483974271271,0.42857142857142855,1.0,1,2,0.7864397893735308,False
4996,4,0.61593287586242,0.375,1.0,0,3,0.7356974229886563,False
4997,4,0.15714529540097688,0.16666666666666666,1.0,0,1,0.5022686186639107,False
4998,3,0.7382970811546026,0.5555555555555556,1.0,1,2,0.863370706738216,False
4999,2,0.9860457414096405,1.0,1.0,0,1,1.0,True
5000,4,0.70975877077093,0.5,1.008888888888889,0,1,0.8779918541399224,True
5001,2,0.5786544022518352,0.5,1.0,0,1,0.821804267631739,True
5002,2,0.6710935244040921,0.4,1.0,0,1,0.8197543676017538,True
5003,4,0.37879082564391026,0.3333333333333333,1.125,1,2,0.536704004641041,False
5004,4,0.6359606532511416,0.5,1.0,0,2,0.7963640894885845,False
5005,4,0.5802650046912032,0.2857142857142857,1.0,1,2,0.6832088115343252,False
5006,4,0.5649567693074136,0.2857142857142857,1.0,1,2,0.6766481392269869,False
5007,2,0.7956143379132814,0.8571428571428571,1.0,0,1,0.9981204305342635,True
5008,4,0.5940911754834294,0.6,1.0,1,1,0.8700866942548031,True
5009,4,0.8943691281781979,1.0,1.0,1,1,1.0,True
5010,4,0.12080559350130246,0.2,1.0,0,1,0.5005833495957963,False
5011,4,0.7477930968207814,0.6,1.0185185185185186,1,2,0.8859589462565255,False
5012,3,0.8672563487776244,0.5,1.0,0,2,0.8666666666666668,False
5013,4,0.8191943526952591,0.75,1.0,0,2,0.9500000000000001,False
5014,3,0.9566554726948546,1.0,1.0,0,2,0.9500000000000001,False
5015,4,0.4942090691849818,0.3333333333333333,1.25,1,2,0.506168966158643,False
5016,4,0.4954589132092287,0.3333333333333333,1.0,1,2,0.666704613597606,False
5017,3,0.8641727385983915,0.8333333333333334,1.0,0,1,1.0,True
5018,4,0.7383600390409484,0.6,1.0,1,2,0.8819162072080257,False
5019,4,0.800523843781608,0.6666666666666666,1.0,1,2,0.9361111111111112,False
5020,4,0.757890189585524,0.6,1.0,1,2,0.8902862717271295,False
5021,3,0.9999999999999998,1.0,1.0,0,2,0.9500000000000001,False
5022,2,0.8301946572514521,0.7142857142857143,1.0,0,1,1.0,True
5023,4,0.7039687986085031,0.4,1.0,0,1,0.8338437708322157,True
5024,3,0.5293447334497008,0.375,1.0,1,2,0.6985882190974909,False
5025,2,0.9563318043920073,1.0,1.0,1,2,0.9500000000000001,False
5026,2,0.6485235674109654,0.6666666666666666,1.0,0,1,0.9211926400015249,True
5027,2,0.8041790650494386,0.625,1.0,0,2,0.9187500000000001,False
5028,2,0.8849893244714473,0.8,1.0,0,1,1.0,True
5029,3,0.5965198475535297,0.5714285714285714,1.0,1,2,0.8092227918086558,False
5030,3,0.7613935475428157,0.6,1.0,1,2,0.8917877108516831,False
5031,2,0.7797913323029106,0.8,1.0,0,1,0.9913391424155331,True
5032,2,0.9864257101908166,1.0,1.0,0,2,0.9500000000000001,False
5033,3,0.7055897619630764,0.375,1.0,0,2,0.7741218027460804,False
5034,3,0.7694419366383962,0.6666666666666666,1.0185185185185186,1,2,0.9230147982418525,False
5035,2,0.9658606769257386,1.0,1.0,0,2,0.9500000000000001,False
5036,3,0.5007968845647426,0.3333333333333333,1.0,1,2,0.6689923156071119,False
5037,2,0.9999999999999999,1.0,1.0,1,2,0.9500000000000001,False
5038,3,0.9186680356917267,1.0,1.0,1,1,1.0,True
5039,4,0.8912490433210924,1.0,1.0,1,1,1.0,True
5040,2,0.9192047578362841,1.0,1.0,1,1,1.0,True
5041,3,0.5038728308067026,0.375,1.0,1,2,0.6876716893933488,False
5042,4,0.035588346832263966,0.0,1.0,0,1,0.44999999999999996,False
5043,3,0.42754098300489096,0.5,1.0,0,1,0.7570413736687629,True
5044,3,0.3596305156365268,0.375,1.0,1,2,0.6258535543204163,False
5045,4,0.958588356381941,1.0,1.0,0,3,0.9500000000000001,False
5046,2,0.42157841078707076,0.375,1.0,0,2,0.6524026522420779,False
5047,4,0.09947446530100275,0.16666666666666666,1.0,0,1,0.47777777777777775,False
5048,2,0.9679610984915639,1.0,1.0,0,2,0.9500000000000001,False
5049,2,0.8168109015398939,1.0,1.0,1,2,0.9500000000000001,False
5050,2,0.82116562356813,1.0,1.0,1,2,0.9500000000000001,False
5051,3,0.7766583750100177,0.7142857142857143,1.0185185185185186,1,2,0.9399964464328648,False
5052,3,0.5853902014992047,0.5,1.0,0,1,0.8246910387377544,True
5054,4,0.7723104986235241,0.6,1.0,1,1,0.9464664041719866,True
5055,3,0.5843603674471124,0.5555555555555556,1.0,1,2,0.797397829435006,False
5056,4,0.9132870410143457,0.8,1.0,0,2,0.9500000000000001,False
5057,4,0.7479938884741866,0.6,1.0,0,2,0.8860449998222705,False
5058,3,0.3023130012091757,0.25,1.0,0,2,0.5492055719467897,False
5059,4,0.545179617199241,0.36363636363636365,1.0009099181073702,1,2,0.7006397493624453,False
5060,4,0.21556982921010362,0.1111111111111111,1.0,0,2,0.4541595564339597,False
5061,3,0.7228115941440649,0.5714285714285714,1.0,1,2,0.8633478260617423,False
5062,4,0.4941812470265175,0.375,1.0,1,2,0.6835181534875552,False
5063,4,0.4008800519141839,0.2857142857142857,1.0,1,2,0.6063295460584598,False
5064,3,0.8715837544848891,1.0,1.0,0,2,0.9500000000000001,False
5065,4,0.725867783564204,0.42857142857142855,1.0065217391304349,0,2,0.8051338120037065,False
5066,2,0.8266159889265179,0.6,1.0056472632493485,0,1,0.9583333333333333,True
5067,2,1.0,1.0,1.0,0,2,0.9500000000000001,False
5068,2,1.0,1.0,1.0,1,2,0.9500000000000001,False
5069,3,0.7678788000333674,0.75,1.0140845070422535,1,2,0.9362337714428718,False
5070,4,0.7207464353852406,0.375,1.0,1,2,0.7806175199270079,False
5072,3,0.8446797547098219,0.6,1.0,0,2,0.9083333333333333,False
5073,2,0.6925904974672812,0.42857142857142855,1.0,1,1,0.8408721179621681,True
5074,3,0.5764549985013074,0.42857142857142855,1.0004545454545455,1,2,0.7410997612624651,False
5075,2,0.896182739360406,0.8333333333333334,1.0,0,2,0.9500000000000001,False
5076,2,0.7941010795423182,0.6666666666666666,1.0,1,1,0.9835830023435332,True
5077,4,0.7722603621540438,0.75,1.0,1,2,0.9381115837803046,False
5078,4,0.7787163643393149,0.5,1.0,1,1,0.907545108526373,True
5079,4,0.8450318002443672,0.8,1.0,1,1,1.0,True
5080,2,0.8677483550893462,0.8,1.0,1,2,0.9500000000000001,False
5081,4,0.8345642920333984,0.6666666666666666,1.0,1,2,0.9361111111111112,False
5082,4,0.797134038564124,0.5,1.0,1,2,0.8654383974798628,False
5083,2,0.8651582812102745,0.6666666666666666,1.0,1,2,0.9361111111111112,False
5084,4,0.6373464200826106,0.6666666666666666,1.1111111111111112,0,1,0.8364024340036584,True
5085,4,0.7137966950711442,0.5,1.0,1,1,0.8797223931257285,True
5086,2,0.881001740629367,0.8,1.0,1,1,1.0,True
5087,3,0.8672839084564181,0.6666666666666666,1.0,1,2,0.9361111111111112,False
5088,3,0.8776463643079826,0.8,1.0,1,2,0.9500000000000001,False
5089,2,0.8651582812102745,0.6666666666666666,1.0,1,2,0.9361111111111112,False
5090,3,0.6345408783326655,0.5,1.0,1,2,0.7957556145235235,False
5091,2,0.9243253303934156,1.0,1.0,1,1,1.0,True
5092,2,0.6351881037440681,0.8,1.0,0,2,0.8793663301760293,False
5093,4,0.5832974427708236,0.6666666666666666,1.0185185185185186,1,1,0.8932385865843213,True
5094,3,0.8041989060129546,0.6666666666666666,1.0,0,1,0.9861111111111112,True
5095,4,0.5710269048580716,0.5,1.0,1,1,0.8185353401772688,True
5096,2,0.3395646770216478,0.25,1.0,0,1,0.6151705758664204,False
5097,4,0.37241055304838233,0.2857142857142857,1.25,1,2,0.4341283322588305,False
5098,4,0.5145093289007203,0.5,1.0,0,1,0.7943135219098325,True
5099,3,0.22951763457032578,0.3333333333333333,1.0,0,1,0.6027297798952189,False
5100,4,0.10607566551350735,0.0,1.1111111111111112,0,1,0.37260385664864604,False
5101,3,0.30435906221609027,0.25,1.0178117048346056,1,2,0.5500824552354673,False
5102,4,0.5838574959892258,0.3333333333333333,1.0,0,1,0.754589720503319,True
5103,4,0.3970518612638093,0.3333333333333333,1.0,0,2,0.6245301627638549,False
5104,3,0.37063948334873303,0.2857142857142857,1.0,0,1,0.6433693023875522,False
5105,4,0.5741658652991869,0.3333333333333333,1.0,1,2,0.7004361644933025,False
5106,3,0.4086778511704722,0.45454545454545453,1.0,1,2,0.6800177803717609,False
5107,4,0.4047088131777926,0.25,1.0,1,3,0.5930894913619112,False
5108,3,0.6803666753465711,0.6,1.0,1,2,0.8570619084818639,False
5109,3,0.8272076055360046,0.75,1.0,1,3,0.9500000000000001,False
5110,4,0.459155358578966,0.3,1.0,1,3,0.6372570584386045,False
5111,3,0.6031075153355195,0.3,1.0,1,3,0.698950839905699,False
5112,2,0.7846663405029508,0.6666666666666666,1.0,0,1,0.9795395427552329,True
5113,3,0.6422506335255922,0.2857142857142857,1.0294117647058822,1,1,0.7597740810347776,True
5115,4,0.4240158264463991,0.375,1.0,1,3,0.6534472589532188,False
5116,4,0.6133942990829756,0.45454545454545453,1.037037037037037,1,2,0.7677534009056909,False
5117,3,0.7482608073124689,0.7142857142857143,1.0,1,3,0.9278260602767724,False
5118,3,0.9772318045950323,1.0,1.0,1,3,0.9500000000000001,False
5119,4,0.3399943823187843,0.3,1.0,1,3,0.5861880686128124,False
5120,2,0.5725735088247947,0.2857142857142857,1.0,0,2,0.6799124561630073,False
5121,3,0.4852741903323012,0.45454545454545453,1.0,1,2,0.7128447828696877,False
5122,4,0.5065214967617179,0.3333333333333333,1.0,1,2,0.671445720834387,False
5123,2,0.8004779554148609,0.7,1.0,1,2,0.9500000000000001,False
5124,4,0.2785777340313079,0.18181818181818182,1.0,1,2,0.5106242236757554,False
5126,4,0.48807673956786524,0.3,1.0,1,3,0.6496519360052756,False
5127,4,0.33061380423836834,0.14285714285714285,1.0,1,2,0.5166916303878721,False
5128,4,0.8123874531024012,0.5,1.0,1,3,0.8666666666666668,False
5129,3,0.8056555174140494,0.5714285714285714,1.0,0,3,0.8964285714285715,False
5130,4,0.557347730050997,0.3333333333333333,1.0357,0,3,0.6932283922440782,False
5131,2,0.6423162756135387,0.5714285714285714,1.0,1,2,0.8288498324058023,False
5132,4,0.43644853680920825,0.3333333333333333,1.0,1,2,0.6414144522833115,False
5133,2,0.853228548892305,0.6666666666666666,1.0,1,2,0.9361111111111112,False
5134,4,0.6404261586952094,0.4444444444444444,1.0,0,3,0.7751297293878942,False
5135,2,0.7888963555894819,0.6,1.0,1,2,0.9035746285859686,False
5136,4,0.44575036296408477,0.3333333333333333,1.0,1,3,0.64540094920683,False
5137,4,0.26064961117179886,0.18181818181818182,1.0,1,3,0.5029407424502516,False
5138,3,0.537193468021114,0.3333333333333333,1.0357,0,3,0.6845908513741282,False
5139,4,0.49033715266323313,0.42857142857142855,1.0,1,3,0.7041921130461476,False
5140,4,0.3392712014211416,0.2,1.0,1,3,0.5442114672757274,False
5141,4,0.3606275650012995,0.3333333333333333,1.0,1,3,0.608919750079922,False
5142,4,0.7781437510645822,0.5,1.0,1,3,0.857299702837202,False
5143,4,0.39508951361750155,0.375,1.0,1,2,0.6410502677408341,False
5144,4,0.5876263621070689,0.3333333333333333,1.0,1,3,0.7062049488395375,False
5145,2,0.8284682452282268,0.5,1.0,1,2,0.8666666666666668,False
5146,4,0.6534132093724188,0.375,1.0,1,4,0.7517604230643701,False
5147,4,0.40785004203274783,0.3333333333333333,1.0,1,3,0.6291579545219713,False
5148,2,0.9815944545066019,1.0,1.0,0,2,0.9500000000000001,False
5149,2,0.9999999999999992,1.0,1.0,1,2,0.9500000000000001,False
5150,3,0.5421546151138643,0.6,1.0,0,2,0.7978281683821324,False
5151,2,0.7055625173826383,0.75,1.0,0,2,0.909526793163988,False
5152,3,0.4479443549995057,0.25,1.0,1,2,0.6116190092855025,False
5153,2,0.9104393775700799,0.75,1.0,1,2,0.9500000000000001,False
5154,2,0.7391521916842638,0.75,1.0,1,2,0.9239223678646845,False
5155,3,0.33009790243776027,0.3333333333333333,1.0,1,2,0.5958356089812624,False
5157,4,0.44155611653463334,0.4,1.1,0,1,0.7213811928005571,True
5158,2,0.7965452046314062,1.0,1.0625,0,1,0.9985193734134599,True
5159,3,0.47849661647141495,0.3333333333333333,1.1,0,1,0.7094350578528286,True
5160,4,0.8417092864702824,0.75,1.0,0,1,1.0,True
5161,3,0.8649495321348736,0.8,1.0285714285714285,0,1,1.0,True
5162,3,0.7584106173405357,0.6,1.0,1,1,0.940509312193563,True
5163,3,0.6354865314057174,0.3333333333333333,1.0,1,1,0.7767164499675296,True
5164,4,0.8073375104298095,0.8,1.0011904761904762,1,1,1.0,True
5165,3,0.817348991071014,0.6666666666666666,3.0,0,1,0.8261111111111111,False
5166,3,0.6769938258490891,0.42857142857142855,1.0011778563015312,0,1,0.8341878301258001,True
5167,3,0.7838456557251056,0.75,1.0,0,1,0.9930767095964739,True
5168,2,0.8108523186898128,0.5,1.0059171597633136,0,1,0.9166666666666667,True
5169,3,0.7614451102025639,0.8,1.0013888888888889,0,1,0.9834764758010988,True
5170,2,0.7556967409008234,0.6,1.0,1,1,0.9393462222908291,True
5171,4,0.8059797863220243,0.5,1.0,1,1,0.9166666666666667,True
5172,4,0.8230076349388249,0.8333333333333334,1.1666666666666667,1,1,0.92,True
5174,2,0.8917036401706074,0.7142857142857143,1.0014285714285713,1,1,1.0,True
5175,4,0.532150658160144,0.3333333333333333,1.0,1,1,0.7324296471479982,True
5176,3,0.6544849957045339,0.4444444444444444,1.0222222222222221,1,2,0.7811549452490331,False
5177,4,0.6461116378890577,0.3,1.0222222222222221,1,1,0.7673811781429295,True
5178,2,0.9999999999999999,1.0,1.0,0,1,1.0,True
5179,4,0.5743947926596854,0.3333333333333333,1.0222222222222221,1,2,0.7005342762192303,False
5180,3,0.654797505510141,0.5,1.03125,1,1,0.8544370261710128,True
5181,2,0.8649089447626327,0.6666666666666666,1.0011778563015312,1,1,0.9861111111111112,True
5182,2,0.8393745083885399,0.6666666666666666,1.0,1,1,0.9861111111111112,True
5183,2,0.8305615904039951,1.0,1.0,0,1,1.0,True
5184,3,0.5044060014674113,0.6,1.0285714285714285,1,1,0.8316501911050811,True
5185,2,0.7687642149442258,0.6666666666666666,1.0023255813953489,1,1,0.9727243460872079,True
5186,4,0.6988919342649008,0.6666666666666666,1.2307692307692308,1,1,0.7827790829389257,False
5187,3,0.6372452193632088,0.5,1.0,0,1,0.8469146178223277,True
5188,4,0.6606386525662694,0.375,1.0,1,1,0.8048570415760203,True
5189,4,0.8770276593035022,1.0,1.0,1,1,1.0,True
5190,2,0.8692863811224482,0.6666666666666666,1.0775000000000001,1,1,0.9861111111111112,True
5191,3,0.2861499717284035,0.25,1.0,1,1,0.5922785593121729,False
5192,3,0.6774331971366925,0.6666666666666666,1.0,1,1,0.9335824813125508,True
5193,3,0.6274678195624704,0.5,1.0666666666666667,1,1,0.8427243036220111,True
5194,4,0.1736750304890524,0.125,1.0928571428571427,1,1,0.4919916797334034,False
5195,2,0.6835692711621989,0.6666666666666666,1.0,1,1,0.9362122273234821,True
5196,4,0.7883162470084075,0.5714285714285714,1.0,1,1,0.941421248717889,True
5197,3,0.6681375784567523,0.6,1.0,1,1,0.9018208669576557,True
5198,4,0.8309821674571735,0.5714285714285714,1.0,1,1,0.9464285714285714,True
5199,4,0.5335601607373307,0.42857142857142855,1.0,1,1,0.7727162593636179,True
5200,2,0.8327352266051502,0.5,1.0,1,1,0.9166666666666667,True
5201,2,1.0000000000000004,1.0,1.0,1,1,1.0,True
5202,3,0.6920363639140372,0.8,1.0,1,1,0.953729870248873,True
5203,4,0.7055269750786798,0.6666666666666666,1.0,1,1,0.9456226718591167,True
5204,3,0.6814061775831387,0.8,1.0,1,1,0.9491740761070595,True
5205,2,0.8472195469597091,0.8,1.0,1,1,1.0,True
5206,2,0.9016357736411886,0.7142857142857143,1.0,1,1,1.0,True
5207,4,0.7979565943274869,0.7142857142857143,1.1428571428571428,1,1,0.91912425471178,True
5208,3,0.9385960569794767,1.0,1.0,1,1,1.0,True
5209,4,0.6612656525981957,0.5,1.0011778563015312,1,2,0.8072090892087506,False
5210,2,0.8024665208789071,0.625,1.0,2,1,0.86375,False
5211,4,0.28339841107136204,0.2857142857142857,1.0,1,1,0.6059802714115361,False
5212,2,0.7153355825622014,0.75,1.25,0,1,0.803715249669515,False
5213,3,0.7667574351250305,0.8,1.0,1,1,0.9857531864821558,True
5214,4,0.5201375738140369,0.3333333333333333,1.0,1,1,0.727281182428238,True
5215,2,0.9381881948688612,0.8571428571428571,1.0,1,1,1.0,True
5216,3,0.9142565617549961,0.75,1.0,2,1,0.895,False
5217,3,0.903519823096315,0.75,1.0,2,1,0.895,False
5218,2,0.9655560821234279,1.0,1.0,1,1,1.0,True
5219,4,0.2895377566198723,0.3333333333333333,1.2,0,2,0.49845268934502457,False
5220,3,0.6358182633037726,0.625,1.0285714285714285,1,1,0.8983863985587597,True
5221,4,0.5690787577277661,0.3333333333333333,1.0,1,1,0.7482559755341219,True
5222,4,0.6108476503850833,0.5,1.15,1,1,0.7556013739745595,True
5223,4,0.9149040922574463,1.0,1.0,1,1,1.0,True
5224,4,0.29552084366247033,0.2857142857142857,1.0714285714285714,3,1,0.5061755996648682,False
5225,4,0.7637452884994917,0.8333333333333334,1.0,1,1,0.9844622664997822,True
5226,2,0.8471120734821298,0.8333333333333334,1.0,1,1,1.0,True
5227,3,0.9805650745743918,0.8571428571428571,1.0,1,1,1.0,True
5228,4,0.8922058318786557,1.0,1.0,1,1,1.0,True
5229,4,0.7830800673648338,0.7142857142857143,1.0,1,1,0.9927486002992145,True
5230,4,0.7119277304528635,0.6666666666666666,1.0,0,1,0.9483658527337668,True
5231,4,0.255703240694294,0.3333333333333333,1.0,0,2,0.5639521825197769,False
5232,4,0.4798285152638711,0.5,1.0,0,1,0.7794503160654687,True
5233,4,0.9018656566011295,1.0,1.0,1,1,1.0,True
5234,3,0.6030011578701733,0.5,1.0,0,1,0.8322385914681696,True
5235,3,0.4296584667401062,0.2857142857142857,1.0285714285714285,1,1,0.6686631524124265,True
5236,3,0.7294128566085236,0.5,1.0256410256410255,1,2,0.8364150337846055,False
5237,4,0.6825497437259231,0.5714285714285714,1.0011778563015312,1,1,0.89609274731111,True
5238,2,0.6779649090701827,0.4444444444444444,1.0011778563015312,1,1,0.8412177652628825,True
5239,3,0.7905934819862998,0.625,1.0,2,1,0.8597186351369857,False
5240,4,0.6691666551578938,0.5,1.0256410256410255,1,1,0.860595233162907,True
5241,4,0.8541852997878285,1.0,1.0285714285714285,1,1,1.0,True
5242,4,0.4018020608621925,0.375,1.0153846153846153,1,1,0.6939270737028445,True
5243,4,0.33840797537906575,0.2727272727272727,1.2,0,1,0.5441445435607251,False
5244,4,0.39392316443190967,0.3,1.0416666666666667,1,1,0.6593004038041518,False
5245,2,0.8051567749704591,0.6666666666666666,1.0,0,1,0.9861111111111112,True
5246,4,0.2852558552147229,0.25,1.3043478260869565,0,1,0.43189536652059557,False
5247,3,0.838526456427102,0.8571428571428571,1.0185185185185186,1,1,1.0,True
5248,2,0.8073737648662063,0.5,1.0,1,1,0.9166666666666667,True
5249,2,0.949455194757585,1.0,1.0,1,1,1.0,True
5250,3,0.9172622000728823,0.875,1.0,1,2,0.9500000000000001,False
5251,3,0.7561375456887787,0.6666666666666666,1.0,2,1,0.8623129164063019,False
5252,2,0.9999999999999994,1.0,1.0,1,2,0.9500000000000001,False
5253,4,0.39991545109029963,0.3333333333333333,6.521739130434782,1,1,0.5157574155466363,False
5255,4,0.7255373201229943,0.42857142857142855,1.0185185185185186,1,1,0.8549921848146167,True
5256,3,0.6736645751951492,0.625,1.0,0,1,0.9146062465122069,True
5257,4,0.804443119945884,0.8333333333333334,1.0153846153846153,1,1,1.0,True
5258,4,0.736644523032446,0.5,1.0,1,1,0.8895143193948578,True
5259,4,0.7498182602402511,0.5714285714285714,1.02,1,1,0.9249221115315363,True
5260,3,0.35423246047917006,0.6,1.0,0,1,0.7672901021101205,False
5261,2,0.39923638966646663,0.5,1.0,0,1,0.744910833666581,False
5262,3,0.323568735809571,0.36363636363636365,1.25,0,1,0.495663657338301,False
5263,4,0.7065201105459342,0.5555555555555556,1.0023529411764707,1,1,0.8997520050487866,True
5264,3,0.8163984896253522,0.625,1.0011764705882353,1,1,0.96875,True
5265,2,0.5742344520228698,0.5,1.0,0,1,0.8199100032478965,True
5266,3,0.8968636079274372,0.8,1.0023529411764707,1,1,1.0,True
5267,3,0.7377656681343097,0.6666666666666666,1.04,2,1,0.8544392545972439,False
5268,4,0.3922910310574555,0.1,1.0,1,1,0.5752675847389095,False
5269,3,0.8935509071601291,0.6666666666666666,1.0,1,1,0.9861111111111112,True
5270,4,0.39041285255533015,0.18181818181818182,1.0,1,1,0.6085535601860506,False
5271,2,0.924467709395834,0.75,1.0,1,1,1.0,True
5272,4,0.6275192099461021,0.625,1.0185185185185186,1,1,0.8948296614054725,True
5273,3,0.4988471692291753,0.4,1.0,1,1,0.745934501098218,True
5274,4,0.5507481421407089,0.5,1.4814814814814814,1,1,0.6498444418698277,False
5275,2,0.7316725363046653,0.5,1.0,1,1,0.8873834679400947,True
5277,4,0.904070605085326,1.0,1.0277777777777777,1,1,1.0,True
5278,4,0.9201022452205723,1.0,1.0277777777777777,1,1,1.0,True
5279,4,0.6449218110732687,0.625,1.0153846153846153,1,1,0.902287919031401,True
5280,4,0.47251128425619315,0.3333333333333333,1.03125,1,1,0.7068699154748764,True
5281,4,0.9225132803458808,1.0,1.0,1,1,1.0,True
5282,4,0.6933079216682191,0.5,1.0256410256410255,1,1,0.8709414902387607,True
5283,2,0.8316310716731821,0.8571428571428571,1.0125,1,1,1.0,True
5284,4,0.3627059458503333,0.2727272727272727,1.2173913043478262,1,1,0.47455795947698265,False
5285,4,0.1795847966668795,0.08333333333333333,1.0769230769230769,1,1,0.4841077700000912,False
5286,4,0.788821502616407,0.7142857142857143,1.0,1,1,0.9952092154070316,True
5287,4,0.7810881855450462,0.625,1.0,1,1,0.9606449366621628,True
5288,3,0.7352394890877948,0.7142857142857143,1.0,1,1,0.9722454953233406,True
5289,2,0.9422714739419499,1.0,1.0,1,1,1.0,True
5290,4,0.640390699638167,0.5714285714285714,5.017391304347826,1,1,0.7180245855592144,False
5291,3,0.8900251818805625,0.8333333333333334,1.0,1,1,1.0,True
5292,4,0.9172674363716701,1.0,1.0277777777777777,1,1,1.0,True
5293,4,0.929882541365987,1.0,1.0277777777777777,1,1,1.0,True
5294,4,0.6222907118261839,0.5,1.0,1,1,0.8405055431636026,True
5295,3,0.9461198209271047,0.875,1.0,1,1,1.0,True
5296,4,0.5313140770359122,0.3333333333333333,1.0031645569620253,1,1,0.7320711123804703,True
5297,4,0.4946913289939656,0.5,6.0,1,1,0.6258200933783663,False
5298,4,0.446330667160151,0.3333333333333333,1.1363636363636365,1,1,0.6156496510051441,True
5299,3,0.4574111329679237,0.3333333333333333,1.0153846153846153,1,1,0.7003984220656181,True
5300,4,0.6273331740644298,0.3333333333333333,1.0153846153846153,1,1,0.7732221539641206,True
5301,2,0.8285309614863898,0.8571428571428571,1.0,1,1,1.0,True
5302,3,0.8340656816082261,0.5714285714285714,1.0,1,1,0.9464285714285714,True
5303,4,0.9173548329329914,1.0,1.0277777777777777,1,1,1.0,True
5304,2,1.0000000000000004,1.0,1.0,1,1,1.0,True
5305,4,0.5690312355749496,0.375,1.0277777777777777,1,1,0.7655967200083118,True
5306,4,0.737525994538469,0.4444444444444444,1.0,1,1,0.8667439447492911,True
5307,4,0.7035934047289061,0.42857142857142855,1.0,1,1,0.8455876496457218,True
5308,4,0.26745851765050355,0.08333333333333333,1.0,1,1,0.5217679361359301,False
5309,4,0.8196495172320132,0.625,1.0,1,1,0.96875,True
5310,4,0.3648329000287135,0.2,1.0,1,1,0.6051664809646867,False
5311,3,0.6837103186191683,0.38461538461538464,1.0,0,1,0.8187513087122442,True
5312,4,0.8891151632882449,0.625,1.0294117647058822,0,1,0.96875,True
5313,4,0.341578917086157,0.2,1.2,0,1,0.5152004882750196,False
5314,4,0.5641030170993678,0.3333333333333333,1.0869565217391304,1,1,0.7461235152648085,True
5315,3,0.6232340159487616,0.5,1.0,0,1,0.8409098163589932,True
5316,3,0.58277934727954,0.3333333333333333,1.0869565217391304,2,1,0.6491276567705966,False
5317,4,0.44890995626758223,0.4,1.0714285714285714,0,1,0.7245328384003924,True
5318,3,0.6293287315796814,0.4,1.0,0,1,0.8018551706770063,True
5319,3,0.789500988617163,0.7142857142857143,1.1428571428571428,0,1,0.9155004236930698,True
5320,4,0.417571450646781,0.3333333333333333,1.0416666666666667,0,1,0.6833242724994141,True
5321,4,0.5629575780900585,0.3333333333333333,1.0014285714285713,1,2,0.6956326128322473,False
5323,3,0.7505005751219019,0.6666666666666666,1.0869565217391304,1,1,0.9648970718776406,True
5324,3,0.32442145515162185,0.25,1.15625,1,1,0.5286806236364093,False
5325,3,0.9646225211217316,1.0,1.0011764705882353,1,1,1.0,True
5326,2,0.614185876944432,0.42857142857142855,1.015625,1,1,0.80727013773809,True
5327,2,0.9339729499533077,1.0,1.0,1,1,1.0,True
5329,4,0.17095740654769667,0.3333333333333333,1.2307692307692308,1,1,0.41763253931409217,False
5330,3,0.9183636887260443,1.0,1.015625,1,1,1.0,True
5331,2,0.6635049051838902,0.5,1.0,2,1,0.753168768888334,False
5332,3,0.7262112214126165,0.375,1.0,1,1,0.8329595710815976,True
5333,2,0.8203439433274669,0.5714285714285714,1.0,0,1,0.9464285714285714,True
5334,3,0.8496218961002587,1.0,1.0,0,1,1.0,True
5335,2,0.7291567144754331,0.4444444444444444,1.0,0,1,0.8631571104365614,True
5336,3,0.9061813913711819,0.7142857142857143,1.0011778563015312,1,1,1.0,True
5337,3,0.7542232790205486,0.5,1.0011764705882353,1,1,0.8970480719611875,True
5338,2,0.8220677156343987,0.6,1.0011764705882353,1,1,0.9583333333333333,True
5340,2,0.7537042044156639,0.5,1.0,1,1,0.896825611416237,True
5341,2,1.0000000000000002,1.0,1.1,0,1,1.0,True
5342,2,0.816639113976966,0.6666666666666666,1.0,1,1,0.9861111111111112,True
5343,3,0.6957862963049042,0.5,1.0,1,1,0.8720036507973399,True
5344,2,0.5502651154838349,0.2857142857142857,1.0714285714285714,0,1,0.7203517161597388,True
5345,2,0.741810417779347,0.5,1.0,1,1,0.8917282742863868,True
5346,2,0.5481309325493184,1.0,1.0,0,1,0.8920561139497079,True
5347,3,0.8984415817276388,0.6666666666666666,1.0023529411764707,1,2,0.9361111111111112,False
5348,4,0.42843799028711316,0.4444444444444444,1.1,1,1,0.7342776572129955,True
5349,2,0.7382824164200862,0.625,1.0,1,1,0.9422996070371799,True
5350,3,0.5948639523413591,0.5,1.018888888888889,1,1,0.8287512176701064,True
5351,2,0.6796779673841343,0.5,1.0,1,1,0.865100081259867,True
5352,4,0.5460100916316435,0.4,1.0,2,1,0.6611471821278473,False
5353,2,0.6223985315025762,0.4,1.0,0,1,0.7988850849296756,True
5354,4,0.6701750515059057,0.4444444444444444,1.0222222222222221,2,1,0.7328792548781924,False
5355,3,0.6541308626886297,0.375,1.008,1,1,0.8020679887713176,True
5356,4,0.6672688639894381,0.42857142857142855,1.0869565217391304,1,1,0.8300199893288067,True
5357,3,0.743638296927122,0.45454545454545453,1.0,1,1,0.8735722571246107,True
5358,4,0.5603481054987551,0.4444444444444444,1.0011778563015312,1,1,0.7908105637322707,True
5359,3,0.4537350756779346,0.23076923076923078,1.02,2,1,0.5510879262062943,False
5360,2,0.9218548765569006,0.8181818181818182,1.0,2,1,0.895,False
5361,2,0.4250657543693232,0.42857142857142855,1.0119047619047619,0,2,0.6762186566344719,False
5362,2,0.5194680743440931,0.42857142857142855,1.0023529411764707,0,1,0.7666767937665162,True
5363,2,0.6301458899939301,0.5,6.0,1,2,0.6338720480926369,False
5364,2,0.8316492827059382,0.7142857142857143,1.0,1,1,1.0,True
5365,2,0.8182157224434945,0.8571428571428571,1.0,1,1,1.0,True
5366,4,0.8601477271328339,0.8,1.0,1,1,1.0,True
5367,3,0.8087322735223937,1.0,1.0015384615384615,0,1,1.0,True
5368,4,0.8529850307038632,0.8,1.0,1,1,1.0,True
5369,4,0.6119029753095242,0.5,1.1428571428571428,0,1,0.7560536560850342,True
5370,3,0.5971166683608575,0.4,1.0,0,1,0.7880500007260818,True
5371,2,0.7376862958357077,0.8,1.0714285714285714,0,1,0.9732941267867319,True
5374,3,0.7841490734716763,0.5,1.0,1,1,0.9098734124402423,True
5375,3,0.35648622448691347,0.2222222222222222,1.2727272727272727,0,3,0.40084859356317454,False
5376,4,0.487391524485026,0.16666666666666666,1.257396449704142,0,1,0.48380271684278886,False
5377,3,0.46149006774833395,0.4,1.0,0,1,0.729924314749286,True
5378,4,0.4839817017253449,0.42857142857142855,1.0,0,2,0.7014683483584813,False
5379,3,0.31003419806372856,0.3333333333333333,1.1666666666666667,0,1,0.5572368785352487,False
5380,3,0.6903383030828938,0.6666666666666666,1.0625,0,1,0.9391132410037799,True
5381,3,0.6731308435276724,0.3333333333333333,1.0,0,1,0.7928497265912247,True
5382,3,0.5336700828639039,0.2,1.0,0,1,0.6775252736083398,False
5383,2,0.6270932346798395,0.5,1.0,0,1,0.8425637672437407,True
5384,3,0.9435523830224068,1.0,1.0,1,2,0.9500000000000001,False
5385,2,0.7734063788761009,0.5714285714285714,1.0010526315789474,1,1,0.9350313052326147,True
5386,3,0.34040445475546505,0.3333333333333333,1.0207792207792208,1,1,0.6502527028317072,False
5387,3,0.2713815514359552,0.2857142857142857,1.0610687022900764,1,2,0.5508301887106475,False
5388,3,0.5513220017036421,0.4,1.0831168831168831,1,1,0.7684237150158466,True
5389,3,0.8307335041102706,0.5555555555555556,1.0,0,1,0.9398148148148149,True
5390,2,0.3569171354619767,0.14285714285714285,1.0,0,1,0.5779644866265614,False
5391,2,0.2771657113328776,0.4,1.0,0,1,0.6509281619998047,False
5392,4,0.27115907543507795,0.4,1.0,0,2,0.5983538894721764,False
5393,2,0.5194838869097675,0.16666666666666666,1.0,0,2,0.6075565864533925,False
5394,4,0.64927619512965,0.75,1.2053571428571428,0,2,0.7254040836269929,False
5395,4,0.4636375330328776,0.3333333333333333,1.2304761904761903,0,2,0.4930668792363127,False
5396,4,0.3207529071896343,0.42857142857142855,1.1297029702970296,0,2,0.5515131507003195,False
5397,2,0.5948751280123833,0.4,1.137037037037037,0,2,0.6570893405767358,False
5398,2,0.9999999999999994,1.0,1.0,1,2,0.9500000000000001,False
5399,2,0.5373591418815713,0.2857142857142857,1.0,0,2,0.6648205846159115,False
5400,4,0.31783864714777627,0.25,1.1555555555555554,0,2,0.4758594202061898,False
5401,4,0.5766749039795451,0.42857142857142855,1.1266666666666667,0,2,0.6611940064674242,False
5402,3,0.7331685943653058,1.0,1.1125,0,1,0.8913579690137025,True
5404,4,0.10739769072273743,0.1,1.2181818181818183,0,2,0.24317043888117318,False
5405,4,0.42927650756870545,0.42857142857142855,1.1978891820580475,0,2,0.5980232651484928,False
5407,2,0.21496579126530907,0.2857142857142857,1.011111111111111,0,1,0.5766520057803706,False
5408,4,0.2524642959214305,0.14285714285714285,1.3636363636363635,0,1,0.37319898396632734,False
5409,2,0.7761197868524086,0.75,1.0769230769230769,0,1,0.9897656229367464,True
5410,4,0.6499043274456457,0.4,1.2,0,1,0.7306732831909911,True
5411,3,0.5592016001771114,0.4444444444444444,1.1111111111111112,0,2,0.6603192043087092,False
5412,3,0.31485448453716086,0.25,1.0,0,1,0.604580493373069,False
5413,3,0.40132581310042753,0.375,1.0,0,2,0.6437229675192309,False
5414,4,0.8069555216327948,0.6,1.0,0,1,0.9583333333333333,True
5415,4,0.727230907142519,0.6,1.0,0,1,0.9271465792515559,True
5416,4,0.7537082970411961,0.6,1.0,0,1,0.9384940320652746,True
5417,2,0.7705003874225914,0.75,1.0,0,1,0.9873573088953964,True
5418,2,0.9317100017993981,1.0,1.0,0,1,1.0,True
5419,4,0.5083721095147706,0.5714285714285714,1.0234375,0,2,0.7714451897920446,False
5420,4,0.11991920088806728,0.14285714285714285,1.0,0,1,0.4763939432377431,False
5421,3,0.10080614295735182,0.14285714285714285,1.0,0,1,0.4682026326960079,False
5422,3,0.864938797666449,0.75,1.0,0,1,1.0,True
5423,3,0.7322945040111253,0.6,1.0,1,2,0.8793166921952443,False
5424,3,0.40589601888725035,0.2222222222222222,1.0,0,1,0.6320242197347475,False
5425,3,0.8512350352377966,0.8571428571428571,1.0,0,1,1.0,True
5426,3,0.8013014596773599,0.5714285714285714,1.0,0,1,0.9464285714285714,True
5427,3,0.3041590326394577,0.2222222222222222,1.0,0,2,0.5384226541999793,False
5428,4,0.5548251445073551,0.375,1.0,0,1,0.759508395265057,True
5429,2,0.7485057056595062,0.6,1.0,0,1,0.9362643500445502,True
5430,3,0.6239701228680772,0.375,1.0294117647058822,1,2,0.7391419574196522,False
5431,3,0.7219741620063442,0.42857142857142855,1.0,0,2,0.8034651170503381,False
5432,4,0.3915911847809944,0.14285714285714285,1.0416666666666667,0,1,0.592824793477569,False
5433,2,0.4775565770290767,0.375,1.0133333333333334,0,2,0.6763932949172234,False
5434,4,0.6815790154152005,0.5,1.0,1,2,0.8159148161303241,False
5436,3,0.437048564478959,0.3333333333333333,4.6875,0,2,0.4816716069989189,False
5437,4,0.4550434227865933,0.3333333333333333,1.0,0,1,0.6993836891307622,True
5438,2,0.7724648790907587,1.0,1.05,0,2,0.9381992338960395,False
5439,4,0.4668358937993222,0.3,1.0294117647058822,1,2,0.6405487163901857,False
5440,3,0.6588728146676579,0.5,3.606102635228849,1,2,0.6461835872385202,False
5441,2,0.39591593490025795,0.3333333333333333,1.027027027027027,0,1,0.6740433371794756,False
5442,4,0.7199223044262864,0.5,1.0256410256410255,1,2,0.8323476542779323,False
5443,4,0.725469270442532,0.7142857142857143,1.0133333333333334,1,2,0.9180582587610852,False
5444,3,0.7296072124981114,0.5,1.0,1,1,0.8864983291658572,True
5445,3,0.7154525176392456,0.4444444444444444,1.0133333333333334,1,2,0.8072838832210524,False
5446,2,0.7782408246946763,0.5,1.0,0,1,0.907341305821528,True
5447,4,0.5232404171238882,0.4,1.1111111111111112,0,2,0.6263887501959522,False
5448,2,0.9999999999999992,1.0,1.0,0,1,1.0,True
5449,4,0.5077367126433064,0.4,1.2705882352941176,1,2,0.53974430541856,False
5450,2,0.999999999999999,1.0,1.0,0,1,1.0,True
5452,2,0.9656828357064678,1.0,1.0,1,1,1.0,True
5453,3,0.9511317229255579,1.0,1.0,0,1,1.0,True
5454,4,0.6673469075648377,0.5,1.001410437235543,1,2,0.8098153413373116,False
5455,3,0.8168755898582294,0.6666666666666666,1.0,0,1,0.9861111111111112,True
5456,2,0.7559149935226935,0.5,1.0,1,2,0.8477730924621069,False
5457,4,0.36468405837236945,0.25,1.0,1,2,0.5759360250167298,False
5458,2,0.9999999999999996,1.0,1.0,1,1,1.0,True
5459,2,0.9329327058098118,1.0,1.0,1,2,0.9500000000000001,False
5460,2,1.0,1.0,1.0,0,2,0.9500000000000001,False
5461,2,1.0000000000000004,1.0,1.0,0,2,0.9500000000000001,False
5462,3,0.4826529974106834,0.375,1.1020408163265305,1,1,0.648577475080769,True
5463,2,0.7276132781012171,0.6666666666666666,1.0,0,2,0.9050882302973472,False
5464,4,0.5152843569718576,0.3333333333333333,1.0101010101010102,1,3,0.6752012323530184,False
5465,4,0.5371944503364839,0.2857142857142857,1.0,1,2,0.6647500025251598,False
5467,4,0.3779283561514959,0.14285714285714285,1.25,1,2,0.3769692954934983,False
5468,3,0.6180676956970322,0.3333333333333333,1.0285714285714285,0,1,0.7692512346638074,True
5469,3,0.7922587346483027,1.0,1.0294117647058822,1,1,0.9966823148492725,True
5470,4,0.5149380625543125,0.25,1.5,1,2,0.48033059823756247,False
5471,4,0.4340061050285668,0.2857142857142857,1.2352941176470589,1,2,0.46052642596462384,False
5472,2,0.7667074207091626,0.8571428571428571,1.0031919744642042,1,2,0.9357317517324982,False
5473,4,0.9436408295052134,1.0,1.0,1,2,0.9500000000000001,False
5474,4,0.814983406777188,0.8571428571428571,1.0,0,2,0.9500000000000001,False
5475,2,0.9999999999999992,1.0,1.0,1,2,0.9500000000000001,False
5476,4,0.789191060172053,0.6,1.0,1,2,0.9037009305499276,False
5477,4,0.7915404069288081,0.6,1.0227272727272727,1,2,0.9047077934456799,False
5478,4,0.3492133045505508,0.2222222222222222,1.1111111111111112,1,2,0.4777316278761619,False
5479,3,0.5148779316855279,0.5555555555555556,1.0,0,1,0.8176196426800411,True
5480,4,0.8938120654783116,0.7142857142857143,1.0,1,2,0.9500000000000001,False
5481,2,0.531619278706067,0.5,1.0,1,1,0.8016463575406954,True
5482,4,0.6213393877195207,0.5,1.0272727272727273,1,2,0.7900978328321756,False
5483,2,0.8862755617491551,0.8333333333333334,1.0,1,2,0.9500000000000001,False
5484,4,0.9593493121498015,0.8,1.1,1,2,0.9500000000000001,False
5485,3,0.6968079954882219,0.6666666666666666,1.0,1,2,0.8918859663203492,False
5486,3,0.6610123732130343,0.5,1.0,1,1,0.8571005409008243,True
5487,2,0.8211037180996336,0.5714285714285714,1.0277777777777777,0,2,0.8964285714285715,False
5488,3,0.7146916054801606,0.5555555555555556,1.0,1,3,0.8532540743063123,False
5489,2,0.9092637388904976,1.0,1.0,1,2,0.9500000000000001,False
5490,3,0.38795758951246057,0.3,1.008888888888889,0,3,0.6067437288386737,False
5491,4,0.3954743800387921,0.2222222222222222,1.0,1,2,0.5775578030854084,False
5492,3,0.7985565352970262,0.42857142857142855,1.0,1,2,0.836286134174916,False
5494,4,0.5131826942016706,0.3333333333333333,1.0769230769230769,1,2,0.6743005197372239,False
5495,3,0.7488296281098257,0.375,1.0,0,2,0.7926531739518302,False
5496,3,0.5269329859695688,0.3,1.0073529411764706,1,2,0.6663046130345772,False
5498,3,0.6674906575104962,0.5,1.0294117647058822,1,2,0.8098769484568794,False
5499,4,0.004735199202606874,0.0,1.0714285714285714,0,2,0.39999999999999997,False
5500,3,0.622944490010414,0.6666666666666666,1.0272727272727273,0,2,0.8602301782584315,False
5501,2,1.0000000000000004,1.0,1.0,1,2,0.9500000000000001,False
5502,2,0.790030830427757,0.5714285714285714,1.0,1,2,0.8921560701833245,False
5503,2,0.6081368991571613,1.0,1.0285714285714285,0,1,0.9177729567816406,True
5504,2,0.9798206429524673,1.0,1.0,1,2,0.9500000000000001,False
5505,4,0.5971113766887093,0.375,1.0023529411764707,1,2,0.7276310661999231,False
5506,2,0.9323220653122136,0.7777777777777778,1.00117508813161,1,2,0.9500000000000001,False
5507,4,0.0056183084657964065,0.0,1.0,0,2,0.39999999999999997,False
5508,3,0.7590864588948855,0.7142857142857143,1.0,1,2,0.9324656252406652,False
5509,3,0.8584570809351492,0.625,1.0,1,2,0.9187500000000001,False
5510,3,0.7695217162401125,0.6666666666666666,1.0,1,2,0.9230489894997308,False
5511,2,0.8300198985608339,1.0,1.0,1,2,0.9500000000000001,False
5512,3,0.9340954681344761,1.0,1.0,1,2,0.9500000000000001,False
5513,3,0.3309311572040089,0.16666666666666666,1.1111111111111112,1,2,0.446748273722353,False
5514,4,0.6769193917392314,0.4,1.0,1,2,0.7722511678882421,False
5515,2,0.9999999999999988,1.0,1.0,1,1,1.0,True
5517,4,0.8741824817726965,0.8571428571428571,1.0,1,2,0.9500000000000001,False
5518,4,0.8940451188236603,1.0,1.0,1,2,0.9500000000000001,False
5519,4,0.9090794455141865,1.0,1.0,1,2,0.9500000000000001,False
5520,4,0.9450903400712722,1.0,1.0,1,2,0.9500000000000001,False
5521,4,0.7389104386710046,0.6,1.0133333333333334,1,2,0.8821520927637639,False
5522,4,0.6108255378107876,0.4,1.0,2,2,0.6389252304903378,False
5523,2,0.8817192668661272,0.8,1.0,1,2,0.9500000000000001,False
5524,4,0.9514040790125669,1.0,1.0,1,2,0.9500000000000001,False
5525,4,0.9489606290018099,1.0,1.0,1,2,0.9500000000000001,False
5526,4,0.9380902147690838,1.0,1.0,1,2,0.9500000000000001,False
5527,3,0.8351469785162546,0.75,1.000985819367559,1,2,0.9500000000000001,False
5528,3,0.9318933850716481,1.0,1.0,1,2,0.9500000000000001,False
5529,4,0.7772148462036076,0.5,1.002047470994161,2,2,0.7519016007539272,False
5530,3,0.9029145994974422,0.8333333333333334,1.0,0,2,0.9500000000000001,False
5531,2,0.709794469534365,0.42857142857142855,1.0,0,2,0.7982452488480613,False
5533,3,0.9523316877556505,1.0,1.0,0,3,0.9500000000000001,False
5534,2,0.9507004886774884,1.0,1.0,0,2,0.9500000000000001,False
5535,4,0.7641088998599311,0.7142857142857143,1.0,0,2,0.9346180999399706,False
5536,4,0.76288489151511,0.7142857142857143,1.0,0,2,0.9340935249350472,False
5537,3,0.5294441984863996,0.375,1.0,1,2,0.6986308469703618,False
5539,2,1.0000000000000007,1.0,1.0,1,2,0.9500000000000001,False
5540,3,0.8252708234773183,0.8,1.0160427807486632,1,2,0.9500000000000001,False
5541,2,0.7936906652224545,0.75,1.0153846153846153,1,2,0.947295999381052,False
5542,3,0.2603760728016845,0.25,1.0,0,3,0.5312326026292934,False
5543,4,0.2965276256673748,0.3333333333333333,1.0,1,2,0.58144834750824,False
5545,3,0.6208733049922295,0.5,1.0011778563015312,1,2,0.7898980830919079,False
5546,2,0.5300811916694347,0.3,1.0666666666666667,2,2,0.5626538440488055,False
5547,2,0.7902571902671495,0.5714285714285714,1.0,1,2,0.8922530815430642,False
5548,3,0.5393472389281321,0.42857142857142855,1.0,0,3,0.7251964357311044,False
5549,2,0.8142872619677541,0.5714285714285714,1.0,1,2,0.8964285714285715,False
5550,2,0.8555501483107887,0.6,1.0,1,2,0.9083333333333333,False
5551,2,0.8457926834659895,0.7142857142857143,1.0,1,2,0.9500000000000001,False
5552,3,0.423663871042164,0.25,1.0294117647058822,1,2,0.6012130875894989,False
5553,2,0.9173519810176045,0.6666666666666666,1.0,1,2,0.9361111111111112,False
5554,3,0.8236090364484449,0.8571428571428571,1.012,1,2,0.9500000000000001,False
5555,4,0.6680739127977179,0.5,1.0004502025911661,1,2,0.8101269150085458,False
5556,3,0.810163844557612,0.8571428571428571,1.012,1,2,0.9500000000000001,False
5557,4,0.570958591838048,0.5,1.0334861747950534,1,2,0.7685060631686874,False
5558,2,0.6117612094071673,0.3333333333333333,1.0,0,2,0.716548454825294,False
5560,3,0.6751593433058992,0.6666666666666666,1.0146212121212121,1,2,0.8826079725279251,False
5561,2,0.6935783238342896,0.6666666666666666,4.37060606060606,1,2,0.7305018213258068,False
5562,4,0.8244823763889887,0.6666666666666666,1.0,1,2,0.9361111111111112,False
5563,4,0.5442072862594524,0.25,1.0,2,2,0.547874551254051,False
5564,4,0.5714488130547773,0.6666666666666666,4.432835820895522,1,3,0.6781606024203015,False
5565,4,0.6475772646746539,0.6666666666666666,1.0,1,2,0.870787081685963,False
5566,3,0.9687114613473955,1.0,1.0,0,3,0.9500000000000001,False
5567,3,0.7225784351256502,0.5,1.0,1,2,0.8334859960062312,False
5568,3,0.6766687716422898,0.5714285714285714,1.0244867864488338,1,2,0.8435723307038386,False
5569,3,0.7684181696988847,0.2,1.0,1,2,0.7281315965376173,False
5570,4,0.6784475473717175,0.5,1.0146212121212121,1,2,0.8145727583974028,False
5571,4,0.752519390213272,0.2,1.0,1,2,0.7213178339009262,False
5572,2,0.8712159800309075,0.7142857142857143,1.0,2,2,0.8450000000000001,False
5573,2,0.8516721284121734,1.0,1.0,1,2,0.9500000000000001,False
5574,4,0.36325730509294046,0.25,1.015625,0,2,0.5753245593255459,False
5575,4,0.7675946447639534,0.75,1.0,1,3,0.9361119906131229,False
5576,3,0.7637112971983605,0.75,1.0,1,2,0.9344476987992975,False
5577,3,0.3835802416879183,0.2857142857142857,1.010095238095238,2,2,0.49391534167577444,False
5578,4,0.7347178808559188,0.8333333333333334,1.0399875201497581,1,2,0.922021948938251,False
5579,4,0.8162340664938693,0.625,1.0,0,2,0.9187500000000001,False
5580,3,0.6595050014444662,0.42857142857142855,1.010095238095238,2,2,0.671692619666676,False
5581,3,0.6246859120416998,0.5,1.0,2,2,0.686532057541681,False
5583,2,0.659147556606626,0.7142857142857143,1.0101010101010102,1,2,0.8896346671171255,False
5584,2,0.7308947514390504,0.625,1.0,1,2,0.8891334649024504,False
5585,2,0.8466477464737137,0.6666666666666666,1.0,0,2,0.9361111111111112,False
5586,3,0.6322322806650857,0.375,1.0869565217391304,2,2,0.6376828821897987,False
5587,3,0.3447590030438642,0.3076923076923077,1.1363636363636365,1,3,0.5114351771286891,False
5588,2,0.902008420797706,1.0,1.0,0,1,1.0,True
5589,3,0.5175280253101395,0.14285714285714285,1.0144927536231885,1,2,0.5967977251329171,False
5590,3,0.5698557176528593,0.5714285714285714,1.0057142857142858,0,2,0.7977953075655112,False
5591,3,0.6241411459352101,0.5,1.0,0,2,0.7912985863531853,False
5592,4,0.9437040326309089,1.0,1.0,1,2,0.9500000000000001,False
5593,2,0.8997351713428081,1.0,1.010095238095238,1,2,0.9500000000000001,False
5594,2,0.883198564796778,0.75,1.0,1,2,0.9500000000000001,False
5595,4,0.4877365841564684,0.14285714285714285,1.0,0,2,0.5840299646384866,False
5596,2,0.6634291018779199,0.625,1.0,1,2,0.8602196150905372,False
5597,3,0.949577266332265,0.8,1.0,0,3,0.9500000000000001,False
5598,4,0.6268246364601333,0.375,1.0,2,2,0.6353653203876762,False
5599,3,0.6835563610598304,0.2857142857142857,1.0766580534022394,2,2,0.6224765356923084,False
5600,3,0.8154693708988887,0.6666666666666666,1.0,0,2,0.9361111111111112,False
5601,3,0.8589551447898275,0.8,1.0,1,2,0.9500000000000001,False
5602,2,0.6856623884399857,0.25,1.0,1,2,0.7134981664742797,False
5603,2,0.9531004601690436,1.0,1.0294117647058822,1,2,0.9500000000000001,False
5604,4,0.5994507597319416,0.5,1.0294117647058822,2,2,0.6757169922660703,False
5605,3,0.7917808326796749,0.5714285714285714,1.0,0,2,0.8929060711484321,False
5606,4,0.6325022357449407,0.5,1.0294117647058822,2,2,0.6898819105573556,False
5607,2,0.9693904299148682,1.0,1.0,1,2,0.9500000000000001,False
5608,2,0.8966201280232232,0.8,1.0294117647058822,1,2,0.9500000000000001,False
5609,2,0.9326142267046905,1.0,1.0,1,2,0.9500000000000001,False
5610,4,0.6987946418573452,0.6666666666666666,1.0006060606060605,1,2,0.8927373861928306,False
5611,2,1.0000000000000009,1.0,1.0,0,2,0.9500000000000001,False
5612,4,0.46570244677981704,0.4,1.0101010101010102,0,2,0.681729620048493,False
5613,3,0.9188864048664356,0.8333333333333334,1.0,1,2,0.9500000000000001,False
5614,4,0.5482371317427078,0.375,1.0,0,2,0.7066849612230653,False
5615,2,1.0000000000000004,1.0,1.0,0,2,0.9500000000000001,False
5616,3,0.2706189312602468,0.4,1.03125,2,2,0.4931223991115343,False
5617,3,0.7985126119086761,0.4444444444444444,1.0294117647058822,2,2,0.7378810664793799,False
5618,3,0.928221034089236,0.6666666666666666,1.0,1,2,0.9361111111111112,False
5619,2,0.8783686420188838,1.0,1.009090909090909,1,2,0.9500000000000001,False
5620,3,0.8969423622912,1.0,1.0,1,2,0.9500000000000001,False
5621,2,1.0000000000000002,1.0,1.0,0,2,0.9500000000000001,False
5622,4,0.9144297929841667,1.0,1.1265164644714039,0,2,0.8700000000000001,False
5623,2,0.9177532752486118,1.0,1.0,1,2,0.9500000000000001,False
5624,2,0.9360799309240271,1.0,1.0,1,2,0.9500000000000001,False
5625,4,0.5825861874512797,0.2857142857142857,1.0,2,2,0.5792036041457865,False
5626,3,0.9605018214522522,1.0,1.0,1,2,0.9500000000000001,False
5627,2,0.6755598750093618,0.5555555555555556,1.0,1,2,0.83648333267597,False
5628,2,0.9494722591163262,1.0,1.0294117647058822,1,2,0.9500000000000001,False
5629,3,0.9594426789792624,1.0,1.0,1,2,0.9500000000000001,False
5630,4,0.42727019148603557,0.125,1.0,2,2,0.4456753201606819,False
5631,3,0.939393542489389,0.8571428571428571,1.0,0,2,0.9500000000000001,False
5632,4,0.47098237989755726,0.42857142857142855,1.0294117647058822,2,2,0.5908972104322865,False
5633,3,0.959135586788542,1.0,1.0,1,2,0.9500000000000001,False
5634,2,0.9548723304234578,0.6666666666666666,1.0,1,2,0.9361111111111112,False
5635,4,0.8426557457472019,0.8333333333333334,1.0,1,2,0.9500000000000001,False
5636,2,0.8719829385810934,0.7142857142857143,1.0,1,2,0.9500000000000001,False
5637,2,0.8197335330038943,0.6,1.0,0,1,0.9583333333333333,True
5639,2,0.9031137015247848,1.0,1.0294117647058822,1,2,0.9500000000000001,False
5640,2,0.8489160809722778,1.0,1.0,1,2,0.9500000000000001,False
5641,2,1.0000000000000016,1.0,1.0,0,2,0.9500000000000001,False
5642,2,0.597690322659693,0.4,1.0,1,2,0.73829585256844,False
5643,2,0.7988194918584918,0.5,1.0,0,2,0.8661607346060204,False
5644,2,0.967273692745429,1.0,1.0,1,2,0.9500000000000001,False
5645,4,0.649539355984732,0.6666666666666666,1.0,1,3,0.8716279779617105,False
5646,2,0.9999999999999992,1.0,1.0,1,2,0.9500000000000001,False
5647,4,0.6770368579786022,0.6,1.0,1,3,0.8556348438955915,False
5648,3,0.7480360423389688,0.2857142857142857,1.04,2,2,0.6501106848119391,False
5649,4,0.8417590605949749,0.6666666666666666,1.0,1,3,0.9361111111111112,False
5650,4,0.6777661194624169,0.6,1.0,1,3,0.8559473845315121,False
5651,4,0.6528653042243068,0.42857142857142855,1.25,1,3,0.6138470351437506,False
5652,2,0.8375936561931806,0.75,1.0,1,2,0.9500000000000001,False
5653,2,0.9352476309334606,0.8571428571428571,1.0,1,2,0.9500000000000001,False
5654,2,0.45634136569474454,0.6,1.0005305844008185,2,2,0.6560510614882239,False
5655,2,0.7861716806448842,0.5454545454545454,1.0,1,1,0.9296796380252967,True
5656,3,0.4812726098145719,0.1111111111111111,1.0,1,2,0.5680321766930176,False
5657,4,0.5027659939701733,0.42857142857142855,1.0,1,2,0.7095187593205506,False
5658,4,0.8536181546370363,0.3333333333333333,1.0,1,2,0.7972222222222223,False
5660,2,0.8824339405887821,0.8,1.0,1,2,0.9500000000000001,False
5661,4,0.8199864985700316,0.5,1.0,1,2,0.8666666666666668,False
5663,4,0.935070983166787,1.0,1.0,1,2,0.9500000000000001,False
5664,3,0.4950843723246515,0.5,1.0296054912292867,1,2,0.7359885405200889,False
5665,3,0.5458595843842324,0.5,1.0146212121212121,1,2,0.7577493456884806,False
5666,3,0.6489210503356023,0.3333333333333333,1.0,1,2,0.7324741009374804,False
5667,4,0.541005895648557,0.42857142857142855,1.0,1,2,0.7259072886112864,False
5668,3,0.9521130650084368,1.0,1.0,1,2,0.9500000000000001,False
5669,3,0.7340363851882357,0.75,1.4,1,2,0.7617298793663868,False
5670,3,0.8921784391454503,0.75,1.0,1,2,0.9500000000000001,False
5671,4,0.45246588981084973,0.375,1.0,1,2,0.665640143252269,False
5672,3,0.7539748713262794,0.8,1.0334861747950534,1,2,0.9302749448541198,False
5673,4,0.6690762983421981,0.6666666666666666,1.074043347505963,1,2,0.8800009532577675,False
5674,4,0.6376031610597843,0.6666666666666666,5.8499777415046745,1,3,0.7065124658510188,False
5675,4,0.8791202047716781,0.75,1.0,1,2,0.9500000000000001,False
5676,3,0.7515079909666491,0.75,1.0153846153846153,1,2,0.9292177104142781,False
5677,2,0.7416316524702402,0.6666666666666666,1.0,1,2,0.9110961050269285,False
5678,4,0.5809887774812361,0.4,1.0,1,2,0.7311380474919585,False
5679,3,0.581300466833403,0.5,1.0258712121212121,1,2,0.7729382953095537,False
5680,2,0.8043951581893996,1.0,1.0004168403501459,1,2,0.9500000000000001,False
5681,4,0.5135156331771954,0.25,1.0,1,2,0.6397209856473696,False
5682,4,0.4665569465713863,0.375,1.0,1,2,0.6716791675782132,False
5683,4,0.9755099686977936,1.0,1.0,1,2,0.9500000000000001,False
5684,3,0.6510233481767366,1.0,1.2,1,2,0.8061528635043157,False
5685,3,0.9243195437998952,1.0,1.0,1,2,0.9500000000000001,False
5686,4,0.8361927314367146,1.0,1.0,1,2,0.9500000000000001,False
5687,4,0.9088617670960317,0.8,1.0,1,2,0.9500000000000001,False
5688,4,0.6842624454808814,0.4444444444444444,1.0147058823529411,2,2,0.6889167094388965,False
5689,3,0.4599327150324832,0.2857142857142857,1.0244867864488338,1,2,0.6316378302520166,False
5690,2,1.0000000000000002,1.0,1.0,1,2,0.9500000000000001,False
5691,4,0.8201864209028099,0.6,1.0,1,2,0.9083333333333333,False
5692,3,0.8536509910997178,0.5,1.0,1,2,0.8666666666666668,False
5693,4,0.8779938933560658,1.0,1.0,1,2,0.9500000000000001,False
5694,2,0.8539577428626107,0.8333333333333334,1.0,1,2,0.9500000000000001,False
5695,2,0.8280717207830495,0.6666666666666666,1.0526315789473684,1,2,0.9361111111111112,False
5696,3,0.8599792982357909,0.5,1.0,1,2,0.8666666666666668,False
5697,3,0.6122573793608214,0.8333333333333334,1.0061363636363636,2,2,0.7645388768689235,False
5698,2,0.9999999999999998,1.0,1.0,1,2,0.9500000000000001,False
5699,3,0.501932138867204,0.4,1.0399875201497581,1,2,0.6972566309430875,False
5700,3,0.7999757446843834,1.0,1.0,1,2,0.9499896048647357,False
5701,4,0.5845469883908123,0.5,1.0,1,2,0.7743296616913006,False
5702,3,0.5968874365118593,0.3333333333333333,1.0,1,2,0.7101739807273049,False
5703,4,0.42430046557372225,0.14285714285714285,1.0011778563015312,1,2,0.5568430566744524,False
5704,4,0.48901259038210126,0.25,1.1029411764705883,2,2,0.44421968159232905,False
5705,4,0.622893033956951,0.6,1.0,1,2,0.8324303478863124,False
5706,4,0.8547297464349164,0.6666666666666666,1.0,1,2,0.9361111111111112,False
5707,4,0.571618905285988,1.0,1.015625,1,3,0.8521223879797092,False
5708,2,0.9654149734568755,1.0,1.0,1,2,0.9500000000000001,False
5709,2,0.8642191483992872,1.0,1.0,1,2,0.9500000000000001,False
5710,4,0.3720120345653985,0.2222222222222222,1.2142857142857142,0,2,0.4075025121682396,False
5711,4,0.4887756714036791,0.42857142857142855,1.0,1,2,0.7035229067920531,False
5712,2,0.7594466738379071,0.6666666666666666,1.0,1,2,0.9187311141844999,False
5713,4,0.5186766945078063,0.5,1.125,1,2,0.6660995357414409,False
5714,4,0.5557701404794037,0.375,1.0,2,2,0.6049133935387921,False
5715,2,0.9290062224833092,1.0,1.0,0,2,0.9500000000000001,False
5716,2,0.8972930001624697,1.0,1.0244867864488338,1,1,1.0,True
5717,3,0.8574133719217701,0.8571428571428571,1.0,0,2,0.9500000000000001,False
5718,4,0.6857579188627912,0.4444444444444444,1.0043516100957355,2,2,0.6895576266025721,False
5719,3,0.8049122850407602,0.875,1.0151515151515151,0,2,0.9500000000000001,False
5720,2,0.945623540345971,1.0,1.0,1,2,0.9500000000000001,False
5721,4,0.7041691515715413,0.5,1.0,1,2,0.8255963030544702,False
5722,3,0.8766122459550124,1.0,1.0,0,3,0.9500000000000001,False
5723,3,0.3441367840315326,0.42857142857142855,1.0,0,1,0.6915348122039902,False
5724,2,0.2665919064700654,0.3333333333333333,1.0,0,1,0.618618753566536,False
5725,3,0.46574873242281606,0.2857142857142857,1.0,0,1,0.6841304091335878,True
5726,3,0.39819797501916787,0.5,1.0,0,1,0.7444657988177386,False
5727,4,0.5744406091058596,0.4,1.0,1,1,0.7783316896167971,True
5728,2,0.4826766380944619,0.5,1.0,0,2,0.7306709401357218,False
5729,4,0.6489490685881479,0.42857142857142855,1.0,1,1,0.8221686484425397,True
5730,4,0.5517958795999267,0.4,1.0,1,1,0.7686268055428258,True
5731,3,0.3983820683785429,0.3333333333333333,1.0,1,2,0.6251002515273121,False
5732,4,0.7262454967152806,0.5,1.0,1,1,0.8850575938303584,True
5733,4,0.2625941830557193,0.1111111111111111,1.0,1,1,0.5243128509392236,False
5734,3,0.2727047802704421,0.2222222222222222,1.0,0,2,0.524942260327544,False
5735,4,0.1724822250960946,0.2857142857142857,1.0,0,1,0.5584447631364214,False
5736,3,0.5129222401226954,0.4,1.0,0,2,0.7019666743382981,False
5737,2,0.6045578034392614,0.2,1.0,0,1,0.7079057252834929,False
5738,4,0.40718217964949316,0.25,1.0555555555555556,0,2,0.5941495055640685,False
5739,2,0.3898705171262519,0.2,1.0,0,1,0.6158968882922032,False
5740,4,0.4533691517896911,0.16666666666666666,1.0,0,1,0.6292216999733596,False
5741,3,0.2760932455843054,0.2857142857142857,1.0588235294117647,0,2,0.5528494862027976,False
5742,4,0.25157335676652187,0.3333333333333333,1.0,0,2,0.5621822322650174,False
5743,2,0.2562095513589996,0.4,1.0,0,2,0.5919469505824285,False
5745,2,0.4207256125173431,0.5,1.0,0,1,0.7541205006026709,True
5746,2,0.7174473238051937,0.6,1.0,0,2,0.8729536149641307,False
5747,3,0.283310564390216,0.2857142857142857,1.0,0,1,0.6059426228339021,False
5748,4,0.5947835492919757,0.25,1.0,0,1,0.7245500925537038,True
5749,3,0.5882564087695682,0.8,1.0,0,1,0.9092527466155294,True
5750,4,0.893165514895288,0.8333333333333334,1.0,1,2,0.9500000000000001,False
5751,3,0.6209650688619145,0.5,1.0,0,2,0.7899374104646301,False
5752,3,0.6686988832305171,0.5,1.0,0,1,0.8603947594797454,True
5753,3,0.5647659333052985,0.4,1.0,0,1,0.7741853999879851,True
5754,4,0.3258382466178618,0.16666666666666666,1.0,0,2,0.5245655977568615,False
5755,3,0.5513704224779387,0.42857142857142855,1.0,0,1,0.7803492286810214,True
5756,3,0.6229667257350708,0.4,1.0,0,1,0.7991285967436019,True
5757,2,0.782459055017842,0.8,1.0,0,1,0.9924824521505038,True
5758,2,0.7171158912898867,1.0,1.0,0,1,0.9644782391242372,True
5759,3,0.3798027601154875,0.5,1.0,0,2,0.6865821352875899,False
5760,3,0.2554994775372857,0.3333333333333333,1.0,0,1,0.6138648554524875,False
5761,3,0.22722135905730434,0.15384615384615385,1.0,0,1,0.526959337031885,False
5762,2,0.677660547323997,0.6666666666666666,1.0,0,1,0.93367991710711,True
5763,4,0.6149841551828071,0.3333333333333333,1.0,0,1,0.7679297173005681,True
5764,4,0.5927836067819584,0.42857142857142855,1.0625,0,2,0.748097736239887,False
5766,3,0.1617784889945338,0.16666666666666666,1.0,0,1,0.5042542730611493,False
5767,2,0.4237303618269588,0.2,1.0,0,2,0.5804082503067919,False
5769,4,0.6248497556959586,0.25,1.0,0,1,0.7374356095839822,True
5770,3,0.310144419755911,0.25,1.0,0,1,0.6025618941811047,False
5771,2,0.3985404265769225,0.3333333333333333,1.0,0,1,0.6751681193266176,False
5772,4,0.5131610693811449,0.3333333333333333,1.0,0,1,0.7242912519569986,True
5773,4,0.45841742348690756,0.5,1.0,0,1,0.7702741338753414,True
5774,4,0.48491860366582334,0.42857142857142855,1.3541666666666667,0,1,0.5918698777615433,False
5775,2,0.4500602042455289,0.6,1.0,0,1,0.8083591351528457,True
5776,2,0.35964836718422033,0.0,1.0,0,2,0.5112778716503802,False
5777,2,0.5645926243255707,0.6,1.0,0,1,0.8574444580442921,True
5778,2,0.5485827332331089,0.3333333333333333,1.0,0,1,0.7394719650364118,True
5779,3,0.4184558783359611,0.4,1.0,0,1,0.7114810907154119,True
5781,4,0.5276024632132265,0.2,1.0,0,2,0.6249248651866209,False
5782,4,0.9130145900260371,0.8571428571428571,1.0,1,1,1.0,True
5783,3,0.5322560773238406,0.3333333333333333,1.0,0,2,0.6824748267895825,False
5784,4,0.0,0.0,1.0,0,2,0.39999999999999997,False
5785,2,0.3821530910853896,0.3333333333333333,1.0,0,1,0.668144975544532,False
5786,2,0.3296624470115704,0.375,1.0625,0,1,0.6630100963382921,False
5787,3,0.8898660877615904,0.75,1.0023103581055064,0,1,1.0,True
5788,3,0.5877173417819365,0.4,1.0,0,1,0.7840217179065443,True
5789,4,0.30978499865428366,0.14285714285714285,1.1,0,3,0.5077649994232645,False
5790,4,0.6170761368090757,0.5,1.0,1,1,0.8382707252991277,True
5791,2,0.2078446366140796,0.5,1.0666666666666667,0,1,0.6628857966441294,False
5792,2,0.4461791004019607,0.75,1.0,0,1,0.8483624716008402,True
5793,3,0.6625170281260311,0.375,1.0,1,1,0.805662059673061,True
5794,3,0.31434294903749155,0.4,1.0,0,2,0.6168612638732107,False
5795,4,0.6841480481625244,0.42857142857142855,1.0,1,2,0.7872539254029868,False
5796,3,0.3681263115580157,0.2857142857142857,1.0,1,2,0.5922922287629592,False
5797,4,0.9453877037591407,1.0,1.0,1,2,0.9500000000000001,False
5798,4,0.6605364697632663,0.3333333333333333,1.0,1,2,0.7374521378350507,False
5800,4,0.6572437713561842,0.6666666666666666,1.0,1,2,0.8749298702637615,False
5801,3,0.6274779571898816,0.6,1.0,0,1,0.8843953149861398,True
5802,3,0.5169189242594361,0.16666666666666666,1.0,0,2,0.6064573167461076,False
5803,2,0.44693810726856187,0.16666666666666666,1.0,0,2,0.576465538035733,False
5804,3,0.46330159485456307,0.5,1.0,0,2,0.7223673501757651,False
5805,3,0.4043147020779901,0.25,1.0,0,1,0.6429205866048529,True
5806,4,0.24753884983979016,0.2,1.0,0,2,0.5048976023122911,False
5807,3,0.41701985812700115,0.25,1.1764705882352942,0,2,0.5183656534830006,False
5808,2,0.509193110218815,0.6666666666666666,1.0,0,1,0.8614795869191747,True
5809,3,0.3739643275370893,0.4,1.0,0,1,0.6924132832301811,False
5810,4,0.260360923506361,0.2857142857142857,1.0625,0,1,0.596107062455107,False
5812,2,0.7346594016861522,0.6,1.0,0,1,0.9303302197702557,True
5813,3,0.46633759227374827,0.375,1.0,0,1,0.7215851585935111,True
5814,2,0.5589896043204318,0.3333333333333333,1.0,0,2,0.6939320526452645,False
5815,2,0.4903145963800836,0.5,1.0,0,2,0.7339443508295597,False
5817,4,0.5177117380705641,0.5,1.0,1,1,0.7956859829826228,True
5818,2,0.37997232560730815,0.4,1.0,0,1,0.6949881395459893,False
5819,4,0.3050302600657156,0.16666666666666666,1.0,0,1,0.565647889234513,False
5820,2,0.6345879234170417,0.6,1.0,0,1,0.8874424433692083,True
5821,4,0.44101965836622625,0.5,1.0,0,1,0.7628179488236209,True
5822,4,0.39222308843899006,0.4,1.0,0,1,0.7002384664738529,False
5823,4,0.669663748112208,0.5,1.0625,0,1,0.86080827300047,True
5824,4,0.702080968899903,0.6,1.0,0,1,0.9163680342904346,True
5825,2,0.6071163656020727,0.4,1.0,1,1,0.7923355852580312,True
5826,3,0.5515575279433496,0.5,1.0,0,1,0.8101913214995309,True
5827,2,0.7318841763323366,0.6666666666666666,1.0,0,1,0.9569186152535412,True
5828,3,0.41560020737302933,0.5,1.0,0,1,0.751923898397965,True
5829,4,0.41605972981104045,0.4,1.0,0,1,0.7104541699190173,True
5830,4,0.1759020794126917,0.14285714285714285,1.0,0,1,0.5003866054625822,False
5831,3,0.4177161251251516,0.42857142857142855,1.0,0,1,0.7230688155298268,True
5832,4,0.3365386871376393,0.16666666666666666,1.0,0,1,0.579151500836766,False
5833,3,0.4680465495952461,0.5,1.0,0,1,0.7744009022074865,True
5834,2,0.42344998291692193,0.5,1.0,0,1,0.755288087916776,True
5835,3,0.5365950004927339,0.4,1.0,0,2,0.7121121430683147,False
5836,3,0.5147929172620028,0.5,1.0,0,2,0.7444350597789536,False
5837,3,0.594728385167272,0.4,1.125,0,1,0.7070264507859737,True
5838,3,0.4140499530366483,0.4,1.0,0,1,0.7095928370157064,True
5839,4,0.2304519064429882,0.2,1.0,0,3,0.4975746265708045,False
5840,2,0.35905792465483427,0.4,1.0,0,1,0.6860248248520718,False
5841,3,0.5057846599654942,0.3333333333333333,1.0,0,1,0.7211299336360054,True
5842,2,0.4393328220968647,0.5,1.0,0,1,0.7620950189938944,True
5843,4,0.5701982107840372,0.4,1.0,0,2,0.7265135189074446,False
5844,4,0.4071431753656938,0.4,1.0,0,2,0.6566327894424403,False
5845,4,0.5768126439911421,0.4,1.0,0,2,0.7293482759962039,False
5846,3,0.6702879890914648,0.5,1.0,0,1,0.861075804848723,True
5847,3,0.5570743263018867,0.375,1.0,0,2,0.7104723303198562,False
5848,2,0.6465476748320687,0.25,1.0,0,1,0.7467347177851723,True
5849,3,0.13727707142467147,0.14285714285714285,1.0,0,1,0.4838330306105735,False
5850,4,0.5220966251422557,0.4,1.08,0,2,0.7058985536323955,False
5851,2,0.6858567569010402,0.6666666666666666,1.0,0,1,0.9371925783544142,True
5852,2,0.6368837200247148,0.5,1.0526315789473684,0,2,0.7967596895344017,False
5853,4,0.4063049512569064,0.3333333333333333,1.1368421052631579,0,3,0.5484957727608964,False
5854,2,0.5137964655941825,0.42857142857142855,1.0,0,2,0.7142461043022686,False
5855,3,0.3458691826041445,0.4,1.0,0,1,0.6803725068303477,False
5856,3,0.7453236211664837,0.5,1.0,0,1,0.893233932880874,True
5857,3,0.6314955437591612,0.5,1.0,0,1,0.8444504711348786,True
5858,4,0.5368697090497233,0.2,1.0,0,2,0.628896541973691,False
5859,3,0.3307663500064224,0.2857142857142857,1.3043478260869565,0,3,0.41628081666941913,False
5860,2,0.5846022345357947,0.2,1.0,0,1,0.6993533386105787,False
5861,2,0.7695822263313088,0.6666666666666666,1.0,0,1,0.9730749223959578,True
5862,3,0.21587194012268554,0.1111111111111111,1.0,0,1,0.504289032539352,False
5863,3,0.3157004557893409,0.2,1.0,0,1,0.5841097191478127,False
5864,2,0.3376498003183979,0.14285714285714285,1.0,0,2,0.5197070572793134,False
5865,3,0.7258421546748347,0.5,1.0,0,2,0.8348847329558816,False
5866,2,0.49886124764235973,0.3333333333333333,1.0,0,1,0.7181627569260907,True
5867,2,0.6419775164757741,0.5714285714285714,1.0,0,1,0.878704649918189,True
5868,2,0.5655704601762693,0.2857142857142857,1.0,0,2,0.6769111495993536,False
5869,2,0.5048553752997332,0.3333333333333333,1.0,0,2,0.6707316687792508,False
5870,2,0.42328879885262705,0.25,1.0,0,1,0.6510523423654117,True
5871,2,0.39030255146987963,0.3333333333333333,1.0,0,2,0.6216376014235993,False
5872,2,0.5350589387254987,0.5,1.0,0,1,0.8031204975490234,True
5873,2,0.4929832294973965,0.2857142857142857,1.0,0,1,0.6958023364512651,True
5874,3,0.44434534338217424,0.2,1.0,0,1,0.6392432424018842,False
5875,3,0.222561349319618,0.25,1.0,0,2,0.5150262925655507,False
5876,3,0.791702390664664,0.6,1.0,0,1,0.9547772150467608,True
5877,3,0.5868309854797832,0.2,1.0,0,1,0.7003085175865738,False
5878,3,0.42976250223566914,0.16666666666666666,1.0,0,1,0.6191045644502075,False
5880,3,0.592790755208381,0.6,1.0,0,1,0.8695293712797824,True
5881,3,0.16039724158563626,0.2,1.0,0,1,0.5175511987747965,False
5882,3,0.3657624038586984,0.14285714285714285,1.1333333333333333,0,1,0.5017553159394421,False
5883,2,0.5531244561559349,0.6,1.0,0,1,0.852529528828734,True
5884,3,0.4089288615150368,0.3333333333333333,1.0,0,1,0.6796203057286666,True
5885,4,0.16108904058897405,0.16666666666666666,1.0,0,1,0.5039587951730523,False
5886,4,0.11680627462765006,0.2,1.0,0,1,0.49886935579280245,False
5887,3,0.10312200236041083,0.16666666666666666,1.0,0,1,0.4791157787893824,False
5888,3,0.6048765921593671,0.3333333333333333,1.0,0,1,0.7635979045762367,True
5889,4,0.39272116812621816,0.14285714285714285,1.0,0,1,0.5933090720540936,False
5890,3,0.29281930659560773,0.16666666666666666,1.0,0,1,0.5604146234616096,False
5891,2,0.4717796698376098,0.6,1.0,0,1,0.8176674775494519,True
5892,4,0.24916770800792065,0.0,1.0,0,2,0.4639290177176803,False
5893,3,0.479186850366734,0.4,1.0,0,1,0.7375086501571717,True
5894,4,0.41402615737332105,0.25,2.112676056338028,0,2,0.43708263887428045,False
5895,2,0.06756896219899916,0.1111111111111111,1.0,0,2,0.4046296296296296,False
5896,3,0.6668894366816529,0.4,1.6,0,1,0.6579526157207085,False
5897,3,0.5546727409296545,0.2,1.6,0,1,0.5265264127793757,False
5898,3,0.28373837491205056,0.2857142857142857,1.0,0,1,0.6061259702004026,False
5899,2,0.47329320168123057,0.2,1.0,0,1,0.6516494673871941,False
5900,4,0.30842464623757476,0.16666666666666666,1.0,0,1,0.5671026261653098,False
5901,2,0.5178586622510303,0.6666666666666666,1.0,1,1,0.8651933949329813,True
5902,2,0.13382992803306432,0.16666666666666666,1.0,0,1,0.4922763183633767,False
5903,3,0.3087345392472936,0.14285714285714285,1.1111111111111112,0,1,0.4773148025345544,False
5904,4,0.32023505747383363,0.25,1.0,0,2,0.5568864532030716,False
5905,3,0.4259174481916944,0.25,1.0,0,1,0.652178906367869,True
5906,4,0.3326508746355983,0.2222222222222222,1.2,1,2,0.4706334436268966,False
5907,3,0.4247033738619304,0.2222222222222222,1.0,0,2,0.5900845147238961,False
5908,4,0.8967580271076095,1.0,1.0,1,1,1.0,True
5909,2,0.5096981402688757,0.6,1.0,0,1,0.8339182505914229,True
5910,2,0.7004082292775643,0.42857142857142855,1.4583333333333333,0,1,0.6842225744522895,False
5911,4,0.45107705674361437,0.375,1.0333333333333334,1,3,0.6650449290805966,False
5912,2,0.9192033185178542,1.0,1.0188679245283019,0,2,0.9500000000000001,False
5913,4,0.6618651893218025,0.2857142857142857,1.2,1,1,0.6881803192331535,True
5914,2,0.8773843524863094,1.0,1.0,0,1,1.0,True
5915,4,0.5080530288956988,0.2857142857142857,1.0,1,3,0.6522608219076805,False
5916,4,0.2681987636786733,0.25,1.0,0,3,0.5345851844337172,False
5917,2,0.6991995809872157,0.5,1.0,0,2,0.8234664870897592,False
5918,3,0.6442150452167361,0.3333333333333333,1.0,0,2,0.7304572416008235,False
5919,2,0.3694347085101399,0.1111111111111111,1.0,0,1,0.5701016475625467,False
5920,4,0.2022690185243488,0.125,1.044186046511628,1,2,0.45424624603424474,False
5921,4,0.8337332989810576,0.5,1.0348395998620215,1,3,0.8666666666666668,False
5922,4,0.191365633391679,0.14285714285714285,1.0344827586206897,1,3,0.45701384288214814,False
5923,3,0.9749379608977127,1.0,1.0,1,2,0.9500000000000001,False
5924,3,0.3959381482394001,0.25,1.2,0,1,0.5593306349597429,False
5926,2,0.8890685715445931,1.0,1.0,0,2,0.9500000000000001,False
5927,4,0.22152692697092083,0.25,2.9411764705882355,0,2,0.3545829687018232,False
5928,2,0.416615834396194,0.4,1.0,0,1,0.7106925004555117,True
5929,2,0.8037380528531121,0.6666666666666666,1.0,0,1,0.9861111111111112,True
5930,3,0.32167209188869944,0.2857142857142857,1.0,0,1,0.6223832774761092,False
5931,4,0.1282661966994402,0.2,1.28,0,1,0.3437807509664268,False
5932,2,0.9731767108711851,1.0,1.0,1,1,1.0,True
5933,4,0.686495235372349,0.5,1.0,0,2,0.8180217675405307,False
5934,4,0.690234627647663,0.7142857142857143,1.0126582278481013,0,2,0.9029576975632841,False
5935,2,0.9999999999999991,1.0,1.0,0,2,0.9500000000000001,False
5936,3,0.6507831391607332,0.375,1.0,1,2,0.7506332501165048,False
5937,3,0.8655900273465724,0.5,1.0,2,1,0.8116666666666668,False
5938,4,0.7179235715893519,0.375,1.0,1,3,0.7794077211573415,False
5939,4,0.9722797821124196,1.0,1.0,1,3,0.9500000000000001,False
5940,4,0.42872953458500423,0.2857142857142857,1.1111111111111112,1,1,0.5882650386316685,True
5941,4,0.9551883236465821,1.0,1.0,1,3,0.9500000000000001,False
5942,3,0.5323752464111722,0.5,1.0377358490566038,0,2,0.7519703437000264,False
5943,4,0.9665876500987357,1.0,1.0,1,3,0.9500000000000001,False
5944,4,0.8846397304865916,0.4,1.0,1,1,0.875,True
5945,2,0.45061562371276853,0.5,1.875,0,2,0.5569305054007104,False
5946,4,0.5352585040237893,0.5,1.0,0,1,0.803206025534005,True
5947,4,0.0,0.0,1.08,0,1,0.44999999999999996,False
5948,3,0.7197826745251112,0.5,1.0,1,1,0.8822878128917144,True
5949,4,0.19862744438013138,0.1111111111111111,1.0,1,2,0.44689853436397164,False
5950,2,0.8739941936417769,0.8333333333333334,1.0,0,1,1.0,True
5951,4,0.41257727561402413,0.2,1.0,1,2,0.5756283562155342,False
5952,2,0.8903253099425061,0.8333333333333334,1.0,1,1,1.0,True
5953,2,0.9128462447248086,0.6666666666666666,1.0,1,1,0.9861111111111112,True
5954,2,0.9999999999999996,1.0,1.0,1,1,1.0,True
5955,4,0.08659608372971786,0.16666666666666666,1.0,0,1,0.47777777777777775,False
5956,3,0.16031735239743666,0.2,1.0,0,1,0.5175169605512824,False
5957,3,0.9624000575843753,1.0,1.0,0,1,1.0,True
5958,2,0.8399562465641519,0.75,1.0,0,1,1.0,True
5959,3,0.9252272827096389,1.0,1.0377358490566038,1,2,0.9500000000000001,False
5960,4,0.5393765784652893,0.2857142857142857,1.0,2,3,0.5606852002946479,False
5961,3,0.8985941246941026,0.3333333333333333,1.0,0,1,0.8472222222222222,True
5962,2,0.8669778257105225,0.8571428571428571,1.0,0,1,1.0,True
5963,2,0.8109249187668723,0.42857142857142855,1.0222222222222221,1,1,0.8869047619047619,True
5964,2,0.6571426195722041,0.2857142857142857,1.0,0,1,0.7661563607690398,True
5965,4,0.33503375328473606,0.2222222222222222,1.1736842105263159,1,2,0.4716546773336699,False
5966,3,0.8520311288099791,0.75,1.0,1,1,1.0,True
5967,2,0.7742755047436869,0.5,1.0,2,1,0.8006418829853896,False
5968,4,0.7460348132711315,0.6666666666666666,1.0,1,3,0.9129831739415962,False
5969,3,0.8140906562688746,0.75,1.0,2,2,0.8450000000000001,False
5970,3,0.8540028510229958,1.0,1.0,1,1,1.0,True
5971,4,0.6461359690914737,0.6,1.0227272727272727,1,3,0.842391605801108,False
5972,3,0.6662654693346299,0.42857142857142855,1.008,1,3,0.7795899630481747,False
5973,2,0.8798609231485841,0.75,1.0,1,1,1.0,True
5974,3,0.4507842860140228,0.36363636363636365,1.2352941176470589,1,2,0.5001846074259233,False
5975,4,0.7253439525813268,0.5,1.0,1,2,0.8346712177729497,False
5976,4,0.7574315977612037,0.6666666666666666,1.0,1,3,0.917867510151627,False
5977,2,0.9718381037166114,1.0,1.0,1,1,1.0,True
5978,4,0.9473893436195253,0.8333333333333334,1.0,1,3,0.9500000000000001,False
5979,3,0.45514011358777245,0.6666666666666666,1.0,0,1,0.8383140169344421,True
5980,4,0.6996131176912632,0.7142857142857143,1.0,1,2,0.9069770504391129,False
5981,4,0.45575035823463145,0.2857142857142857,1.0,2,1,0.5748453916243659,False
5984,3,0.4423166314063189,0.3333333333333333,1.0,0,1,0.6939293499677874,True
5985,4,0.4512843850646265,0.3333333333333333,1.0,0,2,0.647772672964205,False
5986,3,0.5767647624774542,0.4,1.0,1,1,0.7793277553474804,True
5987,2,1.0,1.0,1.0,0,2,0.9500000000000001,False
5988,2,0.9706185927854242,1.0,1.0,1,1,1.0,True
5989,4,0.7987330873104188,0.5714285714285714,1.0,1,2,0.8958856088473225,False
5990,4,0.9053940219460163,1.0,1.0377358490566038,1,2,0.9500000000000001,False
5991,2,0.9568798210810182,1.0,1.0,1,1,1.0,True
5992,3,0.6833029956787803,0.5714285714285714,1.0,1,2,0.8464155695766201,False
5993,4,0.4781263511532723,0.14285714285714285,1.0,0,1,0.6299112933514024,False
5994,2,0.8804389064386519,0.8,1.0,1,2,0.9500000000000001,False
5995,4,0.7520136274848547,0.7142857142857143,1.0,1,1,0.9794344117792235,True
5996,2,0.5281518146232103,1.0,1.0,0,1,0.8834936348385187,True
5997,3,0.6916958868749985,0.5,1.0,0,1,0.8702506181845232,True
5998,2,0.4516139383519801,0.25,1.0,0,1,0.6631916878651343,True
5999,2,0.9937425765642104,1.0,1.0,1,1,1.0,True
6000,3,0.021232096442878275,0.0,1.0666666666666667,0,1,0.44999999999999996,False
6001,3,0.4156500538869281,0.2857142857142857,1.0,0,2,0.6126595469039217,False
6002,3,0.7862794557515383,0.75,1.0,1,1,0.9941197667506594,True
6003,3,0.9744972979303437,1.0,1.0,1,2,0.9500000000000001,False
6004,2,0.571152449160696,0.5,1.0,0,1,0.8185891448783935,True
6005,2,0.5609155759875537,0.6666666666666666,1.0,0,1,0.8836463579629199,True
6006,3,0.6212580721040752,0.6,1.0,1,1,0.8817296499493656,True
6007,3,0.8038103450755842,0.8,1.9148936170212767,0,2,0.7900000000000001,False
6008,3,0.3598525907243911,0.14285714285714285,1.0,0,2,0.529222538881882,False
6009,4,0.11487007702472773,0.1111111111111111,1.0,0,1,0.4610025197830844,False
6010,4,0.9808591946850262,1.0,1.0,0,1,1.0,True
6011,2,0.5244592452150163,0.16666666666666666,1.0,0,2,0.6096888828699277,False
6012,2,0.5725099347128955,0.6666666666666666,1.0,0,1,0.8886153688452092,True
6013,2,0.676182711738018,0.4,1.0,0,1,0.8219354478877221,True
6014,4,0.6211725878002501,0.75,1.0,1,2,0.8733596804858216,False
6015,2,0.8427477638160932,0.6666666666666666,1.0,1,2,0.9361111111111112,False
6016,4,0.6534868781535786,0.42857142857142855,1.0666666666666667,2,2,0.6691134239705815,False
6017,3,0.4765795406464205,0.4,1.0,0,1,0.7363912317056088,True
6018,4,0.7752749135966897,0.8,1.0256410256410255,1,1,0.9894035343985812,True
6019,2,0.7874720061617059,0.8,1.0,0,1,0.9946308597835882,True
6021,3,0.6553563906081579,0.5,1.0681818181818181,0,3,0.8046765483558772,False
6022,3,0.506315792573457,0.4,1.0,0,3,0.6991353396743388,False
6023,3,0.33967113972238033,0.3333333333333333,1.0,0,1,0.6499384249603852,False
6024,2,0.8488125079008555,0.8333333333333334,1.0,1,1,1.0,True
6025,2,1.0,1.0,1.0,0,1,1.0,True
6026,4,0.5462416057479502,0.42857142857142855,1.0909090909090908,1,2,0.7281511643681692,False
6027,4,0.7367477853196474,0.42857142857142855,1.0,1,3,0.8097966698988966,False
6028,2,0.9364911355829523,0.75,1.0,0,2,0.9500000000000001,False
6029,2,0.9219667991919376,0.6666666666666666,1.0,0,2,0.9361111111111112,False
6030,3,0.2924327387349808,0.25,5.0,0,3,0.3849711737435632,False
6031,2,0.9121382185990008,0.75,1.0,0,2,0.9500000000000001,False
6032,3,0.6241807690248155,0.42857142857142855,1.0285714285714285,2,2,0.6565536629153973,False
6033,4,0.43588124546075585,0.4,1.0,1,2,0.6689491051974669,False
6034,3,0.4575635171406729,0.2,1.0,0,1,0.6449081740126693,False
6035,2,0.4213911908849529,0.2,1.0,0,1,0.6294057484745036,False
6036,2,0.3886651098694548,0.25,1.0,0,2,0.5862136185154807,False
6037,4,0.3840221583736587,0.3333333333333333,1.0,1,1,0.6689460043823616,False
6038,4,0.7262919992352336,0.6666666666666666,1.0,0,2,0.9045219679262112,False
6039,3,0.6339112058987685,0.625,1.0,0,2,0.8475690882423296,False
6040,4,0.4741146478756468,0.2,1.0,0,2,0.6020015157562296,False
6041,2,0.1461013736783945,0.3333333333333333,1.0,0,1,0.5669799537986769,False
6042,3,0.8911839659122304,0.6,1.0,0,1,0.9583333333333333,True
6043,4,0.25501648208007793,0.2222222222222222,1.5037593984962405,0,2,0.3573615611031022,False
6044,4,0.35957942448584107,0.16666666666666666,1.2632978723404256,1,2,0.3790261025574239,False
6045,4,0.37698506648526015,0.25,1.0,0,1,0.6312078856365401,False
6047,4,0.6038866376142656,0.3333333333333333,1.0,0,1,0.7631736383426218,True
6048,3,0.14767033396026286,0.25,1.0,0,1,0.532930143125827,False
6049,4,0.08131090661506632,0.0,1.0,0,1,0.44999999999999996,False
6051,4,0.4836631664563491,0.2857142857142857,1.0,0,1,0.6918080237193877,True
6052,3,0.43422473714552723,0.2857142857142857,1.0,0,1,0.6706201254433212,True
6053,4,0.3766234590881665,0.25,1.0,0,1,0.6310529110377857,False
6054,3,0.5491579903738475,0.14285714285714285,1.0,0,2,0.6103534244459348,False
6055,4,0.47361597810149253,0.3,1.0,1,1,0.6934544668054016,True
6056,3,0.20705207311047583,0.4,1.0,0,1,0.6208794599044897,False
6057,3,0.8295862889498956,0.75,1.0,0,1,1.0,True
6058,3,1.0000000000000002,1.0,1.0,1,1,1.0,True
6060,4,0.52790178200013,0.3333333333333333,1.0,1,1,0.730608700222278,True
6061,2,1.0000000000000002,1.0,1.0,0,1,1.0,True
6062,3,0.34362936294849605,0.2857142857142857,1.0,1,2,0.5817935365017365,False
6063,3,0.12573798591179314,0.0,1.75,0,2,0.2510305653907685,False
6064,4,0.4049629168955513,0.2,1.0,0,1,0.6223650596219029,False
6065,4,0.3289350434400312,0.16666666666666666,1.0,1,1,0.575892796394934,False
6066,2,0.6637635418722794,0.4,1.0,0,1,0.8166129465166911,True
6067,4,0.4142269521735609,0.3333333333333333,1.0,1,2,0.6318909160108912,False
6069,4,0.5634477041252222,0.16666666666666666,1.0,1,1,0.676398222402873,False
6070,4,0.41364076854805737,0.16666666666666666,1.0,1,1,0.6121952500126595,False
6071,4,0.3036553001091268,0.16666666666666666,1.0,1,1,0.5650586206816892,False
6072,4,0.5278060164631745,0.2222222222222222,1.0,1,1,0.6842713615530007,False
6073,4,0.5199313797795824,0.5,1.0,1,1,0.7966372580007735,True
6074,3,0.8683557921927034,1.0,12.666666666666666,1,1,0.8400000000000001,False
6075,2,0.7136952224019343,0.3333333333333333,1.0,0,1,0.8102344603944798,True
6076,4,0.5089304607963353,0.4,1.0,1,2,0.700255911769858,False
6077,4,0.6197125439582197,0.2857142857142857,1.0,1,1,0.750114899791618,True
6078,4,0.7273943084803317,0.6666666666666666,1.0,1,1,0.9549943861741104,True
6079,4,0.9408006937797958,1.0,1.0,1,1,1.0,True
6080,3,0.5618172111522105,0.25,1.0294117647058822,1,1,0.7104216619223759,True
6081,4,0.4905785172768416,0.2,1.8421052631578947,0,3,0.4490574597853131,False
6082,3,0.6845815360700302,0.5,1.0,2,2,0.7122016106966798,False
6083,4,0.2993298763896012,0.375,1.0422222222222222,1,2,0.6000104232145911,False
6084,3,0.6499859406819867,0.25,1.0,0,1,0.74820826029228,True
6085,4,0.16566068603255396,0.0,1.0714285714285714,0,2,0.42814029401395165,False
6086,3,0.5955747214191275,0.3333333333333333,1.0,1,3,0.7096113885447055,False
6087,4,0.31711554339682446,0.125,1.2,1,2,0.4234661852653057,False
6088,4,0.4474356671852729,0.4,1.1176470588235294,0,3,0.5939010002222599,False
6089,3,0.41970669596981686,0.16666666666666666,1.0,1,2,0.5647949331934136,False
6090,4,0.48183125924647474,0.3333333333333333,1.0,1,3,0.6608641904707114,False
6091,2,0.9096427955825837,0.75,1.0,0,1,1.0,True
6092,4,0.7417610199450516,0.6,1.0,2,2,0.7783737704526413,False
6093,4,0.25484413518312743,0.14285714285714285,1.0,1,1,0.5342189150784832,False
6094,4,0.4334384365896929,0.3333333333333333,1.0,1,2,0.6401244093320907,False
6095,2,0.9054591258157721,0.5714285714285714,1.0,0,1,0.9464285714285714,True
6096,4,0.5345880871233032,0.4,1.0126582278481013,1,3,0.7112520373385586,False
6097,2,0.5092321689704317,0.25,1.0,0,2,0.6378852152730422,False
6098,2,0.9563764630388499,1.0,1.0,1,1,1.0,True
6099,4,0.7960803100512984,0.75,1.0,1,1,0.9983201328791278,True
6100,3,0.618955541821279,0.3333333333333333,1.0,1,2,0.7196317401456276,False
6101,2,0.6538013144893255,0.42857142857142855,1.0,0,1,0.8242481824001872,True
6102,3,0.8831402833128614,0.8,1.0,1,2,0.9500000000000001,False
6103,3,0.8954687743570302,0.8,1.0,1,2,0.9500000000000001,False
6104,3,0.8517972279822468,0.8,1.0,1,1,1.0,True
6105,3,0.8456693048838666,0.8,1.0,1,1,1.0,True
6106,3,0.4923505500342223,0.4444444444444444,1.225,1,3,0.551668754247471,False
6108,3,0.630000466489223,0.25,1.125,0,1,0.6596430570668098,True
6109,2,0.5345042314089227,0.6,1.0909289259804724,0,1,0.8445494325085859,True
6110,3,0.4508013888217213,0.6,1.1805333333333332,2,1,0.6236767856854996,False
6111,4,0.4705587778317573,0.4,1.0061363636363636,1,2,0.6838109047850389,False
6112,2,0.5104192231375245,0.5,1.0101136363636363,1,2,0.7425606194398916,False
6113,3,0.73134876347636,0.75,1.031438022556195,1,1,0.9705780414898686,True
6114,3,0.46220723380787776,0.4,1.0061363636363636,1,1,0.7302316716319476,True
6115,4,0.6957184496058334,0.6666666666666666,1.019810606060606,1,1,0.9414190180850397,True
6116,3,0.7049189449850418,0.6666666666666666,8.116969696969697,1,1,0.785362087533272,False
6117,4,0.17220844232618118,0.25,1.0582010582010581,2,1,0.43844647528264913,False
6118,3,0.7300089696756726,0.5555555555555556,1.0,0,1,0.9098186589615318,True
6119,3,0.5351810173057612,0.6666666666666666,1.0,2,1,0.7676172613850087,False
6120,4,0.24182551661192575,0.3333333333333333,1.2857142857142858,0,1,0.44800458648447605,False
6121,2,0.5989157247725969,0.6666666666666666,1.0044897648580777,1,2,0.8499321360136528,False
6122,2,0.6564279277461509,0.6666666666666666,1.0004168403501459,1,1,0.9245802230023186,True
6123,2,0.8538590570419984,0.5714285714285714,1.0334861747950534,1,1,0.9464285714285714,True
6124,2,0.9502312477721896,1.0,1.0100757575757575,0,1,1.0,True
6125,4,0.3667002279703253,0.25,1.0416666666666667,1,1,0.626800097701568,False
6126,3,0.5650733633911174,0.6666666666666666,1.0499790004199916,1,2,0.8354282668501615,False
6127,4,0.7280449780717014,0.5,1.0130468150422103,1,1,0.8858288001259673,True
6128,2,0.9136320414131209,1.0,1.0,0,2,0.9500000000000001,False
6129,3,0.9036810695171201,1.0,1.0,0,2,0.9500000000000001,False
6130,2,0.7714622377105229,0.6666666666666666,1.0120371080272943,1,1,0.973880641558478,True
6131,2,0.8828314614561071,1.0,1.0,0,1,1.0,True
6132,2,0.8600755971971326,0.8,1.0,1,2,0.9500000000000001,False
6133,4,0.641284481085726,0.16666666666666666,1.0,0,2,0.6597568411002318,False
6134,3,0.7448178386418455,0.25,1.0101010101010102,2,2,0.6338505022750768,False
6135,3,0.6990594171431018,0.6666666666666666,1.0,0,2,0.8928508613152978,False
6136,3,0.680290789860518,0.5,1.033030303030303,0,1,0.8653627194640316,True
6137,3,0.9460485423145932,1.0,1.0,0,2,0.9500000000000001,False
6138,2,0.9570102560172347,0.6666666666666666,1.0,0,2,0.9361111111111112,False
6139,2,0.9552799687830585,1.0,1.0,0,2,0.9500000000000001,False
6140,4,0.9616684565073931,1.0,1.0,0,2,0.9500000000000001,False
6141,3,0.5953905917536836,0.5714285714285714,1.0,1,1,0.8587388250372929,True
6142,2,0.8339027630109627,1.0,1.0,1,1,1.0,True
6143,4,0.6752352121558973,0.8,1.0080645161290323,0,2,0.8965293766382417,False
6144,4,0.6935147924000042,0.8,1.0080645161290323,0,2,0.9043634824571448,False
6145,4,0.9282135695397535,0.8,1.0,1,1,1.0,True
6146,3,0.8433592012981956,0.8,1.0146212121212121,1,1,1.0,True
6147,2,0.7978854216922736,1.0,1.0101136363636363,1,1,0.9990937521538314,True
6148,4,0.42436128473582063,0.5714285714285714,1.0061363636363636,3,1,0.680440550601066,False
6149,2,0.8577740834217263,0.8,1.0,1,2,0.9500000000000001,False
6150,3,0.6501375776206363,0.2857142857142857,1.0,0,1,0.7631541999326537,True
6152,4,0.36693189924762876,0.4,1.3775791342680463,0,1,0.529399385391841,False
6153,4,0.7549831200627293,0.6666666666666666,1.074043347505963,1,2,0.9168181625665667,False
6154,4,0.3245078428269504,0.16666666666666666,1.0833499999999998,0,1,0.5739954247036136,False
6155,3,0.6916981794664022,0.5,1.0666666666666667,0,2,0.8202516007236963,False
6156,2,1.0000000000000004,1.0,1.0,0,2,0.9500000000000001,False
6157,3,0.7662974626389949,0.7142857142857143,1.019810606060606,1,1,0.985556055416712,True
6158,4,0.5854345482697809,0.2857142857142857,1.0,1,2,0.6854243302108586,False
6159,4,0.2590272648782569,0.125,3.2710280373831777,1,2,0.3185712087573482,False
6160,2,1.0,1.0,1.0,1,1,1.0,True
6161,3,0.8174321160470379,1.0,1.0,1,1,1.0,True
6162,2,0.7436459735867522,1.0,1.0,1,1,0.9758482743943224,True
6163,3,0.9070261746090555,1.0,1.0061363636363636,1,1,1.0,True
6164,2,0.9617461449698976,0.8333333333333334,1.0,1,1,1.0,True
6165,2,0.951048357495362,0.8333333333333334,1.0,1,1,1.0,True
6166,4,0.2733085944918993,0.1111111111111111,1.0,1,3,0.47890474155472934,False
6167,2,0.8709919096078336,0.75,1.0,1,1,1.0,True
6168,2,0.8836312860316928,0.75,1.0,1,1,1.0,True
6169,4,0.5419501240293951,0.6666666666666666,4.045633802816901,1,1,0.715518307123709,False
6170,3,0.8567954536726539,0.8333333333333334,1.0277833333333333,1,1,1.0,True
6171,4,0.6715628049509352,0.5,1.0101111111111112,1,1,0.8616221545027818,True
6172,4,0.4911827270081144,0.4,1.0185111111111111,1,2,0.6926497401463348,False
6173,3,0.6131025876503177,0.5,1.0833499999999998,0,1,0.8365677756596599,True
6174,3,0.9742628640394535,1.0,1.0,0,3,0.9500000000000001,False
6175,4,0.7196082268440056,0.5714285714285714,12.0,1,1,0.7519749543617168,False
6176,3,0.8903756735825954,1.0,1.0,1,1,1.0,True
6177,3,0.916235376473613,0.6666666666666666,1.0,1,1,0.9861111111111112,True
6178,3,0.850107396681635,0.75,1.0,1,1,1.0,True
6179,2,0.8755529766777636,1.0,1.0080645161290323,1,2,0.9500000000000001,False
6180,3,0.8557695888360286,0.6666666666666666,1.0,1,1,0.9861111111111112,True
6181,2,0.8044929748252125,1.0,1.0,0,2,0.9500000000000001,False
6183,3,0.46786161719249275,0.3333333333333333,1.0,1,2,0.6548772010190049,False
6184,4,0.6408067218432494,0.6666666666666666,12.0,1,1,0.7578854204725037,False
6185,2,0.9999999999999998,1.0,1.0,1,1,1.0,True
6187,4,0.3815829121278329,0.3333333333333333,1.0,1,1,0.6679006131341506,False
6188,4,0.8429548274234051,0.6666666666666666,1.0,1,1,0.9861111111111112,True
6189,2,0.6217603103954895,0.4,1.0083159168408315,1,1,0.7986115615980669,True
6190,4,0.9531977958548307,1.0,1.0,1,1,1.0,True
6191,4,0.5563246415826428,0.5,1.0,1,1,0.8122343702020851,True
6192,4,0.23550844521822006,0.125,1.0,1,2,0.46849171461733247,False
6193,3,0.43652641855364993,0.2,1.0,1,2,0.585892274618231,False
6194,3,0.7261750732641059,0.5,1.0,1,1,0.8850274123512836,True
6195,4,0.7723662562938106,0.75,1.0,1,1,0.9881569669830617,True
6196,4,0.7922999260238772,0.75,1.0,1,1,0.9966999682959474,True
6197,4,0.9606242451035939,1.0,1.0,1,1,1.0,True
6198,4,0.7811065082381325,0.75,1.0317333333333332,1,1,0.9919027892449139,True
6199,4,0.7216446567861827,0.5,1.0317333333333332,1,1,0.8830858052893165,True
6200,3,0.938499317237049,1.0,1.0,1,1,1.0,True
6201,2,0.9036484681907717,1.0,1.0,1,1,1.0,True
6202,3,0.9667869801617379,0.8,1.0,1,1,1.0,True
6203,2,0.9527940940841672,0.8333333333333334,1.0,1,1,1.0,True
6204,3,0.881903986175975,0.6,1.0,1,1,0.9583333333333333,True
6205,3,0.6845491170189509,0.42857142857142855,4.0,1,2,0.627425812055741,False
6206,3,0.6366990924303542,0.42857142857142855,1.0,1,1,0.8169186586606281,True
6207,3,0.9594788565430467,0.8,1.0,1,1,1.0,True
6208,2,0.926906875296267,0.8,1.0,0,1,1.0,True
6209,3,0.9092771621757842,0.6,1.0,1,1,0.9583333333333333,True
6210,4,0.4108779858150381,0.4444444444444444,1.0,1,2,0.6767519410106777,False
6211,4,0.5212051865691952,0.3333333333333333,1.0,1,1,0.7277387307518773,True
6212,4,0.4941824554350675,0.2857142857142857,1.0181578947368422,1,1,0.6963162904245527,True
6213,2,0.8891391570334206,1.0,1.0,1,1,1.0,True
6214,2,0.7665626480452092,0.3333333333333333,1.0,1,1,0.832891928527312,True
6215,4,0.2546690669926098,0.25,12.0,1,2,0.3687867429968328,False
6216,2,0.8749228166264263,1.0,1.0,1,1,1.0,True
6217,4,0.540353576271186,0.4444444444444444,8.0,1,1,0.6222414797775982,False
6218,2,0.8666911136538007,0.8333333333333334,1.0,0,1,1.0,True
6219,2,0.8820449381921684,0.8333333333333334,1.0,0,1,1.0,True
6220,3,0.5994211168006233,0.3333333333333333,1.0,0,2,0.7112598437082037,False
6221,2,0.8589836876840077,0.8333333333333334,1.0,0,1,1.0,True
6222,2,0.8585035306126562,0.8333333333333334,1.0,0,1,1.0,True
6223,2,0.9999999999999997,1.0,1.0,1,1,1.0,True
6224,2,0.9001631578825047,0.6666666666666666,1.0,1,1,0.9861111111111112,True
6225,2,0.876338434235936,0.8,1.0,1,1,1.0,True
6226,4,0.4629940408646218,0.4,12.0,1,1,0.5705688746562666,False
6227,4,0.8149845535168435,0.8,1.0,1,1,1.0,True
6228,4,0.4561035487168806,0.4,1.0,1,1,0.7276158065929488,True
6229,2,0.9148126214378217,1.0,1.0,1,1,1.0,True
6230,3,0.6236795416833216,0.5,1.0,1,1,0.8411007559595188,True
6231,3,0.592765270744131,0.75,4.0,1,1,0.751185116033199,False
6232,2,0.8940928988608916,0.75,1.0,1,1,1.0,True
6233,2,0.9999999999999993,1.0,1.0,1,1,1.0,True
6234,2,0.9999999999999998,1.0,1.0,1,2,0.9500000000000001,False
6235,3,0.6826910912031263,0.42857142857142855,1.0,1,1,0.8366295152775303,True
6236,2,0.9216938919787571,0.875,1.0,0,1,1.0,True
6237,3,0.5061454848548919,0.8,12.121333333333334,2,1,0.6090623506520966,False
6238,2,0.9999999999999997,1.0,1.0,0,2,0.9500000000000001,False
6239,2,0.9570935303404098,1.0,1.0,1,1,1.0,True
6240,4,0.08301593034843674,0.14285714285714285,1.0,1,2,0.41785714285714287,False
6241,4,0.640386051472772,0.375,1.0,1,1,0.7961773553930929,True
6242,3,0.5725794645042492,0.3333333333333333,1.0334861747950534,0,1,0.749756278438329,True
6243,3,0.7368889855366009,0.6,1.0,1,1,0.9312857557061622,True
6244,3,0.6051931586994325,0.6666666666666666,5.119066666666667,1,1,0.7426224648394394,False
6245,3,0.476444889391654,0.5,1.3775791342680463,0,1,0.6180001906916612,False
6246,3,0.5516959944230745,0.5,1.0,1,1,0.8102506642765557,True
6247,2,0.7631071730365134,0.8333333333333334,1.0,1,2,0.93418878844422,False
6248,2,0.8655929001895237,1.0,1.0,0,1,1.0,True
6249,4,0.8499832017187845,0.8,1.0,1,3,0.9500000000000001,False
6250,4,0.534414113419614,0.5,1.0,1,2,0.7528441438465013,False
6251,4,0.7386893540199776,0.6666666666666666,1.0357,1,3,0.9098351199768159,False
6252,2,0.9420310873856862,1.0,1.009145380006307,1,1,1.0,True
6253,2,0.9363227813312269,1.0,1.009145380006307,1,1,1.0,True
6254,3,0.6751304925850797,0.5,1.0,1,1,0.8631511634888438,True
6255,4,0.7998577779974314,0.8,1.0416500000000002,0,2,0.9499390477131849,False
6256,2,0.879413955726072,0.6666666666666666,1.0029300962745917,0,2,0.9361111111111112,False
6257,4,0.4261174307506178,0.3333333333333333,1.0,1,2,0.6369868354010585,False
6258,3,0.8338312983743623,0.75,1.0416500000000002,0,2,0.9500000000000001,False
6259,4,0.5907897043304203,0.3333333333333333,1.0570824524312896,0,2,0.7075606669352595,False
6260,2,0.8917539353131673,0.8333333333333334,1.0,1,1,1.0,True
6261,2,0.8498640406236811,0.5555555555555556,1.0,0,1,0.9398148148148149,True
6262,2,0.9999999999999994,1.0,1.0,1,1,1.0,True
6263,2,0.9396075333052548,1.0,1.0,1,1,1.0,True
6264,2,0.6425216946563465,0.375,1.0,0,2,0.7470926310431961,False
6265,3,0.6915229434480605,0.3333333333333333,1.0,1,1,0.800732055128534,True
6266,2,0.8479078708315219,0.6666666666666666,1.0,0,2,0.9361111111111112,False
6267,2,0.8887356049782198,0.6666666666666666,1.0,0,2,0.9361111111111112,False
6268,4,0.4989543154679856,0.42857142857142855,1.0,1,1,0.7578851828196129,True
6269,2,0.7426252928225985,0.6666666666666666,7.894736842105263,1,1,0.8015219508922248,False
6270,2,0.7338983771520438,0.75,7.894736842105263,1,1,0.8116707330651616,False
6271,2,0.9150070848108123,0.75,1.0,0,1,1.0,True
6272,2,0.7654460459126476,0.6666666666666666,1.0,1,1,0.9713022736451029,True
6273,3,0.8898246589096456,0.75,1.0,1,1,1.0,True
6274,3,0.8681310722806481,0.7142857142857143,1.0,1,1,1.0,True
6275,2,1.0000000000000004,1.0,1.0,0,1,1.0,True
6276,4,0.7708024475223731,0.5,1.0,1,2,0.854153429890541,False
6277,2,1.0000000000000002,1.0,1.0,0,1,1.0,True
6278,4,0.371530107746965,0.25,1.0,0,1,0.6288700461772707,False
6279,2,0.9046201062038217,0.75,1.0,1,1,1.0,True
6280,3,0.5384285745417029,1.0,1.0,0,2,0.8378979605178728,False
6281,3,0.235055735658072,0.2,1.0,0,1,0.5495476962344118,False
6282,2,1.0000000000000004,1.0,1.0,0,1,1.0,True
6283,2,0.8461905865540085,0.7,1.0,1,1,1.0,True
6284,3,0.5987093475586405,0.5,1.0,1,3,0.7803992441917984,False
6285,2,0.9352679844344629,1.0,1.0,1,1,1.0,True
6286,2,0.9068524613172697,1.0,1.1002,0,1,0.92,True
6287,3,0.9658981715068083,1.0,1.0,1,1,1.0,True
6288,4,0.7438454531386536,0.5,1.0,1,1,0.8926004322975183,True
6289,4,0.3763871696765925,0.25,1.0,2,1,0.525951644147111,False
6290,3,0.9610091585526819,1.0,1.0,1,1,1.0,True
6291,2,0.9618351486641918,1.0,1.0,0,1,1.0,True
6292,3,0.9558502413257478,1.0,1.0,1,1,1.0,True
6293,2,0.9134412010370352,1.0,1.0,0,2,0.9500000000000001,False
6294,3,0.87413673651743,0.8,1.0,0,1,1.0,True
6295,3,0.5083848320845629,0.5,1.0,0,2,0.7416887375600508,False
6296,4,0.8128904540501923,0.75,1.0,1,1,1.0,True
6297,3,0.5458330591142535,0.3333333333333333,1.0,2,1,0.633293533271188,False
6298,3,0.7417673007466118,0.5,1.0,1,1,0.8917097955580717,True
6299,4,0.5995850515830243,0.3333333333333333,1.0,0,2,0.71133010147209,False
6300,4,0.5418253130037032,0.3333333333333333,1.0,0,1,0.7365759277952378,True
6301,3,0.6421661086085202,0.42857142857142855,1.0,0,1,0.8192616655941277,True
6302,2,0.9876341336224358,1.0,1.0,0,1,1.0,True
6303,4,0.3435495971014836,0.14285714285714285,1.0,2,1,0.46723554161492153,False
6304,4,0.6770059583180393,0.6,1.0,0,1,0.9056216011839217,True
6305,4,0.2414892195141902,0.1,1.0,2,1,0.40563823693465295,False
6306,4,0.7655160276028837,0.5,1.0,1,1,0.9018878213536169,True
6307,3,0.7840050020601211,0.625,1.0,1,1,0.961895000882909,True
6308,4,0.5163914130414812,0.4,1.0526315789473684,0,1,0.7534534627320635,True
6309,4,0.7460065098112405,0.4,1.2125,1,1,0.691859932776246,False
6310,2,0.8842438545606565,0.8181818181818182,1.0080645161290323,1,1,1.0,True
6311,3,0.6604673848144895,0.4,1.0,2,1,0.7102003077776384,False
6312,3,0.484351993227656,0.42857142857142855,1.0,0,1,0.7516270447166145,True
6314,4,0.9392101450052205,1.0,1.1578947368421053,1,1,0.92,True
6316,4,0.5744616122875924,0.4,1.0,2,1,0.6733406909803967,False
6317,3,0.6775916612057475,0.5,1.0210526315789474,1,1,0.8642059500405586,True
6318,4,0.4990152604078946,0.4,1.0,0,1,0.7460065401748119,True
6319,4,0.587218640482759,0.3333333333333333,1.0,2,1,0.6510302110005475,False
6320,2,0.8476076106136955,0.75,1.0,1,1,1.0,True
6321,4,0.9580257442024049,1.0,1.0,1,1,1.0,True
6322,4,0.45064902163334475,0.6,1.02,0,1,0.8086114854619098,True
6323,3,0.9440700284845408,1.0,1.0,1,1,1.0,True
6325,4,0.6838109449620322,0.2857142857142857,1.0119047619047619,2,1,0.6725856430789663,False
6326,3,0.8236347693295686,0.8333333333333334,1.0,1,1,1.0,True
6327,4,0.6249168780713872,0.5,1.0833333333333333,0,1,0.8416310429829754,True
6329,2,0.2882317888167184,0.5,1.035294117647059,0,1,0.6973374333024032,False
6330,4,0.5340687489382039,0.25,1.0119047619047619,2,1,0.5935294638306589,False
6331,3,0.8299099896828744,0.8,1.0,1,1,1.0,True
6332,3,0.644063786135893,0.5,1.0,1,1,0.8498368607249065,True
6333,2,0.8030898078764029,0.8,1.0326086956521738,0,1,1.0,True
6334,4,0.21888165353000602,0.3333333333333333,1.0707070707070707,0,1,0.5981715023065105,False
6335,4,0.8424998334427101,0.6,1.0,1,1,0.9583333333333333,True
6336,4,0.5707647704866179,0.42857142857142855,1.0,2,1,0.6836610921133124,False
6337,2,0.7615133898806681,0.8,1.0105263157894737,0,1,0.9835057385202863,True
6338,2,0.40990088249649076,0.5,1.0433333333333332,0,2,0.6994813305937342,False
6339,2,1.0000000000000007,1.0,1.0,1,1,1.0,True
6340,4,0.4431698212831416,0.4,1.0106382978723405,0,1,0.7220727805499179,True
6341,2,0.6097789194547308,0.6666666666666666,1.0,1,1,0.9045877908774242,True
6342,2,0.8868714295486326,0.6,1.0,1,1,0.9583333333333333,True
6343,4,0.7126305145159927,0.6666666666666666,1.009090909090909,1,1,0.9486670459036795,True
6344,4,0.7810068981079092,0.5555555555555556,1.02,1,1,0.9316749140039189,True
6347,3,0.7622357356237074,1.0,1.0034482758620689,1,1,0.9838153152673033,True
6348,3,0.683928787964535,0.75,1.0,1,1,0.9502551948419435,True
6349,3,0.7229379250196932,0.5714285714285714,1.0,1,1,0.9134019678655829,True
6350,4,0.5794947251395643,0.25,1.0,1,1,0.7179977393455276,True
6351,4,0.23964036614754392,0.2727272727272727,1.036,1,2,0.5318155681757872,False
6352,4,0.5939914006415153,0.5714285714285714,1.0526315789473684,0,1,0.8581391717035065,True
6353,4,0.7399826208224691,0.42857142857142855,1.0,1,1,0.8611830279715345,True
6354,4,0.376569222912354,0.36363636363636365,1.0303030303030303,1,2,0.6283781518109224,False
6355,3,0.5476656779550905,0.6666666666666666,1.0294117647058822,0,2,0.8279678302347214,False
6356,3,0.25825946287900337,0.21428571428571427,1.1398176291793314,1,1,0.485444531710049,False
6357,4,0.6542893798389499,0.5454545454545454,1.0345942450695118,1,1,0.8731586519656105,True
6358,4,0.871908230908215,0.8,1.0153846153846153,1,1,1.0,True
6359,3,0.75756288074954,0.5,1.0,1,1,0.8984793298450411,True
6360,3,0.5841518335165891,0.6666666666666666,1.0042177914110428,1,1,0.8936047540467922,True
6361,2,0.9600542080483824,0.8571428571428571,1.0042177914110428,1,1,1.0,True
6362,3,0.40399027180845387,0.2857142857142857,1.0,0,2,0.6076624974417183,False
6363,4,0.5760996145169163,0.3333333333333333,1.0,0,1,0.7512649141580434,True
6364,4,0.9021068086498747,1.0,1.0106382978723405,1,1,1.0,True
6365,4,0.26695734462259946,0.42857142857142855,1.2666666666666666,0,1,0.4984579096001617,False
6366,3,0.8654694477320226,0.75,1.0227272727272727,1,1,1.0,True
6367,4,0.881083648581682,0.6,1.0294117647058822,1,1,0.9583333333333333,True
6368,3,0.8656818798159062,0.75,1.0,1,1,1.0,True
6369,4,0.9621816440635892,1.0,1.0,1,1,1.0,True
6370,2,0.8913746247261221,1.0,1.0,0,1,1.0,True
6371,3,0.7326441389331603,0.5714285714285714,1.0,1,1,0.9175617738284974,True
6372,2,0.9492471447772405,1.0,1.0,0,2,0.9500000000000001,False
6373,3,0.6301644088898493,0.4,1.0,1,1,0.8022133180956497,True
6374,3,0.7009689525541057,0.5,1.0,1,1,0.8742247891898549,True
6375,2,0.8000889185381574,0.75,1.0,1,1,1.0,True
6376,2,0.6762578010129024,0.6666666666666666,1.0,1,1,0.9330787401166407,True
6377,3,0.6708290744881312,0.4444444444444444,1.0,1,1,0.8381595504420034,True
6378,3,0.7950504042132508,0.8333333333333334,1.0294117647058822,1,1,0.9978787446628217,True
6379,4,0.8312529369315802,0.6666666666666666,1.0294117647058822,1,1,0.9861111111111112,True
6380,2,0.6573282569946645,0.8,1.0,1,1,0.9388549672834277,True
6381,4,0.601369295392795,0.3333333333333333,1.0,2,1,0.657094777390563,False
6382,4,0.6913119151174669,0.5714285714285714,1.0,2,1,0.7948479636217716,False
6383,2,0.6872181745519529,0.5714285714285714,1.0,2,1,0.7930935033794084,False
6384,3,0.9120196508806541,1.0,1.0106382978723405,1,1,1.0,True
6385,2,0.9131697719326328,0.875,1.035294117647059,1,1,1.0,True
6386,3,0.8019742961046016,0.5,1.0210526315789474,1,1,0.9166666666666667,True
6387,3,0.20840898856713172,0.3333333333333333,1.0227272727272727,0,1,0.5936832173224215,False
6388,4,0.41908236719013703,0.3333333333333333,1.0294117647058822,1,2,0.6339718081608524,False
6389,4,0.6486259747400247,0.5,1.0,2,1,0.7467920844123916,False
6390,3,0.7626784353273401,0.4,1.0119047619047619,2,1,0.7540050437117174,False
6391,4,0.6828936068955916,0.4,1.0119047619047619,2,1,0.7198115458123966,False
6392,2,0.9999999999999989,1.0,1.0,1,1,1.0,True
6393,4,0.5814419547301712,0.375,1.0210526315789474,1,1,0.7709155996462639,True
6394,2,0.8094305584617054,0.5,1.0,1,1,0.9166666666666667,True
6395,4,0.6909715988721983,0.6,1.0,2,1,0.8066068757071327,False
6396,4,0.571781994076175,0.3333333333333333,1.0119047619047619,2,1,0.6444145053977258,False
6397,3,0.6022233617016072,0.3333333333333333,1.0119047619047619,2,1,0.6574608058086253,False
6398,2,0.9999999999999997,1.0,1.0,1,1,1.0,True
6399,3,0.7763147759951562,0.6666666666666666,1.0,1,2,0.9259603008233209,False
6400,3,0.540085168694856,0.3,1.0119047619047619,2,1,0.616941262773986,False
6401,3,0.49927538692966394,0.25,1.0119047619047619,2,1,0.578618022969856,False
6402,2,0.9338894037088517,0.75,1.0,1,1,1.0,True
6403,3,0.7536029790041325,0.5,1.0,2,1,0.7917822290970092,False
6404,4,0.6219196799439092,0.6,1.0,1,1,0.8820131961664373,True
6405,3,0.447133543395672,0.3333333333333333,1.0,1,1,0.6959937408203674,True
6406,2,0.9117655569785964,0.9090909090909091,1.0,1,1,1.0,True
6407,4,0.7894460360000334,1.0,1.0,1,1,0.9954768725714429,True
6408,4,0.40610599770712896,0.375,1.1614583333333333,1,2,0.5657716180649601,False
6409,4,0.7937499115873214,1.0,1.0,1,1,0.9973213906802807,True
6410,2,0.47971268680445284,0.5714285714285714,1.0,0,1,0.8091625800590512,True
6411,2,0.8383835012449032,1.0,1.15,0,1,0.92,True
6412,3,0.7414473993749805,0.6666666666666666,1.0086455331412103,1,1,0.9610171394146743,True
6413,3,0.8030793369747993,0.6666666666666666,1.0,1,1,0.9861111111111112,True
6414,3,0.9220838552967745,1.0,1.0,1,1,1.0,True
6415,3,0.6700882461571869,0.5,1.0,1,1,0.8609902007340324,True
6416,2,0.7982499336835075,0.7142857142857143,1.0227272727272727,2,1,0.894249971578646,False
6417,3,0.6018605738257525,0.5714285714285714,1.0,0,1,0.861511674496751,True
6419,3,0.12470257112992494,0.0,1.0,0,2,0.41058681619853926,False
6420,4,0.8602618525618687,0.8333333333333334,1.0153846153846153,1,1,1.0,True
6421,4,0.5812100271716731,0.75,1.0,0,1,0.90623286878786,True
6422,3,0.5448703429796999,1.0,1.0294117647058822,0,2,0.8406587184198715,False
6423,4,0.5926737514384247,0.75,1.0,0,1,0.9111458934736106,True
6424,2,0.6441567922481226,0.6,1.0,1,1,0.8915433871539573,True
6425,4,0.539693372697598,0.3333333333333333,1.0,1,1,0.7356622390926213,True
6426,4,0.9607234659379635,1.0,1.0,1,1,1.0,True
6427,4,0.2772883993057975,0.2222222222222222,1.0,0,1,0.5769066684855534,False
6428,3,0.46814251988469874,0.42857142857142855,1.0,1,1,0.7446801275696328,True
6429,4,0.5106604152747952,0.6666666666666666,1.2666666666666666,0,1,0.7021084319431662,False
6430,3,0.7527618863637574,0.6666666666666666,1.0294117647058822,1,1,0.9658662052670071,True
6431,3,0.4308257288219434,0.3333333333333333,1.0294117647058822,1,1,0.6890046774316265,True
6432,4,0.9426791338167759,1.0,1.0,1,1,1.0,True
6433,4,0.585483732798245,0.4444444444444444,1.0,1,1,0.801582975432052,True
6434,4,0.4831998900894961,0.5,1.0,0,1,0.7808951909907365,True
6435,3,0.9614378667820624,1.0,1.0,1,1,1.0,True
6437,4,0.6958423713698844,0.6666666666666666,1.0,1,1,0.9414721274124902,True
6438,3,0.967197229074942,1.0,1.0,1,1,1.0,True
6439,2,0.7438589233023426,0.6666666666666666,1.0294117647058822,1,1,0.962050649669258,True
6440,2,0.6913016929744793,0.5714285714285714,1.0,1,1,0.8998435827033484,True
6441,3,0.7241251203466725,0.3333333333333333,1.0,1,1,0.8147044166565105,True
6442,4,0.9336074366122087,1.0,1.0105263157894737,1,1,1.0,True
6443,4,0.659736189181901,0.42857142857142855,1.0294117647058822,1,1,0.8267917001255767,True
6444,4,0.41195801444751723,0.4,1.0,0,2,0.6586962919060789,False
6445,2,0.8289780170835531,0.8,1.0106382978723405,1,1,1.0,True
6446,2,1.0,1.0,1.0,1,1,1.0,True
6447,4,0.5749587557668719,0.8333333333333334,1.0,0,1,0.9035537524715166,True
6448,2,0.6945614962222332,0.6666666666666666,1.0,0,1,0.9409231809206396,True
6449,4,0.8422754645626109,0.75,1.0294117647058822,1,1,1.0,True
6450,2,0.826958514320195,0.8,1.0204081632653061,1,1,1.0,True
6451,4,0.7290189475552254,0.5555555555555556,1.0210526315789474,1,1,0.9093943637670543,True
6452,2,0.7831419726618337,0.5714285714285714,1.0,1,1,0.9392037025693574,True
6453,3,0.4182655267645835,0.25,1.0,1,1,0.6488995114705358,True
6454,2,0.9999999999999998,1.0,1.0,1,1,1.0,True
6455,3,0.4450975207535574,0.3,1.0,1,1,0.6812322707991436,True
6456,3,0.7795991750654058,0.7777777777777778,1.0,1,1,0.9912567893137454,True
6457,4,0.10101241678172193,0.16666666666666666,1.2,0,1,0.39821167068423,False
6458,4,0.5263059777618253,0.8333333333333334,1.0,0,1,0.8827025618979252,True
6459,4,0.5289982027324737,0.8333333333333334,1.0,0,1,0.8838563725996316,True
6460,3,0.8686707460608825,0.8,1.0,1,1,1.0,True
6461,4,0.7639518725122835,0.5714285714285714,1.0210526315789474,1,1,0.9309793739338359,True
6462,3,0.5621258742967162,0.42857142857142855,1.0037147102526003,1,1,0.784958708031926,True
6463,2,0.8046134781150268,0.625,1.0,1,1,0.96875,True
6464,3,0.5405617001716552,0.42857142857142855,1.0037147102526003,1,1,0.7757169191211856,True
6465,2,0.7735247019278665,0.6,1.0256410256410255,1,1,0.9469867770167046,True
6466,2,0.8541175699747012,0.7777777777777778,1.0,2,1,0.895,False
6467,2,0.6529099126744287,0.375,1.0,2,1,0.6965447244795171,False
6468,3,0.6042562402447283,0.3333333333333333,1.0107142857142857,2,1,0.658332039469963,False
6469,2,0.8720773620117056,0.8,1.0,2,1,0.895,False
6470,3,0.2018561854542986,0.0,1.105263157894737,0,1,0.41365265090898506,False
6471,3,0.8853185550076441,0.6666666666666666,1.0,1,1,0.9861111111111112,True
6472,3,0.9999999999999992,1.0,1.0,1,1,1.0,True
6473,4,0.7312580112164786,0.8,1.0235294117647058,1,1,0.9705391476642051,True
6474,4,0.015958753516232365,0.0,1.1851851851851851,0,1,0.37,False
6475,4,0.5190534172293574,0.375,1.0,2,1,0.6391776550030579,False
6476,4,0.56010270631988,0.375,1.0238095238095237,1,1,0.7617702074704248,True
6477,2,0.8425723905911334,0.8571428571428571,1.0222222222222221,1,1,1.0,True
6478,4,0.4638849238934911,0.42857142857142855,1.0,1,1,0.7428554435734009,True
6479,4,0.5371258714676912,0.5714285714285714,1.0084033613445378,1,1,0.8337682306290106,True
6480,4,0.5525488219954492,0.375,1.0272727272727273,1,1,0.7585328284742401,True
6481,3,0.4220468011500379,0.25,1.0344827586206897,0,1,0.6505200576357305,True
6482,4,0.48271767285495787,0.375,1.0,2,1,0.6236051931283153,False
6483,3,0.7415510533720773,0.6666666666666666,1.0272727272727273,1,1,0.961061562556287,True
6484,2,0.6765954106885156,0.5,1.0,1,1,0.8637789855331734,True
6485,2,0.6386703381511696,0.5,1.0,1,1,0.847525383017168,True
6486,4,0.40637944620785227,0.2727272727272727,1.01875,1,2,0.6032751739159194,False
6487,4,0.724760006670388,0.8333333333333334,1.0256410256410255,1,1,0.9677542885730235,True
6488,4,0.3970999616814459,0.16666666666666666,1.0,0,2,0.5551063327841118,False
6489,4,0.5732010112175198,0.3333333333333333,1.09375,1,2,0.7000226556011594,False
6490,3,0.5633456588347289,0.36363636363636365,1.01875,1,2,0.7084251957776545,False
6491,3,0.7720904336095337,0.75,1.0666666666666667,0,1,0.9880387572612288,True
6493,3,0.3849691755184726,0.3,1.0294117647058822,0,1,0.6554629799841073,False
6494,2,0.5917303997634036,0.3333333333333333,1.0,1,1,0.7579638221208238,True
6495,4,0.9294965030699512,1.0,1.0,1,1,1.0,True
6496,4,0.923258680050948,1.0,1.0,1,1,1.0,True
6497,3,0.9596770509511392,1.0,1.0,0,1,1.0,True
6498,4,0.35168624869291626,0.375,1.1428571428571428,0,1,0.5924488684874403,False
6499,3,0.7407362448522036,0.5714285714285714,1.0240963855421688,1,1,0.9210298192223729,True
6500,4,0.5678480345197313,0.25,1.0240963855421688,2,1,0.6080063005084563,False
6501,3,0.3584082184010574,0.2857142857142857,1.0,0,2,0.5881273316956913,False
6502,3,0.7229112865591475,0.5714285714285714,1.0240963855421688,1,1,0.9133905513824918,True
6503,3,0.8498028062364823,1.0,1.0,1,1,1.0,True
6504,3,0.9275531155994338,1.0,1.0,1,1,1.0,True
6505,4,0.6910426019896198,0.6666666666666666,1.1700000000000002,0,1,0.8594150833923767,True
6506,2,0.8130906225596977,0.5,1.0119047619047619,1,1,0.9166666666666667,True
6507,4,0.7139380911172294,0.5,1.0294117647058822,1,1,0.8797829914311937,True
6508,2,0.7105798021447469,0.5,1.0,0,1,0.8783437247287011,True
6509,2,0.35228327291492684,0.5714285714285714,1.25,0,1,0.5945499741063972,False
6510,4,0.34075155065263013,0.3333333333333333,1.0,0,1,0.6504014582162065,False
6511,2,1.0000000000000007,1.0,1.0,1,1,1.0,True
6512,3,0.6718325891424339,0.6,1.0,1,2,0.8534044429658051,False
6513,4,0.7078529881695643,0.3333333333333333,1.0,2,1,0.7027306457234641,False
6514,3,0.6690372684549015,0.5,1.0,1,2,0.8105397817187675,False
6515,3,0.789872159639232,0.8,1.0,0,1,0.9956594969882422,True
6516,2,1.0000000000000002,1.0,1.0,1,1,1.0,True
6517,3,0.81119218299028,0.8333333333333334,1.0,0,1,1.0,True
6518,2,0.8161812834934661,0.7142857142857143,1.0315789473684212,1,1,1.0,True
6519,3,0.5971419864214204,0.2857142857142857,1.0,1,1,0.7404418037044183,True
6521,2,0.8367027361480645,0.7142857142857143,1.0315789473684212,1,1,1.0,True
6522,2,1.0000000000000004,1.0,1.0,0,1,1.0,True
6523,3,0.8085776876181876,0.5,1.0,1,1,0.9166666666666667,True
6524,2,0.9480247212251066,1.0,1.0222222222222221,1,1,1.0,True
6525,4,0.49382782928609215,0.4,1.0,0,1,0.7437833554083252,True
6526,3,0.5384481031627627,0.25,1.0,0,1,0.7004063299268983,True
6527,4,0.7823800474230886,0.75,1.0,1,1,0.9924485917527524,True
6528,2,1.0000000000000007,1.0,1.0,1,1,1.0,True
6529,3,0.7164969976876201,0.2,1.0256410256410255,2,1,0.6508796656756468,False
6530,2,0.7002411912183988,0.5,1.0,0,1,0.873912891474552,True
6531,4,0.7563976902789101,0.6666666666666666,1.0,0,2,0.9174244069449299,False
6532,2,0.6934383648200078,0.5,1.0526315789473684,0,1,0.87099739444667,True
6533,3,0.723158697961358,0.2857142857142857,1.2272727272727273,1,2,0.584448965792963,False
6534,4,0.5500673705095009,0.2222222222222222,1.005413766434648,2,2,0.5388119418585692,False
6535,2,0.5463638375068737,0.5714285714285714,1.0,0,1,0.8377273589315173,True
6536,3,0.6831575754551168,0.25,1.0031982942430704,2,1,0.6574246751950501,False
6537,4,0.44169041672010106,0.42857142857142855,1.2571428571428571,0,1,0.5733435119276623,False
6538,4,0.5039581714846395,0.2857142857142857,2.072857142857143,2,1,0.4355058830172265,False
6539,2,0.9063698061065878,0.75,1.0294117647058822,0,1,1.0,True
6540,4,0.6511782842670291,0.42857142857142855,1.0107142857142857,2,1,0.7181240265906315,False
6541,3,0.6213082104953577,0.3333333333333333,1.005413766434648,2,2,0.6156400267202328,False
6542,3,0.5856163679117639,0.42857142857142855,2.0214285714285714,2,1,0.530026062438375,False
6543,2,0.7568978721036226,0.5,1.0,1,2,0.848194326139648,False
6544,4,0.5454110551155976,0.3333333333333333,1.0107142857142857,2,1,0.6331126744146212,False
6545,3,0.5555439368383891,0.3333333333333333,2.0714285714285716,2,1,0.4774553380101033,False
6546,4,0.5466477315578091,0.2857142857142857,1.0,1,2,0.6688014087628706,False
6547,3,0.3394111973710887,0.2857142857142857,1.0,0,1,0.6299857512542761,False
6548,2,0.7689712007537639,1.0,1.0,0,1,0.9867019431801844,True
6549,4,0.7562452951115564,0.75,1.0,1,1,0.9812479836192385,True
6550,4,0.37115030431613844,0.6666666666666666,1.0,0,1,0.8023183843894561,False
6551,4,0.5040746269671943,0.4,1.0,0,1,0.7481748401287975,True
6552,4,0.3428274654827235,0.3333333333333333,1.0,0,1,0.6512911360005322,False
6553,2,0.7983252681801386,1.0,1.0,0,1,0.9992822577914879,True
6554,4,0.5807986903020818,0.3333333333333333,2.0,2,1,0.48827880378025734,False
6555,2,0.8876224828470154,0.8,1.0,1,1,1.0,True
6556,4,0.6492538625004566,0.3333333333333333,1.0,1,1,0.782616734722418,True
6557,4,0.9091280682334494,1.0,1.0,1,1,1.0,True
6558,2,0.8209534502056345,0.5714285714285714,1.0,1,1,0.9464285714285714,True
6559,3,0.7440870335829929,0.25,1.0,0,1,0.788537300106997,True
6560,2,0.6917747090468025,0.5,1.0,0,1,0.8702843991152964,True
6561,2,0.9463989112700079,1.0,1.0,1,1,1.0,True
6562,3,0.5995425361609403,0.375,1.0,1,1,0.7786729916880221,True
6563,4,0.32706395174983366,0.125,1.2352941176470589,0,1,0.39772978884516685,False
6564,2,0.4175023855260415,0.6,1.105263157894737,0,1,0.7144057842730653,True
6565,4,0.3269193071672577,0.1,1.0,1,2,0.49725113164311047,False
6566,4,0.29534378724835114,0.14285714285714285,1.0178571428571428,0,1,0.5515759088207219,False
6567,3,0.35621125614717825,0.2222222222222222,1.105263157894737,0,1,0.5307307499890023,False
6568,2,0.8732722069714526,1.0,1.0,0,1,1.0,True
6569,3,0.2139427168232398,0.1,1.2142857142857142,0,2,0.2888325929242456,False
6570,3,0.38706994502796527,0.0,1.0,0,1,0.5730299764405565,False
6571,4,0.34131814900373636,0.2857142857142857,1.2666666666666666,0,2,0.4208030162396965,False
6572,2,0.5725041750664284,1.0,1.0434782608695652,0,1,0.9025017893141836,True
6573,4,0.6500897034289209,0.5,1.0,1,1,0.8524193967076328,True
6574,4,0.9578376634510234,1.0,1.0,1,1,1.0,True
6575,2,0.9999999999999999,1.0,1.0,1,1,1.0,True
6576,3,0.697528508940838,0.3333333333333333,1.0038131553860818,1,1,0.8033058689111527,True
6577,4,0.5518775708150752,0.2857142857142857,1.0,2,1,0.616042768444556,False
6578,3,0.9467199797829534,1.0,1.0,1,1,1.0,True
6579,3,0.783136089965865,0.75,1.0,1,1,0.9927726099853706,True
6580,3,0.7035609501856362,0.5,1.0,1,1,0.8753356453176537,True
6581,4,0.6982630032490501,0.3333333333333333,1.0,2,1,0.6986206521861009,False
6582,4,0.5324496028931583,0.3333333333333333,1.0285714285714285,2,1,0.6275577663192901,False
6583,4,0.9016598622391873,1.0,1.0,1,1,1.0,True
6584,3,0.778447198963709,0.8,1.0,0,1,0.990763085270161,True
6585,3,0.4430496083357093,0.3333333333333333,1.1764705882352942,0,3,0.5642434829375262,False
6586,3,0.8186215064558533,0.75,1.0,0,2,0.9500000000000001,False
6587,2,0.9180498490191952,0.6666666666666666,1.0,0,2,0.9361111111111112,False
6588,4,0.7464659688921764,0.5714285714285714,1.0,0,2,0.8734854152395043,False
6590,3,0.6184446932630715,0.375,1.002415458937198,1,2,0.736773916160364,False
6591,2,0.9241966580455534,1.0,1.0204081632653061,1,2,0.9500000000000001,False
6592,2,0.9200589592962152,1.0,1.0204081632653061,1,2,0.9500000000000001,False
6593,2,0.440635657669868,0.375,1.0,0,2,0.6605700437632769,False
6594,2,0.7416805348392151,0.7777777777777778,1.0101010101010102,0,1,0.9750059435025207,True
6595,2,0.9060417917948781,0.75,1.0,0,2,0.9500000000000001,False
6596,3,0.6958838054279793,0.5,1.0,1,2,0.8220454404215151,False
6597,2,0.8967145823797376,1.0,1.0,1,2,0.9500000000000001,False
6598,4,0.8469713452464545,0.5714285714285714,1.0,1,2,0.8964285714285715,False
6599,4,0.9579441734829139,1.0,1.0,1,2,0.9500000000000001,False
6600,4,0.5260213146345372,0.8333333333333334,1.0256410256410255,1,2,0.8325805634148017,False
6601,4,0.8355498588634768,0.625,1.0,1,2,0.9187500000000001,False
6603,2,0.7029426217039066,0.5,1.0570824524312896,0,2,0.8250706473969125,False
6604,3,0.93921041070047,1.0,1.0,1,1,1.0,True
6605,4,0.720595910366864,0.4444444444444444,1.0,1,1,0.8594881943900317,True
6606,4,0.7848545501328462,0.5,1.0,1,2,0.8601757595807437,False
6607,2,0.9165367085787407,0.75,1.0,1,2,0.9500000000000001,False
6608,4,0.2771702970205754,0.25,1.2137931034482758,0,1,0.42843012729453234,False
6609,2,0.7295805423314398,0.6,1.0,0,1,0.9281535657610933,True
6610,3,0.8802098292393882,0.75,1.0,1,3,0.9500000000000001,False
6611,4,0.37370755559344815,0.0,1.0,1,2,0.5173032381114778,False
6612,2,0.8681631955885551,0.5714285714285714,1.0,1,1,0.9464285714285714,True
6613,3,0.667666209345203,0.6666666666666666,1.0,1,2,0.8793966294019125,False
6614,3,0.53811831701717,0.4,1.127906976744186,0,2,0.6327649930073587,False
6615,3,0.7086718181228767,0.75,1.0,0,2,0.9108593506240902,False
6616,4,0.34665770559512277,0.2222222222222222,1.011764705882353,1,2,0.5566363711809786,False
6617,3,0.7855115762563982,0.5,1.011764705882353,1,2,0.8604573422051232,False
6618,2,0.6843278427894146,0.5,1.0,1,1,0.8670928850049873,True
6619,2,0.6446591631901253,0.5,1.0,0,2,0.8000920223195777,False
6620,2,1.0000000000000002,1.0,1.0,1,1,1.0,True
6621,4,0.7115799711395601,0.5,1.0,2,2,0.7237723685836212,False
6622,4,0.5352960649331399,0.25,1.0277777777777777,1,2,0.6490554563999171,False
6623,2,0.726376899255418,0.75,1.0,0,2,0.9184472425380364,False
6624,3,0.6973932889121747,0.2857142857142857,1.0,0,2,0.7334066476290274,False
6625,2,0.742024921133664,0.5,1.0,1,2,0.8418202042953798,False
6626,3,0.8977627989149893,0.75,1.0,1,2,0.9500000000000001,False
6627,3,0.7580414343436598,0.5,1.011764705882353,1,2,0.848684424242521,False
6628,2,0.8894113988911109,1.0,1.0,0,1,1.0,True
6629,2,0.8984476741509972,1.0,1.0,1,2,0.9500000000000001,False
6630,3,0.37104050470473154,0.16666666666666666,1.1666666666666667,0,2,0.46393799407980557,False
6631,2,0.626729576599519,0.3333333333333333,1.0,0,1,0.7729634693363019,True
6632,2,0.42330082774774935,0.5,1.2,0,2,0.625224164272845,False
6633,4,0.3373149019948159,0.2857142857142857,1.0,1,2,0.5790873389501593,False
6634,3,0.7511004104079716,0.4,1.0,1,2,0.804043033031988,False
6635,3,0.28246485878833694,0.18181818181818182,1.0,1,2,0.5122901342859107,False
6636,4,0.40416826493559765,0.4,1.0,0,2,0.6553578278295419,False
6637,3,0.8171232499124016,0.6,1.0,1,1,0.9583333333333333,True
6638,3,0.6784766888060124,0.25,1.0,0,1,0.7604185809168624,True
6639,3,0.8172783608339644,0.5555555555555556,1.0285714285714285,0,2,0.889814814814815,False
6640,2,0.6190011157168487,0.3333333333333333,1.0294117647058822,0,2,0.7196512718151574,False
6641,2,0.8620721119774433,0.875,1.0,1,1,1.0,True
6642,2,0.96735207648209,1.0,1.0,1,2,0.9500000000000001,False
6643,2,0.8041716744294117,0.7142857142857143,1.0,0,2,0.9500000000000001,False
6644,2,0.9446837306383858,0.8571428571428571,1.0,0,1,1.0,True
6646,2,0.7859730239545021,0.6666666666666666,1.0,0,1,0.9800995499487548,True
6647,3,0.8872522146576117,0.8,1.0035419126328218,1,2,0.9500000000000001,False
6648,4,0.3147592113927273,0.09090909090909091,1.0526315789473684,0,1,0.5420396620254545,False
6649,2,0.7609405577458961,0.8,1.1966666666666665,0,2,0.8532602390339555,False
6650,2,0.85375097218199,1.0,1.0,1,2,0.9500000000000001,False
6651,3,0.8900522547943447,1.0,1.0,1,2,0.9500000000000001,False
6652,3,0.8184075505566906,0.5714285714285714,1.0,1,1,0.9464285714285714,True
6653,3,0.802072505457642,0.6666666666666666,1.0,1,2,0.9361111111111112,False
6654,3,0.6658535479005797,0.2857142857142857,1.0,1,2,0.7198896157669151,False
6655,2,0.7554159659450412,0.42857142857142855,1.0285714285714285,0,1,0.867797318738351,True
6656,4,0.5660755157204477,0.5,1.0026385224274408,1,2,0.7664133162611443,False
6657,2,0.5402188498364225,0.2222222222222222,1.0,0,1,0.6895911472843927,False
6658,3,0.7151575090764906,0.6666666666666666,1.0,1,2,0.8997500435724642,False
6659,2,0.46080880369438004,0.5714285714285714,1.0,0,1,0.8010609158690201,True
6660,3,0.6994709544987178,0.6666666666666666,1.0,0,2,0.8930272344677045,False
6661,4,0.7187387983084809,0.4444444444444444,1.0,0,2,0.8086922892221532,False
6662,3,0.5355447751397873,0.375,1.0,0,2,0.7012453798218137,False
6663,4,0.64894279350865,0.5714285714285714,1.0666666666666667,0,1,0.8816897686465643,True
6664,3,0.7717932186090398,0.5714285714285714,1.0,0,1,0.9343399508324457,True
6665,2,0.8308947239314173,0.625,1.0,0,1,0.96875,True
6666,4,0.3055648811759818,0.25,1.3333333333333333,0,1,0.44059923478970653,False
6667,4,0.7192511127372724,0.4,1.0,0,1,0.8403933340302596,True
6668,3,0.7663300737746176,0.5714285714285714,1.0,0,1,0.9319986030462648,True
6669,4,0.6641078567148404,0.4,1.0,0,2,0.7667605100206459,False
6671,3,0.4278730709736,0.25,1.0,0,1,0.6530170304172571,True
6672,3,0.4977291892227237,0.3333333333333333,1.0,0,1,0.7176775890319609,True
6673,4,0.34813376993588724,0.375,1.1764705882352942,0,1,0.5909263775915707,False
6674,3,0.42828837025967703,0.3333333333333333,1.0,0,1,0.6879172380477981,True
6675,4,0.4410126423661158,0.16666666666666666,1.0,0,1,0.6239260530775417,False
6676,4,0.7023032109832987,0.625,1.0666666666666667,0,1,0.9268799475642711,True
6677,4,0.6478193395352629,0.5,1.0,0,1,0.8514463836103507,True
6678,3,0.46598834239365305,0.25,1.1111111111111112,0,2,0.5393521467401371,False
6679,4,0.6179257187790995,0.3333333333333333,1.0,0,1,0.7691903874132648,True
6680,4,0.7691750772651063,0.5,1.0,0,1,0.9034559854945694,True
6681,4,0.24735271809403603,0.2727272727272727,1.0666666666666667,0,1,0.585120861867141,False
6682,3,0.5824005547489637,0.42857142857142855,1.0,0,1,0.793647856797175,True
6683,4,0.4438917204028503,0.4,1.0666666666666667,0,1,0.7223821658869358,True
6684,2,0.48136403912958603,0.42857142857142855,1.0,0,1,0.7503464929602988,True
6685,4,0.36042134654358754,0.375,1.0204081632653061,0,2,0.6261924818520137,False
6686,2,0.3111782613127386,0.5,1.0,0,1,0.7071716358006975,False
6687,2,0.4878164210504431,0.6666666666666666,1.0,0,1,0.8523181487041582,True
6688,4,0.5749418430633885,0.4,1.0,0,1,0.7785465041700237,True
6689,4,0.5364407186334654,0.4,1.0,0,1,0.7620460222714853,True
6690,4,0.15995816713629638,0.14285714285714285,1.0666666666666667,0,1,0.49355350020126987,False
6691,4,0.33772322824559287,0.42857142857142855,1.0,0,3,0.6387861454385875,False
6692,2,0.86381559130556,0.8571428571428571,1.0285714285714285,1,2,0.9500000000000001,False
6693,4,0.3825404751514583,0.3333333333333333,1.0666666666666667,0,1,0.668310997287133,False
6694,3,0.5288470975657208,0.4444444444444444,1.0666666666666667,0,2,0.7273101317609704,False
6695,2,0.7778835941361737,0.5714285714285714,1.0,0,1,0.936950111772646,True
6696,2,0.6536753085913943,0.625,1.0,0,1,0.9060394179677405,True
6697,3,0.31460885978618,0.25,1.0,0,1,0.6044752256226485,False
6698,2,0.7060093231902337,0.625,1.0,0,1,0.9284682813672431,True
6699,2,0.6922325111122141,0.625,1.0,0,1,0.922563933333806,True
6700,4,0.3227941051093561,0.3333333333333333,1.25,0,1,0.4827054101262319,False
6701,4,0.4450998863322039,0.4,1.0714285714285714,0,1,0.7228999512852302,True
6702,2,0.5626962770953018,0.6,1.0714285714285714,0,1,0.8566317378027484,True
6703,4,0.5816662053208137,0.3333333333333333,1.0,0,2,0.7036505959311424,False
6704,2,0.5350818698909503,0.4,1.0222222222222221,0,1,0.761463658524693,True
6705,2,0.5129881082359627,0.3333333333333333,1.125,0,1,0.6442171257519206,True
6706,3,0.49219970963043425,0.2857142857142857,1.0,0,2,0.645466542222567,False
6707,4,0.6399738509973412,0.3333333333333333,1.0,0,1,0.7786395869353684,True
6708,4,0.1462107919206687,0.16666666666666666,1.0,0,2,0.4475824028866358,False
6709,4,0.4894246217749234,0.3333333333333333,1.0,0,1,0.7141184886971894,True
6710,3,0.5468176428553296,0.3333333333333333,1.0,0,1,0.7387154977316492,True
6711,4,0.6255601621333701,0.375,1.0,0,2,0.7398234028190634,False
6712,4,0.23909919012035483,0.2222222222222222,1.0666666666666667,0,2,0.5105398645489352,False
6713,4,0.1800462188573223,0.1111111111111111,1.0,0,1,0.4889351519970535,False
6714,2,0.687942570129928,0.4,1.25,0,1,0.6669753871985407,False
6715,4,0.5062257306370986,0.3333333333333333,1.0666666666666667,0,1,0.7213189639238359,True
6716,2,0.7674974852560363,0.5,1.0,0,1,0.9027370174906824,True
6717,3,0.7255103902784311,0.5,1.0,0,1,0.8847425482145658,True
6718,2,0.5473645884624594,0.3333333333333333,1.0,0,2,0.6889499029918478,False
6719,4,0.09432821384166265,0.125,1.2121212121212122,0,1,0.30041666666666667,False
6720,3,0.3773543204826947,0.3333333333333333,1.0,0,1,0.6660883595719486,False
6721,4,0.2756366225357241,0.2857142857142857,1.1764705882352942,0,1,0.5226537906105484,False
6722,4,0.29505373819228586,0.14285714285714285,1.1111111111111112,0,1,0.4714516020824082,False
6723,3,0.5856984275198479,0.25,1.0,0,3,0.6706564689370778,False
6724,2,0.4432769733108964,0.6666666666666666,1.0,0,1,0.833229813958638,True
6725,3,0.34389987323960663,0.5,1.2352941176470589,0,3,0.5111951837693554,False
6726,3,0.21384751822370068,0.125,1.0204081632653061,0,2,0.4592084601911098,False
6727,4,0.5162175320153105,0.2,1.0,0,1,0.6700456089589426,False
6728,4,0.3052560517593905,0.125,1.1428571428571428,0,1,0.46838354599211973,False
6729,4,0.5508118392362515,0.2,1.0714285714285714,0,2,0.6348717406250602,False
6730,4,0.5241755907760641,0.2,1.2,0,2,0.5434562055706942,False
6731,4,0.3517469073516556,0.25,1.0,0,2,0.5703915317221382,False
6732,2,0.724982009612208,0.4,1.0,0,1,0.8428494326909464,True
6733,3,0.9220266627950724,1.0,1.0,1,2,0.9500000000000001,False
6734,3,0.3658731361760506,0.2857142857142857,1.25,0,2,0.4313265821706883,False
6735,3,0.9121104682136014,1.0,1.018181818181818,1,1,1.0,True
6736,3,0.9251991498264912,1.0,1.0,1,2,0.9500000000000001,False
6737,3,0.5904445814580026,0.5,1.0,0,1,0.8268572015772393,True
6738,4,0.5852737186719327,0.4,1.0,0,2,0.7329744508593999,False
6739,3,0.676858378816987,0.6,1.018181818181818,1,1,0.9055583528263278,True
6740,4,0.717116228538102,0.625,1.018181818181818,0,1,0.9332283836591866,True
6741,4,0.6076762866635937,0.6,1.0,0,1,0.8759088847605878,True
6742,4,0.5768515107890707,0.3333333333333333,1.2,0,2,0.6215871554175383,False
6743,2,0.8330066880355468,0.8,1.0,0,1,1.0,True
6744,3,0.7841916765211819,0.5,1.0,1,2,0.8598916708900305,False
6745,3,0.509541974692115,0.6,1.0,0,2,0.783851322487097,False
6746,2,0.9999999999999996,1.0,1.0,0,1,1.0,True
6747,3,0.8271465077388281,1.0,1.0,0,1,1.0,True
6748,4,0.7812612334002454,0.6,1.0222222222222221,1,2,0.9003024333620101,False
6749,4,0.5081105815135583,0.4,1.0,0,1,0.7499045349343821,True
6750,3,0.4176478098100078,0.6666666666666666,1.1428571428571428,0,2,0.6922458867439717,False
6751,3,0.7774288231009268,0.8333333333333334,1.0,1,2,0.9403266384718257,False
6752,4,0.7225655957255127,0.8,1.0285714285714285,1,2,0.9168138267395055,False
6753,2,0.11902241951825393,0.3333333333333333,1.0,0,1,0.5553746877300453,False
6754,4,0.36240151390422715,0.3333333333333333,1.0,0,2,0.6096800138954624,False
6755,3,0.6921014917104336,0.6,1.0294117647058822,0,1,0.9120911154949478,True
6756,3,0.29084541431239513,0.3333333333333333,1.1,0,2,0.5790131140703916,False
6757,4,0.1464080437880079,0.18181818181818182,1.0,0,1,0.503980070714341,False
6758,3,0.7351873040343512,0.75,1.0,0,2,0.9222231303004363,False
6759,4,0.6401154092708283,0.375,1.01,1,2,0.7460613658779741,False
6760,2,0.8266076922197975,0.6666666666666666,1.0,0,1,0.9861111111111112,True
6761,4,0.35849395177514815,0.375,1.1290322580645162,0,1,0.5953664555226825,False
6762,3,0.22735337950591394,0.2222222222222222,1.0,0,1,0.5555059457141748,False
6763,4,0.18505984532636982,0.14285714285714285,1.1764705882352942,0,1,0.4243113622827299,False
6764,4,0.5713538217130171,0.6,1.2,0,1,0.7803421140674835,True
6765,3,0.6020789528662449,0.42857142857142855,1.0952380952380953,0,1,0.8020814559902955,True
6766,2,0.3943391593817066,0.6666666666666666,1.125,0,1,0.7322564651318425,False
6767,4,0.3916971203331805,0.1,1.0,0,1,0.5750130515713631,False
6768,2,0.38052695636460826,0.6666666666666666,1.1764705882352942,0,1,0.726336949553086,False
6769,4,0.42484447294989425,0.4,1.0,0,1,0.714219059835669,True
6770,2,0.32965867838907476,0.14285714285714285,1.0714285714285714,0,2,0.5162822907381749,False
6771,3,0.5062713423078943,0.2857142857142857,1.0,1,2,0.6514972419414785,False
6772,3,0.46654171370356345,0.5,1.25,0,1,0.6137559725396224,False
6773,2,0.6530859693337754,0.375,1.0,0,1,0.8016201773335228,True
6774,4,0.3435588632869963,0.375,1.125,0,1,0.5889657033134746,False
6775,2,0.4220178170949582,0.42857142857142855,1.0666666666666667,0,2,0.6749123978026011,False
6776,3,0.8990939909304067,0.8333333333333334,1.0,1,2,0.9500000000000001,False
6777,4,0.3370859686650511,0.125,1.0,0,1,0.5620249389516886,False
6778,4,0.36032735368154056,0.3333333333333333,1.1764705882352942,0,1,0.5787910880857395,False
6779,2,0.5410185178497461,0.42857142857142855,1.0666666666666667,0,1,0.7759126981260818,True
6781,3,0.9163148603321098,0.8,1.0,1,1,1.0,True
6782,3,0.7543134795509544,0.6,1.2352941176470589,1,1,0.7787533959980282,False
6783,4,0.8774909925919341,1.0,1.0238095238095237,1,1,1.0,True
6784,2,0.8977751455292962,0.8,1.004566210045662,2,1,0.895,False
6785,3,0.9999999999999998,1.0,1.0,1,1,1.0,True
6787,3,0.251703555618601,0.5,1.0526315789473684,0,1,0.6816824762174957,False
6788,4,0.24495698941604857,0.2222222222222222,5.782575173477256,0,1,0.40305034996137534,False
6790,2,0.2793767674231493,0.3,1.0462555066079295,0,1,0.6102090908003973,False
6791,3,0.7815513536737101,0.625,1.0,0,1,0.9608434372887329,True
6793,3,0.3858884860820866,0.4,1.0,0,1,0.6975236368923229,False
6794,2,0.591031916202548,0.5714285714285714,1.0,0,1,0.8568708212296634,True
6795,3,0.5984507815320224,0.5,1.0,0,1,0.8302884301803906,True
6796,3,0.8196262579684562,0.7777777777777778,1.0,0,1,1.0,True
6797,2,0.6445565416077553,0.5454545454545454,1.0185185185185186,0,2,0.818987435580813,False
6798,4,0.23543449524157636,0.25,1.0,0,1,0.5705433551035327,False
6799,3,0.6814780210300185,0.5,1.0,0,1,0.8658715328223889,True
6800,4,0.9274343701584009,1.0,1.0,1,1,1.0,True
6801,3,0.0,0.0,1.0606060606060606,0,2,0.39999999999999997,False
6802,4,0.756779051824421,0.8,1.1428571428571428,1,1,0.9014767364961804,True
6803,2,0.8238689736331563,0.8333333333333334,1.0,1,1,1.0,True
6804,2,0.9796795877589035,1.0,1.0,0,1,1.0,True
6806,3,0.4598759529538334,0.4,1.0,0,1,0.7292325512659286,True
6807,3,0.9999999999999998,1.0,1.0,1,1,1.0,True
6808,3,0.7819163820925793,0.6,1.0,0,1,0.9505832113730102,True
6809,3,0.8751005308790198,0.8333333333333334,1.08,1,1,1.0,True
6810,2,0.5063648709097996,0.75,1.0,0,1,0.874156373247057,True
6811,3,0.6035010204781446,0.6,1.0,0,1,0.8741194849668239,True
6812,3,0.6081366365449729,0.6,1.0625,0,1,0.8761061775668932,True
6813,2,0.5862973179049894,0.6666666666666666,1.05,0,1,0.8945242473561066,True
6814,2,0.9999999999999989,1.0,1.0,1,1,1.0,True
6815,2,0.7762770568325725,0.5,1.0,0,1,0.9064996910234835,True
6816,2,0.5788162125047899,0.42857142857142855,1.0,0,1,0.7921117101211004,True
6817,3,0.558329849457522,0.2857142857142857,1.0,1,2,0.6738080307198904,False
6818,2,0.9248038570096463,1.0,1.0,0,1,1.0,True
6819,4,0.8708674996476542,1.0,1.0185185185185186,1,1,1.0,True
6820,4,0.944031143939274,1.0,1.0294117647058822,1,1,1.0,True
6821,2,0.734854102989515,0.4,1.003125,0,1,0.8470803298526495,True
6822,4,0.7453130821479006,0.6,1.0,1,1,0.9348960828252908,True
6823,4,0.196457232685488,0.125,1.0,1,1,0.501755480674733,False
6824,4,0.242409774532674,0.14285714285714285,1.0,1,1,0.5288899033711459,False
6826,3,0.46528724565621693,0.375,1.0,1,3,0.6711350100431407,False
6827,3,0.5886187987568249,0.6,1.0,0,1,0.8677413899434012,True
6828,4,0.5870309516819247,0.75,1.0,0,1,0.9087275507208249,True
6829,4,0.20240871428829055,0.125,1.0,1,1,0.5043061156473626,False
6830,4,0.2304302179958193,0.16666666666666666,1.0,1,1,0.5336764426331289,False
6831,3,0.38122022816517503,0.375,1.0,0,1,0.6851062882612655,False
6832,2,0.679800789060657,0.42857142857142855,1.0,1,1,0.8353908143593292,True
6833,4,0.6043550020425852,0.42857142857142855,1.0,1,1,0.8030569056372985,True
6834,4,0.558266756982123,0.2857142857142857,1.0,1,1,0.7237809910875765,True
6835,4,0.8714700353423362,0.8333333333333334,1.0,1,1,1.0,True
6836,4,0.2352314996607926,0.1111111111111111,1.0,1,1,0.5125859866271122,False
6837,3,0.8405747095694271,0.6666666666666666,1.0,1,1,0.9861111111111112,True
6838,2,0.8239179003314784,0.75,1.0057142857142858,1,1,1.0,True
6839,4,0.5080913250264618,0.0,1.08,2,1,0.5198962821541979,False
6840,4,0.7736950909348207,0.625,4.074074074074074,1,1,0.7974764675434947,False
6841,2,0.7413063479056475,0.375,1.0,1,1,0.8394289110071822,True
6842,2,0.63440124508199,0.3333333333333333,1.0285714285714285,1,1,0.7762513272573608,True
6843,4,0.8104673272348532,0.6,1.0,2,1,0.8533333333333333,False
6844,3,0.46939338850525336,0.0,1.0808,2,1,0.5033114522165372,False
6845,4,0.11543882315990299,0.14285714285714285,1.0866666666666667,0,1,0.4744737813542441,False
6846,4,0.5076419407532367,0.3333333333333333,1.0013797861331495,1,1,0.7219259111164665,True
6847,2,0.7828074381150377,0.5,1.0,2,1,0.8042984258588257,False
6848,3,0.6168039354950126,0.3333333333333333,1.0,2,1,0.6637096231486562,False
6849,3,0.18421262488856763,0.125,1.161904761904762,1,1,0.41650779161890994,False
6850,2,0.9823736981350804,0.8571428571428571,1.0,1,1,1.0,True
6851,4,0.7193868549782391,0.6,1.0013797861331495,1,1,0.9237848426097215,True
6852,4,0.7589768145076969,0.75,1.0,1,1,0.9824186347890129,True
6853,3,0.636238723460196,0.0,1.0,0,1,0.6798165957686555,False
6854,4,0.2126920056402819,0.1,1.3333333333333333,1,1,0.3382965738458351,False
6855,4,0.5854818418182588,0.42857142857142855,1.0222222222222221,1,1,0.7949684083983014,True
6856,4,0.6629677404497936,0.3333333333333333,1.0,1,1,0.7884941109864194,True
6857,2,1.0000000000000002,1.0,1.0,1,1,1.0,True
6858,3,0.7708793647458093,0.5,1.25,0,1,0.7441863944148707,False
6859,4,0.7651042652746545,0.5,1.25,0,1,0.7417113517843757,False
6860,4,0.6346746494964127,0.5,1.3157894736842106,0,1,0.6858129450222722,False
6861,4,0.32790156487690914,0.2,1.1111111111111112,0,1,0.5093387658996277,False
6862,4,0.7850414988767092,0.7142857142857143,1.0,1,1,0.9935892138043039,True
6863,2,0.7308867517816889,0.5,1.0,0,1,0.8870467031445335,True
6864,2,0.7013909575554048,0.6,1.25,0,1,0.7560723151427926,False
6865,4,0.3649211700229739,0.125,1.0714285714285714,1,1,0.5739543109622269,False
6866,3,0.2895161385608462,0.16666666666666666,1.0526315789473684,0,1,0.5589989800181404,False
6867,4,0.2753078748653376,0.14285714285714285,1.5625,0,1,0.3829890892280018,False
6868,4,0.7648985956115568,0.8,1.2571428571428571,1,2,0.7749565409763816,False
6869,4,0.7890920704166318,0.5,1.0,0,2,0.8619918397023661,False
6870,4,0.6631461110372124,0.3333333333333333,1.0,1,1,0.7885705555238847,True
6871,4,0.8173028190556487,0.6666666666666666,1.0,0,1,0.9861111111111112,True
6872,2,0.6660207867650854,0.5,1.0,0,1,0.8592470038517033,True
6873,3,0.863627426491559,0.8571428571428571,1.0,1,1,1.0,True
6874,2,0.9524604671476705,1.0,1.0,0,1,1.0,True
6875,3,0.7917579134502715,0.5714285714285714,1.0,0,1,0.9428962486215449,True
6876,4,0.2624331275907077,0.0,1.0714285714285714,1,1,0.5196141975388747,False
6877,4,0.5831047595544968,0.3333333333333333,1.0,1,1,0.7542671191741495,True
6878,4,0.925249657441772,1.0,1.0185185185185186,1,1,1.0,True
6879,4,0.2384344143855244,0.09090909090909091,1.2228571428571429,1,1,0.34932903473665333,False
6880,2,0.713023985151628,0.42857142857142855,1.0057142857142858,1,1,0.8496293269697455,True
6881,2,0.8688381107817887,0.8571428571428571,1.0133333333333334,1,1,1.0,True
6882,4,0.4818977827758776,0.25,1.00119189511323,1,1,0.676170478332519,True
6883,4,0.7612063725126337,0.7142857142857143,1.0034782608695654,1,1,0.9833741596482715,True
6884,4,0.7878551068959426,0.7142857142857143,1.0034782608695654,1,1,0.9947950458125467,True
6885,2,0.7632995462890074,0.5555555555555556,1.0,0,1,0.9240860489386753,True
6886,4,0.3320586019369635,0.25,1.5,0,3,0.40195368654441294,False
6887,3,0.7648630194407302,0.42857142857142855,1.0,0,1,0.8718460559507892,True
6888,4,0.741332721061801,0.6,1.0,1,1,0.933190213788391,True
6889,4,0.8132495388436671,0.625,1.0214285714285714,1,1,0.96875,True
6890,3,0.8287006939410269,0.8,5.0,1,1,0.8400000000000001,False
6891,4,0.598971885677631,0.42857142857142855,1.28,1,1,0.6407498557666038,False
6892,4,0.8616458674201932,0.7142857142857143,1.0,1,1,1.0,True
6893,4,0.6830695311300263,0.4444444444444444,1.04,1,1,0.843405460431387,True
6894,2,0.926556690470391,0.75,1.02,0,1,1.0,True
6895,4,0.6984148571179956,0.375,1.0021321961620469,1,1,0.8210468435267599,True
6896,2,0.8122089562856186,0.625,1.0,1,1,0.96875,True
6897,4,0.7805160464944314,0.6666666666666666,3.0434782608695654,1,1,0.8177608453230103,False
6898,2,0.9700353203881347,1.0,1.0,1,1,1.0,True
6899,3,0.8198265703370385,0.6666666666666666,4.0476190476190474,0,1,0.8261111111111111,False
6900,3,0.6293283237562941,0.3333333333333333,1.02,1,1,0.7740772181177769,True
6901,4,0.1572101463752664,0.2,1.0,0,1,0.5161853008274951,False
6903,2,0.7873890667724918,0.5714285714285714,1.0,0,1,0.9410238857596394,True
6904,4,0.22826840765323328,0.3333333333333333,1.0,0,1,0.6021943969307507,False
6905,4,0.1397260413005455,0.14285714285714285,1.2444444444444445,0,1,0.3248825891288052,False
6906,4,0.5461268093659186,0.5,1.0,0,1,0.8078638706806318,True
6907,4,0.5657082527490129,0.2222222222222222,1.0,2,1,0.5955151771040743,False
6908,2,0.6023701742759725,0.5,1.0714285714285714,0,1,0.8319681699277979,True
6909,3,0.8304873149711971,0.8333333333333334,1.0,1,1,1.0,True
6910,4,0.34808789127980894,0.16666666666666666,1.1428571428571428,0,1,0.5041011597548387,False
6911,3,0.2747452569852338,0.2,1.0416666666666667,0,1,0.5665574910889097,False
6912,3,0.22709078489530057,0.2857142857142857,1.0,0,1,0.5818484316217954,False
6913,4,0.4828607462162319,0.2857142857142857,1.1428571428571428,1,1,0.611464129330766,True
6914,4,0.3473582845132787,0.2222222222222222,1.1940298507462686,1,1,0.5269366192887597,False
6915,4,0.2530236778492414,0.2857142857142857,1.0,0,1,0.5929625286020558,False
6916,4,0.391650250041412,0.375,1.0,1,1,0.6895762976367956,False
6917,3,0.6083436036008424,0.5,4.0,1,1,0.6745282110670278,False
6918,3,0.8237032585055852,0.6,1.0,1,1,0.9583333333333333,True
6919,3,0.9457606703038801,0.8333333333333334,1.0,1,1,1.0,True
6920,4,0.7757875295617924,0.3333333333333333,1.0285714285714285,1,1,0.8368454491772761,True
6921,4,0.5250201320783066,0.4444444444444444,1.0714285714285714,1,1,0.7756700036949356,True
6922,4,0.20998432515358598,0.1111111111111111,1.0,1,1,0.5017657689811664,False
6923,4,0.6395500575452835,0.5,1.0445682451253482,1,1,0.8479024056146454,True
6924,3,0.4199763132377847,0.3333333333333333,4.75,1,1,0.5243549278955585,False
6925,4,0.31336739148083226,0.42857142857142855,1.0213333333333332,1,1,0.6783479296822614,False
6926,4,0.6945134389402732,0.8,1.02,1,1,0.9547914738315457,True
6927,4,0.824474949339775,1.0,1.0285714285714285,1,1,1.0,True
6928,4,0.6916622091775955,0.5,1.0,1,1,0.8702361848856361,True
6929,4,0.5398986362642295,0.375,1.027027027027027,1,1,0.7531113203037174,True
6930,4,0.19624217482720596,0.125,1.131578947368421,1,1,0.42166331302118354,False
6931,2,0.7308454226752877,0.2857142857142857,1.0,1,1,0.7977432763846471,True
6932,4,0.7632595913412392,0.6666666666666666,1.0009532888465205,1,1,0.970365221685928,True
6934,4,0.750894970692385,0.5,1.25,0,1,0.7356216541062602,False
6935,4,0.3283893270464218,0.25,1.0,1,1,0.6103811401627522,False
6936,4,0.16124064291625753,0.25,1.1888888888888889,0,1,0.45874598982125325,False
6937,3,0.8314233456622446,0.8,1.0285714285714285,1,1,1.0,True
6938,2,0.6252552942354244,0.6666666666666666,1.1428571428571428,0,1,0.831220522926293,True
6939,3,0.2370974526376651,0.4,1.0,0,1,0.6337560511304279,False
6940,4,0.6377966679794138,0.42857142857142855,1.0,0,1,0.8173890481816535,True
6941,4,0.6601697831202409,0.5714285714285714,1.0222222222222221,1,1,0.8865013356229604,True
6942,3,0.27873467692410137,0.4,1.0,0,1,0.651600575824615,False
6943,2,0.5191289867159045,0.42857142857142855,1.0,0,1,0.7665314704972923,True
6944,4,0.39227458375078467,0.42857142857142855,1.0091743119266054,1,1,0.7121652977979552,False
6945,4,0.46860266096296166,0.2857142857142857,1.0,0,1,0.6853535213650788,True
6946,4,0.49971341811927805,0.3333333333333333,1.0344827586206897,2,1,0.61352797284477,False
6947,3,0.848780478886274,0.8,1.0,1,1,1.0,True
6948,3,0.7233532888616755,0.5714285714285714,1.0,1,1,0.9135799809407181,True
6949,3,0.6166705213173386,0.42857142857142855,1.0465116279069768,1,1,0.8083349853264785,True
6950,2,0.9584268295344974,1.0,1.0,0,1,1.0,True
6951,4,0.5589038545846634,0.375,1.0089020771513353,1,1,0.7612564138696176,True
6952,4,0.10391282663270235,0.0,1.1363636363636365,0,1,0.37167692569972954,False
6953,3,0.48070336905820515,0.25,1.1160714285714286,1,2,0.5456585867392308,False
6954,4,0.8455877341356979,0.7142857142857143,1.0,1,1,1.0,True
6955,4,0.2674319277286845,0.25,1.0479041916167664,1,1,0.5842565404551505,False
6956,3,0.509594993351959,0.5,1.0,1,1,0.7922073781032206,True
6957,4,0.21010605296646298,0.1111111111111111,1.1382113821138211,1,1,0.42181793804382806,False
6958,4,0.33795154576232317,0.2857142857142857,1.0,1,1,0.6293601862790908,False
6959,4,0.4063697853710436,0.25,1.0439970171513797,1,1,0.6438013365875901,True
6960,4,0.4548035504414462,0.5,4.074074074074074,1,1,0.6087253311415722,False
6961,4,0.3348653828346228,0.25,1.027027027027027,1,1,0.6131565926434097,False
6962,4,0.8689378753013476,0.8333333333333334,1.0285714285714285,1,1,1.0,True
6963,3,0.6156942500317293,0.42857142857142855,1.0294117647058822,1,1,0.8079165833469316,True
6964,4,0.7009644652867345,0.8333333333333334,1.0,0,1,0.9575561994086006,True
6965,4,0.2942434660172826,0.3333333333333333,1.25,1,2,0.42046942194391473,False
6966,4,0.7002979312018901,0.8333333333333334,1.0,0,1,0.9572705419436671,True
6967,2,0.7759859798264118,0.7142857142857143,1.001923076923077,1,1,0.9897082770684622,True
6968,4,0.22278340435306992,0.2,1.0527272727272727,1,1,0.5442881256751252,False
6969,4,0.6784547216528739,0.625,1.0,1,1,0.9166591664226602,True
6970,3,0.8255793117607366,0.8333333333333334,1.018181818181818,1,1,1.0,True
6971,3,0.9030419625855721,0.8571428571428571,1.0,1,1,1.0,True
6973,4,0.19652150389888198,0.1111111111111111,1.1057142857142856,1,1,0.4159959884434362,False
6974,3,0.9644515083823831,1.0,1.0,0,1,1.0,True
6975,3,0.5930094768663148,0.5,1.2,1,1,0.7479564424665158,True
6976,4,0.24890526011051695,0.25,1.2188571428571429,1,1,0.4163165400473644,False
6977,4,0.20222813038523313,0.1111111111111111,1.0909090909090908,1,1,0.49844168550901524,False
6978,4,0.9062303225693712,0.8571428571428571,1.0,1,1,1.0,True
6979,4,0.41219127514335424,0.3,3.3,1,1,0.5071295941090566,False
6980,4,0.9247535757133875,1.0,1.0,1,1,1.0,True
6981,4,0.385669636070162,0.2222222222222222,1.7777777777777777,2,1,0.3583557699559954,False
6982,4,0.44059877726218616,0.42857142857142855,1.0476190476190477,0,1,0.7328756664456988,True
6983,4,0.17088162142128702,0.1,2.0,1,2,0.27037783775198015,False
6984,3,0.8744127721463237,0.625,1.0,0,1,0.96875,True
6985,3,0.8433346626568066,0.7142857142857143,1.0285714285714285,1,1,1.0,True
6986,3,0.9173036476667125,0.8333333333333334,1.0,1,1,1.0,True
6987,2,0.4951924956664288,0.6666666666666666,1.125,1,1,0.7754793235395806,True
6988,3,0.5364637190246734,0.3333333333333333,1.1080246913580247,1,1,0.6542781018042251,True
6989,4,0.44894427324577196,0.2857142857142857,1.0,1,1,0.6769284980577117,True
6990,4,0.7338507587604582,0.5714285714285714,1.0,1,1,0.9180788966116249,True
6991,4,0.7212989678713454,0.5,1.0,1,1,0.8829376528972432,True
6992,4,0.5867576981868843,0.3333333333333333,1.2740740740740741,1,1,0.5958326643023155,False
6993,2,0.874184303253529,0.8571428571428571,1.0015625,1,1,1.0,True
6994,2,0.9169516637351038,1.0,1.0,1,1,1.0,True
6995,4,0.8386918327057096,0.6666666666666666,1.0285714285714285,0,1,0.9861111111111112,True
6996,2,0.9471900553595055,0.8,1.0045662100456623,1,1,1.0,True
6997,3,0.7358904868117289,0.42857142857142855,1.0042194092827006,1,1,0.8594292562526458,True
6998,4,0.4486416919223756,0.3333333333333333,4.0,1,1,0.5366400901889546,False
6999,3,0.8775559848672938,1.0,1.011764705882353,1,1,1.0,True
7000,4,0.16607424790548792,0.1111111111111111,1.0145454545454544,1,1,0.4829471644462673,False
7001,3,0.5524872511935883,0.5555555555555556,1.1176470588235294,1,1,0.7537379224692098,True
7002,3,0.38308908481800774,0.5,1.0305343511450382,1,1,0.7379905601600986,False
7003,3,0.9999999999999997,1.0,1.0,1,1,1.0,True
7005,2,0.7558063884406349,0.6,1.035,1,1,0.9393932140936054,True
7006,4,0.6663147839624647,0.5,1.0,1,2,0.8093730026505802,False
7007,3,0.5988578787522648,0.6666666666666666,1.0285714285714285,1,1,0.8999073448620818,True
7008,4,0.39489410672859715,0.3,1.1875,1,1,0.5797165219313035,False
7009,4,0.6873557378771779,0.375,1.0,1,1,0.8163072209949811,True
7010,4,0.836034131274809,0.8333333333333334,1.0,1,1,1.0,True
7011,3,0.8048126812737737,0.8333333333333334,1.0,1,1,1.0,True
7012,4,0.8793151181157891,0.5555555555555556,1.0,1,1,0.9398148148148149,True
7013,3,0.7656044419935353,0.625,1.0021321961620469,1,1,0.9540090465686581,True
7014,2,0.9400849062964035,0.8571428571428571,1.0,0,1,1.0,True
7015,4,0.35776247054288285,0.2222222222222222,1.0328638497652582,0,1,0.61139555615859,False
7016,3,0.8865843546248143,0.6666666666666666,1.0,1,1,0.9861111111111112,True
7017,3,0.7061926333537338,0.7142857142857143,1.0,1,1,0.9597968428658858,True
7019,4,0.5718031937079342,0.4444444444444444,1.5,1,1,0.6357198872504903,False
7020,4,0.4020802889879639,0.25,1.051,1,1,0.6419629809948417,True
7021,4,0.5749425385613157,0.5555555555555556,1.0285714285714285,1,1,0.8433616170553788,True
7022,3,0.8625240538821353,0.5555555555555556,1.0,0,1,0.9398148148148149,True
7023,3,0.5791242697874457,0.4,1.02,1,1,0.7803389727660481,True
7024,4,0.1514286844457769,0.18181818181818182,1.0527272727272727,1,1,0.5061317738533849,False
7025,2,0.869363310607663,0.7142857142857143,1.0,1,1,1.0,True
7026,3,0.8928851264750053,0.8571428571428571,1.0,1,2,0.9500000000000001,False
7027,2,0.9255447878680592,1.0,1.0,1,1,1.0,True
7028,3,0.5428196241989418,0.2857142857142857,1.0,0,1,0.717160791323356,True
7029,4,0.8554991052372568,0.8333333333333334,1.0,0,3,0.9500000000000001,False
7030,4,0.7152956341824066,0.5,1.0,1,1,0.8803647956019838,True
7031,4,0.523824239194421,0.42857142857142855,1.0,1,1,0.7685437215595137,True
7032,4,0.598531072897774,0.375,1.0133333333333334,1,1,0.7782395074323794,True
7033,3,0.6569109256294285,0.5555555555555556,1.0,1,1,0.8784909257988557,True
7034,2,0.8668130538125796,1.0,1.0,1,1,1.0,True
7035,4,0.7093101907413809,0.75,1.0084033613445378,1,1,0.9611329388891632,True
7036,3,0.8630920181621234,0.6666666666666666,1.0,1,1,0.9861111111111112,True
7037,4,0.7993796610670492,0.7142857142857143,1.0,1,1,0.9997341404573068,True
7038,3,0.8760541346100728,0.6666666666666666,1.0,1,1,0.9861111111111112,True
7039,3,0.7963909895376939,0.7142857142857143,1.0,1,1,0.9984532812304403,True
7040,3,0.6024095784259069,0.4444444444444444,1.032,1,1,0.8088369092724788,True
7041,3,0.6664061408632258,0.5555555555555556,1.024,1,1,0.8825603037561973,True
7042,3,0.9394826865282903,1.0,1.0,1,1,1.0,True
7043,3,0.5547715203313155,0.4444444444444444,1.0714285714285714,1,1,0.7884205986605108,True
7044,3,0.8748983698221127,0.6666666666666666,1.0,1,1,0.9861111111111112,True
7045,2,0.9763185923541914,1.0,1.0138248847926268,1,1,1.0,True
7046,4,0.4690350352987216,0.2222222222222222,1.1,1,2,0.6090837981968067,False
7047,4,0.6726140329186134,0.6,1.0,1,1,0.9037393474413105,True
7048,3,0.46774868196909275,0.4,1.0555555555555556,1,2,0.6826065779867541,False
7049,4,0.648421182078477,0.5,1.0011778563015312,1,1,0.8517043161288711,True
7050,2,0.8820084664136669,0.625,1.0,1,1,0.96875,True
7051,2,0.8505308038416326,0.875,1.0285714285714285,0,1,1.0,True
7052,2,0.9277268983850636,1.0,1.0,1,1,1.0,True
7053,4,0.8723982458099977,0.7777777777777778,1.0,1,1,1.0,True
7054,4,0.6622176865163092,0.3333333333333333,1.0007407407407407,1,1,0.7881726593006404,True
7055,3,0.5709605718071373,0.4444444444444444,1.0007407407407407,1,1,0.7953587635787203,True
7056,4,0.46482968748667197,0.3333333333333333,1.0,1,1,0.7035778025736531,True
7057,4,0.562956861442754,0.3333333333333333,1.0256410256410255,1,1,0.7456323056976882,True
7058,2,1.0,1.0,1.0,1,1,1.0,True
7059,2,0.9999999999999998,1.0,1.0,1,1,1.0,True
7060,3,0.6072692223557982,0.4,1.0,1,1,0.7924010952953422,True
7061,4,0.5618357339772064,0.2,1.0,1,1,0.6895962669426122,False
7062,3,0.7645737014514659,0.6,1.0,1,1,0.9431506339553901,True
7063,2,1.0000000000000007,1.0,1.0,1,1,1.0,True
7064,4,0.9399948298234855,1.0,1.03125,1,1,1.0,True
7065,4,0.5433642688511346,0.3333333333333333,1.03125,1,1,0.7372354803012799,True
7066,3,0.6844701953992084,0.5,1.0365853658536586,0,2,0.8171538932663275,False
7067,2,0.9885255061630115,1.0,1.0,0,1,1.0,True
7068,4,0.556827595389949,0.3333333333333333,1.03125,1,1,0.7430054773893432,True
7069,2,0.9638983321754143,1.0,1.002865329512894,1,1,1.0,True
7070,3,0.768033982450373,0.5,1.0,0,1,0.9029669448596838,True
7071,4,0.7694912463123067,0.8,1.2692307692307692,1,1,0.8269248198481315,False
7072,4,0.9237114185475485,0.8571428571428571,1.0,1,1,1.0,True
7073,2,0.7675240940140963,0.75,1.0256410256410255,1,1,0.9860817545774698,True
7074,2,0.646386692328057,0.3333333333333333,1.0,1,1,0.7813879475056753,True
7075,4,0.8739713112503521,0.7142857142857143,1.0,1,1,1.0,True
7076,3,0.5288244358461831,0.16666666666666666,1.0,0,1,0.6615596788547135,False
7077,2,1.0000000000000004,1.0,1.1,0,1,1.0,True
7078,4,0.22790002167612064,0.14285714285714285,1.1666666666666667,1,1,0.44267143786119456,False
7079,3,0.19976402334317,0.2222222222222222,1.1971830985915493,0,1,0.4636819359301416,False
7080,2,1.0000000000000002,1.0,1.0,0,1,1.0,True
7081,4,0.2670886577929515,0.14285714285714285,1.2142857142857142,0,1,0.37946656762555064,False
7082,4,0.5033632798326706,0.3333333333333333,1.0152173913043478,0,1,0.7200921992933668,True
7083,3,0.3537138535290766,0.16666666666666666,1.0769230769230769,1,1,0.5865122864330963,False
7084,2,0.4300826793752567,0.4,1.0,0,2,0.6664640054465386,False
7085,2,0.5490491848608566,1.0,1.0,0,1,0.8924496506546529,True
7086,2,0.9423806409629505,1.0,1.0017543859649123,0,1,1.0,True
7087,4,0.4975810652756655,0.4,1.0,0,1,0.7453918851181424,True
7088,2,0.8888979712255158,0.4,1.0,0,1,0.875,True
7089,4,0.9068968304360704,1.0,1.0057142857142858,1,1,1.0,True
7090,2,0.8837758466673694,0.8,1.0,1,1,1.0,True
7091,4,0.8850568453690906,1.0,1.0058823529411764,1,1,1.0,True
7092,3,0.4199488938988902,0.2,1.2062350119904075,1,2,0.4187876211947624,False
7093,3,0.5537945425988673,0.2857142857142857,9.0,1,1,0.5618643277804669,False
7094,4,0.6174965166099475,0.3333333333333333,1.0222222222222221,1,1,0.7690064436264854,True
7095,4,0.9188232031954965,0.75,1.0,1,1,1.0,True
7096,3,0.9318106151175795,1.0,1.0277777777777777,0,1,1.0,True
7097,2,0.8127821492677035,1.0,1.0022271714922049,1,1,1.0,True
7098,4,0.5032281175908643,0.3333333333333333,1.0,1,3,0.670034272618307,False
7099,4,0.6973621470281516,0.4,1.0,0,1,0.8310123487263508,True
7100,3,0.7598023405328458,0.5,1.0,0,1,0.8994390983236007,True
7101,3,0.5365438731063066,0.5,1.0,1,1,0.803756897997941,True
7102,3,0.6364878054256367,0.4,1.0084033613445378,0,2,0.7549233451824159,False
7103,2,0.22940663716704554,0.25,1.1594202898550725,1,1,0.48795998735730517,False
7104,3,0.8053053643329722,0.4444444444444444,1.0,1,1,0.8935185185185186,True
7105,2,0.9999999999999998,1.0,1.0,1,1,1.0,True
7106,3,0.5493036886456242,0.4,1.0465116279069768,1,1,0.7675587237052676,True
7107,4,0.8062471558004509,0.7142857142857143,1.0,1,1,1.0,True
7108,3,0.7212826027090423,0.6,1.0055555555555555,1,1,0.9245973059229229,True
7109,3,0.7754700530296925,0.8333333333333334,1.0011494252873563,1,1,0.989487165584154,True
7110,4,0.6834694836507603,0.5,1.0,1,1,0.8667250168027069,True
7111,4,0.42050100643315835,0.3,1.0,1,1,0.6706909075189726,True
7112,3,0.9436399476338587,1.0,1.0,1,1,1.0,True
7113,3,0.6614434832654682,0.4444444444444444,1.0285714285714285,0,1,0.8341371542037193,True
7114,3,0.9524532678878207,1.0,1.0,1,1,1.0,True
7115,4,0.6932660912330928,0.5,1.0,1,1,0.8709235629094207,True
7116,4,0.797086204970034,0.5,1.0011764705882353,1,2,0.8654178973681099,False
7117,4,0.7138216483644978,0.6,2.142857142857143,1,1,0.7613997540609753,False
7118,4,0.19792155601358796,0.125,1.1111111111111112,0,3,0.3723830478153472,False
7119,4,0.24736746517129726,0.1111111111111111,1.0285714285714285,1,2,0.46778711470304274,False
7120,3,0.9525174124687553,1.0,1.0,1,1,1.0,True
7121,3,0.4988039512221524,0.3333333333333333,1.0006901311249137,1,1,0.7181382013174303,True
7122,2,0.9662060745081337,1.0,1.0,1,1,1.0,True
7123,4,0.6602329396522627,0.5714285714285714,1.25,1,1,0.7265284027081126,False
7124,3,0.8051636837030859,0.75,1.0285714285714285,1,1,1.0,True
7125,4,0.24300927223135765,0.25,1.0,1,1,0.5737896880991533,False
7126,3,0.8365200772714129,0.7,1.0,0,1,1.0,True
7127,2,0.50957475994408,0.3333333333333333,1.0,1,1,0.7227542621982564,True
7128,4,0.49042132761777635,0.3333333333333333,1.0026385224274408,1,2,0.6645456483441264,False
7129,4,0.5939126410820083,0.5,1.1111111111111112,1,1,0.7483435128446703,True
7130,3,0.9190961337854447,1.0,1.0,1,1,1.0,True
7131,2,0.9261909089159687,0.7142857142857143,1.0,1,1,1.0,True
7132,4,0.7381187831989823,0.42857142857142855,1.0,1,2,0.8103842404186116,False
7133,2,0.8977601750140848,0.5714285714285714,1.0,0,1,0.9464285714285714,True
7134,2,0.9999999999999998,1.0,1.0,0,1,1.0,True
7135,2,0.9327567749952393,0.6,1.0,0,1,0.9583333333333333,True
7136,2,0.47622503581819425,0.75,1.0,0,1,0.8612393010649404,True
7137,3,0.5875616747173232,0.4,1.0022107590272662,1,1,0.7839550034502814,True
7138,3,0.6270088874561802,0.5,1.0783132530120483,0,1,0.842527618433601,True
7139,4,0.783720139071171,0.6666666666666666,1.25,0,1,0.8191340278558987,False
7140,2,1.0000000000000002,1.0,1.0,0,1,1.0,True
7141,2,0.9725084908085878,0.8,1.0714285714285714,0,1,1.0,True
7142,3,0.6854403579924374,1.0,1.0,1,1,0.9509030105681875,True
7143,2,0.8738580868690509,0.5,1.0954616588419406,1,1,0.9166666666666667,True
7144,2,0.82186409423309,0.3333333333333333,1.0,0,1,0.8472222222222222,True
7145,4,0.4772605007866462,0.2222222222222222,1.0014925373134327,1,1,0.6626089976916314,False
7146,4,0.5659190255623098,0.2222222222222222,1.2,0,1,0.6206055083097729,False
7147,3,0.6151200643453794,0.42857142857142855,1.0,0,1,0.8076705037670673,True
7148,2,0.9208458886124341,1.0,1.0014306151645207,0,1,1.0,True
7149,4,0.811194456858994,0.5555555555555556,1.2,0,1,0.8598148148148148,True
7150,3,0.9051910636171504,0.7,1.2,0,1,0.92,True
7151,3,0.8577235225435678,0.625,1.2017167381974247,0,1,0.8087500000000001,False
7152,3,0.777171218647973,0.5555555555555556,1.0,1,1,0.9300310513782319,True
7153,4,0.39537948321863753,0.1111111111111111,1.0,1,1,0.5812208367233314,False
7154,4,0.29287010906113753,0.14285714285714285,1.0,0,1,0.5505157610262018,False
7155,4,0.8665518458978899,0.6666666666666666,1.0,1,1,0.9861111111111112,True
7156,3,0.4633747217814445,0.16666666666666666,1.0,1,1,0.6335098013983969,False
7157,4,0.8989209015787709,0.6666666666666666,1.0,0,1,0.9861111111111112,True
7158,4,0.6433702979157643,0.5,1.0,0,1,0.8495396514877085,True
7159,3,0.32712218404994187,0.14285714285714285,1.0,0,1,0.5651952217356894,False
7160,3,0.66031328563485,0.4,1.0,1,1,0.8151342652720786,True
7161,2,0.7031656977204788,0.4,1.0,1,1,0.8334995847373481,True
7162,4,0.8537024737266881,0.5,1.0,0,1,0.9166666666666667,True
7163,4,0.38167005011562893,0.25,1.0,0,1,0.6332157357638409,False
7164,4,0.3880524743837205,0.2,1.0,0,1,0.6151177271168325,False
7165,4,0.3581214525844423,0.14285714285714285,1.0,0,1,0.5784806225361896,False
7166,3,0.3132123585912239,0.25,1.0,0,1,0.6038767251105245,False
7167,4,0.6145543080672888,0.3333333333333333,1.0,1,1,0.7677454971082032,True
7168,2,1.0000000000000002,1.0,1.0,1,1,1.0,True
7169,2,0.6983558693180607,0.14285714285714285,1.0,0,1,0.7242953725648832,False
7170,3,0.4080230281516865,0.14285714285714285,1.0,0,1,0.5998670120650085,False
7171,2,0.9718644061859991,1.0,1.0,1,1,1.0,True
7172,4,0.46432418035623857,0.2727272727272727,1.0,2,1,0.573108631408085,False
7173,4,0.2805774972176747,0.16666666666666666,1.0,0,1,0.5551681337282098,False
7174,3,0.7895133322941916,0.5714285714285714,1.0,0,1,0.9419342852689394,True
7175,4,0.18672148396313706,0.14285714285714285,1.0,0,1,0.5050234931270587,False
7176,4,0.23561972586376942,0.0,1.0,0,1,0.5081227396559012,False
7177,4,0.9156973107728614,0.8,1.0,1,1,1.0,True
7178,4,0.6657277525602794,0.5555555555555556,1.145825,1,1,0.8022695659120774,True
7179,2,0.7654421722819165,0.8,1.1111111111111112,0,1,0.9051895024065356,True
7180,3,0.3486709862268166,0.16666666666666666,1.1111111111111112,0,1,0.5043510575892706,False
7181,2,0.74133351584699,0.6666666666666666,1.1904444444444446,0,1,0.8809683321883925,True
7182,4,0.8194492177065458,0.6666666666666666,1.0499790004199916,1,1,0.9861111111111112,True
7183,2,0.39389611742221703,0.3333333333333333,1.2,0,1,0.593177701117458,False
7184,4,0.5199767318736278,0.4444444444444444,1.0714000000000001,0,1,0.773508546464359,True
7185,3,0.9142486124870317,0.8888888888888888,1.0,1,1,1.0,True
7186,4,0.8401420817880743,0.8181818181818182,1.0499790004199916,1,1,1.0,True
7187,3,0.7991754920314628,0.8181818181818182,1.0,1,1,0.9996466394420556,True
7188,3,0.8530102150529917,0.8181818181818182,1.0,1,1,1.0,True
7189,3,0.5020810266962329,0.4444444444444444,1.0714000000000001,0,1,0.7658389585311898,True
7190,2,0.7194569527297959,0.6,1.0,0,1,0.9238148845032459,True
7191,3,0.394344616001744,0.3,1.0,0,1,0.6594810259055093,False
7192,3,0.6723129424971369,0.4,1.0,0,1,0.8202769753559158,True
7193,4,0.5690236393715821,0.5714285714285714,1.1724494949494948,1,1,0.7674387025878209,True
7194,3,0.9999999999999992,1.0,1.0,1,1,1.0,True
7195,3,0.9137348501302072,0.8333333333333334,1.0,1,1,1.0,True
7196,2,0.7540101286998133,0.75,1.0101111111111112,1,1,0.9802900551570628,True
7197,4,0.6661402858566492,0.5,1.0,1,1,0.8592982177480878,True
7198,4,0.6357664021918514,0.25,1.0,0,2,0.6921141723679364,False
7199,4,0.7536745703857597,0.5714285714285714,1.0,1,1,0.9265748158796114,True
7200,2,0.6171313875024096,0.45454545454545453,1.0,0,1,0.8193550102283054,True
7201,2,0.9174120560721228,0.7777777777777778,1.0,0,1,1.0,True
7202,2,0.9020261511033899,0.75,1.0,0,1,1.0,True
7203,2,0.8930855984458784,0.75,1.0,0,1,1.0,True
7204,2,0.9130859767196141,0.7777777777777778,1.0,0,1,1.0,True
7205,2,0.9999999999999999,1.0,1.0160427807486632,1,2,0.9500000000000001,False
7206,2,0.8822431761851827,0.75,1.0,1,2,0.9500000000000001,False
7207,4,0.4767446969006371,0.5,1.0,2,2,0.6231286796240826,False
7208,2,0.7215201305448974,0.6666666666666666,1.0,1,2,0.9024768813446385,False
7209,3,0.7182368811302636,0.4,1.0,0,2,0.7899586633415417,False
7210,4,0.4090160314771658,0.3333333333333333,1.0526315789473684,1,2,0.6296576642838648,False
7211,2,0.1010042155473689,0.125,1.0,0,1,0.4608470447583962,False
7212,2,0.8765528690100471,0.5,1.0,0,1,0.9166666666666667,True
7213,3,0.4822675891010152,0.25,1.035294117647059,0,1,0.6763289667575779,True
7214,3,0.7825665677005481,1.0,1.068235294117647,0,1,0.9925285290145207,True
7215,4,0.5526942860765764,0.4,1.1333333333333333,2,1,0.5840118368899614,False
7216,3,0.6944994796144136,0.6666666666666666,1.068235294117647,0,1,0.9408966023744312,True
7217,4,0.5805342632434185,0.6666666666666666,1.068235294117647,0,1,0.8920543667868619,True
7218,4,0.6224296113532904,0.6666666666666666,1.068235294117647,0,1,0.9100095159768071,True
7219,3,0.6319960559095223,0.4,1.1333333333333333,2,1,0.6179983096755096,False
7220,2,0.8471143357044882,0.5,1.1333333333333333,2,1,0.7316666666666667,False
7221,4,0.6851988084826468,0.5,1.1333333333333333,2,1,0.6824661560163725,False
7222,3,0.6892556970627478,0.5,1.1333333333333333,2,1,0.6842048225507015,False
7223,2,0.9031401788506284,1.0,1.0,1,1,1.0,True
7224,3,0.782390145954982,0.75,1.1333333333333333,1,1,0.9124529196949923,True
7225,2,0.845447778419344,0.75,1.0,0,1,1.0,True
7226,3,0.3235456741325511,0.42857142857142855,1.2395999999999998,0,1,0.5227100508187124,False
7227,4,0.5457472785541573,0.375,1.0,1,2,0.7056178812851152,False
7228,4,0.6795492903113106,0.5,1.0,1,2,0.8150449339429428,False
7229,4,0.8689316551873828,0.8,1.0135135135135136,1,1,1.0,True
7230,2,0.5825727592307184,0.375,1.0,1,2,0.7214002301464985,False
7231,4,0.9193364495896688,1.0,1.0135135135135136,1,1,1.0,True
7232,4,0.7429279958920754,0.6,1.0277777777777777,1,1,0.9338739030013656,True
7233,2,0.8525949346632941,0.8333333333333334,1.0,1,1,1.0,True
7234,4,0.9237142439333083,1.0,1.0135135135135136,1,1,1.0,True
7235,3,0.9412789717772181,1.0,1.0135135135135136,1,1,1.0,True
7236,4,0.920518128592946,1.0,1.0277777777777777,1,1,1.0,True
7237,4,0.25619117102107136,0.3333333333333333,1.0,0,1,0.6141612955169671,False
7238,4,0.9324077314545427,1.0,1.0135135135135136,1,1,1.0,True
7239,3,0.7975872167049889,0.7,1.0,1,1,0.9989659500164239,True
7240,4,0.5888647940204934,0.36363636363636365,1.0,1,2,0.719361968000125,False
7241,4,0.9137042566076772,1.0,1.0135135135135136,1,1,1.0,True
7242,4,0.44054213665395,0.4,1.1029411764705883,0,1,0.64094662999455,True
7243,4,0.7230003219663022,0.5,1.0135135135135136,1,1,0.8836668046522247,True
7244,4,0.4449650259146984,0.4,1.1029411764705883,0,1,0.6428421539634421,True
7245,2,0.6715896241172737,0.75,1.0588235294117647,0,1,0.9449669817645459,True
7246,4,0.9074378580216388,1.0,1.0,1,1,1.0,True
7247,4,0.5257799963668358,0.4,1.1029411764705883,0,1,0.6774771413000725,True
7248,2,0.9223308566373929,0.6,1.0,0,1,0.9583333333333333,True
7249,2,0.6850063156729829,0.6666666666666666,1.0588235294117647,0,1,0.9368281035423895,True
7250,2,0.8674237527905182,1.0,1.0,0,1,1.0,True
7251,3,0.4717412634929398,0.4,1.1029411764705883,0,1,0.6543176843541171,True
7252,3,0.5331239403559843,0.4,1.0,1,1,0.7606245458668506,True
7253,4,0.6171386079810525,0.4,1.0294117647058822,0,1,0.7966308319918798,True
7254,4,0.6144300825125419,0.6666666666666666,1.0,0,1,0.9065811464736291,True
7255,2,1.0,1.0,1.0,0,1,1.0,True
7256,4,0.7404190689203771,0.4,1.0007407407407407,2,1,0.7444653152515903,False
7257,4,0.7362596633773735,0.5714285714285714,1.0,2,1,0.8141112843045888,False
7258,3,0.7735757092840377,0.3333333333333333,1.008888888888889,2,1,0.7308975262010956,False
7259,2,0.2755207940655143,0.3333333333333333,1.0044155844155844,0,1,0.6224454196788711,False
7260,4,0.7399374908557135,0.5714285714285714,1.0,2,1,0.8156874960810201,False
7261,4,0.7165002931369056,0.5,1.0294117647058822,1,2,0.8308810780110548,False
7262,3,0.6663965214178111,0.5,1.0,1,1,0.8594080329885858,True
7263,3,0.7707070210086366,0.3333333333333333,1.008888888888889,2,1,0.7296680883687808,False
7264,4,0.326226583073494,0.0,1.0,0,1,0.5469542498886403,False
7265,3,0.7517630088405279,1.0,1.0227272727272727,1,1,0.9793270037887978,True
7266,3,0.3975397201898776,0.16666666666666666,1.0,0,1,0.6052948007162967,False
7267,4,0.7295124050392883,0.5714285714285714,1.0277777777777777,1,1,0.9162196021596951,True
7268,4,0.6757069328369472,0.4,1.0856,2,1,0.7167315426444061,False
7269,4,0.6695851460482004,0.42857142857142855,1.008888888888889,1,1,0.831012681639705,True
7270,3,0.8502881496043277,0.7142857142857143,1.008888888888889,0,1,1.0,True
7271,4,0.4046644932724905,0.375,1.0,0,1,0.6951538304501149,True
7272,3,0.7154434663211944,0.75,1.0227272727272727,1,1,0.9637614855662262,True
7273,2,0.7611739452671277,0.6,1.0,0,1,0.9416935955906738,True
7275,3,0.4145688456531906,0.2727272727272727,1.0,1,1,0.6567849165353501,True
7277,4,0.7533127433592313,0.5,1.0,1,1,0.8966578423920515,True
7278,4,0.7462606067450216,0.75,1.0,1,2,0.9269688314621521,False
7279,4,0.48508927019114595,0.3333333333333333,1.0227272727272727,0,1,0.7122604808755705,True
7280,4,0.7095163302942129,0.4,1.0007407407407407,2,1,0.7312212844118056,False
7281,3,0.4940248597792133,0.5,1.0,0,1,0.7855344637149009,True
7282,4,0.7603691953698856,0.8,1.0,1,1,0.9830153694442367,True
7283,2,0.9217274797009493,1.0,1.0,0,1,1.0,True
7284,4,0.7675473045338009,1.0,1.0033333333333334,0,1,0.9860917019430575,True
7285,2,0.6567581668639657,0.6,1.0,0,1,0.8969439762750329,True
7286,2,0.8193777364285424,0.75,1.0,1,1,1.0,True
7287,3,0.7412128098355591,0.6666666666666666,1.0,1,1,0.9609166010406365,True
7288,2,0.8667748202442211,0.625,1.008888888888889,1,1,0.96875,True
7290,4,0.6574883457637607,0.2857142857142857,1.1707105719237434,2,1,0.5813045291368498,False
7291,3,0.7354583800531302,0.75,1.0,0,1,0.9723393057370557,True
7292,4,0.10265686764681385,0.16666666666666666,1.0,0,1,0.47891643534069794,False
7293,4,0.7234461860751645,0.5,1.0909090909090908,1,1,0.8838578892703086,True
7294,4,0.7549020615620889,0.75,1.0,1,1,0.9806723120980381,True
7295,3,0.5045045162781623,0.5,1.0,1,1,0.7900257450715934,True
7296,4,0.5510832479300821,0.42857142857142855,2.0,1,2,0.5702261538747972,False
7297,3,0.584578334393197,0.2857142857142857,1.0,1,1,0.7350573814066081,True
7298,3,0.847728794850328,0.75,1.0,0,1,1.0,True
7299,3,0.711402676219454,0.6666666666666666,1.0031678986272439,1,1,0.9481408294908771,True
7302,3,0.7054941533156119,0.6666666666666666,1.0,0,1,0.9456086053892305,True
7303,4,0.716250222951155,0.75,1.0,0,1,0.9641072384076379,True
7304,3,0.5343229016420836,0.4,1.0,0,1,0.7611383864180359,True
7305,4,0.7009073566207764,0.75,1.0,0,1,0.957531724266047,True
7306,4,0.5724710573445898,0.3,1.0,1,1,0.7358209293381576,True
7307,3,0.6307781933854639,0.375,1.0,0,1,0.7920597019271036,True
7308,3,0.7086644423203531,0.6666666666666666,1.0031678986272439,1,1,0.9469673006769768,True
7309,4,0.32072351405675525,0.3333333333333333,1.0625,0,1,0.6418180139608316,False
7310,4,0.6723172123484231,0.6666666666666666,1.1428571428571428,0,1,0.8513899164032924,True
7311,2,0.5197351038668461,0.75,1.0,0,1,0.8798864730857912,True
7312,4,0.7816140543186181,0.42857142857142855,1.0,1,1,0.8790250708984555,True
7313,4,0.7942526196009989,0.5,1.0,1,1,0.9142035036385234,True
7314,4,0.6688100924154744,0.5,1.0933333333333333,0,1,0.8604424205590129,True
7315,2,0.8340466297825723,0.625,1.0,1,1,0.96875,True
7316,4,0.49691978325590275,0.375,1.0933333333333333,0,1,0.7346918118715774,True
7317,3,0.6872642172916527,0.6666666666666666,1.0,0,1,0.9377957756646766,True
7318,4,0.5705904736605629,0.3333333333333333,1.0,1,1,0.7489038537910349,True
7319,4,0.9210233075026955,1.0,1.0,0,1,1.0,True
7320,3,0.6695842240166702,0.42857142857142855,1.0,1,1,0.8310122864833349,True
7321,2,0.7038750985647357,0.75,1.0454545454545454,0,1,0.9588036136706011,True
7322,2,0.7486597938948273,0.8,1.0,0,1,0.9779970545263545,True
7323,4,0.42748818582157777,0.25,1.0526315789473684,1,1,0.6528520796378191,True
7324,4,0.3065102311074824,0.125,1.0,1,1,0.5489210514270162,False
7325,4,0.4706782849376197,0.5,1.0526315789473684,1,1,0.7755287887827894,True
7326,4,0.2790464484676742,0.25,1.0,0,1,0.5892341922004318,False
7327,4,0.6419661026302963,0.5714285714285714,1.25,1,1,0.718699758270127,False
7328,3,0.3844382070679101,0.3333333333333333,1.0,0,1,0.6691243109656123,False
7329,3,0.7223118253536143,0.5,1.0909090909090908,1,1,0.8833717346753585,True
7330,3,0.703625095000993,0.625,1.0,0,1,0.9274464692861399,True
7331,3,0.7261681013412985,0.5555555555555556,1.0,0,1,0.9081725725325143,True
7332,3,0.9991621597585101,1.0,1.0,0,1,1.0,True
7333,3,0.5014874295482615,0.375,1.0,0,1,0.7366493745683026,True
7334,3,0.6696311719671448,0.7142857142857143,1.1,1,2,0.8941276451287764,False
7335,4,0.4255430859860437,0.5,1.1764705882352942,0,1,0.6761851320892568,True
7336,3,0.7958088641776593,0.6,1.0,1,1,0.9565371322666159,True
7337,3,0.698964226407117,1.0,1.0666666666666667,0,1,0.9566989541744786,True
7338,3,0.8236571995460338,0.6,1.0,1,1,0.9583333333333333,True
7339,4,0.511793493334482,0.4,1.0075566750629723,0,1,0.7514829257147781,True
7340,2,0.9418728607315834,1.0,1.0,1,1,1.0,True
7341,3,0.8904722157585739,0.75,1.0365853658536586,0,1,1.0,True
7342,4,0.6334768469005524,0.4,1.0075566750629723,0,1,0.8036329343859512,True
7343,4,0.15909369676142177,0.14285714285714285,1.1764705882352942,0,1,0.41318301289775217,False
7344,4,0.7534618019086652,0.6,1.0075566750629723,0,1,0.9383883912941899,True
7345,2,0.8998606799764858,0.75,1.0,0,1,1.0,True
7346,4,0.6401916667940039,0.75,1.0,0,1,0.9315107143402874,True
7347,4,0.13362962937609563,0.14285714285714285,1.0,0,1,0.4822698411611839,False
7348,3,0.6532043824285811,0.16666666666666666,1.0,0,1,0.7148653702471697,False
7349,4,0.8611562322691707,0.5714285714285714,1.0,1,1,0.9464285714285714,True
7350,4,0.8960000819958073,0.8333333333333334,1.0,1,1,1.0,True
7351,4,0.3647066066893676,0.2,1.0,0,1,0.6051123552478243,False
7352,2,0.9585528013762875,1.0,1.0,0,1,1.0,True
7353,4,0.20635430944003302,0.25,1.0,0,1,0.5580804183314427,False
7354,4,0.6814990708731309,0.5,1.0,1,1,0.8658805541837229,True
7355,3,0.9122159126598648,1.0,1.0,0,1,1.0,True
7356,2,0.0,0.0,1.0,0,1,0.44999999999999996,False
7357,3,0.5630575933424972,0.2,1.0,0,1,0.6901199209563083,False
7358,2,0.7714425241230841,0.5,1.0,1,1,0.9044277484337028,True
7359,4,0.589942746835601,0.5,1.0,0,1,0.8266421295962101,True
7360,4,0.3940660096662711,0.5,1.0,0,1,0.7426949565236399,False
7361,2,0.9573892634657944,1.0,1.0,0,1,1.0,True
7362,4,0.4734008938094473,0.14285714285714285,1.0,0,1,0.627886097346906,False
7363,2,0.8765974185062189,0.75,1.0,1,1,1.0,True
7364,3,0.9093299827891057,1.0,1.0,1,1,1.0,True
7365,3,0.9659921702636224,1.0,1.0,1,1,1.0,True
7366,4,0.7103172318607529,0.6,1.0,1,1,0.9198978612736561,True
7367,4,0.735814157384502,0.75,1.0,0,1,0.9724917817362151,True
7368,3,0.6803188037178016,0.5,1.0,0,1,0.8653747254028674,True
7369,4,0.6324323051686501,0.4,1.0,0,1,0.8031852736437073,True
7370,4,0.8487618799185395,0.5,1.0,0,1,0.9166666666666667,True
7371,4,0.08588679282259645,0.0,1.0,0,1,0.44999999999999996,False
7372,3,0.813984772170682,0.75,1.0,1,1,1.0,True
7373,2,0.8533954993501611,0.5714285714285714,1.0,0,1,0.9464285714285714,True
7374,3,0.9320201363097095,0.8,1.0,0,1,1.0,True
7375,2,0.6787466490710352,0.5,1.0,0,1,0.8647009448399675,True
7376,4,0.14981308258735432,0.0,1.0,0,1,0.47134846396600893,False
7377,4,0.0,0.0,1.0,0,1,0.44999999999999996,False
7378,4,0.3203354565240077,0.2,1.0,0,1,0.5860961480340985,False
7379,2,0.9377109111199762,0.8,1.0,0,1,1.0,True
7380,3,0.32698239448495653,0.25,1.0,0,1,0.6097781690649814,False
7381,4,0.4723497503351823,0.2857142857142857,1.0,0,1,0.6869594168103161,True
7382,4,0.5125551432968607,0.3333333333333333,1.0,0,1,0.7240315693494482,True
7383,3,0.795576174313209,0.5,1.0,1,1,0.9147707413723277,True
7384,3,0.7607132767768648,0.5,1.0,0,1,0.8998294995710374,True
7385,4,0.39618965792024247,0.16666666666666666,1.0,0,1,0.6047162026007388,False
7386,3,0.6678857774170276,0.5714285714285714,1.0,1,1,0.8898081903215833,True
7387,4,0.8294272906146342,0.6666666666666666,1.0,1,1,0.9861111111111112,True
7388,4,0.46682526874079544,0.25,1.0,0,1,0.6697108294603409,True
7389,4,0.2748154915688735,0.2,1.0,0,1,0.5665875916247554,False
7390,4,0.31082175786615096,0.125,1.0,0,1,0.5507688486093028,False
7391,3,0.7811220169345217,0.6666666666666666,1.0,0,1,0.9780205469401919,True
7392,3,0.5902352301540469,0.3333333333333333,1.0,0,1,0.7573230351453852,True
7393,4,0.21924756318069782,0.1111111111111111,1.0,0,1,0.5057357281356429,False
7394,4,0.5361293630722729,0.16666666666666666,1.0,0,1,0.664690361951609,False
7395,4,0.6520908791447486,0.0,1.0,0,1,0.6866103767763209,False
7396,3,0.44026590757814693,0.25,1.0,0,1,0.6583282461049201,True
7397,4,0.3278877597276596,0.16666666666666666,1.0,0,1,0.5754439605182033,False
7398,4,0.41271105786005274,0.0,1.0,0,1,0.5840190247971655,False
7399,3,0.6077933159957408,0.2,1.0,0,1,0.7092923735219842,False
7400,3,0.5786138839238094,0.2,1.0,0,1,0.6967869026340135,False
7401,2,0.9262671938283257,1.0,1.0,0,1,1.0,True
7402,2,0.7620198899743506,0.75,1.0,0,1,0.9837228099890074,True
7403,4,0.09751770567109726,0.0,1.0,0,1,0.44999999999999996,False
7404,3,0.3732883882659874,0.25,1.0,0,1,0.6296235949711375,False
7405,3,0.9570716071698643,1.0,1.0,0,1,1.0,True
7406,2,0.9336353925527846,0.75,1.0,0,1,1.0,True
7407,4,0.28932424900585935,0.16666666666666666,1.0,0,1,0.5589167416374318,False
7408,4,0.8938338886499279,1.0,1.0,1,1,1.0,True
7409,2,0.7111856360269362,0.5714285714285714,1.0014285714285716,0,1,0.9083652725829727,True
7410,3,0.7809311284405871,0.6666666666666666,1.0,0,1,0.9779387375856485,True
7411,3,0.7202731088042746,0.6666666666666666,1.0,0,1,0.9519424434558001,True
7412,2,0.8192944887279706,0.8333333333333334,1.0014285714285716,0,1,1.0,True
7413,2,0.9033033764664877,0.8333333333333334,1.0,0,1,1.0,True
7414,2,1.0000000000000004,1.0,1.0,1,2,0.9500000000000001,False
7415,2,0.7159106484928331,0.5,1.0,1,2,0.8306283731635953,False
7416,4,0.7866447795037387,0.6666666666666666,1.0,0,1,0.9803874451841419,True
7417,3,0.9602254429206228,1.0,1.0,0,1,1.0,True
7418,3,0.45778303174232526,0.25,1.0,0,1,0.6658355850324251,True
7419,4,0.7075337340638044,0.3333333333333333,1.0,0,1,0.8075938225352812,True
7420,3,0.49622515035981707,0.3333333333333333,1.0,0,1,0.717033000947858,True
7421,2,0.9999999999999994,1.0,1.0,0,1,1.0,True
7422,2,1.0000000000000002,1.0,1.0,0,2,0.9500000000000001,False
7423,2,0.6767890363343393,0.6,1.0,0,1,0.9055286346194789,True
7424,2,0.8958978603973838,0.6,1.0,0,1,0.9583333333333333,True
7425,2,0.6616947145252223,0.6,1.0,0,1,0.8990596395584287,True
7426,3,0.9460136334566821,1.0,1.0,0,1,1.0,True
7427,2,0.6805616269135178,0.3333333333333333,1.0,0,1,0.7960343480423013,True
7428,3,0.9657451924645511,1.0,1.0,0,1,1.0,True
7429,2,0.9999999999999997,1.0,1.0,0,1,1.0,True
7430,2,0.9167873758489187,1.0,1.0,0,1,1.0,True
7431,2,0.960608619108567,1.0,1.0838235294117646,0,1,1.0,True
7432,3,0.5096326917236031,0.5,1.043076923076923,0,1,0.7922235345482109,True
7433,4,0.797343028712936,0.6666666666666666,1.0,0,2,0.9349724091309409,False
7434,3,0.6582676725071358,0.6,1.0,0,2,0.8475909072649631,False
7435,4,0.589537819043691,0.5,1.0416666666666667,0,1,0.8264685891139629,True
7436,2,0.8053122515426373,0.75,1.0,0,1,1.0,True
7437,2,0.8723755214243339,0.8333333333333334,1.0,0,1,1.0,True
7438,3,0.5609709734325211,0.5,1.0,0,1,0.8142256552806044,True
7439,2,1.000000000000001,1.0,1.0,0,1,1.0,True
7440,2,0.5671021344616476,0.5,1.0,1,1,0.8168532957216585,True
7441,2,1.0,1.0,1.0,0,2,0.9500000000000001,False
7442,3,0.20281969484239268,0.2,1.008888888888889,0,1,0.5357322501705493,False
7443,3,0.23227131270196977,0.16666666666666666,1.0857142857142856,0,1,0.5344654832214791,False
7444,2,1.0000000000000007,1.0,1.0769230769230769,0,1,1.0,True
7445,3,0.8471233870021478,1.0,1.0,1,1,1.0,True
7446,2,0.6756879716880241,0.5,1.0526315789473684,0,1,0.8633900831043912,True
7447,4,0.3783067552437164,0.2857142857142857,1.0,1,1,0.6466552760568308,False
7448,3,0.845306962539008,0.75,1.0,1,1,1.0,True
7449,3,0.7396014599941085,0.5,1.0,0,1,0.8907815780927133,True
7450,3,0.27594663046713985,0.2,1.1,1,2,0.517072365438298,False
7451,4,0.22191186062927878,0.375,1.2142857142857142,0,1,0.4568312736030242,False
7452,4,0.10327457314453661,0.1,1.1724137931034482,0,1,0.3714033884905157,False
7453,3,0.478883351332621,0.4,1.0,1,1,0.7373785791425518,True
7454,2,1.0000000000000007,1.0,1.0,0,1,1.0,True
7455,4,0.4444338642515288,0.16666666666666666,1.0606060606060606,0,1,0.625392291028433,False
7456,2,1.0,1.0,1.0,1,1,1.0,True
7457,3,0.8613870291474881,0.6666666666666666,1.0,1,1,0.9861111111111112,True
7458,2,0.8919001468360835,1.0,1.0,1,1,1.0,True
7459,3,0.3753843294732777,0.4,1.0,0,1,0.6930218554885477,False
7460,4,0.7331881215935517,0.4,1.0004301849795412,1,1,0.846366337825808,True
7461,2,0.6345916770507067,0.5,1.0,1,1,0.8457773854026839,True
7462,3,0.9999999999999998,1.0,1.0,1,1,1.0,True
7463,4,0.40388195395851006,0.5,1.0,0,1,0.7469017897917424,True
7464,2,0.6731803412458515,0.42857142857142855,1.0,0,1,0.8325534795815555,True
7465,2,0.9298403679555788,1.0,1.0,0,1,1.0,True
7466,4,0.8207079476318644,0.625,1.0,0,1,0.96875,True
7467,3,0.8901689658982725,1.0,1.0,1,1,1.0,True
7468,3,0.9097947896038828,1.0,1.0,1,1,1.0,True
7469,3,0.7719732272625021,0.6,1.0,0,1,0.9463218593029772,True
7471,4,0.23671985042355087,0.4,1.0004301849795412,1,1,0.6335942216100933,False
7472,3,0.6765378743674091,0.5,1.0,0,1,0.863754327109842,True
7473,2,0.9999999999999998,1.0,1.0,1,1,1.0,True
7474,3,0.7367200231384142,0.6,1.0,0,1,0.9312133432497967,True
7475,2,0.9999999999999994,1.0,1.0,1,1,1.0,True
7476,2,0.9475959453771859,1.0,1.0,1,1,1.0,True
7477,3,0.935094140197015,1.0,1.0061,0,1,1.0,True
7478,2,0.9999999999999998,1.0,1.0,1,1,1.0,True
7479,2,0.9999999999999993,1.0,1.0,0,1,1.0,True
7480,2,0.7313392259825249,0.6,1.0,1,1,0.9289072873258439,True
7481,3,0.8719981741963878,0.6666666666666666,1.0,0,1,0.9861111111111112,True
7482,2,0.4766460425754221,0.4,1.0,0,1,0.7364197325323237,True
7483,4,0.623220385664347,0.6666666666666666,1.0125,0,1,0.910348419252974,True
7484,3,0.8536639005759099,0.5,1.0105263157894737,0,1,0.9166666666666667,True
7485,3,0.787225740875232,0.8,1.0,1,2,0.9445253175179565,False
7486,3,0.9444045871266873,1.0,1.0,0,1,1.0,True
7487,2,0.9206764119652278,0.75,1.0,1,1,1.0,True
7488,4,0.9508636846289502,1.0,1.0,1,1,1.0,True
7489,2,1.0000000000000002,1.0,1.1,1,1,1.0,True
7490,4,0.9501487076638873,1.0,1.0,1,1,1.0,True
7491,4,0.8957478333401538,0.75,1.0,1,1,1.0,True
7492,4,0.7422953029460478,0.5,1.05,0,1,0.8919360822149729,True
7493,2,1.0000000000000004,1.0,1.042,1,1,1.0,True
7494,2,0.9999999999999999,1.0,1.0373443983402488,1,1,1.0,True
7495,4,0.4187773393306166,0.2857142857142857,1.05,0,1,0.6639998120940738,True
7496,4,0.37274394420889495,0.2,1.0769230769230769,0,1,0.6085569284704788,False
7497,2,0.9530694156714011,1.0,1.0,1,1,1.0,True
7498,3,0.5769025810601682,0.5555555555555556,1.0,0,1,0.8442016352691727,True
7499,3,0.7923883591536172,1.0,1.0,0,1,0.9967378682086931,True
7500,3,0.7626898015605047,0.3333333333333333,1.0666666666666667,1,1,0.8312321371767243,True
7501,4,0.3344107446412684,0.25,1.037037037037037,0,2,0.5629617477034008,False
7502,3,0.6595271739732913,0.5714285714285714,1.0,1,1,0.8862259317028391,True
7503,3,0.9476808082962175,1.0,1.0,0,1,1.0,True
7504,3,0.9607562264066584,1.0,1.05,0,1,1.0,True
7505,3,0.45386590916147496,0.3333333333333333,1.0075566750629723,0,1,0.698879040434283,True
7506,2,0.9226000873276684,0.75,1.0,1,1,1.0,True
7507,4,0.216514959406703,0.16666666666666666,1.0,0,1,0.5277127603806505,False
7508,3,0.2752783215685721,0.16666666666666666,1.0434782608695652,0,1,0.5528970584500229,False
7509,2,0.9999999999999999,1.0,1.1,1,1,1.0,True
7510,2,0.751522071618505,0.75,1.0,1,1,0.9792237449793593,True
7511,2,0.9246679395867526,0.75,1.0,1,1,1.0,True
7512,3,0.9550551872424724,1.0,1.0526315789473684,1,1,1.0,True
7513,2,0.8719488222382825,0.75,1.0,0,1,1.0,True
7514,3,0.805244729960451,0.6,1.0035419126328218,1,1,0.9583333333333333,True
7515,2,0.6194738036669224,0.5,1.0625,1,1,0.8392982968096334,True
7516,3,0.27436398993471234,0.3333333333333333,1.0074074074074073,0,1,0.6219496464799561,False
7517,3,0.5695120170102412,0.5,1.0,1,1,0.8178861025281987,True
7518,2,0.9523761956223152,1.0,1.0,1,1,1.0,True
7519,3,0.6454088331476424,0.5,1.0,1,1,0.8504133094442277,True
7520,4,0.2686369954883731,0.125,1.0,0,1,0.5326896647331123,False
7521,2,0.9310867329984879,0.8333333333333334,1.0,1,1,1.0,True
7522,4,0.5213182757512878,0.16666666666666666,1.0,0,1,0.6583427530997582,False
7523,3,0.799848344912503,0.6666666666666666,1.0,1,1,0.9860461160736125,True
7524,3,0.792202045844271,0.75,1.015625,1,1,0.9966580196475447,True
7525,4,0.6601593414689969,0.3333333333333333,1.0,0,1,0.7872905114232209,True
7526,3,0.677823344828535,0.3333333333333333,1.0,0,1,0.7948607985773086,True
7527,4,0.7910367140225345,0.5,1.0,0,2,0.8628252583906101,False
7528,3,0.9272708822422197,0.8,1.0,1,1,1.0,True
7529,3,0.4085916315117618,0.4,1.0,0,1,0.7072535563621837,True
7530,2,1.0000000000000007,1.0,1.059322033898305,1,1,1.0,True
7531,2,0.9722944967856333,1.0,1.0,1,1,1.0,True
7532,3,0.7077521092987853,0.5,1.0699999999999998,1,1,0.8771318563661461,True
7533,4,0.39450015116065174,0.2857142857142857,1.0,0,1,0.6535953028783745,False
7534,3,0.6080108713977098,0.42857142857142855,1.0,1,1,0.8046237067894948,True
7535,4,0.7292234971711783,0.6,1.0,0,1,0.9280005464066954,True
7536,4,0.9524795790791273,1.0,1.0,1,1,1.0,True
7537,3,0.9590791271286329,1.0,1.0,1,1,1.0,True
7538,2,0.9999999999999999,1.0,1.0804321728691477,1,1,1.0,True
7539,3,0.6748471030018773,0.6666666666666666,1.0,1,1,0.9324741552547728,True
7540,3,0.592807600152487,0.5,1.0,0,1,0.8278699238748755,True
7541,3,0.35138696384869456,0.3333333333333333,1.0,0,1,0.6549594924430913,False
7542,3,0.8856684425858199,0.6666666666666666,1.0,0,1,0.9861111111111112,True
7543,3,0.6857943618435252,0.6,1.0,1,1,0.9093880598377013,True
7544,2,0.9999999999999999,1.0,1.0,1,1,1.0,True
7545,4,0.662803051350668,0.375,1.0,1,1,0.8057846410550482,True
7546,3,0.7151221998903226,0.6666666666666666,1.0,1,1,0.9497349110641065,True
7547,3,0.6253377778034774,0.2857142857142857,1.12,0,1,0.6725257142967284,True
7548,4,0.7287063241547675,0.2857142857142857,1.0,1,1,0.7968265198758528,True
7549,2,0.9999999999999999,1.0,1.1,1,1,1.0,True
7550,2,0.43991341808400086,0.5,1.0,0,1,0.7623438458455243,True
7551,3,0.49125911808816825,0.4,1.03,1,1,0.7426824791806436,True
7552,3,0.6577179684269944,0.25,1.0,0,1,0.7515219864687119,True
7553,2,1.0000000000000002,1.0,1.0,0,1,1.0,True
7554,2,0.9999999999999999,1.0,1.0,0,1,1.0,True
7555,3,0.7407136004204278,0.5,1.0,2,1,0.786258209703993,False
7557,3,0.5399934707841797,0.4,1.0,0,1,0.7635686303360771,True
7558,2,0.9335169773682332,1.0,1.0,0,1,1.0,True
7559,2,0.684486836183489,0.42857142857142855,1.0,0,1,0.8373991202691144,True
7560,2,0.9999999999999994,1.0,1.1,1,1,1.0,True
7561,3,0.6946910741783541,0.4,1.015625,1,1,0.8298676032192946,True
7562,2,0.9624598278526123,1.0,1.0,1,1,1.0,True
7563,4,0.5669321160175809,0.5714285714285714,1.0,1,1,0.8465423354361061,True
7564,2,0.9999999999999991,1.0,1.0,0,1,1.0,True
7565,3,0.797123660211604,0.6,1.0076923076923077,0,1,0.9571006162811637,True
7566,3,0.8729959691691467,0.6,1.0,0,1,0.9583333333333333,True
7567,3,0.8768317836171066,1.0,1.015625,1,1,1.0,True
7568,3,0.8136806681128551,0.75,1.015625,1,1,1.0,True
7569,2,1.0000000000000004,1.0,1.1,1,1,1.0,True
7570,4,0.7476006716076032,0.6,1.03,1,1,0.9358764783080205,True
7571,2,0.9516019661663662,1.0,1.0,1,1,1.0,True
7573,2,0.9643704868848063,1.0,1.0,1,1,1.0,True
7574,2,0.6593773631014375,0.5,1.0,1,1,0.8563998222815685,True
7575,2,0.7743981013180723,0.8,1.0,1,1,0.9890277577077453,True
7576,3,0.8671308746698645,0.6,1.0,0,1,0.9583333333333333,True
7577,3,0.5988056765306319,0.5,1.0,2,1,0.7254405280369376,False
7578,3,0.9249481567555071,1.0,1.015625,1,1,1.0,True
7579,4,0.6102870108897226,0.5,1.01,1,1,0.8353610999051193,True
7580,2,1.0000000000000004,1.0,1.0,0,1,1.0,True
7581,4,0.26834564751261525,0.2857142857142857,1.132,0,1,0.5195290870292161,False
7582,2,0.8807449519533388,0.7142857142857143,1.0,0,1,1.0,True
7583,2,0.6619314066475095,0.6,1.0,0,1,0.8991610790394089,True
7585,2,0.90565513112612,1.0,1.0,1,1,1.0,True
7586,2,0.8046248162380414,0.75,1.0,1,1,1.0,True
7587,3,0.6164164144977192,0.5,1.0,0,1,0.8379879871656892,True
7588,4,0.3444098303950128,0.375,1.0,0,1,0.6693304035026245,False
7589,2,0.8364907046686498,0.7142857142857143,1.0526315789473684,0,1,1.0,True
7590,4,0.4221865410006676,0.5,1.1,1,1,0.7547466128098099,True
7591,2,0.8601280778043978,0.6,1.0,1,1,0.9583333333333333,True
7592,3,0.4336470744564736,0.2857142857142857,1.0,0,1,0.670372555719441,True
7593,2,0.6467717542785474,0.8,1.0,0,1,0.9343307518336632,True
7594,4,0.18246391118444147,0.3333333333333333,1.096774193548387,1,1,0.5825638984441257,False
7595,2,1.0,1.0,1.1,0,1,1.0,True
7596,2,0.9562257257462963,1.0,1.0,1,1,1.0,True
7597,2,0.7555811625525922,0.6,1.0,1,1,0.9392966887130156,True
7598,4,0.10319138562897706,0.125,1.0490000000000002,0,1,0.46178440336479964,False
7599,2,0.5548082724050117,0.42857142857142855,1.0,0,1,0.7818225929354812,True
7600,4,0.3644467505946545,0.2,1.0,1,1,0.60500098835009,False
7601,4,0.41726212404997026,0.42857142857142855,1.0666666666666667,1,1,0.7228742436404634,True
7602,3,0.3440162192235843,0.3333333333333333,1.0,2,1,0.5468006018894727,False
7603,2,0.9999999999999997,1.0,1.0,1,1,1.0,True
7604,2,0.9565778956431449,0.75,1.0,0,1,1.0,True
7605,3,0.2248133385479479,0.2222222222222222,1.0578279266572637,0,1,0.5544173567321893,False
7606,2,0.3031446218165114,0.14285714285714285,1.0625,2,1,0.4499191236356478,False
7607,2,0.9584877360966958,1.0,1.0,0,1,1.0,True
7608,2,0.9898904256884996,1.0,1.0,0,1,1.0,True
7609,2,0.6922705697478783,0.6666666666666666,1.03125,0,1,0.9399413552887732,True
7610,3,0.4823249941138233,0.42857142857142855,1.0,0,1,0.7507583308106862,True
7611,4,0.17362564634997477,0.25,1.1,2,1,0.4390538484357035,False
7612,2,0.8949617011779339,0.75,1.0,0,1,1.0,True
7613,3,0.6956076621685243,0.5,1.0277777777777777,1,1,0.87192709331032,True
7614,2,0.9243232303514132,1.0,1.0,0,1,1.0,True
7615,2,0.9524028535224541,1.0,1.0,1,1,1.0,True
7616,4,0.965013531624445,1.0,1.0,1,1,1.0,True
7617,3,0.6140585256044248,0.3333333333333333,1.0,1,1,0.7675330189098328,True
7618,2,0.9083913722831133,1.0,1.0042487446890693,1,1,1.0,True
7619,3,0.6163052437382049,0.5,1.0,0,2,0.787940342554469,False
7620,2,0.951208954232525,0.8333333333333334,1.0,0,1,1.0,True
7621,4,0.5006601889904847,0.375,1.0,1,1,0.7362948429006839,True
7622,2,0.907343947173931,0.6,1.0,0,1,0.9583333333333333,True
7623,2,0.8135140113295742,0.75,1.0,1,1,1.0,True
7624,3,0.5601606086862086,0.5,1.04,0,1,0.8138783561036134,True
7625,2,0.8660347054749321,0.75,1.03,1,1,1.0,True
7626,4,0.5229504668747895,0.5,1.0714285714285714,1,1,0.797931152470148,True
7627,2,1.0,1.0,1.0,1,1,1.0,True
7628,3,0.2979581199263756,0.2857142857142857,1.0,1,1,0.6122201466351134,False
7629,2,0.581419831619811,0.25,1.0714285714285714,0,1,0.718822784979919,True
7630,3,0.6691885361747584,0.3333333333333333,1.0,0,1,0.7911601662971186,True
7631,2,0.6674672658146584,0.2857142857142857,1.0047169811320755,0,1,0.7705812091586632,True
7632,2,0.8269485071657698,0.8333333333333334,1.008846153846154,1,1,1.0,True
7633,2,0.8191442589610392,0.75,1.0207142857142857,1,1,1.0,True
7634,3,0.48616298294718396,0.2857142857142857,1.0,0,1,0.6928793736440312,True
7635,2,0.9072848030522525,0.8,1.0,1,1,1.0,True
7636,2,0.9999999999999997,1.0,1.0,1,1,1.0,True
7637,2,0.7866102567682656,0.75,1.0,1,1,0.9942615386149709,True
7638,2,1.0,1.0,1.0,0,1,1.0,True
7639,2,1.0000000000000007,1.0,1.0,1,1,1.0,True
7640,2,0.7535488109159998,0.6666666666666666,1.0,1,1,0.9662034586465396,True
7641,3,0.7166154732784195,0.4,1.015625,1,1,0.8392637742621798,True
7642,2,0.7663805420322078,0.6,1.0,1,1,0.9439249942042796,True
7643,2,0.9011279922681599,0.8,1.0,1,1,1.0,True
7644,2,0.6496563579692175,0.6,1.0,1,1,0.8939003438915694,True
7645,2,0.9141911283386052,1.0,1.015625,1,1,1.0,True
7646,3,0.6374481371613917,0.42857142857142855,1.0,1,1,0.8172396778310727,True
7647,2,0.9084814490837217,0.5,1.0,0,1,0.9166666666666667,True
7648,2,0.9749152813929249,1.0,1.0,1,1,1.0,True
7649,2,0.9020856494968611,0.75,1.0,0,1,1.0,True
7650,2,0.7143277161507537,0.6,1.0,1,1,0.9216166402550849,True
7651,4,0.37323886528645095,0.2857142857142857,1.0,0,1,0.6444833232180027,False
7652,4,0.11940175738139461,0.2857142857142857,1.1,0,1,0.5356959912586929,False
7653,4,0.12397735637706465,0.16666666666666666,1.125,0,1,0.4080537876536626,False
7654,2,0.9618286492852256,1.0,1.0,0,2,0.9500000000000001,False
7655,4,0.0,0.0,1.04,0,1,0.44999999999999996,False
7656,4,0.9543023364783225,1.0,1.0294117647058822,0,1,1.0,True
7657,4,0.7742390030967181,0.5,1.0,0,2,0.8556262394224031,False
7658,3,0.5395105577532264,0.42857142857142855,1.0,0,2,0.7252664295132877,False
7659,4,0.42094827465165124,0.2,1.04,0,1,0.62921592723166,False
7660,4,0.4363016394471556,0.2857142857142857,1.0,0,1,0.6715102264297333,True
7661,2,1.000000000000001,1.0,1.0,0,1,1.0,True
7662,2,0.965630248515806,1.0,1.0,0,1,1.0,True
7663,4,0.5581838375481409,0.14285714285714285,1.125,0,2,0.534221644663489,False
7664,3,0.8889424968939517,1.0,1.0,0,1,1.0,True
7665,3,0.818560178604839,0.4,1.0,0,1,0.875,True
7666,3,0.4537543923436541,0.4,1.125,0,1,0.6466090252901375,True
7667,3,0.737530294250109,0.6,1.0,0,1,0.9315606022976657,True
7668,3,1.0000000000000007,1.0,1.0,0,1,1.0,True
7669,3,0.19101254402781798,0.0,1.04,0,1,0.48900537601192196,False
7670,3,0.6494514357232463,0.5,1.2142857142857142,0,1,0.6921458534052009,False
7671,4,0.4999071587312749,0.3333333333333333,1.0105263157894737,0,3,0.6686110045356258,False
7672,2,0.9752173407746865,1.0,1.0,0,1,1.0,True
7673,3,0.5890969500496182,0.4,1.0214285714285714,0,1,0.7846129785926936,True
7674,3,0.5999972434223748,0.2,1.125,0,1,0.6259511995619702,False
7675,2,0.9707531749079209,1.0,1.0,0,1,1.0,True
7676,2,0.9411603199457119,0.6666666666666666,1.0,0,2,0.9361111111111112,False
7677,3,0.6690140707933799,0.5,1.0,0,1,0.8605298398638295,True
7678,3,0.7409828380509642,0.625,1.1045655375552281,1,2,0.8134569305932705,False
7679,3,0.7009976609555144,0.4,1.0,1,1,0.8325704261237921,True
7680,4,0.5193242341898114,0.25,1.0,1,1,0.6922103860813478,True
7681,4,0.6803284176901755,0.5,1.0,1,1,0.865378845676742,True
7682,2,0.8840152765222091,0.8333333333333334,1.0,0,1,1.0,True
7683,2,0.8085759007690172,1.0,1.0,1,1,1.0,True
7684,2,0.8773926291092392,1.0,1.0,1,1,1.0,True
7685,3,0.432843369412742,0.2857142857142857,1.25,0,1,0.510028110700699,False
7686,2,0.7545425518737091,0.75,1.0,0,1,0.980518236517304,True
7687,3,0.6393374463553503,0.5714285714285714,1.0,0,1,0.8775731912951501,True
7688,3,0.662578521566366,0.5714285714285714,1.0,0,1,0.8875336520998711,True
7689,2,0.8689074240772278,0.6666666666666666,1.0,0,1,0.9861111111111112,True
7690,2,0.5305783674984552,0.6666666666666666,1.0,0,1,0.8706446971818776,True
7691,4,0.7395611771069969,0.6666666666666666,1.2,0,1,0.8802087584426812,True
7692,4,0.39483637042456793,0.3333333333333333,1.07,0,1,0.6735806666898941,False
7693,2,0.8115930163876666,1.0,1.1,0,1,1.0,True
7694,2,0.6556371532379748,0.6666666666666666,1.0,0,1,0.9242413196416717,True
7695,2,0.8842030159787714,1.0,1.0,0,1,1.0,True
7696,2,0.5636028620984262,0.6,1.1428571428571428,0,1,0.7770202742326588,True
7697,4,0.8049239857961992,0.3333333333333333,1.1764705882352942,0,1,0.7672222222222222,True
7698,3,0.967523837003765,1.0,1.0,0,2,0.9500000000000001,False
7699,2,0.6346763464661059,0.6666666666666666,1.1764705882352942,0,1,0.8352581167394422,True
7700,4,0.600421486193675,0.3333333333333333,1.1333333333333333,0,2,0.6316885734480829,False
7701,4,0.6055013118547324,0.5,1.1428571428571428,0,2,0.7033100860329806,False
7702,4,0.8131959955526411,0.3333333333333333,1.1764705882352942,0,1,0.7672222222222222,True
7703,2,0.5802025655210025,0.5,1.0,0,1,0.8224677661756679,True
7704,4,0.6082676145839977,0.5,1.1764705882352942,0,1,0.7544956443455229,True
7705,2,0.5868550770303588,1.0,1.0,0,1,0.9086521758701538,True
7706,2,1.0000000000000002,1.0,1.0,0,2,0.9500000000000001,False
7707,3,0.3540545074130999,0.16666666666666666,1.2,0,2,0.4566582809548206,False
7708,3,0.509021633401115,0.16666666666666666,1.25,0,1,0.49307276352111273,False
7709,3,0.3600734796307594,0.42857142857142855,1.08,0,1,0.6983648246036588,False
7710,2,0.7168075451417621,0.5,1.0,0,1,0.8810127574417077,True
7711,3,0.45135822866829534,0.25,1.0,0,1,0.663082098000698,True
7712,4,0.3027126072850594,0.2,1.1111111111111112,0,1,0.49854349836026357,False
7713,3,0.4046146205991419,0.16666666666666666,1.2,0,1,0.5283269008916956,False
7714,3,0.4735418726840916,0.25,1.05,0,1,0.6725893740074678,True
7715,4,0.7532530632860149,0.75,1.098901098901099,0,1,0.9799655985511493,True
7716,4,0.387198571969428,0.25,1.0,0,1,0.635585102272612,False
7717,4,0.38966327717456445,0.16666666666666666,1.0,0,1,0.6019191822811625,False
7718,2,0.9467101469518682,1.0,1.0,0,2,0.9500000000000001,False
7719,4,0.6841893811318228,0.4,1.0,0,2,0.7753668776279242,False
7720,2,0.959029773392905,1.0,1.0,0,2,0.9500000000000001,False
7721,2,0.9644482321299508,1.0,1.0,0,2,0.9500000000000001,False
7722,2,0.8819587106755655,0.8,1.02,0,2,0.9500000000000001,False
7723,2,0.9596855092356618,1.0,1.0,0,2,0.9500000000000001,False
7724,3,0.6018975203873669,0.75,1.1368421052631579,0,1,0.8350989373088715,True
7725,3,0.5447414441842741,0.3333333333333333,1.0666666666666667,0,2,0.6878256983011969,False
7726,4,0.38139787388703533,0.5,1.0318181818181817,0,1,0.7372657554753961,False
7727,2,0.701872908121922,0.6666666666666666,1.0526315789473684,0,1,0.9440566431633635,True
7728,4,0.13454644153140619,0.125,1.0666666666666667,0,2,0.4252222844658407,False
7729,3,0.2869964264467471,0.4,1.004626060138782,0,1,0.6551413256200345,False
7730,2,0.7198043638536469,0.5714285714285714,1.0416666666666667,0,1,0.9120590130801345,True
7731,3,0.6048982067982671,0.5,1.2307692307692308,0,1,0.6730516124373527,False
7732,4,0.6009793550023339,0.5,1.0,1,2,0.7813721045248099,False
7733,4,0.5909462902205502,0.5555555555555556,1.0,1,2,0.8002203677664793,False
7734,4,0.17086286976852227,0.16666666666666666,1.2,0,1,0.4281475791071444,False
7735,2,0.6838743071309973,1.0,1.0714285714285714,0,1,0.9502318459132846,True
7736,2,0.33514186153761727,0.5,1.0,0,1,0.7174417501827883,False
7737,3,0.31240209844223504,0.2,1.0666666666666667,0,1,0.5826961374276245,False
7738,2,0.9292819612111303,1.0,1.0222222222222221,1,1,1.0,True
7739,2,0.7036377326816661,0.6,1.0714285714285714,0,1,0.917035218768333,True
7740,2,0.8815603420942207,1.0,1.0,0,1,1.0,True
7741,2,0.945480119453729,1.0,1.0,1,1,1.0,True
7742,2,0.6322632679983884,0.375,1.0666666666666667,0,2,0.7426961624754999,False
7743,2,0.9463333163041596,1.0,1.0,1,1,1.0,True
7744,3,0.2892857174154864,0.4,1.25,0,1,0.49612245032092284,False
7745,3,0.34846124504799353,0.2857142857142857,1.12,0,1,0.5538643431158067,False
7746,2,0.6685314828994914,0.6,1.0434782608695652,0,1,0.901989683147401,True
7747,3,0.3320567634701752,0.2857142857142857,1.0185185185185186,0,1,0.6268338510110274,False
7748,2,0.9728814009159035,1.0,1.0,1,2,0.9500000000000001,False
7749,3,0.7673408998332505,0.6,1.0,1,2,0.8943365761190122,False
7750,3,0.8084430241610953,0.5,1.0714285714285714,0,1,0.9166666666666667,True
7751,3,0.9999999999999994,1.0,1.0,1,1,1.0,True
7752,2,0.7444831605852265,0.6666666666666666,1.2,0,1,0.882318179933351,True
7753,3,0.968633550677615,1.0,1.0,1,2,0.9500000000000001,False
7754,3,0.7971960875961884,0.6,1.0,1,1,0.9571316565888426,True
7755,2,0.20275277639337416,0.0,1.0,0,1,0.4940369041685889,False
7756,2,1.0000000000000007,1.0,1.0,0,2,0.9500000000000001,False
7757,2,0.9057124026780595,0.8,1.0,0,2,0.9500000000000001,False
7758,2,0.6965449755585944,0.6,1.2395999999999998,0,1,0.7539954657155882,False
7759,3,0.2809650097616567,0.25,1.5625,0,1,0.4300564327549957,False
7761,4,0.6505620042722529,0.5,1.1768859597505001,1,1,0.772621811354775,True
7762,3,0.2925036138959325,0.3,1.0384615384615385,0,1,0.6158348821458758,False
7763,4,0.43089680499740995,0.4,1.1333333333333333,0,2,0.5868129164274615,False
7764,4,0.35430165970299066,0.3333333333333333,1.25,0,1,0.49620864780921825,False
7765,3,0.21477694955088367,0.08333333333333333,1.0416666666666667,0,3,0.449190121236093,False
7766,2,0.3665489808610929,0.42857142857142855,1.0,0,1,0.7011400394166588,False
7767,3,0.7680318804465304,0.5,1.0,0,1,0.902966044000894,True
7768,3,0.23051167522333502,0.3333333333333333,1.117121354656632,0,1,0.5231557973179372,False
7769,4,0.12418775940152854,0.14285714285714285,1.0666666666666667,0,1,0.4782233254577979,False
7770,2,0.6804114009502595,1.0,1.0,0,2,0.898747743264397,False
7771,4,0.13457139705403107,0.14285714285714285,1.25,0,1,0.32267345588029905,False
7772,4,0.5211497289927725,0.5,1.0693333333333332,0,1,0.7971594076635692,True
7773,4,0.6042855077627467,0.6,1.2,0,1,0.794455693803082,True
7774,4,0.4400145226867995,0.2222222222222222,1.1111111111111112,0,1,0.56664643564884,False
7775,3,0.4372263354434149,0.42857142857142855,1.2,0,1,0.651430334237654,True
7776,2,0.41007527659643433,0.6,1.0,0,1,0.791222737588948,True
7777,2,0.4998820932757568,0.5,1.0769230769230769,0,1,0.788044706641991,True
7778,4,0.5796642322760717,0.5714285714285714,1.2,0,1,0.771998956689745,True
7779,3,0.5385466221513827,0.5714285714285714,1.2,0,1,0.754377123779164,True
7780,2,0.7397371724447518,0.6666666666666666,1.0,0,1,0.9602841850160047,True
7781,3,0.5141134572635027,0.36363636363636365,1.1,0,1,0.7373256808185574,True
7782,2,0.6711974926771569,0.6666666666666666,1.0,0,1,0.9309100365441784,True
7783,4,0.3278912658242634,0.3,1.0416666666666667,0,1,0.6310010186865891,False
7784,4,0.38715774902690747,0.2727272727272727,1.2,0,1,0.5650373036955144,False
7785,3,0.6966695046856268,0.6666666666666666,1.0,0,1,0.941826613119237,True
7786,3,0.635363568944016,0.6666666666666666,1.0,0,1,0.9155526406585466,True
7787,4,0.704766047474913,0.5714285714285714,1.0,0,1,0.9056140203463914,True
7788,3,0.5411605538674383,0.625,1.0,0,1,0.8578188088003307,True
7789,4,0.5305051724767658,0.42857142857142855,1.1,0,1,0.7714069786805187,True
7790,3,0.5563288836428312,0.5,1.1111111111111112,0,1,0.7322361882278801,True
7791,3,0.44058307173941097,0.5,1.1617400283980894,0,1,0.6826308402692713,True
7792,2,0.31859250092773284,0.6666666666666666,1.0,0,1,0.779793611508711,False
7793,3,0.3574720077930388,0.4,1.0,0,3,0.6353451461970168,False
7794,4,0.36632137439653795,0.375,1.1578947368421053,0,1,0.5987210652175639,False
7795,2,0.4695250905644226,0.5,1.1283497884344147,0,1,0.6950345626228478,True
7796,2,0.6034249082266535,0.6,1.1111111111111112,0,1,0.7940868654304706,True
7798,4,0.3315052260970873,0.14285714285714285,1.0,0,2,0.5170736683273232,False
7799,3,0.09928385036151464,0.25,1.25,0,2,0.3025,False
7800,2,0.5858742874450305,0.5,1.0,0,1,0.8248985041431083,True
7801,4,0.1399239175216361,0.14285714285714285,1.1428571428571428,0,1,0.40496739322355835,False
7802,3,0.4238240202591128,0.42857142857142855,1.02,0,1,0.7256864848729531,True
7803,4,0.32832904187364237,0.3333333333333333,1.1333333333333333,0,2,0.5150775258823547,False
7804,4,0.38471923913051026,0.3333333333333333,1.1111111111111112,0,1,0.5892447532781552,False
7805,4,0.1573540658037977,0.2,1.0,0,2,0.46624698058258,False
7806,3,0.4599435624493576,0.3333333333333333,1.0,0,2,0.6514837489862326,False
7807,3,0.4104300632619381,0.5714285714285714,1.19,0,1,0.6994700271122591,True
7808,2,0.4298508172380983,0.5714285714285714,1.1538461538461537,0,1,0.7077932073877564,True
7809,2,0.8153301136061468,0.7142857142857143,1.0,0,1,1.0,True
7810,2,0.6134853867777906,0.6,1.0,0,1,0.8783984990952436,True
7811,4,0.13498558564203997,0.14285714285714285,1.25,0,2,0.27285096527516,False
7812,4,0.4607803523589821,0.5,1.375,0,1,0.611286817677659,False
7813,3,0.6081859292481385,0.5,1.0166666666666666,0,1,0.8344606363444405,True
7814,2,1.0000000000000002,1.0,1.0,0,1,1.0,True
7815,3,0.8113296866796079,0.75,1.0222222222222221,1,2,0.9500000000000001,False
7816,4,0.30256596190487073,0.2222222222222222,1.0119047619047619,0,1,0.5877399095994419,False
7817,3,0.6462774359021718,0.6,1.1111111111111112,0,1,0.8124522344342642,True
7818,3,0.9686737943274635,1.0,1.0,1,1,1.0,True
7819,3,0.6216980610396237,0.5,1.2,0,1,0.7602515499693625,True
7820,2,0.6646672085176057,0.75,1.125,0,1,0.862000232221831,True
7821,2,0.7737847246751719,0.75,1.0294117647058822,0,1,0.988764882003645,True
7822,4,0.2305388897988529,0.18181818181818182,1.0,0,1,0.5400361475761317,False
7823,2,0.9999999999999999,1.0,1.0,0,2,0.9500000000000001,False
7824,3,0.4879814689274614,0.3333333333333333,1.0,0,2,0.6634999946197058,False
7825,2,0.5198091273805513,0.6666666666666666,1.0,0,1,0.8660293085599189,True
7826,2,0.5956063004647953,0.625,1.09375,0,1,0.8811527001991981,True
7827,4,0.36010236197969364,0.2727272727272727,1.0810810810810811,0,1,0.6334421378181371,False
7828,4,0.1894373241694827,0.1111111111111111,1.1333333333333333,0,1,0.41295991141655075,False
7829,3,0.548333139379122,0.5,1.1363636363636365,0,1,0.7288094406862904,True
7830,3,0.6619986218759103,0.5,1.2,0,1,0.7775232188991996,True
7831,4,0.3272458168635148,0.3,1.0833333333333333,0,1,0.630724397703411,False
7832,3,0.3698347750465888,0.4,1.1764705882352942,0,1,0.6106434750199666,False
7833,2,0.6173547232339738,0.625,1.0,0,1,0.8904734528145603,True
7834,2,0.49361070148274433,0.625,1.2037037037037037,0,2,0.627440300635462,False
7835,2,0.30789062971105396,0.42857142857142855,1.0285714285714285,0,2,0.6260007460666422,False
7836,3,0.4597114413439948,0.3333333333333333,1.0,0,1,0.7013842685125057,True
7837,2,0.7238120575715886,0.75,1.1764705882352942,0,1,0.887348024673538,True
7838,2,0.6930132076971139,0.5,1.1428571428571428,0,1,0.7908151842511442,True
7839,4,0.5537793881869836,0.375,1.3333333333333333,0,1,0.5990602139848977,False
7840,3,0.5918041339948944,0.4444444444444444,1.0,0,1,0.8042917188020446,True
7841,4,0.11680285913753728,0.125,1.0,0,1,0.46761789201132553,False
7842,4,0.4581872360488777,0.2857142857142857,1.0744186046511628,1,1,0.6808897678304714,True
7843,3,0.5943597387781365,0.5,1.0,0,2,0.778535126143011,False
7844,2,0.9134966701292042,0.8,1.0,0,2,0.9500000000000001,False
7845,4,0.3905509683135191,0.21428571428571427,1.2,0,1,0.5421408911819844,False
7847,2,0.7072408246953026,0.8,1.1538461538461537,0,1,0.8802460677265583,True
7848,4,0.8629185763930282,0.8,1.0555555555555556,1,1,1.0,True
7849,4,0.21924865201488525,0.25,1.0,0,1,0.5636065651492366,False
7850,4,0.8131170134975397,0.42857142857142855,1.0,0,2,0.8369047619047619,False
7851,4,0.6588773431760105,0.5,1.0714285714285714,0,1,0.8561855280278141,True
7852,4,0.8669359454722637,0.8,1.0,1,1,1.0,True
7853,3,0.951319071426486,1.0,1.0,1,1,1.0,True
7854,2,0.5265395450722585,1.0,1.0,0,1,0.8828026621738252,True
7855,2,0.5216643020097221,0.5,1.0,0,1,0.7973799389565477,True
7856,3,0.6447398026948747,0.6666666666666666,1.1428571428571428,0,1,0.8395710265517717,True
7857,3,0.42892291762144524,0.3333333333333333,1.008888888888889,0,1,0.6881891869171273,True
7858,4,0.27308282439667825,0.2857142857142857,1.2470588235294118,0,1,0.4415593056938145,False
7859,3,0.358144218427225,0.2727272727272727,1.2444444444444445,0,1,0.4726029334385077,False
7860,3,0.2899980872797829,0.2727272727272727,1.1111111111111112,0,1,0.5233974486610324,False
7861,3,0.5457363249790339,0.42857142857142855,1.0,0,1,0.7779346154672051,True
7862,3,0.732893029083362,0.8,2.9069767441860463,1,2,0.7612398696071553,False
7863,4,0.5930474788107253,0.5,1.5176470588235293,1,2,0.6179727290141205,False
7864,4,0.28652307375444297,0.25,1.135,0,2,0.4624384601804756,False
7865,2,0.6329359189190755,0.3333333333333333,1.0,1,1,0.7756233303303974,True
7866,2,0.6168951161990546,0.2857142857142857,1.128668171557562,0,1,0.6689074307519758,True
7867,2,0.34414445176220626,0.2857142857142857,1.0,0,1,0.6320142888504693,False
7868,2,0.6210229512705002,0.5,1.0,0,1,0.8399622172111667,True
7869,4,0.33268346609517513,0.3,1.0,0,1,0.6330548188026941,False
7870,4,0.8664387640633027,1.0,1.5,1,1,0.8400000000000001,False
7871,3,0.23944288031539596,0.16666666666666666,1.0666666666666667,0,1,0.5375390121986617,False
7872,2,0.5191897898174619,0.6,1.0,1,1,0.8379861003979598,True
7873,2,0.8196238194054614,1.0,1.1428571428571428,0,1,0.92,True
7874,4,0.3851330986152259,0.3333333333333333,1.0,1,2,0.6194221216287477,False
7875,4,0.48277246199097845,0.375,1.0,1,2,0.6786286741866099,False
7876,4,0.5019296076242984,0.5,1.5375,1,2,0.5789222127913661,False
7877,2,0.7897816533021317,0.8,1.008888888888889,0,1,0.9956207085580564,True
7878,3,0.9338944098301546,1.0,1.0,1,1,1.0,True
7879,2,0.9927391308511867,1.0,1.0,1,1,1.0,True
7880,2,0.9951503910974859,1.0,1.0,1,1,1.0,True
7881,2,0.6545435233654314,0.3333333333333333,1.25,0,1,0.6248837322359786,False
7882,2,0.7745970898542959,0.8,1.0,0,2,0.939113038508984,False
7883,4,0.6401281353908855,0.42857142857142855,1.0,0,1,0.8183882485008558,True
7884,4,0.38985573546534646,0.25,1.008888888888889,0,2,0.5867238866280057,False
7885,4,0.6530042189195144,0.6666666666666666,1.1428571428571428,0,2,0.7931129192194745,False
7886,2,0.5008653122273599,0.2727272727272727,1.008888888888889,0,2,0.6437691164957084,False
7887,2,0.8823372868979663,0.4,1.0,0,1,0.875,True
7888,4,0.36086305108611666,0.3333333333333333,1.15,0,1,0.5790206726877007,False
7889,4,0.8027295726009046,0.5714285714285714,1.2,1,1,0.8664285714285714,True
7890,4,0.5055960922378774,0.3333333333333333,1.1904761904761905,0,2,0.5910491188955983,False
7891,4,0.46801873403446625,0.2857142857142857,1.0,0,1,0.6851032669671522,True
7892,4,0.3892605050698347,0.2222222222222222,1.001063829787234,1,1,0.624894713812998,False
7893,4,0.8987349148087413,1.0,1.0077519379844961,1,3,0.9500000000000001,False
7894,4,0.5399737743263898,0.16666666666666666,1.0011833333333333,1,1,0.666337966774802,False
7895,3,0.22379487692661748,0.3333333333333333,1.3333333333333333,2,1,0.3352771694764869,False
7896,4,0.7482379927531957,0.5714285714285714,1.0101010101010102,1,1,0.924244854037084,True
7897,3,0.5157369907018148,0.5,1.0020833333333334,1,1,0.7948396626817302,True
7898,3,0.5702755752749765,0.5,2.22,1,1,0.6582133417845139,False
7899,3,0.5491115021289171,0.3333333333333333,1.0101010101010102,1,1,0.7396985802774724,True
7900,3,0.7509909897433446,0.5,1.2012012012012012,1,1,0.7356628051281001,False
7901,4,0.6248488756122578,0.5714285714285714,1.0004244224822652,1,1,0.8713638038338247,True
7902,3,0.48696296935688566,0.2,1.199890919007363,1,1,0.5775079392481891,False
7903,2,0.9096092107389929,1.0,1.0021962136165246,1,1,1.0,True
7904,2,0.8196753237857346,0.5,1.0,1,1,0.9166666666666667,True
7905,4,0.5843682271773166,0.5,1.0020940978307877,1,1,0.8242530497426594,True
7906,3,0.5511055398586638,0.5,18.0,1,1,0.6499976123203798,False
7907,4,0.7492727078005107,0.4,1.0002728016731837,1,1,0.8532597319145045,True
7908,3,0.32578289159312085,0.375,1.0,0,1,0.6613474297303852,False
7909,2,0.9248477666073303,1.0,1.0001815994370418,1,1,1.0,True
7910,3,0.6764419205318781,0.4,1.0101010101010102,0,1,0.822046537370805,True
7911,3,0.7924508441629431,0.6,4.0,1,1,0.7950979808317375,False
7912,4,0.4238744430110853,0.2857142857142857,1.0640012896985331,1,1,0.6661842850999888,True
7913,4,0.47894463657262365,0.3333333333333333,1.0,2,1,0.6046270664676323,False
7914,3,0.8009495971076254,0.8,1.0097777777777779,1,1,1.0,True
7915,4,0.8627437957791644,0.8,1.0014558689717925,0,1,1.0,True
7916,4,0.2058811703741218,0.2857142857142857,1.0,0,1,0.5727585968270046,False
7917,4,0.806751940141416,0.7142857142857143,1.24,1,1,0.8400000000000001,False
7918,2,0.7059367524466963,1.0,1.0,1,1,0.9596871796200126,True
7919,2,1.0000000000000004,1.0,1.0,1,1,1.0,True
7920,4,0.0775566038124574,0.14285714285714285,1.0,0,1,0.46785714285714286,False
7921,3,0.7165592102444411,0.3333333333333333,1.0026767676767676,1,1,0.8114618837555542,True
7922,4,0.6132321696116995,0.5,1.0011969696969696,1,1,0.8366233107859664,True
7923,4,0.055513131328396664,0.1111111111111111,1.0,1,1,0.4546296296296296,False
7924,4,0.4966706277288879,0.16666666666666666,1.0,1,1,0.6477794753758727,False
7925,3,0.792640250461665,0.6,1.0101010101010102,1,1,0.9551791549597612,True
7926,4,0.6933533240721459,0.5,1.0101010101010102,1,1,0.8709609484118721,True
7927,3,0.7812875223011387,0.5,1.0,0,1,0.9086470333671548,True
7928,4,0.19433638755531962,0.16666666666666666,1.497,3,1,0.253207658158629,False
7929,4,0.587128269885621,0.6666666666666666,1.1721611721611722,1,1,0.8148803696335201,True
7930,2,0.8230664902881382,0.5714285714285714,1.0101010101010102,1,1,0.9464285714285714,True
7931,3,0.5667652157518065,0.5,1.0009686793671295,1,1,0.8167089019888696,True
7932,4,0.8865656815985651,0.75,1.0,0,1,1.0,True
7933,4,0.7551356012305382,0.4,1.0,1,1,0.8557724005273737,True
7934,2,0.8828562841223654,1.0,1.0101010101010102,0,1,1.0,True
7935,4,0.5608304724499088,0.3333333333333333,1.0,0,1,0.744720996129326,True
7936,4,0.46520200993070626,0.2857142857142857,1.0,0,1,0.6838960994941122,True
7937,4,0.34176079758405575,0.16666666666666666,1.0,1,1,0.5813895481709446,False
7938,4,0.6722022578970872,0.5,1.200654902674186,1,1,0.7018962057654183,False
7939,4,0.25946064784099415,0.1,1.002047470994161,1,1,0.5183402776461403,False
7940,2,0.7647989341330848,0.4,1.0,0,1,0.8599138289141792,True
7941,3,0.7837233548039285,0.7142857142857143,1.001111111111111,1,1,0.9930242949159693,True
7942,4,0.6760693728495314,0.42857142857142855,1.0,0,1,0.8337916359831326,True
7943,4,0.5977173967338352,0.4,1.0,0,1,0.7883074557430723,True
7944,2,0.7254303543780067,0.5,1.0,1,1,0.8847082471143839,True
7945,2,0.8872910239946324,1.0,6.003272727272727,1,1,0.8400000000000001,False
7946,4,0.49477151430523403,0.14285714285714285,1.0,1,1,0.6370449347022432,False
7947,4,0.7811541006242845,0.4,1.0,0,1,0.8669231859818363,True
7948,4,0.6442183369342989,0.5,4.0,1,1,0.6899030967813662,False
7949,2,0.8979486816312614,0.6666666666666666,1.0,1,1,0.9861111111111112,True
7950,3,0.6827420530528923,0.625,1.0,1,1,0.9184965941655253,True
7951,4,0.45949359863425826,0.14285714285714285,1.1363636363636365,2,1,0.4369258279861107,False
7952,4,0.4155282336285745,0.16666666666666666,1.2,2,1,0.4280041636185954,False
7953,4,0.5665895034660793,0.5714285714285714,1.0003181818181817,2,1,0.7413955014854625,False
7954,4,0.4526986256856093,0.25,1.0,0,1,0.6636565538652611,True
7955,4,0.6641672244149269,0.5714285714285714,2.2007042253521125,1,1,0.7282145247492544,False
7956,4,0.5709620253380602,0.5,1.002047470994161,1,1,0.8185075346686925,True
7957,4,0.4573890562551119,0.2222222222222222,1.0008340283569641,1,1,0.6540926643209739,False
7958,4,0.7034247992578277,0.7142857142857143,1.000606382172364,1,1,0.9586106282533546,True
7959,3,0.6417551420779799,0.625,1.0,1,1,0.9009307751762772,True
7960,4,0.6435788758812275,0.16666666666666666,10.012045454545454,1,1,0.5507401531554468,False
7961,4,0.3819427868823778,0.3333333333333333,1.0057142857142858,1,1,0.6680548451718127,False
7962,3,0.5877591972909237,0.2857142857142857,1.136,0,1,0.6564206083627768,True
7963,4,0.777715731238092,0.8,1.0,1,1,0.9904495991020394,True
7964,3,0.8133362676722558,0.5,4.0,1,1,0.7566666666666667,False
7965,3,0.8556705734497593,0.8333333333333334,1.0008333333333332,0,1,1.0,True
7966,4,0.6357505476479312,0.42857142857142855,1.1363636363636365,1,1,0.736512139468161,True
7967,3,0.6061592460653873,0.7142857142857143,1.003639948434064,0,2,0.8669253911708804,False
7968,3,0.8189788553340924,0.5,1.0097777777777779,1,1,0.9166666666666667,True
7969,4,0.41147971374781095,0.16666666666666666,1.1474747474747475,1,1,0.5312690836696967,False
7970,4,0.38934613797327694,0.25,1.2,1,2,0.506505487702833,False
7971,4,0.7506641327829024,0.5714285714285714,1.0057142857142858,0,1,0.9252846283355296,True
7972,4,0.5858508762253927,0.42857142857142855,1.0009857446163177,1,2,0.7451265660013588,False
7973,4,0.781704888093644,0.6666666666666666,1.0,1,1,0.97827034886553,True
7974,4,0.6468246860648844,0.625,1.0008333333333332,1,1,0.9031034368849504,True
7975,4,0.7066080296299793,0.375,1.0022747952684259,1,2,0.7745582031747532,False
7976,2,0.6246583403510607,0.5,1.0012132241431606,1,1,0.8415202411028355,True
7977,3,0.8439458831391626,0.75,1.0101010101010102,1,1,1.0,True
7978,3,0.6600768952114778,0.6666666666666666,1.0,0,1,0.9261440662017444,True
7979,4,0.6565400737832419,0.5,1.0101010101010102,1,1,0.8551838411451989,True
7980,3,0.9402471252253457,1.0,1.0,0,1,1.0,True
7981,3,0.31157260184683555,0.25,1.0,0,1,0.6031739722200724,False
7982,4,0.5345619966700876,0.3333333333333333,1.0101010101010102,1,1,0.733463077937974,True
7983,3,0.3287591080731372,0.25,1.0,0,1,0.6105396177456303,False
7984,4,0.6791240742605411,0.4,1.0,0,1,0.8231960318259463,True
7985,2,0.8777338761529013,0.6,1.0,1,1,0.9583333333333333,True
7986,4,0.4676814142980618,0.4,1.0,0,1,0.7325777489848836,True
7987,3,0.66587486973217,0.5,1.0101010101010102,1,1,0.8591844679804539,True
7988,4,0.6581490660690404,0.5714285714285714,1.0,0,1,0.8856353140295887,True
7989,3,0.7016840300286441,0.5,1.002689393939394,1,1,0.874531250964657,True
7990,3,0.7276660777004107,0.6666666666666666,1.0,1,1,0.9551108586970014,True
7991,4,0.5739890355912718,0.375,1.0,1,1,0.7677214914438784,True
7992,4,0.6291872348213773,0.4,1.0,1,1,0.8017945292091617,True
7993,2,0.7336435578231653,0.3333333333333333,1.0,0,1,0.8187837470035788,True
7994,4,0.9516647276865742,1.0,1.0,0,1,1.0,True
7995,3,0.6841596334978985,0.5,1.0020833333333334,1,1,0.8670207953086233,True
7996,3,0.5236767190758969,0.2222222222222222,1.0,0,1,0.6825016626727388,False
7997,4,0.35610698324713536,0.25,2.588155001137484,1,1,0.4622601356773437,False
7998,3,0.5320687741544863,0.5714285714285714,1.002047470994161,0,1,0.8316009032090657,True
7999,3,0.5649764928905786,0.42857142857142855,1.0153846153846153,1,1,0.7861804017150098,True
8000,3,0.7327214936245038,0.625,1.0006060606060605,1,1,0.9399163544105016,True
8001,4,0.5569018344211256,0.4,1.0057142857142858,0,1,0.7708150718947682,True
8002,4,0.594001559367562,0.4444444444444444,1.0015924774399028,0,1,0.805233472533188,True
8003,3,0.5203470022772585,0.5,1.9555555555555555,1,1,0.636815381928349,False
8004,4,0.5552565400137771,0.6,1.0018437165684109,1,1,0.8534432790535236,True
8005,3,0.8957282316604044,0.625,1.0000757575757575,0,1,0.96875,True
8006,3,0.7303413796798803,0.7142857142857143,1.0005305844008185,1,1,0.9701463055770916,True
8007,2,0.8444747952241863,0.5,1.0003406187908033,1,1,0.9166666666666667,True
8008,4,0.5356828908100372,0.25,1.0,0,1,0.6992212389185873,True
8009,3,0.7432773972953013,0.25,1.002047470994161,0,1,0.7881903131265577,True
8010,2,0.72507007202847,0.4444444444444444,1.0,0,1,0.8614056922450057,True
8011,3,0.7455597620033758,0.5714285714285714,1.0015924774399028,0,1,0.9230970408585897,True
8012,3,0.44413862798673626,0.42857142857142855,10.0,1,1,0.5743927453276488,False
8013,2,0.6122349951326326,0.25,1.0010010010010009,1,1,0.7320292836282711,True
8014,2,1.000000000000001,1.0,1.0,0,1,1.0,True
8015,3,0.6699515303816167,0.8,1.0,1,1,0.9442649415921215,True
8016,3,0.7754322943527663,0.5714285714285714,1.0101010101010102,1,1,0.9358995547226141,True
8017,4,0.6771635087084473,0.4444444444444444,1.00030312215823,1,1,0.8408743079649961,True
8018,4,0.7608976963946755,0.5,1.0004545454545455,1,1,0.8999085365500992,True
8019,2,0.8690032634000171,0.6,1.0,0,1,0.9583333333333333,True
8020,2,0.7599983605353463,0.7142857142857143,1.0,0,1,0.9828564402294342,True
8021,4,0.32204817827613297,0.125,1.0,0,1,0.5555801716421522,False
8022,4,0.48386610017479315,0.4,1.0057142857142858,1,1,0.7395140429320542,True
8023,3,0.8463758074302218,0.75,1.0057142857142858,1,1,1.0,True
8024,2,0.7683568877936652,0.42857142857142855,1.0015924774399028,1,1,0.8733434281020469,True
8025,3,0.6147138333207058,0.75,12.121212121212121,1,1,0.7605916428517311,False
8026,4,0.702895977860864,0.375,1.0015924774399028,1,1,0.8229673238451323,True
8027,2,0.8124391779560002,0.5,1.0,1,1,0.9166666666666667,True
8028,3,0.35775518782001864,0.25,1.3513513513513513,1,1,0.46296650906572223,False
8029,3,0.5714757961296131,0.2,1.0,1,1,0.6937277221507866,False
8030,2,0.7193885979082811,0.3333333333333333,1.0,2,1,0.7076744784686284,False
8031,2,0.9221932071639823,0.75,1.0,0,1,1.0,True
8032,4,0.6257515791754252,0.25,1.0153846153846153,1,1,0.7378221053608965,True
8033,3,0.3898323023479299,0.25,1.0,0,1,0.6367138438633986,False
8034,3,0.47590278512610007,1.0,15.0,1,1,0.7011011936254715,False
8035,4,0.0,0.0,1.0,0,1,0.44999999999999996,False
8036,4,0.49524945197615655,0.18181818181818182,1.0,1,1,0.6534835313664048,False
8037,2,0.6297452037028287,0.6,1.0,0,1,0.8853669920631171,True
8038,4,0.5650272192983002,0.5,1.1374838856449534,1,1,0.7359640463659383,True
8039,4,0.711452147088296,0.5,1.002047470994161,1,1,0.8787175868473649,True
8040,4,0.38642320334699615,0.2857142857142857,1.0,0,1,0.6501337538153793,False
8041,4,0.7199436055788387,0.5714285714285714,1.0015924774399028,0,1,0.9121186881052166,True
8042,3,0.7750777029549148,0.6666666666666666,1.0750246044363692,0,1,0.9754301266632175,True
8043,3,0.6469061252374114,0.5,1.0012045454545455,1,1,0.8510550060541286,True
8045,4,0.5809908737396301,0.42857142857142855,1.0101010101010102,1,1,0.7930437077931749,True
8046,4,0.6454241926486164,0.42857142857142855,1.002047470994161,1,2,0.7706579873255975,False
8047,3,0.7835213581342492,0.6666666666666666,1.002047470994161,0,1,0.9790488360257894,True
8048,2,0.7994717140773558,0.42857142857142855,1.002047470994161,0,1,0.8866783536522,True
8049,4,0.40080854762837553,0.2857142857142857,1.0,1,1,0.6562989013645418,True
8050,3,0.5960186006264012,0.5,1.0153846153846153,1,1,0.8292460669351244,True
8051,4,0.7624544215909825,0.6666666666666666,1.1008715232892707,1,1,0.8900201489358179,True
8052,4,0.7642356282453066,0.6,1.0006822833750284,1,1,0.9430057454384648,True
8053,4,0.5739566922436601,0.5,1.0,1,1,0.8197909633425211,True
8054,4,0.38752906837430917,0.2222222222222222,1.0,0,1,0.6241526695149155,False
8055,4,0.8870203377280238,1.0,1.0003030303030302,1,1,1.0,True
8056,2,0.8578440067479614,1.0,1.0006822833750284,1,1,1.0,True
8057,2,1.0000000000000007,1.0,1.0,1,1,1.0,True
8058,4,0.42771951280564374,0.2,1.0,0,1,0.6321178864405139,False
8059,4,0.5395753458771884,0.375,1.0,1,1,0.7529727672806998,True
8060,4,0.5278776838061975,0.3333333333333333,1.0,1,1,0.7305983724248782,True
8061,2,0.9522370913669753,1.0,1.0,1,1,1.0,True
8062,4,0.4062397894671991,0.3333333333333333,1.0,0,1,0.6784678462795932,True
8063,2,0.9404916361568116,1.0,1.0,0,1,1.0,True
8064,3,0.9389892480408907,0.75,1.0,1,1,1.0,True
8065,3,0.3498473501877212,0.16666666666666666,1.0,0,1,0.5848552135725155,False
8066,3,0.3963898110630083,0.2857142857142857,1.0,0,1,0.6544051571222417,False
8067,3,0.8603632207704522,0.8,1.0,1,1,1.0,True
8068,2,0.8964116753714206,0.8571428571428571,1.0,0,1,1.0,True
8069,3,0.7465093946457629,0.6666666666666666,1.0005305844008185,1,1,0.9631865659592953,True
8070,2,0.44673507774532956,0.5,1.0,0,1,0.7652674142718079,True
8071,4,0.32802980737117693,0.25,1.0,0,2,0.560227060301933,False
8073,3,0.45360032179782706,0.16666666666666666,1.0,0,1,0.6293207728339894,False
8074,2,0.9538924002011806,1.0,1.0018214936247722,1,2,0.9500000000000001,False
8075,2,0.9478236801554616,1.0,1.0018214936247722,1,2,0.9500000000000001,False
8076,4,0.640241159783877,0.5714285714285714,1.09,0,1,0.877960497050233,True
8077,2,0.623231938191233,0.6666666666666666,1.1683333333333332,0,1,0.8303533703359253,True
8078,2,0.6324152053882087,1.0,1.0,0,1,0.9281779451663752,True
8079,3,0.5665061448077281,0.2,1.0,1,2,0.6415978715842645,False
8080,3,0.2998421135999595,0.2,5.666666666666667,0,2,0.367313286780935,False
8081,4,0.5417917716150109,0.6,1.0,0,2,0.797672664025481,False
8082,3,0.5543761906281234,0.6,1.0909090909090908,0,1,0.8530659864596719,True
8083,3,0.3766256678656965,0.4,1.0,0,2,0.6435538576567271,False
8084,4,0.3666586304902634,0.2,1.0,1,1,0.6059489368767795,False
8085,2,1.0,1.0,1.0,1,1,1.0,True
8087,3,0.8349912335867282,0.8571428571428571,1.0,1,1,1.0,True
8088,3,0.39417521795664695,0.25,1.0,1,2,0.5885750934099916,False
8089,2,0.6109399158753887,1.0,1.0,1,2,0.8689742496608809,False
8090,4,0.7387882111044943,0.4,1.125,0,1,0.7687663761876404,True
8091,2,0.8434756723842848,0.8333333333333334,1.1904444444444446,0,1,0.92,True
8092,4,0.6656217346591928,0.5714285714285714,1.0,1,2,0.8388378862825113,False
8093,2,0.3332942525190422,0.14285714285714285,1.04,1,2,0.5178403939367324,False
8094,2,0.3968556225494516,0.5,1.0294117647058822,0,1,0.7438905049021459,False
8095,3,0.899674333852406,1.0,1.0,1,1,1.0,True
8096,2,0.7912490577814211,0.5454545454545454,1.0,0,1,0.9318556567980982,True
8097,2,0.8882755141219123,0.9,1.0,0,1,1.0,True
8098,4,0.22488033337307323,0.125,1.1875,1,1,0.4339368095408409,False
8099,3,0.5710752121016675,0.5,1.1111111111111112,1,2,0.6885560432816671,False
8100,2,0.8249197399591014,0.75,1.0,0,1,1.0,True
8101,3,0.7654031494397872,0.6666666666666666,1.0833333333333333,1,2,0.9212838894424485,False
8102,3,0.773833202150832,0.75,1.0,1,2,0.9387856580646424,False
8103,4,0.5703044337120995,0.5,1.0272727272727273,1,2,0.7682257096861379,False
8104,4,0.7089245337061522,0.75,1.0272727272727273,1,2,0.9109676573026367,False
8105,2,0.6187840744700726,0.3333333333333333,1.0,2,1,0.6645582541379677,False
8106,3,0.8621654052872268,1.0,1.0,1,2,0.9500000000000001,False
8108,4,0.7524545034514238,0.8,1.0,1,2,0.9296233586220389,False
8109,2,1.0000000000000002,1.0,1.0,1,2,0.9500000000000001,False
8111,4,0.9726109387462781,1.0,1.0,1,2,0.9500000000000001,False
8112,2,0.9007133220851743,1.0,1.0833333333333333,0,1,1.0,True
8113,4,0.4104884697290038,0.3333333333333333,1.125,0,1,0.6002887092489381,True
8114,2,0.5450911142447191,0.5555555555555556,1.2,0,1,0.750568149491123,True
8115,4,0.6916176895670405,0.42857142857142855,1.0,2,1,0.7354552002906365,False
8116,3,0.6470396460838869,1.0,1.0,0,1,0.9344455626073801,True
8117,2,0.8696487043737565,0.7142857142857143,1.0,1,1,1.0,True
8118,2,0.9545071277689021,0.6666666666666666,1.0,0,1,0.9861111111111112,True
8119,3,0.865984057403479,1.0,1.0,1,2,0.9500000000000001,False
8120,2,0.7702060830320453,0.6,1.05,0,1,0.9455645117756384,True
8121,2,0.7121147154654467,0.5,1.125,0,1,0.7990015447232868,True
8122,3,0.3012613299234557,0.2857142857142857,1.0614285714285714,0,1,0.6136358080624333,False
8123,2,0.5911116708766266,0.5,1.1,0,1,0.8271430970423639,True
8124,3,0.45637877282340505,0.4,1.0119047619047619,0,1,0.7277337597814593,True
8125,3,0.5376635078951144,0.7142857142857143,1.0588235294117647,0,2,0.837570074812192,False
8126,4,0.1099997960193237,0.125,1.0810810810810811,0,2,0.4147022935320911,False
8127,4,0.3112624068308401,0.3333333333333333,1.135,0,1,0.5577632537211537,False
8129,2,0.6254834106866107,0.75,1.0619469026548674,0,1,0.9252071760085474,True
8130,4,0.2999909133750527,0.3333333333333333,1.135,0,1,0.5529326136686733,False
8131,4,0.8293413935140875,0.8333333333333334,1.025,1,1,1.0,True
8132,4,0.3690197791642273,0.25,1.1764705882352942,0,2,0.4977941910703831,False
8133,3,0.6923482758171149,1.0,1.0294117647058822,0,1,0.9538635467787635,True
8134,3,0.34625406567803513,0.16666666666666666,1.1428571428571428,1,2,0.4533152344969357,False
8135,3,0.7234348201829296,0.6666666666666666,1.0009532888465205,1,1,0.953297462618081,True
8136,3,0.500122890547294,0.42857142857142855,1.2,0,1,0.6783860007107451,True
8137,2,0.8190112996595394,0.5,1.0,0,2,0.8666666666666668,False
8138,2,0.7091344651182974,0.5714285714285714,1.0,0,1,0.9074861993364132,True
8139,2,0.9455107361626502,1.0,1.0,1,1,1.0,True
8140,2,0.7140207573023571,0.5714285714285714,1.0,1,1,0.9095803245581531,True
8141,4,0.47592211943584245,0.14285714285714285,1.2463157894736843,0,2,0.41896662261536105,False
8142,2,0.5806700988565627,0.3333333333333333,1.0,1,1,0.7532236931607492,True
8143,4,0.7006347076599772,0.5,1.0285714285714285,1,2,0.8240815413780856,False
8144,4,0.25278780151764796,0.25,1.0588235294117647,0,1,0.5779804863647062,False
8145,4,0.476194111374979,0.14285714285714285,1.0,1,2,0.5790831905892768,False
8146,4,0.6163850386663744,0.2857142857142857,1.0285714285714285,1,2,0.6986888260951128,False
8147,4,0.885374606828971,0.8,1.0042283298097252,1,2,0.9500000000000001,False
8148,4,0.7362972523217872,0.6666666666666666,1.0,0,1,0.9588099335347342,True
8150,2,0.5308783406947623,0.2,1.0,0,1,0.6763288126787076,False
8151,3,0.32189730930773236,0.25,1.0,0,1,0.607598846846171,False
8152,2,0.17055126378828916,0.25,1.25,0,2,0.33273625590926675,False
8153,2,0.6286676150738312,0.4,1.0,0,2,0.7515718350316422,False
8154,3,0.5356338602710136,0.5,1.0,0,2,0.7533668924971012,False
8155,3,0.5275168284150765,0.5,1.0,0,2,0.7498881645588423,False
8156,2,0.739184526267707,0.5,1.068235294117647,0,1,0.8906028922099698,True
8157,4,0.4971529624134561,0.42857142857142855,1.1818181818181819,0,1,0.6771131743676716,True
8160,4,0.42768617819339555,0.25,1.2,0,1,0.5729369335114552,True
8161,2,0.7387055167283713,0.5,1.0294117647058822,0,1,0.8903976024073972,True
8162,4,0.8596358392265899,0.4,1.0,0,1,0.875,True
8163,3,0.7765455347916465,0.8,1.001319501319501,0,2,0.9399480863392772,False
8164,2,0.9420183466484388,1.0,1.0,0,1,1.0,True
8165,3,0.4655200054251597,0.2,1.0,0,1,0.6483180975631637,False
8166,2,0.6577783145848536,0.75,1.0,0,2,0.8890478491077946,False
8167,3,0.7567159036157776,0.7142857142857143,1.0,0,2,0.9314496729781904,False
8168,3,0.43554874436262475,0.3333333333333333,1.0,1,2,0.6410288269490615,False
8169,3,0.5316023627327263,0.4,1.0,1,1,0.7599724411711686,True
8170,4,0.7101049077015443,0.5,1.0227272727272727,1,2,0.8281401985387572,False
8171,3,0.8353445441376743,0.7777777777777778,1.0,1,1,1.0,True
8172,4,0.6885492498106334,0.5,1.001744009705793,1,2,0.8189020594426525,False
8173,2,0.9999999999999998,1.0,1.0,0,1,1.0,True
8174,3,0.5591139549936992,0.18181818181818182,1.0,0,1,0.6808540326596373,False
8175,2,0.7826209115706344,0.6666666666666666,1.0,0,1,0.9786629303556686,True
8176,2,0.6847595641999958,0.375,1.0,0,1,0.8151945751333316,True
8177,3,0.3533087032006648,0.3333333333333333,1.1363636363636365,0,1,0.5757830950225071,False
8178,3,0.8057056311368552,0.6,1.0,0,1,0.9583333333333333,True
8180,2,0.9999999999999999,1.0,1.0,0,1,1.0,True
8181,2,1.0000000000000013,1.0,1.0,0,1,1.0,True
8182,2,0.9092660977798931,0.8571428571428571,1.0,0,1,1.0,True
8183,2,0.3954896802828129,0.4,1.0,0,1,0.7016384344069198,False
8184,4,0.3384253900608443,0.16666666666666666,1.0,0,1,0.5799600878038539,False
8185,3,0.3015985952079071,0.4,1.0,0,1,0.6613993979462459,False
8186,3,0.707974921020517,0.4,1.0,0,1,0.8355606804373645,True
8187,3,0.19269424604154553,0.14285714285714285,1.0,0,1,0.5075832483035195,False
8188,4,0.6097802274366301,0.42857142857142855,1.0,1,2,0.7553820022347463,False
8189,4,0.766682829489915,0.8333333333333334,1.0227272727272727,0,2,0.9357212126385351,False
8190,4,0.7998478384314792,0.6666666666666666,1.0,1,1,0.9860458990103165,True
8191,3,1.0,1.0,1.0,1,1,1.0,True
8192,2,0.9747035183721184,1.0,1.0,1,1,1.0,True
8193,3,0.5899446910645656,0.4,1.0,1,1,0.7849762961705282,True
8194,4,0.4454319783541396,0.3333333333333333,1.0,0,1,0.6952644986597106,True
8195,2,0.8935226360240436,1.0,1.0,0,1,1.0,True
8196,2,0.9594959728213844,1.0,1.0,0,1,1.0,True
8197,2,0.6734398284067721,0.6,1.0,0,1,0.9040932597933786,True
8198,2,0.818026978127646,0.5,1.0,0,1,0.9166666666666667,True
8199,2,0.7277471810470796,0.6,1.0,0,1,0.9273678394963674,True
8200,3,0.5182193263338889,0.3333333333333333,1.0,0,1,0.7264590763653175,True
8201,4,0.535360007834313,0.6666666666666666,1.1166666666666667,0,2,0.7426939716115311,False
8202,4,0.25250843182316374,0.3333333333333333,1.0526315789473684,1,2,0.5625829787178639,False
8203,4,0.6607476555386437,0.5,1.0,1,1,0.8569870904689425,True
8204,4,0.6623403183666275,0.5,1.0,1,1,0.8576696602523641,True
8205,4,0.9500630384814273,1.0,1.0,1,1,1.0,True
8206,3,0.9530062902554375,1.0,1.0,1,1,1.0,True
8207,4,0.6673893236251814,0.5714285714285714,1.0227272727272727,1,1,0.889595424410792,True
8208,3,0.7946952538484581,0.7142857142857143,1.0,2,1,0.8927265373636248,False
8209,4,0.4348985259058162,0.5,1.0,0,1,0.760194606340588,True
8210,2,1.0000000000000004,1.0,1.0,1,1,1.0,True
8211,2,0.591029749241741,0.6666666666666666,1.0769230769230769,0,2,0.8465524322147145,False
8212,3,0.33948026030762335,0.25,1.0,0,1,0.6151343972746957,False
8213,2,0.7094469446165155,1.0,1.0,0,1,0.9611915476927924,True
8214,2,0.6726623090251801,0.3333333333333333,1.0,0,1,0.7926489260901566,True
8215,2,0.46631206077888,0.5555555555555556,1.0,0,2,0.7468056980057635,False
8216,2,0.6063581986002703,0.6,1.0,0,1,0.8753439898763063,True
8217,3,0.5309590502564242,0.5555555555555556,1.0,0,2,0.7745115506389967,False
8218,3,0.6992033477675114,0.5,1.0,1,2,0.8234681014241717,False
8219,4,0.4508403917901493,0.25,1.0,1,2,0.612860167910064,False
8220,4,0.5927132092665868,0.5,1.0,1,2,0.7778294706380612,False
8221,2,0.48956691309107664,0.5,1.0,1,1,0.783623915134271,True
8222,4,0.8438433808175807,0.6666666666666666,1.0,1,2,0.9361111111111112,False
8223,4,0.5430504937063896,0.6,1.0,1,2,0.7982121163503576,False
8224,2,0.17417639280923686,0.0,1.0,0,2,0.4317898826325301,False
8225,2,0.3706394690799053,0.5,1.25,0,1,0.5726550105580547,False
8226,4,0.1925535756509739,0.16666666666666666,1.0,0,1,0.5174435959139094,False
8227,4,0.20837630621096767,0.3333333333333333,1.2933884297520661,0,1,0.4336692105983512,False
8228,3,0.8160769856076636,0.75,1.0011551790527533,1,1,1.0,True
8229,4,0.35487915883450055,0.3,1.0625,1,1,0.6425672585481192,False
8230,3,0.7110340165645858,0.3333333333333333,1.0499999999999998,0,1,0.8090939436070447,True
8231,3,0.7121201884037036,0.5714285714285714,1.0,0,1,0.9087657950301586,True
8233,2,0.7140577913384322,0.6,1.0263157894736843,1,1,0.9215009581926614,True
8234,3,0.8603877706766121,0.8333333333333334,1.0285714285714285,1,1,1.0,True
8235,4,0.5060499187149766,0.375,1.1681818181818182,1,1,0.6586047270683233,True
8236,2,0.8737784832789338,1.0,1.0256410256410255,1,1,1.0,True
8237,3,0.827935911222165,0.7142857142857143,1.0,1,1,1.0,True
8238,2,0.9296814364382228,0.7142857142857143,1.0,1,1,1.0,True
8239,4,0.6577156950424813,0.5,1.0,2,1,0.7506876788277301,False
8240,4,0.6975854664989329,0.5,1.0214285714285714,1,1,0.872774723737638,True
8241,3,0.6717192187632518,0.7142857142857143,1.21875,1,1,0.7850225223271079,False
8242,3,0.9417917214796657,0.875,1.0,1,2,0.9500000000000001,False
8243,2,1.0000000000000002,1.0,1.0,1,1,1.0,True
8244,4,0.27613286791765773,0.18181818181818182,1.25,1,1,0.3995764239127624,False
8245,4,0.8193031040319262,0.5714285714285714,1.0272727272727273,1,1,0.9464285714285714,True
8246,4,0.475841307393614,0.375,1.001926782273603,1,1,0.7256581793591679,True
8247,3,0.6546004586429178,0.5,1.0,1,1,0.8543525775136316,True
8248,4,0.4206527822197822,0.3333333333333333,1.075,1,1,0.6846448431735574,True
8249,2,0.9166243188937488,1.0,1.02,0,1,1.0,True
8250,3,0.803524624739434,0.7142857142857143,1.03,1,1,1.0,True
8251,3,0.8309295581842829,0.7777777777777778,1.0011551790527533,1,1,1.0,True
8252,3,0.4140606610784399,0.36363636363636365,1.2903225806451613,1,2,0.4844459110249591,False
8253,3,0.18167181544399522,0.2857142857142857,1.0083333333333333,1,1,0.5623831589998075,False
8254,2,1.0,1.0,1.0,1,1,1.0,True
8255,2,0.6080175395131119,0.5,1.0,2,1,0.7293884693151433,False
8256,3,0.6842691459143448,0.42857142857142855,1.0105263157894737,1,1,0.8373058244394811,True
8257,3,0.364652625119937,0.3,1.1538461538461537,1,1,0.5667558869561634,False
8258,3,0.599100125642097,0.375,1.0,1,1,0.7784833871799464,True
8259,3,0.8359026201261885,0.4,1.0,1,2,0.8250000000000001,False
8261,2,0.8092354316032971,0.375,1.0,1,1,0.8645833333333333,True
8262,4,0.6787466237508539,0.6666666666666666,1.0,1,2,0.8841453784329057,False
8263,2,0.8603826601440762,0.7142857142857143,1.0011551790527533,1,1,1.0,True
8264,2,0.9999999999999998,1.0,1.0,1,1,1.0,True
8265,4,0.23915227185563648,0.2222222222222222,1.0875,1,1,0.5605626138640558,False
8266,3,0.817626213061997,0.5555555555555556,1.0,1,1,0.9398148148148149,True
8267,2,0.892148052406661,0.6,1.0,0,2,0.9083333333333333,False
8268,4,0.20553353841820723,0.25,4.208333333333333,0,3,0.3477286593220888,False
8269,4,0.8657882837943501,0.7142857142857143,1.0,1,1,1.0,True
8270,2,1.0,1.0,1.0,1,2,0.9500000000000001,False
8271,4,0.6495991280155242,0.375,2.6548672566371683,1,2,0.5901258167685581,False
8272,3,0.5446883531314932,0.8,1.0,1,2,0.84058072277064,False
8273,4,0.7407102443492452,0.5,1.0014306151645207,1,2,0.8412567713877718,False
8274,2,0.6775862072056241,0.5,1.026470588235294,1,2,0.8142036126119342,False
8275,4,0.40017406608691436,0.2222222222222222,1.0069991251093613,0,2,0.5795719542488893,False
8276,3,0.5712156312633381,0.5,1.0,1,2,0.7686162229223831,False
8277,3,0.7153207499911411,0.6,1.0,1,2,0.8720422261866797,False
8278,3,0.9030597520848908,1.0,1.0,1,2,0.9500000000000001,False
8279,4,0.26154813757281625,0.14285714285714285,1.25,1,3,0.3270920589597784,False
8280,4,0.6765352171643249,0.5,1.2,1,2,0.7337531883085203,False
8281,3,0.7772498860967035,0.6666666666666666,1.0,0,1,0.9763610622954126,True
8282,2,0.3881792788146425,0.75,1.0,0,1,0.8235054052062754,False
8283,2,0.41112735081703783,0.75,1.0,0,1,0.833340293207302,True
8284,3,0.517198602819165,0.6,1.0,0,1,0.8371327345415469,True
8285,4,0.6042057166378165,0.5,1.0,0,1,0.8327548309400166,True
8287,4,0.4576062130639797,0.2857142857142857,1.0,0,1,0.6806407579798007,True
8288,3,0.5542328409357999,0.4,1.1111111111111112,0,2,0.6396712175439143,False
8289,3,0.36364936815397075,0.375,1.135,0,2,0.5475759196850352,False
8290,3,0.2824555286301477,0.2222222222222222,1.0318181818181817,0,2,0.5291211524817035,False
8291,2,0.4767093389969667,0.375,1.0,0,1,0.7260301929034619,True
8292,3,0.9140618765864195,1.0,1.024,1,2,0.9500000000000001,False
8293,2,0.9107739762648333,1.0,1.024,1,2,0.9500000000000001,False
8294,4,0.9189622580264665,1.0,1.024,1,2,0.9500000000000001,False
8295,4,0.5661646026395655,0.5,1.024,1,2,0.7664514963693377,False
8296,2,0.9619411960390044,1.0,1.0294117647058822,1,1,1.0,True
8297,4,0.5688646960699497,0.6666666666666666,1.068235294117647,0,1,0.8870531237125181,True
8299,3,0.2530561667811966,0.3333333333333333,1.0222222222222221,0,2,0.5628177222713066,False
8300,2,0.7841416841434073,0.75,1.008888888888889,0,1,0.9932035789186031,True
8301,4,0.22236398250739398,0.2,1.008888888888889,0,1,0.5441083734555497,False
8302,3,0.7003746569378736,0.14285714285714285,1.0,0,1,0.7251605672590886,False
8303,4,0.5113101223097513,0.3333333333333333,2.888888888888889,1,2,0.5134979889264014,False
8304,2,1.000000000000001,1.0,1.0,1,1,1.0,True
8305,4,0.8649232978204742,0.8333333333333334,1.001727115716753,1,1,1.0,True
8306,4,0.5226425137048657,0.25,1.25,1,1,0.5336325058735139,False
8307,4,0.21066997163061418,0.1,1.0909090909090908,1,1,0.4974299878416918,False
8308,2,0.8287357899245983,0.7777777777777778,1.0125,1,1,1.0,True
8309,2,0.8578407508406996,0.5714285714285714,1.0,1,1,0.9464285714285714,True
8310,3,0.8862033167309319,0.8333333333333334,1.0294117647058822,1,1,1.0,True
8311,2,0.8865183061966927,0.8333333333333334,1.0,2,1,0.895,False
8312,3,0.5973579750063985,0.2857142857142857,1.0,1,1,0.7405343702408375,True
8313,3,0.720811152108366,0.5,1.0034602076124568,1,1,0.8827285889988236,True
8314,3,0.7455702852047782,0.6,1.0,1,1,0.9350063127068098,True
8315,4,0.4908457698402212,0.3333333333333333,1.0666666666666667,1,2,0.6647275521537457,False
8316,3,0.5725539703170479,0.25,1.1461318051575933,1,1,0.6350231301358776,True
8317,3,0.6848859403381976,0.3333333333333333,1.1111111111111112,1,1,0.7178876252243068,True
8318,2,0.7262529154439084,1.0,1.0,0,2,0.9183941066188178,False
8319,2,0.5135141160048429,0.6666666666666666,1.0,0,2,0.8133314465417582,False
8320,2,0.9744153432980068,1.0,1.0,1,2,0.9500000000000001,False
8321,2,0.5603706331321177,0.5555555555555556,1.0235294117647058,2,1,0.7321165147285795,False
8322,4,0.5005194347266411,0.42857142857142855,1.0212765957446808,1,2,0.7085559482161795,False
8323,3,0.6433794906359394,0.4444444444444444,1.0862068965517242,1,1,0.8263954430767784,True
8324,3,0.7008007115377702,0.25,1.0,1,2,0.7199860192304731,False
8325,2,1.0000000000000007,1.0,1.0,1,2,0.9500000000000001,False
8327,3,0.45682928852961086,0.25,1.07145,1,1,0.6654268379412618,True
8328,2,0.14289129585048743,0.25,1.050420168067227,0,2,0.48088198393592324,False
8329,4,0.6149866955590173,0.2857142857142857,1.0350000000000001,1,1,0.7480895361919597,True
8330,2,0.9205269822566128,0.8571428571428571,1.0,1,1,1.0,True
8331,3,0.6218623774438536,0.375,1.0,1,1,0.7882386379521278,True
8332,3,0.8599373867593646,0.8333333333333334,1.0,1,1,1.0,True
8333,3,0.9425065490661386,1.0,1.0,1,1,1.0,True
8334,3,0.8752189367446794,0.75,1.0,1,2,0.9500000000000001,False
8335,2,0.5423238166165573,0.6,1.0625,2,2,0.692900683311858,False
8336,4,0.3750680154349882,0.2857142857142857,1.1428571428571428,1,3,0.515267244710233,False
8338,2,1.0,1.0,1.0,1,1,1.0,True
8339,2,1.0000000000000002,1.0,1.0,1,1,1.0,True
8340,4,0.16077830850266966,0.14285714285714285,6.057894736842105,2,1,0.228904989358287,False
8341,4,0.7982867397845973,0.75,1.0,1,1,0.9992657456219702,True
8342,2,0.8762513125321235,0.75,1.0,1,2,0.9500000000000001,False
8343,2,0.4864479290978193,0.5,1.0,0,1,0.7822872077085892,True
8344,3,0.5881413520844608,0.2727272727272727,1.0,1,1,0.731173133577323,True
8345,3,0.6838467447091805,0.5,1.0,1,2,0.8168867001134584,False
8346,4,0.6015003440385118,0.4,1.0416666666666667,0,1,0.7899287188736479,True
8347,3,0.5888149734189728,0.6,1.0,0,2,0.8178254647986075,False
8349,4,0.13115052170751182,0.16666666666666666,1.13,0,2,0.36112800136671136,False
8350,2,0.9746520089374922,1.0,1.0,0,1,1.0,True
8351,2,0.7601012860949115,1.0,1.0,0,2,0.9329005511835334,False
8352,3,0.5951110258131769,0.25,1.011764705882353,1,1,0.7246904396342186,True
8353,2,0.5801715505868525,0.5,1.0,0,2,0.7724544740610321,False
8354,2,1.0000000000000002,1.0,1.0,1,1,1.0,True
8355,3,0.9345103085130153,1.0,1.022857142857143,1,2,0.9500000000000001,False
8356,4,0.697499264061322,0.75,1.0179640718562875,2,1,0.851071113169138,False
8357,4,0.39430361519301604,0.3333333333333333,1.025,2,3,0.5183523430192291,False
8358,3,0.7901570871793309,0.7142857142857143,1.0714285714285714,1,1,0.9957816087911417,True
8359,3,0.6709524283464131,0.5,1.0,1,1,0.8613605645294151,True
8360,2,0.8488487334065697,0.8,1.0,1,1,1.0,True
8361,3,0.44670356850579246,0.5,1.0,0,2,0.7152539103120065,False
8362,4,0.6278828483393205,0.6666666666666666,1.0417,0,2,0.8623466175422486,False
8363,2,0.8417677505696799,0.7777777777777778,1.0,1,1,1.0,True
8364,4,0.5232887311029716,0.6,1.0,0,1,0.8397427895203211,True
8365,4,0.5593558358647251,0.5,1.025,0,1,0.8135334534658347,True
8366,2,0.7099076823062758,1.0,1.25,0,1,0.8013890067026896,False
8367,4,0.9245844008639087,0.75,1.0,1,1,1.0,True
8369,3,0.3601886838129762,0.4,1.040582726326743,0,1,0.6865094359198469,False
8370,3,0.37763974409524004,0.4,1.040582726326743,0,1,0.6939884617551029,False
8371,3,0.48235671572513034,0.4,1.040582726326743,0,1,0.7388671638821986,True
8372,3,0.44008451546738825,0.5,1.0744985673352436,0,1,0.7624171732955474,True
8374,3,0.3985438992712285,0.4,1.0666666666666667,0,1,0.7029473854019551,False
8376,3,0.8445013973745298,1.0,1.0176470588235293,1,2,0.9500000000000001,False
8377,3,0.3886679158703093,0.3333333333333333,1.0256410256410255,1,2,0.6209370433094977,False
8378,4,0.5253890968116142,0.2222222222222222,1.0263157894736843,1,2,0.6332355388451892,False
8379,3,0.8702962849521563,1.0,1.0066666666666666,1,2,0.9500000000000001,False
8380,4,0.4900300574839586,0.2857142857142857,1.0066666666666666,1,2,0.6445366913026489,False
8381,4,0.5492790173637069,0.4,1.0106382978723405,1,1,0.7675481502987316,True
8382,4,0.2604356520033028,0.16666666666666666,4.855769230769231,1,1,0.38653591435062185,False
8383,2,1.0,1.0,1.0,1,1,1.0,True
8384,2,0.9035122113731732,0.75,1.0,1,1,1.0,True
8385,4,0.788119057332887,0.8571428571428571,1.0051948051948052,1,1,0.9949081674283802,True
8386,4,0.2015238275511855,0.1111111111111111,1.1111111111111112,1,1,0.41813984143728056,False
8387,2,0.878331168926175,0.6666666666666666,1.0,1,2,0.9361111111111112,False
8388,4,0.6158112366588592,0.5,1.0222222222222221,1,1,0.8377286252347491,True
8389,4,0.4928867183495115,0.375,1.0,0,1,0.732963355483124,True
8390,3,0.6709914777531191,0.5714285714285714,1.0,1,1,0.8911392047513367,True
8391,2,0.7594194297060678,0.8,1.0,0,2,0.9326083270168862,False
8392,4,0.6780196150492019,0.5,1.0,1,2,0.8143893588306105,False
8393,4,0.5758365808880762,0.2857142857142857,1.0,1,3,0.6813109156186994,False
8394,3,0.696830525365642,0.6,1.1363636363636365,0,1,0.8341178442043228,True
8395,4,0.32552517787674873,0.14285714285714285,1.0,1,2,0.5145107905186066,False
8396,2,0.9999999999999999,1.0,1.0,1,2,0.9500000000000001,False
8397,3,0.7927649145982405,0.7777777777777778,1.2063492063492063,1,1,0.8368992491135316,False
8398,3,0.9647802499472528,1.0,1.0,1,1,1.0,True
8399,4,0.6473566672146467,0.3333333333333333,1.0303030303030303,0,2,0.7318036510284994,False
8400,4,0.45497414842510736,0.3333333333333333,1.0133333333333334,1,2,0.6493540001186968,False
8401,3,0.8615478008615742,0.875,1.0105263157894737,1,2,0.9500000000000001,False
8402,4,0.723860820547639,0.8571428571428571,1.0,1,2,0.9173689230918453,False
8403,4,0.6076253225713365,0.5555555555555556,1.0105263157894737,1,1,0.8573685244882447,True
8404,3,0.7760184526455952,0.8,1.0105263157894737,1,2,0.9397221939909693,False
8405,3,0.5537142284232037,0.3,1.0133333333333334,1,1,0.7277822883718492,True
8406,4,0.6537052283407738,0.3333333333333333,1.0133333333333334,1,1,0.7845244629396968,True
8407,3,0.8215918020176803,0.9,1.0,1,2,0.9500000000000001,False
8408,3,0.45885230512366476,0.36363636363636365,1.0105263157894737,1,1,0.713642329901484,True
8409,3,0.5600280379228769,0.2857142857142857,1.0,1,1,0.724535825776471,True
8410,3,0.7766118392437867,0.5,1.0,1,1,0.9066431691997181,True
8412,4,0.3462856730443685,0.3333333333333333,1.185,1,1,0.572773224955523,False
8413,4,0.6933845217580065,0.5,1.0,2,1,0.7659743188486695,False
8414,2,0.7748960340430218,0.6666666666666666,1.0,1,1,0.9753522685581204,True
8415,4,0.21812355300894132,0.2857142857142857,1.249211356466877,1,2,0.3680053322419272,False
8416,4,0.8663076028309208,1.0,1.0,1,2,0.9500000000000001,False
8417,4,0.5466576779929809,0.2727272727272727,1.279317697228145,1,2,0.503394416109546,False
8418,3,0.6186068006029697,0.42857142857142855,1.0035714285714286,1,1,0.8091648193060346,True
8419,2,0.6978002277647205,0.8,1.0263157894736843,1,1,0.9562000976134517,True
8420,4,0.5019213171599112,0.16666666666666666,1.041237113402062,1,2,0.6000297708463113,False
8421,3,0.4424361320953315,0.375,2.456,1,1,0.551341675659904,False
8422,2,0.37193208707748304,0.5,1.0,0,2,0.6832089896998738,False
8423,4,0.6461178488399562,0.3,1.0135135135135136,1,2,0.717383839979029,False
8424,4,0.3743031936105986,0.25,1.075,1,2,0.5800585115473995,False
8425,4,0.5902448658775316,0.42857142857142855,1.0833333333333333,1,2,0.7470097044237042,False
8426,3,0.3141850098126725,0.3333333333333333,1.0201612903225807,1,2,0.5890157978562247,False
8427,4,0.574065559512439,0.5714285714285714,1.001063829787234,1,1,0.849599525505331,True
8428,4,0.15329860324568087,0.07692307692307693,1.2210526315789474,1,2,0.2628422585338632,False
8429,4,0.4555512458770529,0.375,1.2337662337662338,1,1,0.5569624387092131,False
8430,3,0.6515339009819228,0.5,1.0,1,2,0.8030383385160623,False
8431,3,0.45059937746910483,0.42857142857142855,1.0,1,2,0.6871616379629497,False
8432,2,0.9999999999999993,1.0,1.0,0,1,1.0,True
8433,2,0.9999999999999991,1.0,1.0,1,1,1.0,True
8434,2,1.0,1.0,1.0,1,1,1.0,True
8435,4,0.6466196171097681,0.75,1.0,1,2,0.8842655501899007,False
8436,4,0.26538444220522533,0.2857142857142857,1.0555555555555556,1,2,0.5482599990403347,False
8437,4,0.4599677807980808,0.3,1.0666666666666667,1,2,0.6376052393896537,False
8438,4,0.39245398358053674,0.08333333333333333,1.0666666666666667,1,2,0.5253374215345158,False
8439,4,0.1279436314695565,0.1,1.1111111111111112,1,2,0.3319758420583813,False
8440,2,0.9999999999999994,1.0,1.0,1,1,1.0,True
8441,3,0.75769252594104,0.6666666666666666,1.0,1,1,0.967979336514414,True
8442,4,0.5130370932249122,0.4,1.0,1,1,0.752015897096391,True
8443,4,0.4436533819152008,0.2222222222222222,1.0188679245283019,2,1,0.5432059467467263,False
8444,3,0.8649401037429596,0.8571428571428571,1.0083333333333333,0,1,1.0,True
8445,4,0.8365844684299606,1.0,1.0,1,1,1.0,True
8446,4,0.8138922857246665,1.0,1.0,1,1,1.0,True
8447,4,0.691086771921686,0.8333333333333334,1.1111111111111112,1,2,0.8233229022521512,False
8448,4,0.8473560402880019,1.0,1.0,1,1,1.0,True
8449,2,0.8780038885469567,1.0,1.0185185185185186,1,1,1.0,True
8450,3,0.5677684660558457,0.75,1.0,2,1,0.7954721997382197,False
8451,2,0.40626808920824076,0.6666666666666666,1.0,0,1,0.8173688636289287,True
8452,2,0.3990359159581627,0.5,1.0416666666666667,0,1,0.7448249163630221,False
8453,3,0.6619407704959217,0.5,1.0294117647058822,1,1,0.8574984254506332,True
8454,2,0.6467934476506734,0.6666666666666666,1.0,1,1,0.9204511601042569,True
8455,2,0.6324585166498995,0.6666666666666666,1.0,1,1,0.9143076182467824,True
8456,2,0.855487493106263,1.0,1.0,0,1,1.0,True
8457,2,0.9718396635092734,1.0,1.0,0,2,0.9500000000000001,False
8458,4,0.554140926617623,0.6666666666666666,1.0,0,2,0.8307429368043783,False
8459,4,0.7986331794830323,1.0,1.0119047619047619,1,2,0.9494142197784424,False
8460,4,0.49946567469053116,0.5714285714285714,4.292929292929293,1,2,0.6076281462959421,False
8461,2,0.9151850295638154,1.0,1.0263157894736843,0,2,0.9500000000000001,False
8462,4,0.8499527963604484,1.0,1.018181818181818,1,2,0.9500000000000001,False
8463,4,0.8172853363216446,1.0,1.018181818181818,1,2,0.9500000000000001,False
8465,2,0.8727724780044281,1.0,1.02,1,1,1.0,True
8466,3,0.3862650506071133,0.4,1.0666666666666667,0,1,0.6976850216887629,False
8467,3,0.45539817921089315,0.25,1.0416666666666667,0,1,0.6648135053760971,True
8468,2,0.794006768656284,0.75,1.0,0,1,0.9974314722812645,True
8469,3,0.3486873401040205,0.3333333333333333,1.0,0,1,0.653802510838231,False
8470,2,0.9542262834774995,1.0,1.0,1,2,0.9500000000000001,False
8471,2,0.7806000219070001,0.5555555555555556,1.0,0,1,0.9315005384892434,True
8472,2,0.8471367836258018,0.8333333333333334,1.0007686395080706,0,1,1.0,True
8473,2,0.8377600059585647,0.7142857142857143,1.0085714285714287,1,2,0.9500000000000001,False
8474,2,0.6976969047568808,0.75,1.0142857142857142,0,2,0.9061558163243776,False
8475,3,0.8638065933901178,1.0,1.0,1,2,0.9500000000000001,False
8476,2,0.6193117289145486,0.8,1.0782241014799154,0,2,0.8725621695348066,False
8477,3,0.6239836191519724,0.4,1.1428571428571428,1,2,0.6695644082079882,False
8478,2,0.9111568605936503,1.0,1.0,1,2,0.9500000000000001,False
8479,4,0.32463165221006257,0.2727272727272727,1.1428571428571428,1,4,0.4882404050597237,False
8480,4,0.3292428654719767,0.3333333333333333,1.0,1,2,0.5954691645673551,False
8481,3,0.6307975848077383,0.5,1.0004719207173194,1,2,0.7941513458699833,False
8482,2,0.7737021275173158,0.75,1.0,1,1,0.9887294832217068,True
8483,2,0.9626048440372992,1.0,1.0,1,1,1.0,True
8484,2,0.5780891757529756,0.6,1.0,0,1,0.8632286943703229,True
8486,4,0.6873050539755311,0.5,1.2142857142857142,0,1,0.70836883265618,False
8487,4,0.7214156634378445,0.8,1.0018771117507195,1,2,0.9163209986162192,False
8488,4,0.6890553383949946,0.5,1.0,1,2,0.8191189545502359,False
8489,4,0.47731934918908053,0.16666666666666666,1.0,0,2,0.5894860702873838,False
8490,4,0.39807197005242523,0.375,1.0570824524312896,1,1,0.6923284633558013,False
8491,4,0.5436037368927225,0.375,1.02,1,1,0.7546992205730716,True
8492,3,0.6740637744833009,0.6666666666666666,1.0,1,1,0.9321384430325258,True
8493,3,0.6797986862074419,0.6,1.02,1,1,0.9068184845650942,True
8494,3,0.6717090712757814,0.375,1.0185185185185186,1,1,0.8096015067372397,True
8495,3,0.49675551600214873,0.5555555555555556,1.02,1,1,0.80985289310145,True
8496,3,0.2920308250002892,0.25,1.02,1,1,0.5947989250001239,False
8498,2,0.8384424717717346,0.5714285714285714,1.0,1,1,0.9464285714285714,True
8499,3,0.5844392427955947,0.4,1.09375,0,1,0.7826168183409692,True
8500,2,0.7637218637499896,0.5,1.215644820295983,0,1,0.7411188939880908,False
8501,3,0.418485337024203,0.2857142857142857,1.1764705882352942,0,1,0.5838746682484679,True
8503,2,0.2699163381045371,0.4,1.0,0,2,0.5978212877590874,False
8504,3,0.41877764925996014,0.6666666666666666,1.0,0,3,0.7727301036510942,False
8505,2,0.6696036363296859,0.4,1.0,0,1,0.819115844141294,True
8506,4,0.3524436258929907,0.16666666666666666,1.0357,0,2,0.5359679031604881,False
8507,3,0.6055645095679818,0.75,1.05,0,1,0.9166705041005636,True
8509,2,0.6520299187417039,0.3333333333333333,1.0,0,1,0.783806473111524,True
8510,2,0.8725931378858146,0.75,1.0,0,1,1.0,True
8511,4,0.34271182810512224,0.2857142857142857,1.037037037037037,0,2,0.5814003072831476,False
8512,2,0.7614096907950075,0.8,1.0909090909090908,0,1,0.9834612960550033,True
8513,2,0.8169173985446825,0.75,1.0,0,2,0.9500000000000001,False
8514,2,0.8631422761047546,0.8571428571428571,1.0,0,1,1.0,True
8515,4,0.539400030402799,0.2857142857142857,1.0,1,1,0.7156952511250091,True
8516,3,0.4635765442262082,0.5,1.0294117647058822,0,2,0.722485185620756,False
8517,2,0.9109880973357031,1.0,1.0,1,2,0.9500000000000001,False
8518,3,0.3290379335187512,0.4,1.0555555555555556,0,2,0.6231591143651792,False
8519,2,0.8975301044664468,1.0,2.0,0,1,0.8400000000000001,False
8520,3,0.8471066866839925,0.8571428571428571,1.0,1,1,1.0,True
8521,4,0.581295996952613,0.25,1.0,0,2,0.6687697129796913,False
8522,2,0.7991542156458468,0.6666666666666666,1.0,0,2,0.9357486321021883,False
8523,4,0.4775906818364109,0.5,1.1545454545454545,1,2,0.648491244596557,False
8525,4,0.5431517483468934,0.4444444444444444,1.09375,1,2,0.7334406963814729,False
8526,2,0.9609671744967584,1.0,1.0,0,2,0.9500000000000001,False
8527,4,0.6206821801476633,0.3333333333333333,1.2307692307692308,1,2,0.5603717279997923,False
8528,4,0.29351104314593995,0.2,1.07,0,1,0.5745999708720695,False
8529,2,1.0000000000000002,1.0,1.0,1,1,1.0,True
8530,4,0.22325425452700412,0.1,1.0083160083160083,1,1,0.5028232519401447,False
8531,4,0.6310243865741126,0.5,1.1224489795918366,1,1,0.7642485466270007,True
8532,3,0.8903674827845816,1.0,1.0157894736842106,1,1,1.0,True
8533,3,0.28669099047734814,0.14285714285714285,1.06,0,2,0.4978675673474349,False
8534,3,0.6307834903614392,0.5,1.0,1,1,0.8441453053929977,True
8535,3,0.5307624651562286,0.6,1.0416666666666667,0,1,0.8429458184002885,True
8536,3,0.27590797695931285,0.3333333333333333,1.08,0,2,0.5726113552047849,False
8537,3,0.29339103926081245,0.3333333333333333,1.04,0,2,0.5801040961911419,False
8538,3,0.31016858567231614,0.25,1.1111111111111112,0,1,0.5225722510024212,False
8539,2,0.9999999999999989,1.0,1.0,1,1,1.0,True
8540,3,0.35478008003594946,0.2,1.0,1,1,0.6008581295392165,False
8541,3,0.8348193913147003,0.8,1.0,0,1,1.0,True
8543,3,0.6321838167146206,0.3333333333333333,1.0,0,3,0.7253010008142026,False
8544,3,0.3354995912567218,0.2,1.135,0,2,0.4625950629195474,False
8545,3,0.49211281584865174,0.4,1.0256410256410255,0,1,0.7430483496494221,True
8546,2,0.7264829131686656,1.0,1.25,0,1,0.8084926770722853,False
8547,2,0.8767645146774001,1.0,1.155624036979969,0,1,0.92,True
8549,2,0.8285716995076599,0.75,1.0,0,1,1.0,True
8550,3,0.6273711626219839,0.6,1.0,0,1,0.8843495458856121,True
8551,2,0.7227093641048538,0.6,1.0,1,1,0.9252087750925564,True
8552,3,0.5199400828337689,0.25,1.0,0,1,0.6924743212144724,True
8553,2,0.9999999999999996,1.0,1.0,0,2,0.9500000000000001,False
8554,3,0.8605156172475276,0.625,1.0285714285714285,1,1,0.96875,True
8555,2,0.826446143708609,0.625,1.0,0,1,0.96875,True
8556,3,0.9441506605178593,0.8888888888888888,1.0,1,1,1.0,True
8557,2,0.7956038003959361,0.6,1.0240963855421688,1,1,0.9564492477887345,True
8558,4,0.5065425301441596,0.42857142857142855,1.0,2,1,0.6561372748236876,False
8559,4,0.8099036032563094,0.5555555555555556,1.0240963855421688,1,2,0.889814814814815,False
8560,4,0.8087944876970469,0.5714285714285714,1.0240963855421688,1,1,0.9464285714285714,True
8561,4,0.5310111708497085,0.5,1.0,1,1,0.8013857398879703,True
8562,4,0.5452614237874336,0.5,1.0166666666666666,0,1,0.8074929911469955,True
8563,3,0.8235827199716246,0.42857142857142855,1.0,1,2,0.8369047619047619,False
8564,3,0.9872245782055689,1.0,1.0,1,2,0.9500000000000001,False
8565,2,0.9206883891774214,1.0,1.018181818181818,1,1,1.0,True
8567,2,0.9123093882377259,1.0,1.018181818181818,1,1,1.0,True
8569,4,0.46023024167482063,0.0,1.0,0,1,0.6043843892892088,False
8570,3,0.49705357722645005,0.5,1.09375,1,1,0.7868324854780024,True
8572,2,0.8700237879872397,1.0,1.0,1,1,1.0,True
8573,2,0.6825990325121589,0.5,1.0,0,1,0.8663519663147348,True
8574,4,0.1387496966674455,0.0,1.1764705882352942,0,2,0.33660701285747663,False
8575,2,0.5753834093758484,0.5,1.0,0,1,0.8204024135420303,True
8577,3,0.3896781773263616,0.3333333333333333,1.1428571428571428,0,1,0.5913700125049486,False
8578,4,0.48703406262139287,0.375,1.012419503219871,1,2,0.6804550744567874,False
8579,4,0.4610640465695525,0.16666666666666666,2.057142857142857,1,1,0.4725195120218717,False
8580,4,0.5256674150179578,0.42857142857142855,1.015625,0,2,0.7193336540553154,False
8581,4,0.5122132622524251,0.42857142857142855,1.015625,0,2,0.7135675885843727,False
8582,3,0.5388947966052405,0.3333333333333333,1.0,0,1,0.7353199921958967,True
8583,3,0.7636867131665064,0.75,1.0294117647058822,0,1,0.9844371627856456,True
8584,2,0.8783625561347186,1.0,1.0,0,1,1.0,True
8586,3,0.41663092541313457,0.3333333333333333,1.0588235294117647,0,1,0.6829211902564227,True
8587,4,0.6388433823919482,0.625,1.0,1,1,0.8996828781679778,True
8588,2,1.0000000000000009,1.0,1.0,0,1,1.0,True
8589,3,0.13288585955956939,0.125,1.0,0,1,0.47451060647791066,False
8590,2,0.8370463843505057,1.0,1.0,0,1,1.0,True
8592,2,0.854190341142989,0.7142857142857143,1.0,2,1,0.895,False
8593,2,0.7285498597436879,0.625,1.0285714285714285,1,1,0.9381285113187234,True
8594,2,0.8054159367367012,0.8571428571428571,1.0,1,1,1.0,True
8596,3,0.7402853769062153,0.5,1.0,1,1,0.891074685340759,True
8597,2,0.7610821219450847,0.7,1.0222222222222221,1,1,0.9833209094050364,True
8598,3,0.7586867306885773,0.5555555555555556,1.001564945226917,1,2,0.8721091279670624,False
8599,2,0.8270244478900663,0.8571428571428571,1.001564945226917,2,1,0.895,False
8600,2,0.8799680775204929,1.0,1.0,1,2,0.9500000000000001,False
8601,2,0.4603793681762728,0.6,1.0105263157894737,0,1,0.8127816339803073,True
8602,3,0.3807227454516169,0.2,1.0,0,1,0.6119764147173596,False
8603,3,0.40755724087864187,0.3333333333333333,1.2,0,1,0.5990324683130688,True
8604,3,0.23412616321972496,0.5,1.12,0,1,0.5941493080465488,False
8605,2,0.5120465356465308,0.6,1.0,0,1,0.8349247057532752,True
8606,2,0.4962251427657859,0.6,1.0,0,1,0.8281441088043844,True
8607,3,0.5418624043924712,0.4,1.0222222222222221,0,1,0.7643696018824877,True
8608,4,0.2649979149546396,0.2857142857142857,1.3235294117647058,0,3,0.38809434450436936,False
8609,4,0.10013806598465842,0.2,1.0,0,1,0.4917258378029489,False
8610,4,0.48092918429508236,0.375,1.125,0,1,0.6478386980312257,True
8611,2,0.3657699533540061,0.4,1.1111111111111112,0,1,0.6089014085802883,False
8612,4,0.5274313726658,0.6666666666666666,1.0275,0,1,0.8692959851107397,True
8613,3,0.6996281322403488,0.8,1.0,0,1,0.9569834852458639,True
8614,2,0.7134970122747846,0.8,1.0,0,1,0.9629272909749076,True
8615,2,0.724471124367356,0.6666666666666666,1.008888888888889,0,1,0.953741592982835,True
8616,2,0.855075717581,1.0,1.0,0,1,1.0,True
8617,3,0.6024344045346046,0.4,1.2380952380952381,0,2,0.5803290305148306,False
8618,3,0.9294152037055468,1.0,1.0,0,1,1.0,True
8620,2,0.8091182127212929,0.8,1.0,0,1,1.0,True
8621,2,0.3941706620030603,0.42857142857142855,1.09375,0,1,0.7129779027632163,False
8622,3,0.39015902371765815,0.2857142857142857,1.2,0,1,0.5717348196885201,False
8623,3,0.6009420025582299,0.6666666666666666,1.0,0,1,0.9008005407789239,True
8624,2,0.8656616905948289,1.0,1.1,0,1,1.0,True
8625,3,0.21001592280829087,0.16666666666666666,1.2,0,1,0.444927458981331,False
8626,3,0.873939130655818,1.0,1.0344827586206897,0,2,0.9500000000000001,False
8627,2,1.0000000000000009,1.0,1.0,0,1,1.0,True
8628,2,0.8864961800195583,1.0,1.0073529411764706,1,1,1.0,True
8629,2,0.9275342287771587,1.0,1.0,0,1,1.0,True
8630,4,0.6014896671855103,0.5555555555555556,1.0,1,2,0.8047389578943194,False
8631,3,0.8616546815564523,0.5,1.0,1,1,0.9166666666666667,True
8633,2,0.5983781280084457,0.42857142857142855,1.0,1,1,0.8004953881940957,True
8636,3,0.42760389179787434,0.25,1.001031991744066,1,3,0.6029016679133747,False
8637,4,0.7894765310022899,0.7142857142857143,1.0,1,1,0.9954899418581242,True
8638,4,0.18067269051343673,0.125,1.131578947368421,1,1,0.414990676886711,False
8639,3,0.789659459063227,0.625,1.0020833333333334,1,1,0.964318339598526,True
8640,3,0.3989974651280923,0.25,1.0344827586206897,1,2,0.5906417707691825,False
8641,2,0.7465320774794184,0.7272727272727273,1.0041666666666667,1,2,0.9270851760626079,False
8642,4,0.5350971682284286,0.4444444444444444,1.0306666666666666,1,1,0.7799887334735593,True
8643,3,0.6202590283764026,0.4444444444444444,1.2,1,1,0.7364866735369767,True
8645,2,0.9371983208017016,0.8571428571428571,1.0,1,1,1.0,True
8646,2,0.7654843919275138,1.0,1.0,0,2,0.9352075965403631,False
8647,4,0.45379784866231254,0.25,1.0526315789473684,1,2,0.6141276494267054,False
8650,2,0.9505605098036987,0.7142857142857143,1.0,1,2,0.9500000000000001,False
8651,3,0.18022832259092125,0.1,1.0,0,1,0.48438356682468053,False
8652,2,0.6150571256649094,0.42857142857142855,1.0,0,1,0.8076435300468661,True
8653,3,0.708619287442171,0.42857142857142855,1.021021021021021,1,1,0.847741599379978,True
8654,3,0.6020520788424947,0.3333333333333333,1.009090909090909,0,1,0.7623873988690058,True
8655,2,0.7951919488165777,0.75,1.0047281323877069,1,1,0.9979394066356762,True
8656,2,0.7648309838519679,0.5714285714285714,1.0,1,2,0.8813561359365577,False
8657,3,0.6564479738915221,0.5,1.0,1,1,0.8551443697630333,True
8658,3,0.652285170072937,0.42857142857142855,1.1764705882352942,1,1,0.7435984062217349,True
8659,2,0.752054162585441,0.5,1.0,0,1,0.8961184506318558,True
8660,2,0.7460264299565971,0.5714285714285714,1.0071428571428571,1,1,0.9232970414099702,True
8661,3,0.5555805267047047,0.45454545454545453,1.021021021021021,1,1,0.7929760698864319,True
8662,2,0.8367526471808706,0.6,1.0071428571428571,1,1,0.9583333333333333,True
8663,4,0.2835835415480735,0.4,1.3333333333333333,0,1,0.4936786606634601,False
8664,3,0.900813675459018,1.0,1.1891891891891893,1,3,0.8700000000000001,False
8665,4,0.9386546851485267,1.0,1.0169491525423728,1,1,1.0,True
8666,3,0.4427406291312319,0.5,1.121212121212121,1,3,0.633555507722909,False
8667,3,0.8391417347196614,0.8,1.0,1,1,1.0,True
8668,4,0.3843650579011839,0.3333333333333333,1.1194029850746268,1,3,0.5390929613227297,False
8669,4,0.18615350462263452,0.1111111111111111,1.0666666666666667,1,2,0.4415525601821873,False
8670,2,0.5723924285806079,0.4,1.0101010101010102,1,1,0.7774538979631178,True
8671,3,0.26080623676729914,0.25,1.1764705882352942,0,1,0.5014169586145567,False
8672,3,0.6571746712131337,0.2857142857142857,1.0277777777777777,1,1,0.766170097186581,True
8673,2,0.672398801912296,0.6666666666666666,1.1958549222797927,1,1,0.8514248833592379,True
8674,3,0.24650918578629477,0.18181818181818182,1.04,1,2,0.49688056014217824,False
8677,4,0.6286068670500284,0.5714285714285714,1.054781801299907,1,1,0.8729743715928693,True
8678,3,0.18157059098600467,0.25,1.25,0,3,0.3374588247082877,False
8679,2,0.9722621291594641,1.0,1.0,1,1,1.0,True
8680,4,0.415875995692216,0.14285714285714285,1.0,0,1,0.6032325695823783,False
8681,3,0.2593968513189687,0.4,1.0555555555555556,0,1,0.643312936279558,False
8682,3,0.40352259469318286,0.4,1.1333333333333333,0,1,0.6250811120113641,True
8683,2,0.9745968142883636,1.0,1.0,1,1,1.0,True
8684,3,0.6726025728980547,0.5,1.0,0,1,0.8620677693372616,True
8685,3,0.7378426783849161,0.6,1.0740740740740742,0,1,0.9316944812125831,True
8686,4,0.4813208110743162,0.09090909090909091,1.0,1,1,0.6134232047461354,False
8687,3,0.5968190507613098,0.5,1.0,0,1,0.8295891169929424,True
8688,2,0.6645249097724472,0.25,1.0,0,1,0.7544392470453345,True
8689,2,0.8349162451495244,0.75,1.0,1,1,1.0,True
8690,2,0.19174926065976614,0.2,1.013312,0,2,0.48098777837799506,False
8691,4,0.5642106341917612,0.5,1.0303030303030303,1,1,0.8156140813202786,True
8692,2,0.4218635193950343,0.5,1.0,0,2,0.7046081749788243,False
8693,3,0.45878457948716617,0.3333333333333333,1.0,0,1,0.7009870420024362,True
8694,4,0.5152145444252866,0.4,1.0050251256281406,1,1,0.7529490904679801,True
8695,2,0.7434649049950984,0.6666666666666666,1.0,0,1,0.9618817846804391,True
8696,4,0.6353729370180977,0.42857142857142855,1.0,1,1,0.8163503063410895,True
8697,2,0.3482280782712281,0.125,1.0,0,2,0.5168001287829074,False
8699,2,0.5106086072203256,0.3333333333333333,1.0666666666666667,0,2,0.6731973396023618,False
8700,3,0.4985633511713454,0.42857142857142855,1.0375,0,1,0.7577176266924814,True
8701,4,0.7250413220197394,0.6666666666666666,1.0,0,1,0.9539859634052852,True
8703,2,0.6781289608909972,0.6666666666666666,1.0,0,1,0.9338806657786813,True
8704,4,0.3900970473381013,0.3333333333333333,1.05,0,1,0.6715495282242656,False
8705,2,0.9465660086406195,1.0,1.0,1,2,0.9500000000000001,False
8706,3,0.5198583784822953,0.2857142857142857,1.0,0,1,0.7073202574447932,True
8707,4,0.6363781927864347,0.3333333333333333,1.0153846153846153,0,1,0.7770985905592657,True
8708,3,0.8369291106927403,0.75,1.0,1,1,1.0,True
8709,2,0.3918220413683283,0.3333333333333333,1.0,0,1,0.6722888113800772,False
8710,3,0.27479886813714555,0.2222222222222222,1.3020833333333333,1,1,0.4158397265561311,False
8711,2,0.7911480569089572,0.6,1.0,1,1,0.9545396434371722,True
8712,2,0.6950147776434697,0.5714285714285714,1.0939622641509432,0,1,0.9014349047043442,True
8713,3,0.646714415362874,0.625,1.125,1,1,0.8230561780126603,True
8714,2,1.000000000000001,1.0,1.0029607698001481,1,1,1.0,True
8715,4,0.8507905936165813,0.75,1.0037037037037038,1,2,0.9500000000000001,False
8717,3,0.8719176105780541,1.0,1.0185185185185186,1,1,1.0,True
8718,2,0.8348883640112946,0.5454545454545454,1.0,0,1,0.9356060606060606,True
8719,3,0.9449720133093814,1.0,1.0,1,1,1.0,True
8720,4,0.6165228096036993,0.8333333333333334,1.0026470588235294,1,1,0.9213669184015855,True
8721,4,0.48991093719137524,0.3333333333333333,1.0,1,1,0.7143269095899545,True
8722,3,0.7317650350208331,0.42857142857142855,1.0,0,1,0.8576612054851189,True
8723,2,0.8507496954251874,0.7777777777777778,1.1176470588235294,1,1,0.92,True
8724,2,0.6667479550795984,0.6666666666666666,1.0,1,1,0.9290030918595105,True
8725,2,0.6575602589015201,0.3333333333333333,1.0,0,1,0.7861766188943022,True
8726,3,0.8974904174627272,0.8571428571428571,1.0023255813953489,1,1,1.0,True
8727,4,0.7992836574213857,0.7142857142857143,1.0021321961620469,1,1,0.9996929960377368,True
8728,2,0.745870853151264,0.5714285714285714,1.0023255813953489,1,1,0.9232303656362559,True
8729,2,0.7561501470914815,0.8333333333333334,1.0,1,1,0.9812072058963492,True
8730,4,0.6488718722610083,0.3333333333333333,1.0022727272727272,1,1,0.7824530246197972,True
8731,4,0.19271824418666456,0.125,1.0,0,1,0.50015305703238,False
8732,2,0.7368190970624888,0.8571428571428571,1.0,0,1,0.972922470169638,True
8733,4,0.4685005131086615,0.2857142857142857,7.5,1,1,0.5253097437132359,False
8734,2,0.8195084099427248,0.7142857142857143,1.0,1,1,1.0,True
8735,2,0.7327573278184516,0.6666666666666666,1.0,0,1,0.9572928230333047,True
8736,3,0.34692273852121763,0.2222222222222222,1.1111111111111112,0,1,0.5267499567207334,False
8737,4,0.6179103315928977,0.4444444444444444,1.0185185185185186,1,2,0.765480089201189,False
8738,2,0.5897617442985367,0.5,1.0,1,1,0.8265645570803253,True
8739,4,0.31104345422550295,0.125,1.1111111111111112,1,1,0.47086386133473934,False
8740,2,0.7880569404043987,0.7142857142857143,1.0,0,1,0.9948815458875995,True
8741,3,0.5754581113054762,0.42857142857142855,1.0,1,1,0.7906725238928232,True
8742,2,0.6910475607899221,0.5,1.0,1,1,0.8699727641480619,True
8744,3,0.21988793049631936,0.2857142857142857,1.36,0,1,0.41876149402223206,False
8745,2,0.9999999999999998,1.0,1.0,1,2,0.9500000000000001,False
8746,3,0.5711664330467959,0.4,1.0,0,1,0.7769284713057698,True
8748,4,0.7534851088323259,0.75,1.008888888888889,1,3,0.9300650466424255,False
8749,2,0.9098067384654455,0.75,1.008888888888889,1,2,0.9500000000000001,False
8751,3,0.3997795270032851,0.25,1.0416666666666667,0,1,0.6409769401442651,False
8752,3,0.6897620187589711,0.5,1.0,1,1,0.8694218175633686,True
8753,3,0.759482495889091,0.8333333333333334,1.0,1,1,0.982635355381039,True
8754,3,0.7651820145584811,0.5714285714285714,1.0185185185185186,1,2,0.8815065776679206,False
8755,2,0.40323793759593124,0.125,1.0810810810810811,0,2,0.5403757827792086,False
8756,2,0.8409511994583161,1.0,1.001923076923077,1,1,1.0,True
8757,2,0.8627843076121574,1.0,1.25,0,1,0.8400000000000001,False
8758,2,0.79484399607011,1.0,1.0077519379844961,1,1,0.9977902840300472,True
8759,4,0.637729068560432,0.6,1.1333333333333333,0,2,0.7587886484306614,False
8761,3,0.3457743833873356,0.2857142857142857,1.0,0,1,0.6327128309755248,False
8762,4,0.6751905289468806,0.5,1.0,1,1,0.8631768933581869,True
8763,2,0.3750574272041851,0.25,1.0,0,2,0.5803817545160794,False
8764,3,0.6147045127149602,0.4,1.0,1,1,0.7955876483064115,True
8765,2,1.0000000000000002,1.0,1.0,1,1,1.0,True
8766,4,0.3018621994376521,0.2857142857142857,1.1111111111111112,0,1,0.5338933235685175,False
8767,3,0.6434211866070002,0.42857142857142855,1.0,0,2,0.769799556164905,False
8768,2,0.6556934545828529,0.5,1.008,0,2,0.8048210043450322,False
8769,3,0.5922945284169466,0.25,1.0,0,1,0.7234833693215486,True
8770,4,0.43269996968297897,0.42857142857142855,1.5625,0,1,0.5694904631974672,False
8771,3,0.36069319338047723,0.3333333333333333,1.125,0,2,0.5289478765281411,False
8772,3,0.5084011819280344,0.4,1.09375,0,1,0.7500290779691576,True
8773,2,0.8588322533561007,0.6666666666666666,1.0,1,1,0.9861111111111112,True
8774,4,0.7836985656364275,0.6,1.0,1,2,0.9013470043203738,False
8775,4,0.7018631334570732,0.7142857142857143,1.0,1,2,0.9079413429101743,False
8776,2,0.7220167979138753,0.5,1.0318181818181817,1,1,0.8832452943440419,True
8777,4,0.738183295574416,0.42857142857142855,1.001199494949495,1,1,0.8604118885795116,True
8778,3,0.5504267933116375,0.3333333333333333,1.0,0,1,0.7402622764986383,True
8779,2,0.7072404531359897,0.4,1.0,1,1,0.8352459084868529,True
8780,4,0.6220908153466931,0.42857142857142855,4.0,1,2,0.6006579684819162,False
8781,2,0.9467304086127223,1.0,1.0,1,1,1.0,True
8782,2,0.6798252563649435,1.0,1.0,1,1,0.9484965384421187,True
8783,2,0.8670502830948639,0.8,1.0,0,1,1.0,True
8784,3,0.5115990827715987,0.2,1.20427807486631,0,1,0.5080662735687804,False
8785,4,0.37811942560905853,0.25,1.0,0,1,0.6316940395467394,False
8786,2,0.45761610393019625,0.5,1.032258064516129,0,1,0.7699307112081795,True
8787,3,0.2986240639892949,0.5,1.125,1,2,0.5717912655192217,False
8788,2,1.0000000000000009,1.0,1.0,0,1,1.0,True
8789,2,0.9999999999999994,1.0,1.0,0,2,0.9500000000000001,False
8790,3,0.7413943201507609,0.6,1.0,1,1,0.9332166133979451,True
8791,2,0.617097783569181,0.3333333333333333,1.0,0,1,0.7688355580375855,True
8792,4,0.2003508104969029,0.125,1.0,0,1,0.503424156879625,False
8793,4,0.5921011345100143,0.25,1.0,0,1,0.7234004862185776,True
8794,3,0.7232294925708745,0.6666666666666666,1.0,0,1,0.9532094650700573,True
8795,2,0.6748948733934149,0.5,1.0,0,1,0.8630501838352731,True
8797,2,0.6717475018297164,0.6,1.2,0,1,0.8233679769746404,True
8798,3,0.809863752671534,1.0,1.1764705882352942,0,1,0.92,True
8799,2,0.26714033700487777,0.3333333333333333,1.0,0,2,0.5688537952243128,False
8800,4,0.6877016238594094,0.5714285714285714,1.0,0,1,0.8983006959397468,True
8801,4,0.37948108696229804,0.2,1.1764705882352942,0,1,0.5314442753647943,False
8803,3,0.48709421422831367,0.6,1.2222222222222223,0,1,0.6642308537168964,False
8804,3,0.8027348335869589,0.6666666666666666,1.1764705882352942,0,1,0.9061111111111111,True
8805,3,0.5375852808970322,0.25,1.0416666666666667,0,1,0.700036548955871,True
8806,3,0.4555870499377187,0.6,1.2222222222222223,0,1,0.6507277833066414,False
8807,3,0.2667255078930768,0.2222222222222222,1.12,0,3,0.4423797150229588,False
8808,4,0.29364038390872993,0.4,1.1578947368421053,0,1,0.5779887359608843,False
8809,4,0.3535735196552881,0.3333333333333333,1.1111111111111112,0,2,0.5258965877887742,False
8810,2,0.6567853007728462,0.3333333333333333,1.0,1,2,0.7358444939820136,False
8811,3,0.5944178427047542,0.75,1.0,0,1,0.9118933611591804,True
8812,2,0.7736920013536451,1.0,1.0,1,1,0.9887251434372766,True
8814,4,0.324037040944562,0.3333333333333333,1.0,1,2,0.5932380969127489,False
8815,3,0.47068977353873004,0.2857142857142857,1.3888888888888888,0,1,0.5262479981832653,False
8816,2,0.6343341815185041,1.0,1.0,0,1,0.9290003635079304,True
8817,4,0.4066454535135694,0.3333333333333333,1.0,0,1,0.6786417022994663,True
8818,2,0.6497495185501881,1.0,1.0,0,1,0.9356069365215092,True
8819,4,0.4308578040920661,0.16666666666666666,1.0434601137371524,0,1,0.6195739795315204,False
8820,3,0.5350141865560383,0.14285714285714285,1.0285714285714285,0,1,0.6542917942383021,False
8821,3,0.5614529687348317,0.5,1.0,0,1,0.8144322246958804,True
8822,4,0.4180401472801939,0.16666666666666666,1.0,0,1,0.614080698040718,False
8823,2,0.8809975974545746,1.0,1.0,0,1,1.0,True
8824,4,0.06526126366565078,0.0,1.1666666666666667,0,1,0.37,False
8825,3,0.3578086279071017,0.6,12.607449856733524,0,2,0.5588227452935198,False
8826,4,0.5940794423530009,0.3333333333333333,1.0227272727272727,0,2,0.7089705546592228,False
8827,2,0.6205553499193618,0.5,1.0285714285714285,0,2,0.7897618166321075,False
8828,3,0.41202571539975397,0.5,1.0026190476190477,0,1,0.7503919732665613,True
8829,3,0.3019733725792192,0.125,1.1,0,1,0.546976683486332,False
8830,3,0.5887177607691068,0.6,1.0,1,1,0.8677838022343791,True
8831,3,0.4885006302087954,0.4444444444444444,1.2222222222222223,1,1,0.6000187886080023,False
8832,2,1.0000000000000007,1.0,1.0,1,1,1.0,True
8833,3,0.7163532093384251,0.5,1.0,0,2,0.8308180420974204,False
8834,2,0.7574855314109864,0.42857142857142855,1.0,1,2,0.8186842753666134,False
8835,2,0.5912555231015207,0.75,1.135,0,2,0.7805380813292232,False
8836,2,0.5631374829760026,0.16666666666666666,1.135,0,2,0.546265270481779,False
8837,2,0.49140032122107613,0.3333333333333333,1.0,0,2,0.6649652170312549,False
8838,4,0.6623219762904543,0.6666666666666666,1.0,1,2,0.8771062438070202,False
8839,3,0.582339189842715,0.36363636363636365,1.1764705882352942,1,1,0.6865652804953627,True
8840,3,0.8189721532686332,0.8,1.0,1,2,0.9500000000000001,False
8841,4,0.3620596586793501,0.125,1.0,1,2,0.5227279489578168,False
8842,3,0.9778962816414981,1.0,1.0,1,3,0.9500000000000001,False
8843,3,0.47738820778372704,0.3,1.0,1,2,0.6450711366692164,False
8844,2,0.789601213092222,1.0,1.0285714285714285,0,2,0.9455433770395237,False
8845,2,0.6096825600514365,0.75,1.0,0,2,0.8684353828791872,False
8846,3,0.9671807626098241,1.0,1.0,1,2,0.9500000000000001,False
8847,3,0.9627356508981372,1.0,1.0,0,2,0.9500000000000001,False
8848,4,0.3888726308916804,0.2857142857142857,1.0,1,3,0.6011835084773869,False
8849,4,0.18660298125416272,0.1,1.0007407407407407,0,2,0.43711556339464114,False
8850,4,0.36030998666653885,0.2222222222222222,1.011764705882353,1,2,0.5624873487830141,False
8851,3,0.2269868488972837,0.2,1.1428571428571428,0,2,0.4160896019083597,False
8852,2,0.8945712776282463,1.0,1.0218978102189782,1,1,1.0,True
8853,3,0.8088736465542622,0.5555555555555556,1.0,1,2,0.889814814814815,False
8854,4,0.17940594687085465,0.1,1.0007407407407407,0,2,0.43403112008750916,False
8855,3,0.24174028217532037,0.375,1.014799154334038,0,2,0.5753291685513279,False
8856,4,0.3082315154240157,0.2857142857142857,1.3076923076923077,0,2,0.40662303041981623,False
8857,2,0.6625950648438678,0.75,1.002049647005238,0,2,0.891112170647372,False
8858,2,0.9542777230666175,1.0,1.0,0,2,0.9500000000000001,False
8859,4,0.8551437715736278,0.6666666666666666,1.0,1,3,0.9361111111111112,False
8860,3,0.7990198552096909,0.7142857142857143,1.0,0,2,0.9495799379470103,False
8861,3,0.8453818744215427,0.6,1.0105263157894737,0,2,0.9083333333333333,False
8862,2,0.5971805818156567,0.4444444444444444,1.0,1,2,0.7565959107252286,False
8863,3,0.838755486068161,0.5714285714285714,1.0,1,2,0.8964285714285715,False
8864,3,0.8159892146395435,0.6666666666666666,1.0105263157894737,0,1,0.9861111111111112,True
8865,3,0.46940791861354386,0.2857142857142857,1.1428571428571428,1,1,0.6056986317867569,True
8866,4,0.6925329058477641,0.5,1.0,1,3,0.8206093406014229,False
8867,3,0.43768383759781077,0.14285714285714285,1.0,0,2,0.5625787875419189,False
8868,4,0.8454660782512728,0.6666666666666666,1.0,1,2,0.9361111111111112,False
8869,2,0.6368036786424495,0.7142857142857143,1.0285714285714285,1,1,0.9300587194181926,True
8870,3,0.7193417356102784,0.5,1.0,1,2,0.8320988390710718,False
8871,3,0.6541940732301988,0.5714285714285714,1.0,1,2,0.8339403170986567,False
8872,3,0.5773878045562445,0.5555555555555556,1.0,1,2,0.7944095881960626,False
8873,2,0.831805736407842,1.0,1.0,0,2,0.9500000000000001,False
8874,2,0.7365318213754832,0.5714285714285714,1.0,0,1,0.9192279234466356,True
8875,4,0.4903990345481563,0.2,1.0,1,3,0.6089805386158765,False
8877,2,0.7613935555602416,0.6,1.0,0,2,0.8917877142877227,False
8878,3,0.45380202673898556,0.16666666666666666,1.0,1,2,0.5794072178087717,False
8879,2,0.6784740503846669,0.75,1.0,0,2,0.8979174501648574,False
8880,2,0.5044308393624999,0.5,1.0,2,2,0.6349941692505953,False
8881,4,0.9342893383362824,1.0,1.0,1,3,0.9500000000000001,False
8883,2,0.25415589601286837,0.3333333333333333,1.0,0,2,0.5632890347991658,False
8884,3,0.48941149671641787,0.5,1.0006060606060605,0,2,0.7335573081165602,False
8885,4,0.8070268839271778,0.5,1.0,1,2,0.8666666666666668,False
8886,4,0.6007714058620964,0.42857142857142855,1.0473186119873816,1,2,0.7515210787028034,False
8887,4,0.6437276922320013,0.5714285714285714,1.0,1,4,0.8294547252422865,False
8888,2,0.6970034921359841,0.8333333333333334,1.0,1,1,0.9558586394868502,True
8889,4,0.30723656264334787,0.1,1.0,2,2,0.38381566970429193,False
8890,3,0.9391337098528196,0.8333333333333334,1.0,1,2,0.9500000000000001,False
8891,3,0.6354959241250193,0.6666666666666666,1.0,1,2,0.8656093643075481,False
8892,4,0.5412198554964655,0.3333333333333333,1.0,1,2,0.6863164460064217,False
8893,2,0.8237476056036522,0.6,1.0,2,1,0.8533333333333333,False
8894,4,0.5505552458893073,0.375,1.0,1,2,0.7076784387144651,False
8895,2,0.729489753531471,0.8,1.009090909090909,0,2,0.9197813229420592,False
8896,3,0.5638198344972576,0.42857142857142855,3.0146425495262705,0,1,0.6256846909750152,False
8897,3,0.5402583338848792,0.5,1.0,1,3,0.7553488097601865,False
8898,2,0.7472760386973571,0.5714285714285714,1.0,1,2,0.8738325880131531,False
8899,4,0.16748201787768513,0.0,1.0,2,2,0.3239208648047222,False
8900,3,0.9730952255831125,1.0,1.0,1,3,0.9500000000000001,False
8901,2,0.9053035843459435,0.8571428571428571,1.0,0,2,0.9500000000000001,False
8902,2,0.8482033492618388,0.75,1.0,0,2,0.9500000000000001,False
8903,2,0.0,0.0,1.0,0,2,0.39999999999999997,False
8904,2,0.9813062613177642,1.0,1.0,1,1,1.0,True
8905,3,0.9446362578101638,1.0,1.0,1,2,0.9500000000000001,False
8906,3,0.12783757603876972,0.1,1.25,0,1,0.3019303897309013,False
8907,2,0.8107726204422098,0.8333333333333334,1.0,1,1,1.0,True
8908,2,0.6718589161241576,0.4,1.0,0,2,0.7700823926246391,False
8909,2,0.41815316071122843,0.5,1.25,0,2,0.5430180212571932,False
8910,2,0.8250710904637341,0.5714285714285714,1.0,0,2,0.8964285714285715,False
8911,2,0.7065834753720646,0.5,1.0,1,1,0.8766310132546944,True
8913,3,0.7157215762369158,0.4,1.0,1,2,0.7888806755301069,False
8914,3,0.21931165042663672,0.125,1.0,0,3,0.46155023113522525,False
8915,3,0.4965498177215299,0.4166666666666667,1.0172043010752687,0,1,0.7518943663251001,True
8917,2,0.6646050044208717,0.5,1.0,0,2,0.8086402399898974,False
8918,2,0.8216929616785618,1.0,1.0101010101010102,0,2,0.9500000000000001,False
8919,2,0.7441494290567976,0.75,1.0054545454545454,2,1,0.8710640410243418,False
8920,2,0.745100103837593,0.4444444444444444,1.0,1,2,0.8199899915917727,False
8921,2,0.8079052288755815,0.8,1.0227272727272727,0,1,1.0,True
8922,2,0.8976792484268217,1.0,1.0,0,2,0.9500000000000001,False
8923,3,0.7186491360125823,0.375,1.0054545454545454,2,2,0.6747186773387258,False
8924,2,0.9782787957691669,1.0,1.0,0,2,0.9500000000000001,False
8925,2,0.9840686563540597,1.0,1.0,0,2,0.9500000000000001,False
8926,2,0.9770535077758673,1.0,1.0,0,2,0.9500000000000001,False
8927,3,0.7925155932197465,0.7142857142857143,1.0,1,1,0.996792397094177,True
8928,4,0.5930552130990125,0.4,1.0,1,2,0.7363093770424342,False
8929,2,0.8268605436326029,0.75,1.0,0,2,0.9500000000000001,False
8930,3,0.821374461786233,0.6666666666666666,1.0,0,1,0.9861111111111112,True
8931,2,0.6451464405972255,0.6,1.0,2,1,0.7869675221607157,False
8932,2,0.9738157997028876,0.75,1.0,0,1,1.0,True
8933,2,0.6193830914572073,0.5,1.0080645161290323,1,1,0.839259420148327,True
8934,2,0.9485589933223194,1.0,1.0,0,2,0.9500000000000001,False
8935,3,0.7297166358707142,0.5,1.0,0,2,0.8365452248969728,False
8936,4,0.64398297018766,0.3333333333333333,1.0,0,3,0.7303577808740765,False
8938,3,0.9550062886424084,1.0,1.0,0,1,1.0,True
8939,3,0.8788164675141912,0.75,1.0,0,2,0.9500000000000001,False
8940,2,0.8503539315664197,0.8333333333333334,1.0,1,1,1.0,True
8941,2,0.6975792897477072,0.8,1.0285714285714285,0,1,0.9561054098918744,True
8942,2,0.9425814938487869,1.0,1.0,0,2,0.9500000000000001,False
8943,3,0.9621935921559329,1.0,1.2,1,1,0.92,True
8944,3,0.7296605081456763,0.6,1.0153846153846153,0,1,0.9281878368243375,True
8945,2,0.9482511739347675,1.0,1.0,0,2,0.9500000000000001,False
8946,3,0.8506418982808082,0.8,1.0,0,2,0.9500000000000001,False
8947,2,0.9493091510736208,1.0,1.0,0,2,0.9500000000000001,False
8948,3,0.7289566131263087,0.5714285714285714,1.0,0,2,0.8659814056255609,False
8949,4,0.6041591049324668,0.4,1.0,1,1,0.7910681878282002,True
8950,2,0.7805721235110277,1.0,1.0,1,2,0.941673767219012,False
8951,2,0.8208373886394098,0.75,1.0,0,1,1.0,True
8952,2,0.8189155976850997,0.75,1.0,0,1,1.0,True
8953,4,0.2144965558164451,0.2,1.1111111111111112,1,3,0.41073661915942883,False
8954,4,0.2734779263474195,0.3333333333333333,1.0,1,3,0.5715699049425449,False
8955,3,0.5991186797000126,0.5,1.0,0,1,0.8305746722523863,True
8956,2,0.8221434973814801,0.8,1.0,1,2,0.9500000000000001,False
8957,4,0.6108937736929834,0.4,1.0,2,1,0.6889544744398501,False
8958,3,0.6052553835741904,0.6,1.0,1,2,0.8248713548651293,False
8959,3,0.7394242990422282,0.42857142857142855,1.0,0,1,0.8609437472085739,True
8960,3,0.8210888840208842,1.0,1.0,1,1,1.0,True
8961,2,0.8007895678329988,0.75,1.0,1,2,0.9500000000000001,False
8962,2,0.8513337622362057,1.0,1.0,0,1,1.0,True
8963,2,0.9653778010274947,1.0,1.0,1,1,1.0,True
8964,2,0.7282819071142211,0.5,1.0,1,1,0.8859303411441901,True
8965,3,0.8885652158739495,1.0,1.0,1,1,1.0,True
8966,2,0.7773969091767586,0.6666666666666666,1.0,0,1,0.9764240721868649,True
8967,4,0.8851879702793185,0.8,1.0,1,2,0.9500000000000001,False
8968,2,0.3700749078413302,0.2857142857142857,1.0,1,2,0.5931273414558083,False
8969,4,0.6614250218081947,0.6666666666666666,1.0,1,1,0.9267218347431946,True
8970,2,0.4445795487316687,0.5,1.0,0,1,0.7643436161230961,True
8971,2,0.9463234173510756,1.0,1.0285714285714285,0,1,1.0,True
8972,3,0.8893866025667132,1.0,1.0,1,1,1.0,True
8973,3,0.8763316640583092,0.8571428571428571,1.015383053256841,1,2,0.9500000000000001,False
8974,2,0.7655381817081357,0.8333333333333334,1.0,0,1,0.9852306493034868,True
8975,3,0.9679125888984429,1.0,1.0,0,1,1.0,True
8976,3,0.6717216457067757,0.5714285714285714,1.0,1,2,0.8414521338743325,False
8977,2,0.7183966491915031,0.6,1.0,1,1,0.9233604687011203,True
8978,2,0.8510334525835326,1.0,1.0,1,2,0.9500000000000001,False
8979,2,0.47343004803478955,0.3,1.1045655375552281,1,1,0.6133747824911002,True
8980,2,0.8569754773683167,0.75,1.0,0,1,1.0,True
8981,2,0.7846306219974817,0.75,1.0,1,1,0.9934131237132064,True
8982,3,0.48263928549753765,0.375,1.0,1,1,0.7285715985465637,True
8983,2,0.8764845605312291,0.8,1.0,1,1,1.0,True
8984,2,0.8711591621069393,0.8333333333333334,1.0,0,2,0.9500000000000001,False
8985,2,0.7124850869541742,0.4,1.0,2,1,0.7324936086946461,False
8986,2,0.7894242804315695,0.8,1.0,1,2,0.9454675487563869,False
8987,2,0.6800724101494344,0.4,1.0294117647058822,0,2,0.7736024614926148,False
8989,3,0.8574703836956887,0.5,1.0,0,1,0.9166666666666667,True
8990,2,0.9153833337218021,1.0,1.0150375939849625,1,2,0.9500000000000001,False
8991,3,0.7935626310652476,0.8,1.0,1,1,0.9972411275993918,True
8993,2,0.8514606322916747,1.0,1.03125,1,1,1.0,True
8994,4,0.3513364028451553,0.16666666666666666,1.25,0,2,0.37549337899713003,False
8995,3,0.6831602559628909,0.5,1.05,0,1,0.8665924906507627,True
8996,3,0.9522727926445684,1.0,1.0,1,1,1.0,True
8997,2,0.6312863391589786,0.3,1.0,1,1,0.7610274786871813,True
8998,3,0.28782903940425336,0.5,1.0666666666666667,0,1,0.6971648264113467,False
8999,4,0.6190216710918215,0.5,1.0,1,2,0.7891045257060189,False
9000,4,0.597057783285681,0.3333333333333333,1.0,1,2,0.7102469864875142,False
9001,4,0.7309156844436007,0.5714285714285714,1.0,1,1,0.916821007618686,True
9002,3,0.6102628343763795,0.75,1.0,1,2,0.8686840718755914,False
9003,3,0.6581651104990386,0.75,1.0,1,1,0.9392136187853023,True
9004,2,0.7187790364215508,0.6666666666666666,1.0,1,1,0.9513021267203472,True
9005,3,0.7058075809896461,0.6,1.0,1,1,0.9179651537574673,True
9006,2,0.8201897160374727,0.8,1.0,0,2,0.9500000000000001,False
9007,3,0.9500668640725526,1.0,1.0,0,2,0.9500000000000001,False
9008,3,0.6948705921554924,0.5714285714285714,1.0140845070422535,1,2,0.8513731109237826,False
9009,2,0.8137750714383234,0.8333333333333334,1.0,0,1,1.0,True
9012,4,0.4678038950039005,0.3333333333333333,1.0,1,1,0.7048524629381796,True
9013,2,0.8095031232166681,0.75,1.0150375939849625,1,2,0.9500000000000001,False
9014,2,0.9308890755157183,1.0,1.0,1,1,1.0,True
9015,2,0.9202705128761343,1.0,1.002865329512894,1,2,0.9500000000000001,False
9016,3,0.9024142635248447,0.8333333333333334,1.0,1,1,1.0,True
9017,2,0.6990992034009322,1.0,1.0,0,1,0.9567568014575423,True
9018,4,0.7961898663360897,0.6,1.0,0,1,0.9567004189059432,True
9019,3,0.7442448747383354,0.6666666666666666,1.0,1,2,0.9122160574275407,False
9020,2,0.8940125317629458,0.8333333333333334,1.0035419126328218,1,1,1.0,True
9022,2,0.9673394075854123,1.0,1.0,0,1,1.0,True
9023,3,0.6708337132671964,0.5,1.0,0,1,0.8613096866383223,True
9024,4,0.7200603609947334,0.6666666666666666,1.0,0,1,0.9518512658231397,True
9025,3,0.5236770312082585,0.4,1.2222222222222223,0,1,0.5965758705178251,False
9026,4,0.7376462448639193,0.6666666666666666,1.0140845070422535,1,2,0.909388073195648,False
9027,2,0.9232142567005835,1.0,1.0185185185185186,1,1,1.0,True
9028,2,0.7303911237715266,1.0,1.0,0,1,0.9701676244735113,True
9029,2,0.4577815848930468,0.5,1.0411764705882354,0,1,0.7700016316208296,True
9030,3,0.8432099132622545,0.6,1.0,1,1,0.9583333333333333,True
9031,3,0.8320805086376669,1.0,1.0,1,1,1.0,True
9032,3,0.45329229036556035,0.5714285714285714,1.1,1,1,0.7978395530138116,True
9033,2,0.9178637948419733,1.0,1.0185185185185186,1,1,1.0,True
9034,3,0.36744519313056545,0.16666666666666666,1.0,1,1,0.5923971462623058,False
9035,2,0.7385089472373708,0.4444444444444444,1.0,1,1,0.8671652101916776,True
9036,2,0.7259912994889001,0.5714285714285714,1.0,1,1,0.9147105569238143,True
9037,3,0.17747343721002934,0.14285714285714285,1.0178571428571428,0,1,0.501060044518584,False
9038,3,0.7088841512612726,0.5,1.0,0,1,0.8776170172072122,True
9039,2,0.7718955429450925,0.6666666666666666,1.0,1,1,0.9740663438018651,True
9041,3,0.38852850946936623,0.375,1.0723076923076924,2,1,0.5832384088202046,False
9042,3,0.6185550913491241,0.5,1.2,1,3,0.7089045629591485,False
9043,3,0.6661089038142823,0.5,1.0079798404031919,0,2,0.8092847683013592,False
9044,2,0.9461864949063468,1.0,1.0,0,2,0.9500000000000001,False
9045,2,0.47783357978744495,0.25,1.0,0,1,0.6744286770517621,True
9046,4,0.0,0.0,1.0,0,1,0.44999999999999996,False
9047,4,0.2593825308017712,0.1,1.111764705882353,1,1,0.43830679891504476,False
9048,2,0.8567000986539729,1.0,1.0211267605633803,0,1,1.0,True
9049,2,0.9593522444304605,1.0,1.0,0,1,1.0,True
9050,3,0.9164189187150513,1.0,1.0,1,1,1.0,True
9051,2,0.5024927726721652,0.6,1.0411764705882354,0,1,0.8308302359071185,True
9052,2,0.9025177532688105,0.75,1.0,0,1,1.0,True
9053,2,0.6433397776183541,0.6666666666666666,1.0285714285714285,0,1,0.9189710158046915,True
9054,3,0.9291315520842963,1.0,1.0,0,2,0.9500000000000001,False
9055,2,0.7998602613409748,0.5,1.0377032168799722,0,1,0.9166067786699417,True
9056,3,0.7563179517427123,0.6,1.0,1,1,0.9396124555087815,True
9057,2,0.7848135138932864,0.75,1.0,0,1,0.9934915059542655,True
9058,2,0.9624043543274942,1.0,1.0,0,1,1.0,True
9059,3,0.8158605643136447,0.6666666666666666,1.0188679245283019,0,1,0.9861111111111112,True
9060,2,0.9799123486668057,1.0,1.0,1,1,1.0,True
9062,2,0.8973166824926069,0.8,1.0,0,1,1.0,True
9063,3,0.7058154053112253,0.6666666666666666,1.0285714285714285,1,1,0.9457462848159219,True
9064,3,0.9568531389097126,1.0,1.0,0,1,1.0,True
9066,2,0.880789044550926,0.8333333333333334,1.0,0,1,1.0,True
9067,2,0.9565634778832651,1.0,1.0,0,1,1.0,True
9068,2,0.879132368901928,0.5,1.0,1,1,0.9166666666666667,True
9069,3,0.7209138547463275,0.6666666666666666,1.0,1,1,0.9522170488595372,True
9070,2,0.9055357976799101,0.875,1.0,1,1,1.0,True
9071,2,0.8581916142414444,0.5,1.0294117647058822,0,1,0.9166666666666667,True
9072,2,0.8387118623450722,0.6666666666666666,1.0,1,1,0.9861111111111112,True
9073,3,0.3919557418322871,0.5,1.0222222222222221,0,1,0.7417905560233611,False
9074,3,0.5037273299741192,0.3333333333333333,1.027027027027027,0,1,0.720248220782559,True
9075,2,0.6541813433186856,0.4,1.0057142857142858,2,1,0.7075062899937226,False
9076,2,0.7583173202479438,0.2857142857142857,1.0054545454545454,0,1,0.8095169467729284,True
9077,3,0.8457332250079557,0.5,1.0,0,1,0.9166666666666667,True
9078,3,0.6009574498363282,0.3333333333333333,1.0037147102526003,1,1,0.7619182721520772,True
9079,3,0.20967948626064514,0.2,1.25,0,1,0.37867216077837174,False
9080,3,0.5119361286957042,0.4,1.0005002501250626,1,1,0.7515440551553019,True
9081,2,0.9601972570539213,1.0,1.0,0,1,1.0,True
9082,2,0.8504521617155555,0.75,1.0,0,2,0.9500000000000001,False
9083,3,0.163701402177244,0.25,1.0,0,1,0.5398006009331046,False
9084,2,0.9675263923229644,1.0,1.0294117647058822,0,1,1.0,True
9085,4,0.6181857968340363,0.375,1.0346666666666666,0,1,0.7866629605479203,True
9086,3,0.18497945247003378,0.16666666666666666,1.1363636363636365,0,3,0.38419754312207793,False
9087,2,0.8883885541901974,0.3333333333333333,1.0294117647058822,0,1,0.8472222222222222,True
9088,2,0.6569521140469846,0.7142857142857143,1.0013812154696131,0,1,0.9386937631629935,True
9090,3,0.8428169538385641,0.5,1.0,0,2,0.8666666666666668,False
9091,2,0.915018580077992,0.6666666666666666,1.0,0,1,0.9861111111111112,True
9092,2,0.6532766180182082,0.3333333333333333,1.0,0,1,0.7843407728014544,True
9093,4,0.4050713522451482,0.3333333333333333,1.25,0,1,0.5179670874701429,False
9094,2,0.9146663388991394,1.0,1.0227272727272727,1,1,1.0,True
9095,3,0.7571761429022014,0.3333333333333333,1.0,0,1,0.82886914060888,True
9096,2,0.6688762810226143,0.5,1.0,0,1,0.86047078710493,True
9097,2,0.7385561994804025,0.4,1.0,0,1,0.8486669426344582,True
9098,2,0.9518511086193547,1.0,1.0,0,1,1.0,True
9099,2,0.394777888525763,0.4,1.1818181818181819,0,1,0.6213333807967556,False
9101,2,0.6516587923914671,0.6666666666666666,1.0,0,2,0.8725363078503113,False
9102,2,0.7033750226275611,0.75,1.0,0,1,0.9585892954118118,True
9103,4,0.4350564970029324,0.3333333333333333,1.2121212121212122,0,3,0.4808178637949075,False
9104,3,0.0,0.0,1.05,0,3,0.39999999999999997,False
9106,3,0.41933850225094754,0.42857142857142855,1.125,0,2,0.5937641200123108,False
9107,4,0.5764424124288491,0.5,1.1818181818181819,0,2,0.6908562719933163,False
9108,2,0.4034718151125573,0.3333333333333333,1.0,0,2,0.6272815715561754,False
9109,2,0.5447678941404861,0.5,1.25,0,1,0.6472814784411608,False
9110,2,0.48451676913888353,0.4,1.2,0,2,0.6097929010595217,False
9111,3,0.6136566779922635,0.6666666666666666,1.0,0,1,0.9062496873935098,True
9112,2,0.4874643005274262,0.3333333333333333,1.0,0,2,0.6632783510196907,False
9113,2,0.4604608268613628,0.2857142857142857,1.0,0,2,0.6318641638929651,False
9115,2,0.615311107610573,0.6,1.0,0,1,0.8791809508807218,True
9116,4,0.36674154936142944,0.2857142857142857,1.1111111111111112,0,2,0.5116987592501364,False
9117,3,0.744720438698731,0.16666666666666666,1.0,0,1,0.7540865372200911,False
9118,2,0.588495188557359,0.75,1.0,0,1,0.9093550808102968,True
9119,2,0.5566224600305901,1.0,1.2,0,1,0.8156953400131101,True
9120,2,0.9647700949525039,1.0,1.0,0,1,1.0,True
9121,2,0.7273565736857908,0.5,1.0,0,2,0.8355337696748628,False
9122,4,0.5321361987970944,0.5,1.0,1,3,0.7518678947225644,False
9123,4,0.6262589036727787,0.5555555555555556,1.0,1,3,0.8153543449602915,False
9124,4,0.51125045710227,0.3,1.0222222222222221,1,2,0.6595835292343063,False
9125,3,0.5553300228585275,0.3333333333333333,1.096774193548387,1,2,0.6923636605901626,False
9127,3,0.5111390387712509,0.5,1.1,0,1,0.7928691118543456,True
9128,2,0.6055671141696433,0.42857142857142855,1.0333333333333334,2,2,0.6485763822631806,False
9129,2,0.6559793193760397,0.6666666666666666,1.0333333333333334,1,1,0.924387962272271,True
9130,2,0.8305605125429781,0.8,1.0416666666666667,0,1,1.0,True
9131,3,0.3788290894256552,0.3333333333333333,1.0,0,1,0.6667204034046459,False
9132,4,0.4295199607185327,0.25,1.0,2,1,0.5487228403079426,False
9134,4,0.5522697116112792,0.42857142857142855,1.0,0,2,0.730734638309596,False
9135,2,0.3687628107546211,0.6666666666666666,1.0,0,1,0.8012951728630915,False
9136,4,0.5108431609688288,0.4,1.125,0,1,0.6710756404152124,True
9137,2,0.694456469865708,0.6666666666666666,1.0,0,2,0.890878169624986,False
9139,2,0.5169276224578904,0.5,1.0,0,1,0.7953499334343339,True
9140,4,0.321776046430867,0.25,1.0,0,1,0.6075468770418001,False
9141,2,0.5998843152829736,1.0,1.0125,0,1,0.9142361351212744,True
9142,4,0.7069592636375583,0.6,1.0416666666666667,0,1,0.918458732035144,True
9143,2,0.9714353794275588,1.0,1.0,1,1,1.0,True
9144,4,0.08197971935307476,0.07692307692307693,1.0,0,1,0.44999999999999996,False
9145,2,0.5987078890194761,0.5,1.1,0,1,0.830398619103585,True
9146,2,0.47716784407104373,0.5,1.0035714285714286,0,1,0.7783100284113997,True
9148,2,0.836693738120383,0.7142857142857143,1.0,1,1,1.0,True
9149,4,0.3704158093742335,0.16666666666666666,1.048780487804878,0,1,0.5936702675095921,False
9150,2,0.7776666332422001,1.0,1.125,0,1,0.9104285571038001,True
9151,3,0.276233386806965,0.4,1.0,0,2,0.6005285943458423,False
9152,2,0.948615067879236,1.0,1.0,1,1,1.0,True
9153,4,0.4474452406609797,0.5555555555555556,1.0476190476190477,1,1,0.7887199179552347,True
9154,2,0.5146938206398007,0.6666666666666666,1.0,0,1,0.8638370342424543,True
9155,4,0.35391957600873647,0.3333333333333333,1.0,0,1,0.6560448976545379,False
9156,4,0.7660672525494345,0.7142857142857143,1.0,1,2,0.9354573939497578,False
9157,2,0.6279291884029908,0.4,1.18,0,1,0.7212553664584247,True
9158,2,0.36964299208427787,0.3333333333333333,1.0,0,1,0.6627835045440555,False
9159,3,0.2924106291090406,0.16666666666666666,1.0,0,1,0.5602394759673666,False
9160,4,0.49002492659630276,0.4,1.125,0,1,0.662153539969844,True
9161,3,0.4671072715422232,0.42857142857142855,1.0,0,1,0.7442364497085718,True
9162,2,0.8153475343521507,0.75,1.0,0,1,1.0,True
9163,4,0.6115737821431569,0.36363636363636365,1.0119047619047619,2,2,0.6240943914812666,False
9164,3,0.6064149413316455,0.5,1.0,0,1,0.8337016415230862,True
9165,3,0.36963798653944563,0.2857142857142857,1.0,2,1,0.5379400894692862,False
9166,2,0.9516565001338306,1.0,1.0,1,1,1.0,True
9167,3,0.3047161542248997,0.16666666666666666,1.1764705882352942,0,1,0.48551327244559195,False
9168,3,0.7686590100971497,0.6666666666666666,1.0185185185185186,1,2,0.9226792582956039,False
9169,3,0.2687765939357833,0.2,1.2380952380952381,0,1,0.40399949263914525,False
9170,2,0.85842581049333,0.75,1.0,1,2,0.9500000000000001,False
9171,4,0.47952746285154213,0.3333333333333333,1.0,0,2,0.6598768491585975,False
9172,2,0.8513508275825994,0.75,1.0,0,1,1.0,True
9173,2,0.5602299990996814,0.5,1.0,0,1,0.8139080948522444,True
9174,2,0.6589752250828799,1.0,1.0,0,1,0.9395608107498057,True
9175,4,0.447666051440378,0.3333333333333333,1.0,0,1,0.6962219585538127,True
9176,4,0.536529490640338,0.4,1.0526315789473684,0,2,0.7120840674172878,False
9177,3,0.5301550213379306,0.2857142857142857,1.0588235294117647,2,2,0.5567331043829227,False
9178,4,0.6793909913691064,0.5,1.0277777777777777,0,1,0.8649770915391408,True
9180,4,0.6605847332936674,0.4,1.0294117647058822,1,2,0.7652505999830005,False
9181,4,0.8156219202216762,0.625,1.0,1,3,0.9187500000000001,False
9183,3,0.6126748118295887,0.5714285714285714,1.0666666666666667,0,1,0.8661463479269667,True
9184,4,0.2845690372637047,0.2222222222222222,1.125,1,2,0.4500269418960851,False
9185,2,0.5564849704717826,0.5,1.0,0,1,0.812303082583145,True
9186,3,0.3486551829567382,0.25,1.0,0,1,0.6190665069814593,False
9187,3,0.295902600923437,0.2857142857142857,1.0987012987012987,0,1,0.6113392099195682,False
9188,3,0.47531896095058224,0.42857142857142855,1.25,0,1,0.5877557451692972,False
9189,4,0.2505362257450327,0.2222222222222222,1.8181818181818181,0,1,0.4054414512452257,False
9190,3,0.44029234834779746,0.14285714285714285,1.0666666666666667,0,2,0.5636967207204847,False
9191,3,0.3312773637513859,0.1111111111111111,1.14,1,2,0.423748499808795,False
9192,3,0.712470419740543,0.4,1.0,1,1,0.8374873227459472,True
9193,4,0.6782129927830934,0.3333333333333333,1.0,0,1,0.7950277905578338,True
9194,3,0.7006947029791247,0.25,2.0588235294117645,0,1,0.6099405869910535,False
9195,3,0.6462144344604189,0.6,1.0,0,1,0.8924252338163701,True
9196,3,0.494002575736386,0.2857142857142857,1.0,0,2,0.6462391991251178,False
9198,4,0.4240295220698672,0.4,1.0416666666666667,0,1,0.7138697951728002,True
9199,3,0.5318050157057428,0.3333333333333333,1.0,0,1,0.7322815146675405,True
9200,2,0.3887396425062017,0.3333333333333333,1.1666666666666667,0,1,0.5909677832963086,False
9201,3,0.29170930307259935,0.16666666666666666,1.0,0,2,0.5099389076660347,False
9202,3,0.3978326981508458,0.2857142857142857,1.1333333333333333,0,1,0.5750235373027434,False
9203,2,0.5548331127331696,0.75,1.0,0,1,0.8949284768856441,True
9204,3,0.5777819732170576,0.5,1.0,0,1,0.8214303694739771,True
9205,4,0.5658552360077033,0.2857142857142857,1.0,0,1,0.7270331963842538,True
9207,3,0.5996482868967508,0.09090909090909091,1.0,1,3,0.6141349800986076,False
9208,2,0.8028710484895375,0.5714285714285714,1.0059171597633136,1,1,0.9464285714285714,True
9209,4,0.10218484125056658,0.1111111111111111,1.08,1,1,0.45556599016558674,False
9210,2,0.27399662321920987,0.3333333333333333,1.0416666666666667,0,1,0.6217922036018836,False
9211,4,0.7748911719881121,0.75,1.0,1,2,0.939239073709191,False
9212,2,0.6489759205685481,0.75,1.0666666666666667,0,1,0.9352753945293778,True
9213,2,0.763355563131101,1.0,1.1111111111111112,0,1,0.9042952413419004,True
9214,4,0.7253590414686784,0.2857142857142857,1.0,1,2,0.7453919701532432,False
9215,2,0.2367531433062098,0.5,1.0666666666666667,0,1,0.6752751566550423,False
9216,2,0.44288525782057153,0.4,1.0,0,1,0.721950824780245,True
9217,2,0.8968592926040042,0.8571428571428571,1.0,0,1,1.0,True
9218,3,0.4740397455316067,0.125,1.0,1,2,0.570719414751641,False
9219,4,0.7066861395454249,0.2,1.0294117647058822,0,1,0.7516750121861345,False
9220,2,0.7759525220108306,1.0,1.0,0,1,0.9896939380046417,True
9222,2,0.9596768321305492,1.0,1.0,0,1,1.0,True
9223,2,0.7300880249215551,0.8333333333333334,1.0666666666666667,0,1,0.9700377249663807,True
9224,3,0.6853199751344384,0.6666666666666666,1.0,1,2,0.8869625290258706,False
9225,4,0.7707164649485674,0.625,1.0,1,3,0.9061999135493862,False
9226,3,0.17412052830530358,0.2,1.0,0,1,0.5234326073689396,False
9227,2,0.7025990010928077,0.6666666666666666,1.0256410256410255,2,1,0.8393678258651716,False
9228,4,0.7507959078082167,0.5,1.0,0,2,0.845579198584474,False
9229,3,0.7506160589556413,0.6666666666666666,1.0,1,2,0.9149465649492431,False
9230,3,0.6969965882066247,0.5,1.0,0,1,0.8725223473266488,True
9231,3,0.8277788321760206,0.6,1.0,0,1,0.9583333333333333,True
9232,2,0.6088269915935551,0.5,1.0,0,2,0.784735377349619,False
9233,2,0.8821177470304935,0.8571428571428571,1.0,0,1,1.0,True
9234,3,0.5390708335999843,0.6666666666666666,1.0782399999999999,1,2,0.8242843255111044,False
9235,2,0.9653876726014186,1.0,1.0,0,2,0.9500000000000001,False
9236,3,0.543225466294483,0.2857142857142857,1.0,0,2,0.6673347236500166,False
9237,3,0.6672300799928983,0.8,1.0,0,2,0.8930986057112422,False
9238,3,0.7973440961446364,0.8,1.0,1,2,0.9488617554905586,False
9239,2,0.9271295253415633,1.0,1.0,1,2,0.9500000000000001,False
9240,2,0.9501802354837654,1.0,1.0,1,2,0.9500000000000001,False
9241,3,0.4808286874215087,0.2857142857142857,1.1,1,2,0.6405932469901704,False
9242,2,0.7056818632871558,1.0,1.0,0,1,0.959577941408781,True
9243,2,0.5037016606846145,0.0,1.1825572801182556,0,1,0.5430149974362634,False
9245,2,0.9515660745692769,1.0,1.0,1,2,0.9500000000000001,False
9246,4,0.6248831399380621,0.2222222222222222,1.0,1,1,0.7258758430422383,False
9247,2,0.5777158629478454,0.5,1.0,0,2,0.7714020365014577,False
9248,3,0.7590130514146123,0.75,1.0105263157894737,2,2,0.8274341648919769,False
9249,3,0.9530555231273399,1.0,1.0,1,1,1.0,True
9250,2,0.8520637992479609,1.0,1.0256410256410255,1,1,1.0,True
9251,2,0.4602188539993603,0.6666666666666666,1.0465116279069768,0,2,0.7904906199679799,False
9252,3,0.7173325535944814,0.6,1.0,0,3,0.8729044277309684,False
9253,3,0.9150823956325005,1.0,1.0185185185185186,1,3,0.9500000000000001,False
9254,4,0.6106037619487503,0.5,1.037037037037037,1,2,0.7854968503589884,False
9256,3,0.6415725284009162,0.14285714285714285,4.090857142857143,1,1,0.539959655028964,False
9257,2,0.5026535026825737,0.2857142857142857,1.0294117647058822,0,2,0.6499467392449125,False
9258,2,0.7438397100487857,0.6666666666666666,1.0,0,2,0.9120424154177337,False
9259,2,0.9427731855468389,1.0,1.0,0,2,0.9500000000000001,False
9260,3,0.5901999676940582,0.5,1.0,1,2,0.7767523671069775,False
9261,3,0.6680104667471688,0.6,1.0,0,2,0.8517663905106915,False
9262,3,0.3601187544951175,0.4444444444444444,1.25,0,1,0.5449979847307117,False
9263,2,0.6693750012901842,0.3333333333333333,1.0588235294117647,0,1,0.7912400799180155,True
9264,2,0.6737126581977431,1.0,1.0059171597633136,0,1,0.9458768535133184,True
9265,2,0.677505998630548,1.0,1.009090909090909,0,2,0.8975025708416635,False
9266,2,0.6185315625251295,0.5,1.0133333333333334,1,2,0.7888944791774365,False
9267,3,0.6548514747700199,0.375,1.0294117647058822,0,2,0.7523768225204849,False
9268,3,0.8239796338330136,1.0,1.0058823529411764,0,2,0.9500000000000001,False
9269,2,0.9513422018600448,1.0,1.1333333333333333,0,2,0.8700000000000001,False
9270,3,0.9489320557701927,1.0,1.0,1,2,0.9500000000000001,False
9271,2,0.5508895463323337,0.25,1.175,0,1,0.6257383769995716,True
9273,2,0.5832837809324457,0.5,1.0,0,1,0.8237882870662863,True
9274,4,0.8588140583665089,0.6666666666666666,1.0,1,2,0.9361111111111112,False
9275,3,0.8796304461388527,0.7777777777777778,1.0,1,2,0.9500000000000001,False
9276,2,0.5688527718837149,0.4,1.0,0,1,0.7759369022358779,True
9277,3,0.1679252998070254,0.1,1.1176470588235294,0,2,0.34911084277443943,False
9278,2,0.8014746133961768,0.6,1.0,1,1,0.9583333333333333,True
9279,4,0.4914112499272751,0.5,1.0,0,2,0.7344143452069275,False
9280,4,0.6142833676385346,0.5714285714285714,1.0,0,2,0.8168357289879434,False
9281,4,0.6606149529673919,0.5,1.0,0,1,0.8569302179384062,True
9282,3,0.49965973903848554,0.5,1.0,0,2,0.7379494119688749,False
9283,3,0.43916202537868637,0.6,1.1111111111111112,0,2,0.6736884870670561,False
9284,4,0.5377989738441407,0.5,1.0,0,2,0.7542947983141556,False
9285,3,0.2628565612263883,0.3333333333333333,1.0,0,1,0.6170178913192458,False
9287,3,0.42447343469071197,0.25,1.0285714285714285,0,1,0.6515600434388765,True
9288,4,0.7516022856795443,1.0,1.008888888888889,1,1,0.9792581224340904,True
9289,3,0.5865631390664748,0.5,1.1764705882352942,0,2,0.6951937262665845,False
9290,2,0.5501224638311721,0.2,1.0897435897435896,0,2,0.6345762940228834,False
9291,3,0.35724002522623804,0.375,1.125,0,1,0.5948290584302924,False
9292,3,0.41383978076961886,0.4,1.0,0,1,0.7095027631869795,True
9293,2,0.4164746618392417,0.16666666666666666,1.25,0,1,0.4534097757088813,False
9294,2,0.9115460413214039,0.75,1.0,1,2,0.9500000000000001,False
9295,3,0.24772307173748448,0.16666666666666666,1.0,0,1,0.5410876656652711,False
9296,3,0.8195741518376499,1.0,1.0,1,1,1.0,True
9297,3,0.2941711253860018,0.3,1.2,0,1,0.5365495299273341,False
9299,3,0.5586739479246411,0.625,1.0,0,2,0.8153245491105606,False
9300,2,0.3560874745007749,0.5,1.02,0,1,0.7264184414527131,False
9302,3,0.49254732193207035,0.2,1.0,0,1,0.6599012332089825,False
9304,2,0.544761583560927,0.6666666666666666,1.0,0,2,0.8267232183515084,False
9305,3,0.7666265005047898,0.6666666666666666,1.025,1,1,0.971808182756021,True
9306,4,0.5943076573160836,0.4,1.2,0,1,0.7068461388497501,True
9307,2,0.5510300377847643,0.6,1.0416666666666667,0,1,0.8516319209553752,True
9308,4,0.7175011225679513,0.5,1.0,0,1,0.8813100049100744,True
9309,3,0.5637412539366855,0.5,1.0,0,2,0.7654129183538178,False
9310,2,0.9084035812392327,1.0,1.0,0,1,1.0,True
9311,3,0.8382958699559371,0.5,1.0,0,1,0.9166666666666667,True
9312,4,0.5956812752090218,0.5,1.010074074074074,1,2,0.7791014988991046,False
9313,2,0.4779801167466759,0.6,1.0050251256281408,0,1,0.8203248119390516,True
9314,3,0.2593176118831732,0.4,1.1111111111111112,0,2,0.51327897652136,False
9315,4,0.7199587034634101,0.6666666666666666,1.0,0,2,0.9018076983097155,False
9316,3,0.5107159978842376,0.2857142857142857,1.0,0,2,0.65340209433134,False
9317,2,0.8066464361564321,0.7142857142857143,1.0,0,1,1.0,True
9318,2,0.7495178219601448,0.8,1.1764705882352942,0,1,0.898364780840062,True
9319,3,0.3087935125878728,0.2,1.0,0,2,0.531149600632898,False
9320,4,0.2947293561176484,0.2857142857142857,1.0,0,2,0.5608363907170875,False
9321,4,0.5863856718273875,0.375,1.0,1,1,0.7730343355450708,True
9322,3,0.46108903697347403,0.6666666666666666,1.008888888888889,0,1,0.8408635555283143,True
9323,4,0.8300292507706648,0.8333333333333334,1.0,0,1,1.0,True
9324,4,0.5179103172150051,0.3333333333333333,1.021021021021021,1,1,0.7263266438857958,True
9325,4,0.2550754197402468,0.2,1.3333333333333333,0,1,0.39812756084105816,False
9326,3,0.30684118238797914,0.16666666666666666,1.1111111111111112,0,1,0.48642399880119735,False
9327,2,0.8542812588191887,0.8333333333333334,1.0,1,1,1.0,True
9328,2,0.8912364534644297,1.0,1.0,0,1,1.0,True
9329,4,0.3570472671351583,0.25,2.142857142857143,0,1,0.46266311448649644,False
9330,2,0.8020677122103723,1.0,1.0,0,1,1.0,True
9332,4,0.0,0.0,1.0333333333333334,0,1,0.44999999999999996,False
9333,3,0.5875661063675234,0.625,1.0,0,2,0.8277069027289387,False
9334,4,0.7844077924929007,0.75,1.0169491525423728,1,1,0.9933176253541003,True
9335,2,0.8519088613127961,1.0,1.0204081632653061,0,1,1.0,True
9336,4,0.5889953143168867,0.5,1.035294117647059,0,1,0.8262360870881895,True
9337,3,0.44859469425418225,0.5,1.25,0,1,0.606064392775602,False
9338,2,0.6668343859593912,0.75,1.1428571428571428,0,1,0.8629290225540248,True
9339,2,0.4057158053927333,0.4444444444444444,1.1764705882352942,0,1,0.644539577972547,True
9340,3,0.419158114554426,0.25,1.0166666666666666,1,1,0.649282049094754,True
9341,2,0.8594086112332624,0.6666666666666666,1.015625,2,1,0.8811111111111112,False
9342,2,0.3756975217309416,0.375,1.056338028169014,0,1,0.6827394140751655,False
9343,2,0.8924370621119729,1.0,1.008,1,1,1.0,True
9344,4,0.35757660262929974,0.2857142857142857,1.25,0,1,0.4777709249363665,False
9345,3,0.8841506137017281,0.7142857142857143,1.0,0,1,1.0,True
9346,3,0.821410863422407,0.7142857142857143,1.0,0,2,0.9500000000000001,False
9347,4,0.29574842290174247,0.25,1.0,0,1,0.5963921812436039,False
9348,4,0.4671381280703661,0.3333333333333333,1.0,0,2,0.6545671342523791,False
9349,2,0.48320735145759,0.6666666666666666,1.1111111111111112,0,1,0.7703428331643639,True
9350,2,0.6899254392877846,1.0,1.0,0,1,0.9528251882661933,True
9351,4,0.3806988908612764,0.3333333333333333,1.0,0,1,0.667521746877055,False
9352,2,0.6926794014031676,1.0,1.0,0,1,0.9540054577442147,True
9354,4,0.7529343689020905,0.6,1.0,1,1,0.9381623485770865,True
9355,4,0.5948921589683935,0.14285714285714285,1.0,1,2,0.6299537824150259,False
9356,4,0.671000062527238,0.5,1.0043859649122806,0,1,0.8613809791783402,True
9357,2,0.5777578728326537,0.5,1.0,0,2,0.7714200407378041,False
9358,3,0.4412030245167841,0.42857142857142855,1.0,0,2,0.6831346295548123,False
9359,3,0.6942826209353823,0.4,1.0105263157894737,1,1,0.8296925518294496,True
9360,2,0.6756897907163522,1.0,1.025,0,1,0.9467241960212938,True
9361,2,0.8921049131671942,1.0,1.0,0,1,1.0,True
9362,3,0.7686460470350288,0.6666666666666666,1.0,0,2,0.9226737026975521,False
9363,2,0.5499268801200171,0.36363636363636365,1.014332965821389,1,1,0.7526742906142065,True
9364,3,0.7364676285171959,0.75,1.0,0,2,0.9227718407930839,False
9365,4,0.7129852168685167,0.4,1.0,1,1,0.8377079500865072,True
9366,2,0.8898722539675411,0.7142857142857143,1.0,1,2,0.9500000000000001,False
9367,2,0.5574142739374207,0.625,1.0,0,2,0.8147846888303233,False
9368,3,0.5911089859002948,0.4,4.090909090909091,2,1,0.520475279671555,False
9369,3,0.3768763115743799,0.3333333333333333,1.2,0,1,0.5858834986112421,False
9371,2,0.5964054552341452,0.36363636363636365,1.014332965821389,1,1,0.7725936799488329,True
9372,3,0.5835134842954656,0.42857142857142855,1.0,1,2,0.7441248266028188,False
9373,3,0.6963271320418376,0.3333333333333333,1.0,1,1,0.8027909930972955,True
9374,3,0.04869093638460507,0.0,1.0,0,1,0.44999999999999996,False
9375,2,0.7565971623397669,0.8,1.0,0,2,0.9313987838599002,False
9376,2,0.6290025263877764,0.36363636363636365,1.014332965821389,1,1,0.7865638533003891,True
9378,2,0.6071532263645034,0.5,1.1111111111111112,0,1,0.754018049394311,True
9379,4,0.5151231943574245,0.2222222222222222,1.0,1,2,0.6288358663648222,False
9380,2,0.6896274822309272,1.0,1.025,1,1,0.9526974923846832,True
9381,3,0.6164811304842492,0.5,1.0588235294117647,1,1,0.8380157225884879,True
9382,4,0.3375860687582378,0.16666666666666666,1.0,0,1,0.5796003786741654,False
9383,3,0.5319512756243688,0.25,1.0,0,1,0.6976219752675866,True
9384,3,0.4623386833034255,0.3333333333333333,1.0,0,1,0.7025102293522617,True
9385,2,0.6342613079049988,0.5,1.1764705882352942,0,1,0.7656357986259519,True
9386,2,0.8365232144120777,1.0,1.0,0,1,1.0,True
9387,4,0.539902269985173,0.6666666666666666,1.0357142857142858,0,1,0.874640655390471,True
9388,4,0.36681810736259085,0.2727272727272727,1.0,1,3,0.5863203144108073,False
9390,3,0.7031034733467192,0.5,1.0416666666666667,0,1,0.8751395838152607,True
9391,2,0.732366708211133,0.6666666666666666,1.0,0,1,0.9571254146301682,True
9392,2,0.7379298974298334,0.75,1.0,0,1,0.9733985274699286,True
9393,4,0.5997118113685462,0.5,1.010074074074074,1,3,0.7808288715389008,False
9394,4,0.8721644214707966,1.0,1.018181818181818,1,2,0.9500000000000001,False
9395,2,0.6876611392180192,0.5,1.25,0,1,0.7085214406172464,False
9396,4,0.7731238703372517,0.25,1.2,1,1,0.720981658715965,True
9397,3,0.5847213070710193,0.14285714285714285,1.1,1,2,0.6255948458875797,False
9398,3,0.610737064940411,0.5,1.1764705882352942,0,1,0.7555539802125572,True
9399,3,0.4689553171162516,0.3,1.0625,0,1,0.6914570406688697,True
9400,2,0.6120865605308192,0.5714285714285714,1.0,1,2,0.8158942402274941,False
9401,4,0.8138472894244085,0.6666666666666666,1.011764705882353,1,1,0.9861111111111112,True
9402,3,0.8541092514955764,0.8333333333333334,1.0,0,1,1.0,True
9403,3,0.3050752599309198,0.42857142857142855,1.25,0,1,0.5147941590180132,False
9404,4,0.14194162742394434,0.25,1.0,0,1,0.5304749831816904,False
9405,2,0.4005078754339632,0.2857142857142857,1.0416666666666667,0,1,0.6561700418526508,True
9406,4,0.5755529575580776,0.5714285714285714,1.0,0,1,0.8502369818106047,True
9407,3,0.20894808567846648,0.14285714285714285,1.1111111111111112,0,1,0.43454917957648564,False
9408,3,0.8003771130541184,0.8,1.0318181818181817,0,1,1.0,True
9409,2,0.7837180701608331,0.5714285714285714,1.0,0,1,0.9394506014974999,True
9410,3,0.4437174708878045,0.5,1.0,0,1,0.7639741541900115,True
9411,4,0.3590488240781862,0.5,1.0,0,1,0.7276875912716037,False
9412,3,0.23449966765785207,0.14285714285714285,1.0294117647058822,1,1,0.5254998575676508,False
9413,2,0.8173452394399471,1.0,1.0,0,1,1.0,True
9414,3,0.27788459239373076,0.1111111111111111,1.1818181818181819,1,2,0.4008658835126571,False
9415,4,0.43693331447648714,0.25,1.1764705882352942,0,1,0.5768999919184945,True
9416,2,0.9062508018715739,0.8,1.0,1,2,0.9500000000000001,False
9417,4,0.530607006522762,0.5,1.0133333333333334,1,3,0.7512125266049933,False
9418,3,0.8433634853585432,1.0,1.0222222222222221,1,1,1.0,True
9419,4,0.8478090090888402,1.0,1.018181818181818,1,2,0.9500000000000001,False
9420,2,0.935305062899421,1.0,1.0303030303030303,1,1,1.0,True
9421,3,0.29834366326390505,0.2857142857142857,1.0,0,1,0.6123853794940545,False
9422,2,0.8982944770144485,1.0,1.0,0,1,1.0,True
9423,4,0.7507890840113677,0.5,1.0,1,2,0.8455762741001102,False
9424,4,0.6635735435397354,0.6,1.2352941176470589,1,1,0.7398648519932199,False
9426,2,0.5968634131626581,0.4,1.09375,0,1,0.7879414627839965,True
9427,3,0.6068436156456731,0.6,1.0185185185185186,0,2,0.8255520257529076,False
9428,2,0.8660134469740868,0.6666666666666666,1.0,0,2,0.9361111111111112,False
9429,4,0.7573447909388924,0.2,1.1428571428571428,1,1,0.6933858627833348,False
9430,4,0.7586884578985869,0.6666666666666666,1.1764705882352942,1,1,0.8884061644962198,True
9431,2,0.3282668638371742,0.125,1.125,0,1,0.4782453225968841,False
9432,2,0.5428864233602068,0.3333333333333333,1.0,1,1,0.7370306893765965,True
9433,2,0.8240785577770643,0.6666666666666666,1.0,0,1,0.9861111111111112,True
9434,2,0.12039558839775215,0.0,1.0,0,1,0.45874096645617946,False
9435,2,0.8866840842734175,0.8571428571428571,1.018181818181818,0,1,1.0,True
9436,2,0.9311731946548554,1.0,1.0,0,2,0.9500000000000001,False
9437,2,0.5271334284140213,0.2,1.0,0,1,0.6747238502726758,False
9438,3,0.33288587078252585,0.3,1.125,0,1,0.5531415636687015,False
9439,2,0.19389551580320427,0.14285714285714285,1.2,0,1,0.42809807820137324,False
9441,4,0.5955336079416018,0.2727272727272727,1.0222222222222221,1,2,0.6843412432303835,False
9442,4,0.2846133569055531,0.2857142857142857,1.36,0,1,0.44650096248333226,False
9443,3,0.6695100970761454,0.42857142857142855,1.1666666666666667,1,1,0.7509805177945386,True
9444,2,0.9285179770456913,1.0,1.0,1,2,0.9500000000000001,False
9445,2,0.8942247368717724,0.8333333333333334,1.0,0,1,1.0,True
9446,2,0.612215673084779,0.375,1.1666666666666667,0,1,0.7041043360839528,True
9447,3,0.6372569774827415,0.4,1.0,0,1,0.8052529903497464,True
9448,2,0.7522897192460334,0.5714285714285714,1.0,1,1,0.9259813082483002,True
9449,2,0.4077601714660347,0.5,1.0294117647058822,0,1,0.7485638830092529,True
9450,2,0.48393898212506586,0.4,1.1363636363636365,0,1,0.6595452780535996,True
9451,3,0.5908519808253603,0.2857142857142857,1.0,1,1,0.7377460870203925,True
9452,2,0.6270508941091485,0.6666666666666666,1.1176470588235294,0,1,0.8319900657293176,True
9453,3,0.6599746477044733,0.42857142857142855,1.021180030257186,1,1,0.8268938966352506,True
9454,2,0.7898129144772492,1.0,1.0273972602739727,1,1,0.9956341062045353,True
9455,2,0.5673548721439305,0.5714285714285714,1.1666666666666667,0,1,0.7667235166331131,True
9456,2,0.9655631963732386,1.0,1.0,1,1,1.0,True
9457,3,0.5399340623321183,0.2,1.1111111111111112,0,1,0.6002098362375745,False
9458,3,0.2090534642870113,0.14285714285714285,1.1333333333333333,0,1,0.4345943418372905,False
9459,2,0.953196684475161,1.0,1.0,1,2,0.9500000000000001,False
9460,3,0.6123463481738687,0.75,1.08,0,1,0.9195770063602295,True
9461,2,0.8087501468581326,0.75,1.0,0,2,0.9500000000000001,False
9462,4,0.6008442970396317,0.5,1.0204081632653061,1,2,0.7813142225407946,False
9463,4,0.5520148850254025,0.42857142857142855,1.1061946902654867,0,2,0.6506254269156487,False
9464,3,0.2558033790257648,0.16666666666666666,1.1111111111111112,0,1,0.4645506545031055,False
9465,4,0.6399147448313924,0.3,1.0,1,2,0.7147253668325017,False
9466,2,0.6779559332775966,0.5,1.0666666666666667,0,2,0.8143620666427797,False
9467,3,0.7159323638280392,0.5,1.0,0,2,0.8306376797358265,False
9468,3,0.7632014482476298,0.6666666666666666,1.0,0,1,0.9703403032172382,True
9469,4,0.6374226812580198,0.3333333333333333,1.0,1,1,0.7775462284756594,True
9470,2,0.780555882837754,0.8,1.0,1,1,0.9916668069304659,True
9471,3,0.34769276286927353,0.125,1.0,0,1,0.5665707078963553,False
9472,4,0.9394170967668161,1.0,1.0,1,1,1.0,True
9473,2,0.7778751471207321,0.8,1.0,0,2,0.9405179201945996,False
9474,2,0.5558685874684383,0.3333333333333333,1.018181818181818,0,1,0.74259447399441,True
9475,4,0.5906584439294353,0.5,1.0,1,2,0.7769488569221391,False
9476,2,0.8362693644585282,0.625,1.0067114093959733,0,2,0.9187500000000001,False
9477,2,0.13626462816642468,0.25,1.1904761904761905,0,1,0.4480419834998962,False
9479,3,0.8422955737113708,1.0,1.0,1,1,1.0,True
9480,2,0.7013751095261604,0.5,1.231578947368421,0,1,0.7143988564635926,False
9481,4,0.540212096182618,0.3333333333333333,1.2352941176470589,1,1,0.57588454915763,False
9482,4,0.2861186154570628,0.14285714285714285,1.0,0,3,0.4976222637673126,False
9483,4,0.30725830112102304,0.3333333333333333,2.857142857142857,0,1,0.47604720841694637,False
9484,3,0.5088386912395589,0.6666666666666666,1.0,0,2,0.8113276930709222,False
9485,2,0.7582880905929849,0.375,1.0,1,2,0.796706800730327,False
9486,3,0.43499203095387096,0.3333333333333333,1.0526315789473684,2,2,0.535790235488167,False
9487,2,0.7655729110894139,1.0,1.1764705882352942,0,1,0.9052455333240346,True
9488,4,0.5559052063633855,0.2857142857142857,1.0606060606060606,1,1,0.7227688979652604,True
9490,3,0.5455203155421414,0.42857142857142855,1.0,2,1,0.6728420399942512,False
9491,3,0.34779483808655437,0.25,1.1029411764705883,0,1,0.5386977877513804,False
9492,4,0.5927065999138424,0.375,1.0,1,2,0.7257433047249803,False
9493,2,0.8653051354634367,0.75,1.0,1,2,0.9500000000000001,False
9494,3,0.7807342497066407,1.0,1.010074074074074,1,3,0.9417432498742747,False
9495,3,0.4520316211607458,0.5,1.0,0,2,0.7175373614498436,False
9496,4,0.8196752291272499,0.6,1.0,1,2,0.9083333333333333,False
9497,3,0.7267261587383365,0.6666666666666666,1.0,1,2,0.9047080362846839,False
9499,2,0.7549271227329101,0.5714285714285714,1.0,0,1,0.9271116240283901,True
9500,3,0.8873141360453001,0.8571428571428571,1.0285714285714285,1,1,1.0,True
9501,2,0.8440455726950605,0.6666666666666666,1.0,1,2,0.9361111111111112,False
9502,2,0.9628436582344856,1.0,1.0,0,2,0.9500000000000001,False
9503,3,0.5225776171032018,0.6,1.0,0,2,0.7894380263775628,False
9504,2,0.9710727182760956,1.0,1.0,0,1,1.0,True
9505,2,0.85066837448195,0.6666666666666666,1.0204081632653061,1,1,0.9861111111111112,True
9506,3,0.8659440231037493,0.8333333333333334,1.0285714285714285,1,1,1.0,True
9507,2,0.34944008661335024,0.3333333333333333,1.0,0,1,0.6541251164850865,False
9508,3,0.9352420220911127,0.8,1.0,0,1,1.0,True
9509,2,0.919773104969158,1.0,1.0,0,2,0.9500000000000001,False
9510,4,0.4845854762501778,0.42857142857142855,1.0,1,2,0.7017271088691238,False
9511,2,0.8668204386116484,0.6666666666666666,1.0,1,1,0.9861111111111112,True
9512,3,0.6068930380482123,0.42857142857142855,1.0,1,2,0.7541446353539959,False
9513,4,0.47871535823768113,0.14285714285714285,1.0,0,1,0.6301637249590062,False
9514,2,0.45567617149324785,0.42857142857142855,1.0,1,1,0.7393374068304395,True
9515,3,0.6951127908435757,0.6666666666666666,1.0020689655172415,0,1,0.9411594500440721,True
9516,3,0.43877461034035575,0.125,1.0,1,1,0.6056057853839619,False
9517,2,0.732776610978353,0.7142857142857143,1.0,0,2,0.9211899761335799,False
9519,2,0.7590683966138687,0.8,1.0,0,2,0.9324578842630867,False
9520,2,0.9532015140930746,1.0,1.0,0,2,0.9500000000000001,False
9521,2,0.8861656051358151,0.8571428571428571,1.0,1,1,1.0,True
9522,2,0.22223972676301137,0.2,1.0398613518197575,0,1,0.5440551209936716,False
9523,3,0.6558470656517258,0.4,1.25,0,1,0.6532201709935969,False
9524,2,0.76517634593962,0.5,1.0,1,2,0.8517422434979326,False
9525,3,0.7009247214153702,0.42857142857142855,1.0,2,1,0.7394439282256349,False
9527,2,0.9267992608097977,0.8,1.0,1,2,0.9500000000000001,False
9528,3,0.5812329511582084,0.375,1.0008340283569641,0,2,0.7208260266868513,False
9529,3,0.5049037373456784,0.2857142857142857,1.1333333333333333,1,1,0.6209111255291002,True
9530,2,0.7792701092337442,0.4,1.0,0,2,0.8161157611001763,False
9531,4,0.344030750065105,0.2857142857142857,1.0,0,1,0.6319655595517116,False
9532,2,0.4588168581154163,0.4444444444444444,1.0,1,1,0.747297171996554,True
9533,2,0.9734967664601676,1.0,1.0,1,1,1.0,True
9534,2,0.6561158835643834,0.6666666666666666,1.0,1,2,0.8744464897815613,False
9535,3,0.1184865161679882,0.1111111111111111,1.1363636363636365,0,3,0.3325524222730531,False
9536,2,0.6839748789792482,0.75,1.0,0,1,0.9502749481339636,True
9537,3,0.6064167704371661,0.2857142857142857,1.0,1,2,0.6944167111397379,False
9538,3,0.7232629607299587,0.42857142857142855,1.0,1,2,0.8040174593604587,False
9539,2,0.806643929705873,0.625,1.0,1,2,0.9187500000000001,False
9540,2,0.737795309912073,0.8,1.0,0,2,0.9233408471051742,False
9541,3,0.7242507269965093,0.42857142857142855,1.0,1,2,0.8044407877604088,False
9542,4,0.7476013899537609,0.75,1.0,1,1,0.9775434528373261,True
9543,2,0.8185936268202738,0.6666666666666666,1.1,0,1,0.9861111111111112,True
9544,2,0.925781232184641,0.8333333333333334,1.0,1,2,0.9500000000000001,False
9545,3,0.39725393065835324,0.2727272727272727,1.0,1,1,0.6493642386804198,False
9546,2,0.7586578794415527,0.625,1.0055555555555555,0,1,0.9510319483320941,True
9548,3,0.9797225690224919,1.0,1.0,1,2,0.9500000000000001,False
9549,4,0.7505627881343089,0.7142857142857143,1.0,1,2,0.9288126234861324,False
9550,2,0.7474610775239734,0.375,1.0,1,2,0.7920666522721792,False
9552,2,0.42774757632421984,0.16666666666666666,1.0,0,2,0.5682410247738721,False
9553,4,0.7475926883445232,0.5714285714285714,1.0,1,2,0.8739682950047957,False
9554,3,0.5566311655407721,0.2857142857142857,4.8,1,1,0.5630800233269976,False
9555,3,0.6362762913263016,0.8,1.0,0,1,0.9298326962827007,True
9556,3,0.23431129427055727,0.2,1.0101010101010102,0,1,0.5492286499254769,False
9557,4,0.46209038279809794,0.6,1.0,0,1,0.8135149259610897,True
9558,2,0.7138266800097662,0.8,1.0285714285714285,2,1,0.8580685771470427,False
9559,3,0.5120806835546271,0.25,1.0395010395010396,1,1,0.6891060072376973,True
9560,4,0.7344075409509371,0.3333333333333333,1.0,1,1,0.8191111683440524,True
9561,3,0.3072898366048842,0.2727272727272727,1.025,1,1,0.6108081983717901,False
9562,4,0.7027694998257248,0.5,1.0222222222222221,1,1,0.874996452306263,True
9563,4,0.6518427018834558,0.42857142857142855,1.25,1,1,0.6634087769976715,False
9564,4,0.56262538426928,0.6,1.0,1,1,0.8566013551630247,True
9565,4,0.4667399292752156,0.2222222222222222,1.0,1,1,0.6581001813295897,False
9566,3,0.4192164421276079,0.375,1.0235294117647058,0,1,0.701390379959451,True
9567,3,0.31545157853360545,0.125,1.0,1,1,0.5527530574667833,False
9568,3,0.1299918881356624,0.125,1.08,0,1,0.473270333010522,False
9569,3,0.4501603065530652,0.2,1.2,1,1,0.5617353694751231,False
9570,4,0.7097376804421002,0.5,1.0,1,1,0.8779828154275668,True
9571,3,0.7768552068705479,0.7142857142857143,1.0,1,1,0.9900808029445205,True
9572,3,0.7924565504305456,0.8,1.0,0,1,0.9967670930416623,True
9573,2,0.6782508263605302,1.0,1.2,0,1,0.8678217827259416,True
9574,4,0.5284995538632269,0.25,1.0,2,1,0.591142665941383,False
9575,3,0.20751269868373118,0.2,1.0714285714285714,0,1,0.5377435375311229,False
9576,3,0.24993185853648933,0.2,1.0,1,1,0.5559231774680192,False
9577,4,0.8243476273681478,0.5,1.0,1,1,0.9166666666666667,True
9578,3,0.8097477998501074,0.75,1.0,1,1,1.0,True
9579,3,0.4333303288061723,0.5,1.0695187165775402,1,1,0.759522521869312,True
9580,3,0.6194423129090264,0.4,1.0211267605633803,1,1,0.7976181341038686,True
9581,3,0.5192765699741057,0.5,1.0,1,1,0.7963566252269977,True
9582,4,0.541426163049912,0.375,1.0003847633705272,1,1,0.7537659746404385,True
9583,4,0.6006727164380007,0.5,1.0011778563015312,1,1,0.8312406879972385,True
9584,3,0.5181490268685904,0.5,7.8125,1,1,0.6358733924674912,False
9585,3,0.5256517941885304,0.6666666666666666,1.0,0,1,0.8685333086204813,True
9586,3,0.33207023526015855,0.2857142857142857,1.0875,0,1,0.6268396246353061,False
9587,2,0.825035175897458,1.0,1.0,1,1,1.0,True
9588,2,0.7625231842112278,1.0,1.0,0,1,0.9839385075190976,True
9589,3,0.39613462958642165,0.4,1.0095238095238095,0,1,0.7019148412513235,False
9590,2,0.8360833850643739,1.0,1.0,1,1,1.0,True
9591,3,0.5916951591921287,0.4444444444444444,1.25,1,1,0.6442450153151451,False
9592,4,0.9008898208783401,1.0,1.0333333333333334,1,1,1.0,True
9593,2,0.7454660130379186,0.5,1.0,2,1,0.7882949579686318,False
9594,4,0.5251453407377665,0.4,1.0,2,1,0.6522051460304714,False
9595,3,0.7012897850425415,0.25,1.008,2,1,0.6651956221610893,False
9596,2,0.8436642086189962,1.0,1.0,1,1,1.0,True
9597,3,0.6914718192706281,0.6,1.0,1,1,0.9118212558778882,True
9599,2,0.6154234521888385,0.6,1.0,0,1,0.8792290985571214,True
9600,4,0.699828115946212,0.42857142857142855,1.25,1,1,0.6839739544531385,False
9601,4,0.5876484310173925,0.625,1.1081081081081081,2,1,0.6927421847217397,False
9602,3,0.16580716405532667,0.08333333333333333,1.0897435897435896,1,1,0.47820307030942566,False
9603,2,0.9076396514725864,1.0,1.0,1,1,1.0,True
9604,3,0.7780613573838733,0.6666666666666666,1.0,1,1,0.9767088357041998,True
9605,2,0.9418421030414387,1.0,1.0,1,1,1.0,True
9606,3,0.6986516822387214,0.4,1.0,1,1,0.8315650066737379,True
9607,3,0.9518473650196642,1.0,1.0,1,1,1.0,True
9608,4,0.6249038158808142,0.3333333333333333,6.0,2,1,0.507181000456857,False
9609,3,0.1419768189117328,0.2222222222222222,1.1304347826086956,1,1,0.4389159911738114,False
9611,3,0.6516821443656333,0.5,1.0169491525423728,0,1,0.8531018713947953,True
9612,2,0.9575233599025832,1.0,1.0,1,1,1.0,True
9613,3,0.6082098339236046,0.6,1.0,1,2,0.8261375478720211,False
9614,3,0.660372467350407,0.375,1.037037037037037,1,1,0.8047429621977935,True
9615,3,0.9507660953289645,1.0,1.0,0,1,1.0,True
9616,3,0.12820579012303226,0.14285714285714285,1.025,1,1,0.47994533862415667,False
9617,2,0.9094264224550148,1.0,1.0,1,1,1.0,True
9618,4,0.8982932140110493,1.0,1.01875,1,1,1.0,True
9619,3,0.6086029971250055,0.5,1.1338983050847458,0,1,0.7546393797202405,True
9620,3,0.5969459851508593,0.375,1.0,1,1,0.777560184112273,True
9621,2,0.8567654787547131,1.0,1.0,1,1,1.0,True
9622,3,0.9769843215869409,1.0,1.0,0,1,1.0,True
9623,4,0.3785415020233635,0.2222222222222222,1.0040160642570282,1,1,0.6203008553645103,False
9624,3,0.7859622246783722,0.75,1.0211267605633803,1,1,0.9939838105764451,True
9625,4,0.5086194970807061,0.3333333333333333,1.0526315789473684,1,2,0.6723448638282392,False
9626,2,0.600941012751495,0.5,1.0,1,1,0.8313556721315931,True
9627,3,0.7153422716650429,0.8,1.0,1,1,0.9637181164278756,True
9628,4,0.1625248530557999,0.14285714285714285,1.0,1,1,0.4946535084524857,False
9630,3,0.5515788965881423,0.25,1.0,0,2,0.6560338128234896,False
9631,2,0.5873634520183267,0.3333333333333333,1.0,1,1,0.7560922730872195,True
9632,3,0.6194833670706933,0.8571428571428571,1.0,0,1,0.9226357287445829,True
9633,2,0.564018091257494,0.5,1.0,0,1,0.8155315629198785,True
9634,4,0.17138080704293804,0.1,1.025,1,1,0.48059177444697343,False
9635,4,0.6667352031900048,0.6666666666666666,1.0,1,1,0.9289976267639704,True
9636,3,0.8451259109134095,0.8,1.0160427807486632,1,1,1.0,True
9637,2,0.9696672310072828,1.0,1.0,1,1,1.0,True
9638,3,0.7428777172618297,0.5,1.0,1,1,0.8921856883503081,True
9639,2,0.8306939607181495,0.5,1.0204081632653061,1,1,0.9166666666666667,True
9640,2,0.7153254103767646,0.5,1.0021276595744681,0,1,0.8803775568281372,True
9641,2,0.7517787442703658,0.4,1.0,1,1,0.8543337475444426,True
9642,4,0.5291149392322234,0.25,1.0,2,1,0.5914064025280957,False
9643,3,0.9561523025346692,1.0,1.0,1,1,1.0,True
9644,4,0.48952225592997706,0.375,1.0,2,2,0.5765214430176093,False
9645,2,0.9127687659343092,0.8,1.0,1,2,0.9500000000000001,False
9646,3,0.6333212790137278,0.375,1.0,0,1,0.7931495957677881,True
9647,3,0.5138989530553697,0.4,13.75,0,1,0.5923852655951585,False
9648,3,0.7488370014905958,0.6,1.0,0,1,0.9364063339721602,True
9649,3,0.801749594713184,1.0,1.0,1,1,1.0,True
9650,3,0.9444011976248315,1.0,1.0023310023310024,1,1,1.0,True
9651,4,0.841340805269973,0.6,1.0,1,2,0.9083333333333333,False
9652,2,0.7804292985838305,0.6666666666666666,1.0,1,1,0.9777236676470384,True
9654,3,0.7007319485656391,1.0,1.0,1,1,0.9574565493852738,True
9655,3,0.951061652394392,1.0,1.0,1,1,1.0,True
9656,4,0.288734410140379,0.14285714285714285,1.0,2,1,0.443743318631591,False
9657,2,0.4712712894983697,0.375,1.0810810810810811,0,1,0.723699600261206,True
9659,4,0.7017966714619431,0.3,1.0,1,1,0.791246192531309,True
9660,2,0.975545939969236,1.0,1.0,0,1,1.0,True
9661,2,0.46196219998708554,0.2857142857142857,1.0294117647058822,1,1,0.6825076095182747,True
9662,4,0.5678143311584618,0.42857142857142855,1.0,2,1,0.6823966181155312,False
9663,3,0.7722265311170848,0.5,1.0,1,1,0.9047637514311316,True
9664,3,0.8804714755646985,1.0,1.12,1,2,0.8700000000000001,False
9665,3,0.5063080857374388,0.375,1.0554089709762533,0,1,0.73871537007795,True
9666,2,0.7750312507061323,0.6666666666666666,1.0,0,1,0.9754102185565965,True
9667,2,0.626641570988232,0.5,1.0,0,1,0.8423701970901947,True
9668,2,0.9093804622743901,1.0,1.0222222222222221,1,1,1.0,True
9669,3,0.6481708224133045,0.5,1.0,1,1,0.8515970191295115,True
9670,2,0.7451531057051575,0.8333333333333334,1.0285714285714285,0,1,0.9764941881593532,True
9671,3,0.2706507648917655,0.1111111111111111,1.0240963855421688,1,1,0.5277656717261006,False
9672,3,0.2750718855692289,0.25,1.1111111111111112,0,1,0.5075308081010981,False
9673,2,0.9304664508950218,1.0,1.0,1,1,1.0,True
9674,2,0.7226701695329919,0.6666666666666666,1.0,0,1,0.9529697551966791,True
9675,3,0.3590450874059637,0.25,1.0,0,1,0.6235193231739844,False
9676,2,0.919730790578514,1.0,1.0,1,1,1.0,True
9677,3,0.03767546476035564,0.0,1.0,0,1,0.44999999999999996,False
9678,3,0.7216672362735691,0.5,1.0,2,1,0.7780954822124821,False
9679,3,0.7261673022259771,0.5,1.0,0,1,0.8850240819063713,True
9680,4,0.6737199805322809,0.3333333333333333,1.0,2,1,0.6881022138789141,False
9681,4,0.5589366575228075,0.5714285714285714,1.0,1,1,0.8431157103669176,True
9682,3,0.6255252374381626,0.6,1.2,0,2,0.7535584350925459,False
9683,2,0.857816792536738,0.8,1.0204081632653061,1,1,1.0,True
9684,3,0.6110462261350204,0.5,1.0,0,1,0.8356864778673898,True
9685,4,0.5292033798050415,0.4,1.0,2,1,0.6539443056307321,False
9686,4,0.8576072279763103,0.6,1.008888888888889,0,1,0.9583333333333333,True
9687,2,0.7738912215135245,0.75,1.0,1,1,0.9888105235057962,True
9688,4,0.6438685462223482,0.5,1.0,2,2,0.6947531864762445,False
9689,3,0.5295135928399582,0.5714285714285714,1.0,2,1,0.7255058255028393,False
9691,2,0.8851808620452992,1.0,1.0,1,1,1.0,True
9692,2,0.9270029744978203,0.8571428571428571,1.0,1,2,0.9500000000000001,False
9693,2,0.3862916675567533,0.4,1.0,0,1,0.6976964289528943,False
9694,3,0.7423841089176085,0.5,1.0,1,1,0.8919741419170704,True
9695,3,0.777141946250671,0.8333333333333334,1.0,1,1,0.9902036912502876,True
9696,3,0.7322399102908558,0.375,1.0,1,3,0.7855432948865574,False
9697,2,0.379004293434913,0.375,1.0,0,1,0.684156601948296,False
9698,2,0.6835114024613761,0.6666666666666666,1.0,0,1,0.9361874264517009,True
9699,4,0.8870820515201139,1.0,1.0227272727272727,1,2,0.9500000000000001,False
9700,2,0.663817821187157,0.5,1.0,0,1,0.8583028757468769,True
9701,3,0.7976694832633736,0.625,1.0,1,1,0.9677512071128744,True
9702,2,0.9161679235136719,1.0,1.0142857142857142,0,1,1.0,True
9704,3,0.5831967101849018,0.2,1.0,1,2,0.6487509710316246,False
9705,3,0.9053201123533571,1.0,1.0,1,1,1.0,True
9706,4,0.3890968077956421,0.125,1.0070671378091873,1,1,0.5843152985790847,False
9707,3,0.898427914866024,0.75,1.0,1,1,1.0,True
9708,3,0.331335135108748,0.3333333333333333,1.0,1,1,0.6463658515545427,False
9709,4,0.6494368876852168,0.5714285714285714,1.0,1,1,0.8819015232936644,True
9710,2,0.8710212523246922,0.75,1.0,1,1,1.0,True
9711,2,0.5172415397738216,0.3333333333333333,1.1578947368421053,0,2,0.5960400249824316,False
9712,3,0.8157169217298594,1.0,1.0,1,1,1.0,True
9713,3,0.8982437013177467,1.0,1.0063829787234042,1,1,1.0,True
9714,4,0.6844957838657962,0.6666666666666666,1.0,1,1,0.9366093041964524,True
9715,3,0.8790174340825704,0.6666666666666666,1.0,1,1,0.9861111111111112,True
9716,4,0.7805060212735974,0.6666666666666666,1.0294117647058822,1,1,0.9777565487997957,True
9717,4,0.32194543464313735,0.25,1.0,1,1,0.607619471989916,False
9718,2,0.7325356875299361,0.8333333333333334,1.0285714285714285,0,1,0.9710867232271154,True
9719,4,0.6469455877973869,0.5,1.0,1,1,0.8510719185798326,True
9720,2,0.7790026296874666,0.7142857142857143,1.0,2,1,0.8860011270089143,False
9721,2,0.42818010238566506,0.75,1.0,1,1,0.8406486153081423,True
9722,3,0.18583249444701064,0.14285714285714285,1.0,1,1,0.5046424976201475,False
9723,4,0.6433650296800534,0.3333333333333333,1.25,1,2,0.5700929492279595,False
9724,4,0.4697432911918943,0.625,1.1428571428571428,1,1,0.7472114105108119,True
9725,2,0.9300908521567999,1.0,1.03125,1,1,1.0,True
9726,3,0.504435554134997,0.3333333333333333,1.2108333333333334,1,1,0.5605517454229353,False
9727,3,0.7947134407593752,0.6,1.0023255813953489,1,1,0.9560676650873514,True
9728,3,0.5451466189344141,0.5,1.031,1,2,0.75744378906713,False
9729,2,0.9484232918645045,1.0,1.0,1,1,1.0,True
9730,3,0.47859667814568163,0.6666666666666666,1.075,0,1,0.8483668303164033,True
9731,3,0.7321581000592947,0.5,1.0,1,1,0.8875915666920787,True
9732,3,0.7157835801930882,0.6666666666666666,1.0,0,1,0.9500183597652918,True
9733,4,0.595581910021948,0.4444444444444444,1.01,1,1,0.805910765670782,True
9734,3,0.7976482416422426,0.7142857142857143,1.009090909090909,1,1,0.998992103560961,True
9735,2,0.82280325254855,1.0,1.0,0,1,1.0,True
9736,3,0.9366479827981956,1.0,1.0133333333333334,1,1,1.0,True
9737,4,0.483100938284351,0.5,1.3333333333333333,0,1,0.6208527830742457,False
9738,2,0.8570870309315596,0.7142857142857143,1.0,1,1,1.0,True
9739,4,0.7825623631146765,0.7142857142857143,1.0,1,1,0.9925267270491471,True
9740,4,0.4266053809922379,0.375,1.0,1,2,0.6545570680442925,False
9741,2,0.9561072478948129,1.0,1.0,1,1,1.0,True
9742,3,0.7515356921320537,0.6,1.0,1,1,0.9375629156756422,True
9743,3,0.5623287227645645,0.5555555555555556,1.0942760942760943,1,1,0.8379556959996282,True
9744,3,0.4886363626871911,0.3333333333333333,1.0,0,1,0.7137806633738755,True
9745,3,0.9509058713603794,1.0,1.0,1,1,1.0,True
9746,3,0.44619738772270384,0.3333333333333333,1.1,0,1,0.6955925312462381,True
9747,4,0.7318448623801854,0.5,1.0227272727272727,1,2,0.8374573219724605,False
9749,3,0.6424691486085886,0.6666666666666666,1.008888888888889,0,1,0.9185978890862205,True
9750,3,0.7171397940351791,1.0,1.0,1,1,0.9644884831579339,True
9751,4,0.4267254357302674,0.25,1.0,2,2,0.4975251867415431,False
9752,4,0.9095581118711921,0.8333333333333334,1.0,1,1,1.0,True
9753,3,0.37338410564574065,0.25,1.054,0,1,0.6296646167053175,False
9754,2,0.7851599187971183,1.0,1.1083333333333334,1,1,0.913639965198765,True
9755,3,0.7022243269281477,0.4,1.0022988505747126,1,1,0.8330961401120633,True
9756,3,0.6261826916827791,0.2857142857142857,1.0,0,1,0.7528878202450006,True
9757,3,0.8958695958779186,1.0,1.0,1,1,1.0,True
9758,2,0.8537182634859505,0.8571428571428571,1.04,0,1,1.0,True
9759,2,0.9464726333881965,1.0,1.0,1,1,1.0,True
9760,2,0.314634299562385,0.14285714285714285,1.0625,1,1,0.5598432712410221,False
9762,4,0.7251753349068988,0.625,1.0188679245283019,1,2,0.8866822863886711,False
9764,3,0.6536961766832444,0.75,1.1363636363636365,0,1,0.8572983614356762,True
9765,4,0.350609677184075,0.25,1.0,1,2,0.5699041473646036,False
9766,2,0.7799705350899749,0.8,1.0,0,2,0.9414159436099893,False
9767,4,0.5843929110621803,0.2857142857142857,1.0,2,2,0.579977914264744,False
9768,4,0.7387351231974103,0.6,1.0294117647058822,1,1,0.932076957560795,True
9769,2,0.8565544431943571,0.8,1.06,1,1,1.0,True
9770,2,0.7876029784559542,0.75,1.0,2,2,0.8396869907668375,False
9771,2,0.6871795103109851,0.3333333333333333,1.0,1,2,0.7488705837840731,False
9772,2,0.9181213770565897,0.8,1.0,1,1,1.0,True
9773,3,0.9010424752049441,1.0,1.0063829787234042,1,1,1.0,True
9774,3,0.8007045186621009,0.6,1.0,0,1,0.9583333333333333,True
9776,4,0.6563542482428646,0.6666666666666666,1.009090909090909,1,1,0.9245486460723389,True
9777,2,0.7583545627868077,0.75,1.0,1,1,0.9821519554800604,True
9778,3,0.642422647059867,0.6666666666666666,1.008888888888889,0,1,0.9185779598510542,True
9780,3,0.7616336499371392,0.6666666666666666,1.0,1,1,0.9696683896555993,True
9781,3,0.8132798985299293,0.6,1.0079575596816976,1,1,0.9583333333333333,True
9782,2,0.8665542103139571,1.0,1.015625,1,1,1.0,True
9783,2,0.705817567907403,0.7142857142857143,1.0032,2,1,0.8546361005317442,False
9784,4,0.7195985729602669,0.3333333333333333,1.0294117647058822,1,1,0.8127644677766224,True
9785,2,0.7817151712504432,0.75,1.0,1,2,0.9421636448216185,False
9786,4,0.5615339386058543,0.42857142857142855,1.0,0,1,0.7847050213072708,True
9787,4,0.77856839588226,1.0,1.0,1,2,0.9408150268066829,False
9788,3,0.9083768989418236,1.0,1.0,1,1,1.0,True
9789,2,0.6849191222896555,0.5714285714285714,1.002865329512894,2,1,0.7921081952669953,False
9790,3,0.7922022919728661,0.5,1.0,1,1,0.913324791797895,True
9791,3,0.7207818689580026,0.3333333333333333,1.0,0,1,0.8132715946327947,True
9792,3,0.5936544551891813,0.625,1.0,1,1,0.8803161950810778,True
9793,2,0.8625158863280648,0.8,1.0285714285714285,1,1,1.0,True
9794,4,0.43484358668603906,0.14285714285714285,1.024229074889868,1,1,0.6113615371511596,False
9796,4,0.5761808759373601,0.3333333333333333,1.0869565217391304,1,1,0.7512997404810908,True
9797,2,0.5199256525881488,0.4,1.024,1,1,0.7549681368234924,True
9799,3,0.8296781223585219,0.75,1.0038610038610039,1,1,1.0,True
9800,2,0.7809778496140899,0.6666666666666666,1.0285714285714285,1,1,0.977958760945721,True
9801,2,0.8409361538686673,0.8333333333333334,1.0,1,1,1.0,True
9802,2,0.7704877855185409,0.8,1.0,1,1,0.9873519080793747,True
9803,4,0.8951536567289379,0.8,1.0,1,2,0.9500000000000001,False
9804,3,0.9720212031457451,1.0,1.0,0,1,1.0,True
9805,4,0.8655422634656603,0.8333333333333334,1.0153846153846153,1,1,1.0,True
9806,2,0.9575031745344942,1.0,1.0,1,1,1.0,True
9807,2,0.9355695693135881,1.0,1.0256410256410255,1,1,1.0,True
9808,3,0.5837190201120956,0.5,1.0,1,2,0.7739748181432792,False
9809,2,0.8814059574464298,0.8333333333333334,1.0,0,2,0.9500000000000001,False
9810,4,0.768064284383983,0.5555555555555556,1.0,1,1,0.9261280795508076,True
9811,2,0.9118797546104429,1.0,1.0142857142857142,0,1,1.0,True
9812,4,0.7242346417586394,0.6,1.0294117647058822,1,1,0.9258624655156074,True
9813,2,0.9698197807773976,1.0,1.0,1,1,1.0,True
9814,3,0.5923562420478947,0.42857142857142855,1.0175054704595186,1,1,0.7979145799252882,True
9815,2,0.8617952593313982,0.75,1.0153846153846153,1,1,1.0,True
9816,3,0.6731893865074625,0.6666666666666666,1.0,1,1,0.931763705328595,True
9817,4,0.7834761927827864,0.6666666666666666,1.0010537407797682,1,2,0.9290294794465911,False
9818,2,0.5552481808790934,0.375,1.25,0,1,0.5996896965672306,False
9819,3,0.7458697308296357,0.625,1.0,2,2,0.7905513132127012,False
9820,3,0.44814848810959285,0.3333333333333333,1.0013351134846462,2,2,0.5414287171263334,False
9821,3,0.6132649904244588,0.4444444444444444,1.1428571428571428,1,2,0.6834892287004295,False
9822,3,0.22972828343406515,0.07692307692307693,1.0,1,2,0.45559783575745644,False
9823,3,0.875758903498009,0.5555555555555556,1.2,1,1,0.8598148148148148,True
9824,3,0.7187007118546179,0.5,1.023076923076923,1,2,0.8318241146043602,False
9825,4,0.8204287912216451,0.6666666666666666,1.0,1,2,0.9361111111111112,False
9826,3,0.2778578909281808,0.3333333333333333,1.08,1,1,0.623447032620014,False
9827,4,0.8030273965757433,0.6666666666666666,1.0,1,2,0.9361111111111112,False
9828,2,0.8672085930181143,0.7142857142857143,1.0153846153846153,1,1,1.0,True
9829,3,0.6377505191285959,0.42857142857142855,1.0,0,1,0.8173692701027315,True
9831,2,0.8506342062701653,0.6666666666666666,1.0,1,1,0.9861111111111112,True
9832,3,0.6837672258847906,0.6666666666666666,1.0,0,1,0.9362970650617357,True
9833,2,0.825120961832193,0.6666666666666666,1.0,1,1,0.9861111111111112,True
9834,4,0.4266481149188196,0.25,1.0017543859649123,1,2,0.6024920492509228,False
9835,3,0.35820400349048637,0.3333333333333333,1.0526315789473684,1,2,0.6078810808610021,False
9836,2,0.8930038357821425,0.6666666666666666,1.0,1,1,0.9861111111111112,True
9837,2,0.8417713085639832,0.6,1.0,1,1,0.9583333333333333,True
9838,2,0.8232045552152064,0.75,1.0035842293906811,1,1,1.0,True
9839,2,0.8030951806949024,0.6,1.0029411764705882,1,1,0.9583333333333333,True
9840,3,0.24838924991076677,0.3,1.0683333333333331,0,1,0.5969287261522334,False
9842,2,0.9395800451678982,1.0,1.003125,1,1,1.0,True
9843,3,0.30590854697572784,0.2857142857142857,1.0,1,1,0.6156274725134071,False
9844,2,0.8485683928118216,0.75,1.0020833333333334,1,1,1.0,True
9845,3,0.6082818085250625,1.0,2.5892857142857144,1,1,0.7578350607964555,False
9846,2,0.5082413728915073,0.25,1.0,1,1,0.6874605883820746,True
9847,2,0.9378972872220186,1.0,1.0,1,1,1.0,True
9848,2,0.7579601373087217,0.7142857142857143,1.009090909090909,1,1,0.9819829159894522,True
9849,3,0.18100746207447735,0.1111111111111111,1.3055555555555556,1,1,0.3293471133758342,False
9850,2,0.9464160771244488,1.0,1.0,1,1,1.0,True
9851,2,0.8555610637222443,0.7142857142857143,1.0,1,1,1.0,True
9852,3,0.2627795923570663,0.125,1.0,1,1,0.5301793491054094,False
9853,3,0.7576852777092317,0.5,1.0,1,1,0.8985317856849089,True
9854,2,0.6347554497756113,0.42857142857142855,1.0023809523809524,1,1,0.8160856689514524,True
9855,2,0.8531639892714855,0.6,1.0,1,1,0.9583333333333333,True
9856,2,0.6289185847940503,0.5,1.0,1,2,0.7933460601498311,False
9857,4,0.1860911040286647,0.0,1.2539184952978057,2,1,0.22189618744085632,False
9858,3,0.6049072679934632,0.3333333333333333,1.0,1,1,0.7636110513622778,True
9859,2,0.8758372476107865,0.6666666666666666,1.0,1,1,0.9861111111111112,True
9860,3,0.742556644792615,0.8,1.0,1,1,0.9753814191968351,True
9861,2,0.9117972655149307,1.0,1.0015625,1,1,1.0,True
9862,3,0.553237048828861,0.5,1.0,0,1,0.81091111616475,True
9863,4,0.7643100866140476,0.5714285714285714,1.0,1,1,0.9311328942631634,True
9864,4,0.6374201401841204,1.0,1.0142857142857142,1,1,0.930322917221766,True
9865,3,0.5604708558168102,0.4,1.0227272727272727,1,1,0.7723446524929187,True
9866,3,0.6211616805299639,0.4444444444444444,1.0,1,1,0.8168735244599317,True
9867,2,0.8730069371489212,0.6666666666666666,1.0,1,1,0.9861111111111112,True
9868,4,0.5903399611946285,0.25,1.28,0,1,0.5626456976548408,False
9869,3,0.6685431178731193,0.16666666666666666,1.0,1,2,0.6714391140091147,False
9870,2,0.49559025276442564,0.6,1.0416666666666667,0,1,0.8278720130895157,True
9872,2,0.8158136783608858,1.0,1.015,1,2,0.9500000000000001,False
9873,4,0.5827742957636164,0.4,1.0343035343035343,1,2,0.7319032696129786,False
9874,3,0.8478581482398782,0.6666666666666666,1.0,0,1,0.9861111111111112,True
9875,2,0.8106125987532529,1.0,1.0,0,1,1.0,True
9877,2,0.7781735275261479,0.4,1.0,0,2,0.8156457975112065,False
9878,2,1.0,1.0,1.0285714285714285,1,1,1.0,True
9879,2,0.7601150756485109,0.6666666666666666,1.0,1,1,0.9690175721033301,True
9880,3,0.8070057708498424,0.8571428571428571,1.1333333333333333,1,1,0.92,True
9881,3,0.9858040744033455,1.0,1.0,0,2,0.9500000000000001,False
9882,3,0.8574210057484458,0.6666666666666666,1.0,1,2,0.9361111111111112,False
9883,2,0.7398492939265677,0.5,1.0,0,1,0.8908877926351957,True
9884,2,0.948742133899944,1.0,1.0,1,1,1.0,True
9886,2,0.9775399919473283,1.0,1.0,1,2,0.9500000000000001,False
9887,2,0.9401731314429547,0.8571428571428571,1.0,1,1,1.0,True
9888,4,0.47328198205521793,0.4,1.25,1,1,0.5749779923093792,False
9889,2,0.9636555029570623,1.0,1.0,1,1,1.0,True
9890,3,0.7759763662333232,0.5714285714285714,1.0,1,1,0.9361327283857099,True
9891,2,0.879105019973727,1.0,1.0,1,1,1.0,True
9892,2,0.937897151929041,1.0,1.0015408320493064,1,1,1.0,True
9893,2,0.6201317230885679,0.2857142857142857,1.0476190476190477,1,1,0.7502945479903387,True
9894,4,0.5513364355326719,0.5,1.25,1,1,0.6500965676092404,False
9895,3,0.8739413400360754,0.8,1.0,1,1,1.0,True
9897,2,0.7612738090041588,0.6666666666666666,1.0,1,1,0.9695141721128935,True
9898,4,0.49847015558645597,0.3333333333333333,1.0256410256410255,0,1,0.717995146044989,True
9899,4,0.5418301474809192,0.3333333333333333,1.0,0,1,0.7365779997140447,True
9900,4,0.6361176104797741,0.3333333333333333,1.0,0,1,0.7769869124278397,True
9901,2,0.510312004549515,0.6666666666666666,1.0,0,1,0.8619591130609032,True
9902,4,0.6799216828237018,0.5714285714285714,1.0,1,1,0.8949664354958722,True
9904,3,0.3514296936232574,0.16666666666666666,1.25,0,2,0.3755333607591738,False
9905,3,0.6421891893173721,0.6666666666666666,1.0,0,1,0.9184779065328421,True
9906,3,0.6565334392597129,0.5,1.0,0,1,0.8551809977779723,True
9907,3,0.021032431474045304,0.0,1.0,0,2,0.39999999999999997,False
9908,4,0.15293896917919136,0.09090909090909091,1.0232558139534884,1,1,0.4726881296482248,False
9910,3,0.2804669524253255,0.16666666666666666,1.0,0,1,0.5551207573886315,False
9911,3,0.2957316110344474,0.0,1.0,0,1,0.5338849761576203,False
9912,4,0.37382836127197044,0.16666666666666666,1.0975609756097562,0,1,0.5951327897514793,False
9913,4,0.4482114008186626,0.42857142857142855,1.0588235294117647,0,1,0.7361382193984745,True
9914,4,0.6430959121699829,0.4,1.025,0,1,0.8077553909299927,True
9915,4,0.5476015571904144,0.5,1.0,0,1,0.8084959054625587,True
9916,4,0.5650378922303051,0.5,1.0417,0,1,0.8159686204796546,True
9917,4,0.655120143692675,0.3333333333333333,1.0,0,1,0.7851308552333687,True
9918,3,0.3712257908835912,0.2,1.0,0,1,0.6079062913310629,False
9919,4,0.44359401309721297,0.375,1.0,1,1,0.711837910374996,True
9920,4,0.5004997865884864,0.125,1.05,0,1,0.6320594323474465,False
9922,3,0.537173759714653,0.2857142857142857,1.0,0,1,0.7147411351158036,True
9923,3,0.43730314224003286,0.4,1.0,0,1,0.7195584895314426,True
9924,2,0.6419432209382179,0.5714285714285714,1.0,1,1,0.8786899518306648,True
9925,2,0.4250622148916623,0.6,1.0,0,1,0.7976457111440458,True
9926,3,0.5173351242540832,0.5,1.0,0,1,0.7955245770612738,True
9927,4,0.6973636113696164,0.3333333333333333,1.0,0,1,0.8032351985234865,True
9928,2,0.6567216071986218,1.0,1.0,0,1,0.9385949745136951,True
9929,4,0.7488490485142372,0.75,1.0,0,1,0.9780781636489588,True
9931,4,0.6414243720202292,0.6,1.0,0,2,0.8403723499134316,False
9932,3,0.38466060726609164,0.3333333333333333,1.025,0,1,0.6692196253362614,False
9933,4,0.5730373407234587,0.4444444444444444,1.25,1,1,0.6362488074000009,False
9934,3,0.44183568861051353,0.5,1.0,0,1,0.7631676760711725,True
9935,3,0.5133988060034791,0.5,1.0638297872340425,0,2,0.7438375835253007,False
9936,3,0.585859092923394,0.5,1.008888888888889,0,1,0.8248919922052642,True
9937,4,0.6859348870531217,0.3333333333333333,1.0,0,1,0.7983371738164172,True
9938,3,0.8643992377784597,0.8333333333333334,8.064516129032258,1,2,0.7900000000000001,False
9939,2,0.4846035289707035,0.25,1.0666666666666667,0,1,0.6773300838445871,True
9940,4,0.43774753816777784,0.2857142857142857,1.0,0,1,0.67212989731,True
9941,4,0.9064620075037069,0.6666666666666666,1.0,1,1,0.9861111111111112,True
9942,4,0.1794933569418504,0.14285714285714285,1.2,0,1,0.42192572440365017,False
9943,3,0.7604103117557647,0.5714285714285714,1.0,1,2,0.8794615621810421,False
9944,3,0.7017752407683547,0.4,1.0,2,1,0.7279036746150092,False
9945,3,0.8371990774120123,1.0,1.0,1,1,1.0,True
9946,3,0.5574625551905172,0.5,1.0,0,1,0.8127220474626027,True
9947,3,0.6194494663329043,0.25,1.0,1,2,0.6851211998569591,False
9948,2,0.47703986960356115,0.5,1.0,0,1,0.7782551822110501,True
9949,3,0.7771515542745984,0.5714285714285714,1.0,1,2,0.8866363804033993,False
9950,3,0.7576586702944066,0.75,1.0,0,1,0.9818537158404599,True
9951,4,0.3547918812714897,0.1111111111111111,1.0,0,1,0.5638261501745537,False
9952,3,0.9507721532465163,1.0,1.0,1,2,0.9500000000000001,False
9953,3,0.8684484070339742,0.75,1.0,1,1,1.0,True
9954,3,0.4563423614319946,0.75,1.0303030303030303,0,1,0.8527181548994263,True
9955,3,0.4174218774211065,0.16666666666666666,1.0,0,1,0.6138157252439662,False
9956,2,0.76195024360562,0.5714285714285714,1.0,1,1,0.9301215329738373,True
9957,4,0.553893459248683,0.3,1.0,1,1,0.7278591015827689,True
9959,4,0.7175110295686085,0.6,1.1428571428571428,0,1,0.8429809174341656,True
9960,4,0.5345642996783642,0.375,1.0,1,1,0.7508251760526323,True
9963,3,0.459946613777518,0.5,1.0303030303030303,0,1,0.7709295011427458,True
9964,4,0.5313838381169707,0.5,1.0114942528735633,1,1,0.8015454544310827,True
9965,4,0.7742926388452159,0.25,1.0285714285714285,1,1,0.8014825595050925,True
9966,2,0.7575147428772054,0.6666666666666666,1.0,0,1,0.9679031437727705,True
9967,4,0.7092532983261363,0.75,1.0,1,1,0.9611085564254869,True
9968,3,0.27680872070340684,0.25,1.0,0,1,0.5882751660157458,False
9969,3,0.661331668882487,0.75,1.0,0,1,0.9405707152353515,True
9970,4,0.5378902739469166,0.5,1.0256410256410255,1,2,0.7543339269296311,False
9971,2,0.9231600498677112,1.0,1.0277777777777777,1,1,1.0,True
9972,3,0.34714025426909434,0.5,1.0,0,1,0.7225839184962786,False
9973,3,0.25336644965873417,0.1111111111111111,1.0416666666666667,1,1,0.5203581080548014,False
9974,3,0.7663098435241809,0.6,1.0,0,1,0.9438946948436966,True
9976,4,0.6218749582926291,0.25,1.0,0,1,0.7361606964111267,True
9977,2,0.3641821579036932,0.4,1.0,0,1,0.6882209248158685,False
9978,4,0.2827582909662007,0.2857142857142857,1.05,0,1,0.6057059342236097,False
9979,3,0.5357072361182112,0.375,1.0256410256410255,1,1,0.7513150059554239,True
9980,3,0.6337809657293773,0.5,1.0,0,2,0.7954299376935426,False
9981,3,0.579197588652548,0.6,1.002439024390244,0,1,0.8637037284701397,True
9982,4,0.8247307786972011,0.5,1.002781641168289,2,1,0.8116666666666668,False
9983,2,0.9478667083094792,1.0,1.0,1,1,1.0,True
9984,4,0.49044420048053017,0.5,1.0,0,1,0.7839998954440368,True
9985,3,0.4987109979189795,0.6,1.0,1,1,0.8292094752986103,True
9986,4,0.6425316497382987,0.5,2.0,2,1,0.5841802308402233,False
9987,3,0.6664800766569609,0.6,1.0,0,1,0.9011105090434595,True
9988,2,0.6553519449987942,1.0,1.0,0,1,0.9380079764280547,True
9989,4,0.5027407905526087,0.375,1.0555555555555556,0,1,0.7371865292844514,True
9990,3,0.431117320207566,0.2857142857142857,1.0318181818181817,0,1,0.6692883753270521,True
9991,3,0.5920270806448574,0.8333333333333334,1.0,0,1,0.910868748847796,True
9992,4,0.6854097196670919,0.5714285714285714,1.1,0,1,0.8973184512858965,True
9993,3,0.5412667618335713,0.16666666666666666,1.0,1,2,0.6168921042778798,False
9994,3,0.556587911941707,0.5,1.0526315789473684,0,1,0.8123472003559697,True
9995,3,0.8553093851214799,1.0,1.0,1,1,1.0,True
9996,4,0.5616789785971129,0.375,2.0214285714285714,2,1,0.497445752732096,False
9997,3,0.5715364379036375,0.75,1.0,1,1,0.9020870448158447,True
9998,4,0.6479848228437034,0.6,1.015531660692951,1,2,0.8431839716949207,False
9999,4,0.4063951814258604,0.5,1.2,1,2,0.6179788872777497,False
10000,3,0.3564105096934685,0.2857142857142857,1.0,0,1,0.6372711708210103,False
10002,4,0.499515765465862,0.5,1.0,0,1,0.7878877090091789,True
10003,2,0.7045639220212021,0.75,1.0,0,1,0.9590988237233724,True
10004,2,0.7374287074099413,1.0,1.0,0,1,0.9731837317471177,True
10005,4,0.842050267033433,0.6666666666666666,1.0294117647058822,0,1,0.9861111111111112,True
10006,4,0.9271694886766392,0.8,1.0,0,1,1.0,True
10007,4,0.5760395449906152,0.42857142857142855,1.0059970014992503,1,1,0.7909217097578827,True
10008,2,0.9777758550603189,1.0,1.0,1,1,1.0,True
10009,3,0.9470563916233155,1.0,1.0,0,1,1.0,True
10010,3,0.7919324498396707,0.75,1.0008628127696289,1,2,0.946542478502716,False
10011,3,0.6163788286537201,0.4444444444444444,1.0,1,1,0.8148237307986843,True
10012,3,0.26428976050726244,0.4,1.0351966873706004,0,1,0.6454098973602553,False
10013,2,0.6976328368049706,0.5714285714285714,1.0256410256410255,1,1,0.9025569300592731,True
10014,2,0.8591107398445967,0.75,1.0,0,1,1.0,True
10015,4,0.7092482994691393,0.25,1.0,0,1,0.7736064140582026,True
10016,2,0.2623598041642668,0.4,1.0,0,2,0.5945827732132573,False
10017,3,0.3898023755498649,0.4,1.0,0,1,0.6992010180927992,False
10018,4,0.565792199704797,0.5,1.0,1,1,0.8162918951115796,True
10019,4,0.4252758492538486,0.4,1.0416666666666667,1,3,0.6644039353945066,False
10020,3,0.44121035172575745,0.2222222222222222,1.0,1,1,0.6471589338083934,False
10021,3,0.6750653246077947,0.4,1.0,1,1,0.8214565676890548,True
10022,4,0.7141906990337646,0.6,1.0,1,1,0.9215579186335181,True
10023,2,0.48977265003583714,0.5,1.0,0,1,0.7837120881105969,True
10024,2,0.7375629571291871,0.6666666666666666,1.0,1,2,0.9093523784521914,False
10025,4,0.7195671202535235,0.8,1.0294117647058822,1,2,0.9155287658229386,False
10026,3,0.44875444590271735,0.6,1.0318181818181817,0,2,0.757799524434498,False
10027,4,0.8149028948946161,0.8,1.0,0,1,1.0,True
10028,3,0.6315269289701584,0.8333333333333334,1.0,0,1,0.927797255272925,True
10029,4,0.6395046844900726,0.5,1.1428571428571428,0,1,0.7678829600195549,True
10030,3,0.80242750408923,0.75,1.0,1,1,1.0,True
10031,3,0.5959417042959687,0.5,1.0,0,1,0.829213111364939,True
10032,3,0.7806780019957221,0.8333333333333334,1.0227272727272727,1,1,0.9917191437124524,True
10033,3,0.42360600183095365,0.5,1.1,0,1,0.7553549531656469,True
10034,2,0.6849639871467222,0.5,1.0,0,1,0.8673655183009763,True
10035,3,0.7555564951471064,0.75,1.0,0,1,0.9809527836344742,True
10037,3,0.6297807645963329,0.5714285714285714,1.0044444444444445,0,1,0.8734774705412855,True
10038,3,0.8235714074212287,1.0,1.0,1,1,1.0,True
10039,2,0.7295406626951574,0.6666666666666666,1.0,0,1,0.9559142522661785,True
10040,2,0.5514771769153823,0.6,1.0034512510785158,1,1,0.8518235520113544,True
10041,3,0.7240293459619163,0.6666666666666666,1.0,0,1,0.9535522593805037,True
10042,2,0.6445949098856463,0.5,1.0,2,1,0.7450644851890866,False
10043,3,0.30791450898906153,0.16666666666666666,1.2,0,1,0.486883995915947,False
10044,3,0.6269970627052298,0.5714285714285714,1.0,1,1,0.8722844554450986,True
10045,4,0.6154057093427403,0.3333333333333333,1.036697247706422,1,1,0.768110383369111,True
10046,3,0.6393225747581014,0.6666666666666666,1.0,1,1,0.9172493574360117,True
10047,3,0.606873605973375,0.6,1.0,0,1,0.8755648787504942,True
10048,4,0.6542289030850956,0.5,1.0,1,2,0.804193339417422,False
10050,2,0.7738409020946757,0.8571428571428571,8.133971291866029,1,2,0.7787889580405755,False
10051,4,0.6098938189135262,0.7142857142857143,7.6923076923076925,1,2,0.7085259223915114,False
10052,4,0.5801287799576074,0.2857142857142857,1.1749347258485638,2,1,0.5481504295056413,False
10053,2,0.47567225849947553,0.5714285714285714,1.0,0,1,0.8074309679283467,True
10054,2,0.6489621471581144,0.6666666666666666,1.1,0,1,0.9213806027503031,True
10055,2,0.9689588528922485,1.0,1.0,1,1,1.0,True
10057,3,0.9690346952548927,1.0,1.0526315789473684,1,1,1.0,True
10058,4,0.5884753723311189,0.2857142857142857,1.0119047619047619,2,1,0.6317275405228605,False
10059,3,0.8196319859442917,0.8571428571428571,1.0,1,1,1.0,True
10060,3,0.3707601346442994,0.2,1.0142857142857142,1,1,0.6077067243713664,False
10061,4,0.8706536699570052,0.6666666666666666,1.0,1,1,0.9861111111111112,True
10062,2,0.9058835882081887,0.8333333333333334,1.0,1,1,1.0,True
10063,4,0.7127335234706367,0.5,1.0,0,1,0.8792667481540823,True
10065,4,0.37859317165767964,0.16666666666666666,1.0,0,1,0.5971748513453548,False
10066,4,0.8483692483764783,0.75,1.0285714285714285,1,1,1.0,True
10067,3,0.3531354162649345,0.25,1.0,0,1,0.6209866069706862,False
10068,4,0.6698752520006369,0.5714285714285714,1.0101010101010102,1,1,0.8906608222859873,True
10069,4,0.5583557811617968,0.375,1.02,0,1,0.7610215252598178,True
10070,3,0.2798217766240141,0.2,1.1875,0,3,0.43873314236267263,False
10071,4,0.4078250435250589,0.2222222222222222,1.0,1,1,0.6328509445795226,False
10072,3,0.32997232009486005,0.2,1.375,0,1,0.43022623242160674,False
10073,4,0.3027377149111474,0.16666666666666666,1.0,1,1,0.5646653698825552,False
10074,3,0.4547219735896145,0.2857142857142857,1.0588235294117647,0,1,0.67940465534793,True
10075,3,0.6265157114842163,0.3,1.000870322019147,1,1,0.758982923969426,True
10076,3,0.7654335287058792,0.6666666666666666,1.0285714285714285,0,1,0.9712969091279164,True
10077,4,0.6273718669298427,0.6,1.0,0,2,0.8343498477318375,False
10078,2,0.6774690988401613,0.6,1.0,0,1,0.9058200899791167,True
10080,4,0.4131664648022095,0.0,1.0,0,1,0.5842141992009469,False
10081,3,0.6940423017664475,0.5714285714285714,1.0,1,2,0.8510181293284776,False
10082,2,0.5706253165638129,0.5714285714285714,1.0009624639076034,1,1,0.8481251356702055,True
10083,2,0.6362259223505459,0.6666666666666666,1.0660909090909092,0,1,0.9159222206899165,True
10085,3,0.565840764760677,0.4,1.0,1,1,0.7746460420402903,True
10086,4,0.5374888750310856,0.42857142857142855,1.0,1,1,0.7743999940609414,True
10087,3,0.8226999623045286,1.0,1.0,0,1,1.0,True
10089,2,0.8172187006710016,0.8571428571428571,1.0044444444444445,0,1,1.0,True
10090,4,0.7341094025639865,1.0,1.0227272727272727,1,2,0.9217611725274227,False
10091,3,0.7219901064311011,0.6666666666666666,1.0,0,1,0.952678299581583,True
10092,3,0.13090990592963003,0.0,1.25,0,2,0.25324710254127003,False
10093,2,0.5747014475647099,0.42857142857142855,1.053740779768177,2,1,0.6853482394324948,False
10094,3,0.896840784021044,1.0,1.0,1,1,1.0,True
10095,4,0.3806652667780438,0.2,1.125,1,1,0.531951781000114,False
10096,4,0.34325890778298496,0.14285714285714285,1.1363636363636365,1,1,0.49211096047842207,False
10097,2,0.8438020190212328,1.0,1.0,1,1,1.0,True
10098,2,0.41567004594507584,0.4,1.0,0,1,0.7102871625478897,True
10100,4,0.5701989503981101,0.42857142857142855,1.0,0,1,0.7884185977896663,True
10101,3,0.3687963402208293,0.42857142857142855,1.125,0,3,0.5721031934279744,False
10102,4,0.8064347764337113,0.7142857142857143,1.0,1,1,1.0,True
10103,4,0.8381796997455316,0.8,1.0285714285714285,0,1,1.0,True
10104,2,0.5435138305534652,0.5714285714285714,1.0666666666666667,1,1,0.8365059273800566,True
10105,2,0.46648474032002485,0.4,1.0,0,1,0.7320648887085821,True
10106,4,0.6954577444627326,0.75,1.0,0,1,0.9551961761983139,True
10107,3,0.8984326500375935,1.0,1.0303030303030303,0,2,0.9500000000000001,False
10108,2,0.6322149858989232,0.6363636363636364,1.0014836795252224,1,1,0.9015769852986728,True
10109,3,0.5393759845161743,0.5,1.0277777777777777,1,1,0.8049706600307414,True
10110,2,0.6417193980105772,0.5714285714285714,1.0119047619047619,0,1,0.8785940277188189,True
10111,4,0.30793315701165946,0.0,1.0,1,2,0.489114210147854,False
10112,3,0.8826379829511204,1.0,1.0077922077922077,0,1,1.0,True
10113,4,0.8101955712110401,0.8571428571428571,1.02,1,1,1.0,True
10114,3,0.9533620438910773,1.0,1.0,0,1,1.0,True
10115,2,0.661541184649429,0.5,1.0028612303290414,1,2,0.8073271743735649,False
10116,3,0.4609493315548202,0.6,1.125,0,1,0.7330259039996848,True
10117,4,0.2845996616511388,0.2222222222222222,1.0,0,1,0.5800400666335568,False
10118,3,0.49779575116319646,0.6,1.0,0,1,0.828817226688989,True
10119,4,0.6067939840134705,0.5,1.0,0,1,0.8338640883867254,True
10120,3,0.8785105066481013,0.8571428571428571,1.1842105263157894,1,2,0.8700000000000001,False
10121,4,0.775883872976997,0.5714285714285714,1.0,1,1,0.9360930884187131,True
10122,4,0.6076061014592845,0.3333333333333333,1.0869565217391304,1,1,0.7647676942762014,True
10123,4,0.7785677810910056,0.8333333333333334,1.04,1,1,0.9908147633247166,True
10124,2,0.5913259547218946,0.5,1.0,1,1,0.8272349329760502,True
10126,4,0.9230148188449956,1.0,1.0277777777777777,1,1,1.0,True
10127,2,0.7139259081056372,0.6666666666666666,1.0,1,1,0.9492222145849556,True
10128,4,0.7581994417744422,0.8,1.0,1,1,0.9820854750461896,True
10129,2,0.3516693545395864,0.5,1.0526315789473684,2,1,0.6195249614693465,False
10130,3,0.5997918264754928,0.3333333333333333,1.1111111111111112,0,1,0.6814187192831477,True
10131,3,0.5045680405081314,0.4,1.0256410256410255,0,1,0.7483863030749135,True
10132,3,0.6422127976198976,0.5,1.0,0,1,0.849043579932337,True
10133,3,0.3680999513583858,0.3333333333333333,1.0,0,1,0.6621222013758161,False
10134,2,0.3541608881810854,0.25,1.0,0,2,0.5714260949347509,False
10135,4,0.34624929133694143,0.0,1.0,1,2,0.5055354105729749,False
10136,2,0.9563256335684281,1.0,1.0,0,1,1.0,True
10137,2,0.5215967581261495,0.3333333333333333,1.0,1,1,0.7279065471334292,True
10138,3,0.5098811301555466,0.4,1.0,1,1,0.7506633414952344,True
10139,3,0.35964938048748635,0.5,1.0,0,1,0.7279449725898751,False
10140,3,0.42165775946450784,0.2222222222222222,1.0,1,1,0.638779251410715,False
10141,3,0.6185440839241114,0.5555555555555556,1.0,1,1,0.8620479936394341,True
10142,3,0.7809760687208299,0.6,1.0,1,1,0.9501802199279747,True
10144,3,0.9035477986019117,0.8,1.0,0,1,1.0,True
10145,3,0.0705383832116066,0.1111111111111111,1.0294117647058822,2,1,0.3496296296296296,False
10146,2,0.44529449910599395,0.4,1.0,0,1,0.7229833567597117,True
10147,2,0.39099335963677173,0.42857142857142855,1.05,0,1,0.7116162017490926,False
10149,3,0.826569484704961,0.75,1.0,1,1,1.0,True
10150,3,0.722769843300422,0.4,1.0,0,1,0.8419013614144666,True
10151,3,0.6999315649332546,0.8,1.0,0,1,0.9571135278285376,True
10153,2,0.7488751557995117,0.5,1.0,0,1,0.8947560191521717,True
10154,2,0.773963204915968,1.0,1.0,0,1,0.9888413735354149,True
10155,4,0.44079106410927843,0.25,1.0,1,2,0.6085533131896909,False
10156,3,0.793439967847743,0.6,1.0,0,1,0.955521890982366,True
10157,2,0.6915211255594415,1.0,1.0,0,1,0.9535090538111892,True
10158,4,0.600926207548313,0.7142857142857143,1.0266666666666666,1,1,0.9146826603778484,True
10159,4,0.3504247072377537,0.1111111111111111,1.2121212121212122,0,1,0.4019545041600955,False
10160,3,0.8405668666764317,1.0,1.001410437235543,1,1,1.0,True
10161,2,0.5855798893894665,0.3333333333333333,1.0,0,1,0.7553278891034221,True
10162,3,0.7121103359533623,0.7142857142857143,1.0357894736842106,0,1,0.9623330011228695,True
10163,3,0.5751654162944222,0.42857142857142855,1.125,0,1,0.7105470831738,True
10164,4,0.4137436124528797,0.2,1.0,0,1,0.626128214860758,False
10165,3,0.3919905726622033,0.25,1.0,0,1,0.6376388168552299,False
10166,3,0.834223254336556,1.0,1.0,0,1,1.0,True
10167,4,0.17732449984913404,0.08333333333333333,1.3461538461538463,0,2,0.2731390713639146,False
10168,4,0.6884491740460916,0.6666666666666666,1.0,1,2,0.8883036142737218,False
10169,4,0.3732626546275668,0.2,1.027027027027027,0,1,0.6087792329356239,False
10171,4,0.8299860109861759,0.75,1.0,1,3,0.9500000000000001,False
10172,3,0.8904529233824041,0.42857142857142855,1.0,1,1,0.8869047619047619,True
10173,3,0.6671491920742065,0.6666666666666666,1.012,1,1,0.9291750505714853,True
10174,4,0.45388826510196945,0.2857142857142857,1.0,0,1,0.6790473517103678,True
10175,3,0.8612725311775039,0.5714285714285714,1.0,1,1,0.9464285714285714,True
10176,4,0.04475323035156462,0.0,1.1864406779661016,0,2,0.32,False
10177,3,0.7647370764713501,0.2857142857142857,1.0,0,2,0.762268270868674,False
10179,2,0.9103396334353268,0.6666666666666666,1.0,1,1,0.9861111111111112,True
10180,2,0.5685493116403325,0.3333333333333333,1.0,0,1,0.748029070068079,True
10181,4,0.807445548031706,1.0,1.0,1,1,1.0,True
10182,2,0.5705667163181195,0.3333333333333333,1.0294117647058822,0,1,0.7488936720728449,True
10183,3,0.7556270456738264,0.6666666666666666,1.0272727272727273,0,1,0.9670941306856082,True
10184,3,0.3217021886039969,0.2857142857142857,1.038,1,1,0.6223961760683796,False
10185,2,0.7304453199812868,0.6,1.011764705882353,0,1,0.9285241847538848,True
10186,2,0.9640453806298434,1.0,1.0,1,1,1.0,True
10187,4,0.5703581271169552,0.2857142857142857,1.0285714285714285,1,1,0.7289630068596474,True
10188,4,0.49803844312359413,0.125,1.006269592476489,0,2,0.5810045708624928,False
10189,3,0.6933219026690839,0.5,7.5,1,1,0.7109474820962741,False
10190,3,0.6796317869908607,0.5,8.75,1,1,0.7050802896627498,False
10191,2,0.5634098925671697,0.3333333333333333,1.012,1,1,0.7458264618938664,True
10192,3,0.7164068085686635,0.8,1.0,0,1,0.9641743465294272,True
10193,2,0.6314944257422627,0.5714285714285714,1.0,0,1,0.8742118967466841,True
10194,3,0.3940315966546556,0.3333333333333333,1.008888888888889,0,2,0.6232357636456461,False
10195,3,0.8025737810349519,0.5555555555555556,1.0,1,1,0.9398148148148149,True
10197,2,0.2349205698219459,0.42857142857142855,1.1904761904761905,0,1,0.5647278632570244,False
10198,3,0.27304168598589346,0.0,1.0,0,1,0.5241607225653829,False
10199,4,0.4220222114157572,0.5,1.0,0,1,0.7546761858448483,True
10200,3,0.6262297333496115,0.5,1.0,1,1,0.8421936952450717,True
10201,3,0.6004825256005785,0.8333333333333334,1.0,0,1,0.9144925109716766,True
10202,4,0.5896366776980577,0.6,1.145374449339207,0,1,0.7881776237753582,True
10203,4,0.5801753776840195,0.5,1.0,0,2,0.7724561142455323,False
10204,2,0.7156350437285648,0.8,1.0016129032258065,1,1,0.9638435901693849,True
10205,2,0.7168066187230583,0.8,1.0,0,1,0.9643456937384536,True
10206,4,0.4559602728421073,0.375,1.0444444444444445,1,1,0.7171377359799508,True
10207,2,0.7919309596460268,0.8,1.0149253731343284,1,1,0.9965418398482973,True
10208,2,0.4168692468649128,0.4,1.0,0,2,0.6608011057992484,False
10209,3,0.3729206772630467,0.2857142857142857,1.0,0,1,0.6443469569222581,False
10210,4,0.702148182220141,0.625,1.0,1,1,0.9268135066657748,True
10211,4,0.6828560549730274,0.8333333333333334,1.0,1,2,0.8997954521312975,False
10212,2,0.7153101148009352,0.14285714285714285,1.0,0,1,0.7315614777718293,False
10213,3,0.7172787736371831,0.6,1.0,0,1,0.9228813791778403,True
10214,2,0.9428700314012239,1.0,1.0,1,1,1.0,True
10215,2,0.6143536072620279,0.25,1.0,0,1,0.7329372602551548,True
10216,2,0.9397818429652277,1.0,1.0,0,1,1.0,True
10217,2,0.6342385388839938,0.5,1.0,1,1,0.8456260404740927,True
10218,4,0.6340409616425831,0.3333333333333333,1.0,0,1,0.7760969200690435,True
10219,2,0.716385504712269,1.0,1.0294117647058822,0,1,0.9641652163052581,True
10221,2,0.5688909383378397,0.75,1.0526315789473684,0,1,0.9009532592876457,True
10222,3,0.9083694615453343,0.8,1.0,1,1,1.0,True
10225,3,0.688028034833232,0.75,1.0,1,1,0.952012014928528,True
10226,2,0.7770494734538984,0.4,1.0024137931034482,2,1,0.7601640600516708,False
10227,4,0.8545071401689751,0.8,1.0,1,2,0.9500000000000001,False
10228,2,0.966467979823397,1.0,1.0,0,1,1.0,True
10229,4,0.7735916862815805,0.75,1.0,1,2,0.9386821512635345,False
10230,2,0.3480266378944082,0.5,1.0526315789473684,2,1,0.6179637971928417,False
10231,2,0.5765809854750259,0.5555555555555556,1.0,1,1,0.844063808589826,True
10232,2,0.8764477923943613,0.75,1.0,0,1,1.0,True
10233,2,0.8529394477219062,0.8,1.0,0,1,1.0,True
10234,2,0.6515440044225178,0.5,1.0,0,1,0.8530426685620315,True
10235,2,0.7547631895551672,0.8,1.0133333333333334,1,1,0.980612795523643,True
10236,3,0.5019716594719253,0.6666666666666666,1.1176470588235294,1,1,0.7783846794562219,True
10237,3,0.4389576945051532,0.4,1.0332999999999999,0,1,0.7202675833593514,True
10238,2,0.6878673047933446,0.5,1.0,1,1,0.8686097972923859,True
10239,4,0.8127784529050938,0.7142857142857143,1.0,1,2,0.9500000000000001,False
10240,3,0.7686446244685765,0.6666666666666666,1.0,1,1,0.9726730930262153,True
10241,2,0.5826467730556293,0.6666666666666666,1.0,0,1,0.8929597281349522,True
10242,4,0.8063384362431666,0.75,1.0,0,2,0.9500000000000001,False
10243,3,0.5240207060332298,0.42857142857142855,1.0,1,1,0.768627921633289,True
10244,2,0.7818991256257736,0.5,1.0149253731343284,0,1,0.9089091490777126,True
10245,3,0.6529782827657472,0.42857142857142855,1.0273972602739727,0,1,0.8238954545186536,True
10246,3,0.9059603390189259,1.0,1.0,0,1,1.0,True
10247,3,0.7858043602365786,0.5555555555555556,1.018181818181818,1,1,0.93373096920192,True
10248,2,0.8847367146095502,1.0,1.0007407407407407,1,1,1.0,True
10249,3,0.5217191096306842,0.4,1.0483870967741935,0,1,0.7557367612702932,True
10250,2,0.647436963648113,0.25,1.0,0,1,0.747115841563477,True
10251,4,0.8074621387532579,0.6666666666666666,1.0169491525423728,1,1,0.9861111111111112,True
10252,3,0.8331666108962743,0.6666666666666666,1.0222222222222221,1,1,0.9861111111111112,True
10253,3,0.884347433997996,1.0,1.0,1,1,1.0,True
10254,4,0.6380647273564801,0.6,1.1111111111111112,1,1,0.8089325022003963,True
10255,2,0.4295882504131284,0.125,1.0101010101010102,0,1,0.6016687739865788,False
10256,2,0.6642151095237108,0.3333333333333333,1.0,0,1,0.7890286977323839,True
10257,4,0.7429675487737744,0.4,1.0,1,1,0.8505575209030463,True
10258,3,0.49010784681692654,0.5,1.0,0,1,0.7838557438739209,True
10259,2,0.885229930718719,0.6,1.0222222222222221,0,1,0.9583333333333333,True
10260,4,0.7409970795765957,0.25,1.0222222222222221,2,1,0.6822130341042554,False
10261,2,0.7403359254952087,0.7142857142857143,1.0,0,2,0.9244296823550894,False
10262,3,0.7183580731266133,0.6,1.0,1,2,0.8733439361018819,False
10263,3,0.6050790721420127,0.42857142857142855,1.0,0,1,0.803367221394196,True
10264,4,0.4040777567235316,0.14285714285714285,1.0,2,1,0.49317618145294206,False
10265,2,0.8321321715593628,0.6,1.0,1,1,0.9583333333333333,True
10266,4,0.8676131460278298,0.8333333333333334,1.0,0,2,0.9500000000000001,False
10267,2,0.6442905000251552,0.5,1.0,0,1,0.8499340238203046,True
10268,3,0.6914857319343598,0.75,1.0027855153203342,1,1,0.9534938851147257,True
10269,3,0.74938371415295,0.5,1.0227272727272727,2,1,0.7899739727322168,False
10270,2,0.953875637636281,1.0,1.0,0,1,1.0,True
10271,3,0.8121413288887095,1.0,1.0,0,1,1.0,True
10272,2,0.6705368780010923,0.42857142857142855,1.0,1,1,0.8314205667623729,True
10273,3,0.9642257589888255,1.0,1.0,1,2,0.9500000000000001,False
10274,3,0.837780678483704,1.0,1.0,0,1,1.0,True
10275,3,0.9663353440342934,1.0,1.0,1,1,1.0,True
10276,3,0.5466612261458049,0.2857142857142857,1.0166666666666666,1,1,0.7188071921577259,True
10277,2,0.5190896837778808,0.42857142857142855,1.0,0,1,0.7665146263809965,True
10279,2,0.46611449895711604,0.5,1.0,0,1,0.7735728805054307,True
10280,3,0.71937146442325,0.5,1.0,0,2,0.8321115799909168,False
10281,3,0.6343683300475094,0.6,1.12,1,1,0.8073483319251231,True
10282,3,0.75749974787069,0.7142857142857143,1.0303030303030303,0,2,0.9317856062302957,False
10283,2,0.5282500814948,0.25,1.037037037037037,0,1,0.6960357492120571,True
10284,3,0.40257924172808074,0.3333333333333333,2.111111111111111,1,1,0.5168990401056853,False
10285,2,0.9563166522090852,1.0,1.0,1,1,1.0,True
10286,3,0.2485266232153403,0.3333333333333333,1.0227272727272727,0,2,0.560876489314511,False
10287,2,0.4643102982979494,0.125,1.0,1,1,0.6165496516515021,False
10288,3,0.7248521429075914,0.4444444444444444,1.0,1,1,0.8613122940503435,True
10289,2,0.8119001084576755,0.75,1.0,1,1,1.0,True
10290,2,0.8358029329756582,1.0,1.0,1,1,1.0,True
10291,2,0.5105087383053704,0.42857142857142855,1.0,1,1,0.7628370783213492,True
10292,2,0.9656987625581468,1.0,1.0,1,1,1.0,True
10293,2,0.7789347024603797,0.75,1.0,0,1,0.9909720153401627,True
10294,2,0.8711379118789542,1.0,1.0,0,1,1.0,True
10295,3,0.259416809049093,0.1111111111111111,1.0,1,1,0.522951119222098,False
10296,3,0.5019059192288863,0.25,1.1545454545454545,1,1,0.604745393955237,True
10297,2,0.7879660122429761,1.0,1.1428571428571428,0,1,0.9148425766755611,True
10298,2,0.8446502088121892,0.7142857142857143,1.0256410256410255,1,1,1.0,True
10299,4,0.5833128800792359,0.3333333333333333,1.005413766434648,2,2,0.5993563136847521,False
10301,3,0.9674935249352102,1.0,1.0,1,1,1.0,True
10302,2,0.5269469685989591,0.5,1.04,1,1,0.7996439389233634,True
10303,3,0.7031430549214406,0.5,1.0,1,1,0.8751565473472841,True
10304,4,0.23353973298226163,0.4,1.0,0,1,0.632231314135255,False
10305,2,0.7740000478602472,1.0,1.0318181818181817,0,2,0.9388571633686774,False
10306,4,0.6900027561201989,0.7142857142857143,1.0,1,1,0.9528583240515138,True
10307,2,0.967238655051114,1.0,1.0,0,1,1.0,True
10308,2,0.9220272239559696,0.6666666666666666,1.0,0,1,0.9861111111111112,True
10309,3,0.7766462492861991,0.5555555555555556,1.0,1,1,0.9298060645089001,True
10310,4,0.236446512445222,0.2222222222222222,1.3333333333333333,1,1,0.39940300268816387,False
10311,4,0.979112609027074,1.0,1.0,1,1,1.0,True
10313,3,0.7594783184128501,0.5,1.0,1,1,0.8993002317007452,True
10315,2,0.6760216385083146,0.5714285714285714,1.0,1,1,0.8932949879321348,True
10316,3,0.6969151076202054,0.6,1.0,2,1,0.8091540937419928,False
10317,3,0.6588273235175058,0.5,1.0606060606060606,1,1,0.856164091031312,True
10318,3,0.7596386086351713,0.6666666666666666,1.0,0,1,0.968813371954756,True
10319,3,0.825177070237526,0.7142857142857143,1.0,1,1,1.0,True
10320,3,0.496347849328283,0.3333333333333333,1.0357894736842106,0,1,0.7170855862200578,True
10323,2,0.9317214630353374,1.0,1.0,1,1,1.0,True
10324,2,0.8537404715438333,1.0,1.0,0,1,1.0,True
10325,4,0.32329204128272826,0.4,1.0,1,1,0.6706965891211693,False
10326,3,0.4912460771875799,0.2,1.25,0,1,0.49934355688991516,False
10327,3,0.7948642989635474,1.0,1.0,1,2,0.9477989852700918,False
10328,3,0.6426264347831658,0.75,1.0190000000000001,1,1,0.9325541863356426,True
10329,4,0.5129117602823281,0.3333333333333333,1.1428571428571428,0,1,0.6441844052003628,True
10330,2,0.9485392621859587,0.8333333333333334,1.0,0,1,1.0,True
10331,3,0.7095726454305603,0.5,1.0222222222222221,2,1,0.7729120861369069,False
10332,2,0.4283170641505109,0.3333333333333333,1.0714285714285714,1,1,0.687929535429584,True
10333,2,0.9718128586863701,1.0,1.0,0,1,1.0,True
10334,2,0.5401488762664949,0.42857142857142855,1.0,1,1,0.7755399945904027,True
10335,3,0.35927294205786864,0.3333333333333333,1.0,0,2,0.6083391973898803,False
10336,2,0.11934591338725149,0.2,1.1142857142857143,0,1,0.4199577724040602,False
10337,3,0.13194012691425014,0.2,1.0,0,1,0.5053552924870596,False
10338,2,0.8018293098670423,0.8,1.0,1,1,1.0,True
10339,2,0.4061124148947396,1.0,1.0810810810810811,0,1,0.8311910349548883,True
10340,2,0.740574947366312,0.5714285714285714,1.0,1,1,0.9209606917284194,True
10341,3,0.7458314454108156,0.8333333333333334,1.0,1,1,0.9767849051760638,True
10342,3,0.8154984223229114,0.625,1.0,0,1,0.96875,True
10343,2,0.9532609794336266,1.0,1.0,0,1,1.0,True
10344,4,0.7654073667759452,0.6666666666666666,1.0,1,1,0.9712856968722305,True
10345,3,0.6241343042682139,0.5,1.0294117647058822,1,1,0.841295654210187,True
10346,4,0.6929065464563905,0.625,1.2,1,2,0.7928528056241675,False
10347,2,0.8892391687622129,0.6666666666666666,1.027027027027027,1,1,0.9861111111111112,True
10348,3,0.014513963721092728,0.0,1.135,0,1,0.37,False
10349,3,0.5321043640335765,0.7142857142857143,1.0,0,1,0.8851875845858186,True
10350,3,0.7589470125932457,0.6666666666666666,1.0,1,1,0.9685169736510735,True
10351,3,0.31870036548371344,0.2,1.0735294117647058,0,1,0.5853953947311152,False
10352,4,0.2845570626971107,0.14285714285714285,1.040061633281972,2,1,0.44195302687019034,False
10353,3,0.42676508743169905,0.42857142857142855,1.0757575757575757,1,2,0.676946942232633,False
10355,4,0.5698239616035745,0.18181818181818182,5.0,1,1,0.525444035492441,False
10356,3,0.6482780518187038,0.42857142857142855,1.0,1,2,0.7718810698270636,False
10357,2,0.851375918939486,0.625,1.0,1,1,0.96875,True
10358,2,0.9202708398792147,1.0,1.0,1,1,1.0,True
10359,3,0.8755726311614264,0.8,1.0,1,1,1.0,True
10361,3,0.7027774679891942,0.6666666666666666,1.0,0,1,0.9444443116779087,True
10362,3,0.3743294511694794,0.25,1.003076923076923,0,1,0.6300697647869198,False
10363,3,0.29892883926947517,0.14285714285714285,1.0,0,1,0.5531123596869179,False
10364,2,0.7486416166172213,0.6,1.0007407407407407,2,1,0.8313225975978569,False
10365,4,0.29668303451718325,0.14285714285714285,1.0795454545454546,1,1,0.5521498719359357,False
10366,3,0.4003997239858563,0.0,50.0,0,1,0.41874273885108126,False
10367,4,0.35391530439087043,0.25,1.03125,0,1,0.6213208447389444,False
10368,2,0.8640317064833859,0.6666666666666666,1.0,2,1,0.8811111111111112,False
10369,3,0.8536134484840172,1.0,1.0,1,1,1.0,True
10370,2,0.606784607851772,0.5,1.0,2,1,0.7288600700317118,False
10371,2,0.5606369988214934,0.4444444444444444,1.0,1,1,0.7909343751563014,True
10373,3,0.7423705785576661,0.75,1.0,0,1,0.975301676524714,True
10375,3,0.6912434849454576,1.0,1.0555555555555556,0,1,0.9533900649766247,True
10376,4,0.9319974513583869,1.0,1.0277777777777777,1,1,1.0,True
10377,4,0.47808167465208995,0.4,1.0,0,1,0.7370350034223243,True
10378,2,0.9685106451425356,1.0,1.0,1,1,1.0,True
10379,4,0.3615336488123377,0.25,1.0178571428571428,0,1,0.6245858494910018,False
10381,2,0.7101506415339098,0.7142857142857143,1.0,1,1,0.9614931320859614,True
10382,3,0.7384207477243042,0.8333333333333334,1.0035211267605635,1,1,0.9736088918818446,True
10383,2,0.8716253877779985,0.8,1.0185185185185186,1,2,0.9500000000000001,False
10384,4,0.6005604153676707,0.3333333333333333,1.0091743119266054,1,1,0.7617481145226526,True
10385,3,0.6883129718461625,0.8,1.0,0,1,0.9521341307912126,True
10386,2,0.9081168605400742,1.0,1.0,1,2,0.9500000000000001,False
10387,3,0.5220549312211561,0.3333333333333333,1.0285714285714285,0,1,0.7281029070312891,True
10388,4,0.2735210696078369,0.14285714285714285,1.125,0,1,0.46222331554621576,False
10389,2,0.639951118278468,0.7142857142857143,1.0,1,1,0.9314076221193435,True
10390,2,0.7604423587661542,0.5,1.0,1,1,0.8997133918521614,True
10391,3,0.8796582166124193,0.8571428571428571,1.25,1,1,0.8400000000000001,False
10392,2,0.953613769978834,1.0,1.0,1,1,1.0,True
10393,3,0.4271722409231348,0.25,1.0,1,1,0.6527166746813435,True
10394,3,0.4976728103726022,0.6,1.0625,0,1,0.8287645377787343,True
10395,3,0.45310426286005273,0.4444444444444444,1.1267605633802817,1,1,0.6648489168871126,True
10396,2,0.7545633558516509,0.6666666666666666,1.0,1,1,0.9666382636189614,True
10397,2,0.770690031593569,0.75,1.0,0,1,0.9874385849686724,True
10399,3,0.34609267407003225,0.2857142857142857,1.1647058823529413,1,1,0.552849241268109,False
10400,3,0.7577638453904759,0.75,1.0,0,1,0.9818987908816326,True
10401,3,0.7947519861998633,0.5714285714285714,1.0026954177897573,1,1,0.9441794226570843,True
10402,2,0.918433681404584,0.8571428571428571,1.0,1,1,1.0,True
10403,2,0.7848226908394045,1.0,1.0,1,1,0.9934954389311734,True
10404,2,0.58970955239568,0.5,1.0,0,1,0.8265421891219582,True
10405,2,0.7450694325530872,0.6666666666666666,1.015625,0,1,0.9625694393481485,True
10406,2,0.6041467640968659,0.5,1.0,1,1,0.8327295655653235,True
10408,3,0.4662850722913947,0.4,1.0,0,1,0.731979316696312,True
10410,2,0.37496835912964166,0.2857142857142857,1.0,1,2,0.5952245348650845,False
10411,2,0.5162172377651136,0.5,1.02,0,1,0.7950454828517154,True
10412,2,0.8365701917946551,0.6666666666666666,1.0,1,2,0.9361111111111112,False
10413,2,0.3940116964474875,0.5,1.008888888888889,0,1,0.7426716794298756,False
10414,2,0.9735935393522107,1.0,1.0,1,1,1.0,True
10415,2,0.3695671817966477,0.4,1.0360714285714288,0,1,0.6905287921985633,False
10416,2,0.8410978792819657,0.75,1.0,1,1,1.0,True
10417,4,0.551655282325378,0.5,1.0,1,1,0.8102332162346859,True
10418,2,0.9648659068560098,1.0,1.0,0,1,1.0,True
10419,3,0.7975820095188847,0.6666666666666666,1.0,1,1,0.9850748294763474,True
10420,2,0.7315737291577478,0.8,1.0,0,1,0.9706744553533204,True
10421,2,0.7476143301785604,0.6,1.0,1,1,0.9358823319812879,True
10422,4,0.4819634010769365,0.5,1.0,1,1,0.7803652671282109,True
10423,4,0.5366678751445175,0.6,1.0625,1,1,0.8454767083952694,True
10424,3,0.7000698602290177,1.0,1.015,1,2,0.9071727972410076,False
10425,2,0.5032280902682088,0.4,1.0396039603960396,1,1,0.7478120386863752,True
10426,3,0.31247883755677824,0.2222222222222222,1.0,0,1,0.5919882848788309,False
10427,2,0.5567379259294016,0.42857142857142855,1.0,1,2,0.732649587303077,False
10428,4,0.48323314069972045,0.375,1.0,1,1,0.7288261079189278,True
10429,4,0.46026577434412014,0.4444444444444444,1.0,1,1,0.7479181360945699,True
10430,2,0.9433995879542575,1.0,1.0,0,1,1.0,True
10431,3,0.5320720716975842,0.2222222222222222,1.0,0,1,0.6860996709391763,False
10432,4,0.7079689739837682,0.42857142857142855,1.0,1,2,0.7974628936120912,False
10434,4,0.14989337681024964,0.125,1.0555555555555556,2,1,0.3767995424424879,False
10436,4,0.5790251670979641,0.3333333333333333,1.0,1,2,0.702518722407064,False
10437,3,0.8625916162761481,0.8,1.0,0,1,1.0,True
10438,3,0.5147886163205508,0.3333333333333333,1.1666666666666667,0,1,0.6449887720738868,True
10439,3,0.8818493346768052,0.8,1.0,0,1,1.0,True
10440,4,0.4449535184126413,0.4,1.1428571428571428,1,1,0.6428372221768462,True
10441,3,0.21951946019383484,0.4,1.0775862068965518,1,2,0.5762226257973578,False
10442,3,0.6465131415391263,0.4,1.0,1,1,0.8092199178024828,True
10443,2,0.7370059262794675,0.6,1.0769230769230769,0,1,0.9313358731673909,True
10444,2,0.8394585759243762,0.6,1.0227272727272727,0,2,0.9083333333333333,False
10445,3,0.4070746633201184,0.2,1.08,0,1,0.6232700938038602,False
10446,3,0.8339527665991736,0.6666666666666666,1.0,1,2,0.9361111111111112,False
10447,3,0.918998322387809,1.0,1.0142857142857142,0,1,1.0,True
10448,3,0.41002208125450446,0.4,1.0,0,1,0.7078666062519305,True
10449,2,0.6806202816451166,0.8,1.0,0,1,0.9488372635621929,True
10450,3,0.8516391901735753,0.75,1.0,0,2,0.9500000000000001,False
10451,2,0.6713463620045951,0.4444444444444444,1.019108280254777,1,1,0.8383812450919164,True
10452,2,0.6989429936050706,0.5714285714285714,1.0,1,1,0.9031184258307445,True
10453,2,0.8695902884233864,0.7142857142857143,1.0,1,1,1.0,True
10454,2,0.7682343287473674,0.6666666666666666,1.0,1,1,0.9724972520028401,True
10455,2,0.7467092654358156,0.5,1.0,2,1,0.7888277804248733,False
10456,2,0.8144586768691463,0.6666666666666666,1.0,0,2,0.9361111111111112,False
10457,2,0.6456055838488427,0.6666666666666666,1.25,0,1,0.7599420756177581,False
10458,3,0.6391447492257415,0.42857142857142855,1.25,0,1,0.6579667972872226,False
10459,2,0.7795412575745649,0.6666666666666666,1.0,1,1,0.9773430786430675,True
10460,3,0.9094512769044845,0.8571428571428571,1.0,1,2,0.9500000000000001,False
10461,2,0.4470735185381462,0.4,1.0,0,2,0.6737457936592056,False
10462,3,0.5061440188900423,0.2857142857142857,1.0,1,1,0.7014426747623991,True
10463,2,0.8714832922500731,1.0,1.0,0,1,1.0,True
10464,3,0.5353800331549137,0.3333333333333333,1.001410437235543,1,1,0.7338136650028995,True
10465,4,0.5644827962103715,0.5,1.0,0,1,0.8157307221853973,True
10466,4,0.3439268036741181,0.2857142857142857,1.1764705882352942,1,2,0.5019210110984316,False
10467,3,0.882927522248678,0.8333333333333334,1.0,0,1,1.0,True
10468,2,0.8159410173048613,0.8,1.0,0,1,1.0,True
10469,4,0.7241012423831034,0.6,1.0,1,2,0.8758052943546634,False
10470,4,0.4169807511831899,0.375,1.0638297872340425,1,1,0.7004322266975576,True
10471,2,0.719036206103568,0.8,1.0,0,1,0.9653012311872433,True
10472,2,0.9686854194278177,1.0,1.0,0,1,1.0,True
10473,3,0.5080717632305641,0.625,1.0,1,1,0.8436378985273847,True
10474,4,0.5978387275027368,0.42857142857142855,1.0,0,1,0.800264216548792,True
10475,2,0.7709451714049919,0.7142857142857143,1.0,1,1,0.9875479306021393,True
10476,4,0.5888426096687299,0.3333333333333333,1.0,1,2,0.706726197794535,False
10477,3,0.62292419678473,0.8,1.0,1,1,0.9241103700505986,True
10478,2,0.9672445040164159,1.0,1.0,0,1,1.0,True
10479,2,0.8940728027939695,1.0,1.0060362173038229,0,1,1.0,True
10480,2,0.8021925592953216,0.6,1.0,0,2,0.9083333333333333,False
10481,4,0.776117616111378,0.6,1.0133333333333334,1,1,0.9480980259524954,True
10482,2,0.7453011005328459,0.375,1.002615518744551,1,1,0.8411409478474101,True
10483,3,0.8368740162632076,1.0,1.0,1,2,0.9500000000000001,False
10484,2,0.661233742518162,0.5,1.0,2,1,0.7521954134601647,False
10485,3,0.6301924573082698,0.25,1.2,1,1,0.6597253388464013,True
10486,2,0.9040534561345213,1.0,1.0,2,1,0.895,False
10487,3,0.8186018363436276,0.625,1.0,2,2,0.8137500000000001,False
10488,2,0.8699264498830014,1.0,1.0,2,1,0.895,False
10489,4,0.19572281020242943,0.2,1.0,0,1,0.5326907281819936,False
10490,4,0.5555987632859147,0.5555555555555556,1.0,1,2,0.7850714276516356,False
10491,2,0.49161371132975673,0.25,1.0,1,2,0.6303344477127529,False
10492,3,0.8117460352728303,0.5,1.0,1,2,0.8666666666666668,False
10494,2,0.8698103647775243,1.0,1.024,0,1,1.0,True
10496,2,0.5920478960591965,0.6666666666666666,1.0,0,1,0.8969887808507668,True
10497,2,0.8294506858830205,0.6666666666666666,1.0022222222222223,1,1,0.9861111111111112,True
10498,2,0.8845365781070613,1.0,1.0035211267605635,1,1,1.0,True
10499,2,0.37804008924337074,0.2,1.0,0,1,0.6108267049138255,False
10500,2,0.9191559490822998,1.0,1.0,0,1,1.0,True
10501,2,0.8060599242795266,0.6,1.0,0,1,0.9583333333333333,True
10502,4,0.531863290088944,0.2857142857142857,1.0,0,1,0.7124652195619283,True
10503,4,0.6860313081763663,0.6666666666666666,1.0,1,1,0.9372673860438395,True
10504,2,0.7862583118907713,0.75,1.0,0,1,0.9941107050960449,True
10505,4,0.550394394986375,0.5,1.3333333333333333,1,2,0.5996928359465418,False
10506,3,0.9512985710280323,1.0,1.0,0,1,1.0,True
10507,4,0.6734889126145869,0.42857142857142855,1.0,0,1,0.8326857244538706,True
10508,3,0.9486255961407478,1.0,1.0,1,1,1.0,True
10509,2,0.6930648701053161,0.5,1.0294117647058822,0,1,0.8708373252832308,True
10510,4,0.4867349771046611,0.14285714285714285,1.0,1,2,0.5836007044734263,False
10511,3,0.8009041445023788,0.5714285714285714,1.0,1,1,0.9464285714285714,True
10512,2,0.696604304639022,0.375,1.0,1,2,0.7702708924643428,False
10513,4,0.40191887211055155,0.5,1.0,0,1,0.7460604689997602,True
10514,2,0.8119109574399083,0.6666666666666666,1.0,1,2,0.9361111111111112,False
10515,3,0.4054625012816507,0.3333333333333333,1.0,1,1,0.6781347227715011,True
10516,4,0.18334791264987058,0.1111111111111111,1.2121212121212122,1,2,0.2803501636224313,False
10517,2,0.6278178791080112,0.3333333333333333,1.0,2,1,0.6684298846970842,False
10518,2,0.7747963815607168,0.75,1.0,0,2,0.9391984492403073,False
10519,4,0.4845471156809421,0.4,1.0461538461538462,0,2,0.6898059067204039,False
10520,3,0.5526733546548241,0.6666666666666666,1.0,0,1,0.8801139773917501,True
10521,3,0.9387828474377066,1.0,1.0398613518197573,0,1,1.0,True
10522,2,0.6123690076894863,0.5,1.0,2,1,0.7312533842478752,False
10523,3,0.5357540854106059,0.4,1.0979999999999999,0,1,0.7617517508902598,True
10524,4,0.15941498652801944,0.125,1.012323943661972,2,1,0.3808802323215321,False
10525,3,0.6336863448083034,0.5,1.0576923076923077,0,2,0.7953893858702253,False
10526,2,0.9565547098327799,1.0,1.0303030303030303,1,1,1.0,True
10527,2,0.952469912977256,1.0,1.0,1,1,1.0,True
10528,3,0.470411511130982,0.5,1.018181818181818,0,1,0.7754144571513732,True
10529,2,0.887813822438475,0.5,1.0,0,2,0.8666666666666668,False
10530,2,0.940003456841738,1.0,1.0,1,1,1.0,True
10531,2,0.8661320378472676,1.0,1.0303030303030303,1,1,1.0,True
10532,2,0.9367356532794153,1.0,1.0,1,1,1.0,True
10533,3,0.8472700952594908,0.8571428571428571,1.0535714285714286,1,1,1.0,True
10534,2,0.7986384642059086,0.8333333333333334,1.0303030303030303,1,1,0.9994164846596751,True
10535,2,0.45724963598961665,0.5,1.0,0,1,0.7697736535193596,True
10536,3,0.5062217680766995,0.4,1.1176470588235294,0,1,0.6690950434614427,True
10537,2,0.9557933560944931,1.0,1.0,0,1,1.0,True
10538,3,0.7789591034407364,0.625,1.0526315789473684,1,1,0.9597324729031729,True
10539,2,0.8669318624869701,1.0,1.0208333333333333,1,1,1.0,True
10540,4,0.7288853993326055,0.6,1.0,1,1,0.9278556473330215,True
10541,2,0.9386886238007657,1.0,1.0,1,1,1.0,True
10542,3,0.5321269668369017,1.0,1.0045866666666665,1,2,0.8351972715015293,False
10543,2,0.9337345138782553,0.8333333333333334,1.0,1,1,1.0,True
10544,4,0.4536231605358424,0.42857142857142855,1.0,0,1,0.7384575449915515,True
10545,3,0.7318967606882286,0.75,1.0,0,1,0.9708128974378123,True
10546,3,0.49060436951020175,0.5,1.0666666666666667,0,1,0.784068539313896,True
10547,2,0.6867441256141136,1.0,1.0,0,1,0.9514617681203343,True
10548,3,0.7711930915497607,0.6666666666666666,1.0,1,1,0.9737652932038656,True
10549,3,0.4077921296273381,0.2,1.0,1,1,0.6235775793640972,False
10550,4,0.7095556227536134,0.8,1.0,0,1,0.9612381240372629,True
10551,2,0.6768004140599061,1.0,1.0,0,1,0.9472001774542456,True
10552,2,0.8255728309937417,0.7142857142857143,1.0,1,1,1.0,True
10553,4,0.6769182983969583,0.6666666666666666,1.0,1,1,0.9333618104240933,True
10554,2,0.8095084295319399,0.7142857142857143,1.0,1,1,1.0,True
10556,4,0.5240192818658833,0.16666666666666666,1.0040660189747552,2,1,0.5545003271488707,False
10558,2,0.5778155119838595,0.3333333333333333,1.1428571428571428,0,2,0.6220002987867335,False
10559,3,0.732490394387721,0.5,1.0003181818181817,1,1,0.8877339785471186,True
10560,4,0.603411601812287,0.5,1.0101111111111112,1,1,0.8324144960147897,True
10561,3,0.7182018630083365,0.5,1.0,1,1,0.881610322241668,True
10564,2,0.7761720802021476,0.6666666666666666,1.0,0,1,0.97589914548346,True
10565,4,0.9091574374939104,0.625,1.0,0,1,0.96875,True
10566,2,0.8609822843902368,0.5714285714285714,1.0,1,1,0.9464285714285714,True
10567,4,0.48802851929507773,0.2857142857142857,1.0,0,1,0.6936788892217,True
10568,4,0.9477766722165333,1.0,1.0,1,1,1.0,True
10569,2,0.9380664841028657,1.0,1.0,1,1,1.0,True
10570,4,0.3880086239130038,0.2,1.0,0,1,0.615098934057954,False
10571,4,0.8539184454950021,0.5,1.0,1,1,0.9166666666666667,True
10572,2,0.7111625063246064,0.5,1.000483870967742,1,1,0.878593455091498,True
10573,2,0.9397089517635488,1.0,1.0,1,1,1.0,True
10574,2,0.6751260386033894,0.6,1.0153846153846153,0,1,0.9048159213062146,True
10576,4,0.6711708573963698,0.6666666666666666,1.0,1,1,0.930898621423841,True
10577,4,0.023842301779342833,0.0,1.0,0,1,0.44999999999999996,False
10578,3,0.45551198793454356,0.25,1.0,0,1,0.6648622805433758,True
10579,3,0.804684291579928,0.6666666666666666,1.0026737967914439,1,1,0.9861111111111112,True
10580,4,0.5718748398837668,0.5,1.0,1,1,0.8188987409025668,True
10581,4,0.66512606860081,0.5,1.0,1,1,0.858863553209871,True
10582,4,0.6187979271957776,0.42857142857142855,1.0101111111111112,1,1,0.8092467307029523,True
10584,2,0.6828858825390957,0.4,1.0153846153846153,0,1,0.8248082353738981,True
10585,4,0.5526088755779415,0.5714285714285714,1.0483870967741935,1,1,0.8404038038191177,True
10586,3,0.34843365502335283,0.25,1.0,0,1,0.6189715664385798,False
10587,2,0.9490841540262398,1.0,1.0,0,1,1.0,True
10588,4,0.7997519786830422,0.8333333333333334,1.0153846153846153,1,1,0.9998937051498753,True
10589,4,0.7068313785868132,0.5,1.0,1,1,0.8767372574895866,True
10590,4,0.12331284882944861,0.2857142857142857,1.0,0,1,0.5373721733078589,False
10591,4,0.3609284773981053,0.16666666666666666,1.0,0,1,0.5896042680912514,False
10592,3,0.5563702146721372,0.4,1.0,0,1,0.7705872348594874,True
10593,4,0.4945736937173047,0.25,1.0,0,1,0.6816030115931305,True
10595,4,0.8032323426950763,0.8,1.0,1,1,1.0,True
10596,3,0.6133981384919882,0.75,1.0,1,1,0.9200277736394236,True
10597,2,0.6453793057731982,0.5,1.0,0,1,0.8504006548551802,True
10598,2,0.5141001931405766,0.3333333333333333,1.0,0,1,0.7246937335681837,True
10600,2,0.7991900256648308,0.6666666666666666,1.0,1,1,0.9857639792531814,True
10601,3,0.698191470587889,0.6,1.0153846153846153,1,1,0.9147011064424286,True
10602,4,0.6608097426706927,0.5714285714285714,1.0,1,1,0.8867756040017254,True
10603,2,0.7390144900678841,0.6666666666666666,1.0,0,1,0.9599744639973471,True
10604,4,0.6702333427440407,0.4,1.0002424609789362,1,1,0.8193857183188746,True
10605,3,0.5259837454686861,0.3333333333333333,1.0,0,1,0.7297866845659449,True
10606,4,0.5593303649177594,0.5714285714285714,1.0,0,1,0.8432844421076112,True
10607,3,0.8240157183968687,0.5,1.0,1,1,0.9166666666666667,True
10608,2,0.8588877348365198,0.7142857142857143,1.0012121212121212,1,1,1.0,True
10609,2,0.5086975335939731,0.3333333333333333,1.0,0,1,0.7223783080482107,True
10611,3,0.9680050698957208,1.0,1.0,1,1,1.0,True
10612,4,0.6960852552464398,0.3333333333333333,1.0,1,1,0.8026873316135537,True
10613,4,0.5657744841516223,0.2222222222222222,1.0,1,1,0.700543561990907,False
10614,4,0.9501157410299047,1.0,1.0,1,1,1.0,True
10615,2,0.8309251171609001,0.6666666666666666,1.0,0,1,0.9861111111111112,True
10616,2,0.9201631183360949,1.0,1.0,1,1,1.0,True
10617,2,0.6048243785890384,0.4,1.0,0,1,0.791353305109588,True
10618,3,0.6151643526656886,0.4,1.0,1,1,0.7957847225710095,True
10619,2,0.3747292249317567,0.25,1.0,0,1,0.6302410963993242,False
10620,4,0.32009107415352317,0.14285714285714285,1.0,0,1,0.5621818889229385,False
10621,3,0.8091096733465161,1.0,1.0,1,1,1.0,True
10622,2,0.9225159991312504,0.6666666666666666,1.0,0,1,0.9861111111111112,True
10623,3,0.6637069880247967,0.3333333333333333,1.0,1,1,0.7888109313757066,True
10624,4,0.5189097128837697,0.42857142857142855,1.0,0,1,0.7664374959978062,True
10626,2,0.6215893467727589,0.25,1.0,0,1,0.7360382914740395,True
10627,4,0.42894351164796296,0.25,1.0,2,1,0.5484757907062698,False
10628,4,0.7804981689388326,0.5,1.0,0,1,0.9083087390690235,True
10629,3,0.2382254721674392,0.0,1.0,0,1,0.5092394880717597,False
10630,4,0.7366696748220863,0.25,1.0,1,1,0.7853584320666085,True
10631,3,0.5177818678292273,0.14285714285714285,1.0,0,1,0.6469065147839546,False
10632,4,0.29056634723709346,0.25,1.0,0,1,0.5941712916730401,False
10633,4,0.8110231368715759,0.5,1.0,1,1,0.9166666666666667,True
10634,3,0.5228701549137732,0.3333333333333333,1.0,1,1,0.7284522886138393,True
10635,3,0.3317393410293558,0.25,1.0,1,1,0.6118168604411525,False
10636,3,0.9613871970212897,1.0,1.0,0,1,1.0,True
10637,3,0.6760169568046608,0.5714285714285714,1.0012121212121212,0,2,0.8432929814877118,False
10638,2,0.8955305929440793,0.8,1.0,0,1,1.0,True
10640,3,0.47534627421765707,0.2,1.0,1,1,0.6525293556170911,False
10641,2,0.9086084274268864,0.8,1.0,0,1,1.0,True
10642,3,0.7499420858599021,1.0,1.0101010101010102,1,1,0.9785466082256724,True
10643,2,0.8475670261049171,0.75,1.0,1,1,1.0,True
10644,2,0.49309377241207447,0.3333333333333333,1.0,0,1,0.715690981827397,True
10645,3,0.4698838757429093,0.2857142857142857,1.0,0,1,0.6859026134136278,True
10646,4,0.3677568474315068,0.16666666666666666,1.0,0,1,0.5925307123912806,False
10647,4,0.8490612848033305,0.6,1.0,0,1,0.9583333333333333,True
10648,4,0.6214325958419674,0.5,1.002047470994161,1,1,0.840137779170367,True
10649,4,0.22030723980185438,0.0,1.0,0,1,0.5015602456293662,False
10650,3,0.8146167029818081,0.6,1.0057142857142858,1,1,0.9583333333333333,True
10651,2,0.5572388351837898,0.16666666666666666,1.0,0,1,0.6737372785708305,False
10652,3,0.6215584840992593,0.42857142857142855,1.0,0,1,0.8104298265187302,True
10653,4,0.6067562863839449,0.3333333333333333,1.1363636363636365,1,1,0.6844034878153414,True
10654,3,0.3592097892104527,0.14285714285714285,1.0,0,1,0.5789470525187654,False
10655,3,0.9445199705080722,1.0,1.0,0,1,1.0,True
10656,2,0.9568871935601032,1.0,1.0,0,1,1.0,True
10657,3,0.46280308526834424,0.25,1.0,2,1,0.5629870365435761,False
10658,2,0.9671702491328624,1.0,1.0,1,1,1.0,True
10659,2,0.6186850714741439,0.42857142857142855,1.0,1,1,0.8091983639651092,True
10660,4,0.5323039989363846,0.6,1.0,1,1,0.8436064757346411,True
10661,3,0.5865389770173369,0.5,1.0,0,1,0.8251833711026682,True
10662,4,0.6058817198348877,0.4,1.0,1,1,0.7918064513578091,True
10663,4,0.37581994388603535,0.4,1.0,0,1,0.6932085473797295,False
10664,3,0.7772900606749643,0.8333333333333334,1.0,1,1,0.990267168860699,True
10665,2,0.646179376245351,0.5,1.0,0,1,0.8507435422003886,True
10666,2,0.6294910507112874,0.4,1.0,0,1,0.8019247360191233,True
10667,2,0.7302315033998156,1.0,1.0,0,1,0.9700992157427781,True
10668,2,0.8256621254909086,0.6666666666666666,1.0,1,1,0.9861111111111112,True
10669,2,0.8351137903316823,0.6666666666666666,1.0153846153846153,1,1,0.9861111111111112,True
10670,3,0.9594269384072353,1.0,1.0,0,1,1.0,True
10671,2,0.8699051502642204,1.0,1.0,1,1,1.0,True
10672,4,0.3064277262805934,0.25,1.20427807486631,0,1,0.4409690255488258,False
10673,3,0.44113468994136223,0.375,1.0,0,1,0.7107839147367743,True
10674,4,0.8495093000544618,0.5714285714285714,1.0,0,1,0.9464285714285714,True
10675,4,0.24697132800558283,0.09090909090909091,1.0,0,1,0.5129877120023927,False
10676,2,0.9616523210606114,1.0,1.0,1,1,1.0,True
10677,2,0.9254184742069383,1.0,1.0,1,1,1.0,True
10678,4,0.8240526343763671,0.6,1.0,1,1,0.9583333333333333,True
10679,2,0.4663890745373946,0.2,1.0,0,1,0.6486905557541215,False
10680,4,0.4164314310688577,0.3333333333333333,1.0008340283569641,0,1,0.6828356926803041,True
10681,2,0.8987123332947954,0.75,1.0,0,1,1.0,True
10682,2,0.7792774564270387,0.6,1.0,0,1,0.9494522432306356,True
10683,4,0.3248752998042701,0.1111111111111111,1.0,0,1,0.551004758117174,False
10684,4,0.497190293661414,0.16666666666666666,1.0,0,1,0.6480021893469552,False
10685,2,0.9141065938906574,0.875,1.0,1,1,1.0,True
10686,3,0.5131973262405228,0.16666666666666666,1.0,0,1,0.6548623461665732,False
10687,2,0.7404458965615411,0.5,1.0,1,1,0.8911434794787558,True
10688,4,0.7433006215260234,0.6,1.0,1,1,0.9340335997016291,True
10689,4,0.7103134442986422,0.5,1.0,1,1,0.8782295713660848,True
10690,3,0.48242732443300523,0.5,1.0006060606060605,0,1,0.7805640914236689,True
10691,2,0.6386182216641397,0.375,1.0010606060606062,1,1,0.7954197140465361,True
10692,4,0.7590008612813011,0.5,1.0,1,1,0.8990956072157957,True
10693,3,0.788334363306458,0.6,1.0100757575757575,1,1,0.9533337747503867,True
10695,2,0.8388613733908031,0.7142857142857143,1.0,1,1,1.0,True
10696,2,0.6895733055324955,0.4444444444444444,1.0,1,1,0.8461927923181596,True
10697,3,0.5857067142031761,0.3333333333333333,1.0,0,1,0.7553822425950121,True
10698,2,0.4676472531880959,0.25,1.0,0,1,0.6700631085091839,True
10699,3,0.8418981120136384,1.0,1.0,0,1,1.0,True
10700,3,0.9491785245763774,1.0,1.0,0,1,1.0,True
10702,2,0.1953443336936688,0.2857142857142857,1.0,0,1,0.568242809678239,False
10703,2,0.23746336047983424,0.2,1.0,0,1,0.5505795354437385,False
10704,3,0.9485346290480396,1.0,1.0,0,1,1.0,True
10705,2,0.8585897104174485,1.0,1.0,1,1,1.0,True
10706,3,0.3298645424884228,0.25,1.0,0,1,0.6110133753521811,False
10709,4,0.5190245210137001,0.5,1.0153846153846153,0,1,0.7962486042439667,True
10710,3,0.7603860060099733,0.6,1.0057142857142858,1,1,0.9413559073376077,True
10711,3,0.24052329009316012,0.125,1.0,0,1,0.5206409338494495,False
10712,2,0.9502244968683053,1.0,1.0,1,1,1.0,True
10713,3,0.6056523441448504,0.2857142857142857,1.0,0,1,0.7440890998716025,True
10714,3,0.5941720967658725,0.5,1.0,0,1,0.8284547081377549,True
10715,2,0.7210504119701907,1.0,1.0,0,1,0.9661644622729388,True
10716,2,0.8942585431769161,1.0,1.0010606060606062,1,1,1.0,True
10717,2,0.5334572930943329,0.42857142857142855,1.0,0,1,0.7726721732309045,True
10718,2,0.8906296713601827,1.0,1.0,0,1,1.0,True
10719,2,0.9057234946716629,1.0,1.0,0,1,1.0,True
10720,3,0.5830515105599517,0.6666666666666666,1.000985819367559,0,1,0.8931331870653763,True
10721,3,0.1773469715104086,0.25,1.0,1,1,0.5456487020758894,False
10722,2,0.940715956998514,1.0,1.0,1,1,1.0,True
10723,2,0.9027567342105588,0.8571428571428571,1.0,0,1,1.0,True
10724,3,0.8461356846028087,0.8333333333333334,1.0,0,1,1.0,True
10725,3,0.536494451830919,0.2857142857142857,1.0,1,1,0.7144500031656319,True
10726,3,0.6287797981551646,0.42857142857142855,1.0,1,1,0.8135246753998324,True
10727,2,0.9333013036855465,1.0,1.0,0,1,1.0,True
10728,3,0.7981012935656961,0.4,1.0,0,1,0.8741862686710127,True
10729,3,0.5801975512129234,0.5,1.0006822833750284,1,1,0.822465617186491,True
10730,3,0.4068722845891119,0.25,1.0,0,1,0.6440166933953336,True
10731,2,0.9411470403078949,1.0,1.0,0,1,1.0,True
10732,3,0.4864116736927461,0.5,1.0,0,1,0.7822716696778436,True
10733,4,0.10876837757820222,0.09090909090909091,1.0,0,1,0.4537578761049438,False
10734,4,0.3251400745945617,0.18181818181818182,1.0,0,1,0.5805795124885784,False
10735,3,0.7250464504958537,0.6666666666666666,1.0,0,1,0.9539881613236199,True
10736,3,0.9065085474496057,1.0,1.0,0,1,1.0,True
10737,2,0.7933605831007123,0.7142857142857143,1.0,0,1,0.997154535614591,True
10738,3,0.8875291052078761,1.0,1.0142857142857142,0,1,1.0,True
10739,3,0.6405483666801036,0.5,1.0,1,1,0.8483302523867111,True
10740,3,0.7096096580116494,0.5,1.0,1,1,0.8779279486716594,True
10741,3,0.46861278845853593,0.2857142857142857,1.0,1,1,0.6853578617203249,True
10742,4,0.3109106486865265,0.125,1.0,0,1,0.550806944675178,False
10745,3,0.6925926866773613,0.42857142857142855,1.0,0,1,0.8408730561950597,True
10746,4,0.4760778092694559,0.3333333333333333,1.0,0,1,0.7083984261948462,True
10747,2,0.45082570644354886,0.16666666666666666,1.0,0,1,0.6281316519678701,False
10748,2,0.7841487329928671,0.7142857142857143,1.0005457522284884,1,1,0.993206599854086,True
10749,2,0.5501551888618594,0.2857142857142857,1.0013863636363638,2,1,0.6153046047503207,False
10750,3,0.7328143278089609,0.42857142857142855,1.1363636363636365,1,1,0.7781109023943166,True
10751,3,0.6963586274287703,0.5555555555555556,1.0010606060606062,0,1,0.8953970837128593,True
10752,3,0.5948412411208386,0.2857142857142857,1.0,1,1,0.7394557700041688,True
10753,3,0.42107732142761145,0.25,1.0,0,2,0.6001045663261193,False
10754,3,0.7131498619545829,0.5,1.0101010101010102,1,1,0.8794451789329165,True
10756,2,0.8880775582643219,1.0,1.0,1,1,1.0,True
10757,2,0.8594198325973035,0.75,1.0,1,1,1.0,True
10758,4,0.8107341986893337,0.6,1.0,1,1,0.9583333333333333,True
10759,3,0.6157637718805429,0.5,1.0,1,1,0.8377082831868994,True
10760,2,0.6521452447474312,0.5,1.0,1,1,0.8533003429869943,True
10761,3,0.4597081532509059,0.375,1.0074242424242423,1,1,0.7187439704408645,True
10762,3,0.43396055200325695,0.25,1.0,1,1,0.6556259508585387,True
10763,3,0.6958563671289575,0.6,1.0,1,1,0.9137003478171724,True
10764,4,0.57470977720276,0.4,1.0074242424242423,1,1,0.7784470473726115,True
10765,3,0.8587591275396628,0.6,1.0,2,1,0.8533333333333333,False
10766,3,0.56949676010419,0.4444444444444444,1.0,1,3,0.7447314157060286,False
10767,3,0.10068302207450325,0.0,1.0,0,1,0.45029272374621565,False
10768,2,0.5550462929872567,0.5,1.0,0,2,0.7616865065183481,False
10769,3,0.80490808630686,1.0,1.019810606060606,1,1,1.0,True
10770,2,0.461527277808998,0.5,1.0,0,2,0.7216069285848087,False
10771,3,0.5277521454284799,0.3333333333333333,1.0,1,1,0.7305445702629993,True
10772,2,0.7640274592936525,0.75,1.0182828049062718,1,1,0.9845831968401368,True
10773,3,0.3516987670265031,0.25,1.0,0,1,0.6203709001542156,False
10774,2,0.7096632045333559,0.6,1.0,0,1,0.9196175638476287,True
10775,3,0.004805883316630723,0.0,1.0,0,1,0.44999999999999996,False
10776,2,0.7839874589176785,1.0,1.0296010296010296,0,1,0.9931374823932908,True
10777,3,0.918953062979819,1.0,1.0,1,1,1.0,True
10778,3,0.8997981208889673,1.0,1.0,1,1,1.0,True
10779,2,0.8675450767530148,0.8,1.0057142857142858,1,1,1.0,True
10780,3,0.9310133482900271,1.0,1.0,1,1,1.0,True
10781,4,0.4076910115815264,0.5555555555555556,1.0,2,1,0.6666823912068975,False
10782,3,0.6229152138778604,0.2222222222222222,1.0,1,1,0.7250324461592946,False
10784,2,0.9438498042587178,1.0,1.0,0,1,1.0,True
10785,3,0.47365073613261094,0.4,1.0,0,1,0.7351360297711189,True
10786,3,0.4279066940627979,0.42857142857142855,1.0017454545454545,2,1,0.6224362022173896,False
10787,2,0.9293843163574008,1.0,1.00336,0,1,1.0,True
10788,4,0.1645403565575609,0.25,1.0,0,1,0.5401601528103832,False
10789,2,0.5727664106212734,0.3333333333333333,1.0,0,1,0.7498363982027679,True
10790,3,0.6522622177657736,0.75,1.0,0,1,0.936683807613903,True
10791,2,0.8265313355038116,0.6666666666666666,1.0,0,1,0.9861111111111112,True
10792,3,0.33083303776993206,0.3333333333333333,1.0,0,1,0.6461506669807645,False
10793,3,0.5048086147443971,0.2,1.0013148578942046,1,1,0.665156072985694,False
10794,2,0.9482158105739287,1.0,1.0,1,1,1.0,True
10795,4,0.3735049104547348,0.3333333333333333,1.0,0,1,0.6644386124171086,False
10796,2,0.8908705420745476,1.0,1.0004547521600726,0,1,1.0,True
10797,2,0.9428576664335757,1.0,1.0,0,1,1.0,True
10798,2,0.9582271205107802,1.0,1.0,1,1,1.0,True
10799,3,0.4428753032214576,0.4,1.0,0,1,0.7219465585234818,True
10800,2,0.9221639541126327,0.8,1.0,1,1,1.0,True
10801,2,0.4510652313636548,0.3333333333333333,1.0,0,1,0.6976787499495029,True
10802,2,0.7753309191565297,0.6666666666666666,1.0,0,1,0.975538647892481,True
10803,4,0.7979901915536275,0.8,1.0,0,1,0.9991386535229831,True
10804,2,0.681802360100069,0.6666666666666666,1.0,0,1,0.9354549797254263,True
10805,3,0.9188116503136605,1.0,1.0,1,1,1.0,True
10806,2,0.6914946318665676,1.0,1.0,0,1,0.9534976993713862,True
10807,3,0.9435186487831551,1.0,1.0,1,1,1.0,True
10808,3,0.6245014797107195,0.5,1.0,1,1,0.841453015114118,True
10809,4,0.659853170300998,0.5,1.0,1,1,0.8566037396528088,True
10810,3,0.9503129953123748,1.0,1.0,1,1,1.0,True
10811,3,0.9287039361216887,1.0,1.0,0,1,1.0,True
10812,4,0.4231133660973937,0.5714285714285714,1.0,2,1,0.6799057283274546,False
10813,4,0.6585859110999125,0.4,1.0,1,1,0.8143939618999625,True
10814,2,0.7963846793350049,0.6,1.0,1,1,0.9567839101911926,True
10815,3,0.8830330659738197,0.8,1.0,1,1,1.0,True
10816,3,0.8272837038988324,0.8,1.0,0,1,1.0,True
10817,3,0.18439190043078554,0.1111111111111111,1.0,0,1,0.4907975869571092,False
10818,2,0.61772502928388,0.4,1.0,0,1,0.7968821554073773,True
10819,3,0.4940911999017637,0.2,1.0,0,1,0.660562895195994,False
10820,2,0.4494320495173445,0.5,1.0,0,1,0.7664232593169572,True
10821,2,0.9719861481960562,1.0,1.0,1,1,1.0,True
10822,3,0.7227202309711968,0.6666666666666666,1.0,1,1,0.952991210098767,True
10824,4,0.7166937129834176,0.5714285714285714,1.0,1,1,0.9107258769928932,True
10825,2,0.9847236055246016,1.0,1.0,1,1,1.0,True
10826,3,0.9445929218610088,1.0,1.0,0,1,1.0,True
10827,4,0.4149862774401827,0.14285714285714285,1.0,0,1,0.6028512617600783,False
10828,2,0.7954849038611373,0.6,1.0,1,1,0.9563982921309637,True
10829,4,0.8370071707855675,0.8,1.0,1,1,1.0,True
10830,2,0.6955875597920534,1.0,1.0057142857142858,1,1,0.9552518113394515,True
10831,3,0.4118534668186265,0.2,1.0,0,1,0.625318152446078,False
10832,3,0.655714543574185,0.5,1.0,0,1,0.8548300424841746,True
10833,2,0.796986092494247,1.0,1.0,2,1,0.8937083253546774,False
10834,3,0.40066303599003056,0.25,1.0,1,1,0.6413555868528702,True
10835,3,0.8994151330810066,0.8,1.0,0,1,1.0,True
10836,2,0.47451294466662797,0.3,1.0,1,1,0.6938388810476025,True
10837,2,0.8920841012744131,0.8,1.0,0,1,1.0,True
10838,4,0.7364748076923135,0.42857142857142855,1.0101010101010102,1,1,0.8596796794871819,True
10839,3,0.9089213600241821,0.5,1.0,0,1,0.9166666666666667,True
10840,4,0.546422329368281,0.0,1.0,0,1,0.641323855443549,False
10841,3,0.9122861879548484,1.0,1.0074242424242423,0,1,1.0,True
10842,4,0.4477389243532584,0.3333333333333333,1.0101010101010102,1,1,0.6962531898021901,True
10843,2,0.8362260759825053,0.6666666666666666,1.0,1,1,0.9861111111111112,True
10844,2,0.3327165340003001,0.5,1.0,0,1,0.7164023240953667,False
10845,4,0.9529049302178305,1.0,1.0,0,1,1.0,True
10846,2,0.4554666622612142,0.3333333333333333,1.0,2,1,0.5945650774770282,False
10847,4,0.6278920596452854,0.5,1.0,1,1,0.8429061208003605,True
10848,3,0.6568899485190659,0.4,1.0101010101010102,1,1,0.8136671207938855,True
10849,3,0.5435927047230925,0.4,1.0,0,1,0.7651111591670396,True
10850,3,0.3316607794149484,0.2857142857142857,1.0695187165775402,0,1,0.6266641435587874,False
10851,3,0.6711746455737214,0.6666666666666666,1.0,1,1,0.9309002449284203,True
10852,3,0.9520265476439196,1.0,1.0,1,1,1.0,True
10853,3,0.8079597257564131,0.6666666666666666,1.0,0,1,0.9861111111111112,True
10854,2,0.826942098440621,0.75,1.0,1,1,1.0,True
10855,2,0.6264579889231922,0.4,1.0,0,1,0.8006248523956538,True
10856,3,0.5511929620279107,0.42857142857142855,1.0,1,1,0.780273174202438,True
10857,3,0.7005888900920867,0.5,1.0,0,1,0.874061905277561,True
10858,2,0.8955162966939001,0.75,1.0,0,1,1.0,True
10859,3,0.7507364980127343,0.75,1.0,1,1,0.9788870705768862,True
10860,3,0.7534568682472697,0.5714285714285714,1.0,1,1,0.9264815149631156,True
10861,4,0.8448797291506256,0.8571428571428571,1.0,1,1,1.0,True
10862,2,0.8256009213979935,1.0,1.0101010101010102,0,1,1.0,True
10863,3,0.8418818290891454,0.8333333333333334,1.0,1,1,1.0,True
10864,3,0.9509768152833641,1.0,1.0,1,1,1.0,True
10865,3,0.6011281866974939,0.3333333333333333,1.0,1,1,0.7619914450925768,True
10866,2,0.672259790525091,0.3333333333333333,1.0,0,1,0.7924764181615469,True
10867,2,0.49620321799594513,1.0,1.0142857142857142,0,1,0.8698013791411194,True
10868,3,0.9638122734735791,1.0,1.0,1,1,1.0,True
10869,3,0.7252610578034782,0.75,1.0,0,1,0.9679690247729191,True
10870,4,0.6931872471004911,0.5714285714285714,1.0,1,1,0.9006516773287818,True
10871,2,0.8591684886407965,0.6,1.0,1,1,0.9583333333333333,True
10872,2,0.9742640349536982,1.0,1.0,1,1,1.0,True
10873,3,0.8605869735566026,0.6666666666666666,1.0003030303030305,1,1,0.9861111111111112,True
10874,3,0.9682088054491044,1.0,1.0,0,1,1.0,True
10875,2,0.8678559999071552,1.0,1.0,1,1,1.0,True
10876,3,0.6353924184764607,0.42857142857142855,1.0,2,1,0.7113586555375309,False
10877,2,0.4162998717833577,0.4,1.0,2,1,0.6055570879071533,False
10878,3,0.6692957455451518,0.5,1.0,1,1,0.8606505576145889,True
10879,2,0.8933141668448268,0.75,1.0,0,1,1.0,True
10881,2,0.6912948796306261,0.6,1.0,1,1,0.9117454246036016,True
10882,3,0.4358311489621558,0.25,1.0,1,1,0.6564276352694953,True
10883,4,0.43829872436291956,0.2,1.0,0,1,0.636651834250775,False
10884,4,0.5940118198545522,0.4444444444444444,1.001060670343657,1,1,0.8052378698847552,True
10885,3,0.8963852286785305,1.0,1.0,0,1,1.0,True
10886,4,0.7561385985721034,0.4444444444444444,1.0,1,1,0.8747207750494199,True
10887,3,0.8923246716096335,0.6,1.0,0,1,0.9583333333333333,True
10888,4,0.4960202842457421,0.3333333333333333,1.0,0,1,0.7169452011846831,True
10889,2,0.9432953949079521,1.0,1.0,0,1,1.0,True
10890,3,0.7073037703093116,0.5,1.0,1,1,0.8769397110849431,True
10891,3,0.7774873970083311,0.7142857142857143,1.0,0,1,0.990351741574999,True
10892,3,0.7362888447424021,0.5,1.0,0,1,0.8893618858419818,True
10893,2,0.8751465324842598,0.8,1.0,1,1,1.0,True
10894,2,0.9503385743319877,1.0,1.0,1,1,1.0,True
10895,3,0.6652879463889915,0.2857142857142857,1.1314285714285715,1,1,0.6896472151190916,True
10896,3,0.3879069518464916,0.3333333333333333,1.0,2,1,0.5656109158707187,False
10897,2,0.9185758865997529,0.8571428571428571,1.0,0,1,1.0,True
10898,3,0.5620845006602921,0.6,1.0,0,1,0.85636954790203,True
10899,4,0.15579907463130643,0.2857142857142857,1.0,0,1,0.5512948415086552,False
10900,2,0.36245425406101733,0.16666666666666666,1.0,0,1,0.5902581723753566,False
10901,3,0.9474901860492955,1.0,1.0142857142857142,1,1,1.0,True
10902,4,0.6755487141128945,0.8333333333333334,1.0,0,1,0.9466637346198119,True
10903,2,0.9669910089547599,1.0,1.0,0,1,1.0,True
10904,3,0.5046734290724987,0.2,1.0,1,1,0.6650981362691661,False
10905,3,0.550407406115842,0.3,1.0,1,1,0.7263650788115513,True
10906,2,0.8843805443524347,0.875,1.0,1,1,1.0,True
10907,4,0.2687617413523953,0.36363636363636365,1.0,0,1,0.6321749454280828,False
10908,2,0.7645215370892616,0.6,1.0,0,1,0.9431282778001597,True
10909,2,0.752979037759867,0.6,1.0,0,1,0.9381814923732763,True
10910,2,0.3802619227883648,0.16666666666666666,1.0,0,1,0.5978900304013627,False
10911,2,0.9363151883292251,1.0,1.0,1,1,1.0,True
10912,4,0.5537569686575533,0.3333333333333333,1.0,0,1,0.7416894945040308,True
10914,4,0.008076159174374513,0.0,1.0,0,1,0.44999999999999996,False
10915,3,0.3673675817363631,0.2857142857142857,1.0,0,1,0.6419670588393936,False
10916,2,0.5579085952287935,0.3333333333333333,1.0005305844008185,1,1,0.7434687630345623,True
10917,2,0.6191836052643381,1.0,1.0,0,1,0.922507259399002,True
10918,2,0.8038741406665516,0.6,1.0,0,1,0.9583333333333333,True
10919,4,0.3456563077159719,0.4,1.0,0,1,0.6802812747354166,False
10921,4,0.9674865198412035,1.0,1.0,0,1,1.0,True
10922,3,0.8203603729945167,0.8333333333333334,1.0,0,1,1.0,True
10923,3,0.25557451165056727,0.25,1.0,0,1,0.579174790707386,False
10924,3,0.4868155844286832,0.6,1.0,0,1,0.8241114409456262,True
10925,3,0.6270471262705242,0.5,1.0,1,1,0.8425440064968914,True
10926,2,0.8533338491305171,0.625,1.0,0,1,0.96875,True
10927,4,0.36799658311398065,0.2,1.0,0,1,0.606522345144087,False
10928,2,0.9600878767960762,1.0,1.0,0,1,1.0,True
10929,3,0.4579551596686885,0.4444444444444444,1.0,0,1,0.7469278726622421,True
10930,2,0.7809756627216003,0.375,1.0,0,1,0.856430045928305,True
10931,2,0.7993242222944772,0.5,1.0,0,1,0.9163770476500142,True
10932,2,0.9298386659459773,1.0,1.0,0,1,1.0,True
10933,3,0.020301800801792013,0.0,1.0,0,1,0.44999999999999996,False
10934,2,0.7575952711433631,0.5,1.0,0,1,0.8984932114423938,True
10935,2,0.8684787936134788,0.6,1.0,0,1,0.9583333333333333,True
10936,2,0.6699763985276387,0.5714285714285714,1.0,0,1,0.8907041707975594,True
10937,2,0.7336219828701288,0.8,1.125,1,1,0.8915522783729123,True
10938,2,0.8327438737312389,0.75,1.0,0,1,1.0,True
10939,2,0.24845789648815228,0.125,1.0,0,1,0.5240414794473034,False
10940,4,0.6264471079603772,0.3,1.0,1,2,0.7089535224592093,False
10941,2,0.5347318397315656,0.2,1.0,0,1,0.677980312265909,False
10942,3,0.697921306098642,0.3333333333333333,1.0,1,2,0.7534742105502118,False
10943,2,0.8538602124817171,0.7142857142857143,1.0,0,1,1.0,True
10944,3,0.9401236879117411,1.0,1.0,1,2,0.9500000000000001,False
10945,3,0.675716235432059,0.6666666666666666,1.9731182795698925,2,1,0.6678466405819936,False
10946,2,0.8486326512679265,0.8,1.0,1,1,1.0,True
10947,2,0.7789500668198481,1.0,1.0,0,1,0.9909786000656491,True
10948,3,0.5602755512495106,0.6,1.0,1,2,0.805594283868838,False
10949,2,0.9050213860230928,0.5714285714285714,1.0,1,1,0.9464285714285714,True
10950,4,0.32862398877407417,0.14285714285714285,1.25,1,2,0.35583885233174606,False
10952,2,0.8685590220280892,1.0,1.0,1,1,1.0,True
10954,4,0.41011504701941176,0.5714285714285714,1.0,0,2,0.7293350201511765,False
10955,4,0.44061339154501533,0.3333333333333333,1.0,0,1,0.6931993900272287,True
10956,4,0.34180355987353384,0.2857142857142857,1.0,0,1,0.6310110494696097,False
10957,3,0.16586673423207968,0.0,1.0,0,2,0.428228600385177,False
10958,3,0.46768639952580043,0.2,1.0,0,1,0.649246552177724,False
10959,2,0.9397413064675102,1.0,1.0,1,1,1.0,True
10960,4,0.7536651912666031,0.6666666666666666,1.0,1,2,0.9162533359396553,False
10961,2,0.371049789817042,0.0,1.0,0,1,0.5661641956358752,False
10962,3,0.8592359361858005,0.6666666666666666,1.0,1,1,0.9861111111111112,True
10963,3,0.9267592663127149,1.0,1.0344827586206897,0,2,0.9500000000000001,False
10964,3,0.7375208392310643,0.4,1.0,0,1,0.8482232168133133,True
10965,2,0.5444139353117167,0.42857142857142855,1.0,1,1,0.7773678770383547,True
10966,3,0.8534800832479974,0.6666666666666666,1.0344827586206897,0,2,0.9361111111111112,False
10967,3,0.46536477352557853,0.4,1.0,0,1,0.7315849029395336,True
10968,3,0.5882194375958366,0.2857142857142857,1.0,1,2,0.6866178542077396,False
10969,4,0.9694779282015058,1.0,1.0,1,2,0.9500000000000001,False
10970,4,0.1205439001483957,0.0,1.0,0,1,0.45880452863502674,False
10972,3,0.9112605429637767,1.0,1.0,1,1,1.0,True
10973,4,0.4751065926804169,0.16666666666666666,1.0,1,1,0.6385377460693851,False
10974,2,0.7888998742781421,0.75,1.0,1,1,0.9952428032620608,True
10975,4,0.5242723218949527,0.3333333333333333,1.0,1,2,0.6790532173200591,False
10977,4,0.8863825920955731,0.75,1.0,1,1,1.0,True
10978,2,0.95895488623504,1.0,1.0,1,1,1.0,True
10979,2,0.870634694662055,0.6666666666666666,1.0,1,1,0.9861111111111112,True
10980,2,0.6112950140693841,0.3333333333333333,1.0,0,1,0.7663486568233868,True
10981,2,0.556111233418685,0.6,1.0,0,1,0.8538095762270554,True
10982,2,0.9709626298210945,1.0,1.0,1,2,0.9500000000000001,False
10983,4,0.4279296726215814,0.14285714285714285,1.0,1,1,0.6083984311235349,False
10984,2,0.4659701324584574,0.5,1.0,0,1,0.7735110091488627,True
10985,4,0.6379261356502667,0.3333333333333333,1.0,1,1,0.777761994643765,True
10986,2,0.5875263094660066,0.4,1.0,0,2,0.7339398469140029,False
10987,4,0.8663817247126752,0.75,1.0,1,1,1.0,True
10988,2,0.7931221294167929,0.6666666666666666,1.0,0,1,0.9831634522897366,True
10989,3,0.21765517841525991,0.16666666666666666,1.0,0,1,0.528201425670032,False
10990,3,0.8411756402027754,0.5,1.1111111111111112,1,2,0.7866666666666667,False
10991,2,0.9400721854648878,0.8,1.0,0,1,1.0,True
10992,4,0.2223614605246511,0.2,1.09375,0,1,0.5441072926058028,False
10993,2,0.9523610126696501,1.0,1.0,1,1,1.0,True
10994,3,0.9036870999707621,1.0,1.0,1,1,1.0,True
10996,2,0.8090046950767241,0.6,1.0105263157894737,1,1,0.9583333333333333,True
10997,3,0.27031342847850026,0.2857142857142857,1.0666666666666667,0,1,0.6003724217288811,False
10998,3,0.653279942278355,0.4,1.0,0,3,0.7621199752621522,False
10999,2,0.22366806983785303,0.2,1.0,0,2,0.4946672680257465,False
11000,3,0.6202440812968274,0.42857142857142855,1.0,1,1,0.8098665110319736,True
11001,2,1.0000000000000004,1.0,1.0,0,1,1.0,True
11002,2,0.9150281572217098,1.0,1.0,1,1,1.0,True
11003,3,0.6112130426225434,0.2,1.0,0,2,0.6607579706477568,False
11004,4,0.41730451566193283,0.3,1.0294117647058822,1,1,0.6693209829027331,True
11006,4,0.2122360589232031,0.25,1.0555555555555556,1,2,0.5106011681099443,False
11007,4,0.38212670834298695,0.25,1.16875,0,1,0.5534114464327087,False
11008,3,0.47241040437724424,0.5,1.0,0,1,0.7762711256854857,True
11009,2,0.7657138086996095,0.75,1.1111111111111112,0,1,0.9053059180141184,True
11010,4,0.6444261262425238,0.625,1.0,2,1,0.7970754826753674,False
11012,2,0.7453926889557152,0.75,1.0,0,2,0.9265968666953065,False
11013,3,0.6370111680307418,0.625,1.1111111111111112,1,2,0.7688976434417466,False
11014,3,0.8142070774489243,0.5,1.0,2,1,0.8116666666666668,False
11015,3,0.9146685572322245,1.0,1.0,1,1,1.0,True
11016,3,0.38009664046662867,0.3333333333333333,1.105263157894737,0,2,0.5372636395650631,False
11017,4,0.23818543254291696,0.18181818181818182,1.2666666666666666,1,2,0.3333132373235878,False
11018,3,0.754385258748514,0.8,1.0201149425287357,1,1,0.9804508251779345,True
11019,4,0.36540950891040724,0.23076923076923078,1.0588235294117647,1,1,0.618234111877354,False
11020,3,0.31318264193905904,0.125,1.1538461538461537,0,3,0.4217806560691205,False
11022,2,0.6573677036769818,0.3333333333333333,1.0,0,1,0.7860940952266431,True
11023,2,0.5866003327957847,0.5,1.0285714285714285,0,2,0.7752096664362887,False
11024,4,0.24532591877476548,0.375,1.0188679245283019,1,1,0.62686586995109,False
11025,3,0.7772780655546615,0.6,1.0,0,1,0.9485953614281883,True
11026,2,0.8659551099041906,0.8,1.0,1,2,0.9500000000000001,False
11027,2,0.42271008973296026,0.6666666666666666,1.0,0,1,0.8244154352823798,True
11028,3,0.7505572686317097,0.5714285714285714,1.0525,0,2,0.8752388294135899,False
11029,2,0.7912177824163005,0.8,1.000888888888889,0,2,0.9462361924641288,False
11030,3,0.42773446832266226,0.4,1.0,0,2,0.665457629281141,False
11031,2,0.5403806758656531,0.3333333333333333,1.008888888888889,1,2,0.6859567975932165,False
11032,4,0.5943562008880079,0.16666666666666666,1.028169014084507,2,1,0.5846447210154955,False
11033,3,0.4466797701371601,0.4444444444444444,1.0,1,1,0.7420955628630157,True
11034,4,0.9071233697957484,1.0,1.0222222222222221,1,2,0.9500000000000001,False
11035,3,0.6978732125699022,0.6,1.0,0,1,0.9145647101490058,True
11036,3,0.6896242880259725,0.6,1.0,0,1,0.9110294567730359,True
11037,3,0.6496890888093889,0.75,1.0161290322580645,0,1,0.9355810380611667,True
11039,2,0.2695293621611521,0.42857142857142855,1.0119047619047619,0,2,0.60956020283097,False
11040,2,0.6848863267599453,0.75,1.0555555555555556,0,1,0.9506655686114052,True
11041,4,0.7291001937660778,0.6666666666666666,1.0,1,2,0.9057254798680018,False
11042,2,0.5004816546397458,0.3076923076923077,1.0,0,2,0.658173456384067,False
11043,2,0.2362749410261444,0.25,1.0,0,2,0.520903546154062,False
11044,4,0.23501054828256523,0.15384615384615385,2.03125,1,1,0.3702975609855682,False
11045,2,0.8063109123626752,1.0,1.118421052631579,0,2,0.8700000000000001,False
11046,4,0.6235395827318239,0.5,1.091901728844404,1,1,0.841040773551734,True
11047,4,0.5402945332602717,0.3333333333333333,1.0201149425287357,2,2,0.5809198793337673,False
11048,2,0.7996182038975972,0.5,1.0,0,1,0.9165030397656369,True
11049,2,0.9540361325907969,1.0,1.025,0,1,1.0,True
11050,2,0.611571903016931,0.375,2.4894736842105263,1,2,0.5738284346263038,False
11052,2,0.92407984442578,0.8333333333333334,1.0,0,2,0.9500000000000001,False
11053,4,0.5727333381339482,0.375,1.0894736842105264,1,1,0.7671833353907398,True
11054,2,0.6997508801118673,0.75,1.0,0,1,0.9570360914765146,True
11055,4,0.39745129314015903,0.4,1.0303030303030303,1,2,0.6524791256314968,False
11056,3,0.7233612560931515,0.5555555555555556,1.0303030303030303,1,1,0.906969638854737,True
11057,4,0.4859982971240195,0.25,1.0285714285714285,0,2,0.6279278416245798,False
11058,2,0.969821114285724,1.0,1.0,0,2,0.9500000000000001,False
11059,3,0.30805862729809785,0.25,1.0303030303030303,1,1,0.6016679831277562,False
11061,2,0.6147586606569561,0.75,1.2,0,2,0.790610854567267,False
11062,2,0.6744302869263215,1.0,1.0,0,1,0.9461844086827091,True
11063,2,0.9061727236746655,1.0,1.02,0,1,1.0,True
11064,2,0.8019889489040979,0.4,1.0,2,2,0.7200000000000001,False
11065,3,0.7437502662565084,0.6,4.0,1,2,0.7242263045861228,False
11066,2,0.8675798088028918,0.6,1.0,2,2,0.8033333333333333,False
11067,3,0.46575829313031636,0.1111111111111111,1.1428571428571428,2,2,0.37638318382833663,False
11068,3,0.4835726739117092,0.5,1.0666666666666667,2,2,0.6260549554859708,False
11069,3,0.4039439850470747,0.42857142857142855,1.0666666666666667,2,2,0.5621664697820796,False
11070,4,0.782174981056978,0.8333333333333334,1.0,1,1,0.9923607061672763,True
11071,2,0.8314815231525304,0.6,1.0,2,1,0.8533333333333333,False
11072,2,0.39883857530342126,0.5,1.0,0,1,0.7447403417967043,False
11073,3,0.36740016577621454,0.125,1.134,0,2,0.4450167377136157,False
11074,2,0.7062865303976155,0.75,1.0471204188481675,0,2,0.9098370844561209,False
11075,4,0.539215578378748,0.4,1.0,1,1,0.7632352478766063,True
11076,3,0.6865455586568789,0.42857142857142855,1.0,0,1,0.8382814299005672,True
11077,3,0.35147681215535886,0.4,1.0172043010752687,1,1,0.6827757766380109,False
11078,4,0.3085183342887074,0.125,1.1111111111111112,1,2,0.4197816670761127,False
11079,3,0.5955572276012894,0.7142857142857143,1.1538461538461537,1,2,0.7823816689719812,False
11080,2,0.9289642867278328,1.0,1.0285714285714285,1,2,0.9500000000000001,False
11081,2,0.8602368445435584,1.0,1.0,1,1,1.0,True
11082,3,0.3108132336380535,0.2,1.0,0,1,0.5820151953686896,False
11083,2,0.7179235282222093,1.0,1.0,0,1,0.9648243692380898,True
11084,4,0.29187882662605696,0.4,1.25,0,1,0.49723378283973874,False
11086,4,0.6252346845102326,0.6666666666666666,1.0,0,1,0.9112116901869252,True
11087,4,0.539156627299238,0.6,4.00175,1,2,0.6365433164615782,False
11088,2,0.7446750491565223,0.6666666666666666,1.0,0,2,0.9124004178924779,False
11089,2,0.34468133440333615,0.25,1.1111111111111112,0,1,0.5373634290300012,False
11090,2,0.5655173696064038,0.6,1.0227272727272727,0,1,0.8578407774503636,True
11091,3,0.4155095621042758,0.375,1.6,0,2,0.48980171709230874,False
11092,2,0.6629977036398108,0.4,1.0,0,1,0.8162847301313476,True
11093,2,0.48963589354864445,0.4,1.0294117647058822,0,1,0.7419868115208477,True
11094,4,0.7797659962826787,0.5,1.0277777777777777,1,2,0.8579949507878147,False
11095,2,0.7623997472225491,0.75,1.0,0,1,0.983885605952521,True
11096,2,0.4663246453524057,0.375,1.0,1,2,0.6715796099129359,False
11097,4,0.5915274509022236,0.3333333333333333,1.0714285714285714,0,1,0.7578768440374609,True
11098,4,0.20634201106489744,0.2,1.0,2,1,0.43224181426590846,False
11099,3,0.6714995145234753,0.6666666666666666,1.0,0,2,0.8810394744783149,False
11100,2,0.6382197872112763,0.6666666666666666,1.3,0,2,0.7067767342016582,False
11101,3,0.6068518832112744,0.6,1.0021052631578948,1,1,0.8755555689953081,True
11102,3,0.701363702414808,0.5,1.0092307692307692,0,1,0.8743939677015844,True
11104,2,0.67447623835358,0.6666666666666666,1.1111111111111112,0,2,0.8023152132626454,False
11105,2,0.44554412353798445,0.4444444444444444,1.0666666666666667,0,2,0.6916088571776547,False
11106,3,0.20655473623168644,0.2,1.1111111111111112,0,2,0.40733298219453223,False
11107,4,0.42162785751714293,0.5,1.056338028169014,0,1,0.7545071770311564,True
11108,4,0.8712164110548211,1.0,1.0080645161290323,1,1,1.0,True
11109,4,0.6590503988169699,0.6,1.0,1,2,0.8479263613977491,False
11110,2,0.3241232654549585,0.14285714285714285,1.0,0,1,0.5639099709092679,False
11111,2,0.5475541735080108,0.6666666666666666,1.0,0,1,0.8779200426145444,True
11113,2,0.718701466742194,0.5,1.0,1,1,0.881824438127607,True
11114,4,0.45881901408312376,0.42857142857142855,1.06,1,1,0.7406843393689577,True
11115,2,0.6577545791799131,0.42857142857142855,1.0,0,1,0.8259424386961532,True
11116,3,0.3484409857053135,0.2857142857142857,6.015714285714286,0,1,0.4738556605403724,False
11117,2,0.698985154566119,0.6666666666666666,1.0,0,1,0.9428190344965908,True
11118,2,0.8858889004092424,1.0,1.02,1,1,1.0,True
11119,3,0.6035478917994789,0.4,1.0,1,2,0.7408062393426339,False
11120,2,0.4631177592763174,0.3333333333333333,1.0,0,1,0.7028441190549296,True
11121,3,0.9163952927284483,1.0,1.0227272727272727,0,2,0.9500000000000001,False
11122,2,0.7528959318447305,0.8,1.0,0,1,0.9798125422191701,True
11123,3,0.6866098172544942,0.6,1.12,0,1,0.8297375407281166,True
11124,3,0.2780752642000041,0.2,1.1428571428571428,1,2,0.43798463703809704,False
11125,3,0.5853046473268637,0.75,1.2,0,2,0.7779877059972274,False
11126,3,0.85198175598677,1.0,1.02,1,1,1.0,True
11127,3,0.02323604649209158,0.0,1.1458333333333333,0,1,0.37,False
11128,2,0.6482695070448474,0.4,1.0,1,1,0.8099726458763632,True
11129,2,0.5054932780537662,0.4,1.1176470588235294,0,2,0.6187828334516142,False
11130,2,0.4354576603601128,0.3333333333333333,1.0,0,1,0.6909897909479848,True
11131,3,0.29930904155178956,0.25,1.0526315789473684,1,2,0.5479181606650527,False
11133,3,0.5082635571532022,0.3333333333333333,1.0149253731343284,1,2,0.6721923181450232,False
11135,2,0.4764527875528385,0.6,1.0,0,2,0.7696702422845499,False
11136,3,0.8460485196036763,0.5555555555555556,1.008888888888889,1,1,0.9398148148148149,True
11137,2,0.9557950117808763,1.0,1.0,1,1,1.0,True
11138,3,0.551557225501697,0.5,1.1111111111111112,0,2,0.6801911918816798,False
11139,3,0.6152221997974135,0.2857142857142857,1.0272727272727273,1,2,0.698190466579844,False
11140,2,0.6535755235744364,0.36363636363636365,1.0172043010752687,0,2,0.7470951378089578,False
11141,4,0.6723883375050506,0.6,1.0,1,1,0.903642620835498,True
11142,2,0.8263308067061733,1.0,1.0,0,1,1.0,True
11143,2,0.7152931286830245,0.5,1.0909090909090908,0,1,0.8803637218165343,True
11144,4,0.42906005027072125,0.2857142857142857,1.0,1,1,0.6684066882112615,True
11145,2,0.66663519943507,0.8,1.0142857142857142,1,1,0.9428436569007443,True
11146,2,0.417328717891209,0.5,1.0294117647058822,0,2,0.7026646886200419,False
11148,3,0.5465968917233814,0.375,1.0119047619047619,0,1,0.7559820012147825,True
11149,2,0.6620862596505466,0.5,1.0185185185185186,1,1,0.8575607779454724,True
11150,3,0.18311095057307158,0.25,1.2345679012345678,0,2,0.3381189788170307,False
11151,2,0.5440557789477135,0.75,1.0933333333333333,0,2,0.8403096195490202,False
11152,2,0.7603605881918037,0.6,1.0223642172523961,0,1,0.9413450139869635,True
11153,4,0.44217562683514716,0.2222222222222222,1.40625,2,2,0.33257262314098895,False
11154,2,0.6362794572449948,0.4,1.0,1,1,0.8048340531049978,True
11155,3,0.6964632129904488,0.7142857142857143,1.0,1,1,0.9556270912816209,True
11156,2,0.6262047051671371,1.0,1.0,0,1,0.9255163022144874,True
11158,2,0.7711443427562975,1.0,1.0,1,2,0.937633289752699,False
11160,3,0.33389153783553666,0.375,1.7,1,1,0.5048225638342776,False
11161,3,0.8607247090123188,1.0,1.0,1,2,0.9500000000000001,False
11162,3,0.5757892536665052,0.4444444444444444,1.0,1,2,0.7474281986613066,False
11163,3,0.70194189134229,0.6666666666666666,1.0,0,1,0.944086207400664,True
11164,4,0.9299301860103846,1.0,1.000344827586207,1,1,1.0,True
11165,2,0.9383729878182119,1.0,1.0106382978723405,1,1,1.0,True
11169,4,0.32340928639692085,0.21428571428571427,1.0338345864661653,0,1,0.5933658846462994,False
11170,2,0.9332563267083464,1.0,1.0,1,2,0.9500000000000001,False
11171,2,0.7860375696967531,0.8,1.0,1,1,0.9940161012986084,True
11172,3,0.30307292360553806,0.2222222222222222,1.1619718309859155,0,3,0.4579571788997279,False
11173,2,0.4724402953909673,0.4,1.0204081632653061,0,1,0.7346172694532717,True
11174,4,0.598581563417991,0.4,1.008888888888889,1,1,0.7886778128934248,True
11175,4,0.8502613314106432,0.6666666666666666,1.011764705882353,1,2,0.9361111111111112,False
11176,3,0.5647441410162114,0.625,1.024,1,2,0.8179260604355193,False
11177,2,0.6702458805673198,0.4444444444444444,1.015228426395939,1,1,0.837909610190227,True
11178,2,0.7018101028174023,0.5555555555555556,1.0191846522781773,1,1,0.8977334303079874,True
11179,3,0.8849513885978796,1.0,1.0204081632653061,1,1,1.0,True
11180,3,0.7056339870547242,0.625,1.0339256865912763,1,1,0.9283074230234534,True
11181,4,0.3444155851681154,0.2857142857142857,4.166666666666667,1,1,0.4721304888815733,False
11182,4,0.2774091528636761,0.2222222222222222,1.0582010582010581,1,2,0.5269584200103586,False
11183,3,0.6491365081205925,0.5,1.1503067484662577,0,1,0.7720108844326349,True
11184,3,0.5424202073868656,0.42857142857142855,1.008,0,1,0.7765134222134187,True
11185,4,0.5246176564895036,0.3333333333333333,1.0266666666666666,1,1,0.7292012178605809,True
11186,3,0.4570843587175121,0.3333333333333333,1.1503067484662577,0,1,0.6202583759582988,True
11188,2,0.7792869658587708,0.6666666666666666,1.025,0,2,0.9272340964791558,False
11189,3,0.7412474477179773,0.5,1.0714285714285714,0,1,0.8914870014029428,True
11190,4,0.4902887305977702,0.2857142857142857,1.0,1,2,0.6446475512085682,False
11192,4,0.4588919947609816,0.5714285714285714,1.0,1,1,0.800239426326135,True
11193,2,0.7642948731947127,0.5,1.0285714285714285,1,1,0.9013644694644007,True
11194,4,0.3643967441437767,0.375,4.24,1,1,0.5178962236806662,False
11195,3,0.89372677462686,1.0,1.001589825119237,1,1,1.0,True
11196,3,0.35370771317753236,0.5,1.0126582278481013,1,1,0.7253985437427519,False
11197,3,0.4889923178133261,0.3333333333333333,1.0074074074074073,1,2,0.6639332155707905,False
11198,3,0.4168525473618245,0.4444444444444444,1.25,1,1,0.5693124673878719,False
11199,4,0.6863064826444508,0.375,1.0144927536231885,1,1,0.8158575401809551,True
11200,4,0.4669473969676443,0.375,2.17,1,2,0.5118465034623239,False
11201,2,0.3307612830314357,0.4,1.0,0,1,0.6738976927277582,False
11202,3,0.3812905319438584,0.2,1.0714285714285714,0,1,0.6122197517854632,False
11203,4,0.5458559971334096,0.5,1.0,0,1,0.8077478082952708,True
11204,4,0.6505397368506926,0.6666666666666666,1.0,0,2,0.8720567126185509,False
11205,2,0.4942836836372101,0.5,1.0714285714285714,0,1,0.785645388225471,True
11206,3,0.6732092109811951,0.3333333333333333,7.639111111111111,1,2,0.5828833126427345,False
11207,2,0.9599085987837971,1.0,1.0,0,1,1.0,True
11208,4,0.5589814952073827,0.2857142857142857,1.0020661157024793,1,1,0.7240873074698306,True
11209,2,0.7792669234797776,0.5,1.0,1,1,0.9077810624437141,True
11210,2,0.6748294203083047,0.3333333333333333,1.0,1,1,0.7935776880686385,True
11211,4,0.53670101123523,0.375,1.0101010101010102,1,2,0.7017409095770034,False
11212,2,0.7625778005649991,0.5714285714285714,1.0,1,1,0.9303904859564283,True
11213,3,0.297449161408293,0.16666666666666666,1.24,1,1,0.4023988469527605,False
11214,4,0.5744842960022757,0.42857142857142855,1.0135135135135136,1,1,0.7902551744771658,True
11215,2,0.6793487465886929,0.4,1.0,0,1,0.8232923199665827,True
11217,4,0.6314465578762776,0.375,1.2222222222222223,1,1,0.632346143851738,False
11218,4,0.8300872988006673,0.6,1.0,1,1,0.9583333333333333,True
11219,3,0.5655965371111531,0.3333333333333333,1.1515151515151516,1,1,0.6667635952698593,True
11220,4,0.23844178450562817,0.125,1.0213333333333332,1,1,0.5197488600262216,False
11221,3,0.6065252708549054,0.5,1.1111111111111112,1,1,0.7537489256044833,True
11222,4,0.2914046398494023,0.14285714285714285,1.1333333333333333,0,1,0.46988770279260095,False
11223,4,0.45413862536006927,0.5,1.008,1,1,0.7684403632495536,True
11224,4,0.6071932768082933,0.6,1.0204081632653061,0,1,0.8757018805368877,True
11225,3,0.6359823198156136,0.6666666666666666,1.0276923076923077,1,1,0.9158178196035169,True
11226,3,0.45867065687688224,0.5,4.062874251497006,1,1,0.6103826624710448,False
11228,4,0.5406127036234258,0.2857142857142857,1.0,0,1,0.7162149682195634,True
11229,2,0.8327296523733527,0.6666666666666666,1.0,1,2,0.9361111111111112,False
11230,3,0.24421147895757725,0.1,1.0144927536231885,2,2,0.3568049195532474,False
11231,2,0.9582175494222356,1.0,1.0,0,1,1.0,True
11232,2,0.7346071216787592,0.2857142857142857,1.0,0,1,0.7993554331004207,True
11233,2,0.896962019104986,0.6666666666666666,1.0909090909090908,1,1,0.9861111111111112,True
11234,2,0.7094470455383828,0.5714285714285714,1.025,0,1,0.9076201623735927,True
11236,4,0.7493983740492814,0.6666666666666666,1.0,1,1,0.9644246999893746,True
11237,3,0.6601860182859206,0.375,1.0294117647058822,1,1,0.8046630554558707,True
11238,3,0.5553750595892649,0.375,1.0294117647058822,1,1,0.759744073157304,True
11240,2,0.700937106462894,0.5,1.0714285714285714,0,1,0.8742111408650499,True
11241,2,0.6921792466566925,0.5,1.0285714285714285,0,1,0.8704577723766778,True
11243,4,0.6300251827963008,0.5555555555555556,1.0,1,1,0.866968464584658,True
11244,4,0.2092617065386093,0.16666666666666666,1.1,0,1,0.5246042234371817,False
11245,2,0.6496097718085795,0.6666666666666666,1.125,0,1,0.8416581561719308,True
11246,2,0.7535624134318218,1.0,1.0,0,1,0.9800981771850665,True
11247,2,0.7172853392419272,0.6666666666666666,1.1111111111111112,0,1,0.8706619707862228,True
11248,4,0.6391086154214661,0.625,1.0,1,1,0.8997965494663427,True
11249,4,0.32756671253065844,0.2,1.9047619047619047,1,1,0.42919525775123457,False
11250,4,0.5842426746626289,0.6,1.0769230769230769,0,1,0.8658659081887458,True
11251,4,0.9361938132401981,1.0,1.0,0,1,1.0,True
11252,3,0.7704227519887075,0.3333333333333333,1.0,0,1,0.8345462587888112,True
11253,2,0.8454086070988841,0.8,1.001923076923077,1,1,1.0,True
11254,2,0.8279978514091619,1.0,1.0,1,1,1.0,True
11255,2,0.6660293373150781,0.6666666666666666,1.0,0,1,0.9286951128175731,True
11256,3,0.6702839537618069,0.2222222222222222,1.0,0,1,0.7453333346809861,False
11257,2,0.8098187686171627,0.5,1.0,1,2,0.8666666666666668,False
11258,4,0.6908590561515707,0.625,1.0,1,1,0.9219753097792447,True
11259,4,0.3978847541122726,0.2222222222222222,1.1063157894736841,1,1,0.5485908205454713,False
11260,2,0.753407351259493,0.7142857142857143,1.0,1,1,0.9800317219683541,True
11261,3,0.3780332341698696,0.3,1.075,1,1,0.6524904336918489,False
11263,2,0.7634658452545605,0.5,1.0,1,1,0.901009171775764,True
11264,2,0.7756993331688777,0.6666666666666666,1.0,0,1,0.9756965396120587,True
11265,3,0.1800599391857099,0.1111111111111111,1.0555555555555556,1,1,0.48894103213779105,False
11266,2,0.6728713678261488,0.5714285714285714,1.0227272727272727,1,1,0.8919448719254923,True
11267,3,0.43449032808185095,0.2857142857142857,1.0011904761904762,0,1,0.670733950130317,True
11268,4,0.6879373920271827,0.5,1.0,1,1,0.8686398346783164,True
11269,3,0.5698996017230142,0.25,1.1666666666666667,0,1,0.6338855435955776,True
11270,3,0.18495168118181685,0.1,1.0074074074074073,1,1,0.48640786336363584,False
11271,3,0.5745157156856807,0.125,1.0,0,1,0.6637805448176727,False
11272,2,0.56833907149536,0.6,1.0,0,1,0.8590500782599162,True
11273,2,0.8501719227429743,0.7142857142857143,1.0,1,1,1.0,True
11274,4,0.18214355889206094,0.2,1.1111111111111112,1,1,0.44687104904897845,False
11275,3,0.6682209988430997,0.2857142857142857,1.0,0,1,0.7709042375994237,True
11276,3,0.9000717714392333,1.0,1.02,0,1,1.0,True
11277,3,0.48988727200899074,0.5,1.0,1,1,0.783761211813377,True
11278,4,0.6836351006805025,0.5,1.0,1,1,0.8667959955297393,True
11279,3,0.521943600216918,0.14285714285714285,1.0,0,1,0.6486901143786792,False
11280,4,0.33957519563959254,0.1,1.0466666666666666,1,1,0.5526750838455396,False
11281,4,0.30974544574760465,0.14285714285714285,1.1549295774647887,0,1,0.4777480481775448,False
11282,3,0.6672780710900401,0.5555555555555556,1.024,1,1,0.8829339881391178,True
11283,2,0.6180649980438827,0.4,1.0753086419753086,1,1,0.7970278563045212,True
11284,2,0.6351259938289137,0.3333333333333333,1.011764705882353,1,1,0.7765619338631853,True
11285,4,0.04904673581054847,0.0,1.0769230769230769,1,1,0.44999999999999996,False
11286,4,0.2102849791361574,0.125,1.1578947368421053,0,1,0.42768165772501987,False
11287,3,0.45298143077112357,0.25,1.0714285714285714,0,1,0.6637777560447672,True
11288,2,0.9776575982206751,1.0,1.0,0,1,1.0,True
11289,2,0.804258366304193,1.0,1.016,1,1,1.0,True
11290,3,0.3289840181355517,0.1111111111111111,1.0555555555555556,1,1,0.5527656374020089,False
11291,3,0.7931776909077267,0.6,1.0,0,1,0.955409486579502,True
11292,4,0.5692572374510988,0.25,1.0,1,1,0.7136102446218995,True
11293,4,0.5200161985729956,0.1,1.0,1,1,0.6300069422455695,False
11294,3,0.6830712594426803,0.5714285714285714,1.0185222222222223,1,1,0.896316254046863,True
11295,3,0.9255293348054294,1.0,1.0,1,1,1.0,True
11296,3,0.7653103879240034,0.6,1.0,1,1,0.9434663567293349,True
11297,4,0.4540661200895623,0.5,5.333333333333333,1,1,0.6084092895621934,False
11298,3,0.9661843661797398,1.0,1.0,1,1,1.0,True
11299,3,0.7821183358878412,0.8333333333333334,1.0,1,2,0.9423364296662177,False
11300,4,0.8802932328680546,0.75,1.0,1,1,1.0,True
11301,3,0.7491847430148094,0.6666666666666666,1.0,0,1,0.9643331438317437,True
11302,3,0.8030637442037755,1.0,1.0,1,1,1.0,True
11303,3,0.6978025066656995,0.4,1.0,1,1,0.8312010742852998,True
11304,2,0.6979382068724308,0.4,1.0,1,1,0.8312592315167562,True
11305,4,0.3247776604777771,0.09090909090909091,1.0499790004199916,1,1,0.5463332830619044,False
11306,3,0.4172877760176796,0.3333333333333333,1.0,1,1,0.6832026976583706,True
11307,4,0.757658835290784,0.6666666666666666,1.0,1,2,0.9179648976643043,False
11308,3,0.14963324108719459,0.14285714285714285,1.0,0,2,0.43912853189451195,False
11309,4,0.6553617986852023,0.6666666666666666,6.0,1,1,0.7641233105476264,False
11310,3,0.9659544368647978,1.0,1.0,1,1,1.0,True
11311,3,0.8485622645306412,1.0,1.0,1,1,1.0,True
11312,2,0.8931126063678919,1.0,1.0476190476190477,1,1,1.0,True
11313,3,0.8484973719519588,1.0,1.0,1,1,1.0,True
11314,3,0.9062852405939927,1.0,4.132121212121212,0,1,0.8400000000000001,False
11315,4,0.7580665376357523,0.5,1.0,1,2,0.8486951827962749,False
11316,4,0.9109635193215666,0.8333333333333334,1.0,1,1,1.0,True
11317,3,0.8848285504339292,1.0,1.0,1,1,1.0,True
11318,3,0.9552799911087508,1.0,1.0,1,1,1.0,True
11319,3,0.5079547256504687,0.14285714285714285,1.0114942528735633,0,1,0.6426948824216294,False
11320,3,0.9470558200492025,1.0,1.0,1,1,1.0,True
11321,2,0.9666503669177497,1.0,1.0,1,1,1.0,True
11322,4,0.6270601841702849,0.5,1.2638480563722059,1,2,0.632549602739646,False
11323,4,0.906754875263674,0.8333333333333334,1.0,1,1,1.0,True
11324,2,0.8571979771847417,1.0,1.0476190476190477,1,1,1.0,True
11326,3,0.9627177495907209,1.0,1.0,1,1,1.0,True
11327,3,0.5352781069763947,0.4444444444444444,1.0,0,1,0.7800662786512591,True
11328,3,0.8783919066595234,1.0,1.0,1,1,1.0,True
11329,3,0.893097052243471,1.0,1.07145,1,2,0.9500000000000001,False
11330,2,0.9720860848430322,1.0,1.0,1,1,1.0,True
11331,2,0.844476984878212,1.0,1.0101111111111112,1,2,0.9500000000000001,False
11332,2,0.9753657848541478,1.0,1.0,1,1,1.0,True
11333,4,0.42039202964696126,0.3333333333333333,1.1538461538461537,1,1,0.6045330920709199,True
11334,3,0.5757686676763082,0.5714285714285714,1.0,1,1,0.8503294290041321,True
11335,3,0.8115878121597504,0.6666666666666666,1.0,1,1,0.9861111111111112,True
11336,2,0.8280351557435427,0.25,1.0,0,1,0.8125,True
11337,3,0.7328101036221244,0.8,1.0,0,1,0.9712043301237676,True
11338,2,0.9470392345526848,1.0,1.0,1,1,1.0,True
11339,4,0.4420408994458859,0.3333333333333333,1.0185111111111111,1,2,0.643811179127602,False
11340,2,0.809902984086676,0.6666666666666666,1.0,1,1,0.9861111111111112,True
11341,3,0.8826806002113687,0.7142857142857143,1.0,1,1,1.0,True
11342,4,0.45394869849425523,0.42857142857142855,1.0,1,2,0.6885970612594428,False
11344,2,0.9561259712412333,1.0,1.0,1,1,1.0,True
11345,4,0.43886914286419093,0.42857142857142855,1.0,1,1,0.7321343945608437,True
11346,3,0.9430996887833276,1.0,1.0,1,1,1.0,True
11347,4,0.19560194625853666,0.125,1.0,1,1,0.5013889293488967,False
11349,4,0.6786924895071165,0.5714285714285714,1.0,1,2,0.8444396383601929,False
11350,3,0.6503815577950544,0.5,1.0,1,1,0.8525444771502615,True
11351,2,0.819300085860987,0.6666666666666666,1.0,1,1,0.9861111111111112,True
11352,3,0.6195060026865328,0.6666666666666666,1.0,1,1,0.9087565408339109,True
11353,2,0.9201449510975676,0.75,1.0,0,1,1.0,True
11354,3,0.8703517044240883,0.8,1.0,1,1,1.0,True
11355,2,0.9744655654321517,1.0,1.0,1,2,0.9500000000000001,False
11356,4,0.7164921812198145,0.6,1.0,1,1,0.9225442681418252,True
11357,3,0.5096205804014644,0.375,1.0,1,1,0.7401350106482466,True
11358,3,0.6834293800227661,0.5714285714285714,1.0,1,2,0.8464697342954713,False
11359,2,0.8897950406210478,0.8,1.0,0,1,1.0,True
11360,4,0.7199037042123072,0.42857142857142855,1.0,1,2,0.8025777779957507,False
11361,2,0.6445622414095149,0.42857142857142855,1.0114942528735633,0,1,0.8202885796516969,True
11362,3,0.5399039943028491,1.0,1.0,1,1,0.8885302832726496,True
11363,2,0.5682038533816771,0.6666666666666666,1.079136690647482,0,1,0.8867699054175442,True
11364,3,0.7623668582330545,0.8571428571428571,1.0416666666666667,1,1,0.983871510671309,True
11366,3,0.7293811016467856,0.8,1.028577306156035,1,1,0.9697347578486224,True
11367,3,0.0886769429556966,0.14285714285714285,1.0555333333333332,0,1,0.46785714285714286,False
11368,4,0.7362492150558909,0.75,1.0146212121212121,1,1,0.9726782350239533,True
11369,4,0.3372274088625283,0.3333333333333333,1.0,0,1,0.6488911117347343,False
11370,2,0.7448325281484084,0.6666666666666666,1.0,1,1,0.9624679088890005,True
11371,3,0.4759206787909387,0.5,1.0146212121212121,1,1,0.7777755290056405,True
11372,3,0.8259221435613353,1.0,1.0330555555555556,1,1,1.0,True
11373,3,0.17306934440581034,0.14285714285714285,1.0,0,1,0.49917257617391875,False
11374,3,0.6264889134948113,0.5,1.0,1,1,0.8423047724501573,True
11375,4,0.520337889618942,0.3333333333333333,1.0417,1,1,0.7273670320589116,True
11376,3,0.9877413731887602,1.0,1.0,1,2,0.9500000000000001,False
11377,4,0.6861307016622098,0.42857142857142855,1.0399875201497581,1,2,0.7881036340457092,False
11378,2,0.6014980751269687,0.6,1.0570824524312896,0,1,0.87326107981632,True
11379,4,0.3465360582142288,0.4,1.0833333333333333,0,2,0.630658310663241,False
11380,3,0.5320552756284898,0.5,1.0570824524312896,0,1,0.8018332133645909,True
11381,4,0.8043150474841475,0.8,1.0,1,1,1.0,True
11382,3,0.9071976237742467,1.0,1.0,1,1,1.0,True
11383,2,0.796221182616454,0.8,1.0,1,1,0.9983805068356231,True
11384,3,0.6579316347619997,0.75,1.0021865889212829,1,1,0.9391135577551428,True
11385,2,0.8321947126241996,1.0,1.019810606060606,1,1,1.0,True
11386,4,0.5281492795810441,0.4444444444444444,8.0,1,1,0.6170110669103946,False
11387,2,0.9621006444730358,1.0,1.0,1,1,1.0,True
11388,3,0.8758497397877726,0.7142857142857143,1.0,1,3,0.9500000000000001,False
11389,2,0.6629169525562423,0.6,1.0179924242424243,1,1,0.8995834558574372,True
11390,3,0.5613787584405183,0.6666666666666666,1.0021865889212829,1,1,0.8838448647284761,True
11391,3,0.774220171681751,0.8333333333333334,1.0416666666666667,0,2,0.9389515021493219,False
11393,2,0.7683585154957253,0.75,1.0,1,1,0.9864393637838822,True
11394,3,0.8929056981176963,1.0,1.0,1,2,0.9500000000000001,False
11395,2,0.7027893811467667,0.5714285714285714,1.0,1,1,0.9047668776343287,True
11396,2,0.743344746790964,0.6666666666666666,1.0,1,1,0.9618302883072385,True
11397,3,0.8145669171985448,0.8,1.0101010101010102,1,1,1.0,True
11398,2,0.9370007106544794,1.0,1.0,1,1,1.0,True
11399,2,0.9518577333422431,1.0,1.0,1,1,1.0,True
11400,2,0.9826268538158408,1.0,1.0,0,1,1.0,True
11401,2,0.8805787063822382,0.6666666666666666,1.0,1,1,0.9861111111111112,True
11402,2,0.946204820906786,0.875,1.0370216737529814,1,1,1.0,True
11403,3,0.9120844546453185,1.0,1.0,1,1,1.0,True
11404,3,0.5313165442923431,0.5,1.0,0,2,0.7515166142205282,False
11405,3,0.28662145847590104,0.2,1.0,0,3,0.5216472917277671,False
11406,2,0.67402074159531,0.5714285714285714,1.0,1,1,0.8924374606837042,True
11407,3,0.6091986309095313,0.6666666666666666,1.0021865889212829,1,1,0.9043390957866246,True
11408,2,0.9812225298898327,1.0,1.0,0,1,1.0,True
11409,3,0.654208354751947,0.4,1.0,1,1,0.8125178663222631,True
11410,4,0.7758668776414166,0.875,1.0,1,1,0.9896572332748927,True
11411,3,0.9007847903917302,0.8333333333333334,1.0,1,1,1.0,True
11412,3,0.7956097944567958,0.6666666666666666,1.0140845070422535,1,2,0.934229594449738,False
11413,3,0.6029264798012816,0.8,1.0,2,1,0.8105399199148351,False
11414,3,0.24509270619376983,0.16666666666666666,1.0,0,1,0.5399603661465363,False
11415,2,0.761374590930225,0.7142857142857143,1.0,0,1,0.9834462532558106,True
11416,3,0.7674320914910223,0.625,1.0,1,2,0.904792324924724,False
11417,2,0.8853740998219851,0.8333333333333334,1.0,1,1,1.0,True
11418,3,0.8644749815944858,0.8,1.0,1,1,1.0,True
11420,2,0.8263274165145252,0.6666666666666666,1.0,1,1,0.9861111111111112,True
11422,3,0.8309090398428886,0.625,1.0,1,1,0.96875,True
11423,4,0.5254759647817208,0.3333333333333333,1.0,1,2,0.6795690642715312,False
11424,2,0.8581855906870092,0.6666666666666666,1.0,0,1,0.9861111111111112,True
11425,3,0.569805764252426,0.2,1.0,0,1,0.6930119942034206,False
11426,4,0.4380029214567771,0.4,4.0,1,1,0.5598583949100474,False
11428,4,0.5065162099722491,0.25,1.0,1,2,0.6367212328452497,False
11429,2,0.9122679566762215,0.8571428571428571,1.0,1,1,1.0,True
11430,2,0.7678747098363635,0.8,1.0,0,1,0.9862320185012987,True
11431,2,0.7343502361138993,0.8,1.0,0,1,0.9718643869059569,True
11432,3,0.40666010594551427,0.6,1.1111111111111112,0,2,0.659759093024268,False
11433,4,0.26896739470540576,0.3333333333333333,1.135,0,1,0.5396368199531104,False
11434,2,0.5303525883059989,0.5,1.0712622263623661,0,1,0.8011034902263805,True
11435,2,0.6076404727667508,0.6666666666666666,1.0338461538461539,0,1,0.9036713137254329,True
11436,2,0.8364957687453768,1.0,1.0,1,1,1.0,True
11437,3,0.4607010341071165,0.3333333333333333,1.1363636363636365,0,1,0.6218083796967007,True
11438,4,0.8390469984520843,1.0,1.0031347962382444,1,1,1.0,True
11439,4,0.3128265783707744,0.2727272727272727,1.0166666666666666,0,1,0.6131810877000288,False
11440,2,0.40460901119153997,0.5,1.0,0,1,0.7472133857487552,True
11441,3,0.7777216877867372,0.7142857142857143,1.0,0,2,0.9404521519086017,False
11442,3,0.2233400763257776,0.2,1.118421052631579,0,2,0.4145266993777142,False
11443,4,0.4146128385735036,0.3333333333333333,1.2,0,1,0.6020562958965809,True
11444,2,0.2693806661579727,0.3333333333333333,1.0,0,1,0.6198139362899248,False
11445,2,0.28593563179279735,0.3333333333333333,1.0,0,1,0.6269089215619925,False
11446,4,0.44795648890561884,0.2,1.125,0,1,0.5607908761976461,False
11447,2,0.41023714927955984,0.4,1.1058823529411765,0,1,0.6279587782626685,True
11448,2,0.5838546170502651,0.4,1.0294117647058822,0,1,0.7823662644501137,True
11449,2,0.21917121503877945,0.3333333333333333,1.1029411764705883,0,2,0.46829560009598487,False
11450,3,0.4686285927997111,0.4,1.0,0,1,0.7329836826284476,True
11451,2,0.6276018755972836,0.5714285714285714,1.0,0,2,0.8225436609702644,False
11452,3,0.3480033439438909,0.3333333333333333,1.0664666666666667,0,2,0.603509369626747,False
11453,3,0.4337100014455822,0.42857142857142855,1.0833333333333333,0,1,0.7299233339528685,True
11454,3,0.38562134571180673,0.2857142857142857,1.0,0,1,0.6497901005431552,False
11455,2,0.22001531865889837,0.3333333333333333,1.25,0,1,0.4386573587903215,False
11456,3,0.5667979642029423,0.3333333333333333,1.1111111111111112,0,1,0.6672784925949118,True
11457,3,0.2673333366192291,0.2857142857142857,1.0384615384615385,0,2,0.5490952395034792,False
11458,3,0.418566403620271,0.3333333333333333,1.1111111111111112,0,1,0.6037506809166241,True
11460,4,0.6771179225633028,0.6,1.008888888888889,0,2,0.8556695858604632,False
11461,4,0.6689722212031719,0.5,1.0,0,1,0.860511904325169,True
11462,3,0.4068588862820208,0.4,1.0,0,1,0.7065109512637232,True
11463,2,0.7519859446158003,0.75,1.0,0,1,0.9794225476924858,True
11464,2,0.5258266126589961,0.6,1.1764705882352942,0,2,0.7108304530443318,False
11465,2,0.4934087700638932,0.3333333333333333,1.0441176470588236,0,1,0.7158259808210335,True
11466,2,0.5074116910185814,0.6666666666666666,1.008888888888889,0,2,0.810716121547646,False
11467,2,0.5406850926002786,0.6666666666666666,1.0,0,1,0.8749761507969449,True
11468,2,0.7055535265752088,0.75,1.0526315789473684,0,1,0.9595229399608038,True
11469,2,0.49009724319709314,0.6,1.0,0,2,0.7755178661320876,False
11470,3,0.5691645209964599,0.42857142857142855,1.0294117647058822,0,1,0.7879752709032448,True
11471,4,0.2762648515177092,0.16666666666666666,1.3333333333333333,0,2,0.3433198569996531,False
11472,3,0.18309576188871723,0.2857142857142857,1.0767574219350868,0,1,0.5629934217618312,False
11473,2,0.6552765532580007,0.6666666666666666,1.0588235294117647,0,1,0.9240867767931114,True
11474,2,0.4087717922328264,0.4,1.0,0,1,0.7073307680997827,True
11475,2,0.5441368667426213,1.0,1.1333333333333333,0,1,0.8103443714611234,True
11476,2,0.8360652039297634,1.0,1.0,0,1,1.0,True
11477,3,0.6107400387716511,0.5,1.0,0,1,0.83555525471166,True
11478,2,0.9523788032660482,1.0,1.0003846153846154,1,1,1.0,True
11479,2,0.2501603963267994,0.18181818181818182,1.0842105263157895,0,1,0.5484453646595374,False
11480,2,0.3634166183461931,0.5,1.1764705882352942,0,1,0.6495595031007494,False
11481,2,0.5993067694723825,0.5,1.0,0,1,0.8306552821548305,True
11482,2,0.5230691678507448,0.375,1.2,0,1,0.6658986909836525,True
11483,2,0.9487074987609742,1.0,1.0,0,1,1.0,True
11484,2,0.6830645645718093,0.6666666666666666,1.1428571428571428,0,1,0.8559959244990294,True
11485,3,0.1431746133797294,0.25,1.1428571428571428,0,1,0.45100340573416975,False
11486,2,0.8756585368873749,0.8,1.0,0,1,1.0,True
11487,2,0.6320985245233078,0.42857142857142855,1.0,0,1,0.8149469867004653,True
11488,2,0.605538729302597,0.8,1.05,0,1,0.9166594554153988,True
11489,2,0.88608332450183,0.8,1.0,0,1,1.0,True
11490,2,0.4280717282019518,0.2857142857142857,1.08,0,1,0.6679831216103602,True
11491,3,0.5448529931573658,0.42857142857142855,1.0227272727272727,0,2,0.7275560446864903,False
11492,2,0.7417751290105066,0.6,1.0,0,1,0.933379817194979,True
11493,2,0.8516789205277502,0.8333333333333334,1.0,1,1,1.0,True
11494,2,0.8730416984473879,0.75,1.0,0,2,0.9500000000000001,False
11495,2,0.9713858507208446,1.0,1.0285714285714285,0,1,1.0,True
11496,2,0.541430049571874,0.6666666666666666,1.0476190476190477,0,1,0.8752954180704857,True
11497,3,0.5214161602997558,0.2857142857142857,1.0,0,1,0.7079878782237048,True
11498,3,0.6397909711188878,0.3333333333333333,1.1,0,1,0.7785612098446028,True
11499,2,0.817067658473562,1.0,1.0,0,1,1.0,True
11500,2,0.755933850268718,1.0,1.0,0,1,0.9811145072580221,True
11501,2,0.7771876735452172,1.0,1.0,0,1,0.990223288662236,True
11502,2,0.610666709473565,0.3333333333333333,1.0,0,2,0.7160793834251787,False
11503,3,0.6400784588374475,0.5,1.0,1,2,0.7981288633112872,False
11504,2,0.5781866534310974,0.5,1.0,0,1,0.8216038038514228,True
11505,2,0.8302372776833614,1.0,1.0,0,1,1.0,True
11507,3,0.4093981450805412,0.25,1.0,0,1,0.6450992050345177,True
11508,2,0.5536222089370431,0.6666666666666666,1.0,0,1,0.8805206292269867,True
11509,3,0.2932498741653574,0.25,1.0,0,1,0.5953213746422961,False
11510,4,0.5388683562238616,0.42857142857142855,1.0,0,1,0.774991200286417,True
11511,3,0.6304735841554885,0.25,1.0,0,1,0.7398458217809236,True
11512,3,0.24034452885917626,0.25,1.0666666666666667,0,1,0.5726476552253612,False
11514,4,0.3267629331003309,0.5,1.0666666666666667,0,1,0.7138507808525227,False
11515,2,0.7444562665120518,0.75,1.25,0,1,0.8161955427908794,False
11516,3,0.4593182172631815,0.5,1.0,0,1,0.7706601883508872,True
11518,3,0.6867115370301782,0.5,1.0,0,2,0.8181144682510288,False
11519,4,0.1042162893827318,0.14285714285714285,1.0606060606060606,0,1,0.46966412402117075,False
11521,2,0.6869379792308605,1.0,1.0303030303030303,0,1,0.9515448482417974,True
11522,2,0.8773407150655692,0.8333333333333334,1.0,0,2,0.9500000000000001,False
11523,3,0.6964590445447517,0.8333333333333334,1.0,0,2,0.9056253048048936,False
11524,2,0.4284750791716913,0.5,1.0,0,1,0.7574417005973915,True
11525,4,0.2155954502490717,0.16666666666666666,1.0,0,2,0.4773186850273799,False
11526,2,0.5798300325211633,0.4,1.0,0,1,0.78064144250907,True
11527,3,0.5594274186486055,0.4,1.0,1,1,0.7718974651351167,True
11528,2,0.5987164586559288,0.5,1.0,0,1,0.8304022918049219,True
11529,2,0.7257421511376495,0.3333333333333333,1.0,0,1,0.8153974298526434,True
11530,2,0.44364382368759786,0.42857142857142855,1.0,0,1,0.7341806863423038,True
11531,3,0.7187131495815503,0.6,1.0,0,1,0.9234961117254263,True
11533,4,0.5200707648952502,0.3333333333333333,1.375,0,1,0.5672525500344723,False
11534,3,0.6894619188668377,0.3333333333333333,1.0,0,1,0.7998487588794384,True
11535,2,0.6723331876538252,0.6666666666666666,1.1764705882352942,0,1,0.8513967629627505,True
11536,4,0.4014630658716068,0.4,1.0,0,1,0.7041984568021172,True
11537,3,0.43611829982917116,0.5,1.0,0,1,0.7607173665934543,True
11538,2,0.4300190009736342,0.3333333333333333,1.0,0,1,0.6886589369252083,True
11539,2,0.6792415518183172,0.6666666666666666,1.2,0,1,0.8543574904618185,True
11540,3,0.23467489394363147,0.0,1.0,0,2,0.45771781169012776,False
11541,2,0.6035774710779732,0.6666666666666666,1.0,0,1,0.9019300272873854,True
11542,3,0.5930264424401371,0.5,1.2,0,1,0.7479637134267254,True
11543,2,0.4925516670717089,0.6666666666666666,1.1,0,1,0.8543475398561291,True
11545,3,0.30470204714203863,0.16666666666666666,1.0,0,1,0.5655072265529372,False
11547,3,0.6540443443113578,0.6666666666666666,1.25,0,1,0.7635586872445502,False
11548,2,0.5718528069736458,0.6666666666666666,1.21,0,1,0.7283337426712451,False
11549,2,0.6648477915366129,1.0,1.1111111111111112,0,1,0.8620776249442627,True
11550,2,0.535989022313143,0.5,1.0,0,1,0.8035191048008709,True
11552,3,0.5795874550282266,0.6666666666666666,1.3,0,1,0.731648591837494,False
11553,3,0.3964006180206141,0.2857142857142857,1.1891891891891893,0,1,0.5744097886755013,False
11554,3,0.7706655459836295,0.5,1.0,0,1,0.9040947578025079,True
11555,3,0.6634279887419895,0.5,1.0,0,1,0.858135804698948,True
11556,4,0.2965940756880991,0.14285714285714285,1.0,0,1,0.552111746723471,False
11557,3,0.8055361653571036,0.6,1.0,0,1,0.9583333333333333,True
11558,2,0.5410145244458905,0.3333333333333333,1.0,0,1,0.7362284469847467,True
11559,3,0.7311861299365117,0.75,1.0,0,1,0.9705083414013622,True
11560,3,0.21408749798795926,0.16666666666666666,1.0526315789473684,0,2,0.4766724197726175,False
11561,2,0.7273445058217466,1.0,1.0,0,1,0.9688619310664628,True
11562,2,0.3891327886133037,0.3333333333333333,1.0,0,1,0.6711362744850666,False
11563,2,0.6323209604434878,0.5,1.0,0,1,0.8448042211424471,True
11564,4,0.5042848864010814,0.2,1.2,0,1,0.5849316179814158,False
11565,4,0.5585791433949473,0.3333333333333333,1.0907504363001745,0,1,0.7437561408200568,True
11566,2,0.8021643712790928,1.0,1.0,0,1,1.0,True
11567,3,0.5580135489630448,0.375,1.0570824524312896,0,2,0.7108748543174955,False
11568,4,0.18690668931448412,0.14285714285714285,1.0,0,2,0.4551028668490646,False
11569,3,0.6061121508591851,0.6666666666666666,1.1363636363636365,0,1,0.8230163186221905,True
11570,3,0.725149939308817,0.6666666666666666,1.0,0,1,0.9540325136720327,True
11571,3,0.587917163629562,0.25,1.0,0,1,0.7216073558412409,True
11572,2,0.6213741844437813,0.3333333333333333,1.0,0,1,0.7706683012695571,True
11573,3,0.4425100392300959,0.4,1.1904761904761905,0,2,0.5917900168128983,False
11574,2,0.7359298487728301,1.0,1.0,0,1,0.9725413637597844,True
11575,3,0.4397715721674511,0.3333333333333333,1.1666666666666667,0,2,0.5628386102939871,False
11576,3,0.42192469251071585,0.3333333333333333,1.0,0,2,0.6351899475839576,False
11577,2,0.2495547470064852,0.2,1.0,0,1,0.5557615582408746,False
11578,2,0.9611932458100335,1.0,1.0285714285714285,0,1,1.0,True
11579,3,0.41025926385803013,0.3333333333333333,1.0,0,1,0.680190478161378,True
11580,2,0.7670820222688268,1.0,1.2,0,1,0.9058922952580687,True
11581,2,0.701546777567862,1.0,1.25,0,2,0.7478057618147981,False
11582,2,0.7324425886225896,0.75,1.0909090909090908,0,1,0.9710468236953955,True
11583,3,0.8241995073197864,0.8,1.0499790004199916,1,1,1.0,True
11584,2,0.7041757381887709,0.5714285714285714,1.0,0,1,0.9053610306523303,True
11585,2,0.7219122009822729,0.6666666666666666,1.1111111111111112,0,1,0.8726449115320852,True
11586,4,0.7219456632991408,0.4,1.0,1,1,0.8415481414139176,True
11587,3,0.5767245049253132,0.2222222222222222,1.0,1,1,0.7052364280367744,False
11588,3,0.7816318839201659,0.75,1.2,1,1,0.9121279502514997,True
11589,3,0.623427326288243,0.6666666666666666,1.0,0,1,0.9104371080917868,True
11590,2,0.6597062500647748,0.4,1.0,2,1,0.7098741071706178,False
11591,2,0.8646525065487776,1.0,1.0,0,1,1.0,True
11592,2,0.644312034503186,0.6,1.0,0,1,0.8916099195489845,True
11593,4,0.5187682298331417,0.4,1.0285714285714285,1,1,0.754472098499918,True
11594,2,0.972260993677878,1.0,1.0,1,1,1.0,True
11595,2,0.5130838425067091,0.6,1.0222222222222221,0,2,0.7853692658362087,False
11596,3,0.6953351866076473,1.0,1.0227272727272727,1,1,0.9551436514032774,True
11597,2,0.4916302705041545,0.5,1.0,0,1,0.7845082111684472,True
11598,4,0.5520921872207871,0.3333333333333333,1.0,1,1,0.7409760167454167,True
11599,2,0.8164506423025225,0.7777777777777778,1.0166666666666666,1,1,1.0,True
11600,4,0.007198717788048316,0.0,2.0,3,1,0.185,False
11601,2,0.7849718788744253,1.0,1.0,0,1,0.993559376660468,True
11602,3,0.16494715322634276,0.16666666666666666,1.0,0,1,0.5056122720176389,False
11603,3,0.8622212194498702,0.5714285714285714,1.0,1,1,0.9464285714285714,True
11604,4,0.3741290165742543,0.2,1.0,1,1,0.6091505309127756,False
11605,2,0.948961956022903,1.0,1.0294117647058822,0,2,0.9500000000000001,False
11606,3,0.5529328304382003,0.3333333333333333,1.1506849315068493,1,2,0.6113362924100224,False
11607,2,0.6144888203915365,0.4,1.0375999999999999,0,2,0.74549520873923,False
11608,2,0.5379247003703079,0.3333333333333333,1.0,0,2,0.6849042366666399,False
11609,4,0.614341569163505,0.375,1.0,1,2,0.735015434403407,False
11610,4,0.871006217352645,0.7142857142857143,1.0,1,2,0.9500000000000001,False
11611,2,0.9647968514536813,1.0,1.0,0,2,0.9500000000000001,False
11612,4,0.8312372381941364,0.7142857142857143,1.0,2,1,0.895,False
11613,4,0.36623464908492337,0.42857142857142855,1.0,0,1,0.7010053257983004,False
11614,2,0.8872973383280991,1.0,1.0222222222222221,1,1,1.0,True
11615,4,0.5770513087309151,0.4444444444444444,1.106951871657754,1,2,0.6679690794031965,False
11616,2,0.9429319999711139,1.0,1.0,1,2,0.9500000000000001,False
11617,2,0.9693834575081981,1.0,1.0,0,1,1.0,True
11618,2,0.5045480151554083,0.375,1.125,0,1,0.6579610541142226,True
11619,2,0.9191833678024598,1.0,1.000645577792124,1,1,1.0,True
11620,4,0.777910058248961,0.6,1.06,1,1,0.9488662154400309,True
11621,2,0.8340241185902011,0.8,1.0,1,2,0.9500000000000001,False
11622,2,0.8661292646825643,1.0,1.0,1,2,0.9500000000000001,False
11623,4,0.13754142817216913,0.1111111111111111,1.0722222222222222,1,2,0.42071881313198783,False
11624,4,0.4947962595982329,0.3333333333333333,1.054781801299907,1,1,0.7164206191928935,True
11625,2,0.9521686773708865,1.0,1.0,0,1,1.0,True
11627,2,0.48444180640563983,0.2727272727272727,1.0172043010752687,0,1,0.6867304711435426,True
11628,3,0.46515665401538814,0.2857142857142857,1.0,1,1,0.6838766612446902,True
11629,3,0.38578382040271453,0.3,1.0,1,1,0.6558121135059253,False
11631,2,0.2910335429618584,0.125,1.0,2,1,0.43728818507889167,False
11632,4,0.8132798229768641,0.8,1.0256410256410255,1,1,1.0,True
11633,2,0.809470232223452,1.0,1.0,1,1,1.0,True
11634,4,0.903555808496659,1.0,1.0,1,2,0.9500000000000001,False
11635,2,0.7333316402361902,0.375,1.0,1,1,0.8360111791488434,True
11636,4,0.7485441811661099,0.5,1.0,1,2,0.8446141728807138,False
11637,4,0.32298318112629615,0.16666666666666666,1.0,1,1,0.5733419982604762,False
11638,2,0.930935692974194,1.0,1.0,1,1,1.0,True
11639,3,0.47507910553193106,0.5,1.2788888888888887,1,1,0.61741485475178,False
11640,4,0.6023637610081239,0.5,8.133971291866029,1,2,0.6219654213844342,False
11641,3,0.791435944698676,1.0,1.0,1,1,0.9963296905851469,True
11645,3,0.37810343531187357,0.125,1.002439024390244,0,1,0.5796038532288982,False
11646,2,0.6861596149029217,0.5714285714285714,1.0714285714285714,0,1,0.8976398349583949,True
11647,3,0.9630443271332936,1.0,1.0,1,1,1.0,True
11648,2,0.34777548139696934,0.125,1.0,0,1,0.5666061586939393,False
11649,3,0.5043884934493764,0.5,1.25,0,2,0.5799760210021138,False
11650,3,0.8000759482468208,0.6666666666666666,1.0,0,1,0.9861111111111112,True
11651,3,0.2936266928067411,0.2,1.0,0,2,0.5246495350124128,False
11652,2,0.6614176695800674,0.75,1.0,0,1,0.9406075726771718,True
11654,4,0.22885677443103367,0.2222222222222222,1.1166666666666667,1,2,0.42615025782494037,False
11655,4,0.4787626621797598,0.25,1.05,1,1,0.674826855219897,True
11656,4,0.22637938490121223,0.16666666666666666,1.0526315789473684,1,2,0.4819403713068688,False
11657,3,0.5098728939160448,0.5,1.0,0,2,0.7423264783449718,False
11658,3,0.26773355986542624,0.3333333333333333,1.1111111111111112,0,2,0.4891080335931191,False
11659,4,0.8116607448863846,0.5,1.0,1,2,0.8666666666666668,False
11660,3,0.38249954914337203,0.3333333333333333,1.0,0,1,0.6682934575693816,False
11661,3,0.4766478406273583,0.3,1.0,1,2,0.6447538364593441,False
11662,4,0.25405898209848216,0.2,1.0,0,2,0.5076919447088734,False
11663,3,0.6958270350256482,0.2,1.0,1,1,0.7470211102490874,False
11666,2,0.6530995833883452,0.42857142857142855,1.0,0,1,0.8239474404997671,True
11667,2,0.4619940246875691,0.375,1.0,0,1,0.7197236296280058,True
11668,2,0.417538601907015,0.3333333333333333,1.0,0,2,0.6333101944680859,False
11669,4,0.4116527051752747,0.2857142857142857,1.0066666666666666,1,2,0.6109463974560702,False
11670,3,0.8261909710136734,1.0,1.019108280254777,1,1,1.0,True
11671,2,0.3513612480380634,0.4,1.0,0,1,0.68272624915917,False
11672,4,0.38817451366093086,0.2222222222222222,1.3263157894736841,1,1,0.4644292889234677,False
11673,2,0.8404764468993629,0.875,1.0,1,2,0.9500000000000001,False
11674,2,0.6365768078156334,0.3333333333333333,1.0,0,1,0.7771837112860651,True
11675,2,0.7014538021204672,1.0,1.0,0,1,0.957765915194486,True
11677,3,0.7574340858785258,0.5555555555555556,1.0256410256410255,1,2,0.871572280191326,False
11679,4,0.49924704861445024,0.4,1.0,0,1,0.7461058779776215,True
11680,2,0.5865212931950379,0.4,1.0,0,1,0.7835091256550163,True
11681,3,0.399886144680499,0.3333333333333333,1.08,0,1,0.6757448556567218,False
11682,3,0.40518568802906907,0.2857142857142857,3.0,0,2,0.44817481867912484,False
11683,2,0.6015633775361423,0.6666666666666666,1.0,0,1,0.9010668443408865,True
11684,3,0.47559641996029367,0.125,1.1695906432748537,1,2,0.491386560935364,False
11685,2,0.8107049027607116,1.0,1.0,1,1,1.0,True
11686,2,0.8385008018088783,1.0,1.0,0,2,0.9500000000000001,False
11687,4,0.2074925656544709,0.1111111111111111,1.0416666666666667,1,3,0.45069787205297435,False
11688,3,0.37728996353631267,0.3333333333333333,1.0,0,1,0.6660607780234991,False
11690,2,0.8924018349855691,0.8,1.0,1,1,1.0,True
11693,4,0.5698095183456225,0.25,1.0256410256410255,1,2,0.6638469364338383,False
11694,3,0.7584685422471268,1.0,1.0084033613445378,1,1,0.9822008038201973,True
11695,4,0.9042949455240636,0.8333333333333334,1.001727115716753,1,2,0.9500000000000001,False
11696,3,0.6784384980924678,0.6,1.2,1,1,0.8262355468015339,True
11697,2,0.8240739667006514,0.7142857142857143,1.0256410256410255,1,2,0.9500000000000001,False
11699,2,0.6658024271538172,0.6,1.0222222222222221,1,1,0.9008200878278265,True
11700,2,0.5622463824989126,0.5,1.0084033613445378,1,1,0.8147722591662007,True
11701,2,0.4963651964641226,0.4,1.0223642172523961,0,2,0.6948707984846241,False
11702,4,0.7875053170109871,0.45454545454545453,1.0135135135135136,1,3,0.8423724085891244,False
11703,3,0.755301496672974,1.0,1.0,1,1,0.9808434985741317,True
11704,3,0.691934762233324,0.5,1.0027662517289073,1,2,0.8203529933380914,False
11705,3,0.670314835546399,0.7142857142857143,1.0034602076124568,1,1,0.9444206438055995,True
11706,2,0.9628844998691078,1.0,1.0,1,1,1.0,True
11707,3,0.6410610895900787,0.375,1.12,1,2,0.6664666574433671,False
11708,3,0.5116818450843633,0.42857142857142855,1.0067114093959733,1,1,0.7633398383694892,True
11709,2,0.4841795036050143,0.5,1.0,0,1,0.78131502535453,True
11710,2,0.7428101087522527,0.5,1.0,1,1,0.892156713274775,True
11711,3,0.748045997841729,0.75,1.0227272727272727,1,1,0.9777339990750267,True
11712,2,0.8490331587761235,0.6,1.0,1,1,0.9583333333333333,True
11713,3,0.709007673616671,0.5,1.0,1,2,0.8276699553595258,False
11714,4,0.5886066634714918,0.25,1.0,0,1,0.7219028557734964,True
11715,3,0.5850413396311764,0.3333333333333333,1.0057142857142858,2,1,0.650097082064155,False
11716,2,0.5934368729068488,0.75,1.0001010101010102,1,1,0.9114729455315067,True
11717,4,0.4514785050611538,0.2857142857142857,1.1428571428571428,1,1,0.5980145974071611,True
11718,3,0.5225383303968257,0.3333333333333333,1.0,1,1,0.7283100781065761,True
11720,4,0.6048869439502674,0.5714285714285714,1.0,1,2,0.8128086902644004,False
11721,4,0.45359932724493607,0.42857142857142855,1.014799154334038,1,2,0.6884473307240202,False
11722,3,0.5999450742431581,0.5,1.0145238095238096,2,2,0.675928841342306,False
11723,3,0.5555474843142703,0.2857142857142857,1.0015384615384615,2,2,0.5676155885156396,False
11724,2,0.751472801795635,0.75,1.0,0,1,0.9792026293409863,True
11725,2,0.9458301697377328,1.0,1.0011764705882353,0,2,0.9500000000000001,False
11726,2,0.7785615531485118,0.6,1.0,1,2,0.8991454275398384,False
11727,2,0.7130089025696872,0.5714285714285714,1.0,0,2,0.8591466725298661,False
11728,2,0.852954316752344,0.8333333333333334,1.0011764705882353,0,1,1.0,True
11729,2,0.9194145795177827,1.0,1.0037735849056604,1,2,0.9500000000000001,False
11730,3,0.8190817237303847,0.7142857142857143,1.0,1,2,0.9500000000000001,False
11733,2,0.4998933429205821,0.3333333333333333,1.0,0,1,0.7186050834739003,True
11734,3,0.9323361521112646,1.0,1.0,1,1,1.0,True
11735,2,0.9324782643140254,1.0,1.0,1,1,1.0,True
11736,2,0.8172522407532105,0.8571428571428571,1.0,1,1,1.0,True
11737,3,0.6592263677128057,0.42857142857142855,1.0011904761904762,0,1,0.8265732052102501,True
11738,4,0.21912792490678987,0.1,1.1,1,2,0.45105482496005284,False
11739,2,0.49701823756528907,0.4,1.0,0,1,0.7451506732422667,True
11740,2,0.6054604361022873,0.5,1.0,0,1,0.8332925678533613,True
11742,2,0.912456309502293,1.0,1.0,1,1,1.0,True
11743,2,0.7088764369368054,0.25,1.0,0,2,0.7234470444014881,False
11744,3,0.3238390630306136,0.2857142857142857,1.0,0,1,0.6233119793940725,False
11745,3,0.5642578737946142,0.6,1.0,1,1,0.8573009935310252,True
11746,2,0.7597070445343176,0.75,1.0,0,2,0.9327315905147077,False
11747,4,0.22631185752669997,0.25,1.0240963855421688,2,2,0.41163365322572854,False
11748,3,0.10105317477978845,0.14285714285714285,1.1428571428571428,0,1,0.38830850347705215,False
11749,4,0.9525902011403389,1.0,1.0,1,2,0.9500000000000001,False
11750,4,0.5607663021754047,0.4444444444444444,1.0491803278688525,1,1,0.7909897908794064,True
11751,2,0.6969848110949927,0.4444444444444444,1.0,1,1,0.849369151844944,True
11752,2,0.4314228153124893,0.25,1.0,0,1,0.6545383494196383,True
11753,3,0.8314559905307455,0.5,1.0,1,1,0.9166666666666667,True
11755,2,0.9326508805749099,1.0,1.0,1,1,1.0,True
11757,3,0.6481692332529009,0.8,1.0,0,1,0.9349296713941004,True
11758,2,0.5501430742680787,0.2,1.2857142857142858,0,1,0.5245851270672719,False
11759,2,0.7473220072816431,1.0,1.0289855072463767,0,1,0.9774237174064184,True
11760,4,0.30270426880995105,0.25,1.0,0,1,0.5993732580614076,False
11762,4,0.34247536824734653,0.3,1.0126315789473685,1,3,0.587251348296482,False
11763,3,0.6801671682886757,0.375,1.0714285714285714,0,1,0.8132264054570515,True
11764,3,0.4480273389276681,0.25,1.0,0,1,0.6616545738261435,True
11766,4,0.6735649827299122,0.4,1.0,0,1,0.8208135640271053,True
11767,4,0.39785831615408357,0.5,1.0,0,1,0.7443202307327025,False
11768,3,0.5698919476132562,0.6666666666666666,1.0,0,1,0.8874933743739353,True
11770,4,0.758210922771325,0.6666666666666666,1.0,0,1,0.9682015065845362,True
11771,3,0.08103997589301282,0.16666666666666666,1.0,0,1,0.47777777777777775,False
11772,3,0.5396957258717221,0.5,1.25,0,1,0.6451076920402619,False
11773,2,0.61743210304329,0.25,1.0,0,1,0.7342566155899815,True
11774,3,0.6041035967887515,0.5,1.0,0,1,0.8327110652904173,True
11775,2,0.760403474855504,0.5,1.0,0,1,0.8996967273190255,True
11776,2,0.6281261199944828,0.5,1.0,0,1,0.843006432378588,True
11777,3,0.6605576290199879,0.6666666666666666,1.0,0,2,0.8763500949768203,False
11778,3,0.6308783329259843,0.5,1.0,0,2,0.7941859522063742,False
11779,2,0.8037900230262323,0.5714285714285714,1.0,0,1,0.9464285714285714,True
11780,2,0.8389852277241372,1.0,1.0,0,1,1.0,True
11781,2,0.5985614499696988,0.5,1.0,0,1,0.8303358595108234,True
11782,2,0.5568514867741955,0.3333333333333333,1.0,0,1,0.7430157165540203,True
11783,2,0.7742018621106578,0.6666666666666666,1.0,0,1,0.9750547663013931,True
11784,3,0.44921426606387393,0.16666666666666666,1.0,1,1,0.6274410346622952,False
11785,2,0.15830449944236868,0.2,1.0,0,2,0.4666543092848247,False
11786,4,0.6277606517092372,0.3333333333333333,1.0222222222222221,1,1,0.7734053586690381,True
11787,3,0.43867223369669306,0.2857142857142857,1.0,0,1,0.6725261953938209,True
11788,4,0.7068603416022561,0.5714285714285714,1.0,1,2,0.8565115749723956,False
11789,2,0.98547376501334,1.0,1.0,0,1,1.0,True
11790,4,0.43164651530579595,0.16666666666666666,1.0,1,2,0.5699119986231189,False
11791,3,0.5593747874466118,0.2857142857142857,1.0,0,1,0.7242558612866431,True
11792,2,0.8806328661121271,1.0,1.0,0,1,1.0,True
11793,2,0.7056705737613094,1.0,1.0,0,1,0.9595731030405612,True
11794,3,0.8129008251596489,0.75,1.0,0,1,1.0,True
11798,3,0.5241300418744715,0.5714285714285714,1.125,0,1,0.7481985893747736,True
11799,2,0.7098111170941103,0.4,1.0,1,2,0.7863476216117616,False
11800,4,0.5531944465028557,0.25,1.125,0,1,0.6267261913583667,True
11802,2,0.5117798283186876,0.25,1.0,2,1,0.5839770692794376,False
11804,3,0.4885131967657911,0.4,1.0,1,1,0.7415056557567676,True
11805,2,0.6561126012889779,0.625,1.0,1,1,0.9070839719809907,True
11807,2,0.8546860355142886,1.0,1.0,1,1,1.0,True
11808,2,0.8200868576130901,0.6666666666666666,1.0,1,1,0.9861111111111112,True
11809,4,0.2789698500734435,0.4,1.2,0,4,0.5217013643171902,False
11810,3,0.6870473282627604,0.5714285714285714,1.1724137931034482,0,2,0.7680202835411831,False
11811,3,0.5937625274428557,0.5,1.0909090909090908,1,2,0.7782791784278907,False
11812,4,0.40542239238096484,0.2,1.1111111111111112,0,2,0.49256197768708015,False
11813,3,0.3390784727116713,0.2,1.13,0,2,0.4641288692573829,False
11814,3,0.7311881547464102,0.42857142857142855,1.1428571428571428,1,1,0.7774139710817949,True
11816,3,0.31073542034794815,0.2857142857142857,1.0342857142857143,0,1,0.6176961325300729,False
11817,2,0.08521389771928788,0.0,1.0,0,2,0.39999999999999997,False
11818,2,0.5832565404206745,1.0,1.0,0,1,0.9071099458945748,True
11819,2,0.4288816354399367,0.5,1.0,0,2,0.7076159389980682,False
11820,3,0.8114076933664262,0.6,1.0,0,1,0.9583333333333333,True
11821,3,0.798703035847307,0.8333333333333334,1.0,0,1,0.9994441582202744,True
11822,4,0.7753429933238641,0.8571428571428571,1.0256410256410255,1,1,0.9894327114245132,True
11823,4,0.9305178691375353,0.8333333333333334,1.0,1,1,1.0,True
11824,3,0.970174652787226,1.0,1.0,1,1,1.0,True
11825,2,0.4674508887612967,0.75,1.0,0,1,0.85747895232627,True
11826,3,0.5882764319885267,0.6,1.125,0,1,0.7875946613284163,True
11827,4,0.5688645121849617,0.3333333333333333,1.0,1,3,0.6981641560157773,False
11830,2,0.41668294568122266,0.2857142857142857,1.1029411764705883,0,2,0.5331022148157621,False
11831,4,0.9378428160896893,1.0,1.0,1,2,0.9500000000000001,False
11832,4,0.49617219347040453,0.16666666666666666,1.0,0,2,0.5975658606936655,False
11834,3,0.8225028932046977,0.7777777777777778,1.0499790004199916,1,1,1.0,True
11835,3,0.4433960239259336,0.4444444444444444,1.0714000000000001,0,1,0.7406882430582044,True
11836,4,0.8377415816777768,0.6666666666666666,1.0499790004199916,1,2,0.9361111111111112,False
11837,2,0.7715474969106034,0.625,1.0,1,1,0.9565560701045444,True
11839,2,0.6751978797091379,0.75,1.0,0,1,0.9465133770182019,True
11840,3,0.5418070012566912,0.2857142857142857,1.0,0,1,0.7167268100623915,True
11841,2,0.8552859652038973,0.6666666666666666,1.0222222222222221,1,1,0.9861111111111112,True
11842,2,0.6423904662740231,0.6666666666666666,1.1273333333333333,0,1,0.8385641680856925,True
11843,4,0.29561876270511406,0.14285714285714285,1.0,1,1,0.5516937554450488,False
11844,2,0.3889404593421963,0.5,1.1333333333333333,0,1,0.6604982920990365,False
11846,3,0.6677489949808136,0.5714285714285714,1.0,1,1,0.8897495692774915,True
11847,2,0.83882566531532,0.8,1.0,1,1,1.0,True
11848,2,0.9711167347185136,1.0,1.0,0,1,1.0,True
11849,3,0.9569463243017141,0.75,1.0,1,1,1.0,True
11850,2,0.6096714147144051,1.0,1.0,1,1,0.9184306063061736,True
11851,2,0.43561318667802956,0.5,1.0,0,1,0.7605008895286793,True
11852,3,0.803879021452951,0.8333333333333334,1.0,1,2,0.9500000000000001,False
11853,3,0.8106510345693214,0.6666666666666666,1.0,0,1,0.9861111111111112,True
11854,3,0.885526744708432,0.8571428571428571,1.0,1,1,1.0,True
11855,2,0.8100507885515957,0.7142857142857143,1.0,0,1,1.0,True
11856,3,0.6149642158075865,0.5,1.0,0,1,0.8373656162984895,True
11857,2,0.9717969245724778,1.0,1.0,0,1,1.0,True
11858,3,0.5073375366182713,0.16666666666666666,4.5,2,1,0.3873510077570369,False
11859,4,0.5423241227326944,0.5,4.991742424242425,1,2,0.5962341478378215,False
11860,3,0.3657268002748927,0.2222222222222222,1.0,0,1,0.6148088403294514,False
11862,2,0.8770213490315387,1.0,6.0606060606060606,0,1,0.8400000000000001,False
11863,2,0.7464894154759318,0.75,1.0,1,1,0.977066892346828,True
11866,3,0.7230346015431726,0.5,1.0101010101010102,1,1,0.883681495899455,True
11867,3,0.7269267361761131,0.5,1.0101010101010102,1,1,0.8853495535992866,True
11868,3,0.7665666088578977,0.5714285714285714,1.0101010101010102,1,1,0.9320999752248134,True
11869,2,0.7648579161072138,0.8,1.1111111111111112,1,1,0.9049391069030915,True
11870,2,0.9207727195709472,1.0,1.0,1,1,1.0,True
11871,4,0.7824111050062146,0.5714285714285714,4.0,1,1,0.778890473574092,False
11872,2,0.7313938963449874,0.4,1.0,0,1,0.8455973841478519,True
11873,4,0.6119039375484852,0.42857142857142855,1.0285714285714285,0,1,0.8062921637112556,True
11874,3,0.4012525208918747,0.3333333333333333,1.0345454545454544,2,1,0.5713304454615971,False
11875,3,0.1829455823992234,0.16666666666666666,1.0087719298245614,2,1,0.40832588452030205,False
11876,2,0.5054558879605443,0.42857142857142855,1.0285714285714285,1,1,0.7606715710307095,True
11877,3,0.35466462560413087,0.6,1.0,1,1,0.7674753157351037,False
11878,3,0.48710633651856045,0.4,1.0,0,1,0.7409027156508116,True
11879,2,0.48264207626827826,0.5714285714285714,1.0,0,1,0.810418032686405,True
11880,3,0.6550470534314791,0.5,1.0,0,2,0.8045439752801579,False
11881,3,0.37328524015864933,0.25,1.0933333333333333,1,1,0.6296222457822783,False
11882,3,0.7022809385596476,0.6,1.116949152542373,0,1,0.8364537355731823,True
11883,4,0.1474086399358619,0.1111111111111111,1.0,1,2,0.42494761817357046,False
11884,4,0.31792600675482574,0.16666666666666666,1.0,2,2,0.41617463781556024,False
11885,3,0.23665561505231655,0.1111111111111111,1.25,1,2,0.30319632179490813,False
11887,3,0.42226746927286035,0.2222222222222222,1.0,2,2,0.4840405556142946,False
11888,3,0.5388360431847604,0.75,1.0303030303030303,1,1,0.888072589936326,True
11889,2,0.8478174488528584,0.75,1.0,1,1,1.0,True
11890,2,0.8916305833070517,0.8571428571428571,1.0,1,1,1.0,True
11891,2,0.9348238258728789,1.0,1.0,0,1,1.0,True
11892,2,0.6185424529781509,0.5,1.0,1,2,0.7888991465144458,False
11893,2,0.6135248926815703,0.5,1.0285714285714285,1,2,0.786748763530197,False
11894,3,0.33503340417747435,0.0,1.0166666666666666,2,2,0.39572860179034614,False
11895,2,0.5464633497778191,0.16666666666666666,1.0,0,1,0.6691192133968431,False
11896,2,0.4489691152108559,0.2,1.0,0,1,0.6412248588998907,False
11897,2,0.48094295608197535,0.0,1.0,0,1,0.6132612668922751,False
11898,4,0.844763680080763,0.8,1.0,1,1,1.0,True
11899,2,0.9104756448706267,0.8333333333333334,1.0,1,1,1.0,True
11900,2,0.8730990161744999,0.8,1.0,1,1,1.0,True
11901,2,0.4051202708308852,0.16666666666666666,1.0,0,1,0.6085436081338714,False
11903,3,0.8979040660683701,1.0,1.0,1,1,1.0,True
11904,2,0.9012144806379734,1.0,1.0,1,1,1.0,True
11905,2,0.7886880911775774,1.0,1.0,0,1,0.9951520390761046,True
11907,4,0.7265440961501359,0.6666666666666666,1.0,1,1,0.9546300094611693,True
11908,2,0.7567303426989369,0.5714285714285714,1.0285714285714285,1,1,0.9278844325852587,True
11909,2,0.4084128307667835,0.42857142857142855,1.1666666666666667,0,1,0.6390816893762405,True
11911,2,0.4140480674138181,0.42857142857142855,1.0,0,1,0.7214967907963982,True
11912,2,0.5104405703978317,0.2,1.2857142857142858,0,2,0.4575697682657374,False
11914,3,0.4038507548653829,0.0,1.0,0,2,0.5302217520851642,False
11915,2,0.5386703501622195,0.4,1.1764705882352942,0,1,0.6830015786409512,True
11916,3,0.7883068728164594,0.5714285714285714,1.0034782608695654,1,1,0.9414172312070541,True
11917,2,0.8313930951020344,0.5,1.0,1,1,0.9166666666666667,True
11918,3,0.7293620179154716,0.5714285714285714,1.0,1,1,0.9161551505352021,True
11920,3,0.19270100561895306,0.25,1.0545454545454545,0,2,0.5022290024081228,False
11921,3,0.8085548113257799,0.6,1.0,1,2,0.9083333333333333,False
11922,2,0.5167819795336133,0.2,1.0,0,2,0.6202875150382152,False
11923,3,0.7586541071925136,0.5714285714285714,1.0,1,1,0.9287089030825058,True
11924,4,0.3382006126781497,0.16666666666666666,1.0,1,2,0.529863754639842,False
11927,2,0.7132924423941723,0.6666666666666666,1.002415458937198,1,1,0.9489507292800421,True
11928,3,0.42081768833450944,0.5,1.2,0,2,0.6241599616671708,False
11929,2,0.602675526177894,0.25,1.0,0,2,0.6779323683619546,False
11930,4,0.7264378530860202,0.6666666666666666,1.0185185185185186,1,1,0.9545844767194054,True
11931,2,0.4455944394811209,0.125,1.25,0,2,0.39852856930143277,False
11932,4,0.00466261633638861,0.0,1.1,1,2,0.39999999999999997,False
11934,4,0.43465508841788714,0.36363636363636365,1.0,1,1,0.7032720941704365,True
11935,2,0.6686589250304417,0.6666666666666666,1.0,0,1,0.9298220789813003,True
11936,4,0.5554472787384791,0.625,1.024,1,2,0.8139416908879197,False
11937,3,0.2083762713731925,0.14285714285714285,1.0714285714285714,0,2,0.46430411630279683,False
11938,4,0.457966280975695,0.4444444444444444,1.5789473684210527,1,2,0.5369326389366736,False
11939,2,0.8047132889120328,0.75,1.0,0,1,1.0,True
11940,3,0.3058919741218915,0.14285714285714285,1.125,0,1,0.47609656033795344,False
11941,4,0.568802090883631,0.14285714285714285,1.0,2,3,0.5137723246644132,False
11942,3,0.7883107187898939,0.4,1.0,0,2,0.8199903080528118,False
11943,2,0.9492030510245051,1.0,1.0020833333333334,0,1,1.0,True
11944,2,0.6141117383673002,0.6666666666666666,1.0294117647058822,0,1,0.9064447132685254,True
11946,3,0.8095036766485978,0.8,1.0714285714285714,0,1,1.0,True
11947,4,0.5117861915186598,0.5,4.0,1,2,0.5831464630318067,False
11948,2,0.9722720205699743,1.0,1.0,1,1,1.0,True
11950,4,0.5799217519197012,0.5,1.0,1,1,0.8223474174893959,True
11952,3,0.7261594275658986,0.375,1.0,1,1,0.8329373737187185,True
11953,4,0.4344626578521365,0.25,1.04,1,1,0.655841139079487,True
11954,2,0.7147692019978037,0.7142857142857143,1.0004301075268818,1,1,0.9634725151419159,True
11955,4,0.2641078817156911,0.14285714285714285,1.1111111111111112,1,2,0.4081890921638676,False
11956,4,0.8381587502273583,1.0,1.2,1,1,0.92,True
11957,2,0.6101930589560434,0.42857142857142855,1.0,0,2,0.7555589300287805,False
11958,3,0.2787542170925211,0.14285714285714285,1.0,0,1,0.5444660930396519,False
11960,4,0.7955593595285109,0.8,1.0285714285714285,0,1,0.9980968683693618,True
11961,3,0.42246990522466665,0.4,1.0,1,1,0.7132013879534286,True
11962,3,0.6046869096071024,0.5,1.014799154334038,0,1,0.832961056498282,True
11963,3,0.9510010783509995,1.0,1.0,1,2,0.9500000000000001,False
11964,4,0.6680311430787773,0.5,4.834042553191489,0,1,0.7001085851289999,False
11965,3,0.6356458083266506,0.4,1.0,0,1,0.8045624892828502,True
11966,2,0.5311176275943005,0.75,1.0,0,1,0.8847646975404145,True
11967,2,0.8651356579883006,1.0,1.0,0,1,1.0,True
11968,3,0.6959058251993561,0.6666666666666666,1.0017391304347827,0,1,0.9414993219108352,True
11970,3,0.3914300112409625,0.14285714285714285,1.0,0,1,0.5927557191032696,False
11971,3,0.5013006958621601,0.375,1.09375,1,2,0.6865693458456877,False
11972,2,0.658210829906692,0.5,1.0,0,1,0.8558998794838204,True
11973,3,0.37153667335431007,0.25,1.0,0,1,0.62887286000899,False
11974,3,0.16752196216081464,0.125,1.0149253731343284,0,1,0.4893546504498729,False
11975,2,0.35274896697958835,0.3333333333333333,1.0105263157894737,1,1,0.6555432080706173,False
11976,4,0.2636326034768959,0.2,1.0,1,1,0.561794925299622,False
11977,3,0.9475712598716534,1.0,1.0,1,1,1.0,True
11979,3,0.4190532308299023,0.25,1.0833333333333333,1,2,0.5992370989271011,False
11980,2,0.8615547699586265,0.75,1.0,0,2,0.9500000000000001,False
11981,4,0.18265833276591342,0.2,1.0,0,1,0.5270916664234867,False
11982,2,0.47130861169229815,0.3333333333333333,1.0,1,2,0.6563544843760644,False
11983,2,0.7895751062309665,0.5,1.0,0,2,0.8621988550513667,False
11984,2,0.49515749605733705,0.3333333333333333,1.0,0,2,0.6665754348182239,False
11986,2,0.8729007149385689,1.0,1.0,1,1,1.0,True
11987,4,0.4000784700786658,0.3333333333333333,1.0,0,2,0.6258272808273648,False
11989,3,0.601219967466132,0.375,1.0,1,2,0.7293918908188186,False
11990,2,0.5792961481462925,0.25,1.0,0,1,0.7179126349198396,True
11991,2,0.4909699913221541,0.75,1.0,1,1,0.8675585677094946,True
11992,2,0.6048733727564821,0.625,1.1,0,1,0.8851243026099209,True
11993,2,0.4287122169443703,0.25,1.0666666666666667,0,2,0.6033766644047301,False
11994,4,0.6504194698630953,0.5,1.0,0,2,0.8025607251794219,False
11995,4,0.8533951017110909,0.6,1.0,1,1,0.9583333333333333,True
11996,4,0.6754332499151476,0.3333333333333333,1.0,0,2,0.743836472185857,False
11997,4,0.5876409019247059,0.75,1.0,1,2,0.8589889579677311,False
11998,2,0.805656698839268,1.0,1.0,1,1,1.0,True
11999,2,0.6778302560744137,0.75,1.0,0,1,0.9476415383176059,True
12000,3,0.4393997661392666,0.25,1.0275,0,1,0.6579570426311142,True
12002,4,0.1102914071100511,0.14285714285714285,1.0,0,2,0.4222677459043076,False
12003,2,0.4047265503876956,0.3333333333333333,1.0,0,1,0.6778193152455203,True
12004,2,0.8066962727503182,0.5714285714285714,1.0,1,1,0.9464285714285714,True
12005,2,0.898715037961792,0.75,1.0,0,1,1.0,True
12006,4,0.5659477199825087,0.5,1.0,1,1,0.8163585466591705,True
12007,3,0.7963310913212296,0.5,1.0,2,2,0.7600942772329081,False
12009,4,0.3025778654037581,0.3333333333333333,1.0,0,2,0.5840413073952614,False
12011,3,0.3352777743597999,0.5,1.0344827586206897,0,1,0.7174999985351523,False
12013,2,0.7804044465706627,0.75,1.0,2,1,0.8866019056731411,False
12016,2,0.5618802640018857,0.5714285714285714,1.03125,1,1,0.8443772560008083,True
12017,2,0.9208446270348061,0.8333333333333334,1.0,1,1,1.0,True
12019,2,0.8198994157781488,0.5,1.0,0,1,0.9166666666666667,True
12020,2,0.60361232585932,1.0,1.1432926829268293,1,2,0.7858338539397086,False
12021,3,0.6139698644557086,0.5,1.0,1,2,0.7869394657191132,False
12022,2,0.7851153229086327,0.875,1.05,0,1,0.9936208526751282,True
12023,3,0.45766374398530146,0.3333333333333333,1.0416666666666667,1,1,0.7005066839302085,True
12024,2,0.8670249368727194,0.6,1.0,1,1,0.9583333333333333,True
12025,2,0.6734908196204386,0.5,1.0,0,1,0.8624484465039974,True
12026,2,0.47589764695419284,0.4,1.0,0,1,0.7360989915517969,True
12027,2,0.5614083346981675,0.25,1.0,0,1,0.7102464291563575,True
12028,3,0.5654547011193851,0.5714285714285714,1.0,0,1,0.8459091576225937,True
12029,4,0.7644973407816773,0.5,1.0,1,3,0.8514512412873857,False
12030,2,0.9219512924570943,0.75,1.0,1,1,1.0,True
12031,2,0.8198786235910562,0.6666666666666666,1.0,0,1,0.9861111111111112,True
12033,3,0.7842630278731212,0.5714285714285714,4.117647058823529,1,1,0.7796841548027663,False
12034,2,0.7108086846546384,0.75,1.0,0,1,0.9617751505662735,True
12037,2,0.539287097932898,0.3333333333333333,1.0,0,1,0.7354881213363214,True
12038,2,0.8891286598238822,0.6666666666666666,1.0,0,1,0.9861111111111112,True
12039,2,0.825769010255816,1.0,4.0,1,1,0.8400000000000001,False
12040,4,0.3004590502215504,0.2222222222222222,1.0,0,1,0.5868369474494475,False
12041,2,0.7582935412572729,0.6666666666666666,1.0,0,1,0.9682369145070853,True
12042,4,0.6834654995650249,0.5,5.0,1,2,0.6567233093373918,False
12043,2,0.6796843982245069,0.75,1.0,0,1,0.9484361706676459,True
12045,2,0.9999999999999994,1.0,1.0,1,1,1.0,True
12047,2,1.0000000000000009,1.0,1.0,1,1,1.0,True
12048,4,0.6666076239696518,0.6666666666666666,1.25,0,1,0.7689429499552476,False
12050,4,0.5940562516367482,0.5714285714285714,1.0416666666666667,0,1,0.8581669649871779,True
12051,3,0.36934853320282757,0.25,1.0526315789473684,0,2,0.5779350856583547,False
12052,2,0.8151010720754351,1.0,1.0,1,1,1.0,True
12053,4,0.8124294898264762,0.7142857142857143,1.0,1,1,1.0,True
12054,2,0.9999999999999996,1.0,1.0,1,1,1.0,True
12056,4,0.42868984776197266,0.25,1.0,1,2,0.603367077612274,False
12058,4,0.14715257848842941,0.08333333333333333,1.0555555555555556,1,2,0.4202082479236126,False
12059,3,0.6049459940593837,0.4444444444444444,1.0,1,2,0.7599239445439688,False
12060,2,0.9351971527438636,0.8,1.0,1,1,1.0,True
12061,4,0.5070688994296629,0.3333333333333333,1.0,0,1,0.7216803219777921,True
12062,4,0.41570326002942165,0.375,1.2392156862745098,1,1,0.5398847304887997,False
12064,4,0.7130009223280872,0.5,1.02,0,1,0.8793813476644183,True
12065,3,0.838307637711057,1.0,1.0,1,1,1.0,True
12066,2,0.9999999999999997,1.0,1.0,1,1,1.0,True
12067,2,1.0000000000000002,1.0,1.0,1,1,1.0,True
12069,3,0.393871371236561,0.6,1.0333333333333334,0,1,0.784278206720431,False
12070,2,0.6638876111652886,0.4,1.0,0,1,0.816666119070838,True
12071,2,0.7214669711280682,0.6,1.0,0,1,0.9246763209596482,True
12072,4,0.6321160238049061,0.2222222222222222,2.0,0,2,0.5189756504137428,False
12073,2,0.6759410359067871,0.6,1.0294117647058822,0,1,0.9051652058648136,True
12075,2,0.8070327344456864,0.5,1.0,0,1,0.9166666666666667,True
12076,2,0.8562272700483822,0.75,1.0,0,1,1.0,True
12077,2,0.8135898834457332,0.6666666666666666,1.0,0,1,0.9861111111111112,True
12079,2,0.4798478456669235,0.25,1.0,0,1,0.675291933857253,True
12080,4,0.46626389537208524,0.5,1.0,0,2,0.7236369075404175,False
12083,3,0.6137163698255648,0.375,1.0021097046413503,2,2,0.629747491830004,False
12084,2,0.7720981073372438,0.6666666666666666,1.0,0,1,0.974153157112787,True
12085,2,0.8094908830101774,0.6666666666666666,1.0,0,1,0.9861111111111112,True
12086,3,0.6553468628356058,0.4,1.0526315789473684,0,1,0.8130057983581169,True
12087,2,0.8407568472574993,0.6666666666666666,1.0,0,1,0.9861111111111112,True
12088,2,1.0,1.0,1.0,1,1,1.0,True
12089,2,0.6918478002270683,0.6,1.0,0,1,0.9119823905735054,True
12090,2,0.7427741559042033,0.4,1.0,0,1,0.8504746382446586,True
12091,3,0.1453167160059376,0.2,1.25,0,1,0.351088116383497,False
12092,2,0.8414754633369047,0.75,1.0,0,1,1.0,True
12093,2,0.9999999999999998,1.0,1.0,1,1,1.0,True
12094,2,0.18693482975949852,0.3333333333333333,1.0227272727272727,0,1,0.5844800064048644,False
12096,2,0.8278469012940828,0.75,1.0,0,1,1.0,True
12097,2,0.8393533961123859,1.0,1.0067114093959733,0,1,1.0,True
12099,2,0.7717490104735629,1.0,1.0,1,1,0.9878924330600984,True
12100,2,0.6028459869155923,0.5,1.092511013215859,2,2,0.6771720896304921,False
12101,2,1.0000000000000004,1.0,1.0,1,1,1.0,True
12102,3,0.9682807194869882,1.0,1.0,1,1,1.0,True
12103,2,0.8513330241686934,0.75,1.0,0,1,1.0,True
12104,4,0.3015648877407047,0.2,1.0,1,2,0.5280516185555402,False
12105,2,0.9397303059568857,0.8333333333333334,1.0,1,1,1.0,True
12106,2,0.3785177059165886,0.0,1.2,0,1,0.48936473110710943,False
12107,2,1.0000000000000002,1.0,1.0011904761904762,0,1,1.0,True
12110,2,0.7216082185078876,1.0,1.0,1,1,0.9664035222176661,True
12111,2,0.7134701162224966,0.42857142857142855,1.0,1,1,0.8498205260001177,True
12113,2,0.9999999999999999,1.0,1.0,1,2,0.9500000000000001,False
12114,2,0.7616899648801214,0.75,1.0,1,1,0.983581413520052,True
12115,2,0.8323978463056566,0.5,1.0,0,1,0.9166666666666667,True
12116,2,0.641659159144661,0.5714285714285714,1.0,1,1,0.8785682110619977,True
12120,2,0.9653246864625205,1.0,1.0,0,1,1.0,True
12121,2,0.7985509183377976,0.5555555555555556,1.0,1,1,0.939193779816728,True
12122,3,0.6772342211401806,0.25,1.0,0,1,0.7598860947743631,True
12125,2,0.8204342399680359,0.5,1.0,1,2,0.8666666666666668,False
12126,2,0.7727688839374791,0.5,1.0,0,1,0.9049961883541577,True
12127,4,0.5575813972315423,0.625,1.0,1,1,0.8648563130992324,True
12128,2,0.9100750159565835,1.0,1.0,1,1,1.0,True
12129,3,0.7917957967932661,0.7142857142857143,1.0135135135135136,1,2,0.9464839129113999,False
12130,3,0.7139497056826587,0.5,1.0,1,1,0.8797879691020918,True
12132,2,0.7516830921087989,0.6666666666666666,1.0,1,1,0.9654038648720249,True
12133,2,0.9999999999999997,1.0,1.0,1,1,1.0,True
12134,4,0.4716317259612748,0.1111111111111111,1.0,2,2,0.4589003693273188,False
12135,2,0.5687587583411726,0.5714285714285714,1.0,0,1,0.8473251821462169,True
12136,2,0.519056754850979,0.3333333333333333,1.0,0,1,0.7268179743012132,True
12137,2,0.6681080092040329,1.0,1.0,1,2,0.8934748610874428,False
12138,2,0.8076068664913656,0.42857142857142855,1.0,1,1,0.8869047619047619,True
12139,4,0.25260731597430475,0.2857142857142857,1.2142857142857142,0,2,0.38278408779851153,False
12140,4,0.5953106642005717,0.5,1.0101010101010102,1,1,0.8289426656097689,True
12141,2,0.8536427272410928,0.6666666666666666,1.0,1,2,0.9361111111111112,False
12142,3,0.7854720472285024,0.8,1.0,1,1,0.993773734526501,True
12144,4,0.8648458392390169,1.0,1.001410437235543,1,1,1.0,True
12145,2,0.9999999999999996,1.0,1.0,1,1,1.0,True
12147,2,0.8553155357059211,0.6666666666666666,1.0,0,2,0.9361111111111112,False
12148,2,0.9999999999999999,1.0,1.0,1,2,0.9500000000000001,False
12149,2,0.6214654483224723,0.5,1.0,0,1,0.8401518588048691,True
12151,3,0.717780453525468,0.625,1.0,1,1,0.9335130515109149,True
12152,3,0.4472397271407713,0.6,1.125,0,1,0.7271503592508067,True
12153,2,1.0000000000000002,1.0,1.0,1,1,1.0,True
12154,2,0.7977614956418158,0.5,1.0,0,1,0.9157073076560163,True
12156,3,0.856940564199416,1.0,1.05,1,1,1.0,True
12158,2,0.8364291101410608,0.75,1.0,0,1,1.0,True
12159,2,0.6537606693026058,0.5,1.0,0,1,0.853992667796355,True
12160,2,0.5693790800929198,0.4,1.0,0,1,0.7761624628969657,True
12161,2,0.4358116209290975,0.4444444444444444,1.0,0,2,0.6874377846309889,False
12162,2,0.45704180099378,0.1111111111111111,1.0,2,1,0.5026475443412497,False
12163,2,0.9304529519863808,1.0,1.0,1,1,1.0,True
12164,3,0.7870972058919652,0.8571428571428571,1.0,1,1,0.9944702310965565,True
12165,2,0.9999999999999994,1.0,1.0,1,1,1.0,True
12168,2,0.8801181163003146,0.6666666666666666,1.0,0,1,0.9861111111111112,True
12169,4,0.9450460556803236,1.0,1.0,0,2,0.9500000000000001,False
12170,2,0.4843459946948372,0.16666666666666666,1.0,0,1,0.6424974897898509,False
12171,2,0.8202962424937839,0.6,1.0,0,1,0.9583333333333333,True
12172,2,0.6335816851701968,0.6666666666666666,1.0,0,1,0.9147889761840526,True
12173,2,0.9999999999999996,1.0,1.0,1,1,1.0,True
12174,3,0.9214802841489623,1.0,1.0,1,1,1.0,True
12176,4,0.409243890188496,0.25,1.0,0,1,0.6450330957950697,True
12177,2,0.8660299990339398,0.75,1.0,0,1,1.0,True
12178,2,0.3524782948521089,0.4,1.0575793184488838,0,1,0.6832049835080467,False
12180,2,0.9999999999999994,1.0,1.0011904761904762,0,1,1.0,True
12181,4,0.3363602856965459,0.25,1.1363636363636365,0,1,0.5337972652985197,False
12183,2,0.5682611852449393,0.2857142857142857,1.0,1,1,0.7280643174859264,True
12185,2,0.47867099588072715,0.4,1.0,0,2,0.6872875696631688,False
12187,3,0.5020548071978822,0.3333333333333333,1.1764705882352942,0,2,0.589531425307029,False
12189,2,0.6636501754620541,0.75,1.0,0,1,0.941564360912309,True
12190,2,0.894354286577592,0.8,1.0,0,1,1.0,True
12193,2,0.748152203940061,1.0,1.0,0,1,0.9777795159743119,True
12194,2,0.45955061270874453,0.5,1.0,0,1,0.7707597863989858,True
12195,2,0.8521763099571391,0.6666666666666666,1.0,0,1,0.9861111111111112,True
12196,2,0.9999999999999999,1.0,1.0,1,1,1.0,True
12197,3,0.4608396953551762,0.4,1.0588235294117647,1,1,0.729645583723647,True
12198,2,0.856163017161431,0.625,1.0,1,2,0.9187500000000001,False
12199,2,0.6372063694417048,0.25,1.1764705882352942,0,1,0.662731301189302,True
12200,2,0.827929749122366,0.6666666666666666,1.0,1,1,0.9861111111111112,True
12201,3,0.8446541518042507,0.8571428571428571,6.0125,1,1,0.8400000000000001,False
12202,2,0.9999999999999994,1.0,1.0,1,1,1.0,True
12203,2,0.8641556317044992,0.8,1.0,0,1,1.0,True
12205,2,0.769512322217477,0.75,1.0,0,1,0.9869338523789186,True
12207,2,0.8080237629321393,1.0,1.0,1,1,1.0,True
12208,2,0.7296602297159352,0.75,1.0,0,1,0.9698543841639722,True
12210,2,0.7682001096139525,0.75,1.0,1,1,0.9863714755488369,True
12211,2,0.7848816204286773,0.625,1.0,1,1,0.9622706944694333,True
12212,2,0.9999999999999998,1.0,1.0,1,1,1.0,True
12213,4,0.8335385052376938,0.6666666666666666,1.0277777777777777,1,2,0.9361111111111112,False
12216,2,0.8970276096961066,0.6666666666666666,1.0,1,1,0.9861111111111112,True
12217,2,0.9129126510835797,0.6666666666666666,1.0,1,1,0.9861111111111112,True
12219,4,0.6747197864795366,0.625,1.0256410256410255,1,1,0.9150584799198014,True
12221,2,0.9148999741398175,0.6666666666666666,1.0,2,1,0.8811111111111112,False
12222,2,0.3998857329975374,0.3333333333333333,1.1818181818181819,0,1,0.5957446792211668,False
12223,2,0.5929617497816797,0.2857142857142857,1.25,0,1,0.578650273715958,False
12224,2,0.8412980643672802,0.6666666666666666,1.0,1,1,0.9861111111111112,True
12225,2,0.9215992708278252,0.8333333333333334,1.0,1,1,1.0,True
12226,2,1.0000000000000002,1.0,1.0,0,1,1.0,True
12227,4,0.8966723972006905,0.8333333333333334,1.0,1,1,1.0,True
12228,2,0.929404012802422,0.6666666666666666,1.0,0,1,0.9861111111111112,True
12231,4,0.8925748326880881,0.8571428571428571,1.0,1,2,0.9500000000000001,False
12233,2,0.9024685035947956,0.8,1.0,1,1,1.0,True
12234,2,0.841214047199163,0.5,1.0,2,1,0.8116666666666668,False
12235,3,0.856058349044203,0.75,1.0,1,1,1.0,True
12237,3,0.8991807346577718,0.8571428571428571,1.0,1,1,1.0,True
12238,2,1.0000000000000004,1.0,1.0,1,1,1.0,True
12239,2,0.5869220492881736,0.5,1.2,0,1,0.7453475449330268,True
12240,3,0.761774768893256,0.6,1.0416666666666667,1,1,0.941951091430443,True
12241,2,0.8550337570567773,0.75,1.0,1,1,1.0,True
12242,2,0.8714771165405184,0.75,1.0,0,1,1.0,True
12243,2,0.81529982293497,0.8,1.0,1,2,0.9500000000000001,False
12244,2,0.8232234700796052,0.6,1.0,1,1,0.9583333333333333,True
12247,4,0.7650588803188694,0.5,1.0101010101010102,1,1,0.9016919010890393,True
12248,2,0.8337349467819768,0.6666666666666666,1.0,2,1,0.8811111111111112,False
12249,2,0.47494276617807124,0.3333333333333333,1.0,0,1,0.7079119791556813,True
12250,4,0.2609499017568316,0.3333333333333333,1.1818181818181819,0,1,0.5362007515465785,False
12251,4,0.8002831664786916,0.75,1.0,1,1,1.0,True
12252,2,0.9471672895581996,1.0,1.0,1,2,0.9500000000000001,False
12253,2,0.6293544940038311,0.5714285714285714,1.0,0,1,0.873294783144499,True
12256,3,0.9542165222969153,1.0,1.0,1,1,1.0,True
12257,4,0.6707460381830662,0.5,1.0,1,1,0.8612721116022666,True
12258,3,0.7554220727944624,0.625,1.0,1,3,0.8996451740547696,False
12260,2,0.6915268316955534,0.75,1.0416666666666667,0,1,0.9535114992980942,True
12261,3,0.696716163436662,0.625,1.0,1,1,0.9244854986157123,True
12262,2,0.7306021882765683,0.75,1.0,0,1,0.9702580806899579,True
12264,2,0.7363973528991485,0.6666666666666666,1.04,0,1,0.9588528337821747,True
12266,3,0.6075221157450419,0.8,1.0,0,1,0.9175094781764466,True
12267,2,0.668055503967474,0.7777777777777778,1.0,1,1,0.9434523588432031,True
12268,3,0.7938984277067719,0.8571428571428571,1.0,1,1,0.9973850404457594,True
12269,2,0.7861459208078102,0.75,1.0,0,1,0.9940625374890615,True
12270,3,0.16104332927752704,0.25,1.0701545778834722,0,1,0.5386614268332258,False
12272,4,0.4290350514940029,0.25,1.0,0,1,0.6535150220688584,True
12273,2,0.4573502241702118,0.42857142857142855,1.0,0,1,0.7400548579777098,True
12274,3,0.25647606975753123,0.2857142857142857,1.0,0,1,0.59444212513418,False
12275,3,0.678857993518344,0.625,1.0,1,1,0.9168319972221475,True
12277,2,0.6508729483460975,0.5,1.0,1,1,0.8527550731007085,True
12278,2,1.0,1.0,1.0,1,1,1.0,True
12282,3,0.7597245865610326,0.5714285714285714,1.0,1,1,0.9291676799547284,True
12283,3,0.829801067085806,0.8,1.0,1,1,1.0,True
12284,2,0.4706333119317739,0.4444444444444444,1.0,0,1,0.7523613664892788,True
12285,4,0.8506170210470438,1.0,1.0,1,2,0.9500000000000001,False
12286,2,0.6455201758808933,0.6,1.1071428571428572,1,1,0.8121276944251448,True
12288,2,0.37823916475311786,0.2,1.0,0,1,0.6109120229894315,False
12289,3,0.8025401743911872,0.5714285714285714,1.0,1,1,0.9464285714285714,True
12290,2,1.0000000000000007,1.0,1.0,1,1,1.0,True
12291,2,0.8610187868831934,0.875,1.0,1,1,1.0,True
12292,2,0.9999999999999999,1.0,1.0,0,1,1.0,True
12293,3,0.6083077523263589,0.4444444444444444,1.0,1,1,0.811364698086958,True
12294,2,0.48174662711244415,0.3333333333333333,4.0,0,2,0.5008279195561269,False
12295,2,0.914396256159082,0.6666666666666666,1.0,0,1,0.9861111111111112,True
12296,3,0.6299173635059181,0.5,1.2272727272727273,1,1,0.683774108169203,False
12297,3,0.8139922465068878,1.0,1.0,1,2,0.9500000000000001,False
12298,4,0.6613123286371848,0.5555555555555556,1.0149572649572651,2,2,0.7253772413736085,False
12299,2,0.8761444476214252,0.42857142857142855,1.0,0,1,0.8869047619047619,True
12300,2,0.7866762628778103,0.6666666666666666,1.0,1,1,0.9804009380587442,True
12301,2,0.5999404652897389,0.4444444444444444,1.0,1,1,0.8077787179284066,True
12303,2,0.6921229547874551,0.42857142857142855,1.0,1,1,0.8406717425279571,True
12304,2,0.8634196452017099,0.8571428571428571,1.0,1,2,0.9500000000000001,False
12305,3,0.5174165541980139,0.2857142857142857,1.0107142857142857,2,1,0.6012737613229583,False
12306,4,0.4349559165707631,0.4,1.0,0,2,0.6685525356731843,False
12307,2,0.8947229413884623,0.5,1.0,0,2,0.8666666666666668,False
12308,3,0.6856870943333948,0.6,1.1,0,1,0.9093420880476455,True
12311,2,0.6306997161669893,0.5,1.037037037037037,1,2,0.794109402166805,False
12313,4,0.42291743912973295,0.25,1.0135135135135136,1,1,0.650893188198457,True
12314,2,0.45513211097416767,0.4,1.0,0,1,0.7271994761317861,True
12315,3,0.7771734610096656,0.5,1.0,1,1,0.9068838642422377,True
12316,2,0.9999999999999999,1.0,1.0,1,1,1.0,True
12317,3,0.7581677865125926,0.6666666666666666,1.0285714285714285,0,1,0.968183019616508,True
12318,2,0.39956423631469906,0.0,1.0,0,2,0.5283846727062996,False
12319,2,0.9999999999999994,1.0,1.0,1,1,1.0,True
12321,2,0.8557055451435435,0.7142857142857143,1.08,1,1,1.0,True
12322,2,0.954904165502998,0.7777777777777778,1.0,1,1,1.0,True
12324,2,0.4674268111572987,0.25,1.25,0,1,0.509968633353128,False
12326,2,0.9209802516857363,0.8,1.0,1,1,1.0,True
12327,3,0.7087617386908153,0.5555555555555556,1.0285714285714285,0,1,0.9007127028251642,True
12330,2,1.0,1.0,1.0,1,1,1.0,True
12332,2,0.9140158033080001,0.8333333333333334,1.0,1,1,1.0,True
12333,2,0.785539721650642,0.625,1.0,2,1,0.8575527378502752,False
12334,2,0.42330201539339984,0.5,1.0,0,1,0.7552246732638381,True
12335,2,0.4260666857085375,0.25,1.0,0,2,0.602242865303659,False
12337,2,0.3740486330096874,0.16666666666666666,1.0020833333333334,0,1,0.5952271919247867,False
12338,2,0.7364489316503526,0.75,1.0,0,1,0.9727638278501511,True
12339,3,0.8074775802587784,0.5714285714285714,1.0,1,1,0.9464285714285714,True
12340,2,0.6469130448411575,0.25,1.0,0,1,0.7468913049319247,True
12341,2,0.9999999999999999,1.0,1.0,0,1,1.0,True
12342,2,0.7358097711056667,0.75,1.0,0,1,0.9724899019024287,True
12343,3,0.8491197085180558,0.8,1.037037037037037,1,1,1.0,True
12344,2,0.7374875750795258,0.75,1.0,0,1,0.9732089607483683,True
12348,2,0.8362088810439459,0.6666666666666666,1.0,0,1,0.9861111111111112,True
12349,4,0.48074118139856675,0.42857142857142855,1.0,1,1,0.750079553932719,True
12350,2,0.7953324488236664,0.5,1.25,0,1,0.7546662875910952,False
12351,3,0.8184307158973335,0.5555555555555556,1.0,2,2,0.784814814814815,False
12353,2,0.8098565662417675,0.5714285714285714,1.0,1,1,0.9464285714285714,True
12354,3,0.5189697910843739,0.5,1.0204081632653061,0,2,0.7462251485599699,False
12355,3,0.5545469546999617,0.625,1.0,0,2,0.8135558377285551,False
12356,2,1.0,1.0,1.0,1,1,1.0,True
12357,2,0.8149733183292156,0.6,1.0,1,2,0.9083333333333333,False
12358,2,0.6358862971884439,0.3333333333333333,9.0,1,1,0.6168877781601267,False
12359,2,0.48878840090498993,0.25,1.038421599169263,0,1,0.6791236003878528,True
12361,3,0.6054906537874453,0.6,1.1111111111111112,1,2,0.7449721849565242,False
12362,2,0.9999999999999999,1.0,1.0,1,1,1.0,True
12363,3,0.8414456395495681,0.5714285714285714,1.0,1,1,0.9464285714285714,True
12365,2,0.8924432480809403,1.0,1.0,1,2,0.9500000000000001,False
12366,2,0.8718170845398999,1.0,1.05,1,2,0.9500000000000001,False
12367,2,0.8215652748285543,0.5,1.0,0,1,0.9166666666666667,True
12368,4,0.7102044882293684,0.625,1.0,1,1,0.930266209241158,True
12369,4,0.7673806199899293,0.5714285714285714,1.0,1,1,0.9324488371385411,True
12370,2,0.7331406476665573,0.75,1.0,0,1,0.9713459918570959,True
12373,3,0.5049720928531375,0.2,1.25,0,1,0.5052261350322971,False
12374,3,0.6157560962672679,0.6,1.0,0,1,0.8793716603050197,True
12375,4,0.5535606174203728,0.14285714285714285,1.0,2,2,0.5072402646087312,False
12376,2,0.8243643626906882,0.5555555555555556,1.0,1,1,0.9398148148148149,True
12377,2,0.778257298326162,0.75,1.0,0,1,0.9906816992826408,True
12378,2,0.8504337956411803,0.5,1.0,2,2,0.7616666666666668,False
12379,4,0.2799992372750978,0.18181818181818182,1.0,1,2,0.5112334393516653,False
12380,2,0.4845414707407495,0.25,1.0,0,1,0.6773034874603212,True
12381,2,0.8154240061174143,0.6666666666666666,1.0,0,1,0.9861111111111112,True
12382,2,0.8992341445859883,1.0,1.0,0,1,1.0,True
12383,2,0.747706042784713,0.75,1.0,0,1,0.9775883040505913,True
12384,2,1.0000000000000004,1.0,1.0,1,2,0.9500000000000001,False
12385,2,0.9999999999999998,1.0,1.0,0,1,1.0,True
12386,2,0.9773780567384088,1.0,1.0,0,1,1.0,True
12387,2,0.6911705217320064,0.25,1.0,0,1,0.7658587950280028,True
12388,2,0.7433700793132856,0.5,1.0,0,1,0.8923967006580749,True
12389,2,1.0,1.0,1.0,0,1,1.0,True
12390,4,0.6984175070050781,0.6666666666666666,1.3333333333333333,1,2,0.7325757569704304,False
12391,2,0.9081128156631079,0.5,1.0,1,1,0.9166666666666667,True
12392,2,0.45748822917197696,0.3333333333333333,1.0,0,1,0.7004314632959266,True
12393,2,0.8167386161301609,0.5714285714285714,1.0,1,1,0.9464285714285714,True
12394,4,0.5290601246331961,0.25,1.0,2,1,0.591382910557084,False
12395,2,0.4886793602037832,0.42857142857142855,1.0,0,1,0.7534816305635261,True
12396,2,0.9999999999999982,1.0,1.0,1,1,1.0,True
12397,2,0.7552577255873478,0.5,1.0,2,1,0.7924914062041015,False
12398,2,1.0000000000000002,1.0,1.0,1,1,1.0,True
12399,2,0.8424381884699227,0.625,1.0,1,1,0.96875,True
12400,2,0.8660939866121857,0.75,1.0,0,1,1.0,True
12401,2,0.8181181416506556,0.6,1.0,2,1,0.8533333333333333,False
12402,3,0.4737619383986991,0.2,1.0714285714285714,0,2,0.6018503545518235,False
12403,4,0.941060578000581,0.8571428571428571,1.0,0,2,0.9500000000000001,False
12404,3,0.6431077517930435,0.6666666666666666,1.0080645161290323,1,1,0.9188715761652726,True
12405,2,0.758138498623539,0.7142857142857143,1.0,1,1,0.9820593565529452,True
12406,3,0.6395365502299882,0.375,1.0,1,2,0.7458132834318999,False
12407,2,0.8879380139804408,0.8333333333333334,1.0,0,1,1.0,True
12408,3,0.5079138432839697,0.375,1.0,0,2,0.6894035518836061,False
12409,2,0.8114072017414081,0.6666666666666666,1.0,1,1,0.9861111111111112,True
12410,2,0.4283131380741305,0.3333333333333333,1.15,0,1,0.6079278528254211,True
12411,2,0.8366718012709691,0.8,1.0,1,1,1.0,True
12412,2,0.9008475913458874,0.6666666666666666,1.0,0,1,0.9861111111111112,True
12413,4,0.4031149432379005,0.3333333333333333,1.0,0,1,0.6771286264670366,True
12414,2,0.8250212020739406,1.0,1.0,0,1,1.0,True
12416,2,0.4444283072120871,0.4,1.0,0,1,0.7226121316623231,True
12417,2,0.8978206682186055,0.8,1.0,0,1,1.0,True
12418,4,0.6585093249524672,0.6,1.0,0,1,0.8976944725986764,True
12420,4,0.5402797011314605,0.4,1.015625,1,2,0.7136913004849118,False
12422,2,0.5978277889327358,0.7142857142857143,1.0,1,1,0.9133547666854582,True
12423,2,0.7259121479832996,0.6666666666666666,1.0,2,1,0.8493591745325253,False
12424,3,0.6977728074903585,0.42857142857142855,1.0,0,2,0.7930931079720586,False
12425,2,0.9606374092367639,0.875,1.0,1,1,1.0,True
12426,3,0.5404581910974943,0.5,1.0,0,1,0.805434462851307,True
12427,2,0.8066267644643316,0.75,1.0,0,1,1.0,True
12428,3,0.9208810343475272,1.0,1.0,0,2,0.9500000000000001,False
12429,2,0.4689334701626135,0.6666666666666666,1.0123456790123457,0,1,0.844225455466517,True
12430,4,0.6227726789057657,0.42857142857142855,1.0101010101010102,1,1,0.8109501957215186,True
12431,2,0.9012638797975331,0.8,1.0,0,1,1.0,True
12432,3,0.7847831138820714,0.8,1.0,0,1,0.9934784773780305,True
12433,2,0.896002822836049,0.8,1.0,1,1,1.0,True
12435,2,0.9999999999999992,1.0,1.0,1,1,1.0,True
12437,3,0.41367659476661034,0.2,1.0,1,1,0.626099492995214,False
12438,3,0.5852553728268817,0.5,1.0,1,1,0.8246332550210446,True
12439,2,0.7340766852775016,1.0,1.0,0,1,0.971747150833215,True
12440,3,0.521885781834755,0.25,1.0,0,1,0.693308192214895,True
12441,2,0.9999999999999999,1.0,1.0,1,1,1.0,True
12442,3,0.7475636934255844,0.5,1.0666666666666667,1,1,0.89419396384906,True
12444,2,0.9059964858370634,0.75,1.0,0,1,1.0,True
12446,2,0.7418125338316163,1.0,1.0,0,1,0.9750625144992642,True
12447,2,0.8016318361353812,0.75,1.0,1,1,1.0,True
12448,3,0.5107881367062921,0.25,1.0,0,1,0.6885520585884108,True
12449,2,1.0000000000000002,1.0,1.0,1,1,1.0,True
12450,2,1.0000000000000007,1.0,1.0,0,1,1.0,True
12451,2,0.7358539261375268,0.5,1.0,0,2,0.8391754921541782,False
12452,2,0.7666568022550974,0.75,1.0,0,1,0.9857100581093274,True
12453,2,1.0000000000000004,1.0,1.0,1,1,1.0,True
12454,2,0.7603664037537187,0.6666666666666666,1.0,0,1,0.969125284148419,True
12455,2,1.0000000000000004,1.0,1.0,0,1,1.0,True
12456,3,0.6233617660062076,0.42857142857142855,1.0,1,2,0.7612026616217081,False
12457,3,0.7918742689840791,0.6666666666666666,1.0,0,2,0.9326286549614308,False
12458,2,0.7999045882573445,0.8,1.0,1,1,0.9999591092531477,True
12460,2,0.746329571508386,1.0,1.0282608695652173,1,2,0.9269983877893083,False
12461,2,0.6494996838853788,0.5714285714285714,1.0,2,1,0.7769284359508767,False
12462,2,0.9420632100541708,0.8,1.0,1,2,0.9500000000000001,False
12463,2,0.6748025993449155,1.0,1.0208333333333333,1,1,0.946343971147821,True
12464,2,0.9619283340671516,1.0,1.0,1,1,1.0,True
12465,2,0.631657657938431,0.6,1.0172413793103448,0,1,0.8861866153069466,True
12466,3,0.5723982256413791,0.3333333333333333,1.0,1,1,0.7496786046399561,True
12468,4,0.15699676481903782,0.1111111111111111,1.0479041916167664,1,2,0.4290568145520744,False
12470,2,0.7053120317176895,0.4,1.0,0,1,0.8344194421647242,True
12471,2,0.7490394340282484,0.6666666666666666,1.0666666666666667,0,1,0.9642708685517889,True
12472,2,0.8599356331696403,0.7142857142857143,1.0,1,1,1.0,True
12473,2,0.828789340892518,1.0,1.0,0,1,1.0,True
12474,2,0.8091052702481163,0.6666666666666666,1.0,1,1,0.9861111111111112,True
12475,2,0.7523615205877958,0.6666666666666666,1.0,1,1,0.9656946199344523,True
12476,2,0.9329688509647599,0.8,1.0,1,1,1.0,True
12477,2,0.698398584690804,0.6,1.0,0,1,0.9147898696293921,True
12478,2,0.8612166670629456,0.75,1.0,0,1,1.0,True
12479,3,0.7901173547593231,0.5714285714285714,1.0,1,1,0.94219315203971,True
12480,2,0.9273244638177655,0.7142857142857143,1.0,0,2,0.9500000000000001,False
12481,2,0.41571645393129353,0.25,1.0,0,2,0.5978070516848402,False
12482,3,0.677706472473083,0.375,1.0,1,1,0.8121718215360831,True
12483,2,0.7491246180924105,0.6,1.0,1,1,0.9365295982300808,True
12484,2,1.0000000000000004,1.0,1.0,1,1,1.0,True
12485,2,0.4105834596231633,0.42857142857142855,1.0444444444444445,2,1,0.6150119588861176,False
12486,2,0.9904797888462866,1.0,1.0,0,1,1.0,True
12487,2,0.8534918377624838,0.4,1.0,0,1,0.875,True
12488,2,0.6956799987082279,0.5,1.0,0,1,0.8719580946844787,True
12489,2,0.7873907506398382,0.7142857142857143,1.0,1,2,0.9445960359885021,False
12490,2,0.8067227011351922,0.8333333333333334,1.0,1,2,0.9500000000000001,False
12491,3,0.8219730856380438,1.0,1.0,1,1,1.0,True
12492,2,0.999999999999999,1.0,1.0,1,1,1.0,True
12494,3,0.8355868067120501,0.8571428571428571,1.0,1,1,1.0,True
12495,2,0.8278960282343909,0.5,1.0,0,1,0.9166666666666667,True
12497,3,0.34305201100062177,0.4,1.0204081632653061,0,1,0.6791651475716951,False
12498,3,0.42090292900410275,0.2,1.0548523206751055,1,2,0.5791964933827107,False
12499,3,0.8695599535695597,1.0,1.173913043478261,1,1,0.92,True
12500,2,1.0000000000000004,1.0,1.0,1,1,1.0,True
12501,2,0.8886306428689,1.0,1.0,1,1,1.0,True
12502,2,0.677686422241937,0.3333333333333333,1.0,0,1,0.7948021174687667,True
12503,3,0.7093394969169681,0.4,1.0112359550561798,1,1,0.8361454986787007,True
12504,2,0.7116683473547329,0.6666666666666666,1.0810810810810811,0,1,0.9482546885488539,True
12505,2,0.49472077698502903,0.0,1.0,0,1,0.6191660472792981,False
12506,2,0.7116409068595357,0.8,1.0,1,1,0.9621318172255153,True
12507,2,0.9207435126079461,0.8,1.0,0,1,1.0,True
12508,2,0.9404325280611614,0.6666666666666666,1.0,1,1,0.9861111111111112,True
12509,2,0.8757395436113627,0.8333333333333334,1.0,0,1,1.0,True
12511,2,0.9999999999999993,1.0,1.0,0,1,1.0,True
12513,4,0.8221978934262704,0.6666666666666666,1.0,0,1,0.9861111111111112,True
12514,3,0.890007496159918,0.7142857142857143,1.0294117647058822,1,1,1.0,True
12515,2,0.6472468123549787,0.6,1.0,0,1,0.892867681485467,True
12516,2,1.0,1.0,1.0,1,1,1.0,True
12517,2,0.8443809245552695,0.5,1.0,0,1,0.9166666666666667,True
12518,3,0.9062585045018511,0.8571428571428571,1.0,1,1,1.0,True
12519,2,0.6588141592883335,0.25,1.0,1,1,0.7519917825521429,True
12520,2,0.8757395436113627,0.8333333333333334,1.0,0,1,1.0,True
12521,3,0.7559012742671076,0.6,1.0,0,1,0.9394338794478081,True
12522,4,0.906033397811788,1.0,1.0,1,2,0.9500000000000001,False
12523,2,0.8376824456191039,0.875,1.0,1,1,1.0,True
12525,2,0.68969310905203,0.5555555555555556,1.0,0,2,0.8425404329799707,False
12526,2,0.8443523942884364,0.8,1.0,1,1,1.0,True
12528,2,0.9748743943370084,0.8333333333333334,1.0,1,1,1.0,True
12529,2,0.8644437094661124,0.6666666666666666,1.0,1,1,0.9861111111111112,True
12530,2,0.87909932271445,0.5,1.0,0,1,0.9166666666666667,True
12531,2,0.9486655618798499,1.0,1.0,1,2,0.9500000000000001,False
12532,2,0.8940133532404075,0.6,1.0,1,1,0.9583333333333333,True
12533,2,0.5781172195530354,0.5,1.0,0,2,0.7715740464751105,False
12534,2,0.8733874996793712,0.5714285714285714,1.0,1,1,0.9464285714285714,True
12535,2,0.6534618499329248,0.5,1.0,0,1,0.8538646023522058,True
12536,2,1.0000000000000007,1.0,1.0,0,1,1.0,True
12538,2,0.7843578458628171,0.6666666666666666,1.0,1,1,0.9794073307666042,True
12539,3,0.6901722468405654,0.5,1.0,1,1,0.8695976295983376,True
12540,2,0.8579444829214683,0.8571428571428571,1.0,0,1,1.0,True
12542,2,0.7685315538132568,0.6666666666666666,1.0,1,2,0.9226246341739356,False
12543,2,0.9262676494796185,0.8571428571428571,1.0,1,2,0.9500000000000001,False
12544,2,0.8343060236303592,0.75,1.0,0,1,1.0,True
12545,2,0.9000028254379515,1.0,1.0,0,1,1.0,True
12546,2,0.8227840422027756,1.0,1.04,1,1,1.0,True
12549,2,0.8653250778274233,0.6666666666666666,1.0,1,1,0.9861111111111112,True
12550,2,0.6449433887752342,0.3333333333333333,1.0,2,1,0.6757693888401797,False
12551,2,0.8181632760442823,0.625,1.0,1,1,0.96875,True
12553,2,0.8613816635564486,0.5,1.0,0,1,0.9166666666666667,True
12555,2,0.8539698097973877,0.5,1.0,0,1,0.9166666666666667,True
12556,4,0.537863911144649,0.5714285714285714,1.1111111111111112,1,1,0.7540845333477068,True
12557,2,0.5879410733249584,0.7142857142857143,1.0,1,1,0.9091176028535537,True
12559,3,0.5835689110707452,0.375,1.0,1,1,0.7718271523636527,True
12560,3,0.8310726826829029,0.6666666666666666,1.0018867924528303,0,1,0.9861111111111112,True
12561,2,0.8865332001193452,0.6666666666666666,1.0,0,1,0.9861111111111112,True
12562,2,1.0000000000000004,1.0,1.0,1,1,1.0,True
12563,2,0.851615949941051,0.8333333333333334,1.0,1,1,1.0,True
12564,2,0.7836142355782568,0.6666666666666666,1.0,1,1,0.9790886406446497,True
12566,2,0.8497231216368213,1.0,1.0,0,1,1.0,True
12567,2,0.9091263255833184,0.6666666666666666,1.0,0,2,0.9361111111111112,False
12568,2,0.9508984831685642,0.8333333333333334,1.0,1,1,1.0,True
12569,2,0.7493385846394849,0.4,1.0,2,1,0.7482879648454936,False
12570,2,0.8177618308007245,0.625,1.0,1,1,0.96875,True
12571,2,0.7722976140970078,0.6,1.0,0,1,0.946460882232051,True
12572,2,0.46604692665358605,0.4,1.0,0,1,0.7318772542801083,True
12574,2,0.909238838381513,0.5,1.0,1,1,0.9166666666666667,True
12575,3,0.7954148499291055,0.6,1.015625,1,1,0.9563682690172357,True
12576,2,0.5335290263430786,0.625,1.0,1,1,0.8545481541470337,True
12577,2,1.0000000000000009,1.0,1.0,0,1,1.0,True
12579,2,0.8494894845814831,0.8333333333333334,1.0,1,1,1.0,True
12581,2,0.9000039117323729,0.8,1.0,0,1,1.0,True
12582,2,0.8771003466646621,0.6666666666666666,1.0,0,1,0.9861111111111112,True
12583,2,0.936311036062276,0.8333333333333334,1.0,1,1,1.0,True
12584,2,1.0000000000000004,1.0,1.0,1,1,1.0,True
12585,2,0.8347404080602204,0.7142857142857143,1.0,0,1,1.0,True
12586,2,0.8965613574851437,0.5714285714285714,1.0,0,1,0.9464285714285714,True
12587,2,0.8012622074296373,0.75,1.1,0,2,0.9500000000000001,False
12588,2,0.6613724259933083,0.8,1.02803738317757,0,2,0.8905881825685608,False
12589,2,0.907818066518664,1.0,1.0,0,2,0.9500000000000001,False
12590,2,0.8425503331212891,0.7142857142857143,1.0,0,1,1.0,True
12591,2,1.0000000000000002,1.0,1.0,1,1,1.0,True
12592,2,0.5384617342681215,0.4444444444444444,1.0,1,2,0.7314306903477136,False
12593,2,0.8244811010039992,0.5714285714285714,1.0,1,1,0.9464285714285714,True
12595,4,0.6612422742514358,0.6666666666666666,1.001410437235543,1,2,0.8766435143617265,False
12596,4,0.5382657331439566,0.6666666666666666,1.0142857142857142,1,1,0.873939282458521,True
12597,2,0.5275020620108538,0.5,1.0,0,1,0.7998818360998898,True
12598,3,0.6858886931726815,0.6666666666666666,1.0,1,1,0.9372062653279747,True
12601,2,0.4538162867402108,0.5,1.0555555555555556,0,1,0.768302218126757,True
12602,2,0.9612515188067036,0.875,1.0,1,1,1.0,True
12604,3,0.3896071318171518,0.3333333333333333,1.0,0,1,0.671339564429573,False
12605,2,0.9112465013250223,0.5,1.0,0,1,0.9166666666666667,True
12606,4,0.3415468380174791,0.2857142857142857,1.0625,0,1,0.6309010258170148,False
12607,2,0.9015826522724886,0.7142857142857143,1.0,0,1,1.0,True
12608,2,0.807045691365116,0.8,1.0,0,1,1.0,True
12609,2,0.8712833855060454,0.6666666666666666,1.0,0,1,0.9861111111111112,True
12611,3,0.5935766224897219,0.8,1.0975609756097562,1,1,0.9115328382098808,True
12613,2,0.8851973073685802,0.6666666666666666,1.0,0,1,0.9861111111111112,True
12615,2,0.7843492884155304,0.4444444444444444,1.0,1,1,0.886811070696603,True
12616,2,0.8063264530689503,0.75,1.0,1,1,1.0,True
12617,2,0.5205038112148321,0.42857142857142855,1.1,0,1,0.7671206809968327,True
12619,2,0.8329180989601059,0.625,1.0,1,1,0.96875,True
12620,3,0.5014183292600455,0.5,1.1343283582089552,1,1,0.7087030934924005,True
12621,4,0.6018886434413142,0.625,1.0256410256410255,1,1,0.8838451329034205,True
12622,2,0.9114219953097482,0.8571428571428571,1.0,1,1,1.0,True
12624,3,0.3055795694848608,0.14285714285714285,1.0,1,1,0.5559626726363689,False
12625,2,0.7404405199252899,0.5555555555555556,1.0,1,1,0.9142893233542249,True
12626,2,0.9999999999999994,1.0,1.0,1,1,1.0,True
12628,2,0.9999999999999998,1.0,1.0,1,1,1.0,True
12629,2,0.9571441646737114,0.8333333333333334,1.0,0,2,0.9500000000000001,False
12630,3,0.9085357031895694,1.0,1.0,1,1,1.0,True
12631,2,0.8419449092934913,0.7142857142857143,1.0,0,2,0.9500000000000001,False
12632,4,0.4417477493655795,0.36363636363636365,1.1647058823529413,1,1,0.6263118060051618,True
12633,2,0.9455332595227607,0.6666666666666666,1.0,0,1,0.9861111111111112,True
12634,2,0.8770665229932155,0.75,1.0,0,1,1.0,True
12635,2,1.0,1.0,1.0,1,1,1.0,True
12636,2,0.8080526766617335,0.5,1.0,0,1,0.9166666666666667,True
12637,2,0.8089340319276254,0.8333333333333334,1.1,1,1,1.0,True
12638,2,0.8622619583505751,1.0,1.0,1,1,1.0,True
12639,3,0.5242854678087135,0.14285714285714285,1.0,0,1,0.6496937719180201,False
12640,3,0.6386846920108865,0.45454545454545453,1.1647058823529413,1,1,0.7485921407319384,True
12641,2,0.8693395029993827,1.0,1.0,0,2,0.9500000000000001,False
12642,2,0.49407514428462074,0.3333333333333333,1.0,0,1,0.7161115697727739,True
12643,2,1.0000000000000004,1.0,1.0,1,1,1.0,True
12644,2,0.7694098024513037,0.7777777777777778,1.0,0,1,0.9868899153362731,True
12645,3,0.45047951597024277,0.42857142857142855,1.0666666666666667,0,1,0.7371102687491516,True
12646,2,0.7581767232906038,0.625,1.0,0,1,0.950825738553116,True
12647,2,0.7098039511390829,0.4,1.0,1,2,0.7863445504881784,False
12648,2,0.7983057922514666,0.5,1.0344827586206897,0,1,0.915940577631581,True
12649,3,0.4597941225314257,0.5555555555555556,1.0,1,1,0.7940122958997116,True
12650,2,0.8180852900215005,0.5,1.0,1,1,0.9166666666666667,True
12651,2,0.9305295583220791,0.8333333333333334,1.0,1,1,1.0,True
12652,2,0.5713296451157529,0.6666666666666666,1.0,0,1,0.8881095304464337,True
12653,2,1.0000000000000002,1.0,1.0,0,1,1.0,True
12654,2,0.7971015530711096,0.5,1.0,0,1,0.9154244751257137,True
12655,4,0.5065187341121429,0.25,1.0,0,2,0.6367223146194899,False
12656,3,0.5916095452024626,0.42857142857142855,1.0,1,1,0.7975945669915316,True
12657,2,0.21765569179913025,0.2857142857142857,1.25,0,1,0.4178048202948653,False
12658,3,0.7582125141853946,0.5,1.0,1,1,0.898757744174693,True
12659,3,0.8161401824303541,1.0,1.002227171492205,1,1,1.0,True
12661,2,0.8479014137208504,0.5,1.0,2,1,0.8116666666666668,False
12662,2,0.3989856979446131,0.2857142857142857,1.0,1,2,0.6055176800715009,False
12665,2,0.9185674846239059,0.8571428571428571,1.0,1,1,1.0,True
12666,3,0.8628386006276539,0.6666666666666666,1.0,1,1,0.9861111111111112,True
12667,2,0.8157000410426726,1.0,1.0,0,1,1.0,True
12668,2,0.8025603796536454,0.875,5.2,1,1,0.8400000000000001,False
12669,3,0.7498981365804395,0.5,1.0,1,2,0.8451944394868551,False
12670,4,0.7727097324069553,0.6666666666666666,1.0,0,1,0.9744152821426635,True
12671,4,0.8442996564758167,0.8,1.0,1,1,1.0,True
12672,2,0.8097057377958583,0.4,1.0,1,1,0.875,True
12674,2,0.5113284536868069,0.5,1.0,0,1,0.7929502896752982,True
12677,2,0.9254363931439963,0.75,1.0,1,1,1.0,True
12678,4,0.9482119346956529,1.0,1.0,1,1,1.0,True
12679,2,0.9625400605316393,0.75,1.0,1,1,1.0,True
12680,2,1.0000000000000009,1.0,1.0,0,1,1.0,True
12681,2,1.0000000000000004,1.0,1.0,0,1,1.0,True
12683,2,0.9743206394944822,0.8,1.0,1,1,1.0,True
12684,2,0.8364935471807335,0.75,1.0,1,1,1.0,True
12686,4,0.34215176921709445,0.25,1.0472000000000001,1,1,0.6162793296644691,False
12687,3,0.29709111560873774,0.5,1.0,0,2,0.65113428764184,False
12688,2,0.8574930165960003,0.4444444444444444,1.0,1,1,0.8935185185185186,True
12689,2,0.9999999999999997,1.0,1.0,1,1,1.0,True
12690,2,0.8542161875631543,0.7142857142857143,1.0,0,1,1.0,True
12691,2,0.7899587795687695,0.4,1.0,1,1,0.8706966198151871,True
12692,4,0.7937485568698099,0.375,1.0,1,2,0.8119041434203947,False
12693,2,0.8753351857589139,0.5,1.0,0,1,0.9166666666666667,True
12694,2,1.0000000000000002,1.0,1.0,0,1,1.0,True
12695,2,0.9510382422801318,1.0,1.0,1,1,1.0,True
12696,2,0.9004716509078672,0.42857142857142855,1.0,1,1,0.8869047619047619,True
12697,4,0.5042285468593284,0.375,1.0526315789473684,2,2,0.5828241391301885,False
12698,3,0.6435465006822405,0.6,1.0,1,1,0.8912818336257222,True
12700,3,0.8022841879531755,0.8333333333333334,1.0,1,1,1.0,True
12703,2,0.47965059215200534,0.5,1.1,2,1,0.6743740633032405,False
12704,3,0.0054583711847674505,0.0,1.0,0,1,0.44999999999999996,False
12705,2,0.9793534248344046,0.75,1.0,1,1,1.0,True
12706,2,0.5310616983436933,0.5714285714285714,1.1111111111111112,0,1,0.7511692992901543,True
12707,3,0.8794046098013478,0.75,1.0,1,2,0.9500000000000001,False
12708,3,0.4730779358064598,0.2,1.0294117647058822,1,1,0.6515572105837208,False
12709,2,0.7228075041621291,0.4,1.0,0,1,0.8419175017837697,True
12710,2,0.6697046700820445,0.2,1.0,0,1,0.7358258109875428,False
12711,2,0.7212031576594649,0.375,1.0,1,1,0.8308132580445327,True
12713,2,0.9999999999999991,1.0,1.0,0,1,1.0,True
12714,2,0.712446452238791,0.5,1.0,1,1,0.8791437176261485,True
12715,2,1.0000000000000002,1.0,1.0,0,1,1.0,True
12716,2,0.4844583531777391,0.3333333333333333,1.0,0,1,0.7119900878698247,True
12717,2,1.0,1.0,1.0,1,1,1.0,True
12718,2,0.8741961303062843,0.75,1.0,1,2,0.9500000000000001,False
12719,2,0.9390972602594803,0.8333333333333334,1.0,1,1,1.0,True
12720,2,0.7933344689903445,0.4,1.0,1,2,0.8221433438530049,False
12721,2,0.9061887169062962,0.8571428571428571,1.0,1,1,1.0,True
12722,3,0.598251929324186,0.5,1.0,1,1,0.8302032078056036,True
12724,2,0.8010972226590041,1.0,1.0,0,1,1.0,True
12725,2,0.7824334345643313,0.6,1.0,0,1,0.9508048052894753,True
12726,2,0.9101623860368436,0.7142857142857143,1.0,1,1,1.0,True
12727,4,0.7509890789621094,0.5555555555555556,1.034928848641656,1,1,0.9188101343700046,True
12728,3,0.6306499666347372,0.3333333333333333,1.0,0,1,0.7746436364942524,True
12729,2,0.8991256983890872,0.6666666666666666,1.0,1,1,0.9861111111111112,True
12730,2,0.7033281139129803,0.5,1.0144927536231885,1,1,0.8752358583436584,True
12731,2,0.46865337669388274,0.6666666666666666,1.0022271714922049,0,2,0.7941054154084896,False
12732,2,0.9552425086942169,0.875,1.0,1,1,1.0,True
12733,2,0.876674387110758,0.7142857142857143,1.0,2,2,0.8450000000000001,False
12734,2,1.0000000000000004,1.0,1.0,1,1,1.0,True
12735,4,0.7581511244894393,0.75,1.0,0,2,0.9320647676383312,False
12736,2,1.0,1.0,1.0,1,1,1.0,True
12738,2,0.5716570809741293,0.42857142857142855,1.0,0,1,0.7890435108936744,True
12740,2,1.0,1.0,1.0,1,1,1.0,True
12742,4,0.3591921076667756,0.375,1.0,1,1,0.6756656651905228,False
12743,2,0.9999999999999996,1.0,1.0,1,1,1.0,True
12744,2,0.6685293389666112,0.2,1.0,0,1,0.7353220976523571,False
12745,2,0.7768571311292904,0.5,1.0,2,1,0.8017482942935055,False
12746,2,0.7968122965353419,0.8,1.0,0,1,0.9986338413722893,True
12747,2,0.9008580942057324,0.75,1.0,1,1,1.0,True
12749,2,0.7073644490293973,0.4,1.0,1,1,0.8352990495840276,True
12750,4,0.4130865771837891,0.2222222222222222,1.0,1,1,0.6351058875761213,False
12751,2,0.8590220538839629,0.8333333333333334,1.0,1,2,0.9500000000000001,False
12752,3,0.6301882311993544,0.5454545454545454,1.0,0,1,0.8628295882629269,True
12753,2,0.7357280277283966,0.7142857142857143,1.0,1,2,0.9224548690264557,False
12754,3,0.6069418402332178,0.5555555555555556,1.0,1,1,0.8570756034861939,True
12755,2,0.9333698613197184,0.8571428571428571,1.0,0,1,1.0,True
12756,2,0.899456444400499,1.0,1.0,0,1,1.0,True
12757,2,1.0000000000000004,1.0,1.0,0,1,1.0,True
12758,3,0.32761692715396323,0.2727272727272727,1.0769230769230769,1,1,0.6195198086071098,False
12759,3,0.8028444209912898,0.5714285714285714,1.0,1,2,0.8964285714285715,False
12760,2,0.9790368777043686,0.875,1.0,1,1,1.0,True
12761,2,0.7357280277283966,0.7142857142857143,1.0,1,2,0.9224548690264557,False
12762,2,1.0000000000000007,1.0,1.0,0,1,1.0,True
12763,2,0.9999999999999994,1.0,1.0,0,1,1.0,True
12764,4,0.24986472677029312,0.125,1.0,0,2,0.47464440671107805,False
12765,4,0.5612238475674802,0.4,1.0,0,2,0.722667363243206,False
12767,2,0.8772371063951347,0.8333333333333334,1.0,1,2,0.9500000000000001,False
12768,2,0.9999999999999997,1.0,1.0,0,2,0.9500000000000001,False
12769,2,0.8136694001496083,0.5,1.0,2,2,0.7616666666666668,False
12770,2,0.8643761415883328,0.5714285714285714,1.0,1,1,0.9464285714285714,True
12771,2,0.9999999999999996,1.0,1.0,1,1,1.0,True
12773,3,0.6532862030928152,0.5714285714285714,1.0,1,1,0.8835512298969208,True
12774,2,0.921837988470462,1.0,1.0,1,1,1.0,True
12775,2,0.6530629289998447,0.5714285714285714,1.0,0,1,0.8834555409999334,True
12776,2,0.7887468489343783,0.5714285714285714,1.0,1,1,0.941605792400448,True
12779,2,1.0000000000000004,1.0,1.0,1,1,1.0,True
12780,2,0.9999999999999996,1.0,1.0,1,1,1.0,True
12781,2,0.7925515868782299,1.0,1.0,0,2,0.9468078229478128,False
12782,2,0.907119706695794,0.7142857142857143,1.0,1,1,1.0,True
12783,2,0.9999999999999997,1.0,1.0,0,1,1.0,True
12784,2,0.8954049254350447,0.6666666666666666,1.0,0,1,0.9861111111111112,True
12788,2,0.4227936429446272,0.6,1.0944444444444443,2,1,0.6916734660238879,False
12789,2,0.7207322609368357,0.6666666666666666,1.0,1,2,0.9021392229411836,False
12790,2,1.0000000000000002,1.0,1.0,1,2,0.9500000000000001,False
12791,2,1.0000000000000009,1.0,1.0,1,1,1.0,True
12792,2,0.9033230022572767,0.8888888888888888,1.0,1,2,0.9500000000000001,False
12793,2,0.9676463128560325,1.0,1.0,1,1,1.0,True
12794,2,1.0,1.0,1.0,1,2,0.9500000000000001,False
12795,2,0.9740704081035423,0.8571428571428571,1.0,1,1,1.0,True
12796,2,0.9208362198264284,1.0,1.0,0,2,0.9500000000000001,False
12797,2,0.358991564210138,0.4,1.0,0,1,0.6859963846614877,False
12798,2,0.5869956703909427,0.6666666666666666,1.0,0,1,0.894823541278658,True
12799,2,0.9309320259524178,0.8571428571428571,1.0,0,1,1.0,True
12800,2,0.8363632964528122,0.8333333333333334,1.0,1,2,0.9500000000000001,False
12801,4,0.468718459362251,0.2857142857142857,3.7142857142857144,1,3,0.4754031492504886,False
12803,2,0.9999999999999994,1.0,1.0,0,1,1.0,True
12804,2,0.8890716510538189,0.5,1.0,1,1,0.9166666666666667,True
12805,2,0.6154874202727596,0.3333333333333333,1.0,0,1,0.7681454023391192,True
12806,2,0.936113311330608,0.75,1.0,0,1,1.0,True
12807,3,0.7512882504287346,0.6666666666666666,1.0,0,2,0.9152346470091403,False
12809,2,1.0,1.0,1.0,0,1,1.0,True
12810,2,1.0000000000000002,1.0,1.0,0,1,1.0,True
12811,3,0.7650825317406686,0.5714285714285714,1.0,2,1,0.8264639421745723,False
12812,2,0.9999999999999998,1.0,1.0,0,1,1.0,True
12813,2,0.8191363898218951,0.6666666666666666,1.0,0,1,0.9861111111111112,True
12814,2,0.7901867378190941,0.6,1.0,0,1,0.9541276495415165,True
12815,3,0.9197108606910764,0.8,1.0,1,1,1.0,True
12816,2,0.7149922749713064,0.75,1.0,0,1,0.9635681178448456,True
12817,2,0.6987172550653169,0.5,1.0,1,1,0.873259775980374,True
12818,2,0.8208770749852556,0.6666666666666666,1.0,1,1,0.9861111111111112,True
12819,3,0.34109963812329236,0.2857142857142857,1.0,1,1,0.6307093687195062,False
12821,2,1.0000000000000002,1.0,1.0,0,1,1.0,True
12822,3,0.7292875229332888,0.5,1.0,0,1,0.8863613193523618,True
12823,2,0.8345957512265244,0.625,1.0,1,1,0.96875,True
12824,2,0.8567141437450204,1.0,1.0080645161290323,0,1,1.0,True
12825,2,0.8096503574186262,0.6,1.0,0,1,0.9583333333333333,True
12826,2,0.4549024833973448,0.6,1.0,1,2,0.7604343976464812,False
12827,2,0.9293875562935744,0.7142857142857143,1.0,0,1,1.0,True
12829,2,0.7090761358211534,0.6,1.0,2,1,0.8143659629709705,False
12830,2,0.7762202853960988,0.6666666666666666,1.0,1,1,0.9759198048522963,True
12832,2,0.9564306425566346,0.8,1.0,1,1,1.0,True
12833,2,0.8307217446838272,0.6666666666666666,1.0,0,1,0.9861111111111112,True
12835,2,0.7525274889931807,0.6,1.0,1,2,0.887987971473268,False
12836,2,0.41116056006611296,0.4444444444444444,1.0,0,1,0.7268730442611383,True
12837,4,0.8650898138669196,0.8333333333333334,1.0,1,1,1.0,True
12838,2,0.6829722147074737,0.5714285714285714,10.0,1,2,0.6862738063032031,False
12839,2,0.5680256556188128,0.4,1.0,0,1,0.7755824238366341,True
12840,2,0.8981033456580348,0.75,1.0,0,1,1.0,True
12841,2,0.7503123716856578,0.4,1.0,0,1,0.8537053021509962,True
12842,2,0.5140934920726857,0.3333333333333333,1.0526315789473684,1,1,0.7246908616819446,True
12843,2,0.9118711116997504,0.75,1.0,1,1,1.0,True
12845,2,0.9181804383435619,0.8333333333333334,1.0,0,1,1.0,True
12846,2,0.7372445499903548,0.4,1.0,0,2,0.7981048071387237,False
12847,2,1.0000000000000007,1.0,1.0,1,1,1.0,True
12848,2,0.8160001683724426,0.4,1.0,2,2,0.7200000000000001,False
12850,2,0.7798776234197384,0.8571428571428571,1.0,0,1,0.991376124322745,True
12851,2,0.7130085859310794,0.625,1.0,0,1,0.9314679653990341,True
12852,2,0.799254795630247,1.0,1.0,0,1,0.9996806266986773,True
12853,2,0.9999999999999991,1.0,1.0,1,2,0.9500000000000001,False
12854,2,0.6303678244952928,0.42857142857142855,1.0,0,1,0.8142052581170303,True
12855,3,0.27892140219761435,0.2857142857142857,10.0,1,2,0.3940615533227871,False
12856,2,0.9999999999999988,1.0,1.0,0,2,0.9500000000000001,False
12857,2,0.6912925433054506,0.6,1.0,2,1,0.8067444233213836,False
12858,2,0.9999999999999994,1.0,1.0,0,1,1.0,True
12859,2,0.9999999999999996,1.0,1.0,1,1,1.0,True
12860,2,0.9702230678711992,1.0,1.0,0,1,1.0,True
12862,3,0.6903748482250871,0.5,1.0007407407407407,0,1,0.8696844587631326,True
12863,4,0.4734474173497613,0.2222222222222222,1.0,1,2,0.6109748190758236,False
12864,2,0.8512983486490757,0.5714285714285714,1.0,0,1,0.9464285714285714,True
12865,2,0.9326780215108152,0.8333333333333334,1.0,1,1,1.0,True
12866,2,0.8900842472867669,0.8,1.0,1,1,1.0,True
12867,2,0.91817629660564,0.7777777777777778,1.0,1,1,1.0,True
12868,2,0.8001136673672995,0.5,1.0,0,1,0.9166666666666667,True
12869,3,0.6719313211076466,0.5,1.0060362173038229,0,1,0.8617800899985153,True
12870,3,0.7257389803004243,0.42857142857142855,1.0,1,3,0.8050786106049438,False
12871,2,0.8236158230189877,0.7142857142857143,1.0,1,1,1.0,True
12872,4,0.6502148242438515,0.7142857142857143,1.0319917440660473,1,1,0.9358063532473649,True
12873,2,1.0,1.0,1.0,1,1,1.0,True
12875,2,0.7339364664490022,0.6666666666666666,1.0,0,1,0.9577981681606835,True
12877,2,1.0,1.0,1.0,0,1,1.0,True
12878,2,1.0000000000000002,1.0,1.0,0,1,1.0,True
12879,2,0.6706667908198195,0.6,1.0,1,1,0.9029048151132559,True
12880,2,0.8803329076950058,0.8,1.0,0,1,1.0,True
12881,2,0.7002907118352991,0.5,1.0084033613445378,0,1,0.8739341145960806,True
12882,3,0.7166814021805876,0.42857142857142855,1.0,1,2,0.8011967914107282,False
12883,2,0.7858667621554593,0.7142857142857143,1.0,0,1,0.9939428980666254,True
12884,2,1.0000000000000002,1.0,1.0,1,1,1.0,True
12885,2,0.7575155860973978,0.4,1.0,0,1,0.8567923940417419,True
12886,2,0.8477302628000933,0.5714285714285714,1.0,1,1,0.9464285714285714,True
12888,2,0.6480905036012962,0.5,1.0,1,1,0.8515625967815079,True
12889,4,0.248053288959197,0.3,1.1428571428571428,0,2,0.46678474288727484,False
12891,3,0.7848734337128899,1.0,1.1111111111111112,1,1,0.9135171858769527,True
12892,3,0.8127107345428869,0.75,1.0208333333333333,1,2,0.9500000000000001,False
12893,4,0.6631957032583208,0.5,1.0,1,2,0.8080362537773756,False
12894,3,0.4474077882070094,0.375,1.00515,0,2,0.6634723854220517,False
12895,2,0.6138816458726525,0.8,1.0,0,1,0.9202349910882797,True
12896,2,0.8760340308724536,0.7142857142857143,1.0,1,1,1.0,True
12897,2,0.793355046468437,0.6666666666666666,1.0,1,1,0.9832632738832985,True
12898,2,0.645573098330488,0.5,1.025925925925926,0,2,0.8004837088083044,False
12900,2,0.7513528840018268,0.8571428571428571,1.0,1,1,0.9791512360007828,True
12902,2,0.645242652507459,0.625,1.0,0,1,0.9024254225031968,True
12903,2,0.8706063058739928,0.7142857142857143,1.0,1,1,1.0,True
12904,2,0.9435373293952235,0.8,1.0,1,1,1.0,True
12905,2,0.6714377277648655,0.625,1.0,0,1,0.9136518833277996,True
12908,2,0.4414900253420785,0.42857142857142855,1.0038461538461538,0,2,0.6832576299085099,False
12910,3,0.8754498171224527,1.0,1.028577306156035,1,1,1.0,True
12911,2,1.0000000000000007,1.0,1.0,1,1,1.0,True
12913,2,1.0000000000000002,1.0,1.0,1,1,1.0,True
12914,2,0.8317961257600889,0.6,1.0,1,1,0.9583333333333333,True
12918,2,0.14657697221649865,0.5,1.0285714285714285,2,1,0.5316282261880233,False
12920,2,0.7485637307566527,0.8571428571428571,1.0,1,1,0.977955884609994,True
12921,3,0.33551378262043446,0.2857142857142857,1.0,0,1,0.6283154306468528,False
12923,4,0.6460119785389443,0.5,1.0769230769230769,0,2,0.8006718003262144,False
12924,2,0.5895361173227787,0.3333333333333333,1.0,0,1,0.757023415360556,True
12926,2,1.0000000000000002,1.0,1.0,1,1,1.0,True
12927,2,0.24542542701563325,0.4,1.0666666666666667,0,2,0.5873251830067,False
12928,2,0.2328410321291482,0.16666666666666666,1.0,0,1,0.5347096486902698,False
12929,2,0.5729184970185811,0.42857142857142855,1.0,1,1,0.7895841177698681,True
12930,2,0.9613960649738226,0.875,1.0,1,1,1.0,True
12931,3,0.8446673312678836,0.8571428571428571,1.0,1,1,1.0,True
12932,2,0.30354377683733885,0.3333333333333333,1.0,2,1,0.5294552694382246,False
12934,2,0.9057061157392369,1.0,1.0,1,1,1.0,True
12935,3,0.8407883440665926,1.0,1.0666666666666667,1,1,1.0,True
12936,2,1.0000000000000007,1.0,1.0,1,1,1.0,True
12938,2,0.7527518082784594,0.5,1.0445205479452055,1,2,0.8464174416431495,False
12941,2,0.2811355124631469,0.1111111111111111,1.0,0,1,0.5322591349709783,False
12942,2,1.0,1.0,1.0,1,1,1.0,True
12943,3,0.7602090645524476,0.8571428571428571,1.0,0,1,0.9829467419510489,True
12944,3,0.8789311031170155,1.0,1.0,1,1,1.0,True
12946,2,0.6002207301824142,0.6,1.0,0,1,0.8727136462686538,True
12947,2,0.9999999999999994,1.0,1.0,1,1,1.0,True
12948,2,0.5566263856987251,0.42857142857142855,1.0,0,1,0.7826017843470727,True
12949,2,0.8029935205732285,1.0,1.0,1,1,1.0,True
12950,2,0.424421905027534,0.3333333333333333,1.0,0,1,0.6862601815197368,True
12953,2,0.9999999999999997,1.0,1.0,1,1,1.0,True
12954,2,1.0000000000000004,1.0,1.0,1,1,1.0,True
12955,2,0.8384194214502276,0.6,1.0,1,1,0.9583333333333333,True
12956,4,0.7637509702698022,0.5,1.0,1,1,0.9011313682108677,True
12957,2,0.9999999999999998,1.0,1.0,1,1,1.0,True
12958,2,0.9654629508453884,0.8,1.0,0,2,0.9500000000000001,False
12959,2,0.8645677323892701,0.7142857142857143,1.0,1,1,1.0,True
12960,4,0.9184283061013296,0.4,1.0,0,1,0.875,True
12962,2,0.8931791200404697,0.8571428571428571,1.0,1,1,1.0,True
12963,2,0.7392522395602263,0.5714285714285714,1.0,1,1,0.9203938169543828,True
12964,2,0.9288613499474015,0.7142857142857143,1.0,1,1,1.0,True
12966,4,0.5914729449256587,0.2857142857142857,1.0,0,1,0.738012214491949,True
12967,2,0.7086913136829692,1.0,1.0,1,1,0.9608677058641297,True
12968,2,0.6586825569152644,0.5714285714285714,1.0101010101010102,1,1,0.8858639529636847,True
12970,2,0.5393976089684274,0.4,1.0,0,1,0.763313260986469,True
12971,2,0.9999999999999992,1.0,1.0,0,1,1.0,True
12972,4,0.723054464298047,0.4,1.0,1,1,0.8420233418420202,True
12973,4,0.5174022580360426,0.5,1.145137420718816,0,1,0.7155533486821135,True
12974,2,0.9310929000106808,0.75,1.0,1,1,1.0,True
12975,2,0.9613597369966512,1.0,1.0,0,1,1.0,True
12976,2,0.7990132926885716,0.6666666666666666,1.0,0,1,0.9856882365490705,True
12977,2,0.4000777933371431,0.3333333333333333,1.0,0,1,0.6758269907952835,True
12978,3,0.5043610776399345,0.5,1.0101010101010102,1,1,0.7899642713694959,True
12979,2,0.8381534512675303,1.0,1.0,1,1,1.0,True
12981,2,0.9338232659075604,1.0,1.0,1,1,1.0,True
12982,2,0.9557673724897487,0.6,1.0,0,1,0.9583333333333333,True
12983,2,0.9999999999999999,1.0,1.0,1,1,1.0,True
12984,2,1.0000000000000002,1.0,1.0,1,1,1.0,True
12985,4,0.8161729640826074,0.5,1.0,0,2,0.8666666666666668,False
12986,2,0.7820492047261767,1.0,1.0,1,1,0.9923068020255044,True
12987,2,0.9999999999999999,1.0,1.0,1,1,1.0,True
12988,2,0.8895607821103684,0.8571428571428571,1.0,0,1,1.0,True
12989,2,0.7516891645530686,0.6666666666666666,1.0,0,1,0.9654064673481404,True
12990,4,0.5633340502536228,0.2857142857142857,1.0,1,2,0.6759526882039336,False
12991,2,0.7624990982967179,1.0,1.0,1,1,0.9839281849843076,True
12993,2,0.6372339830150033,0.2857142857142857,1.0,1,1,0.757624087958811,True
12994,3,0.2552619994494555,0.25,1.1363636363636365,0,1,0.49904085690690947,False
12996,3,0.9036596613429317,1.0,1.0,1,1,1.0,True
12997,2,0.912914217885859,0.6,1.0,1,1,0.9583333333333333,True
12999,2,0.8725724392492407,0.5714285714285714,1.0,0,1,0.9464285714285714,True
13001,2,0.8968078689177567,0.75,1.0,1,1,1.0,True
13003,4,0.5088658118996615,0.2222222222222222,1.0057142857142858,1,1,0.6761541310257808,False
13004,2,0.9987187099035777,1.0,1.0,1,1,1.0,True
13005,2,0.9555998817388439,0.75,1.0,1,1,1.0,True
13006,2,0.6720369145653913,0.625,1.0,0,1,0.913908677670882,True
13008,2,0.8002544754922645,0.5,1.0,1,1,0.9166666666666667,True
13009,2,1.0000000000000007,1.0,1.0,1,1,1.0,True
13010,2,0.8244135494534149,0.5714285714285714,1.0,1,1,0.9464285714285714,True
13011,3,0.7271786051112945,0.8333333333333334,1.0061363636363636,2,1,0.8637908307619833,False
13012,2,0.914787414561448,1.0,1.0,1,1,1.0,True
13013,2,0.754611895012805,0.75,1.0,1,1,0.9805479550054879,True
13014,2,0.8461419136499756,0.5714285714285714,1.0,0,1,0.9464285714285714,True
13015,2,0.7669031882256708,0.42857142857142855,1.0,1,1,0.8727204140014779,True
13016,2,0.64493842301184,0.3333333333333333,1.0,2,1,0.675767260655868,False
13017,2,1.0,1.0,1.0,0,1,1.0,True
13018,2,0.6648971336743131,0.8,1.0,0,1,0.9420987715747057,True
13019,2,0.9999999999999999,1.0,1.0,0,1,1.0,True
13021,2,0.5816149354118854,0.6666666666666666,1.0,1,1,0.8925175120019191,True
13022,2,0.4667288125791544,0.3333333333333333,1.0,0,1,0.7043917133275741,True
13023,2,0.8960305244760258,0.625,1.0,1,1,0.96875,True
13024,2,0.8131744011008798,0.7142857142857143,1.0,0,1,1.0,True
13026,2,0.9999999999999992,1.0,1.0,1,1,1.0,True
13027,2,0.9130102107361389,0.8,1.0,0,2,0.9500000000000001,False
13028,2,0.7950711487301768,0.5555555555555556,1.0,1,1,0.9377024499848907,True
13029,2,0.7740158818230337,1.0,1.0,2,1,0.8838639493527287,False
13030,2,0.7054275623950157,0.5714285714285714,1.0,1,1,0.905897526740721,True
13031,4,0.4971352251920114,0.4,1.034851851851852,1,1,0.7452008107965763,True
13032,3,0.7624944204661457,0.625,1.0,1,1,0.9526761801997767,True
13033,2,0.9999999999999994,1.0,1.0,1,1,1.0,True
13034,4,0.6599729584146977,0.3333333333333333,1.0,0,1,0.7872106329713784,True
13035,4,0.8547927135107413,0.6666666666666666,1.0,1,1,0.9861111111111112,True
13036,2,0.8489151546638588,0.8,1.0,0,1,1.0,True
13037,3,0.4516946353850676,0.5,1.0,0,1,0.7673929389745529,True
13038,2,0.9849369479731738,1.0,1.0,0,1,1.0,True
13039,2,0.8966989687472134,0.6666666666666666,1.0,1,1,0.9861111111111112,True
13040,2,0.9475014299068477,1.0,1.0,0,1,1.0,True
13041,2,0.7249594282365474,1.0,1.0,1,1,0.9678397549585203,True
13042,2,0.9999999999999996,1.0,1.0,1,1,1.0,True
13043,4,0.6977245806165739,0.6,1.0,1,1,0.9145010107404365,True
13044,3,0.7996891825386289,0.6,1.0,1,1,0.9582001258498887,True
13045,3,0.7059847502019054,0.5,1.0,1,1,0.8763744167531976,True
13046,2,0.9999999999999998,1.0,1.0,1,1,1.0,True
13047,2,0.9999999999999997,1.0,1.0,1,1,1.0,True
13048,2,0.5717561681723533,0.6666666666666666,1.0,1,1,0.8882923260421196,True
13049,2,0.9209101714122959,1.0,1.0,1,1,1.0,True
13050,2,0.574149478603119,0.375,1.0,0,1,0.76779025273467,True
13052,2,0.7739092216880646,1.0,1.0,1,1,0.9888182378663135,True
13053,2,0.7147460557763189,0.375,1.0,0,1,0.8280459286660415,True
13054,2,0.9508083851507819,0.7142857142857143,1.0,1,1,1.0,True
13056,3,0.774487874284516,0.6,1.0,0,1,0.9473995651695546,True
13057,2,0.7166353232653864,0.6666666666666666,1.0,1,1,0.9503833925105625,True
13058,2,0.8521306134526465,1.0,1.0,1,1,1.0,True
13059,2,0.9999999999999998,1.0,1.0,1,1,1.0,True
13060,4,0.6006238579481179,0.42857142857142855,1.0,1,1,0.8014578438825268,True
13061,2,1.0,1.0,1.0,1,1,1.0,True
13062,2,0.8431974464917656,0.6666666666666666,1.0,0,1,0.9861111111111112,True
13063,2,1.0,1.0,1.0,1,1,1.0,True
13064,2,0.9667359889562581,1.0,1.0,1,1,1.0,True
13065,2,0.9013546334011299,0.6666666666666666,1.0,1,1,0.9861111111111112,True
13066,2,0.4543290306481443,0.3333333333333333,1.0,0,1,0.6990775210714268,True
13067,3,0.6280914488378446,0.6666666666666666,4.0,1,1,0.7524360177559017,False
13069,2,0.999999999999999,1.0,1.0,1,1,1.0,True
13070,2,0.7014359547663566,0.4,1.0,1,1,0.8327582663284385,True
13071,2,0.6550202889897149,0.375,1.0,0,1,0.8024491714717825,True
13072,4,0.552288883544267,0.4,1.0003789026977872,1,1,0.7688380929475431,True
13073,3,0.7673632900185866,0.6,1.0,1,1,0.9443461719127275,True
13074,2,0.9265586662843451,0.5,1.0,1,1,0.9166666666666667,True
13075,3,0.47301761206500237,0.5,1.0,0,1,0.7765313575516677,True
13076,2,0.9999999999999997,1.0,1.0,1,1,1.0,True
13078,2,1.0,1.0,1.0,0,1,1.0,True
13080,2,0.8553808204122227,0.6666666666666666,1.0,0,1,0.9861111111111112,True
13081,3,0.8498643557107889,1.0,1.0,1,1,1.0,True
13082,2,0.5960022588207192,0.6,1.0,1,1,0.8709057299707845,True
13083,2,0.8202889479354677,0.6666666666666666,1.0,2,1,0.8811111111111112,False
13084,2,0.556181194157505,0.4,1.0,0,1,0.7705062260675022,True
13085,2,0.6970998751117409,0.5714285714285714,10.0,0,1,0.7423285179050318,False
13086,2,0.8399619360853092,0.5714285714285714,1.0,0,1,0.9464285714285714,True
13087,2,0.793355046468437,0.6666666666666666,1.0,1,1,0.9832632738832985,True
13088,2,0.6121400522940288,0.42857142857142855,1.0,0,1,0.80639335574506,True
13089,2,1.0,1.0,1.0,1,1,1.0,True
13090,2,0.8426377653212875,0.5714285714285714,1.0,0,1,0.9464285714285714,True
13091,3,0.7664804320482896,0.6666666666666666,1.0,1,1,0.9717455819889496,True
13092,2,1.0000000000000007,1.0,1.0,1,1,1.0,True
13093,2,0.9999999999999994,1.0,1.0,1,1,1.0,True
13094,2,0.7181632740046576,0.25,1.0,1,1,0.7774271174305676,True
13095,2,0.5981777432370454,0.2,1.0,0,1,0.7051714137682575,False
13096,3,0.6968895299886587,0.5,1.0,0,1,0.8724764652332347,True
13097,4,0.798117487720848,0.5714285714285714,1.0,1,1,0.9456217804517921,True
13098,2,0.8671795731277645,0.6666666666666666,1.0,1,1,0.9861111111111112,True
13099,2,0.8651510350256103,0.6666666666666666,1.0,1,1,0.9861111111111112,True
13101,2,0.9999999999999991,1.0,1.0,1,1,1.0,True
13102,2,0.8623260595566761,0.75,1.0,0,1,1.0,True
13104,2,1.0000000000000002,1.0,1.0,1,1,1.0,True
13105,2,0.9585675262892684,0.8333333333333334,1.0,1,1,1.0,True
13106,2,0.6946908135836793,0.7142857142857143,1.0,1,1,0.9548674915358626,True
13107,3,0.18081383408060117,0.14285714285714285,1.0,0,1,0.5024916431774005,False
13108,2,0.9350166621764764,0.8571428571428571,1.0,0,1,1.0,True
13109,3,0.8463717401453612,0.75,1.0,1,1,1.0,True
13110,2,0.7862108626584354,0.7142857142857143,1.0,1,1,0.9940903697107579,True
13111,2,0.9999999999999998,1.0,1.0,0,1,1.0,True
13112,3,0.7381910440981351,0.6666666666666666,1.0,1,1,0.9596215585817405,True
13113,2,0.9390988690422443,1.0,1.0,0,1,1.0,True
13115,2,0.8002638253415906,0.5,1.0,0,1,0.9166666666666667,True
13116,3,0.8060638918244188,0.8333333333333334,1.0,1,3,0.9500000000000001,False
13117,2,0.9605368392054978,0.6666666666666666,1.0,1,1,0.9861111111111112,True
13118,2,0.8660273704242765,0.625,1.0,0,1,0.96875,True
13119,2,0.8177299801361322,0.8571428571428571,1.0,0,1,1.0,True
13120,2,0.9871689477159622,1.0,1.0,0,1,1.0,True
13121,3,0.6958915971887446,0.2857142857142857,1.0,1,1,0.7827630654618429,True
13122,2,0.8144778356004647,0.375,1.0,1,1,0.8645833333333333,True
13123,4,0.8139182805741887,0.625,1.0,1,1,0.96875,True
13124,2,0.9724430858266822,0.8333333333333334,1.0,0,1,1.0,True
13125,3,0.7026347157470025,0.5,1.0101010101010102,1,1,0.8749386877010963,True
13126,2,1.0000000000000004,1.0,1.0,0,1,1.0,True
13128,2,0.9847523200977243,1.0,1.0,0,1,1.0,True
13129,2,1.0000000000000007,1.0,1.0,0,2,0.9500000000000001,False
13130,2,0.6894008551572636,1.0,1.056,1,1,0.9526003664959701,True
13131,2,0.8052397688280769,0.6666666666666666,1.0,1,1,0.9861111111111112,True
13132,2,0.6882671174155199,0.5,1.0,2,1,0.7637811455590324,False
13133,2,0.9999999999999992,1.0,1.0,1,1,1.0,True
13134,2,0.8758784625572235,1.0,1.0,1,1,1.0,True
13135,2,0.9999999999999999,1.0,1.0,1,1,1.0,True
13136,2,0.9019385456965979,0.8,1.0,1,1,1.0,True
13137,2,0.7401357819564378,0.6666666666666666,1.0,1,1,0.9604550176638702,True
13138,2,0.8558517429991734,0.625,1.0,0,1,0.96875,True
13139,2,0.7833374446619376,0.5714285714285714,1.0,1,1,0.9392874762836876,True
13140,2,0.8376219571934393,0.6666666666666666,1.0,1,1,0.9861111111111112,True
13142,2,0.8558298618248401,0.5,1.0,0,2,0.8666666666666668,False
13143,2,0.9141951967436054,0.75,1.0,0,1,1.0,True
13144,2,0.8764589634729882,1.0,1.0,0,1,1.0,True
13145,2,0.8984877455489705,1.0,1.0,1,2,0.9500000000000001,False
13146,2,0.7747382786339876,0.6666666666666666,1.0,1,1,0.9752846590971058,True
13147,2,0.9151779812548386,0.8,1.0,1,1,1.0,True
13148,2,0.8593334328825454,0.8333333333333334,1.0,1,1,1.0,True
13149,2,0.8003377293696727,0.6,1.0,1,1,0.9583333333333333,True
13150,2,0.8835572770931073,0.6,1.0,1,1,0.9583333333333333,True
13151,2,0.8626866697647118,0.75,4.0,0,1,0.8400000000000001,False
13152,2,1.0,1.0,1.0,0,1,1.0,True
13153,2,1.0000000000000004,1.0,1.0,1,1,1.0,True
13154,2,0.852899165448436,0.75,1.0,0,1,1.0,True
13155,3,0.8715114214088808,0.6666666666666666,1.0,1,1,0.9861111111111112,True
13156,2,0.7423111264584823,0.7142857142857143,1.0,1,1,0.9752761970536352,True
13157,2,0.758000921499266,0.75,1.0,0,1,0.9820003949282567,True
13158,2,0.8785717103043095,0.75,4.0,1,1,0.8400000000000001,False
13159,2,0.8411129115628679,0.8571428571428571,1.0,1,1,1.0,True
13160,2,0.8292436288091237,0.8333333333333334,1.0,1,1,1.0,True
13161,3,0.01962201932135415,0.0,1.0,0,1,0.44999999999999996,False
13162,2,0.8610648089961723,0.5714285714285714,1.0,0,1,0.9464285714285714,True
13163,2,0.9290691804506691,0.5,1.0,1,1,0.9166666666666667,True
13166,2,0.8342369259827717,0.625,1.0,1,1,0.96875,True
13167,4,0.7805141644703799,0.5714285714285714,1.0153846153846153,1,1,0.9380774990587344,True
13169,2,0.999999999999999,1.0,1.0,0,1,1.0,True
13170,2,0.9017392260133308,0.6,1.0,1,1,0.9583333333333333,True
13172,3,0.7239712003989789,0.5,1.0004547521600726,1,1,0.8840828954090862,True
13173,2,0.8448461833169617,0.75,1.0309278350515463,1,2,0.9500000000000001,False
13174,2,0.8628062109815874,0.6666666666666666,1.0,1,1,0.9861111111111112,True
13176,2,0.7694005186718883,1.0,1.0,1,1,0.9868859365736664,True
13177,2,1.0000000000000013,1.0,1.0,1,1,1.0,True
13178,2,0.7247509506944129,0.6666666666666666,1.0,1,1,0.9538615185515738,True
13179,2,0.5479517102340226,0.4,1.0,0,1,0.7669793043860098,True
13180,2,1.0000000000000004,1.0,1.0,0,1,1.0,True
13181,4,0.5124943909470616,0.375,1.0,1,1,0.7413666437392169,True
13182,3,0.7136328713241975,0.5714285714285714,1.0057142857142858,1,1,0.9094140877103705,True
13184,3,0.4182339138918093,0.2222222222222222,1.1363636363636365,1,1,0.5573118890224157,False
13185,2,1.0000000000000004,1.0,1.0,1,1,1.0,True
13187,2,0.9004685520331756,0.8,1.0,1,1,1.0,True
13188,2,0.8703069024145506,0.75,1.0153846153846153,1,2,0.9500000000000001,False
13189,2,0.8789343720563486,1.0,1.0,1,1,1.0,True
13191,2,0.9521347947949168,0.75,1.0,1,2,0.9500000000000001,False
13192,2,0.9853467030239987,0.8333333333333334,1.0,0,1,1.0,True
13194,2,0.9676948767997451,1.0,1.0,1,2,0.9500000000000001,False
13195,2,0.897892695507159,0.5,1.0,0,1,0.9166666666666667,True
13196,2,0.9999999999999994,1.0,1.0,1,1,1.0,True
13197,2,0.9003547006283629,1.0,10.0,1,1,0.8400000000000001,False
13199,2,0.95716030717495,0.8,1.0,0,1,1.0,True
13200,4,0.21717239585173648,0.16666666666666666,1.0,0,1,0.5279945188570934,False
13201,2,0.916235376473613,0.6666666666666666,1.0,1,1,0.9861111111111112,True
13202,4,0.7936356676663372,0.7142857142857143,1.0,1,1,0.9972724289998587,True
13203,2,0.8533606645250537,0.6,1.0,0,1,0.9583333333333333,True
13204,2,0.8805438396294843,0.6666666666666666,1.0,0,1,0.9861111111111112,True
13205,2,1.0,1.0,1.0,1,1,1.0,True
13206,2,0.8061846880801151,0.6666666666666666,1.0,1,1,0.9861111111111112,True
13207,3,0.45409335162921227,0.2857142857142857,1.0,1,1,0.679135245936329,True
13208,2,0.8888466274280514,1.0,1.0,1,2,0.9500000000000001,False
13209,2,0.7334790548073372,0.8,1.0,1,1,0.9714910234888587,True
13210,2,0.7761656534314605,0.6,1.0,0,1,0.9481186133753878,True
13212,2,0.9033618652928197,0.6,1.0,1,1,0.9583333333333333,True
13213,3,0.9442629587055013,1.0,1.0,1,2,0.9500000000000001,False
13214,4,0.3364068139843323,0.2,1.0,0,1,0.5929838726599519,False
13215,3,0.907909645030826,1.0,1.0,1,2,0.9500000000000001,False
13216,2,1.0000000000000002,1.0,1.0,0,1,1.0,True
13217,2,1.0000000000000002,1.0,1.0,0,1,1.0,True
13218,2,0.9999999999999996,1.0,1.0,0,1,1.0,True
13219,2,0.9363429656199941,0.8,1.0,1,1,1.0,True
13220,2,1.0,1.0,1.0,0,1,1.0,True
13221,2,0.9999999999999997,1.0,1.0,0,1,1.0,True
13223,2,0.9999999999999992,1.0,1.0,1,1,1.0,True
13224,2,0.87358629717962,1.0,1.0,1,1,1.0,True
13225,4,0.688108463235347,0.625,1.0,1,2,0.8707964842437202,False
13226,2,0.9999999999999996,1.0,1.0,0,1,1.0,True
13227,2,0.827245797172709,0.75,1.0,1,1,1.0,True
13228,2,0.9091574738891539,0.6666666666666666,1.0,0,1,0.9861111111111112,True
13229,2,1.0000000000000002,1.0,1.0,0,1,1.0,True
13230,2,0.7958330031044542,0.6,1.0,1,1,0.9565474775209566,True
13232,2,0.9115071084850662,1.0,1.0,0,1,1.0,True
13233,2,0.6133433323857396,0.6,4.0,0,1,0.7183376186415075,False
13234,3,0.7701875980153066,0.5714285714285714,1.0,1,1,0.9336518277208457,True
13235,2,0.8471518058877471,0.7142857142857143,1.0,0,1,1.0,True
13236,2,0.9999999999999992,1.0,1.0,1,1,1.0,True
13238,2,0.828688578673837,0.6666666666666666,1.0,1,1,0.9861111111111112,True
13239,2,0.882642123819235,0.5714285714285714,1.0,1,1,0.9464285714285714,True
13240,2,0.8936248877727665,0.8,1.0,1,1,1.0,True
13241,2,0.3463889125822366,0.5,1.0,2,1,0.6172619149161966,False
13242,3,0.03258609390731326,0.0,1.0,0,1,0.44999999999999996,False
13243,2,0.8461140785971485,0.75,1.0,0,1,1.0,True
13244,2,0.8323008317562525,0.75,1.0,0,1,1.0,True
13245,2,0.7807302480301285,0.6666666666666666,1.0,0,1,0.9778526459811663,True
13246,3,0.8489145337281153,0.6666666666666666,1.0,1,1,0.9861111111111112,True
13247,2,0.35519773972536833,0.5,1.0,0,1,0.7260371265489673,False
13248,2,0.8964066472402311,0.875,1.0,0,1,1.0,True
13250,2,0.9999999999999996,1.0,1.0,1,1,1.0,True
13251,2,0.9091824534388269,1.0,1.0,0,1,1.0,True
13252,2,0.8371681635488945,0.6,1.0,0,1,0.9583333333333333,True
13253,2,0.7158956647441526,0.75,1.0,0,1,0.963955284890351,True
13254,2,1.0000000000000004,1.0,1.0,0,1,1.0,True
13255,2,0.9999999999999987,1.0,1.0,0,1,1.0,True
13256,2,0.736684598105062,0.6,1.0,1,1,0.9311981610926456,True
13257,2,1.0,1.0,1.0,1,1,1.0,True
13258,2,0.9999999999999996,1.0,1.0,0,1,1.0,True
13260,2,1.0000000000000007,1.0,1.0,1,1,1.0,True
13261,2,0.9444752508805693,0.75,4.0,1,1,0.8400000000000001,False
13262,2,0.8003455210727581,0.75,1.0,1,1,1.0,True
13263,2,0.8269534830181403,0.8333333333333334,1.0,1,1,1.0,True
13265,2,0.7035501244049162,0.5,1.0,1,1,0.8753310056973451,True
13266,4,0.2535524516126822,0.125,1.1111111111111112,1,1,0.446224860214959,False
13268,2,0.9766764769825254,1.0,1.0,1,1,1.0,True
13269,2,0.8955258273771258,0.5,1.0,0,1,0.9166666666666667,True
13270,2,0.6065448039237491,0.5,1.0,0,1,0.833757296919702,True
13271,2,0.9624924915022041,0.8333333333333334,1.0,0,1,1.0,True
13272,2,0.9999999999999997,1.0,1.0,0,1,1.0,True
13273,2,1.0000000000000004,1.0,1.0,0,1,1.0,True
13274,3,0.8513072168367012,1.0,1.0,1,1,1.0,True
13275,2,1.0000000000000004,1.0,1.0,1,1,1.0,True
13276,2,0.7023641813708054,0.6666666666666666,1.0294117647058822,0,2,0.8942671888414563,False
13277,2,0.5991961985861655,0.3333333333333333,1.0,0,2,0.7111634501877219,False
13278,3,0.5284887278866253,0.5,1.2,0,2,0.6703046929037918,False
13279,4,0.4849764506185793,0.5,1.0,0,2,0.7316565740746294,False
13280,4,0.4039075156487922,0.375,1.2,0,2,0.56482941146853,False
13281,2,0.7509830809346631,0.6666666666666666,1.0,0,2,0.9151038600831097,False
13284,2,0.4586266409366585,0.5,1.1875,0,2,0.6403637984966633,False
13285,4,0.7573813764459179,0.5,1.0,1,2,0.8484015422863459,False
13287,2,0.8441765371867719,0.8,1.0,1,2,0.9500000000000001,False
13288,2,0.9478518138320822,0.8333333333333334,1.0,1,2,0.9500000000000001,False
13290,2,0.7738050262389212,0.6,1.0,0,2,0.8971069160071569,False
13291,4,0.7621997185978557,0.6,1.0,0,2,0.8921332127324145,False
13292,3,0.5930176116359182,0.5,1.118076923076923,1,2,0.6979599287963459,False
13293,2,0.8928867398234837,0.6666666666666666,1.0,0,2,0.9361111111111112,False
13294,4,0.3307237723450499,0.25,4.00775,1,2,0.4013816167193071,False
13296,4,0.6511326839019552,0.6,1.0,0,2,0.8445330550055999,False
13297,4,0.24947218156493178,0.25,1.2,0,2,0.4465595063849707,False
13298,2,0.9514899468584656,0.75,1.0,1,2,0.9500000000000001,False
13299,2,0.7740493273797492,0.6666666666666666,1.1428571428571428,0,2,0.8449893942738609,False
13300,2,0.7718965561895911,0.75,1.0,0,2,0.9379556669383963,False
13301,2,0.6876951253396894,0.4,1.0,0,2,0.7768693394312957,False
13302,4,0.548379031948639,0.5714285714285714,1.0227272727272727,1,2,0.7885910136922739,False
13303,2,0.9181883561187659,0.8333333333333334,1.0,1,2,0.9500000000000001,False
13304,2,0.9665064562371375,0.75,1.0,1,2,0.9500000000000001,False
13306,2,0.5094443136039937,0.75,1.0294117647058822,0,2,0.8254761344017117,False
13307,2,0.8159702280170058,0.75,1.0,0,2,0.9500000000000001,False
13308,2,0.8902309338160341,0.6666666666666666,1.0,0,2,0.9361111111111112,False
13309,2,0.6733182966687654,0.5,1.0,0,2,0.8123745080961376,False
13310,2,0.9075072561253843,0.8,1.0,0,2,0.9500000000000001,False
13311,2,0.8638738090449122,0.7142857142857143,1.0,0,2,0.9500000000000001,False
13312,2,0.4230055461711581,0.4,1.0,0,2,0.6634309483590678,False
13313,2,0.9637667690462509,1.0,1.0,0,2,0.9500000000000001,False
13314,2,0.49812719803063915,0.45454545454545453,1.0,0,2,0.7183532147404038,False
13315,2,0.8230732106641168,0.6666666666666666,1.0,0,2,0.9361111111111112,False
13316,3,0.8706929352920869,0.8333333333333334,1.0003847633705272,1,2,0.9500000000000001,False
13317,3,0.45862558139360765,0.2,1.0,0,2,0.5953633444067843,False
13318,2,0.7569539501632928,0.5,1.0,0,2,0.8482183595937923,False
13319,3,0.5964202530365021,0.6666666666666666,1.1666666666666667,1,3,0.768862648126755,False
13320,2,0.4228453060731762,0.4,1.0089285714285714,0,2,0.6633622740313613,False
13322,2,0.4725393075497185,0.4,1.08,0,2,0.6846597032355937,False
13323,2,0.5844037673164805,0.6,1.0416666666666667,0,2,0.8159349478975394,False
13325,2,0.9999999999999993,1.0,1.0,1,2,0.9500000000000001,False
13326,2,0.7514594014253855,0.6,1.0,0,2,0.8875302196584985,False
13327,2,0.556969490487422,0.25,1.125,0,2,0.5783440673517524,False
13329,4,0.543000237676835,0.25,1.3333333333333333,0,2,0.49235724471864367,False
13330,2,0.5968624387937483,0.2857142857142857,1.1111111111111112,0,2,0.6103219975782731,False
13332,2,0.6033027795428983,0.5,1.0204081632653061,0,2,0.7823678578993375,False
13333,2,0.23866524818574983,0.1,1.0,0,2,0.45942796350817844,False
13335,2,0.912111013555705,0.5714285714285714,1.0,1,2,0.8964285714285715,False
13336,2,1.0000000000000002,1.0,1.0,1,2,0.9500000000000001,False
13337,3,0.5635894978179262,0.3333333333333333,1.2,1,2,0.6159034355727621,False
13338,2,0.5190264063920337,0.3333333333333333,1.1111111111111112,0,2,0.5968049678188081,False
13340,3,0.400461937854702,0.2857142857142857,1.1111111111111112,0,2,0.5261503543186818,False
13341,2,0.5826831127288957,0.4444444444444444,1.0,0,2,0.7503827096880454,False
13342,4,0.5537355547862942,0.42857142857142855,1.0,0,2,0.7313628568131737,False
13343,3,0.9163771952010735,0.5,1.0,1,2,0.8666666666666668,False
13344,2,0.8207500827370259,0.6666666666666666,1.0,0,2,0.9361111111111112,False
13345,2,0.9999999999999996,1.0,1.0,1,2,0.9500000000000001,False
13348,4,0.7970934301968987,0.6666666666666666,1.0,0,2,0.9348654383383536,False
13349,2,0.7144306943749869,0.6,1.1666666666666667,0,2,0.7916607737797563,False
13351,2,0.8065132789942435,0.5,1.0,1,2,0.8666666666666668,False
13352,2,0.7368815898251942,0.6,1.0,0,2,0.8812825861155594,False
13353,2,0.7212618500463216,0.4,1.0,0,2,0.7912550785912807,False
13354,2,0.5207052267224599,0.4444444444444444,1.0,0,2,0.72382075854243,False
13355,2,0.5221883434449037,0.5,1.0273972602739727,0,2,0.747604528143054,False
13357,2,0.7115518193474234,0.75,1.04,0,2,0.9120936368631815,False
13358,3,0.8321202784148333,1.0,1.0112359550561798,1,2,0.9500000000000001,False
13360,4,0.8496676199592548,0.8,1.0,1,2,0.9500000000000001,False
13361,3,0.6527918475653892,0.5,1.0,1,2,0.8035774584804051,False
13362,2,1.0000000000000004,1.0,1.0,1,1,1.0,True
13363,2,0.9999999999999991,1.0,1.0,1,1,1.0,True
13365,2,0.933087570462668,0.75,1.0,1,2,0.9500000000000001,False
13367,4,0.5166585804121697,0.5,1.108433734939759,2,3,0.5602346297004538,False
13368,2,0.6016026162152246,0.3333333333333333,1.0,0,2,0.7121947720287471,False
13369,2,0.9709583842635999,0.8333333333333334,1.0,1,2,0.9500000000000001,False
13370,2,0.6676259547956,0.4,1.0,0,2,0.7682682663409716,False
13371,3,0.7641100800299642,0.75,1.0,0,1,0.9846186057271276,True
13372,2,0.605257136144966,0.5555555555555556,1.0526315789473684,0,2,0.8063535874483718,False
13373,2,0.7438100485124565,0.5,1.0,0,1,0.8925852588862909,True
13375,3,0.2922012764656899,0.4,1.0,0,2,0.6073719756281529,False
13376,4,0.5333455365091414,0.8571428571428571,1.1111111111111112,1,2,0.755719515646775,False
13377,2,0.9083884660025706,1.0,1.0,0,1,1.0,True
13378,3,0.37092223637628896,0.6,1.25,1,2,0.5644428632088858,False
13379,2,0.8044334911775075,0.5,1.0,0,1,0.9166666666666667,True
13380,2,0.5164727610537799,0.5,1.0,0,2,0.7451549928325724,False
13381,3,0.867000235726667,0.8333333333333334,1.0,0,2,0.9500000000000001,False
13383,2,0.9999999999999999,1.0,1.0,0,2,0.9500000000000001,False
13384,2,0.7405573177441793,0.2222222222222222,1.0,1,2,0.7254504906734315,False
13385,2,0.7755281091914267,0.7142857142857143,1.0,1,2,0.9395120467963257,False
13386,3,0.846824212027755,0.75,1.0,1,2,0.9500000000000001,False
13387,2,0.5271882862456567,0.4,1.0,0,2,0.7080806941052816,False
13389,2,0.999999999999999,1.0,1.0,0,2,0.9500000000000001,False
13390,2,0.8449463783010566,0.75,1.0,0,2,0.9500000000000001,False
13391,2,0.6746002184064263,0.8571428571428571,1.0,0,1,0.946257236459897,True
13392,2,0.8933288522354512,0.875,1.0,2,2,0.8450000000000001,False
13393,2,0.9545597119407142,0.8333333333333334,1.0,1,2,0.9500000000000001,False
13394,3,0.5388578349411459,0.2857142857142857,1.0,0,2,0.6654628816414435,False
13395,3,0.48014712860127473,0.5,1.0,1,3,0.7295868646386416,False
13396,2,0.7440556986087583,0.42857142857142855,1.0,0,2,0.8129286327370869,False
13397,3,0.6232574599591403,0.5,1.0,0,2,0.7909198637920126,False
13398,2,0.8326914421366728,0.9,1.0,0,2,0.9500000000000001,False
13399,2,0.4411413726495483,0.5,1.0,0,1,0.7628701120879016,True
13400,2,0.7410556712948587,0.4,1.0,1,2,0.7997381448406539,False
13401,2,0.8901141207367114,0.6666666666666666,1.0,0,2,0.9361111111111112,False
13403,2,0.8773491230325879,0.8571428571428571,1.0,0,2,0.9500000000000001,False
13404,3,0.7515770841088738,0.7142857142857143,1.0,0,2,0.9292473217609459,False
13406,2,0.6815135738249904,0.6666666666666666,1.0,0,1,0.9353312141789643,True
13407,2,0.8736523516813839,0.875,1.0,0,2,0.9500000000000001,False
13408,2,0.9420838161234684,0.8,1.0,0,2,0.9500000000000001,False
13410,2,0.9493999365194289,0.75,1.0,1,2,0.9500000000000001,False
13411,2,0.8228183149649064,0.8571428571428571,1.0,1,2,0.9500000000000001,False
13412,2,0.8521420611970728,0.6666666666666666,1.0,1,2,0.9361111111111112,False
13413,2,0.7046167020323298,0.5714285714285714,1.0,0,2,0.8555500151567129,False
13414,2,0.9526017075316527,0.875,1.0,0,1,1.0,True
13415,2,0.6959563456542995,0.5714285714285714,1.0526315789473684,0,2,0.8518384338518427,False
13416,2,0.7307955256588504,0.375,1.0,0,2,0.7849242729014122,False
13418,4,0.44069400176648027,0.16666666666666666,1.0267379679144386,1,2,0.573789492820555,False
13419,3,0.44757999668411313,0.42857142857142855,1.08,0,2,0.6858676176265247,False
13420,2,0.973067662888851,1.0,1.0,1,2,0.9500000000000001,False
13421,4,0.7262858394143381,0.6666666666666666,1.0105263157894737,1,2,0.9045193280029703,False
13422,2,0.49057864529389167,0.375,1.0,0,2,0.6819741813164298,False
13423,4,0.37828738908725984,0.0,1.0022271714922049,0,2,0.51926602389454,False
13424,2,0.4534045383156284,0.5,1.0,0,2,0.7181257545162217,False
13425,2,1.0,1.0,1.0,0,2,0.9500000000000001,False
13426,2,0.9999999999999998,1.0,1.0,1,2,0.9500000000000001,False
13427,2,0.9771805208053113,1.0,1.0,1,1,1.0,True
13431,2,0.8785650394274044,0.625,1.0,1,2,0.9187500000000001,False
13432,2,0.7630318639541191,0.5714285714285714,1.0,1,1,0.9305850845517654,True
13433,2,0.8887629226483923,0.5714285714285714,1.0,0,2,0.8964285714285715,False
13434,2,0.4397234921022422,0.5,1.0555555555555556,0,2,0.7122624489961992,False
13435,2,0.7920842573461105,0.4444444444444444,1.0,2,2,0.7351260573811375,False
13436,2,0.5134587232734323,0.2857142857142857,1.0,0,2,0.6545775480695663,False
13439,2,0.5968574239781176,0.5714285714285714,1.028169014084507,0,2,0.8093674674191934,False
13441,2,0.9157291493949354,0.7,1.0,1,2,0.9500000000000001,False
13442,2,0.8723893633229168,0.7142857142857143,1.0,0,2,0.9500000000000001,False
13443,4,0.5586607701610699,0.25,1.0,2,3,0.5540689014976015,False
13444,2,0.9696338137987722,0.8571428571428571,1.0,0,2,0.9500000000000001,False
13445,4,0.6567611235891272,0.5,1.0119047619047619,2,2,0.7002785767762928,False
13446,2,0.3722026739797972,0.3333333333333333,1.0,0,1,0.6638805110707068,False
13447,2,0.7177888561394516,0.4,1.0,0,1,0.8397666526311935,True
13450,3,0.6252338341836912,0.3333333333333333,1.25,1,1,0.6123224368723756,False
13451,2,0.7893929054861551,0.75,1.0,0,1,0.9954541023512093,True
13452,4,0.6464665913232133,0.4,1.0166666666666666,0,1,0.8091999677099486,True
13453,2,0.8311403864861096,0.6,1.0,0,1,0.9583333333333333,True
13454,4,0.6853793777940143,0.42857142857142855,1.0,0,1,0.8377816381021965,True
13455,2,0.6750934473024547,0.5,1.0,0,1,0.8631352869391473,True
13456,2,0.8338949289151171,0.6666666666666666,1.0,0,1,0.9861111111111112,True
13457,2,0.8031070938412911,0.5,1.0,0,1,0.9166666666666667,True
13458,2,0.8660316482384414,0.5,1.0,0,1,0.9166666666666667,True
13459,2,0.7064467255815726,0.7142857142857143,1.0208333333333333,0,1,0.9599057395349597,True
13460,4,0.564453156115611,0.4,1.1111111111111112,0,2,0.6440513526209762,False
13461,2,0.6281953833874192,0.6666666666666666,1.1,0,1,0.9124805611342908,True
13463,2,0.861068028715886,0.6666666666666666,1.0,0,1,0.9861111111111112,True
13464,4,0.6787051752857495,0.2857142857142857,1.0,0,1,0.7753974560748451,True
13466,4,0.4255375913228871,0.2,1.0,0,1,0.6311827772336183,False
13467,2,0.4602922399516377,0.6666666666666666,1.125,0,2,0.7105220710903845,False
13468,2,0.746346705385131,0.5,1.0526315789473684,0,1,0.8936723975460086,True
13469,2,0.7991595663228085,0.5,1.0,0,2,0.8663064808050133,False
13470,2,0.7079926479443166,0.6,1.0,0,1,0.9189016110237547,True
13471,2,0.8727095097773718,0.6666666666666666,1.0,0,1,0.9861111111111112,True
13472,2,0.7357866141773054,0.3333333333333333,1.0,0,1,0.8197021997267817,True
13473,2,0.6988774270237639,0.4,1.1538461538461537,0,1,0.751661754438756,True
13474,2,0.7287747611559641,0.5,1.0526315789473684,0,1,0.8861415643049371,True
13475,2,0.9073710618184031,0.6666666666666666,1.0,0,2,0.9361111111111112,False
13477,2,0.8215533956371824,0.75,1.0,0,1,1.0,True
13478,4,0.4785263589645313,0.3333333333333333,1.0,0,1,0.7094478046355928,True
13479,2,0.7659011615443615,0.75,1.0714285714285714,0,1,0.9853862120904406,True
13480,2,0.6963401050352911,0.4,1.2,0,1,0.7505743307294105,True
13481,2,0.5170831013249401,0.2857142857142857,1.0666666666666667,0,1,0.7061308529487839,True
13482,2,0.5876192941791474,0.5,1.0,0,1,0.8256463641720155,True
13483,4,0.4008308987639899,0.14285714285714285,1.0,0,1,0.5967846708988528,False
13484,2,0.8094282378773459,0.6666666666666666,1.0,0,1,0.9861111111111112,True
13485,3,0.5355308534604261,0.2857142857142857,1.2,0,1,0.6340370324354206,True
13486,2,0.6370910088722834,1.0,1.0,0,1,0.9301818609452643,True
13489,2,0.7364371186613816,0.6666666666666666,1.1666666666666667,0,1,0.8788698762517032,True
13491,3,0.3104056807137184,0.16666666666666666,1.0,0,1,0.5679516409408,False
13492,2,0.7933002845277126,0.6666666666666666,1.0,0,1,0.9832398044801307,True
13493,2,0.8034005046195671,0.5,1.0,0,1,0.9166666666666667,True
13495,2,0.5960579723095036,0.4,1.0,0,1,0.7875962738469302,True
13496,2,0.5126632586955829,0.4,1.0,0,1,0.7518556822981071,True
13497,2,0.5675592282245236,0.4,1.0,0,2,0.7253825263819388,False
13498,2,0.81659572150643,0.5,1.0,1,1,0.9166666666666667,True
13499,2,0.6608451610643749,0.5,1.0,0,1,0.8570288785513989,True
13500,2,0.7229606723081271,0.4,1.0,0,1,0.8419831452749116,True
13501,2,0.43100003010897264,0.4,1.0571428571428572,0,1,0.7168571557609883,True
13502,2,0.7876067409841058,0.5,1.0,0,1,0.9113552699455691,True
13503,2,0.7676325998093051,0.6666666666666666,1.0,0,1,0.9722393681722419,True
13504,3,0.8676600897191505,0.6666666666666666,1.0,1,2,0.9361111111111112,False
13507,2,0.5331396040673609,0.36363636363636365,1.0,0,1,0.7454797437344967,True
13508,2,0.8437017996878983,0.75,1.0,0,1,1.0,True
13509,2,0.8675135003508386,1.0,1.0,0,1,1.0,True
13511,2,0.5662678767003725,0.5714285714285714,1.08,0,1,0.8462576614430168,True
13512,4,0.7468788541866705,0.6,1.0185185185185186,1,1,0.9355671279847635,True
13515,2,0.616034461079336,0.6,1.0,0,1,0.8794909595101916,True
13516,2,0.4936378426482884,0.3333333333333333,1.1666666666666667,0,1,0.6359241547857744,True
13517,2,0.7609115034538662,0.6666666666666666,1.0,1,1,0.9693588983056252,True
13518,2,0.7576121749452179,0.75,1.0,0,1,0.9818337892622362,True
13519,3,0.8759549785416016,1.0,1.0,1,1,1.0,True
13521,3,0.7570928265682584,0.625,1.0,1,2,0.9003612113863967,False
13522,2,0.5272100713995903,0.25,1.0,0,1,0.6955900305998244,True
13523,2,0.7861650936792147,0.4,1.0,1,1,0.8690707544339493,True
13524,3,0.39544124658514956,0.375,1.0,0,1,0.6912010104412546,False
13525,2,0.6432217163769943,0.5,1.0,0,1,0.8494759736853785,True
13527,3,0.7467552617205082,0.6666666666666666,1.0625,0,1,0.9632919375627575,True
13528,2,0.8213102184713506,0.6666666666666666,1.0,0,1,0.9861111111111112,True
13530,2,0.6169333427478217,0.5,1.037037037037037,0,1,0.8382095278443047,True
13531,4,0.4450635202474247,0.25,1.0,0,2,0.610384365820325,False
13532,2,0.6328992998777694,0.75,1.1,0,1,0.9283854142333298,True
13533,2,0.46313000417507344,0.3333333333333333,1.2222222222222223,0,1,0.5428493668686823,False
13534,2,0.6375969061169753,0.5555555555555556,1.0,1,1,0.8702134888649471,True
13536,2,0.43228504337125423,0.25,1.0,0,1,0.6549078757305375,True
13537,2,0.8911282394793482,1.0,1.0,1,1,1.0,True
13538,2,0.5289615503749859,0.3333333333333333,1.0,0,2,0.6810628866686448,False
13539,2,1.0000000000000002,1.0,1.0,1,1,1.0,True
13541,4,0.6892174081589876,0.375,1.04,1,2,0.7671050796871853,False
13542,2,0.6978679932866378,0.6,1.0,0,1,0.9145624733133211,True
13544,3,0.5152910033481887,0.2857142857142857,1.0681818181818181,0,1,0.7053628109587475,True
13545,4,0.6104931224127724,0.4,1.1363636363636365,0,1,0.7137827667483311,True
13547,2,0.3998607035284044,0.2857142857142857,1.0,0,2,0.6058926824645543,False
13548,2,0.5986531810541474,0.5,1.0076923076923077,1,1,0.83037517283273,True
13550,2,0.8869854013150599,0.75,1.0,1,1,1.0,True
13551,2,0.6687558189787288,0.42857142857142855,1.0,0,1,0.8306572557527885,True
13552,4,0.6736422632742699,0.75,1.098901098901099,0,1,0.9458466842604014,True
13553,3,0.6943858329139344,0.5,1.1111111111111112,1,2,0.7414034522012101,False
13554,4,0.46286236942709014,0.2222222222222222,1.0752688172043012,0,2,0.6064383699661074,False
13555,2,0.5561768558536584,0.6,1.0434782608695652,0,1,0.8538377001277584,True
13556,2,0.4584800017946503,0.42857142857142855,1.0833333333333333,0,1,0.7405390483881834,True
13557,2,0.6795638205107605,0.6,1.1,0,1,0.9067178278379451,True
13558,2,0.6928159313632425,0.5,1.1764705882352942,0,1,0.7907306372509135,True
13561,2,0.9999999999999999,1.0,1.0,1,2,0.9500000000000001,False
13562,4,0.4279889375255746,0.42857142857142855,1.0,0,1,0.7274714494157224,True
13563,3,0.6005910272782573,0.5,1.0026315789473683,0,1,0.8312056783573485,True
13564,4,0.8315743098015095,0.8333333333333334,1.018181818181818,1,1,1.0,True
13566,3,0.279548071145913,0.16666666666666666,1.032,0,1,0.5547269511260262,False
13567,2,0.8282162618983324,0.5714285714285714,1.0,1,1,0.9464285714285714,True
13568,3,0.4609857918605633,0.25,1.0,0,1,0.66720819651167,True
13569,2,0.8448413281524922,0.6,1.0,0,1,0.9583333333333333,True
13570,2,0.4187567569619598,0.0,2.0,0,1,0.42661003869798275,False
13571,2,0.7685889322659991,0.7142857142857143,1.0,0,1,0.9865381138282854,True
13572,2,0.7670789394095713,0.6,1.0,0,1,0.9442243073660068,True
13573,2,0.9740075746277795,0.8333333333333334,1.0,0,1,1.0,True
13576,2,0.4590319731351534,0.14285714285714285,1.0,0,1,0.6217279884864944,False
13577,3,0.5741882961008188,0.5,1.0,0,2,0.7698902221384462,False
13578,4,0.14744507855960626,0.16666666666666666,1.2,0,1,0.4181113828747519,False
13579,3,0.22336945739166564,0.18181818181818182,1.1777777777777778,0,1,0.4569635336873372,False
13581,4,0.1846849715576158,0.16666666666666666,1.972,1,3,0.304071337016756,False
13582,2,0.6540309791332671,0.5,1.0,0,1,0.8541085148666383,True
13584,3,0.639466943199426,0.6666666666666666,1.0227272727272727,0,1,0.9173112296251509,True
13585,2,0.41534846406169024,0.3333333333333333,1.0,0,1,0.6823715639629466,True
13586,2,0.7485716639048287,0.5714285714285714,1.0,0,1,0.9243878559592122,True
13587,2,0.769622660070803,0.5,1.0,0,1,0.9036478066970108,True
13588,3,0.6475871704468834,0.5714285714285714,1.0,0,1,0.8811087873343786,True
13589,2,0.9567460171002629,1.0,1.0,1,1,1.0,True
13590,2,0.6261059939816276,0.4,1.0,0,1,0.8004739974206976,True
13591,2,0.9635234489157749,1.0,1.0,1,1,1.0,True
13593,4,0.4985802072280141,0.2727272727272727,1.0,1,1,0.692789785781703,True
13594,2,0.6656329742142386,0.75,1.19,0,1,0.8624141318061023,True
13596,2,0.6025619592058145,0.5,1.0076923076923077,1,1,0.8320503634691586,True
13599,2,0.4848102262593324,0.42857142857142855,1.18,0,1,0.6718234303016186,True
13600,4,0.7165227279289744,0.4,1.0,0,1,0.8392240262552748,True
13601,4,0.3591917047923826,0.16666666666666666,1.0,0,2,0.5388599369745133,False
13602,3,0.927471198762581,1.0,1.0,0,1,1.0,True
13603,2,0.9999999999999999,1.0,1.0,1,1,1.0,True
13604,2,0.87595451894101,0.8333333333333334,1.028301886792453,0,2,0.9500000000000001,False
13605,2,0.36714242822275706,0.375,1.0666666666666667,0,1,0.6790729454288006,False
13606,2,0.8714630718545091,0.5,1.0,1,1,0.9166666666666667,True
13607,4,0.36811713383228056,0.2857142857142857,1.0285714285714285,0,1,0.6422882954519298,False
13608,2,0.32489963293551205,0.25,1.0,0,1,0.6088855569723622,False
13609,2,0.7589921493262614,0.5555555555555556,1.0,0,1,0.9222400216689268,True
13610,2,0.7675311726839692,0.5,1.0,1,1,0.9027514549597964,True
13611,2,0.5156596305748736,0.5454545454545454,1.0,0,1,0.8137459022810065,True
13612,3,0.7365396563099222,0.6666666666666666,1.0,0,1,0.9589138209582206,True
13614,2,0.7110607034676528,0.5714285714285714,1.0,0,1,0.9083117300575656,True
13615,2,0.5904820621197234,0.25,1.0,0,1,0.72270659805131,True
13616,2,0.785782886090118,0.6666666666666666,1.0,1,1,0.9800180622925903,True
13617,2,0.5577391363089331,0.5,1.1428571428571428,0,1,0.732840582227638,True
13618,2,1.0000000000000002,1.0,1.0,1,1,1.0,True
13619,2,0.7826402095222653,0.4,1.0,0,1,0.8675600897952567,True
13620,2,0.7002341370122253,0.7142857142857143,1.0416666666666667,0,1,0.9572432015766679,True
13621,2,0.846606442983072,0.875,1.0,0,1,1.0,True
13622,2,0.7695282381498898,0.42857142857142855,1.0,1,1,0.8738454353975718,True
13624,2,0.8522671553584472,0.625,1.0,1,2,0.9187500000000001,False
13625,2,0.6260841377230916,0.5,1.0,0,1,0.8421312971194201,True
13626,2,0.8721971305011259,0.7142857142857143,1.0,1,1,1.0,True
13627,2,0.8462762808709651,0.6666666666666666,1.0,2,2,0.8311111111111112,False
13628,2,0.7221439989528539,0.6666666666666666,1.0,0,2,0.9027442535194771,False
13629,2,0.8513486334343064,0.6666666666666666,1.0,0,1,0.9861111111111112,True
13630,2,0.9999999999999993,1.0,1.0,1,1,1.0,True
13631,2,0.9999999999999998,1.0,1.0,1,1,1.0,True
13632,2,0.5064761359920766,0.5,1.0,0,1,0.7908707249489852,True
13633,2,0.8907098727923346,0.6666666666666666,1.0,1,1,0.9861111111111112,True
13634,2,0.6015846414483067,0.4,1.0,0,1,0.7899648463349886,True
13636,2,0.4422079481000505,0.5555555555555556,1.0,0,1,0.7864753640005508,True
13637,2,0.9276929611587433,0.8,1.0,1,1,1.0,True
13638,4,0.7844320789423245,0.5714285714285714,1.0,1,2,0.8897566052609963,False
13639,2,0.9433165623676572,0.875,1.0,0,1,1.0,True
13641,2,0.9214698792302407,0.5,1.0,0,1,0.9166666666666667,True
13642,2,0.5797818430452527,0.3333333333333333,1.0,0,1,0.752843012098759,True
13643,2,0.8217543560410523,0.625,1.0,0,1,0.96875,True
13645,2,0.5788117542815816,0.6,1.03,0,1,0.8635383708825826,True
13646,2,0.8865698981690986,0.8571428571428571,1.0,0,1,1.0,True
13647,2,0.8234860642277376,0.8333333333333334,1.0,0,1,1.0,True
13648,3,0.7404247896446474,0.625,1.0,0,1,0.9432177669905633,True
13649,2,0.9409527792826837,0.75,1.0,1,1,1.0,True
13651,2,0.8840829044645601,0.8,1.0,0,1,1.0,True
13652,2,0.9503390282087253,0.8,1.0,1,1,1.0,True
13653,2,0.7940436696373769,0.5714285714285714,1.0,1,1,0.9438758584160187,True
13655,2,0.5978792674051183,0.4,1.0,0,1,0.7883768288879078,True
13656,2,0.9432232163694808,0.8,1.0,1,1,1.0,True
13659,3,0.519770341796445,0.3333333333333333,1.0,0,1,0.7271237972778415,True
13660,2,0.7413635625601671,0.5,1.0,1,1,0.8915367649067383,True
13661,2,0.6789039968849224,0.375,1.0526315789473684,1,2,0.7626850462840145,False
13662,2,0.5839521170770731,0.5,1.0588235294117647,0,1,0.8240747168425551,True
13664,2,0.8871399008904884,1.0,1.0434782608695652,0,1,1.0,True
13665,2,0.5919915131098482,0.6666666666666666,1.0,0,1,0.8969646167296175,True
13667,3,0.4659087346807584,0.3333333333333333,1.0389610389610389,0,2,0.6540402513711187,False
13668,2,0.8047602175744447,0.7142857142857143,1.0,0,1,1.0,True
13669,2,0.870719120835907,0.8333333333333334,1.0,1,1,1.0,True
13671,4,0.5393834309876856,0.3333333333333333,1.0,2,1,0.6305294069312304,False
13672,2,0.864910398935293,0.6666666666666666,1.0,1,1,0.9861111111111112,True
13673,2,0.9503836848997949,1.0,1.0,1,1,1.0,True
13674,2,0.601196135031731,0.4,1.0,1,2,0.7397983435850276,False
13675,2,0.88284608438801,1.0,1.0,1,1,1.0,True
13677,2,0.5933547890857882,0.4444444444444444,1.0,0,1,0.8049562852695706,True
13678,2,0.875898726191375,0.8333333333333334,1.0,1,1,1.0,True
13679,2,0.892392793179787,0.8333333333333334,1.0,1,1,1.0,True
13680,2,0.9999999999999996,1.0,1.0,1,2,0.9500000000000001,False
13681,2,1.0000000000000002,1.0,1.0,0,1,1.0,True
13683,4,0.5219975694757993,0.3333333333333333,1.2,0,1,0.6480783234261362,True
13684,2,0.8590276781075622,0.6666666666666666,1.0,1,1,0.9861111111111112,True
13689,2,0.6456527484583432,0.3333333333333333,1.0,0,1,0.7810734001329407,True
13690,2,0.8578260486445709,0.75,1.0,0,1,1.0,True
13691,2,0.7232857250211664,0.5,1.0,0,1,0.8837891202471666,True
13692,3,0.5079066856714073,0.375,1.0,0,1,0.739400484335365,True
13693,2,0.674916264093218,0.4,1.0,0,1,0.8213926846113793,True
13694,2,0.9365575954475063,0.8571428571428571,1.0,1,2,0.9500000000000001,False
13696,2,0.9999999999999998,1.0,1.0,0,1,1.0,True
13697,2,0.8344865366503565,1.0,1.0,0,1,1.0,True
13698,2,0.7780977706930307,0.75,1.0,0,1,0.990613330297013,True
13699,2,0.8179853151838679,0.625,1.0,1,1,0.96875,True
13700,2,0.9999999999999999,1.0,1.0,1,2,0.9500000000000001,False
13701,2,0.37794753545279053,0.2857142857142857,1.1333333333333333,0,1,0.5665013247178625,False
13702,2,0.2787484942312412,0.25,1.0,0,1,0.5891064975276747,False
13703,2,0.7434893011144447,0.8,1.0714285714285714,0,1,0.9757811290490477,True
13705,2,0.6065784395937265,0.4,1.1111111111111112,0,2,0.6621050455401686,False
13706,2,0.6517921234281409,0.375,1.0133333333333334,0,1,0.8010656719453937,True
13707,2,0.6194240665293771,0.3333333333333333,1.0,0,2,0.7198325364490982,False
13708,4,0.6439735756536363,0.8,1.025,1,1,0.933131532422987,True
13709,2,0.9250607834878353,0.6666666666666666,1.0,1,1,0.9861111111111112,True
13710,4,0.7060873050791029,0.75,1.0185,1,2,0.9097517021767584,False
13711,4,0.2201426026135894,0.25,1.2,0,1,0.48398968683439547,False
13713,2,0.40760358339223773,0.5,1.0555555555555556,0,1,0.7484967738347685,True
13714,4,0.35791383729714094,0.18181818181818182,1.0003225806451614,2,1,0.4896254107896838,False
13715,2,0.8059519885965534,0.75,1.0,0,1,1.0,True
13716,2,0.5737698674708925,0.2857142857142857,1.0,0,1,0.7304251812970491,True
13717,2,0.634249413467793,0.6666666666666666,1.125,0,1,0.8350751454544509,True
13718,2,0.6252966344492934,0.42857142857142855,1.0,0,1,0.812031890954459,True
13719,2,0.4477419620793725,0.2222222222222222,1.1111111111111112,0,2,0.5199581953885142,False
13721,2,0.7456942965431518,0.75,1.0,0,1,0.9767261270899221,True
13722,2,0.4755495797923523,0.3333333333333333,1.0,0,1,0.7081720421332303,True
13724,2,0.5564388392087025,0.3333333333333333,1.0,0,1,0.7428388675973804,True
13725,2,0.7263874972229747,0.5,1.0,0,1,0.8851184511907988,True
13726,2,0.7541255356928964,0.75,1.0,0,1,0.9803395152969556,True
13727,4,0.5340083972448081,0.42857142857142855,1.1764705882352942,0,1,0.6929083607239653,True
13728,2,0.7809080161670757,0.75,1.0,0,1,0.991817721214461,True
13729,3,0.6754046220167691,0.5714285714285714,1.0,0,1,0.8930305522929011,True
13730,2,0.8231303766691274,0.3333333333333333,1.0,0,1,0.8472222222222222,True
13731,3,0.8483536695571818,1.0,1.0220588235294117,1,1,1.0,True
13732,2,1.0000000000000002,1.0,1.0,1,1,1.0,True
13733,2,0.32567916907398675,0.2857142857142857,1.25,0,2,0.41410059626980383,False
13734,2,0.7767915532684755,0.5,1.0,0,1,0.9067201894960133,True
13735,2,0.6438572167412808,0.5714285714285714,1.106090373280943,0,1,0.7995102357462632,True
13736,3,0.5818490850812461,0.6666666666666666,1.0,2,1,0.7876178618602165,False
13737,2,0.8538885442119575,0.8,1.0,0,1,1.0,True
13738,2,0.4327847719788661,0.6,1.0666666666666667,0,2,0.7509553784671331,False
13739,2,0.7641271462116239,0.5714285714285714,1.0,0,1,0.9310544912335532,True
13740,2,0.7632707592695197,0.75,1.0,1,1,0.9842588968297941,True
13741,3,0.6168831475670037,0.5,1.0294117647058822,1,1,0.8381880156239541,True
13742,2,0.5889806627521326,0.5,1.0,0,1,0.8262298078461521,True
13744,2,0.7936234237003883,0.75,1.0,0,1,0.9972671815858807,True
13746,2,0.7754785605668179,0.5714285714285714,1.0,0,2,0.8859193831000648,False
13747,2,0.8713987251174966,0.75,1.0,0,1,1.0,True
13748,2,0.4846576910866527,0.4444444444444444,1.014799154334038,0,1,0.7583718146985126,True
13749,3,0.5092307991394603,0.5,1.0,0,1,0.7920512948692926,True
13750,2,0.8865495859405497,0.625,1.0,1,1,0.96875,True
13751,3,0.7381994644247352,0.6666666666666666,1.0,1,1,0.9596251672931404,True
13752,2,0.5264716166785889,0.4,1.032258064516129,0,1,0.7577735500051095,True
13753,2,0.8843127292532471,0.7272727272727273,1.0,0,2,0.9500000000000001,False
13754,3,0.7358549074646336,1.0,1.02,1,1,0.9725092460562714,True
13755,2,0.623136069176444,0.5,1.0,0,1,0.8408678391708571,True
13756,2,0.970267627255997,1.0,1.0,1,1,1.0,True
13757,2,0.7205762894513588,0.7272727272727273,1.0,0,1,0.9659612669077251,True
13758,2,0.8699136498780627,0.8888888888888888,1.0,0,1,1.0,True
13759,2,1.0000000000000004,1.0,1.0,1,1,1.0,True
13760,2,0.5188960265786726,0.5,1.028169014084507,0,1,0.7961935352003835,True
13762,2,0.8733701467386745,0.9,1.0,0,1,1.0,True
13764,4,0.8195547315673577,0.5714285714285714,1.0222222222222221,1,2,0.8964285714285715,False
13766,2,0.42872598408535173,0.4444444444444444,1.0333333333333334,0,1,0.7344010831265264,True
13770,2,0.7343749443439813,0.8,1.0416666666666667,0,1,0.9718749761474206,True
13773,2,0.7744185181749376,0.5,1.0,0,1,0.9057031744559256,True
13774,2,0.4310480575355476,0.5714285714285714,1.103448275862069,0,1,0.7083063103723775,True
13775,2,0.48734298340664917,0.625,1.1153846153846154,0,1,0.7547541357457068,True
13776,2,0.4109278492362147,0.375,1.4444444444444444,0,1,0.5378381258631396,False
13777,2,0.6925290427983481,0.6,1.1111111111111112,0,1,0.8322743516754826,True
13778,2,0.5639891446152447,0.6666666666666666,1.0,0,1,0.8849636016605018,True
13779,2,0.719852143682004,0.6666666666666666,1.0,0,1,0.95176202983197,True
13780,2,0.8584844856132803,0.5,1.0,1,1,0.9166666666666667,True
13783,2,0.890038869934826,0.8333333333333334,1.0,1,1,1.0,True
13784,2,0.8169846999847663,0.6,1.0,0,1,0.9583333333333333,True
13785,2,0.8204261091198526,0.75,1.0,0,1,1.0,True
13786,2,0.31962896595875534,0.2857142857142857,1.25,0,1,0.46150765207756184,False
13787,2,0.4202211256126281,0.4,1.25,0,1,0.5522376252625549,False
13788,2,0.6717267283130964,0.625,1.01,0,1,0.9137757407056128,True
13789,2,0.6237958561527873,0.3333333333333333,1.0261538461538462,0,1,0.7717061605734168,True
13790,2,0.872837271684452,0.5,1.0,1,1,0.9166666666666667,True
13791,2,0.9177439954615084,1.0,1.0,0,1,1.0,True
13792,2,0.801642410476858,0.6,1.0,2,1,0.8533333333333333,False
13793,2,0.6531226988286059,0.5,1.15625,0,1,0.7737192518789263,True
13795,2,0.5361708772931201,0.0,1.0,0,2,0.5869303759827658,False
13796,2,0.9323693259686722,0.6666666666666666,1.0,0,1,0.9861111111111112,True
13798,4,0.13331677667002625,0.125,1.0526315789473684,1,2,0.4246952852395351,False
13799,4,0.6557796279216234,0.6666666666666666,1.0,1,3,0.8743023802203783,False
13801,2,0.7446125959715955,0.75,1.0,0,1,0.9762625411306838,True
13802,2,0.6132656857449922,0.25,1.0,0,1,0.7324710081764252,True
13803,2,0.5727925618590426,0.2,1.0,0,1,0.6942920503205421,False
13804,2,0.6552947495424993,0.3333333333333333,1.0,0,1,0.7852056863118648,True
13805,4,0.33345560547311404,0.16666666666666666,1.0625,0,1,0.577830180123398,False
13808,2,0.7575843089709665,0.6666666666666666,1.0,0,1,0.9679329578129539,True
13810,2,0.7082948320373051,0.5,1.0,0,1,0.8773644518255117,True
13811,2,0.45480704683445083,0.2,1.0,0,1,0.643726829595717,False
13812,3,0.5078734610189877,0.25,1.0,1,1,0.6873029118652805,True
13813,4,0.46223804636536125,0.16666666666666666,1.0,0,2,0.5830226547915041,False
13817,4,0.6988157747124575,0.2857142857142857,1.0,1,1,0.7840162844005771,True
13818,2,1.0,1.0,1.0,0,1,1.0,True
13820,2,0.46264309484170285,0.3333333333333333,1.0,0,1,0.7026406914400949,True
13821,2,0.6057054280675945,0.3333333333333333,1.0,0,1,0.763953119965477,True
13822,3,0.4572113604230964,0.1,1.105263157894737,0,2,0.4730905830384699,False
13823,2,0.7327389254315688,1.0,1.0,0,1,0.971173825184958,True
13824,2,0.9861112509253686,1.0,1.0,0,1,1.0,True
13826,3,0.07733635226449671,0.125,1.0,0,2,0.41041666666666665,False
13828,2,0.7063803878001346,0.5,1.0,0,1,0.8765439757238673,True
13830,3,0.6992813296292419,0.6,1.0,1,2,0.8651681888887229,False
13831,2,0.5146600239573539,0.2857142857142857,1.0,0,1,0.7050923912198183,True
13832,2,0.6276532105937679,0.4,1.0,0,1,0.8011370902544721,True
13834,2,0.5912026150134232,0.42857142857142855,1.0,0,1,0.7974201683390862,True
13836,2,0.557602951232041,0.42857142857142855,1.0,0,1,0.7830203124327795,True
13837,3,0.3431980516423746,0.42857142857142855,1.25,1,2,0.48113249832292243,False
13838,3,0.6269485593335,0.6,1.0,0,1,0.8841684301905477,True
13839,2,0.3349772134940026,0.2,1.0,0,2,0.542371186735525,False
13840,2,0.7242698032871608,0.4,1.0,0,1,0.8425442014087834,True
13842,2,0.5388164581434662,0.0,1.0,0,2,0.5880641963471999,False
13843,2,0.5680649489564223,0.5,4.8,0,1,0.6572659305051335,False
13844,2,0.8556978368610886,0.625,1.0,1,2,0.9187500000000001,False
13846,2,0.49627288851369333,0.16666666666666666,1.0,0,2,0.5976090157122178,False
13847,2,1.0000000000000002,1.0,1.0,0,1,1.0,True
13849,4,0.4539877754908468,0.5,1.1333333333333333,1,2,0.6383757133056011,False
13850,2,0.8890745182545297,0.8571428571428571,1.0,2,2,0.8450000000000001,False
13853,2,0.5507262285870242,0.5,1.0,0,2,0.75983505034682,False
13854,3,0.9795128700195183,1.0,1.0,1,2,0.9500000000000001,False
13855,2,0.9999999999999994,1.0,1.0,1,2,0.9500000000000001,False
13857,3,0.45248165125968026,0.16666666666666666,1.1111111111111112,0,1,0.5488413426033549,False
13858,2,0.7330650882871308,0.5,1.0,0,1,0.8879802759325799,True
13860,2,0.5435856535965342,0.375,1.0240963855421688,1,2,0.704691470588991,False
13861,4,0.5127403228512392,0.42857142857142855,1.25,1,2,0.5537934716981502,False
13862,2,0.8732306002528326,0.6666666666666666,1.0,1,2,0.9361111111111112,False
13863,2,0.8186621486051826,0.75,1.0,0,2,0.9500000000000001,False
13864,2,1.0000000000000004,1.0,1.0,1,1,1.0,True
13866,2,0.48447537811824604,0.42857142857142855,1.1578947368421053,0,2,0.6216799239554388,False
13867,2,1.0000000000000002,1.0,1.0,0,2,0.9500000000000001,False
13868,2,0.8912686757969385,0.8,1.0,1,2,0.9500000000000001,False
13870,2,0.9999999999999997,1.0,1.0,0,1,1.0,True
13871,2,0.6964341727255283,0.5555555555555556,1.0144927536231885,1,1,0.8954294602686128,True
13872,3,0.5614986781596087,0.4,1.0,1,1,0.7727851477826895,True
13873,2,0.9999999999999998,1.0,1.0,1,1,1.0,True
13874,4,0.5258227153727677,0.6,1.0,1,1,0.8408287827788052,True
13875,2,0.5099190622646209,0.5,1.0555555555555556,0,1,0.7923462647800756,True
13876,2,0.5708175832603231,0.3333333333333333,1.0,0,1,0.7490011864766464,True
13878,2,0.8162566749517662,0.75,1.0,0,1,1.0,True
13881,2,0.5946824526958027,0.5,1.0638781541259377,0,1,0.8286734321077249,True
13882,2,0.5666927354207302,0.5,1.0638781541259377,0,1,0.8166778389898368,True
13883,2,0.41232171358377556,0.42857142857142855,1.0,0,1,0.7207569248692371,True
13884,2,0.7260675920571388,0.8333333333333334,1.0,0,2,0.9183146823102023,False
13885,2,0.8516518377587851,0.5,1.0,0,2,0.8666666666666668,False
13886,2,0.4334956140051045,0.3333333333333333,1.0588235294117647,0,1,0.6901489139386956,True
13888,2,0.6125958640210898,0.375,1.0,0,2,0.7342672750566576,False
13890,2,0.404827863947683,0.2857142857142857,1.0,0,2,0.608021465501388,False
13891,2,0.6807992852625439,0.5,1.0,1,2,0.8155806460648999,False
13893,3,0.37250701573910344,0.3333333333333333,1.0307692307692307,0,1,0.6640109432532665,False
13894,2,0.9999999999999999,1.0,1.0,0,1,1.0,True
13895,2,0.17355579591867137,0.25,1.1724137931034482,0,1,0.4640239125365734,False
13896,2,0.9179159627002053,0.7777777777777778,1.0,1,2,0.9500000000000001,False
13898,3,0.386136390070287,0.14285714285714285,1.0,0,1,0.5904870243158373,False
13901,2,0.777742369043625,0.3333333333333333,1.0,0,1,0.837683237526633,True
13903,2,0.7644706620835099,0.5,1.0,0,2,0.8514398075595996,False
13904,2,0.9585345209199196,0.8571428571428571,1.0,1,1,1.0,True
13907,2,0.8283710484522899,0.6666666666666666,1.0,1,2,0.9361111111111112,False
13912,2,0.7764983152664732,0.6666666666666666,1.0,1,2,0.9260389605110283,False
13913,2,0.7576980642522834,0.6666666666666666,1.0,1,2,0.9179817100763755,False
13914,2,0.6807744673796833,0.5714285714285714,1.0,1,2,0.8453319145912929,False
13915,2,0.4871043981306114,0.5,1.021505376344086,1,2,0.7325685515797858,False
13916,2,0.9335460096339956,0.875,1.0,1,1,1.0,True
13918,2,0.623275536775343,0.5,1.0,1,1,0.8409276109989565,True
13920,3,0.8982874521127701,0.75,1.0,1,1,1.0,True
13921,2,0.9066695550301066,0.7777777777777778,1.0,1,1,1.0,True
13922,2,0.9065337255942894,0.5555555555555556,1.0,1,1,0.9398148148148149,True
13925,2,0.9510705799592633,0.8,1.0,1,2,0.9500000000000001,False
13926,2,0.5878781538582454,0.5,1.24,0,1,0.6657573040344862,False
13927,2,0.49540648944285476,0.4,1.0,0,1,0.7444599240469377,True
13928,2,0.8293080597674337,0.75,1.0,0,1,1.0,True
13929,4,0.28283449068958727,0.2222222222222222,1.0,0,1,0.5792835647928919,False
13930,2,0.6880502932482545,0.5,1.0,0,1,0.8686882209159186,True
13933,2,0.9999999999999999,1.0,1.0,1,1,1.0,True
13936,4,0.6948108160947385,0.625,1.0,1,2,0.8736689211834595,False
13937,2,0.573517817151764,0.42857142857142855,1.0,0,1,0.7898409692555179,True
13940,4,0.737130957328031,0.6666666666666666,1.0037037037037038,1,2,0.9091672356802672,False
13942,2,0.8836716957561679,0.8181818181818182,1.0,0,1,1.0,True
13943,3,0.8806191488488281,0.8571428571428571,1.0,1,1,1.0,True
13946,2,0.5971173517384245,0.6666666666666666,1.0,0,1,0.899161404713293,True
13947,2,0.7606150842881613,0.5714285714285714,1.0,0,1,0.9295493218377835,True
13949,2,0.750790752367132,0.5,1.0,1,1,0.8955769891097233,True
13950,2,1.0000000000000004,1.0,1.0,1,1,1.0,True
13953,2,0.9016569969316439,0.6666666666666666,1.0,1,1,0.9861111111111112,True
13955,2,0.7567909365585487,0.42857142857142855,1.0,1,2,0.8183865918584258,False
13956,2,0.9314682275774558,1.0,1.0,1,2,0.9500000000000001,False
13957,2,0.6099051946107734,0.75,1.0,1,1,0.9185307976903314,True
13958,2,0.86298299257705,0.625,1.0,1,1,0.96875,True
13959,2,0.6360211238574737,0.25,1.0,1,2,0.6922233387960602,False
13960,3,0.6723171398214736,0.42857142857142855,1.0,1,1,0.8321835361139649,True
13965,2,0.9719008698638903,0.75,1.0,1,1,1.0,True
13968,2,0.9113166372449255,1.0,1.0,1,1,1.0,True
13969,2,0.815742092059307,1.0,1.0,2,1,0.895,False
13970,2,0.9999999999999993,1.0,1.0,1,1,1.0,True
13971,2,0.7291197453544592,0.45454545454545453,1.0,1,1,0.8673500207363267,True
13972,2,0.7998499409447093,0.5714285714285714,1.0,0,1,0.9463642604048754,True
13973,4,0.4900749545323878,0.42857142857142855,1.1,0,1,0.7540797424186425,True
13974,2,0.7624663187532322,0.7142857142857143,1.0,0,1,0.983914136608528,True
13975,3,0.6464295127986226,0.5555555555555556,1.0,0,1,0.8739988917285102,True
13977,2,0.9239318301272049,0.8,1.0,0,1,1.0,True
13979,4,0.6129444569560433,0.42857142857142855,1.0,1,1,0.806738100600209,True
13980,3,0.9639384073850562,0.875,1.0,1,1,1.0,True
13984,2,0.9179233492774925,0.8,1.0,1,1,1.0,True
13985,2,0.9999999999999999,1.0,1.0,0,1,1.0,True
13986,3,0.7496140978424266,0.8,1.0080645161290323,0,1,0.9784060419324685,True
13987,4,0.8847877886628164,1.0,1.0,1,1,1.0,True
13988,2,0.7987552993517523,0.42857142857142855,1.0,1,1,0.8863713187697986,True
13989,2,0.7583903708563274,0.5,1.0,0,1,0.8988339684622356,True
13991,2,0.8708640221384812,0.4,1.0,1,1,0.875,True
13993,3,0.23872319917865592,0.25,1.1428571428571428,0,3,0.44195279964799533,False
13995,2,0.4920179114362664,0.16666666666666666,1.1111111111111112,0,1,0.5657854541076062,False
13997,2,0.9286153080114635,0.75,1.0,1,1,1.0,True
13998,2,0.8135710674501387,0.5555555555555556,1.0,0,1,0.9398148148148149,True
13999,3,0.6694844127590198,0.625,1.0105263157894737,1,2,0.8628147483252943,False
14000,2,0.5120494489354276,0.5,1.0,1,1,0.7932592876389928,True
14002,2,0.9999999999999998,1.0,1.0,1,1,1.0,True
14003,2,0.8871145848270782,1.0,1.0,0,2,0.9500000000000001,False
14004,2,0.7161849050690905,0.625,1.0,0,1,0.9328292450296103,True
14006,2,0.9551791892856687,0.8888888888888888,1.0,1,1,1.0,True
14012,3,0.5135203230862013,0.5,1.0,0,2,0.7438896622750387,False
14017,3,0.3941689730832729,0.125,1.0,0,1,0.5864890837023551,False
14018,3,0.7909484537806982,0.42857142857142855,1.0,1,1,0.8830255278107755,True
14019,4,0.47130454553545376,0.4,1.875,0,2,0.5241305195151946,False
14021,2,0.6152097559554575,0.625,1.0,0,1,0.8895541811237675,True
14022,2,0.9999999999999998,1.0,1.0,1,1,1.0,True
14023,2,0.6705880688862782,0.6666666666666666,1.0,0,1,0.930648854919516,True
14026,2,0.9321799915971661,0.8,1.0,0,2,0.9500000000000001,False
14028,4,0.3309313920353888,0.25,1.0,0,1,0.6114705965865952,False
14029,2,0.8601276255391029,0.625,1.0,1,2,0.9187500000000001,False
14030,4,0.6091758774434798,0.5,1.001908396946565,1,2,0.7848848998567296,False
14031,2,0.9999999999999999,1.0,1.0,1,2,0.9500000000000001,False
14032,2,0.9461176110271361,0.8571428571428571,1.0,1,2,0.9500000000000001,False
14034,2,0.6606853671655696,0.7777777777777778,1.0,1,1,0.9402937287852442,True
14035,2,0.9347029214875333,0.6666666666666666,1.0,0,1,0.9861111111111112,True
14036,2,0.910243445229456,0.625,1.0,0,1,0.96875,True
14037,3,0.7839161673721142,0.625,1.0,1,1,0.9618569288737633,True
14039,2,0.7855016533280339,0.8,1.0,0,1,0.9937864228548716,True
14040,2,0.7900275057745365,0.3333333333333333,1.0,1,2,0.792948296125595,False
14041,4,0.8177500261064476,0.8571428571428571,1.0285714285714285,1,2,0.9500000000000001,False
14042,2,0.6513292464458537,0.5714285714285714,1.0015384615384615,0,2,0.8327125341910803,False
14045,2,0.6938869568193651,0.3333333333333333,1.0952380952380953,1,2,0.7517452037162359,False
14046,4,0.5454695279157704,0.42857142857142855,1.0022727272727272,1,2,0.7278202738686635,False
14047,2,0.8796955008826138,1.0,1.0,2,1,0.895,False
14053,4,0.6641025874411367,0.2222222222222222,1.2692307692307692,1,1,0.5826841776864131,False
14065,3,0.9334607289236394,1.0,1.0009523809523808,1,2,0.9500000000000001,False
14073,3,0.6772539843830625,0.8571428571428571,1.0003030303030305,1,1,0.9473945647355982,True
14075,3,0.6158376966690878,0.6666666666666666,1.0,0,1,0.9071844096835773,True
14076,2,0.9549990250667437,0.75,1.0,1,1,1.0,True
14077,4,0.6080562757171046,0.6,1.0303030303030303,1,1,0.8760717372120925,True
14078,4,0.46633837516211785,0.25,1.0983086680761098,2,2,0.5145021607837648,False
14079,3,0.4868925289840085,0.5,1.0080645161290323,1,2,0.7324777505169561,False
14080,2,0.8256720528809302,0.7142857142857143,1.0,1,1,1.0,True
14081,3,0.5554511850580995,0.4,1.0,1,2,0.7201933650248998,False
14082,2,0.8780124218527812,0.8181818181818182,1.0153846153846153,1,1,1.0,True
14089,2,0.5582511894285767,0.375,1.0,0,1,0.7609767002312948,True
14092,4,0.6549697959856798,0.375,1.0,1,1,0.8024275316129104,True
14093,2,0.3227977651767859,0.2857142857142857,1.0,0,1,0.6228657088852891,False
14094,2,1.0000000000000009,1.0,1.0,1,2,0.9500000000000001,False
14098,2,0.9209361281522159,0.8,1.0,1,1,1.0,True
14099,2,0.7555159136944877,1.0,1.0,0,2,0.9309353915833519,False
14100,2,0.9999999999999997,1.0,1.0,0,1,1.0,True
14101,2,0.6332995956552747,0.4,1.0,0,1,0.8035569695665463,True
14107,2,0.8123080249352153,0.8333333333333334,1.0,1,1,1.0,True
14108,4,0.5562723947676564,0.5555555555555556,1.0555555555555556,1,2,0.7853601268580962,False
14110,2,0.7386552036842876,0.75,1.0,0,1,0.9737093730075519,True
14111,2,0.8213044906984707,0.5,1.0,0,1,0.9166666666666667,True
14117,2,1.000000000000001,1.0,1.0,0,1,1.0,True
14118,2,0.9999999999999996,1.0,1.0,0,1,1.0,True
