cluster_id,product_idx,supermarket,names,category,known_brand_clean,own_brand,tier_type,unit_value,unit_type,pack_quantity,core_product_name,normalized_name,prices_(£),prices_unit_(£),product_type,cluster_size,n_supermarkets,match_type,avg_pairwise_score
12,0,Morrisons,GetPro Caramel High Protein Pudding,fresh_food,Getpro,False,,175.0,g,,Caramel High Protein Pudding,getpro caramel high protein pudding,1.85,10.3,branded,1,1,branded,
13,1,Tesco,John West Smoked Oysters Sunflower Oil 85G,food_cupboard,John West,False,,85.0,g,,Smoked Oysters Sunflower Oil,john west smoked oysters sunflower oil,2.6,40.0,branded,1,1,branded,
14,2,Morrisons,Nestle Pure Life Still Spring Water,drinks,Nestle,False,,6250.0,ml,,Pure Life Still Spring Water,nestle pure life still spring water,2.5,0.4,branded,1,1,branded,
15,3,ASDA,ASDA White Lasagne Pasta Sauce,food_cupboard,,True,standard,475.0,g,,White Lasagne Pasta Sauce,white lasagne pasta sauce,1.05,2.2,own_brand,1,1,own_brand,
16,4,ASDA,ASDA Extra Special Nut Mix,fresh_food,,True,premium,170.0,g,,Nut Mix,nut mix,2.5,14.3,own_brand,1,1,own_brand,
17,5,Morrisons,Mutti Cherry Tomatoes (400g),food_cupboard,Mutti,False,,400.0,g,,Cherry Tomatoes,mutti cherry tomatoes,2.5,6.25,branded,1,1,branded,
18,6,ASDA,ASDA Free From Chocolate Mousses,fresh_food,,True,dietary,175.0,g,,Chocolate Mousses,chocolate mousses,1.9,10.6,own_brand,1,1,own_brand,
19,7,Sains,Sainsbury's Lamb & Mint Kebabs x6 360g,free-from,,True,standard,360.0,g,6.0,Lamb and Mint Kebabs,lamb and mint kebabs,4.0,11.11,own_brand,1,1,own_brand,
20,8,Morrisons,Chevaliers St Martin Aop Bordeaux,drinks,,False,,750.0,ml,,Chevaliers St Martin Aop Bordeaux,chevaliers st martin aop bordeaux,6.0,7.98,unbranded,1,1,unbranded,
21,10,Tesco,Scrumpy Jack Premium British Cider Can 4x440ml,drinks,Scrumpy Jack,False,,1760.0,ml,4.0,Premium British Cider Can,scrumpy jack premium british cider can,5.0,2.84,branded,1,1,branded,
22,11,Tesco,Mazzetti Gold Label Balsamic Vinegar Of Modena 250Ml,food_cupboard,Mazzetti,False,,250.0,ml,,Gold Label Balsamic Vinegar Of Modena,mazzetti gold label balsamic vinegar of modena,7.45,29.8,branded,1,1,branded,
23,12,ASDA,Macon-Villages Reserve Chardonnay 750ml,drinks,,False,,750.0,ml,,Macon-Villages Reserve Chardonnay,macon villages reserve chardonnay,10.5,139.96,unbranded,1,1,unbranded,
24,13,Morrisons,Morrison Thin Crust Cheese Pizza,frozen,,False,standard,320.0,g,,Thin Crust Cheese Pizza,thin crust cheese pizza,0.97,3.09,unbranded,1,1,unbranded,
25,14,ASDA,Hardys Crest Cabernet Shiraz Merlot,drinks,Hardys,False,,750.0,ml,,Crest Cabernet Shiraz Merlot,hardys crest cabernet shiraz merlot,6.5,86.64,branded,1,1,branded,
26,15,Sains,Sainsbury's Pure 100% Prune Juice 1L,drinks,,True,standard,1000.0,ml,,Pure 100% Prune Juice,pure 100 prune juice,2.1,2.1,own_brand,1,1,own_brand,
27,16,Sains,Sainsbury's Quadruple Strength Summer Fruits Squash 750ml,drinks,,True,standard,750.0,ml,,Quadruple Strength Summer Fruits Squash,quadruple strength summer fruits squash,1.5,2.0,own_brand,1,1,own_brand,
28,17,ASDA,Buttermilk Peanut Nougat,food_cupboard,Buttermilk,False,,50.0,g,,Peanut Nougat,buttermilk peanut nougat,1.5,30.0,branded,1,1,branded,
29,18,Tesco,Tesco Finest 4 Pork Sausage Rolls 188G,fresh_food,,True,premium,188.0,g,4.0,Pork Sausage Rolls,pork sausage rolls,2.5,13.3,own_brand,1,1,own_brand,
30,19,ASDA,Blue Riband Original Milk Chocolate Wafer Biscuits 16 Pack,food_cupboard,Blue Riband,False,,288.5,g,16.0,Original Milk Chocolate Wafer Biscuits,blue riband original milk chocolate wafer biscuits,2.25,7.8,branded,1,1,branded,
31,20,Sains,Geeta's Mango Chutney 320g,food_cupboard,Geeta's,False,,320.0,g,,Mango Chutney,geeta s mango chutney,2.35,7.3,branded,1,1,branded,
32,21,ASDA,Sheldon's Lancashire Oven Bottom Muffins,bakery,Sheldon's,False,,,,,Lancashire Oven Bottom Muffins,sheldon s lancashire oven bottom muffins,1.7,0.28,branded,1,1,branded,
33,22,Sains,Kellogg's Special K The Original 300g,food_cupboard,Kellogg's,False,,300.0,g,,Special K The Original,kellogg s special k the original,2.25,7.5,branded,1,1,branded,
34,23,Morrisons,Kind Dark Chocolate Nuts & Sea Sa…,food_cupboard,Kind,False,,90.0,g,,Dark Chocolate Nuts and Sea Sa…,kind dark chocolate nuts and sea sa,3.0,33.3,branded,1,1,branded,
35,24,ASDA,Sharp's Doom Bar Amber Ale,drinks,Sharp's,False,,500.0,ml,,Doom Bar Amber Ale,sharp s doom bar amber ale,2.4,4.8,branded,1,1,branded,
36,25,Tesco,Stockwell & Co 80 Tea Bags 200G,drinks,,False,value,200.0,g,80.0,,,0.89,4.4,unbranded,1,1,unbranded,
37,26,Tesco,Philadelphia Original Soft Cream Cheese Mini Tub 4 Pack 140G,fresh_food,Philadelphia,False,,140.0,g,4.0,Original Soft Cream Cheese Mini Tub,philadelphia original soft cream cheese mini tub,1.95,13.93,branded,1,1,branded,
38,27,Morrisons,Applewood Vegan Block,free-from,Applewood,False,,200.0,g,,Block,applewood block,2.5,12.5,branded,1,1,branded,
39,28,ASDA,Ambrosia Deluxe Custard Madagascan Vanilla 2 x 120g (240g),food_cupboard,Ambrosia,False,,240.0,g,2.0,Deluxe Custard Madagascan Vanilla,ambrosia deluxe custard madagascan vanilla,1.0,4.2,branded,1,1,branded,
40,29,Tesco,Tesco Finest Chai 50 Tea Bags 125G,drinks,,True,premium,125.0,g,50.0,Chai,chai,1.9,15.2,own_brand,1,1,own_brand,
41,30,Sains,Grenade Jaffa Quake Chocolate Orange Flavour 60g,free-from,Grenade,False,,60.0,g,,Jaffa Quake Chocolate Orange Flavour,grenade jaffa quake chocolate orange flavor,2.0,33.3,branded,1,1,branded,
42,31,Tesco,Mars Triple Treat Fruit Nut & Chocolate Bars Multipack 4 X 32g,food_cupboard,Mars,False,,128.0,g,4.0,Triple Treat Fruit Nut and Chocolate Bars Multipack,mars triple treat fruit nut and chocolate bars multipack,1.75,13.7,branded,1,1,branded,
43,32,Sains,Sainsbury's Paprika Lentil Triangles 85g,food_cupboard,,True,standard,85.0,g,,Paprika Lentil Triangles,paprika lentil triangles,1.3,15.3,own_brand,1,1,own_brand,
44,33,Sains,"Sainsbury's Raw Large Canadian Scallops MSC, Taste the Difference 150g",free-from,,True,premium,150.0,g,,Raw Large Canadian Scallops MSC,raw large canadian scallops msc,7.0,46.67,own_brand,1,1,own_brand,
45,34,Morrisons,Haribo Tangfastics 11 Mini…,food_cupboard,Haribo,False,,175.0,g,,Tangfastics 11 Mini…,haribo tangfastics 11 mini,1.8,10.2,branded,1,1,branded,
46,35,Sains,Snickers Creamy Peanut Butter & Milk Chocolate Snack Bars Multipack 182g,food_cupboard,Snickers,False,,180.0,g,182.0,Creamy Peanut Butter and Milk Chocolate Snack Bars g,snickers creamy peanut butter and milk chocolate snack bars g,2.5,13.7,branded,1,1,branded,
47,36,Sains,Cadbury Dairy Milk Daim Chocolate Dessert 75g,fresh_food,Cadbury,False,,75.0,g,,Dairy Milk Daim Chocolate Dessert,cadbury dairy milk daim chocolate dessert,1.15,15.3,branded,1,1,branded,
48,37,Tesco,Tesco Plant Chef Coleslaw 250G,fresh_food,,True,dietary,250.0,g,,Coleslaw,coleslaw,1.05,4.2,own_brand,1,1,own_brand,
49,38,Sains,"Sainsbury's New York Vanilla Cheesecake Slices, Taste the Difference 2x92g",free-from,,True,premium,180.0,g,,New York Vanilla Cheesecake Slices,new york vanilla cheesecake slices,3.35,18.2,own_brand,1,1,own_brand,
50,39,Sains,Sainsbury's Fresh Soured Cream 150ml,fresh_food,,True,standard,150.0,ml,,Fresh Soured Cream,fresh soured cream,0.75,5.0,own_brand,1,1,own_brand,
51,40,Sains,Chicken Tonight Honey & Mustard 500g,food_cupboard,Chicken Tonight,False,,500.0,g,,Honey and Mustard,chicken tonight honey and mustard,1.75,3.5,branded,1,1,branded,
52,42,Tesco,Fox's Milk Chocolate Cookies 180G,food_cupboard,Fox's,False,,180.0,g,,Milk Chocolate Cookies,fox s milk chocolate cookies,2.0,11.1,branded,1,1,branded,
53,43,Tesco,Alpro Double Chocolate Dairy Free Vegan Soya Dessert 2x70g,fresh_food,Alpro,False,,140.0,g,2.0,Double Chocolate Soya Dessert,alpro double chocolate soya dessert,2.2,15.7,branded,1,1,branded,
54,44,ASDA,ASDA Goat's Cheese,fresh_food,,True,standard,100.0,g,,Goat's Cheese,goat s cheese,2.2,22.0,own_brand,1,1,own_brand,
55,45,Sains,Lindt Lindor Strawberries & Cream Chocolate Truffles Box 200g,food_cupboard,Lindt,False,,200.0,g,,Lindor Strawberries and Cream Chocolate Truffles Box,lindt lindor strawberries and cream chocolate truffles box,6.3,31.5,branded,1,1,branded,
56,46,Morrisons,PG Tips Original 80 Tea Bags,food_cupboard,Pg Tips,False,,231.8,g,80.0,Original,pg tips original,2.99,12.9,branded,1,1,branded,
57,47,Sains,Pommery Champagne Brut Royal 750ml,drinks,Pommery,False,,750.0,ml,,Champagne Brut Royal,pommery champagne brut royal,45.0,59.85,branded,1,1,branded,
58,48,Sains,The Natural Confectionery Company Jelly Snakes Sweets Bag 130g,food_cupboard,The Natural Confectionery Company,False,,130.0,g,,Jelly Snakes Sweets Bag,the natural confectionery company jelly snakes sweets bag,1.35,10.4,branded,1,1,branded,
59,49,ASDA,JUST ESSENTIALS by ASDA Wafer Thin Cooked Ham Slices,fresh_food,,True,value,400.0,g,,Wafer Thin Cooked Ham Slices,wafer thin cooked ham slices,1.95,4.9,own_brand,1,1,own_brand,
60,50,ASDA,Birds Eye Steam Fresh Mediterranean Pasta with Veg & Tomato Sauce 400g,frozen,Birds Eye,False,,400.0,g,,Steam Fresh Mediterranean Pasta with Veg and Tomato Sauce,birds eye steam fresh mediterranean pasta with veg and tomato sauce,2.6,6.5,branded,1,1,branded,
61,52,Sains,"Old Jamaica Ginger Beer, Diet 1.5L",drinks,Old Jamaica,False,,1500.0,ml,,"Ginger Beer, Diet",old jamaica ginger beer diet,2.0,1.3,branded,1,1,branded,
62,53,Sains,"Sainsbury's Chardonnay, Taste the Difference 75cl",drinks,,True,premium,750.0,ml,,Chardonnay,chardonnay,10.5,13.96,own_brand,1,1,own_brand,
63,54,Tesco,Marmite Yeast Extract Spread 125G,food_cupboard,Marmite,False,,125.0,g,,Yeast Extract Spread,marmite yeast extract spread,2.0,16.0,branded,1,1,branded,
64,55,Morrisons,Skinny Whip Chocolate Orange,food_cupboard,Skinny Whip,False,,500.0,g,,Chocolate Orange,skinny whip chocolate orange,1.0,2.0,branded,1,1,branded,
65,56,Tesco,Grace Pumpkin Soup Mix 50G,food_cupboard,Grace,False,,50.0,g,,Pumpkin Soup Mix,grace pumpkin soup mix,0.75,15.0,branded,1,1,branded,
66,57,Tesco,Tesco Scotch Bonnet Chillies 50G,fresh_food,,True,standard,50.0,g,,Scotch Bonnet Chillies,scotch bonnet chillies,0.9,18.0,own_brand,1,1,own_brand,
67,58,Tesco,Roses Lemon & Lime Marmalade 454G,food_cupboard,Roses,False,,454.0,g,,Lemon and Lime Marmalade,roses lemon and lime marmalade,1.99,4.4,branded,1,1,branded,
68,59,ASDA,ASDA Free From 5 Brownie Slices,bakery,,True,dietary,150.0,g,5.0,Brownie Slices,brownie slices,2.5,16.9,own_brand,1,1,own_brand,
69,60,Tesco,Tesco Honey Roast Salmon Flakes 80G,fresh_food,,True,standard,80.0,g,,Honey Roast Salmon Flakes,honey roast salmon flakes,3.25,40.6,own_brand,1,1,own_brand,
70,61,Sains,Higgidy Steak & Ale Pie 250g,fresh_food,Higgidy,False,,250.0,g,,Steak and Ale Pie,higgidy steak and ale pie,3.5,14.0,branded,1,1,branded,
71,62,Tesco,Tesco 3 Caramel Millionaires Ice Cream 270Ml,frozen,,True,standard,270.0,ml,3.0,Caramel Millionaires Ice Cream,caramel millionaires ice cream,2.0,7.4,own_brand,1,1,own_brand,
72,63,Sains,Nestle Pure Life Still Spring Water 12x500ml,drinks,Nestle,False,,6000.0,ml,12.0,Pure Life Still Spring Water,nestle pure life still spring water,2.5,0.4,branded,1,1,branded,
73,64,Tesco,Tesco 4 Chicken & Bacon Pies 568G,frozen,,True,standard,568.0,g,4.0,Chicken and Bacon Pies,chicken and bacon pies,2.75,4.8,own_brand,1,1,own_brand,
74,65,Sains,Kubus Go Strawberry-Banana 300ml,food_cupboard,Kubus,False,,300.0,ml,,Go Strawberry-Banana,kubus go strawberry banana,0.8,2.7,branded,1,1,branded,
75,66,ASDA,Schwartz Somerset Pork Casserole Recipe Mix,food_cupboard,Schwartz,False,,36.0,g,,Somerset Pork Casserole Recipe Mix,schwartz somerset pork casserole recipe mix,0.95,26.4,branded,1,1,branded,
76,67,Sains,Yeo Valley Organic Kefir Strawberry Yogurt 350g,free-from,Yeo Valley,False,,350.0,g,,Kefir Strawberry Yogurt,yeo valley kefir strawberry yogurt,2.0,5.7,branded,1,1,branded,
77,68,Morrisons,Morrisons Puff Pastry Block,fresh_food,,True,standard,425.0,g,,Puff Pastry Block,puff pastry block,1.29,3.0,own_brand,1,1,own_brand,
78,69,Morrisons,Morrisons 4 Garlic & Herb Chicken Kievs,frozen,,True,standard,500.0,g,4.0,Garlic and Herb Chicken Kievs,garlic and herb chicken kievs,4.0,8.0,own_brand,1,1,own_brand,
79,70,ASDA,JUST ESSENTIALS by ASDA Batter Mix,food_cupboard,,True,value,125.0,g,,Batter Mix,batter mix,0.35,2.8,own_brand,1,1,own_brand,
80,71,Morrisons,Barefoot Pink Moscato Rose Wine,drinks,Barefoot,False,,750.0,ml,,Pink Moscato Rose Wine,barefoot pink moscato rose wine,6.0,7.98,branded,1,1,branded,
81,72,Morrisons,Allinson Strong White Flour,food_cupboard,Allinson,False,,3000.0,g,,Strong White Flour,allinson strong white flour,3.79,1.26,branded,1,1,branded,
82,73,Sains,Häagen-Dazs Salted Caramel Ice Cream Bites 8x15g,free-from,,False,,120.0,g,8.0,Häagen-Dazs Salted Caramel Ice Cream Bites,haagen dazs salted caramel ice cream bites,4.0,31.3,unbranded,1,1,unbranded,
83,74,Morrisons,Al Fez Harissa Wrap Kit,food_cupboard,Al Fez,False,,,,,Harissa Wrap Kit,al fez harissa wrap kit,3.79,0.95,branded,1,1,branded,
84,75,Morrisons,Vuse Go Edition 01 Mint Ice 20mg,drinks,,False,,,,,Vuse Go Edition 01 Mint Ice 20mg,vuse go edition 01 mint ice 20mg,5.99,5.99,unbranded,1,1,unbranded,
85,76,ASDA,ASDA Cheshire Cheese,fresh_food,,True,standard,250.0,g,,Cheshire Cheese,cheshire cheese,2.7,10.8,own_brand,1,1,own_brand,
86,77,Morrisons,Kit Kat Chunky Peanut Butter,food_cupboard,Kit Kat,False,,41.9,g,,Chunky Peanut Butter,kit kat chunky peanut butter,0.75,17.9,branded,1,1,branded,
87,78,Morrisons,Pukka All Day Breakfast Pie,fresh_food,Pukka,False,,210.0,g,,All Day Breakfast Pie,pukka all day breakfast pie,1.99,9.5,branded,1,1,branded,
88,79,Sains,Sainsbury's Outdoor Novelty Mum & Baby Tete a Tete 9cm,fresh_food,,True,standard,,,,Outdoor Novelty Mum and Baby Tete a Tete 9cm,outdoor novelty mum and baby tete a tete 9cm,12.0,12.0,own_brand,1,1,own_brand,
89,80,Sains,Red Bull Energy Drink Sugar Free 250ml x4,drinks,Red Bull,False,,250.0,ml,4.0,Energy Drink,red bull energy drink,4.0,4.0,branded,1,1,branded,
90,81,Sains,Rubicon Lychee Fruit Juice Drink 1L,free-from,Rubicon,False,,1000.0,ml,,Lychee Fruit Juice Drink,rubicon lychee fruit juice drink,1.35,1.4,branded,1,1,branded,
91,82,Tesco,Kind Fruit & Nut 3X30g,food_cupboard,Kind,False,,90.0,g,3.0,Fruit and Nut,kind fruit and nut,1.75,19.4,branded,1,1,branded,
92,83,Sains,Dr. Oetker Science Crazy Colour Changing Icing Cupcake Mix 295g,food_cupboard,Dr. Oetker,False,,295.0,g,,Science Crazy Colour Changing Icing Cupcake Mix,dr oetker science crazy colour changing icing cupcake mix,2.85,9.7,branded,1,1,branded,
93,84,ASDA,Jacob's Crinkly's Cheese & Onion Flavour Baked Snacks Multipack 6x23g,food_cupboard,Jacob's,False,,138.0,g,6.0,Crinkly's Cheese and Onion Flavour Baked Snacks Multipack,jacob s crinkly s cheese and onion flavor baked snacks multipack,1.95,14.1,branded,1,1,branded,
94,85,Morrisons,Morrisons Fishmongers Frozen Raw Peeled Argentinian Red Shrimp,fresh_food,,True,standard,150.0,g,,Fishmongers Frozen Raw Peeled Argentinian Red Shrimp,fishmongers frozen raw peeled argentinian red shrimp,4.25,28.33,own_brand,1,1,own_brand,
95,86,Tesco,Bisto Chicken Gravy Granules 300g,food_cupboard,Bisto,False,,300.0,g,,Chicken Gravy Granules,bisto chicken gravy granules,4.0,13.3,branded,1,1,branded,
96,87,Tesco,Hardys Tintara Cabernet Sauvignon 750Ml,drinks,Hardys,False,,750.0,ml,,Tintara Cabernet Sauvignon,hardys tintara cabernet sauvignon,10.0,13.3,branded,1,1,branded,
97,88,ASDA,ASDA Everyday 240 Tea Bags,drinks,,True,standard,680.0,g,240.0,Everyday,everyday,3.2,4.6,own_brand,1,1,own_brand,
98,89,Sains,Fudco Idli Instant Mix 500g,food_cupboard,Fudco,False,,500.0,g,,Idli Instant Mix,fudco idli instant mix,2.7,5.4,branded,1,1,branded,
99,90,ASDA,ASDA Extra Special Coleslaw,fresh_food,,True,premium,500.0,g,,Coleslaw,coleslaw,2.4,4.8,own_brand,1,1,own_brand,
100,91,Morrisons,Idahoan Perfect Mash Cheddar Cheese (109g),food_cupboard,Idahoan,False,,109.0,g,,Perfect Mash Cheddar Cheese,idahoan perfect mash cheddar cheese,1.69,15.5,branded,1,1,branded,
101,92,Tesco,Natco Ground Coriander 1kg,food_cupboard,Natco,False,,1000.0,g,,Ground Coriander,natco ground coriander,3.5,4.0,branded,1,1,branded,
102,93,ASDA,The BAKERY at ASDA 10 Chocolate Chip Madeleines,bakery,,True,standard,,,10.0,Chocolate Chip Madeleines,chocolate chip madeleines,2.0,0.2,own_brand,1,1,own_brand,
103,94,Morrisons,Morrisons 100% Orange Juice with Bits,fresh_food,,True,standard,1000.0,ml,,100% Orange Juice with Bits,100 orange juice with bits,1.95,2.0,own_brand,1,1,own_brand,
104,95,Morrisons,Robinsons Fruit & Barley Peac…,drinks,Robinsons,False,,1000.0,ml,,Fruit and Barley Peac…,robinsons fruit and barley peac,2.0,2.0,branded,1,1,branded,
105,96,Sains,Buxton Still Natural Bottled Mineral Water 6x1.5L,drinks,Buxton,False,,9000.0,ml,6.0,Still Natural Bottled Mineral Water,buxton still natural bottled mineral water,4.25,0.5,branded,1,1,branded,
106,97,ASDA,Eat Real Hummus Chips Tomato + Basil Flavour 110g,food_cupboard,Eat Real,False,,110.0,g,,Hummus Chips Tomato + Basil Flavour,eat real hummus chips tomato basil flavor,2.0,18.2,branded,1,1,branded,
107,98,Tesco,Popworks Sweet Chipotle Chilli Sharing Bag Popped Crisps 85g,food_cupboard,Popworks,False,,85.0,g,,Sweet Chipotle Chilli Sharing Bag Popped Crisps,popworks sweet chipotle chilli sharing bag popped crisps,2.25,26.5,branded,1,1,branded,
108,99,Sains,Rhokett Chocolate & Caramel Cheesecake Slices 180g,free-from,,False,,180.0,g,,Rhokett Chocolate and Caramel Cheesecake Slices,rhokett chocolate and caramel cheesecake slices,3.0,16.7,unbranded,1,1,unbranded,
109,100,ASDA,Ainsley Harriott Cream of Wild Mushroom Cup Soup,food_cupboard,Ainsley Harriott,False,,75.0,g,,Cream of Wild Mushroom Cup Soup,ainsley harriott cream of wild mushroom cup soup,0.75,10.0,branded,1,1,branded,
110,101,Morrisons,Birds Eye 8 Battered Fish Fingers,frozen,Birds Eye,False,,220.0,g,,8 Battered Fish Fingers,birds eye 8 battered fish fingers,2.0,8.93,branded,1,1,branded,
111,102,Tesco,Beavertown Neck Oil Session Ipa 4X330ml,drinks,Beavertown,False,,1320.0,ml,4.0,Neck Oil Session Ipa,beavertown neck oil session ipa,8.25,6.25,branded,1,1,branded,
112,103,ASDA,Merchant Gourmet Smoky Spanish-Style Grains & Rice,food_cupboard,Merchant Gourmet,False,,250.0,g,,Smoky Spanish-Style Grains and Rice,merchant gourmet smoky spanish style grains and rice,2.0,8.0,branded,1,1,branded,
113,104,Morrisons,Morrisons Everyday Tea Bags 80 Pack,food_cupboard,,True,standard,225.0,g,80.0,Everyday Tea Bags,everyday tea bags,1.29,5.6,own_brand,1,1,own_brand,
114,105,Morrisons,Amoy Rich Coconut Milk,food_cupboard,Amoy,False,,400.0,ml,,Rich Coconut Milk,amoy rich coconut milk,2.0,5.0,branded,1,1,branded,
115,106,Sains,Cadbury Dairy Milk Caramel Chocolate Brownie 400g,frozen,Cadbury,False,,400.0,g,,Dairy Milk Caramel Chocolate Brownie,cadbury dairy milk caramel chocolate brownie,4.0,10.0,branded,1,1,branded,
116,107,ASDA,Kopparberg Premium Cider with Strawberry & Pineapple 4 x 330ml,drinks,Kopparberg,False,,1320.0,ml,4.0,Premium Cider with Strawberry and Pineapple,kopparberg premium cider with strawberry and pineapple,4.0,3.03,branded,1,1,branded,
117,108,ASDA,Indus Chana Dal,food_cupboard,Indus,False,,1800.0,g,,Chana Dal,indus chana dal,2.5,1.43,branded,1,1,branded,
118,109,ASDA,Batchelors Cup a Soup Tomato Soup 4 Instant Soup Sachets,food_cupboard,Batchelors,False,,93.1,g,,Cup a Soup Tomato Soup 4 Instant Soup Sachets,batchelors cup a soup tomato soup 4 instant soup sachets,1.49,16.0,branded,1,1,branded,
119,110,ASDA,Nando's Perinaise Garlic Peri-Peri Mayonnaise,food_cupboard,Nando's,False,,454.0,g,,Perinaise Garlic Peri-Peri Mayonnaise,nando s perinaise garlic peri peri mayonnaise,3.5,7.5,branded,1,1,branded,
120,111,Morrisons,Violife Original Flavour Grated V…,free-from,Violife,False,,200.0,g,,Original Flavour Grated V…,violife original flavor grated v,2.85,14.25,branded,1,1,branded,
121,112,Tesco,Quorn Biryani Bowl 300G,fresh_food,Quorn,False,,300.0,g,,Biryani Bowl,quorn biryani bowl,2.75,9.17,branded,1,1,branded,
122,113,Tesco,Pukka 2 Chicken Bakes 306g,frozen,Pukka,False,,306.0,g,,2 Chicken Bakes,pukka 2 chicken bakes,2.2,7.2,branded,1,1,branded,
123,114,ASDA,Grace Coconut Milk Powder,food_cupboard,Grace,False,,50.0,g,,Coconut Milk Powder,grace coconut milk powder,0.7,14.0,branded,1,1,branded,
124,115,Sains,"Sainsbury's Set Honey, SO Organic 340g",food_cupboard,,True,dietary,340.0,g,,Set Honey,set honey,3.35,9.9,own_brand,1,1,own_brand,
125,116,Morrisons,Morrisons Boneless Atlantic Salmon Portions Twin Pack,frozen,,True,standard,220.0,g,,Boneless Atlantic Salmon Portions Twin Pack,boneless atlantic salmon portions twin pack,4.95,22.5,own_brand,1,1,own_brand,
126,117,Sains,Sainsbury's Vanilla Flavour Ice Cream 1L,free-from,,True,standard,1000.0,ml,,Vanilla Flavour Ice Cream,vanilla flavor ice cream,1.5,1.5,own_brand,1,1,own_brand,
127,118,ASDA,Blue Dragon Coconut Milk,free-from,Blue Dragon,False,,400.0,ml,,Coconut Milk,blue dragon coconut milk,2.5,6.2,branded,1,1,branded,
128,119,Sains,Nando’s Peri-Peri Marinade Lemon and Herb Extra Mild 260g,food_cupboard,Nando's,False,,260.0,g,,Peri-Peri Marinade Lemon and Herb Extra Mild,nando s peri peri marinade lemon and herb extra mild,2.0,7.7,branded,1,1,branded,
129,120,Morrisons,Hartleys Jelly Blackcurrant Flavour Jelly 6PK,food_cupboard,Hartleys,False,,750.0,g,6.0,Jelly Blackcurrant Flavour Jelly,hartleys jelly blackcurrant flavor jelly,2.0,2.7,branded,1,1,branded,
130,121,Sains,Villa Maria Sparkling Cuvée Brut 75cl,drinks,Villa Maria,False,,750.0,ml,,Sparkling Cuvée Brut,villa maria sparkling cuvee brut,14.0,18.62,branded,1,1,branded,
131,122,Sains,"Sainsbury's Sicilian Lemon Gin & Tonic, Taste the Difference 250ml",drinks,,True,premium,250.0,ml,,Sicilian Lemon Gin and Tonic,sicilian lemon gin and tonic,1.95,7.8,own_brand,1,1,own_brand,
132,124,ASDA,El Jimador 100% Agave Tequila Blanco,drinks,,False,,700.0,ml,,El Jimador 100% Agave Tequila Blanco,el jimador 100 agave tequila blanco,25.0,35.71,unbranded,1,1,unbranded,
133,125,Sains,Muttil Whole Peeled Tomatoes 4x400g,food_cupboard,,False,,1600.0,g,4.0,Muttil Whole Peeled Tomatoes,muttil whole peeled tomatoes,5.6,3.5,unbranded,1,1,unbranded,
134,126,Morrisons,Morrisons Fishmonger Kipper Fillets,fresh_food,,True,standard,200.0,g,,Fishmonger Kipper Fillets,fishmonger kipper fillets,1.5,7.5,own_brand,1,1,own_brand,
135,127,Sains,"Starbucks by Nespresso Decaf Espresso Coffee x10 Pods, 10 Drinks",food_cupboard,Starbucks,False,,57.0,g,10.0,"by Nespresso Decaf Espresso Coffee Pods, 10 Drinks",starbucks by nespresso decaf espresso coffee pods 10 drinks,3.95,69.3,branded,1,1,branded,
136,128,Morrisons,Holy Cow! Delhi Tikka Masala,food_cupboard,,False,,250.0,g,,Holy Cow! Delhi Tikka Masala,holy cow delhi tikka masala,2.39,9.6,unbranded,1,1,unbranded,
137,129,Sains,Sainsbury's Oxtail Soup 400g,food_cupboard,,True,standard,400.0,g,,Oxtail Soup,oxtail soup,0.62,1.6,own_brand,1,1,own_brand,
138,130,Sains,Sainsbury's Chunky Vegetable Soup 600g,fresh_food,,True,standard,600.0,g,,Chunky Vegetable Soup,chunky vegetable soup,1.75,2.9,own_brand,1,1,own_brand,
139,131,ASDA,ASDA Diet Indian Tonic Water with Lime,drinks,,True,standard,946.0,ml,,Diet Indian Tonic Water with Lime,diet indian tonic water with lime,0.65,0.7,own_brand,1,1,own_brand,
140,132,ASDA,Grenade Chocolate Chip Salted Caramel Flavour,food_cupboard,Grenade,False,,240.0,g,,Chocolate Chip Salted Caramel Flavour,grenade chocolate chip salted caramel flavor,9.5,39.6,branded,1,1,branded,
141,133,ASDA,ASDA Zingy & Crisp Braeburn Apples,fresh_food,,True,standard,,,,Zingy and Crisp Braeburn Apples,zingy and crisp braeburn apples,1.69,0.28,own_brand,1,1,own_brand,
142,134,Sains,PhD Smart Protein Powder Plant Chocolate Cookie 500g,free-from,Phd,False,,500.0,g,,Smart Protein Powder Plant Chocolate Cookie,phd smart protein powder plant chocolate cookie,20.0,38.5,branded,1,1,branded,
143,135,Morrisons,Morrisons The Best Panc…,fresh_food,,True,premium,320.0,g,,Panc…,panc,5.0,15.24,own_brand,1,1,own_brand,
144,136,Sains,Sainsbury's Health Matters Immunity Chewable Vitamin C One a Day Tablet x180 1000mg,free-from,,True,standard,1.0,g,180.0,Health Matters Immunity Chewable Vitamin C One a Day Tablet,health matters immunity chewable vitamin c one a day tablet,12.5,0.07,own_brand,1,1,own_brand,
145,137,ASDA,BrewDog Hazy Jane Guava,drinks,Brewdog,False,,440.0,ml,,Hazy Jane Guava,brewdog hazy jane guava,2.75,6.25,branded,1,1,branded,
146,138,Sains,Science in Sport Beta Fuel Orange Energy Drink 82g,free-from,Science In Sport,False,,82.0,g,,Beta Fuel Orange Energy Drink,science in sport beta fuel orange energy drink,2.0,24.4,branded,1,1,branded,
147,139,Sains,Sainsbury's Large Garlic,fresh_food,,True,standard,,,,Large Garlic,large garlic,0.55,0.55,own_brand,1,1,own_brand,
148,140,Sains,Edizione 789 Di Mondelli Prosecco 75cl,drinks,,False,,750.0,ml,,Edizione 789 Di Mondelli Prosecco,edizione 789 di mondelli prosecco,6.25,8.31,unbranded,1,1,unbranded,
149,141,Sains,Tony's Chocolonely Milk Chocolate 242g,food_cupboard,,False,,242.0,g,,Tony's Chocolonely Milk Chocolate,tony s chocolonely milk chocolate,12.0,49.6,unbranded,1,1,unbranded,
150,142,Morrisons,Morrisons BBQ Chicken Drums,fresh_food,,True,standard,1000.0,g,,BBQ Chicken Drums,bbq chicken drums,4.25,4.25,own_brand,1,1,own_brand,
151,143,Morrisons,Morrisons 2 Fresh Bake Pork Sausage Rolls,fresh_food,,True,standard,150.0,g,2.0,Fresh Bake Pork Sausage Rolls,fresh bake pork sausage rolls,0.99,6.69,own_brand,1,1,own_brand,
152,144,Sains,Pukka Vegan No Steak Slice 170g,free-from,Pukka,False,,170.0,g,,No Steak Slice,pukka no steak slice,1.25,7.35,branded,1,1,branded,
153,145,Sains,Sainsbury's Frozen Peach & Nectarine Slices 450g,fresh_food,,True,standard,450.0,g,,Frozen Peach and Nectarine Slices,frozen peach and nectarine slices,2.5,5.56,own_brand,1,1,own_brand,
154,146,Morrisons,Morrisons The Best Aged Red Leicester,fresh_food,,True,premium,300.0,g,,Aged Red Leicester,aged red leicester,3.49,11.63,own_brand,1,1,own_brand,
155,147,Morrisons,This Isn't Chicken Plant-Based Chicken Pieces,fresh_food,,False,,360.0,g,,This Isn't Chicken Chicken Pieces,this isn t chicken chicken pieces,3.0,8.11,unbranded,1,1,unbranded,
156,148,Sains,Califia Farms Oat Drink Barista Blend 1L,food_cupboard,,False,,1000.0,ml,,Califia Farms Oat Drink Barista Blend,califia farms oat drink barista blend,2.1,2.1,unbranded,1,1,unbranded,
157,149,ASDA,Shalimar Balti Mix 200g,food_cupboard,,False,,200.0,g,,Shalimar Balti Mix,shalimar balti mix,0.75,3.8,unbranded,1,1,unbranded,
158,150,Sains,Grant's Triple Wood Blended Scotch Whisky 1L,drinks,,False,,1000.0,ml,,Grant's Triple Wood Blended Scotch Whisky,grant s triple wood blended scotch whisky,18.0,18.0,unbranded,1,1,unbranded,
159,151,Tesco,Tesco Lamb Whole Leg Joint,fresh_food,,True,standard,2000.0,g,,Lamb Whole Leg Joint,lamb whole leg joint,26.0,13.0,own_brand,1,1,own_brand,
160,152,Sains,Orion Choco Boy Chocolate Biscuits 36g,free-from,,False,,36.0,g,,Orion Choco Boy Chocolate Biscuits,orion choco boy chocolate biscuits,1.1,30.6,unbranded,1,1,unbranded,
161,153,Sains,Fever-Tree Premium Indian Tonic Water 8 x 150ml (Sugar levy applied),drinks,Fever-tree,False,,1200.0,ml,8.0,Premium Indian Tonic Water,fever tree premium indian tonic water,5.25,4.4,branded,1,1,branded,
162,154,Morrisons,Morrisons Savers Fruit Cocktail Trifle,fresh_food,,True,value,114.0,g,,Fruit Cocktail Trifle,fruit cocktail trifle,0.49,4.3,own_brand,1,1,own_brand,
163,155,Tesco,Mcvitie's 8 Toasting Waffles Chocolate 200G,bakery,Mcvitie's,False,,200.0,g,,8 Toasting Waffles Chocolate,mcvitie s 8 toasting waffles chocolate,1.4,7.0,branded,1,1,branded,
164,156,Morrisons,UFIT Chocolate Protein,drinks,Ufit,False,,250.0,ml,,Chocolate Protein,ufit chocolate protein,1.15,4.6,branded,1,1,branded,
165,157,ASDA,Hobgoblin Gold Beer,drinks,Hobgoblin,False,,2250.0,ml,,Gold Beer,hobgoblin gold beer,6.0,2.64,branded,1,1,branded,
166,158,ASDA,ASDA Free From Brown Sauce,free-from,,True,dietary,300.0,g,,Brown Sauce,brown sauce,1.25,4.2,own_brand,1,1,own_brand,
167,159,Sains,Mazola Pure Corn Oil 1L,food_cupboard,,False,,1000.0,ml,,Mazola Pure Corn Oil,mazola pure corn oil,2.55,2.6,unbranded,1,1,unbranded,
168,160,Tesco,Bio&Me Super Berry Gut Loving Granola 360g,food_cupboard,,False,,360.0,g,,and Me Super Berry Gut Loving Granola,and me super berry gut loving granola,2.95,8.2,unbranded,1,1,unbranded,
169,161,Morrisons,Pek Chopped Pork Gold,food_cupboard,Pek,False,,170.0,g,,Chopped Pork Gold,pek chopped pork gold,1.99,11.7,branded,1,1,branded,
170,162,Morrisons,Aashirvaad Phulka Roti,food_cupboard,Aashirvaad,False,,360.0,g,,Phulka Roti,aashirvaad phulka roti,2.25,6.2,branded,1,1,branded,
171,163,Sains,Plant Pioneers Vegan No Chicken Sweet & Sour with Tofu Fried Rice Ready Meal for 1 400g,free-from,,False,,400.0,g,,Plant Pioneers No Chicken Sweet and Sour with Tofu Fried Rice for 1,plant pioneers no chicken sweet and sour with tofu fried rice for 1,3.5,8.75,unbranded,1,1,unbranded,
172,164,Tesco,Tesco Beef Casserole 392G,food_cupboard,,True,standard,392.0,g,,Beef Casserole,beef casserole,2.4,6.12,own_brand,1,1,own_brand,
173,165,ASDA,Wrigley's Extra Cool Breeze Sugar Free Chewing Gum Sugar Free 3 x 9 Pieces,food_cupboard,Wrigley's,False,,37.8,g,9.0,Extra Cool Breeze Chewing Gum 3 Pieces,wrigley s extra cool breeze chewing gum 3 pieces,1.4,37.0,branded,1,1,branded,
174,167,Sains,Sainsbury's Steamed ASC Scottish Salmon Portions x2 180g (Ready to eat),free-from,,True,standard,180.0,g,2.0,Steamed ASC Scottish Salmon Portions,steamed asc scottish salmon portions,5.5,30.6,own_brand,1,1,own_brand,
175,168,Morrisons,Grace Original Aloe Vera Juice Drink,food_cupboard,Grace,False,,500.0,ml,,Original Aloe Vera Juice Drink,grace original aloe vera juice drink,1.29,2.6,branded,1,1,branded,
176,169,ASDA,COOK by ASDA Chopped Garlic,food_cupboard,,True,standard,55.6,g,,Chopped Garlic,chopped garlic,1.0,18.0,own_brand,1,1,own_brand,
177,170,Tesco,Nandos Peri Peri Quick Marinade Medium 262G,food_cupboard,Nandos,False,,262.0,g,,Peri Peri Quick Marinade Medium,nandos peri peri quick marinade medium,2.5,9.5,branded,1,1,branded,
178,171,Sains,"Twinings Spiced Ginger Tea, 20 Tea Bags",food_cupboard,Twinings,False,,35.0,g,20.0,Spiced Ginger Tea,twinings spiced ginger tea,2.25,64.3,branded,1,1,branded,
179,172,Tesco,Simply Cook Creamy Tuscan Sausage Pasta R/Kit 40G,food_cupboard,Simply Cook,False,,40.0,g,,Creamy Tuscan Sausage Pasta R/Kit,simply cook creamy tuscan sausage pasta r kit,1.25,31.2,branded,1,1,branded,
180,173,Tesco,Belvoir Ginger Cordial 500Ml,drinks,Belvoir,False,,500.0,ml,,Ginger Cordial,belvoir ginger cordial,4.0,8.0,branded,1,1,branded,
181,174,Tesco,Tesco Sugar Snap Peas And Sweet Chilli Dip 90G,fresh_food,,True,standard,90.0,g,,Sugar Snap Peas And Sweet Chilli Dip,sugar snap peas and sweet chilli dip,1.75,19.44,own_brand,1,1,own_brand,
182,175,Morrisons,Bonne Maman Peach Conserve,food_cupboard,Bonne Maman,False,,375.0,g,,Peach Conserve,bonne maman peach conserve,2.6,7.0,branded,1,1,branded,
183,176,ASDA,The BAKERY at ASDA Fluffy 16 Teacake Mini Bites,bakery,,True,standard,,,,Fluffy 16 Teacake Mini Bites,fluffy 16 teacake mini bites,2.3,0.14,own_brand,1,1,own_brand,
184,177,Sains,"Black Farmer Premium Pork Sausages, Gluten Free x6 400g",food_cupboard,,False,,400.0,g,6.0,Black Farmer Premium Pork Sausages,black farmer premium pork sausages,3.5,8.75,unbranded,1,1,unbranded,
185,178,Tesco,Merchant Gourmet Herby Mediterranean Vegetables & Couscous 400G,frozen,Merchant Gourmet,False,,400.0,g,,Herby Mediterranean Vegetables and Couscous,merchant gourmet herby mediterranean vegetables and couscous,3.0,7.5,branded,1,1,branded,
186,179,ASDA,Lurpak Slightly Salted Spreadable 400g,fresh_food,Lurpak,False,,400.0,g,,Slightly Salted Spreadable,lurpak slightly salted spreadable,3.0,7.5,branded,1,1,branded,
187,180,Tesco,Tesco Chocolate & Salted Caramel Drip Cake,bakery,,True,standard,,,,Chocolate and Salted Caramel Drip Cake,chocolate and salted caramel drip cake,15.0,15.0,own_brand,1,1,own_brand,
188,181,Sains,Sainsbury's Pure Tomato Juice 1L,drinks,,True,standard,1000.0,ml,,Pure Tomato Juice,pure tomato juice,1.25,1.3,own_brand,1,1,own_brand,
189,182,ASDA,ASDA 6 Mini Hog Roast Pork Pies 300g,fresh_food,,True,standard,300.0,g,6.0,Mini Hog Roast Pork Pies,mini hog roast pork pies,2.0,6.7,own_brand,1,1,own_brand,
190,183,Tesco,"Tesco Finest 4 Pork, Coastal Cheddar & Confit Onion Sausages 440g",fresh_food,,True,premium,440.0,g,4.0,"Pork, Coastal Cheddar and Confit Onion Sausages",pork coastal cheddar and confit onion sausages,3.0,6.82,own_brand,1,1,own_brand,
191,184,Morrisons,Morrisons The Best Elderflower Presse,drinks,,True,premium,750.0,ml,,Elderflower Presse,elderflower presse,2.15,2.9,own_brand,1,1,own_brand,
192,185,Sains,"Sainsbury's Sweet Pointed Peppers, SO Organic x2 (Colours May Vary)",free-from,,True,dietary,,,,Sweet Pointed Peppers,sweet pointed peppers,1.8,0.9,own_brand,1,1,own_brand,
193,186,Morrisons,Mackays Scottish Strawberry Preserve,food_cupboard,,False,,340.0,g,,Mackays Scottish Strawberry Preserve,mackays scottish strawberry preserve,1.99,5.8,unbranded,1,1,unbranded,
194,187,Sains,"Sainsbury's Chicken Bacon Caesar, Taste the Difference 465g",fresh_food,,True,premium,454.0,g,,Chicken Bacon Caesar,chicken bacon caesar,4.75,10.22,own_brand,1,1,own_brand,
195,188,Tesco,Jim Beam Kentucky Straight Bourbon Whiskey 1L,drinks,Jim Beam,False,,1000.0,ml,,Kentucky Straight Bourbon Whiskey,jim beam kentucky straight bourbon whiskey,27.0,27.0,branded,1,1,branded,
196,189,ASDA,Sharwood's Plum Sauce,food_cupboard,Sharwood's,False,,300.0,g,,Plum Sauce,sharwood s plum sauce,3.2,10.7,branded,1,1,branded,
197,190,Sains,Ritter Sport Rum Raisin & Hazelnut 100g,food_cupboard,Ritter Sport,False,,100.0,g,,Rum Raisin and Hazelnut,ritter sport rum raisin and hazelnut,1.25,12.5,branded,1,1,branded,
198,191,Sains,Koh-Kae Peanuts Nori Wasabi Flavour Coated 230g,food_cupboard,,False,,230.0,g,,Koh-Kae Peanuts Nori Wasabi Flavour Coated,koh kae peanuts nori wasabi flavor coated,3.0,13.0,unbranded,1,1,unbranded,
199,192,Sains,"Sainsbury's Mild Cheddar Slices with Cracked Black Pepper, Summer Edition 110g",free-from,,True,standard,110.0,g,,"Mild Cheddar Slices with Cracked Black Pepper, Summer Edition",mild cheddar slices with cracked black pepper summer edition,1.5,13.64,own_brand,1,1,own_brand,
200,193,Tesco,The Spice Tailor Butter Chicken Mild Curry 300G,food_cupboard,The Spice Tailor,False,,300.0,g,,Butter Chicken Mild Curry,the spice tailor butter chicken mild curry,2.5,8.33,branded,1,1,branded,
201,194,Tesco,Tesco Plant Chef Falafel Houmous Wrap,fresh_food,,True,dietary,,,,Falafel Houmous Wrap,falafel houmous wrap,2.85,2.85,own_brand,1,1,own_brand,
202,195,Sains,Rowse Natural Blossom Honey Squeezy 340g,food_cupboard,Rowse,False,,340.0,g,,Natural Blossom Honey Squeezy,rowse natural blossom honey squeezy,3.0,8.8,branded,1,1,branded,
203,196,ASDA,Grace Exotic Chips Purple Sweet Potato 75g,food_cupboard,Grace,False,,75.0,g,,Exotic Chips Purple Sweet Potato,grace exotic chips purple sweet potato,1.6,21.3,branded,1,1,branded,
204,197,Tesco,Tesco Chopped Mixed Nuts 200G,food_cupboard,,True,standard,200.0,g,,Chopped Mixed Nuts,chopped mixed nuts,1.75,8.75,own_brand,1,1,own_brand,
205,198,Morrisons,Morrisons Christmas Dundee Cake,bakery,,True,standard,,,,Christmas Dundee Cake,christmas dundee cake,1.88,1.88,own_brand,1,1,own_brand,
206,199,Morrisons,Vapes Bars Ghost Banana Ice 20mg,drinks,,False,,,,,Vapes Bars Ghost Banana Ice 20mg,vapes bars ghost banana ice 20mg,5.99,5.99,unbranded,1,1,unbranded,
207,200,Tesco,Tesco Low Calorie Indian Tonic Water With Lime 1Ltr,drinks,,True,standard,1000.0,ml,,Low Calorie Indian Tonic Water With Lime,low calorie indian tonic water with lime,0.65,0.6,own_brand,1,1,own_brand,
208,201,ASDA,Glen Moray Speyside Single Malt Scotch Whisky Twisted Vine,drinks,,False,,700.0,ml,,Glen Moray Speyside Single Malt Scotch Whisky Twisted Vine,glen moray speyside single malt scotch whisky twisted vine,29.0,41.43,unbranded,1,1,unbranded,
209,202,Morrisons,Morrisons Manor Hall Fortif…,drinks,,True,standard,1000.0,ml,,Manor Hall Fortif…,manor hall fortif,7.0,6.98,own_brand,1,1,own_brand,
210,203,Tesco,Tesco Ground Nutmeg 52G,food_cupboard,,True,standard,52.0,g,,Ground Nutmeg,ground nutmeg,1.0,19.0,own_brand,1,1,own_brand,
211,204,ASDA,Shazans Smoked Salt & Pepper Lamb Sausages,fresh_food,,False,,300.0,g,,Shazans Smoked Salt and Pepper Lamb Sausages,shazans smoked salt and pepper lamb sausages,4.25,14.17,unbranded,1,1,unbranded,
212,205,Sains,Robinsons Orange 750ml,drinks,Robinsons,False,,750.0,ml,,Orange,robinsons orange,2.5,3.3,branded,1,1,branded,
213,206,ASDA,Goodfella's 2 Triple Cheese Pizza Pockets,frozen,Goodfella's,False,,250.0,g,,2 Triple Cheese Pizza Pockets,goodfella s 2 triple cheese pizza pockets,2.3,9.2,branded,1,1,branded,
214,207,ASDA,ASDA Extra Special Roast Chicken Stock,food_cupboard,,True,premium,450.0,g,,Roast Chicken Stock,roast chicken stock,2.25,5.0,own_brand,1,1,own_brand,
215,208,ASDA,Santa Maria Hot Green Jalapeños,food_cupboard,Santa Maria,False,,200.0,g,,Hot Green Jalapeños,santa maria hot green jalapenos,1.25,6.2,branded,1,1,branded,
216,209,ASDA,The BAKERY at ASDA Bake at Home Tiger Bloomer,bakery,,True,standard,800.0,g,,Bake at Home Tiger Bloomer,bake at home tiger bloomer,1.39,1.7,own_brand,1,1,own_brand,
217,210,ASDA,Łowicz Cherry Sour Syrup 400ml,food_cupboard,,False,,400.0,ml,,Łowicz Cherry Sour Syrup,owicz cherry sour syrup,1.5,3.8,unbranded,1,1,unbranded,
218,211,Sains,Levi Roots Reggae Reggae Jerk BBQ Sauce 290g,food_cupboard,,False,,290.0,g,,Levi Roots Reggae Reggae Jerk BBQ Sauce,levi roots reggae reggae jerk bbq sauce,1.75,6.0,unbranded,1,1,unbranded,
219,212,Sains,Tropical Sun American Style Root Beer 330ml (Sugar levy applied),food_cupboard,,False,,330.0,ml,,Tropical Sun American Style Root Beer,tropical sun american style root beer,0.8,2.4,unbranded,1,1,unbranded,
220,213,ASDA,Innocent Plus Berry Set Go Raspberry & Cherry Juice 330ml,fresh_food,Innocent,False,,330.0,ml,,Plus Berry Set Go Raspberry and Cherry Juice,innocent plus berry set go raspberry and cherry juice,2.15,6.5,branded,1,1,branded,
221,214,Morrisons,Cadbury Dairy Milk Cornfl…,bakery,Cadbury,False,,,,,Dairy Milk Cornfl…,cadbury dairy milk cornfl,2.39,2.39,branded,1,1,branded,
222,215,ASDA,Leon Love Burger Sauce,food_cupboard,Leon,False,,240.4,ml,,Love Burger Sauce,leon love burger sauce,2.5,10.4,branded,1,1,branded,
223,216,Tesco,Tesco Finest Pinot Grigio Blush 75Cl,drinks,,True,premium,750.0,ml,,Pinot Grigio Blush,pinot grigio blush,7.75,10.31,own_brand,1,1,own_brand,
224,217,Tesco,Tesco Finest Salted Caramel Sauce 250G,food_cupboard,,True,premium,250.0,g,,Salted Caramel Sauce,salted caramel sauce,3.0,12.0,own_brand,1,1,own_brand,
225,218,Tesco,Yamas Authentic Greek Feta Pdo 150G,fresh_food,Yamas,False,,150.0,g,,Authentic Greek Feta Pdo,yamas authentic greek feta pdo,1.85,12.33,branded,1,1,branded,
226,219,Sains,BOL Garden Pea & Spinach Protein Power Soup,free-from,,False,,600.0,g,,BOL Garden Pea and Spinach Protein Power Soup,bol garden pea and spinach protein power soup,3.3,5.5,unbranded,1,1,unbranded,
227,220,Morrisons,Velo Max Ruby Berry 17mg,drinks,,False,,,,,Velo Max Ruby Berry 17mg,velo max ruby berry 17mg,6.49,6.49,unbranded,1,1,unbranded,
228,221,Morrisons,Morrisons Midget Gems,food_cupboard,,True,standard,190.0,g,,Midget Gems,midget gems,1.35,7.1,own_brand,1,1,own_brand,
229,222,Sains,"Sainsbury's Fire Roasted Red Pepper Dip Summer Edition, Taste the Difference 170g",free-from,,True,premium,170.0,g,,Fire Roasted Red Pepper Dip Summer Edition,fire roasted red pepper dip summer edition,1.65,9.7,own_brand,1,1,own_brand,
230,223,ASDA,Nescafe Gold Cappuccino Decaf Unsweetened Taste Coffee Sachets,drinks,Nescafe,False,,120.0,g,,Gold Cappuccino Decaf Unsweetened Taste Coffee Sachets,nescafe gold cappuccino decaf unsweetened taste coffee sachets,1.75,14.6,branded,1,1,branded,
231,224,Sains,Walkers Prawn Cocktail Multipack Crisps 6x25g,food_cupboard,Walkers,False,,150.0,g,6.0,Prawn Cocktail Multipack Crisps,walkers prawn cocktail multipack crisps,1.65,11.0,branded,1,1,branded,
232,225,Sains,Chicken Tonight Mushroom Sauce 500g,food_cupboard,Chicken Tonight,False,,500.0,g,,Mushroom Sauce,chicken tonight mushroom sauce,1.75,3.5,branded,1,1,branded,
233,226,Sains,Diet Coke 4x250ml,drinks,Diet Coke,False,,1000.0,ml,4.0,,diet coke,4.2,4.2,branded,1,1,branded,
234,227,Sains,"Sainsbury's Tomato Sauce with Basil, SO Organic 350g",food_cupboard,,True,dietary,350.0,g,,Tomato Sauce with Basil,tomato sauce with basil,2.5,7.1,own_brand,1,1,own_brand,
235,228,Tesco,Tesco Free From Choco-Nut Pillows 300G,food_cupboard,,True,dietary,300.0,g,,Choco-Nut Pillows,choco nut pillows,1.75,5.8,own_brand,1,1,own_brand,
236,229,Sains,Sainsbury's Braeburn Apples,fresh_food,,True,standard,,,,Braeburn Apples,braeburn apples,1.4,0.35,own_brand,1,1,own_brand,
237,230,Morrisons,Mother Africa Fufu Flour,food_cupboard,Mother Africa,False,,680.0,g,,Fufu Flour,mother africa fufu flour,3.99,5.87,branded,1,1,branded,
238,231,Sains,Bisto Gluten Free Gravy Granules 175g,food_cupboard,Bisto,False,,175.0,g,,Gravy Granules,bisto gravy granules,4.0,22.9,branded,1,1,branded,
239,232,Sains,Higgidy Spinach & Tomato Quiche 155g,fresh_food,Higgidy,False,,155.0,g,,Spinach and Tomato Quiche,higgidy spinach and tomato quiche,3.0,19.4,branded,1,1,branded,
240,233,ASDA,ASDA Extra Special Cóte De Beaune Villages,drinks,,True,premium,750.0,ml,,Cóte De Beaune Villages,cote de beaune villages,17.0,226.61,own_brand,1,1,own_brand,
241,234,Tesco,Tesco Vanilla Sponge Mix 400G,food_cupboard,,True,standard,400.0,g,,Vanilla Sponge Mix,vanilla sponge mix,1.3,3.25,own_brand,1,1,own_brand,
242,235,Morrisons,Morrisons Sardines in Harissa Sauce (100g),food_cupboard,,True,standard,100.0,g,,Sardines in Harissa Sauce,sardines in harissa sauce,0.99,9.9,own_brand,1,1,own_brand,
243,236,Morrisons,Cruzcampo Sevilla Lager Beer12 x 330ml,drinks,Cruzcampo,False,,3960.0,ml,12.0,Sevilla Lager Beer,cruzcampo sevilla lager beer,12.0,12.0,branded,1,1,branded,
244,237,Morrisons,Princes Mexican Tuna Salad Bowl (160g),food_cupboard,Princes,False,,160.0,g,,Mexican Tuna Salad Bowl,princes mexican tuna salad bowl,2.5,15.6,branded,1,1,branded,
245,238,Tesco,Tesco Free From Stripey The Caterpillar Cake,bakery,,True,dietary,,,,Stripey The Caterpillar Cake,stripey the caterpillar cake,7.0,7.0,own_brand,1,1,own_brand,
246,239,Sains,Pot Noodle Chilli Chicken Instant Snack 100g,food_cupboard,Pot Noodle,False,,100.0,g,,Chilli Chicken Instant Snack,pot noodle chilli chicken instant snack,1.0,10.0,branded,1,1,branded,
247,240,ASDA,ASDA Tender 4 Pork Loin Steaks,fresh_food,,True,standard,450.0,g,,Tender 4 Pork Loin Steaks,tender 4 pork loin steaks,3.6,8.18,own_brand,1,1,own_brand,
248,241,Sains,Nexba Naturally Sugar Free Pineapple Soft Drink 1L,drinks,,False,,1000.0,ml,,Nexba Naturally Pineapple Soft Drink,nexba naturally pineapple soft drink,1.25,1.3,unbranded,1,1,unbranded,
249,242,Morrisons,Hovis Seeded Batch Bread,bakery,Hovis,False,,800.0,g,,Seeded Batch Bread,hovis seeded batch bread,1.5,1.9,branded,1,1,branded,
250,243,Sains,Hardys VR Sauvignon Blanc 750ml,drinks,Hardys,False,,750.0,ml,,VR Sauvignon Blanc,hardys vr sauvignon blanc,5.75,7.65,branded,1,1,branded,
251,244,Morrisons,Extra Watermelon Flavour Sugarfree Ch…,food_cupboard,,False,,100.0,g,,Extra Watermelon Flavour Sugarfree Ch…,extra watermelon flavor sugarfree ch,3.0,30.0,unbranded,1,1,unbranded,
252,245,ASDA,Timothy Taylor's Landlord Classic Pale Ale,drinks,Timothy Taylor's,False,,500.0,ml,,Landlord Classic Pale Ale,timothy taylor s landlord classic pale ale,2.3,4.6,branded,1,1,branded,
253,246,Sains,Costa Coffee Mocha Italia Signature Blend Ground for Cafetiere & Filter 200g,food_cupboard,Costa,False,,200.0,g,,Coffee Mocha Italia Signature Blend Ground for Cafetiere and Filter,costa coffee mocha italia signature blend ground for cafetiere and filter,4.0,20.0,branded,1,1,branded,
254,247,Morrisons,Allinson Plain Wholemeal Flour,food_cupboard,Allinson,False,,1000.0,g,,Plain Wholemeal Flour,allinson plain wholemeal flour,2.29,2.29,branded,1,1,branded,
255,248,Morrisons,Morrisons Chinese Sweet & Sour Chicken,fresh_food,,True,standard,340.0,g,,Chinese Sweet and Sour Chicken,chinese sweet and sour chicken,3.99,11.4,own_brand,1,1,own_brand,
256,249,ASDA,ASDA Mexican Style Bean Mix in Water,drinks,,True,standard,240.0,g,,Mexican Style Bean Mix in Water,mexican style bean mix in water,0.49,2.04,own_brand,1,1,own_brand,
257,250,Tesco,Quorn Tomato & Mozzarella Escalopes 240g,frozen,Quorn,False,,240.0,g,,Tomato and Mozzarella Escalopes,quorn tomato and mozzarella escalopes,2.65,11.04,branded,1,1,branded,
258,251,Morrisons,Crisp 'N' Dry Solid White Vegetable Oil,fresh_food,,False,,250.0,g,,Crisp 'N' Dry Solid White Vegetable Oil,crisp n dry solid white vegetable oil,1.59,6.36,unbranded,1,1,unbranded,
259,252,ASDA,Tropics Original Recipe Hot & Spicy Chicken Fry Mix,food_cupboard,,False,,300.0,g,,Tropics Original Recipe Hot and Spicy Chicken Fry Mix,tropics original recipe hot and spicy chicken fry mix,1.75,5.8,unbranded,1,1,unbranded,
260,253,Tesco,Tesco Low Alcohol Reduced Cal G&T. 4 X 250Ml,drinks,,True,standard,1000.0,ml,4.0,Reduced Cal G and T,reduced cal g and t,3.0,3.0,own_brand,1,1,own_brand,
261,254,Tesco,Tony's Chocolonely Milk Chocolate Caramel Biscuit 180G,food_cupboard,,False,,180.0,g,,Tony's Chocolonely Milk Chocolate Caramel Biscuit,tony s chocolonely milk chocolate caramel biscuit,3.0,16.7,unbranded,1,1,unbranded,
262,255,Sains,Sainsbury's Arrabiata Sauce 350g (Serves 2),free-from,,True,standard,350.0,g,,Arrabiata Sauce,arrabiata sauce,1.25,3.6,own_brand,1,1,own_brand,
263,256,Tesco,Tesco Coconut Drink 1 Litre,food_cupboard,,True,standard,1000.0,ml,,Coconut Drink,coconut drink,1.25,1.25,own_brand,1,1,own_brand,
264,257,Sains,"Red Bull Spiced Pear Energy Drink, the Winter Edition 250ml",drinks,Red Bull,False,,250.0,ml,,"Spiced Pear Energy Drink, the Winter Edition",red bull spiced pear energy drink the winter edition,1.7,6.8,branded,1,1,branded,
265,258,Tesco,Tesco Chicken & Bacon Sandwich Filler 423G,fresh_food,,True,standard,423.0,g,,Chicken and Bacon Sandwich Filler,chicken and bacon sandwich filler,3.3,7.8,own_brand,1,1,own_brand,
266,259,Tesco,Cadbury Creme Egg Ice Cream Cones 4X100ml,frozen,Cadbury,False,,400.0,ml,4.0,Creme Egg Ice Cream Cones,cadbury creme egg ice cream cones,2.25,5.6,branded,1,1,branded,
267,260,Sains,Sainsbury's Watermelon 300g,fresh_food,,True,standard,300.0,g,,Watermelon,watermelon,2.35,7.83,own_brand,1,1,own_brand,
268,261,Morrisons,Cornish Sea Salt Really Garlicky Seasoning,food_cupboard,,False,,55.0,g,,Cornish Sea Salt Really Garlicky Seasoning,cornish sea salt really garlicky seasoning,1.99,36.2,unbranded,1,1,unbranded,
269,262,Morrisons,Regal Bakery Mini Madeira Cakes,food_cupboard,Regal,False,,340.0,g,,Bakery Mini Madeira Cakes,regal bakery mini madeira cakes,1.49,4.3,branded,1,1,branded,
270,263,Tesco,Batchelors Bigga Marrowfat Processed Peas 300G,food_cupboard,Batchelors,False,,300.0,g,,Bigga Marrowfat Processed Peas,batchelors bigga marrowfat processed peas,0.59,3.28,branded,1,1,branded,
271,264,Sains,Sainsbury's Mini Garlic Pizza Breads x2 230g,free-from,,True,standard,230.0,g,2.0,Mini Garlic Pizza Breads,mini garlic pizza breads,3.25,14.13,own_brand,1,1,own_brand,
272,265,Sains,Sainsbury's Peanut Butter Smooth 340g,food_cupboard,,True,standard,340.0,g,,Peanut Butter Smooth,peanut butter smooth,1.09,3.2,own_brand,1,1,own_brand,
273,266,ASDA,George Home Green Simplicity 28cm Wok,fresh_food,,True,standard,,,,Green Simplicity 28cm Wok,green simplicity 28cm wok,13.0,13.0,own_brand,1,1,own_brand,
274,267,Tesco,Tesco Beetroot Salad 300g,fresh_food,,True,standard,300.0,g,,Beetroot Salad,beetroot salad,1.7,5.7,own_brand,1,1,own_brand,
275,268,Tesco,Hearty Food Co. Curry Sauce 440G,food_cupboard,,True,value,440.0,g,,Curry Sauce,curry sauce,0.45,1.0,own_brand,1,1,own_brand,
276,269,Sains,Lipton Ice Tea Lemon Flavoured Still Soft Drink 1.25L,drinks,Lipton,False,,1250.0,ml,,Ice Tea Lemon Flavoured Still Soft Drink,lipton ice tea lemon flavored still soft drink,2.25,1.8,branded,1,1,branded,
277,270,ASDA,George Home 2L Grip Measuring Jug,food_cupboard,,True,standard,2000.0,ml,,Grip Measuring Jug,grip measuring jug,1.0,1.0,own_brand,1,1,own_brand,
278,271,Sains,"Sainsbury's Extra Mature Cumbrian Cheddar, Taste the Difference 350g",fresh_food,,True,premium,340.0,g,,Extra Mature Cumbrian Cheddar,extra mature cumbrian cheddar,3.8,10.86,own_brand,1,1,own_brand,
279,272,ASDA,Kopparberg Premium Cider with Raspberry 500ml,drinks,Kopparberg,False,,500.0,ml,,Premium Cider with Raspberry,kopparberg premium cider with raspberry,2.0,4.0,branded,1,1,branded,
280,273,Tesco,Lactofree Spreadable 250G,fresh_food,,False,,250.0,g,,Lactofree Spreadable,lactofree spreadable,2.25,9.0,unbranded,1,1,unbranded,
281,274,ASDA,Nando's Peri-Peri Medium Quick Marinade,food_cupboard,Nando's,False,,270.0,g,,Peri-Peri Medium Quick Marinade,nando s peri peri medium quick marinade,2.0,7.6,branded,1,1,branded,
282,275,Morrisons,Baron Philippe de Rothsch…,drinks,,False,,750.0,ml,,Baron Philippe de Rothsch…,baron philippe de rothsch,11.0,14.63,unbranded,1,1,unbranded,
283,276,ASDA,Ryvita Crackerbread Wholegrain Crackers 125g,food_cupboard,Ryvita,False,,125.0,g,,Crackerbread Wholegrain Crackers,ryvita crackerbread wholegrain crackers,2.0,16.0,branded,1,1,branded,
284,277,Morrisons,Highland Spring Still Water Sports Cap,drinks,Highland Spring,False,,4642.9,ml,,Still Water Sports Cap,highland spring still water sports cap,3.25,0.7,branded,1,1,branded,
285,279,ASDA,ASDA Vegetable Bouillon Mix,food_cupboard,,True,standard,150.0,g,,Vegetable Bouillon Mix,vegetable bouillon mix,2.0,13.3,own_brand,1,1,own_brand,
286,280,Sains,Get More Vits Vitamin D Sparkling Mango & Passionfruit 4x330ml,drinks,,False,,1320.0,ml,4.0,Get More Vits Vitamin D Sparkling Mango and Passionfruit,get more vits vitamin d sparkling mango and passionfruit,4.5,3.4,unbranded,1,1,unbranded,
287,281,Tesco,Tesco Raspberry Trifles 405G (3X135g),fresh_food,,True,standard,405.0,g,3.0,Raspberry Trifles,raspberry trifles,2.0,4.9,own_brand,1,1,own_brand,
288,282,Morrisons,Brothers App Solutely Pear Fect Cider,drinks,Brothers,False,,500.0,ml,,App Solutely Pear Fect Cider,brothers app solutely pear fect cider,2.0,4.0,branded,1,1,branded,
289,283,ASDA,This Isn't Chicken Shawarma 170g,free-from,,False,,170.0,g,,This Isn't Chicken Shawarma,this isn t chicken shawarma,3.3,19.41,unbranded,1,1,unbranded,
290,284,ASDA,Branston Baked Beans with Sausages in Tomato Sauce,food_cupboard,Branston,False,,400.0,g,,Baked Beans with Sausages in Tomato Sauce,branston baked beans with sausages in tomato sauce,1.0,2.47,branded,1,1,branded,
291,285,Sains,Nissin Cup Noodles 5 Spices Beef Flavour Instant Ramen Style Pot 64g,food_cupboard,Nissin,False,,64.0,g,,Cup Noodles 5 Spices Beef Flavour Instant Ramen Style Pot,nissin cup noodles 5 spices beef flavor instant ramen style pot,1.9,29.69,branded,1,1,branded,
292,286,ASDA,Fage Strawberry Thick & Smooth Strained Yoghurt,fresh_food,Fage,False,,375.0,g,,Strawberry Thick and Smooth Strained Yoghurt,fage strawberry thick and smooth strained yogurt,1.75,4.6,branded,1,1,branded,
293,287,Sains,Sainsbury's Cheesy Bean Slices x2 300g,fresh_food,,True,standard,300.0,g,2.0,Cheesy Bean Slices,cheesy bean slices,2.0,6.6,own_brand,1,1,own_brand,
294,288,Sains,SO Organic Broccoli 500g,free-from,,False,dietary,500.0,g,,Broccoli,broccoli,2.0,4.0,unbranded,1,1,unbranded,
295,289,Tesco,Cadbury Mini Egg Choc Cakes 6 pack,bakery,Cadbury,False,,,,6.0,Mini Egg Choc Cakes,cadbury mini egg choc cakes,2.5,0.42,branded,1,1,branded,
296,290,ASDA,Lindahls Pro + Kvarg Banoffee Pie,fresh_food,Lindahls,False,,150.0,g,,Pro + Kvarg Banoffee Pie,lindahls pro kvarg banoffee pie,1.25,8.3,branded,1,1,branded,
297,291,Sains,Sainsbury's Free From Raspberry Butterfly Cakes 185g,free-from,,True,dietary,185.0,g,,Raspberry Butterfly Cakes,raspberry butterfly cakes,2.5,13.5,own_brand,1,1,own_brand,
298,292,Sains,"Sainsbury's Rice Pudding, Creamed 400g",food_cupboard,,True,standard,400.0,g,,"Rice Pudding, Creamed",rice pudding creamed,0.9,2.3,own_brand,1,1,own_brand,
299,293,ASDA,George Home Red Alphabet Glass Mug - G,drinks,,True,standard,,,,Red Alphabet Glass Mug - G,red alphabet glass mug g,2.5,2.5,own_brand,1,1,own_brand,
300,294,Sains,Sainsbury's Wholegrain Mustard 180g,food_cupboard,,True,standard,180.0,g,,Wholegrain Mustard,wholegrain mustard,0.59,3.3,own_brand,1,1,own_brand,
301,295,Tesco,Batchelors Cup A Soup Chicken & Leek 4 Pack 86G,food_cupboard,Batchelors,False,,86.0,g,4.0,Cup A Soup Chicken and Leek,batchelors cup a soup chicken and leek,1.49,17.3,branded,1,1,branded,
302,296,Tesco,Tesco Fire Pit 10 Sweet & Smoky Beef Kebabs 400G,fresh_food,,True,standard,400.0,g,,Fire Pit 10 Sweet and Smoky Beef Kebabs,fire pit 10 sweet and smoky beef kebabs,4.5,11.25,own_brand,1,1,own_brand,
303,297,Sains,Bacardi Mango Mojito Premix Rum Cocktail 25cl,drinks,Bacardi,False,,250.0,ml,,Mango Mojito Premix Rum Cocktail,bacardi mango mojito premix rum cocktail,1.8,7.2,branded,1,1,branded,
304,298,Sains,"Sainsbury's Strawberry & Clotted Cream Cake, Taste the Difference 490g",bakery,,True,premium,500.0,g,,Strawberry and Clotted Cream Cake,strawberry and clotted cream cake,5.0,10.2,own_brand,1,1,own_brand,
305,299,Sains,Sainsbury's Beef Burgers With Onion x8 454g,frozen,,True,standard,454.0,g,8.0,Beef Burgers With Onion,beef burgers with onion,2.64,5.81,own_brand,1,1,own_brand,
306,300,Sains,"Starbucks by Nescafe Dolce Gusto Madagascar Vanilla Macchiato Coffee Pods, 12 Pods Per Box",drinks,Starbucks,False,,130.0,g,12.0,"by Nescafe Dolce Gusto Madagascar Vanilla Macchiato Coffee Pods, Per Box",starbucks by nescafe dolce gusto madagascar vanilla macchiato coffee pods per box,4.4,33.3,branded,1,1,branded,
307,301,Tesco,All Shook Up Mixed Sharing Pack Cocktail Cans 10x250ml,drinks,,False,,2500.0,ml,10.0,All Shook Up Mixed Sharing Pack Cocktail Cans,all shook up mixed sharing pack cocktail cans,10.0,4.0,unbranded,1,1,unbranded,
308,303,ASDA,Muscle Moose The Dinky Protein Bar Chocolate Donut Flavour,food_cupboard,,False,,35.0,g,,Muscle Moose The Dinky Protein Bar Chocolate Donut Flavour,muscle moose the dinky protein bar chocolate donut flavor,1.0,28.6,unbranded,1,1,unbranded,
309,304,Tesco,Tesco Marmalade Oranges Pack 1Kg,fresh_food,,True,standard,1000.0,g,,Marmalade Oranges Pack,marmalade oranges pack,2.0,2.0,own_brand,1,1,own_brand,
310,305,Tesco,The Gym Kitchen Piri Piri Chicken 400G,fresh_food,,False,,400.0,g,,The Gym Kitchen Piri Piri Chicken,the gym kitchen piri piri chicken,4.0,10.0,unbranded,1,1,unbranded,
311,306,Morrisons,Dr. Oetker Dark Chocolate Bar,food_cupboard,Dr. Oetker,False,,100.0,g,,Dark Chocolate Bar,dr oetker dark chocolate bar,1.75,17.5,branded,1,1,branded,
312,307,Morrisons,Baskin Robbins Cool Mint Cookie Ice Cream,frozen,,False,,500.0,ml,,Baskin Robbins Cool Mint Cookie Ice Cream,baskin robbins cool mint cookie ice cream,4.5,9.0,unbranded,1,1,unbranded,
313,308,Morrisons,Illy Espresso Ground Coffee,food_cupboard,Illy,False,,250.0,g,,Espresso Ground Coffee,illy espresso ground coffee,7.25,29.0,branded,1,1,branded,
314,309,Tesco,Tesco Plant Chef 8 Meat Free Burgers 454G,frozen,,True,dietary,454.0,g,8.0,Meat Free Burgers,meat free burgers,2.25,4.96,own_brand,1,1,own_brand,
315,310,ASDA,Ben's Original Pilau Microwave Rice,food_cupboard,Ben's Original,False,,220.0,g,,Pilau Microwave Rice,ben s original pilau microwave rice,1.4,6.36,branded,1,1,branded,
316,311,ASDA,ASDA Extra Special 6 All-Butter Pastry Cases,food_cupboard,,True,premium,,,6.0,All-Butter Pastry Cases,all butter pastry cases,2.5,0.42,own_brand,1,1,own_brand,
317,312,Tesco,Brewdog Punk Ipa 4X330ml,drinks,Brewdog,False,,1320.0,ml,4.0,Punk Ipa,brewdog punk ipa,6.25,4.74,branded,1,1,branded,
318,313,Sains,Kahlua Coffee Liqueur 70cl,drinks,Kahlua,False,,700.0,ml,,Coffee Liqueur,kahlua coffee liqueur,16.5,23.57,branded,1,1,branded,
319,314,ASDA,The Lions Kingdom 2 Ostrich Sous-Vide Steaks 250g,frozen,,False,,250.0,g,,The Lions Kingdom 2 Ostrich Sous-Vide Steaks,the lions kingdom 2 ostrich sous vide steaks,4.5,18.0,unbranded,1,1,unbranded,
320,315,Sains,Sainsbury's Sweet & Smoky BBQ Chicken Breast Chunks 80g,fresh_food,,True,standard,80.0,g,,Sweet and Smoky BBQ Chicken Breast Chunks,sweet and smoky bbq chicken breast chunks,1.3,16.3,own_brand,1,1,own_brand,
321,316,Tesco,Tropical Sun Jamaican Scotch Bonnet Pepper Sauce 142ml,food_cupboard,,False,,142.0,ml,,Tropical Sun Jamaican Scotch Bonnet Pepper Sauce,tropical sun jamaican scotch bonnet pepper sauce,2.15,15.1,unbranded,1,1,unbranded,
322,317,Sains,Walkers Less Salt Mild Cheese & Onion Crisps 45g,food_cupboard,Walkers,False,,45.0,g,,Less Salt Mild Cheese and Onion Crisps,walkers less salt mild cheese and onion crisps,1.0,22.2,branded,1,1,branded,
323,318,Morrisons,Radacini Blanc De Noirs,drinks,,False,,750.0,ml,,Radacini Blanc De Noirs,radacini blanc de noirs,4.49,5.97,unbranded,1,1,unbranded,
324,319,ASDA,George Home Blue Bubble Hi-Ball Glass,drinks,,True,standard,,,,Blue Bubble Hi-Ball Glass,blue bubble hi ball glass,2.5,2.5,own_brand,1,1,own_brand,
325,320,Sains,KitKat Caramel Cookie Collision Incredible Giant Easter Egg 512.7g,free-from,Kitkat,False,,512.7,g,,Caramel Cookie Collision Incredible Giant Easter Egg,kitkat caramel cookie collision incredible giant easter egg,12.0,23.4,branded,1,1,branded,
326,321,ASDA,Jacob's Savours Thins Sour Cream & Chive Crackers 150g,food_cupboard,Jacob's,False,,150.0,g,,Savours Thins Sour Cream and Chive Crackers,jacob s savours thins sour cream and chive crackers,1.9,12.7,branded,1,1,branded,
327,322,ASDA,Chicago Town Tiger Crust Double Pepperoni Pizza,frozen,Chicago Town,True,,320.0,g,,Tiger Crust Double Pepperoni Pizza,chicago town tiger crust double pepperoni pizza,1.75,5.47,branded,1,1,branded,
328,323,Morrisons,Guylian The Original Seashells Chocolate Box,food_cupboard,,False,,375.0,g,,Guylian The Original Seashells Chocolate Box,guylian the original seashells chocolate box,4.0,10.7,unbranded,1,1,unbranded,
329,324,Morrisons,Morrisons Mixed Vegetables,frozen,,True,standard,1000.0,g,,Mixed Vegetables,mixed vegetables,0.99,0.99,own_brand,1,1,own_brand,
330,325,ASDA,Indus Garlic Powder,food_cupboard,Indus,False,,100.0,g,,Garlic Powder,indus garlic powder,0.99,10.0,branded,1,1,branded,
331,326,Morrisons,Flora Pure Sunflower Oil with Vitamin E,food_cupboard,Flora,False,,2000.0,ml,,Pure Sunflower Oil with Vitamin E,flora pure sunflower oil with vitamin e,4.25,2.1,branded,1,1,branded,
332,327,Tesco,Guylian Seashells Boxed Chocolates 250G,food_cupboard,,False,,250.0,g,,Guylian Seashells Boxed Chocolates,guylian seashells boxed chocolates,6.5,26.0,unbranded,1,1,unbranded,
333,328,ASDA,ASDA Ice Cream Choc Sticks,frozen,,True,standard,,,,Ice Cream Choc Sticks,ice cream choc sticks,1.7,0.17,own_brand,1,1,own_brand,
334,329,Sains,Mr Kipling Battenberg Cake 230g,bakery,Mr Kipling,False,,230.0,g,,Battenberg Cake,mr kipling battenberg cake,1.75,7.61,branded,1,1,branded,
335,330,Morrisons,Irwin's Together Cinnamon…,bakery,,False,,,,,Irwin's Together Cinnamon…,irwin s together cinnamon,1.79,1.79,unbranded,1,1,unbranded,
336,331,Morrisons,Morrisons Loose Pomegranate,fresh_food,,True,standard,,,,Loose Pomegranate,loose pomegranate,0.95,0.95,own_brand,1,1,own_brand,
337,332,Tesco,Blue Dragon Rich Hoisin Sauce 190Ml,food_cupboard,Blue Dragon,False,,190.0,ml,,Rich Hoisin Sauce,blue dragon rich hoisin sauce,1.9,10.0,branded,1,1,branded,
338,333,ASDA,Olly's Pretzels Thins Sour Cream & Onion Pretzel Thins,food_cupboard,,False,,140.0,g,,Olly's Pretzels Thins Sour Cream and Onion Pretzel Thins,olly s pretzels thins sour cream and onion pretzel thins,1.95,13.9,unbranded,1,1,unbranded,
339,334,ASDA,ASDA Grated Carrot,fresh_food,,True,standard,150.0,g,,Grated Carrot,grated carrot,0.45,3.0,own_brand,1,1,own_brand,
340,335,Morrisons,Lindt Milk Chocolate Mini Eggs Bag,food_cupboard,Lindt,False,,80.0,g,,Milk Chocolate Mini Eggs Bag,lindt milk chocolate mini eggs bag,1.0,12.5,branded,1,1,branded,
341,336,Tesco,Milo Instant Malt Chocolate Drinking Powder Tin Ghanaian 400g,food_cupboard,Milo,False,,400.0,g,,Instant Malt Chocolate Drinking Powder Tin Ghanaian,milo instant malt chocolate drinking powder tin ghanaian,5.75,14.4,branded,1,1,branded,
342,337,Sains,Sainsbury's Deli-Style Traditional Coleslaw 300g,fresh_food,,True,standard,300.0,g,,Deli-Style Traditional Coleslaw,deli style traditional coleslaw,1.1,3.7,own_brand,1,1,own_brand,
343,338,ASDA,Ginsters Chicken & Bacon Pasty,fresh_food,Ginsters,False,,180.0,g,,Chicken and Bacon Pasty,ginsters chicken and bacon pasty,1.95,10.8,branded,1,1,branded,
344,339,ASDA,George Home Smoked Cappuccino Mug,drinks,,True,standard,,,,Smoked Cappuccino Mug,smoked cappuccino mug,2.5,2.5,own_brand,1,1,own_brand,
345,340,Sains,Ssh! Indulgent Pot Au Choc Milkshake 250ml,fresh_food,,False,,250.0,ml,,Ssh! Indulgent Pot Au Choc Milkshake,ssh indulgent pot au choc milkshake,1.0,4.0,unbranded,1,1,unbranded,
346,341,Sains,Sainsbury's Double Chocolate Brownie Mini Bites 240g,bakery,,True,standard,240.0,g,,Double Chocolate Brownie Mini Bites,double chocolate brownie mini bites,3.0,12.5,own_brand,1,1,own_brand,
347,342,Sains,Twinings English Breakfast Loose Tea 125g,food_cupboard,Twinings,False,,125.0,g,,English Breakfast Loose Tea,twinings english breakfast loose tea,2.5,20.0,branded,1,1,branded,
348,343,Tesco,Tesco Vegetable Sushi Snack 55G,fresh_food,,True,standard,55.0,g,,Vegetable Sushi Snack,vegetable sushi snack,1.3,23.6,own_brand,1,1,own_brand,
349,344,ASDA,ASDA Organic Seasonal Cabbage (Colour and Variety may vary),fresh_food,,True,standard,,,,Seasonal Cabbage (Colour and Variety may vary),seasonal cabbage colour and variety may vary,1.3,1.3,own_brand,1,1,own_brand,
350,345,Sains,Sipsmith London Limited Edition Very Berry Gin 700ml,drinks,Sipsmith,False,,700.0,ml,,London Limited Edition Very Berry Gin,sipsmith london limited edition very berry gin,30.0,42.86,branded,1,1,branded,
351,346,ASDA,ASDA Cola 2 Litres,drinks,,True,standard,1750.0,ml,,Cola 2 Litres,cola 2 litres,0.7,0.4,own_brand,1,1,own_brand,
352,347,Sains,Ritter Sport Orange 100g,food_cupboard,Ritter Sport,False,,100.0,g,,Orange,ritter sport orange,1.25,12.5,branded,1,1,branded,
353,348,ASDA,Chicago Town Takeaway Stuffed Crust Magnificent Meat Feast Large Pizza,frozen,Chicago Town,False,,625.0,g,,Takeaway Stuffed Crust Magnificent Meat Feast Large Pizza,chicago town takeaway stuffed crust magnificent meat feast large pizza,3.0,4.69,branded,1,1,branded,
354,349,ASDA,Mazzetti Organic Balsamic Vinegar of Modena,food_cupboard,Mazzetti,False,,250.0,ml,,Balsamic Vinegar of Modena,mazzetti balsamic vinegar of modena,5.0,20.0,branded,1,1,branded,
355,351,Morrisons,Masons Dry Yorkshire Gin,drinks,,False,,700.0,ml,,Masons Dry Yorkshire Gin,masons dry yorkshire gin,23.0,32.85,unbranded,1,1,unbranded,
356,352,ASDA,George Home Green Simplicity 24cm Frying Pan,fresh_food,,True,standard,,,,Green Simplicity 24cm Frying Pan,green simplicity 24cm frying pan,10.0,10.0,own_brand,1,1,own_brand,
357,353,Morrisons,Kellogg's Chocolate Wheats,food_cupboard,Kellogg's,False,,475.0,g,,Chocolate Wheats,kellogg s chocolate wheats,2.15,4.5,branded,1,1,branded,
358,354,Tesco,Belvoir Cordial E/Flower Rose 500ml,drinks,Belvoir,False,,500.0,ml,,Cordial E/Flower Rose,belvoir cordial e flower rose,4.0,8.0,branded,1,1,branded,
359,355,Tesco,Beams The Whisky Collection 3 x 5cl Gift Set,drinks,,False,,150.0,ml,3.0,Beams The Whisky Collection Gift Set,beams the whisky collection gift set,8.0,53.33,unbranded,1,1,unbranded,
360,356,Morrisons,Yorkshire Tea 480 Bags,food_cupboard,Yorkshire Tea,False,,1500.0,g,480.0,,yorkshire tea,13.25,8.8,branded,1,1,branded,
361,357,Sains,"Sainsbury's Unsmoked Air Dried Wiltshire Cured Back Bacon Rashers, Taste the Difference x8 240g",fresh_food,,True,premium,240.0,g,,Unsmoked Air Dried Wiltshire Cured Back Bacon Rashers,unsmoked air dried wiltshire cured back bacon rashers,3.5,14.58,own_brand,1,1,own_brand,
362,359,Sains,Piper Heidsieck Brut NV Champagne 75cl,drinks,,False,,750.0,ml,,Piper Heidsieck Brut NV Champagne,piper heidsieck brut nv champagne,39.0,51.87,unbranded,1,1,unbranded,
363,360,Sains,Garner's Sweet Pickled Baby Onions 454g,food_cupboard,,False,,454.0,g,,Garner's Sweet Pickled Baby Onions,garner s sweet pickled baby onions,3.9,8.6,unbranded,1,1,unbranded,
364,361,Sains,Goong Instant Soup Gold Chicken 65g,food_cupboard,,False,,65.0,g,,Goong Instant Soup Gold Chicken,goong instant soup gold chicken,0.62,9.5,unbranded,1,1,unbranded,
365,362,Tesco,Tesco Scottish Rough Oatcakes 250G,food_cupboard,,True,standard,250.0,g,,Scottish Rough Oatcakes,scottish rough oatcakes,1.0,4.0,own_brand,1,1,own_brand,
366,363,Morrisons,Barefoot Pinot Grigio White Wine,drinks,Barefoot,False,,750.0,ml,,Pinot Grigio White Wine,barefoot pinot grigio white wine,8.0,10.64,branded,1,1,branded,
367,364,ASDA,Absolut Wild Berri Berry Flavoured Swedish Vodka,drinks,Absolut,False,,700.0,ml,,Wild Berri Berry Flavoured Swedish Vodka,absolut wild berri berry flavored swedish vodka,22.0,31.43,branded,1,1,branded,
368,365,Tesco,Tesco 2 Breaded Cod Fillets 300G,fresh_food,,True,standard,300.0,g,2.0,Breaded Cod Fillets,breaded cod fillets,3.25,10.83,own_brand,1,1,own_brand,
369,366,ASDA,George Green Easter Tumbler,fresh_food,,True,standard,,,,Green Easter Tumbler,green easter tumbler,1.0,1.0,own_brand,1,1,own_brand,
370,367,ASDA,Rowntree's Randoms Juicers Sweets Sharing Bag,food_cupboard,Rowntree's,False,,140.0,g,,Randoms Juicers Sweets Sharing Bag,rowntree s randoms juicers sweets sharing bag,1.5,10.7,branded,1,1,branded,
371,368,Tesco,Tesco Finest Belgian Dark Chocolate Brazil Nuts 225G,fresh_food,,True,premium,225.0,g,,Belgian Dark Chocolate Brazil Nuts,belgian dark chocolate brazil nuts,4.0,17.8,own_brand,1,1,own_brand,
372,369,Morrisons,Kershaw's The All Day Big Breakfast,frozen,,False,,400.0,g,,Kershaw's The All Day Big Breakfast,kershaw s the all day big breakfast,2.49,6.23,unbranded,1,1,unbranded,
373,370,ASDA,George Home Aqua Tracker Bottle,drinks,,True,standard,,,,Aqua Tracker Bottle,aqua tracker bottle,4.0,4.0,own_brand,1,1,own_brand,
374,371,Sains,Nestle KitKat Milk Chocolate Cereal 330g,food_cupboard,Nestle,False,,330.0,g,,KitKat Milk Chocolate Cereal,nestle kitkat milk chocolate cereal,3.5,10.6,branded,1,1,branded,
375,372,ASDA,JUST ESSENTIALS by ASDA White Potatoes 2kg,fresh_food,,True,value,2000.0,g,,White Potatoes,white potatoes,1.39,0.69,own_brand,1,1,own_brand,
376,373,Morrisons,Morrisons Strawberry Bon Bons,food_cupboard,,True,standard,200.0,g,,Strawberry Bon Bons,strawberry bon bons,1.35,6.8,own_brand,1,1,own_brand,
377,375,Morrisons,Jack Daniel's Gluten Free Original BBQ Sauce,free-from,Jack Daniel's,False,,550.0,g,,Original BBQ Sauce,jack daniel s original bbq sauce,4.25,7.7,branded,1,1,branded,
378,376,Tesco,Kabuto Noodles Chilli Chicken Ramen 65G,food_cupboard,Kabuto Noodles,False,,65.0,g,,Chilli Chicken Ramen,kabuto noodles chilli chicken ramen,1.65,25.38,branded,1,1,branded,
379,377,Tesco,Tesco Finest 10 Prawn Lollipops 170g,frozen,,True,premium,170.0,g,10.0,Prawn Lollipops,prawn lollipops,4.5,26.5,own_brand,1,1,own_brand,
380,378,Tesco,Birds Eye 4 Large Breaded Cod Fillets 440G,frozen,Birds Eye,False,,440.0,g,,4 Large Breaded Cod Fillets,birds eye 4 large breaded cod fillets,6.5,14.77,branded,1,1,branded,
381,379,ASDA,Knorr Beef Stock Cubes,food_cupboard,Knorr,False,,80.0,g,,Beef Stock Cubes,knorr beef stock cubes,1.9,23.8,branded,1,1,branded,
382,380,Sains,"Sainsbury's Beef Lasagne, Taste the Difference Ready Meal For 1 400g",fresh_food,,True,premium,400.0,g,,Beef Lasagne,beef lasagne,3.25,8.13,own_brand,1,1,own_brand,
383,381,ASDA,ASDA 8 Succulent Turkey Sausages,fresh_food,,True,standard,450.0,g,8.0,Succulent Turkey Sausages,succulent turkey sausages,2.75,6.06,own_brand,1,1,own_brand,
384,382,Sains,Arla Lactofree Cream 250ml,fresh_food,Arla,False,,250.0,ml,,Lactofree Cream,arla lactofree cream,1.6,6.4,branded,1,1,branded,
385,383,Sains,Oatly Oat Drink Light Chilled 1L,food_cupboard,Oatly,False,,1000.0,ml,,Oat Drink Light Chilled,oatly oat drink light chilled,2.1,2.1,branded,1,1,branded,
386,384,Sains,Stamford Street Co. Frozen Breaded British Chicken Nuggets 320g,frozen,,False,value,320.0,g,,Frozen Breaded British Chicken Nuggets,frozen breaded british chicken nuggets,1.0,3.13,unbranded,1,1,unbranded,
387,385,Tesco,Tesco Cheddar Cheese & Chive Dip 200G,fresh_food,,True,standard,200.0,g,,Cheddar Cheese and Chive Dip,cheddar cheese and chive dip,1.35,6.8,own_brand,1,1,own_brand,
388,386,Tesco,Gordon's Tropical Passionfruit Gin Bottle 37.5% Vol 70Cl,drinks,Gordon's,False,,700.0,ml,,Tropical Passionfruit Gin Bottle,gordon s tropical passionfruit gin bottle,18.5,26.43,branded,1,1,branded,
389,387,ASDA,Robinsons Apple & Blackcurrant Squash No Added Sugar,drinks,Robinsons,False,,1000.0,ml,,Apple and Blackcurrant Squash,robinsons apple and blackcurrant squash,1.85,1.8,branded,1,1,branded,
390,388,Morrisons,Muller Light Banana and Custard Fat Free Yogurt,fresh_food,Muller,False,,160.0,g,,Light Banana and Custard Yogurt,muller light banana and custard yogurt,0.9,5.6,branded,1,1,branded,
391,389,Tesco,Stella Artois Premium Alcohol Free Lager Beer 4X330ml,drinks,Stella Artois,False,,1320.0,ml,4.0,Premium Lager Beer,stella artois premium lager beer,3.5,2.65,branded,1,1,branded,
392,391,ASDA,Gordon Ramsay Intenso Rosso,drinks,,False,,750.0,ml,,Gordon Ramsay Intenso Rosso,gordon ramsay intenso rosso,8.75,116.64,unbranded,1,1,unbranded,
393,392,ASDA,Clipper Organic Everyday Tea 80 Tea bags,drinks,Clipper,False,,280.0,g,80.0,Everyday Tea,clipper everyday tea,3.0,10.5,branded,1,1,branded,
394,393,Tesco,Warburtons Milk Roll Sliced White Bread 400G,bakery,Warburtons,False,,400.0,g,,Milk Roll Sliced White Bread,warburtons milk roll sliced white bread,1.25,3.1,branded,1,1,branded,
395,394,Sains,SlimFast Ready to Drink Meal Replacement Shake Chocolate Flavour 6 meals 325ml,free-from,Slimfast,False,,325.0,ml,,Ready to Drink Meal Replacement Shake Chocolate Flavour 6 meals,slimfast ready to drink meal replacement shake chocolate flavor 6 meals,11.0,5.64,branded,1,1,branded,
396,395,Morrisons,Gressingham Duck Breast Fillets,fresh_food,Gressingham,False,,300.0,g,,Duck Breast Fillets,gressingham duck breast fillets,5.5,18.34,branded,1,1,branded,
397,396,Sains,Grenade Carb Killa Chocolate Chip Salted Caramel Bar 60g,food_cupboard,Grenade,False,,60.0,g,,Carb Killa Chocolate Chip Salted Caramel Bar,grenade carb killa chocolate chip salted caramel bar,2.0,33.3,branded,1,1,branded,
398,397,Morrisons,Disaronno Amaretto,drinks,Disaronno,False,,700.0,ml,,Amaretto,disaronno amaretto,20.5,29.29,branded,1,1,branded,
399,398,Morrisons,Red Leg Spiced Rum,drinks,,False,,700.0,ml,,Red Leg Spiced Rum,red leg spiced rum,23.0,32.86,unbranded,1,1,unbranded,
400,399,Tesco,Tesco Pitted Green Olives Reduce Salt 340G,food_cupboard,,True,standard,340.0,g,,Pitted Green Olives Reduce Salt,pitted green olives reduce salt,1.3,8.0,own_brand,1,1,own_brand,
401,400,Tesco,Tesco Prawn Layered Salad 300G,fresh_food,,True,standard,300.0,g,,Prawn Layered Salad,prawn layered salad,2.85,9.5,own_brand,1,1,own_brand,
402,401,Sains,"Sainsbury's Demi-sec Champagne, Non Vintage 75cl",drinks,,True,standard,750.0,ml,,"Demi-sec Champagne, Non Vintage",demi sec champagne non vintage,22.0,29.26,own_brand,1,1,own_brand,
403,402,Tesco,Tesco Flat Leaf Parsley Medium Pot,fresh_food,,True,standard,,,,Flat Leaf Parsley Medium Pot,flat leaf parsley medium pot,1.5,1.5,own_brand,1,1,own_brand,
404,403,Sains,Betty Crocker Chocolate Fudge Brownie Mix 415g,food_cupboard,Betty Crocker,False,,415.0,g,,Chocolate Fudge Brownie Mix,betty crocker chocolate fudge brownie mix,3.0,7.2,branded,1,1,branded,
405,404,ASDA,JUST ESSENTIALS by ASDA Pepperoni Pizza,fresh_food,,True,value,300.0,g,,Pepperoni Pizza,pepperoni pizza,1.25,4.28,own_brand,1,1,own_brand,
406,406,Tesco,Maggi Authentic Indian Masala Chilli Sauce 400g,food_cupboard,Maggi,False,,400.0,g,,Authentic Indian Masala Chilli Sauce,maggi authentic indian masala chilli sauce,2.25,5.6,branded,1,1,branded,
407,407,Tesco,Itsu Teriyaki Chick'n Vegan Gyoza 240G,frozen,Itsu,False,,240.0,g,,Teriyaki Chick'n Gyoza,itsu teriyaki chick n gyoza,4.25,17.71,branded,1,1,branded,
408,408,Morrisons,Ginsters Cheddar & Onion Slice,fresh_food,Ginsters,False,,170.0,g,,Cheddar and Onion Slice,ginsters cheddar and onion slice,1.99,11.7,branded,1,1,branded,
409,409,Tesco,Discover-In Hoisin Chicken Bao Bun Kit 414g,frozen,Discover-in,False,,414.0,g,,Hoisin Chicken Bao Bun Kit,discover in hoisin chicken bao bun kit,3.5,8.45,branded,1,1,branded,
410,410,ASDA,George Home Yellow Fast Boil Textured Kettle GTK101Y-21,drinks,,True,standard,,,,Yellow Fast Boil Textured Kettle GTK101Y-21,yellow fast boil textured kettle gtk101y 21,18.0,18.0,own_brand,1,1,own_brand,
411,411,Tesco,Tony's Chocolonely Littl' Bits Triple chocolate mix 100g,food_cupboard,,False,,100.0,g,,Tony's Chocolonely Littl' Bits Triple chocolate mix,tony s chocolonely littl bits triple chocolate mix,2.5,25.0,unbranded,1,1,unbranded,
412,412,Tesco,Sensations Crushed Sea Salt & Black Peppercorn Flavour Potato Crisps 150g,food_cupboard,Sensations,False,,150.0,g,,Crushed Sea Salt and Black Peppercorn Flavour Potato Crisps,sensations crushed sea salt and black peppercorn flavor potato crisps,1.5,10.0,branded,1,1,branded,
413,413,Morrisons,Market Street Salad Cress,fresh_food,,False,premium,,,,Salad Cress,salad cress,0.39,0.39,unbranded,1,1,unbranded,
414,414,Sains,Optibac Kids Strawberry Gummies x30,free-from,Optibac,False,,,,30.0,Kids Strawberry Gummies,optibac kids strawberry gummies,11.0,0.37,branded,1,1,branded,
415,415,Sains,Ben & Jerry's Sundae Ice Cream Tub Marshmallow & S'more 427ml,frozen,,False,,427.0,ml,,Ben and Jerry's Sundae Ice Cream Tub Marshmallow and S'more,ben and jerry s sundae ice cream tub marshmallow and s more,5.5,12.9,unbranded,1,1,unbranded,
416,416,Morrisons,Jaffa Cake Gin,drinks,,False,,700.0,ml,,Jaffa Cake Gin,jaffa cake gin,26.0,37.14,unbranded,1,1,unbranded,
417,417,ASDA,Patak's Plain Pappadums x 8,food_cupboard,Patak's,False,,64.1,g,8.0,Plain Pappadums,patak s plain pappadums,1.5,23.4,branded,1,1,branded,
418,418,Sains,Sainsbury's British Fresh Chicken Thigh Fillets In a Hot & Spicy Breadcrumb Coating 350g,fresh_food,,True,standard,350.0,g,,British Fresh Chicken Thigh Fillets In a Hot and Spicy Breadcrumb Coating,british fresh chicken thigh fillets in a hot and spicy breadcrumb coating,3.55,10.14,own_brand,1,1,own_brand,
419,419,Tesco,Ambrosia Light 30% Less Sugar & Fat Custard 500G,food_cupboard,Ambrosia,False,,500.0,g,,Light 30% Less Sugar and Fat Custard,ambrosia light 30 less sugar and fat custard,1.75,3.5,branded,1,1,branded,
420,420,ASDA,ASDA Cake White Paper Cases,food_cupboard,,True,standard,,,,Cake White Paper Cases,cake white paper cases,0.75,0.01,own_brand,1,1,own_brand,
421,421,Sains,Quorn Totally Vegan 10 Fishless Fingers 200g,free-from,Quorn,False,,200.0,g,,Totally 10 Fishless Fingers,quorn totally 10 fishless fingers,2.0,10.0,branded,1,1,branded,
422,422,Sains,Napolina Spaghetti 1kg,food_cupboard,Napolina,False,,1000.0,g,,Spaghetti,napolina spaghetti,2.5,2.5,branded,1,1,branded,
423,423,ASDA,Kenco Duo Cappuccino Instant Coffee,drinks,Kenco,False,,110.0,g,,Duo Cappuccino Instant Coffee,kenco duo cappuccino instant coffee,4.0,36.4,branded,1,1,branded,
424,424,Sains,La Famiglia Rana Filled Pan-Fry Gnocchi Spinach & Mozzarella 280g,fresh_food,,False,,280.0,g,,La Famiglia Rana Filled Pan-Fry Gnocchi Spinach and Mozzarella,la famiglia rana filled pan fry gnocchi spinach and mozzarella,3.0,10.71,unbranded,1,1,unbranded,
425,425,Sains,San Pellegrino Orange 330ml,drinks,San Pellegrino,False,,330.0,ml,,Orange,san pellegrino orange,1.25,3.8,branded,1,1,branded,
426,426,Morrisons,Velo Freeze 11mg Pouch,drinks,,False,,,,,Velo Freeze 11mg Pouch,velo freeze 11mg pouch,6.49,6.49,unbranded,1,1,unbranded,
427,427,Sains,Clipper Organic Nettle 20 Tea Bags 30g,food_cupboard,Clipper,False,,30.0,g,20.0,Nettle,clipper nettle,2.0,66.7,branded,1,1,branded,
428,428,Tesco,Cadbury Snack Shortcake Chocolate Biscuits 6 Pack Multipack 120g,food_cupboard,Cadbury,False,,120.0,g,6.0,Snack Shortcake Chocolate Biscuits Multipack,cadbury snack shortcake chocolate biscuits multipack,1.25,10.4,branded,1,1,branded,
429,429,ASDA,ASDA Pickled Beetroot,fresh_food,,True,standard,300.0,g,,Pickled Beetroot,pickled beetroot,0.95,3.17,own_brand,1,1,own_brand,
430,430,Sains,Journeys End Bluegum Merlot 75cl,drinks,,False,,750.0,ml,,Journeys End Bluegum Merlot,journeys end bluegum merlot,10.0,13.3,unbranded,1,1,unbranded,
431,431,Morrisons,Aspire Origin Bar 600 Blue & Raspberry 20mg,drinks,,False,,0.02,g,,Aspire Origin Bar 600 Blue and Raspberry,aspire origin bar 600 blue and raspberry,5.99,5.99,unbranded,1,1,unbranded,
432,432,ASDA,Organix KIDS Cool Choco Mint Mini Organic Flapjack Bites 4x,free-from,Organix,False,,90.0,g,,KIDS Cool Choco Mint Mini Flapjack Bites 4x,organix kids cool choco mint mini flapjack bites 4x,2.5,27.2,branded,1,1,branded,
433,433,Sains,Sainsbury's Cheese & Garlic Mushrooms 200g,fresh_food,,True,standard,200.0,g,,Cheese and Garlic Mushrooms,cheese and garlic mushrooms,2.1,10.5,own_brand,1,1,own_brand,
434,434,Morrisons,Ske Crystal Blue Sour Raspberry 20Mg,drinks,,False,,,,,Ske Crystal Blue Sour Raspberry 20Mg,ske crystal blue sour raspberry 20mg,5.99,5.99,unbranded,1,1,unbranded,
435,435,Morrisons,Dairylea Dunkers Nacho Cheese Snacks,fresh_food,Dairylea,False,,170.0,g,,Dunkers Nacho Cheese Snacks,dairylea dunkers nacho cheese snacks,1.75,10.17,branded,1,1,branded,
436,436,Morrisons,Warburtons 4 Large White Rolls,bakery,Warburtons,False,,360.0,g,,4 Large White Rolls,warburtons 4 large white rolls,1.8,4.9,branded,1,1,branded,
437,437,Tesco,Cocon Assorted Fruit Jelly Pudding 6 X 80G,food_cupboard,,False,,480.0,g,6.0,Cocon Assorted Fruit Jelly Pudding,cocon assorted fruit jelly pudding,1.9,4.0,unbranded,1,1,unbranded,
438,438,Sains,Sainsbury's Football Crazy Madeira Cake 750g,bakery,,True,standard,750.0,g,,Football Crazy Madeira Cake,football crazy madeira cake,10.0,13.33,own_brand,1,1,own_brand,
439,439,ASDA,ASDA Biere De Luxe 10 x 25cl,drinks,,True,standard,2500.0,ml,10.0,Biere De Luxe,biere de luxe,4.1,1.64,own_brand,1,1,own_brand,
440,440,ASDA,Butterkist Crunchy Toffee Popcorn,food_cupboard,,False,,170.0,g,,Butterkist Crunchy Toffee Popcorn,butterkist crunchy toffee popcorn,2.0,11.8,unbranded,1,1,unbranded,
441,441,Morrisons,Morrisons Cauliflower Florets,frozen,,True,standard,1000.0,g,,Cauliflower Florets,cauliflower florets,1.3,1.3,own_brand,1,1,own_brand,
442,442,ASDA,Disney 8 Encanto Paper Cups 200ml,fresh_food,,False,,200.0,ml,,Disney 8 Encanto Paper Cups,disney 8 encanto paper cups,1.25,0.16,unbranded,1,1,unbranded,
443,443,Sains,Sainsbury's Pink Food Colouring 60 Ml,food_cupboard,,True,standard,60.0,ml,,Pink Food Colouring,pink food colouring,1.5,25.0,own_brand,1,1,own_brand,
444,444,Tesco,Tesco Mackerel Fillets Sunflower Oil 125G,food_cupboard,,True,standard,125.0,g,,Mackerel Fillets Sunflower Oil,mackerel fillets sunflower oil,0.95,10.8,own_brand,1,1,own_brand,
445,445,Tesco,TESCO FINEST BEEF DRIPPING GRAVY 500G,fresh_food,,True,premium,500.0,g,,BEEF DRIPPING GRAVY,beef dripping gravy,2.75,5.5,own_brand,1,1,own_brand,
446,446,Tesco,Tesco Ready To Eat Prunes 500G,food_cupboard,,True,standard,500.0,g,,Prunes,prunes,3.85,7.7,own_brand,1,1,own_brand,
447,447,ASDA,Ben & Jerry's Caramel Brownie Party Ice Cream,food_cupboard,,False,,473.0,ml,,Ben and Jerry's Caramel Brownie Party Ice Cream,ben and jerry s caramel brownie party ice cream,5.15,11.1,unbranded,1,1,unbranded,
448,448,Sains,Piccolo Organic Cooking Baby Pasta Mini Penne 10+ Months 200g,free-from,Piccolo,False,,200.0,g,,Cooking Baby Pasta Mini Penne 10+ Months,piccolo cooking baby pasta mini penne 10 months,1.75,8.8,branded,1,1,branded,
449,449,ASDA,Cake Decor Rich Chocolate Frosting 400g,food_cupboard,,False,,400.0,g,,Cake Decor Rich Chocolate Frosting,cake decor rich chocolate frosting,2.05,5.1,unbranded,1,1,unbranded,
450,450,Sains,Whitworths Whole Cranberries 130g,food_cupboard,Whitworths,False,,130.0,g,,Whole Cranberries,whitworths whole cranberries,1.6,12.3,branded,1,1,branded,
451,451,ASDA,Young's Gastro Cod Spinach Cheese & Potato Gratin,fresh_food,Young's,False,,350.0,g,,Gastro Cod Spinach Cheese and Potato Gratin,young s gastro cod spinach cheese and potato gratin,3.0,8.33,branded,1,1,branded,
452,452,Tesco,Extra Peppermint Sugarfree Chewing Gum Bottle 60 Pieces,food_cupboard,,False,,84.1,g,60.0,Extra Peppermint Sugarfree Chewing Gum Bottle,extra peppermint sugarfree chewing gum bottle,2.75,32.7,unbranded,1,1,unbranded,
453,453,Sains,Belvita Breakfast Biscuits Soft Bakes Choc Chips Multipack 250g,food_cupboard,Belvita,False,,250.0,g,250.0,Breakfast Biscuits Soft Bakes Choc Chips g,belvita breakfast biscuits soft bakes choc chips g,1.5,6.0,branded,1,1,branded,
454,454,ASDA,Kellogg's Krave Chocolate Hazelnut Stix,food_cupboard,Kellogg's,False,,100.0,g,,Krave Chocolate Hazelnut Stix,kellogg s krave chocolate hazelnut stix,1.5,14.6,branded,1,1,branded,
455,455,ASDA,Schweppes Slimline Bitter Lemon,drinks,Schweppes,False,,1000.0,ml,,Slimline Bitter Lemon,schweppes slimline bitter lemon,1.75,1.7,branded,1,1,branded,
456,456,Tesco,Finest Strawberries 227G,fresh_food,,False,,227.0,g,,Finest Strawberries,finest strawberries,2.75,12.12,unbranded,1,1,unbranded,
457,457,ASDA,The BAKERY at ASDA Sid the Sausage Dog Cake,bakery,,True,standard,,,,Sid the Sausage Dog Cake,sid the sausage dog cake,14.0,14.0,own_brand,1,1,own_brand,
458,458,Morrisons,The Famous Grouse Blended Scotch Whisky,drinks,,False,,355.0,ml,,The Famous Grouse Blended Scotch Whisky,the famous grouse blended scotch whisky,10.0,28.57,unbranded,1,1,unbranded,
459,459,Sains,Sainsbury's British Extra Lean Diced Pork Leg 425g,fresh_food,,True,standard,425.0,g,,British Extra Lean Diced Pork Leg,british extra lean diced pork leg,3.5,8.24,own_brand,1,1,own_brand,
460,460,Sains,"Sainsbury's Chicken Stock, Inspired to Cook 450g (Serves 4)",fresh_food,,True,dietary,450.0,g,,Chicken Stock,chicken stock,2.25,5.0,own_brand,1,1,own_brand,
461,461,Morrisons,Kingfisher Coconut Milk Light,food_cupboard,,False,,200.0,ml,,Kingfisher Coconut Milk Light,kingfisher coconut milk light,1.19,5.9,unbranded,1,1,unbranded,
462,462,Morrisons,Ryvita Thins Rosemary & Sea S…,food_cupboard,Ryvita,False,,125.0,g,,Thins Rosemary and Sea S…,ryvita thins rosemary and sea s,2.2,17.6,branded,1,1,branded,
463,463,Sains,"Sainsbury's Unsmoked Dry Cured British Bacon Medallions, Taste the Difference x8 160g",fresh_food,,True,premium,160.0,g,,Unsmoked Dry Cured British Bacon Medallions,unsmoked dry cured british bacon medallions,3.5,21.88,own_brand,1,1,own_brand,
464,464,Sains,Heinz Tomato Ketchup 50% Less Sugar 435g,free-from,Heinz,False,,435.0,g,,Tomato Ketchup 50% Less Sugar,heinz tomato ketchup 50 less sugar,2.5,5.7,branded,1,1,branded,
465,465,Morrisons,Innocent Plus Bolt From The Blue Guav…,fresh_food,Innocent,False,,750.0,ml,,Plus Bolt From The Blue Guav…,innocent plus bolt from the blue guav,3.8,5.1,branded,1,1,branded,
466,466,Tesco,Louis Latour Bourgogne Gamay 75Cl,drinks,,False,,750.0,ml,,Louis Latour Bourgogne Gamay,louis latour bourgogne gamay,16.0,21.28,unbranded,1,1,unbranded,
467,467,Morrisons,McVitie's Iced Gems Chocola…,food_cupboard,Mcvitie's,False,,94.7,g,,Iced Gems Chocola…,mcvitie s iced gems chocola,1.25,13.2,branded,1,1,branded,
468,468,Tesco,Tesco Sliced Carrots In Water 300G,food_cupboard,,True,standard,300.0,g,,Sliced Carrots In Water,sliced carrots in water,0.5,3.12,own_brand,1,1,own_brand,
469,469,Tesco,Tesco Raspberry Trifle 600G,fresh_food,,True,standard,600.0,g,,Raspberry Trifle,raspberry trifle,3.0,5.0,own_brand,1,1,own_brand,
470,470,ASDA,Peperami Firestick 5 x 20g (100g),fresh_food,Peperami,False,,100.0,g,5.0,Firestick,peperami firestick,2.0,20.0,branded,1,1,branded,
471,471,Tesco,Tesco Finest Moroccan Inspired Lamb Kebabs 460G,fresh_food,,True,premium,460.0,g,,Moroccan Inspired Lamb Kebabs,moroccan inspired lamb kebabs,5.4,11.74,own_brand,1,1,own_brand,
472,472,ASDA,ASDA Sweet Pickled Silverskin Onions,food_cupboard,,True,standard,400.0,g,,Sweet Pickled Silverskin Onions,sweet pickled silverskin onions,1.6,3.9,own_brand,1,1,own_brand,
473,473,ASDA,ASDA Extra Special Bolognese Sauce,food_cupboard,,True,premium,340.0,g,,Bolognese Sauce,bolognese sauce,1.85,5.4,own_brand,1,1,own_brand,
474,475,Sains,Starbucks Doubleshot Espresso No Added Sugar Iced Coffee Drink 4 x 200ml,drinks,Starbucks,False,,800.0,ml,4.0,Doubleshot Espresso Iced Coffee Drink,starbucks doubleshot espresso iced coffee drink,7.35,9.2,branded,1,1,branded,
475,476,Morrisons,The Vegetarian Butcher Vegan Chic…,fresh_food,,False,,160.0,g,,The Butcher Chic…,the butcher chic,3.15,19.69,unbranded,1,1,unbranded,
476,477,ASDA,ASDA Extra Special Aberdeen Angus Ribeye Steak 30 Day Matured,fresh_food,,True,premium,225.0,g,,Aberdeen Angus Ribeye Steak 30 Day Matured,aberdeen angus ribeye steak 30 day matured,5.8,25.55,own_brand,1,1,own_brand,
477,478,Tesco,Tesco Angel Layer Cake,bakery,,True,standard,,,,Angel Layer Cake,angel layer cake,1.7,1.7,own_brand,1,1,own_brand,
478,479,Tesco,Maldon Sea Salt 250G,food_cupboard,Maldon,False,,250.0,g,,Sea Salt,maldon sea salt,2.7,10.8,branded,1,1,branded,
479,480,Tesco,Tesco Dark Chocolate Bar 200G,food_cupboard,,True,standard,200.0,g,,Dark Chocolate Bar,dark chocolate bar,1.3,6.5,own_brand,1,1,own_brand,
480,481,Tesco,Kohinoor Mumbai Kolhapuri Masala Cooking Sauce 375G,food_cupboard,Kohinoor,False,,375.0,g,,Mumbai Kolhapuri Masala Cooking Sauce,kohinoor mumbai kolhapuri masala cooking sauce,1.5,4.0,branded,1,1,branded,
481,482,Morrisons,Batchelors Cup A Soup Hot & Sour 4 Pack,food_cupboard,Batchelors,False,,90.0,g,4.0,Cup A Soup Hot and Sour,batchelors cup a soup hot and sour,1.6,17.4,branded,1,1,branded,
482,483,Tesco,Tesco Banana Flavoured Milk 1L,fresh_food,,True,standard,1000.0,ml,,Banana Flavoured Milk,banana flavored milk,1.0,1.0,own_brand,1,1,own_brand,
483,484,Sains,Lowicz Cascaval Cheese 300g,food_cupboard,,False,,300.0,g,,Lowicz Cascaval Cheese,lowicz cascaval cheese,2.95,9.83,unbranded,1,1,unbranded,
484,485,ASDA,LU Le Petit Biscotte Crunchy Cinnamon and Brown Sugar Biscuits,food_cupboard,,False,,200.0,g,,LU Le Petit Biscotte Crunchy Cinnamon and Brown Sugar Biscuits,lu le petit biscotte crunchy cinnamon and brown sugar biscuits,1.25,6.2,unbranded,1,1,unbranded,
485,486,Morrisons,Bonne Maman Caramelised Apple Spread,food_cupboard,Bonne Maman,False,,270.0,g,,Caramelised Apple Spread,bonne maman caramelised apple spread,2.0,7.3,branded,1,1,branded,
486,487,Tesco,TESCO FINEST PORK LIVER PATE WITH PEAR GLAZE 110G,fresh_food,,True,premium,110.0,g,,PORK LIVER PATE WITH PEAR GLAZE,pork liver pate with pear glaze,6.0,54.54,own_brand,1,1,own_brand,
487,488,Sains,Unearthed Spanish Potato Omelette 500g,free-from,Unearthed,False,,500.0,g,,Spanish Potato Omelette,unearthed spanish potato omelette,3.75,7.5,branded,1,1,branded,
488,489,Sains,Dada Art 391 Malbec 75cl,drinks,,False,,750.0,ml,,Dada Art 391 Malbec,dada art 391 malbec,7.5,9.98,unbranded,1,1,unbranded,
489,490,Morrisons,Morrisons Tapas Cheddar And Chorizo Rollitos,fresh_food,,True,standard,80.0,g,,Tapas Cheddar And Chorizo Rollitos,tapas cheddar and chorizo rollitos,3.0,37.5,own_brand,1,1,own_brand,
490,491,Morrisons,Taylors Hot Lava Java Coffee Beans,food_cupboard,Taylors,False,,200.0,g,,Hot Lava Java Coffee Beans,taylors hot lava java coffee beans,4.49,22.5,branded,1,1,branded,
491,492,ASDA,Lavazza Decaffeinated Coffee Beans,drinks,Lavazza,False,,500.0,g,,Decaffeinated Coffee Beans,lavazza decaff coffee beans,8.3,16.6,branded,1,1,branded,
492,493,Tesco,Snacksters Big Stack Burger 204G,frozen,,False,,204.0,g,,Snacksters Big Stack Burger,snacksters big stack burger,1.5,7.36,unbranded,1,1,unbranded,
493,494,ASDA,Widdop 70 Flute,fresh_food,,False,,,,,Widdop 70 Flute,widdop 70 flute,3.0,3.0,unbranded,1,1,unbranded,
494,495,Tesco,Schwartz Chicken & Leek Bake Recipe Mix 35g,food_cupboard,Schwartz,False,,35.0,g,,Chicken and Leek Bake Recipe Mix,schwartz chicken and leek bake recipe mix,0.65,18.5,branded,1,1,branded,
495,496,Morrisons,Haribo Sour Sparks Vegeta…,food_cupboard,Haribo,False,,175.0,g,,Sour Sparks Vegeta…,haribo sour sparks vegeta,1.25,7.1,branded,1,1,branded,
496,497,Sains,Toki Suntory Whisky Blended Japanese Whisky 70cl,drinks,,False,,700.0,ml,,Toki Suntory Whisky Blended Japanese Whisky,toki suntory whisky blended japanese whisky,36.5,52.14,unbranded,1,1,unbranded,
497,498,Morrisons,Quorn Sausages,frozen,Quorn,False,,500.0,g,,Sausages,quorn sausages,2.95,5.85,branded,1,1,branded,
498,499,Sains,Jam Shed Shiraz 18.7cl,drinks,Jam Shed,False,,187.0,ml,,Shiraz,jam shed shiraz,2.25,12.01,branded,1,1,branded,
499,500,ASDA,Werthers Original Creamy Filling Sweets,food_cupboard,Werthers,False,,125.0,g,,Original Creamy Filling Sweets,werthers original creamy filling sweets,1.5,12.0,branded,1,1,branded,
500,501,Tesco,Nestlé Shreddies Original Cereal 630g,food_cupboard,,False,,630.0,g,,Nestlé Shreddies Original Cereal,nestle shreddies original cereal,3.5,5.6,unbranded,1,1,unbranded,
501,502,Sains,"Sainsbury's Spiced Butternut & Whipped Feta Wrap, Taste the Difference",fresh_food,,True,premium,,,,Spiced Butternut and Whipped Feta Wrap,spiced butternut and whipped feta wrap,4.0,4.0,own_brand,1,1,own_brand,
502,503,Sains,Heinz Chicken & Leek Chunky Big Soup 400g,food_cupboard,Heinz,False,,400.0,g,,Chicken and Leek Chunky Big Soup,heinz chicken and leek chunky big soup,1.35,3.4,branded,1,1,branded,
503,504,Sains,Sainsbury's Hot & Spicy Pickled Onions in Malt Vinegar 440g (220g*),food_cupboard,,True,standard,440.0,g,,Hot and Spicy Pickled Onions in Malt Vinegar,hot and spicy pickled onions in malt vinegar,1.5,3.4,own_brand,1,1,own_brand,
504,505,ASDA,ASDA Crisp & Tender Rainbow Chard,fresh_food,,True,standard,200.0,g,,Crisp and Tender Rainbow Chard,crisp and tender rainbow chard,1.6,8.0,own_brand,1,1,own_brand,
505,506,ASDA,The BAKERY at ASDA Strawberry Popdot 5pk,bakery,,True,standard,,,5.0,Strawberry Popdot,strawberry popdot,1.5,0.3,own_brand,1,1,own_brand,
506,507,Tesco,Pilgrims Choice Mature Cheddar Cheese 550 G,fresh_food,Pilgrims Choice,False,,550.0,g,,Mature Cheddar Cheese,pilgrims choice mature cheddar cheese,3.75,6.82,branded,1,1,branded,
507,508,Sains,Lindt Classic Recipe Crispy Milk Chocolate Bar 125g,food_cupboard,Lindt,False,,125.0,g,,Classic Recipe Crispy Milk Chocolate Bar,lindt classic recipe crispy milk chocolate bar,1.35,10.8,branded,1,1,branded,
508,509,ASDA,Simply Cook Cajun Jambalaya Recipe Kit 60g,food_cupboard,Simply Cook,False,,60.0,g,,Cajun Jambalaya Recipe Kit,simply cook cajun jambalaya recipe kit,1.5,25.0,branded,1,1,branded,
509,510,Sains,Wholecreations Dairy & Gluten Free Garlic Bread Baguette 190g,food_cupboard,,False,,190.0,g,,Wholecreations Dairy and Garlic Bread Baguette,wholecreations dairy and garlic bread baguette,2.0,10.53,unbranded,1,1,unbranded,
510,511,Sains,Galbani Mozzarella Cheese Maxi Bag 250g,fresh_food,Galbani,False,,250.0,g,,Mozzarella Cheese Maxi Bag,galbani mozzarella cheese maxi bag,2.25,9.0,branded,1,1,branded,
511,512,Morrisons,Heinz Mulligatawny Soup,food_cupboard,Heinz,False,,400.0,g,,Mulligatawny Soup,heinz mulligatawny soup,1.7,4.2,branded,1,1,branded,
512,513,Tesco,Kohinoor Dal Tarka 300G,food_cupboard,Kohinoor,False,,300.0,g,,Dal Tarka,kohinoor dal tarka,1.5,5.0,branded,1,1,branded,
513,514,Tesco,Tesco Oriental Style Takeaway with Vegetable Spring Roll 500g,frozen,,True,standard,500.0,g,,Oriental Style Takeaway with Vegetable Spring Roll,oriental style takeaway with vegetable spring roll,2.0,4.0,own_brand,1,1,own_brand,
514,515,ASDA,John Smith's 18 Extra Smooth Cans 440ml,drinks,John Smith's,False,,440.0,ml,,18 Extra Smooth Cans,john smith s 18 extra smooth cans,15.0,1.89,branded,1,1,branded,
515,516,ASDA,The Mocktail Company Pino Colada 275ml,drinks,,False,,275.0,ml,,The Mocktail Company Pino Colada,the mocktail company pino colada,1.35,4.9,unbranded,1,1,unbranded,
516,518,Sains,"Sainsbury's Slow Cooked Smoky Gammon Shanks with A Blossom Honey & Wholegrain Mustard Glaze, Taste The Difference x2 515g",fresh_food,,True,premium,510.0,g,,Slow Cooked Smoky Gammon Shanks with A Blossom Honey and Wholegrain Mustard Glaze,slow cooked smoky gammon shanks with a blossom honey and wholegrain mustard glaze,6.5,12.62,own_brand,1,1,own_brand,
517,519,ASDA,Penn State Baked Pretzels Roasted Chilli Flavour,food_cupboard,,False,,164.8,g,,Penn State Baked Pretzels Roasted Chilli Flavour,penn state baked pretzels roasted chilli flavor,1.5,9.1,unbranded,1,1,unbranded,
518,520,ASDA,ASDA 8 x 35ml Assorted Milk Lollies,frozen,,True,standard,280.0,ml,8.0,Assorted Milk Lollies,assorted milk lollies,1.4,5.0,own_brand,1,1,own_brand,
519,521,Sains,Rubicon Sparkling Passionfruit Juice Soft Drink 6x330ml,food_cupboard,Rubicon,False,,1980.0,ml,6.0,Sparkling Passionfruit Juice Soft Drink,rubicon sparkling passionfruit juice soft drink,3.7,1.9,branded,1,1,branded,
520,522,Sains,Heinz Cream of Chicken Soup 400g,food_cupboard,Heinz,False,,400.0,g,,Cream of Chicken Soup,heinz cream of chicken soup,1.2,3.0,branded,1,1,branded,
521,523,Morrisons,Morrisons Flower Modelling Paste,food_cupboard,,True,standard,25.0,g,,Flower Modelling Paste,flower modelling paste,2.5,100.0,own_brand,1,1,own_brand,
522,524,ASDA,Kellogg's Crunchy Nut Bites Honey & Nut,food_cupboard,Kellogg's,False,,375.0,g,,Crunchy Nut Bites Honey and Nut,kellogg s crunchy nut bites honey and nut,2.99,8.0,branded,1,1,branded,
523,525,Sains,Sainsbury's Deli-Style Coleslaw 300g,fresh_food,,True,standard,300.0,g,,Deli-Style Coleslaw,deli style coleslaw,1.1,3.7,own_brand,1,1,own_brand,
524,526,Tesco,Blue Dragon Sushi Rice 500g,food_cupboard,Blue Dragon,False,,500.0,g,,Sushi Rice,blue dragon sushi rice,1.75,3.5,branded,1,1,branded,
525,527,Morrisons,Tassimo L'OR Americano Classique Coffee Pods x14,food_cupboard,Tassimo,False,,116.3,g,14.0,L'OR Americano Classique Coffee Pods,tassimo l or americano classique coffee pods,4.99,42.9,branded,1,1,branded,
526,528,Sains,Sainsbury's On the Go Greek Style Yogurt with Mixed Berry Compote & Crispy Granola 210g,fresh_food,,True,standard,210.0,g,,On the Go Greek Style Yogurt with Mixed Berry Compote and Crispy Granola,on the go greek style yogurt with mixed berry compote and crispy granola,1.75,8.3,own_brand,1,1,own_brand,
527,529,Tesco,Ginsters Original Cornish Pasty 227G,fresh_food,Ginsters,False,,227.0,g,,Original Cornish Pasty,ginsters original cornish pasty,1.25,5.5,branded,1,1,branded,
528,530,Morrisons,Morrisons The Best Chunky Chips,frozen,,True,premium,1500.0,g,,Chunky Chips,chunky chips,3.99,2.66,own_brand,1,1,own_brand,
529,531,Morrisons,McVitie's Mini BN Strawberry Flavour,food_cupboard,Mcvitie's,False,,125.0,g,,Mini BN Strawberry Flavour,mcvitie s mini bn strawberry flavor,1.1,8.8,branded,1,1,branded,
530,532,Tesco,Bisto Reduced Salt Gravy Granules 450g,food_cupboard,Bisto,False,,450.0,g,,Reduced Salt Gravy Granules,bisto reduced salt gravy granules,4.5,10.0,branded,1,1,branded,
531,533,Morrisons,Pizza Express Dough Ready to Roll,fresh_food,Pizza Express,False,,400.0,g,,Dough Ready to Roll,pizza express dough ready to roll,2.4,6.0,branded,1,1,branded,
532,534,ASDA,Silver Spoon Demerara Sugar 1kg,drinks,Silver Spoon,False,,1000.0,g,,Demerara Sugar,silver spoon demerara sugar,2.0,2.0,branded,1,1,branded,
533,535,Morrisons,Warburtons Multi Seeded Artisan Bread,bakery,Warburtons,False,,530.0,g,,Multi Seeded Artisan Bread,warburtons multi seeded artisan bread,2.5,4.6,branded,1,1,branded,
534,536,Sains,Fruit Shoot Orange Kids Juice Drink 24x200ml,drinks,Fruit Shoot,False,,4800.0,ml,24.0,Orange Kids Juice Drink,fruit shoot orange kids juice drink,6.75,1.4,branded,1,1,branded,
535,537,Tesco,Tesco Cauliflower Cheese 350G,fresh_food,,True,standard,350.0,g,,Cauliflower Cheese,cauliflower cheese,2.0,5.71,own_brand,1,1,own_brand,
536,538,Tesco,Tesco 30 Bitesize Pork Cocktail Sausages 255G,fresh_food,,True,standard,255.0,g,30.0,Bitesize Pork Cocktail Sausages,bitesize pork cocktail sausages,2.2,8.6,own_brand,1,1,own_brand,
537,539,Tesco,Dr Witt Multivitamins Metabolism Drink 1 Litre,food_cupboard,,False,,1000.0,ml,,Dr Witt Multivitamins Metabolism Drink,dr witt multivitamins metabolism drink,1.75,1.8,unbranded,1,1,unbranded,
538,540,ASDA,George Home White Pie Dish - Set of 3,food_cupboard,,True,standard,,,,White Pie Dish - Set of 3,white pie dish set of 3,11.5,11.5,own_brand,1,1,own_brand,
539,541,ASDA,Lugana Italian Wine,drinks,,False,,750.0,ml,,Lugana Italian Wine,lugana italian wine,10.0,133.3,unbranded,1,1,unbranded,
540,542,ASDA,Disney Disney Pride Mug,drinks,,False,,,,,Disney Disney Pride Mug,disney disney pride mug,3.0,3.0,unbranded,1,1,unbranded,
541,543,Sains,"Sainsbury's Spicy Chicken & Puttanesca Pasta Salad, Taste the Difference",fresh_food,,True,premium,320.0,g,,Spicy Chicken and Puttanesca Pasta Salad,spicy chicken and puttanesca pasta salad,4.5,14.2,own_brand,1,1,own_brand,
542,544,Tesco,Tesco Butter Basted Frozen Turkey Breast Joint 780G,frozen,,True,standard,780.0,g,,Butter Basted Frozen Turkey Breast Joint,butter basted frozen turkey breast joint,7.3,9.36,own_brand,1,1,own_brand,
543,545,ASDA,Fray Bentos Minced Beef & Onion,food_cupboard,Fray Bentos,False,,425.0,g,,Minced Beef and Onion,fray bentos minced beef and onion,3.0,7.1,branded,1,1,branded,
544,546,Sains,Mr Brain's Pork Faggots x6 656g,frozen,,False,,656.0,g,6.0,Mr Brain's Pork Faggots,mr brain s pork faggots,1.6,2.44,unbranded,1,1,unbranded,
545,547,ASDA,Black Tower Club Edition Pinot Noir Rosé Wine,drinks,Black Tower,False,,750.0,ml,,Club Edition Pinot Noir Rosé Wine,black tower club edition pinot noir rose wine,7.0,93.31,branded,1,1,branded,
546,548,Sains,Sainsbury's Baby Cucumbers 200g,fresh_food,,True,standard,200.0,g,,Baby Cucumbers,baby cucumbers,0.95,4.75,own_brand,1,1,own_brand,
547,549,Morrisons,Kopparberg Winter Punch,drinks,Kopparberg,False,,1319.3,ml,,Winter Punch,kopparberg winter punch,5.0,3.79,branded,1,1,branded,
548,550,Morrisons,Whitworths Bake Chopped Apricots,food_cupboard,Whitworths,False,,140.0,g,,Bake Chopped Apricots,whitworths bake chopped apricots,2.0,14.3,branded,1,1,branded,
549,551,Sains,Sainsbury's Shorties 300g,food_cupboard,,True,standard,300.0,g,,Shorties,shorties,0.95,3.2,own_brand,1,1,own_brand,
550,552,Morrisons,Jim Barry Wines Single Vineyard Watervale Shiraz,drinks,,False,,750.0,ml,,Jim Barry Wines Single Vineyard Watervale Shiraz,jim barry wines single vineyard watervale shiraz,21.0,27.93,unbranded,1,1,unbranded,
551,553,Morrisons,Morrisons Bloom Bouquet,fresh_food,,True,standard,,,,Bloom Bouquet,bloom bouquet,11.0,11.0,own_brand,1,1,own_brand,
552,554,Tesco,Tesco Sausage And Mash 400G,frozen,,True,standard,400.0,g,,Sausage And Mash,sausage and mash,1.5,3.75,own_brand,1,1,own_brand,
553,555,Sains,Guinness Alcohol Free 0.0% Stout Beer Cans 4x440ml,drinks,Guinness,False,,1760.0,ml,4.0,0.0% Stout Beer Cans,guinness 0 0 stout beer cans,5.0,2.84,branded,1,1,branded,
554,556,Morrisons,Giesen Estate Sauvignon Blanc Wine,drinks,Giesen,False,,750.0,ml,,Estate Sauvignon Blanc Wine,giesen estate sauvignon blanc wine,7.0,9.31,branded,1,1,branded,
555,557,ASDA,Light & Free Sticky Toffee Flavour Greek Style 0% Added Sugar Fat Free Yoghurt,fresh_food,,False,,450.0,g,,Light and Free Sticky Toffee Flavour Greek Style 0% Added Sugar Yoghurt,light and free sticky toffee flavor greek style 0 added sugar yogurt,1.5,3.3,unbranded,1,1,unbranded,
556,558,ASDA,ASDA Skip Jack Tuna Chunks in Spring Water 3 x 80g,drinks,,True,standard,240.0,g,3.0,Skip Jack Tuna Chunks in Spring Water,skip jack tuna chunks in spring water,2.0,11.9,own_brand,1,1,own_brand,
557,559,Tesco,Tesco Garlic & Herb Pork Loin Kievs 412G,fresh_food,,True,standard,412.0,g,,Garlic and Herb Pork Loin Kievs,garlic and herb pork loin kievs,3.5,8.49,own_brand,1,1,own_brand,
558,560,Sains,Sainsbury's Tomato Ketchup Sauce 970g,food_cupboard,,True,standard,970.0,g,,Tomato Ketchup Sauce,tomato ketchup sauce,1.45,1.5,own_brand,1,1,own_brand,
559,561,ASDA,Ambrosia Belgian Chocolate Mousse Pots,food_cupboard,Ambrosia,False,,120.0,g,,Belgian Chocolate Mousse Pots,ambrosia belgian chocolate mousse pots,1.6,13.3,branded,1,1,branded,
560,562,Sains,Sainsbury's Dry Roasted Peanuts 550g,food_cupboard,,True,standard,550.0,g,,Dry Roasted Peanuts,dry roasted peanuts,2.3,4.2,own_brand,1,1,own_brand,
561,563,Morrisons,Morrisons Seabass Fillets,frozen,,True,standard,175.0,g,,Seabass Fillets,seabass fillets,4.25,23.61,own_brand,1,1,own_brand,
562,564,Sains,Seriously Spreadable Vintage Cheese 125g,fresh_food,Seriously,False,,125.0,g,,Spreadable Vintage Cheese,seriously spreadable vintage cheese,1.95,15.6,branded,1,1,branded,
563,565,Morrisons,Nomadic Protein Pudding Vanilla,fresh_food,Nomadic,False,,200.0,g,,Protein Pudding Vanilla,nomadic protein pudding vanilla,1.75,8.8,branded,1,1,branded,
564,566,Sains,Sainsbury's Beef Hotpot 400g (Serves 1),fresh_food,,True,standard,400.0,g,,Beef Hotpot,beef hotpot,3.25,8.13,own_brand,1,1,own_brand,
565,567,ASDA,MyProtein Pop Roll Golden Caramel Flavour 27g,food_cupboard,Myprotein,False,,27.0,g,,Pop Roll Golden Caramel Flavour,myprotein pop roll golden caramel flavor,1.0,37.0,branded,1,1,branded,
566,568,Sains,"Pukka Organic Ginger, Galangal & Golden Turmeric Tea Bags x20",food_cupboard,Pukka,False,,36.0,g,20.0,"Ginger, Galangal and Golden Turmeric Tea Bags",pukka ginger galangal and golden turmeric tea bags,4.75,131.9,branded,1,1,branded,
567,569,Sains,Wall's Mini Savoury Eggs 216g,fresh_food,Wall's,False,,216.0,g,,Mini Savoury Eggs,wall s mini savoury eggs,2.0,9.3,branded,1,1,branded,
568,570,Tesco,Planted Chicken Lemon & Herb 160g,fresh_food,,False,,160.0,g,,Planted Chicken Lemon and Herb,planted chicken lemon and herb,3.0,18.75,unbranded,1,1,unbranded,
569,571,Sains,Sainsbury's Reduced Fat Mayonnaise 730ml,food_cupboard,,True,standard,730.0,ml,,Mayonnaise,mayonnaise,1.7,2.3,own_brand,1,1,own_brand,
570,572,Morrisons,Morrisons Grissini Mini Breadsticks,food_cupboard,,True,standard,100.0,g,,Grissini Mini Breadsticks,grissini mini breadsticks,1.1,11.0,own_brand,1,1,own_brand,
571,573,Sains,Sainsbury's Vanilla Cheesecake Slices 2x90g,fresh_food,,True,standard,180.0,g,2.0,Vanilla Cheesecake Slices,vanilla cheesecake slices,2.4,13.3,own_brand,1,1,own_brand,
572,574,Sains,Bens Original Hot Chilli Con Carne Sauce 450g,food_cupboard,Bens Original,False,,450.0,g,,Hot Chilli Con Carne Sauce,bens original hot chilli con carne sauce,2.5,5.6,branded,1,1,branded,
573,575,ASDA,Peroni Nastro Azzurro Lager Beer Bottle 4 Pack,drinks,Peroni,False,,1318.8,ml,4.0,Nastro Azzurro Lager Beer Bottle,peroni nastro azzurro lager beer bottle,5.75,4.36,branded,1,1,branded,
574,576,ASDA,ASDA British Half Fat Mature Cheddar 400g,fresh_food,,True,standard,400.0,g,,British Half Fat Mature Cheddar,british half fat mature cheddar,3.0,7.5,own_brand,1,1,own_brand,
575,577,ASDA,Tahira Chicken & Beef Burgers Halal,frozen,,False,,800.0,g,,Tahira Chicken and Beef Burgers,tahira chicken and beef burgers,4.55,5.83,unbranded,1,1,unbranded,
576,578,Sains,"Sainsbury's Whole Rolled Porridge Oats, Taste the Difference 750g",food_cupboard,,True,premium,750.0,g,,Whole Rolled Porridge Oats,whole rolled porridge oats,2.1,2.8,own_brand,1,1,own_brand,
577,579,Sains,Nature's Bounty Gentle Iron Complex with Vitamins B12 and C Capsules x100,free-from,,False,,,,100.0,Nature's Bounty Gentle Iron Complex with Vitamins B12 and C Capsules,nature s bounty gentle iron complex with vitamins b12 and c capsules,10.5,0.11,unbranded,1,1,unbranded,
578,580,Sains,Cadbury Dairy Milk Orange Chocolate Bar 180g,free-from,Cadbury,False,,180.0,g,,Dairy Milk Orange Chocolate Bar,cadbury dairy milk orange chocolate bar,2.0,11.1,branded,1,1,branded,
579,581,Sains,Aqua Libra Sparkling Water Infused with Cucumber Mint & Lime 4x330ml,drinks,,False,,1320.0,ml,4.0,Aqua Libra Sparkling Water Infused with Cucumber Mint and Lime,aqua libra sparkling water infused with cucumber mint and lime,2.5,1.9,unbranded,1,1,unbranded,
580,582,ASDA,"ASDA Extra Special Fig, Date, & Balsamic Chutney 300g",food_cupboard,,True,premium,300.0,g,,"Fig, Date, and Balsamic Chutney",fig date and balsamic chutney,2.15,7.2,own_brand,1,1,own_brand,
581,583,ASDA,George Home Black 4L Stand Mixer,food_cupboard,,True,standard,4000.0,ml,,Black Stand Mixer,black stand mixer,55.0,55.0,own_brand,1,1,own_brand,
582,584,ASDA,Tarantella Organic Tomato Passata,food_cupboard,,False,,680.0,g,,Tarantella Tomato Passata,tarantella tomato passata,1.3,1.88,unbranded,1,1,unbranded,
583,585,Sains,Radnor Splash Apple & Raspberry Still Flavoured Spring Water 250ml,drinks,,False,,250.0,ml,,Radnor Splash Apple and Raspberry Still Flavoured Spring Water,radnor splash apple and raspberry still flavored spring water,1.2,1.6,unbranded,1,1,unbranded,
584,586,Morrisons,Potts Beef Stock Can,food_cupboard,Potts,False,,500.0,ml,,Beef Stock Can,potts beef stock can,2.35,4.7,branded,1,1,branded,
585,587,Sains,Signé Bourgogne Montagny 75cl,drinks,,False,,750.0,ml,,Signé Bourgogne Montagny,signe bourgogne montagny,13.0,17.29,unbranded,1,1,unbranded,
586,588,ASDA,Innocent Pineapples Bananas & Coconuts Smoothie,drinks,Innocent,False,,750.0,ml,,Pineapples Bananas and Coconuts Smoothie,innocent pineapples bananas and coconuts smoothie,2.0,2.7,branded,1,1,branded,
587,589,Morrisons,Rosemount Diamond Selection Shiraz,drinks,,False,,750.0,ml,,Rosemount Diamond Selection Shiraz,rosemount diamond selection shiraz,7.0,9.31,unbranded,1,1,unbranded,
588,590,Morrisons,Philadelphia Lightest Low Fat Soft Cream Cheese,fresh_food,Philadelphia,False,,170.0,g,,Lightest Soft Cream Cheese,philadelphia lightest soft cream cheese,1.25,7.58,branded,1,1,branded,
589,591,ASDA,Jutrzenka Wafle Wafers with Cream Flavoured Cream,food_cupboard,,False,,180.0,g,,Jutrzenka Wafle Wafers with Cream Flavoured Cream,jutrzenka wafle wafers with cream flavored cream,0.8,4.4,unbranded,1,1,unbranded,
590,592,Tesco,Tesco Roast Chicken Dinner Pie 500g,fresh_food,,True,standard,500.0,g,,Roast Chicken Dinner Pie,roast chicken dinner pie,3.75,7.5,own_brand,1,1,own_brand,
591,593,Sains,De Cecco Fusilli 500g,food_cupboard,De Cecco,False,,500.0,g,,Fusilli,de cecco fusilli,1.35,2.7,branded,1,1,branded,
592,594,ASDA,Colman's Original English Mustard,food_cupboard,Colman's,False,,100.0,g,,Original English Mustard,colman s original english mustard,1.0,10.0,branded,1,1,branded,
593,595,Sains,Sainsbury's Sweet Pale Cream Sherry 1L,drinks,,True,standard,1000.0,ml,,Sweet Pale Cream Sherry,sweet pale cream sherry,10.5,10.48,own_brand,1,1,own_brand,
594,596,Tesco,Cathedral City Mild Cheddar 550G,fresh_food,Cathedral City,False,,550.0,g,,Mild Cheddar,cathedral city mild cheddar,4.0,7.27,branded,1,1,branded,
595,597,Sains,Sainsbury's Seeded White Bloomer 800g,bakery,,True,standard,800.0,g,,Seeded White Bloomer,seeded white bloomer,1.5,1.5,own_brand,1,1,own_brand,
596,598,Tesco,Tesco Bombay Mix Snacks 200 G,food_cupboard,,True,standard,200.0,g,,Bombay Mix Snacks,bombay mix snacks,1.45,7.25,own_brand,1,1,own_brand,
597,599,Sains,Sainsbury's Fresh Packed Lemongrass Sticks x2,fresh_food,,True,standard,,,2.0,Fresh Packed Lemongrass Sticks,fresh packed lemongrass sticks,0.6,0.3,own_brand,1,1,own_brand,
598,600,ASDA,ASDA 8 Vitamin Boosting Peach & Apricot Yogurt Drinks,drinks,,True,standard,800.0,g,8.0,Vitamin Boosting Peach and Apricot Yogurt Drinks,vitamin boosting peach and apricot yogurt drinks,2.5,3.1,own_brand,1,1,own_brand,
599,601,Sains,Sainsbury's Garlic & Coriander Poppadoms 80g,food_cupboard,,True,standard,80.0,g,,Garlic and Coriander Poppadoms,garlic and coriander poppadoms,1.5,18.8,own_brand,1,1,own_brand,
600,602,Morrisons,Young's Chip Shop 4 Cod Fillets,frozen,Young's,False,,400.0,g,,Chip Shop 4 Cod Fillets,young s chip shop 4 cod fillets,4.0,10.0,branded,1,1,branded,
601,603,Sains,Battle Bites High Protein Bar Jaffa Bake Flavour 62g,free-from,,False,,62.0,g,,Battle Bites High Protein Bar Jaffa Bake Flavour,battle bites high protein bar jaffa bake flavor,2.0,32.3,unbranded,1,1,unbranded,
602,604,Sains,"Sainsbury's Orange & Prosecco Doc Panettone, Taste the Difference 800g",free-from,,True,premium,800.0,g,,Orange and Prosecco Doc Panettone,orange and prosecco doc panettone,7.5,9.4,own_brand,1,1,own_brand,
603,605,Tesco,The Collective Brekkie Blueberry and Oat Kids Yoghurt Pouch 110g,fresh_food,,False,,110.0,g,,The Collective Brekkie Blueberry and Oat Kids Yoghurt Pouch,the collective brekkie blueberry and oat kids yogurt pouch,1.2,10.9,unbranded,1,1,unbranded,
604,606,ASDA,ASDA Plant Based Spiced Bean Burgers,free-from,,True,dietary,225.0,g,,Spiced Bean Burgers,spiced bean burgers,2.35,10.35,own_brand,1,1,own_brand,
605,607,Sains,Sainsbury's British or Irish 10% Fat 20 Beef Mini Meatballs 350g,fresh_food,,True,standard,350.0,g,,British or Irish 10% Fat 20 Beef Mini Meatballs,british or irish 10 fat 20 beef mini meatballs,3.3,9.43,own_brand,1,1,own_brand,
606,608,Tesco,Magnum Mint Ice Cream Sticks 3x100ml,frozen,Magnum,False,,300.0,ml,3.0,Mint Ice Cream Sticks,magnum mint ice cream sticks,3.25,10.8,branded,1,1,branded,
607,609,ASDA,Lurpak Slightly Salted Butter,food_cupboard,Lurpak,False,,200.0,g,,Slightly Salted Butter,lurpak slightly salted butter,2.15,10.75,branded,1,1,branded,
608,610,ASDA,Schwartz Cloves Ground,food_cupboard,Schwartz,False,,35.1,g,,Cloves Ground,schwartz cloves ground,2.0,57.0,branded,1,1,branded,
609,612,Tesco,Kumala Reserve Shiraz 75Cl,drinks,Kumala,False,,750.0,ml,,Reserve Shiraz,kumala reserve shiraz,6.75,8.98,branded,1,1,branded,
610,613,Morrisons,Old El Paso Chilli Con Carne Seasoning Mix,food_cupboard,Old El Paso,False,,40.0,g,,Chilli Con Carne Seasoning Mix,old el paso chilli con carne seasoning mix,1.25,32.0,branded,1,1,branded,
611,614,Tesco,John West Red Salmon 213G,food_cupboard,John West,False,,213.0,g,,Red Salmon,john west red salmon,3.7,17.4,branded,1,1,branded,
612,615,ASDA,Skippy Extra Smooth Creamy Peanut Butter 340g,food_cupboard,,False,,340.0,g,,Skippy Extra Smooth Creamy Peanut Butter,skippy extra smooth creamy peanut butter,1.5,4.4,unbranded,1,1,unbranded,
613,616,ASDA,Butterkist Cinema Sweet Popcorn,food_cupboard,,False,,100.0,g,,Butterkist Cinema Sweet Popcorn,butterkist cinema sweet popcorn,1.25,12.5,unbranded,1,1,unbranded,
614,617,Sains,Sainsbury's Pure Canadian Maple Syrup 250g,food_cupboard,,True,standard,250.0,g,,Pure Canadian Maple Syrup,pure canadian maple syrup,4.0,16.0,own_brand,1,1,own_brand,
615,618,Morrisons,Seabrooks Prawn Cocktail Crisps 6 Pack,food_cupboard,,False,,150.0,g,6.0,Seabrooks Prawn Cocktail Crisps,seabrooks prawn cocktail crisps,1.35,9.0,unbranded,1,1,unbranded,
616,619,Sains,Bio & Me Oats & Plenty Super Seedy & Nutty 400g,food_cupboard,,False,,400.0,g,,and Me Oats and Plenty Super Seedy and Nutty,and me oats and plenty super seedy and nutty,2.95,7.4,unbranded,1,1,unbranded,
617,620,Tesco,Nishaan Chakki Roti 350G,food_cupboard,,False,,350.0,g,,Nishaan Chakki Roti,nishaan chakki roti,1.15,3.3,unbranded,1,1,unbranded,
618,621,Sains,Sainsbury's Milk Chocolate Rice Cakes 4x35.75g,food_cupboard,,True,standard,143.0,g,4.0,Milk Chocolate Rice Cakes,milk chocolate rice cakes,1.7,11.3,own_brand,1,1,own_brand,
619,623,Sains,Sainsbury's Beansprouts 300g,fresh_food,,True,standard,300.0,g,,Beansprouts,beansprouts,0.75,2.5,own_brand,1,1,own_brand,
620,624,Morrisons,Soreen Lift Bars Raspberry & Vanilla,bakery,Soreen,False,,170.0,g,,Lift Bars Raspberry and Vanilla,soreen lift bars raspberry and vanilla,2.0,11.9,branded,1,1,branded,
621,625,Morrisons,Shazans Mutton Shanks,food_cupboard,,False,,1000.0,g,,Shazans Mutton Shanks,shazans mutton shanks,10.75,10.8,unbranded,1,1,unbranded,
622,626,Sains,Monster Energy Drink 500ml,drinks,Monster,False,,500.0,ml,,Energy Drink,monster energy drink,1.85,3.7,branded,1,1,branded,
623,628,Sains,Whitworths Figs 175g,food_cupboard,Whitworths,False,,175.0,g,,Figs,whitworths figs,1.6,9.1,branded,1,1,branded,
624,629,Morrisons,BFree Naan Breads Stone Baked Original,free-from,Bfree,False,,,,,Naan Breads Stone Baked Original,bfree naan breads stone baked original,3.25,1.63,branded,1,1,branded,
625,630,Tesco,Zuccardi Serie A Malbec 75Cl,drinks,,False,,750.0,ml,,Zuccardi Serie A Malbec,zuccardi serie a malbec,14.0,18.62,unbranded,1,1,unbranded,
626,632,Morrisons,Imperial Chicken Teriyaki Bao Buns,food_cupboard,,False,,270.0,g,,Imperial Chicken Teriyaki Bao Buns,imperial chicken teriyaki bao buns,5.0,18.5,unbranded,1,1,unbranded,
627,633,Tesco,Tesco 5 Pork & Egg Roll Slices 125g,fresh_food,,True,standard,125.0,g,5.0,Pork and Egg Roll Slices,pork and egg roll slices,1.7,13.6,own_brand,1,1,own_brand,
628,634,Sains,Blue Dragon Thai Green Curry Paste Pot 50g,food_cupboard,Blue Dragon,False,,50.0,g,,Thai Green Curry Paste Pot,blue dragon thai green curry paste pot,1.0,20.0,branded,1,1,branded,
629,635,Tesco,Tesco Broccoli And Stilton Soup 400G,food_cupboard,,True,standard,400.0,g,,Broccoli And Stilton Soup,broccoli and stilton soup,0.62,1.6,own_brand,1,1,own_brand,
630,636,ASDA,Sistema Flip Bottle,drinks,Sistema,False,,,,,Flip Bottle,sistema flip bottle,7.5,7.5,branded,1,1,branded,
631,637,ASDA,Tiger Tiger Sushi Rice,food_cupboard,Tiger,True,,1000.0,g,,Tiger Sushi Rice,tiger tiger sushi rice,2.25,2.25,branded,1,1,branded,
632,638,Tesco,Sharwoods Korma 30% Less Fat Cooking Sauce 420G,food_cupboard,Sharwoods,False,,420.0,g,,Korma 30% Less Fat Cooking Sauce,sharwoods korma 30 less fat cooking sauce,3.0,7.1,branded,1,1,branded,
633,639,ASDA,Africa's Finest Coconut Chin-Chin,food_cupboard,,False,,80.0,g,,Africa's Finest Coconut Chin-Chin,africa s finest coconut chin chin,0.75,9.4,unbranded,1,1,unbranded,
634,640,Morrisons,Morrisons Wholefoods Red Split Lentils,food_cupboard,,True,standard,500.0,g,,Wholefoods Red Split Lentils,wholefoods red split lentils,1.89,3.78,own_brand,1,1,own_brand,
635,641,Morrisons,Nomo Creamy Buttons,free-from,Nomo,False,,110.0,g,,Creamy Buttons,nomo creamy buttons,2.75,25.0,branded,1,1,branded,
636,642,Tesco,Ufc 100% Watermelon Drink 1L,food_cupboard,,False,,1000.0,ml,,Ufc 100% Watermelon Drink,ufc 100 watermelon drink,4.2,4.2,unbranded,1,1,unbranded,
637,643,ASDA,Kellogg's Krave Cookies & Cream Cereal,food_cupboard,Kellogg's,False,,400.0,g,,Krave Cookies and Cream Cereal,kellogg s krave cookies and cream cereal,3.0,7.3,branded,1,1,branded,
638,644,Sains,Actimel Multifruit Cultured Yogurt Drink 8x100g,drinks,Actimel,False,,800.0,g,8.0,Multifruit Cultured Yogurt Drink,actimel multifruit cultured yogurt drink,2.5,3.1,branded,1,1,branded,
639,645,Sains,McCoy's Curry Sauce Flavour Ridge Cut Potato Crisps x6 25g,food_cupboard,,False,,25.0,g,6.0,McCoy's Curry Sauce Flavour Ridge Cut Potato Crisps,mccoy s curry sauce flavor ridge cut potato crisps,2.25,15.0,unbranded,1,1,unbranded,
640,646,Tesco,Ms Molly's Chocolate Chip Cookies 250G,food_cupboard,,True,value,250.0,g,,Chocolate Chip Cookies,chocolate chip cookies,0.49,2.0,own_brand,1,1,own_brand,
641,647,ASDA,ASDA Free From 13 Slightly Salted Rice Cakes,free-from,,True,dietary,100.0,g,13.0,Slightly Salted Rice Cakes,slightly salted rice cakes,0.8,8.0,own_brand,1,1,own_brand,
642,648,ASDA,KTC Crispy Fried Onions 400g,food_cupboard,Ktc,False,,400.0,g,,Crispy Fried Onions,ktc crispy fried onions,1.2,3.0,branded,1,1,branded,
643,649,Morrisons,Morrisons Pimiento-Stuffed Olives (340g),food_cupboard,,True,standard,340.0,g,,Pimiento-Stuffed Olives,pimiento stuffed olives,1.3,6.8,own_brand,1,1,own_brand,
644,650,Tesco,Tesco 15 Eggs,fresh_food,,True,standard,,,15.0,Eggs,eggs,1.99,0.13,own_brand,1,1,own_brand,
645,651,ASDA,Wrigley's Extra White Chewing Gum Sugar Free 10 Pieces,food_cupboard,Wrigley's,False,,14.0,g,10.0,Extra White Chewing Gum,wrigley s extra white chewing gum,0.75,53.6,branded,1,1,branded,
646,652,ASDA,ASDA Pomegranate Juice Drink,drinks,,True,standard,1000.0,ml,,Pomegranate Juice Drink,pomegranate juice drink,0.99,1.0,own_brand,1,1,own_brand,
647,653,ASDA,ASDA Pink Wafers,food_cupboard,,True,standard,190.0,g,,Pink Wafers,pink wafers,0.8,4.3,own_brand,1,1,own_brand,
648,654,Tesco,Tesco Free From Toffee & Vanilla Cones 4X110ml,frozen,,True,dietary,440.0,ml,4.0,Toffee and Vanilla Cones,toffee and vanilla cones,2.7,6.1,own_brand,1,1,own_brand,
649,655,Sains,"Sainsbury's Earl Grey Decaff Tea Bags, Taste the Difference x50",food_cupboard,,True,premium,125.0,g,,Earl Grey Decaff Tea Bags,earl grey decaff tea bags,1.7,13.6,own_brand,1,1,own_brand,
650,656,ASDA,Arla Skyr Natural Icelandic Style Yogurt,fresh_food,Arla,False,,1000.0,g,,Skyr Natural Icelandic Style Yogurt,arla skyr natural icelandic style yogurt,2.2,2.2,branded,1,1,branded,
651,657,Morrisons,Morrisons Takeaway Chinese Chicken Curry,frozen,,True,standard,340.0,g,,Takeaway Chinese Chicken Curry,takeaway chinese chicken curry,2.75,7.86,own_brand,1,1,own_brand,
652,658,Morrisons,Morrisons Casserole Vegetables,fresh_food,,True,standard,600.0,g,,Casserole Vegetables,casserole vegetables,1.49,2.5,own_brand,1,1,own_brand,
653,659,ASDA,ASDA Fluffy & Golden Baking Potatoes 2kg,fresh_food,,True,standard,2000.0,g,,Fluffy and Golden Baking Potatoes,fluffy and golden baking potatoes,1.59,0.8,own_brand,1,1,own_brand,
654,660,ASDA,Costa Creamy Cappuccino Sachets Drinks 6 x 17g (102g),drinks,Costa,False,,102.0,g,6.0,Creamy Cappuccino Sachets Drinks,costa creamy cappuccino sachets drinks,2.25,22.1,branded,1,1,branded,
655,661,Tesco,Tesco Smoked Prosciutto & Salami Plat 200G,fresh_food,,True,standard,200.0,g,,Smoked Prosciutto and Salami Plat,smoked prosciutto and salami plat,4.65,23.2,own_brand,1,1,own_brand,
656,662,ASDA,ASDA Exotic Juice Drink,drinks,,True,standard,1000.0,ml,,Exotic Juice Drink,exotic juice drink,0.99,1.0,own_brand,1,1,own_brand,
657,663,Sains,"Alara Fruits & Seeds Muesli, Organic 650g",food_cupboard,,False,dietary,650.0,g,,Alara Fruits and Seeds Muesli,alara fruits and seeds muesli,3.5,5.4,unbranded,1,1,unbranded,
658,664,ASDA,Rana Chicken & Smoked Pancetta Fresh Tortelloni,fresh_food,,False,,250.0,g,,Rana Chicken and Smoked Pancetta Fresh Tortelloni,rana chicken and smoked pancetta fresh tortelloni,3.0,12.0,unbranded,1,1,unbranded,
659,665,Morrisons,Cirio Lentils (380g),food_cupboard,Cirio,False,,380.0,g,,Lentils,cirio lentils,1.0,2.6,branded,1,1,branded,
660,666,Tesco,Tesco Fusilli Whole Wheat Pasta 1Kg,food_cupboard,,True,standard,1000.0,g,,Fusilli Whole Wheat Pasta,fusilli whole wheat pasta,1.39,1.39,own_brand,1,1,own_brand,
661,667,Morrisons,Morrisons Original Bitter Beer Cans 2.8%,drinks,,True,standard,1750.0,ml,,Original Bitter Beer Cans 2.8%,original bitter beer cans 2 8,2.25,1.28,own_brand,1,1,own_brand,
662,668,Morrisons,Oreo Sandwich Biscuits Snowy…,food_cupboard,Oreo,False,,240.0,g,,Sandwich Biscuits Snowy…,oreo sandwich biscuits snowy,1.0,4.1,branded,1,1,branded,
663,669,Sains,Cathedral City Lactose Free Mature Cheese 200g,fresh_food,Cathedral City,False,,200.0,g,,Mature Cheese,cathedral city mature cheese,2.85,14.25,branded,1,1,branded,
664,670,ASDA,Frubes Frubes Strawberry and Banana Flavour Yogurt Tubes,fresh_food,Frubes,False,,340.0,g,,Frubes Strawberry and Banana Flavour Yogurt Tubes,frubes frubes strawberry and banana flavor yogurt tubes,2.25,6.8,branded,1,1,branded,
665,671,ASDA,ASDA Extra Special Hand Picked Tenderstem Broccoli,fresh_food,,True,premium,160.0,g,,Hand Picked Tenderstem Broccoli,hand picked tenderstem broccoli,1.35,8.44,own_brand,1,1,own_brand,
666,672,Tesco,London Essence Original Indian Tonic Water 10X150ml,drinks,,False,,1500.0,ml,10.0,London Essence Original Indian Tonic Water,london essence original indian tonic water,5.25,3.5,unbranded,1,1,unbranded,
667,673,Morrisons,Milkybar,food_cupboard,Milkybar,False,,90.0,g,,,milkybar,1.25,13.9,branded,1,1,branded,
668,674,Tesco,Tesco Italian Seasoning 18G ..,food_cupboard,,True,standard,18.0,g,,Italian Seasoning,italian seasoning,1.0,56.0,own_brand,1,1,own_brand,
669,675,Tesco,Tesco Seafood Sauce 250Ml,food_cupboard,,True,standard,250.0,ml,,Seafood Sauce,seafood sauce,0.9,3.6,own_brand,1,1,own_brand,
670,676,Morrisons,Filippo Berio Olive Oil,food_cupboard,Filippo Berio,False,,750.0,ml,,Olive Oil,filippo berio olive oil,8.99,12.0,branded,1,1,branded,
671,677,Morrisons,Myton Hill Rose,drinks,,False,,750.0,ml,,Myton Hill Rose,myton hill rose,4.25,5.65,unbranded,1,1,unbranded,
672,678,Sains,Kenco Gold Indulgence Instant Coffee 195g,food_cupboard,Kenco,False,,195.0,g,,Gold Indulgence Instant Coffee,kenco gold indulgence instant coffee,7.0,35.9,branded,1,1,branded,
673,679,Sains,"Sainsbury's Grapes (Red or Black), SO Organic 400g",free-from,,True,dietary,400.0,g,,Grapes (Red or Black),grapes red or black,3.0,7.5,own_brand,1,1,own_brand,
674,680,ASDA,Marmite Oven Baked Peanuts,fresh_food,Marmite,False,,190.0,g,,Oven Baked Peanuts,marmite oven baked peanuts,3.0,15.8,branded,1,1,branded,
675,681,Sains,Young's Breaded Cod Fillets x4 440g,fresh_food,Young's,False,,440.0,g,4.0,Breaded Cod Fillets,young s breaded cod fillets,4.0,9.09,branded,1,1,branded,
676,682,Tesco,Jam Shed Australian Chardonnay 750Ml,drinks,Jam Shed,False,,750.0,ml,,Australian Chardonnay,jam shed australian chardonnay,7.0,9.31,branded,1,1,branded,
677,684,Sains,Kellogg's Wheats Apricot Breakfast Cereal 500g,food_cupboard,Kellogg's,False,,500.0,g,,Wheats Apricot Breakfast Cereal,kellogg s wheats apricot breakfast cereal,1.95,3.9,branded,1,1,branded,
678,685,Morrisons,Morrisons Honey Skyr,fresh_food,,True,standard,450.0,g,,Honey Skyr,honey skyr,1.45,3.2,own_brand,1,1,own_brand,
679,686,Sains,"Sainsbury's Chicken Casserole Recipe Mix, Inspired to Cook 40g",food_cupboard,,True,dietary,40.0,g,,Chicken Casserole Recipe Mix,chicken casserole recipe mix,0.65,16.3,own_brand,1,1,own_brand,
680,687,Sains,Cadbury Dairy Milk Orange Giant Buttons Chocolate Bag 110g,food_cupboard,Cadbury,False,,110.0,g,,Dairy Milk Orange Giant Buttons Chocolate Bag,cadbury dairy milk orange giant buttons chocolate bag,1.65,15.0,branded,1,1,branded,
681,688,ASDA,George Home Sipper Bottle - Grey,drinks,,True,standard,,,,Sipper Bottle - Grey,sipper bottle grey,4.0,4.0,own_brand,1,1,own_brand,
682,689,Sains,OaYeah! Feelgood Original Large Pancakes x6 360g,fresh_food,,False,,360.0,g,6.0,OaYeah! Feelgood Original Large Pancakes,oayeah feelgood original large pancakes,1.5,4.2,unbranded,1,1,unbranded,
683,690,Sains,Muller Corner Vanilla Yogurt With Chocolate Digestive Biscuits 124g,free-from,Muller,False,,124.0,g,,Corner Vanilla Yogurt With Chocolate Digestive Biscuits,muller corner vanilla yogurt with chocolate digestive biscuits,0.9,7.3,branded,1,1,branded,
684,691,Tesco,Tesco Oyster Sauce 150Ml,food_cupboard,,True,standard,150.0,ml,,Oyster Sauce,oyster sauce,1.8,12.0,own_brand,1,1,own_brand,
685,692,ASDA,Carlsberg Danish Pilsner 18 x 440ml,drinks,Carlsberg,False,,7920.0,ml,18.0,Danish Pilsner,carlsberg danish pilsner,13.0,1.64,branded,1,1,branded,
686,693,ASDA,New York Bakery Co 4 Soft Seeded Bagel Thins,free-from,New York Bakery Co,False,,,,,4 Soft Seeded Bagel Thins,new york bakery co 4 soft seeded bagel thins,1.2,0.3,branded,1,1,branded,
687,694,Sains,Large Dianthus Ceramic,fresh_food,,False,,,,,Large Dianthus Ceramic,large dianthus ceramic,10.0,10.0,unbranded,1,1,unbranded,
688,695,Sains,Renourish Immunity Kale Spinach & Turmeric Soup 500g,free-from,,False,,500.0,g,,Renourish Immunity Kale Spinach and Turmeric Soup,renourish immunity kale spinach and turmeric soup,3.0,6.0,unbranded,1,1,unbranded,
689,697,Sains,Sainsbury's No Added Sugar Fruit Slurps Orange Juice Drink 6 x 250ml,drinks,,True,standard,1500.0,ml,6.0,Fruit Slurps Orange Juice Drink,fruit slurps orange juice drink,1.95,1.3,own_brand,1,1,own_brand,
690,698,Morrisons,Heinz Double Concen…,food_cupboard,Heinz,False,,130.0,g,,Double Concen…,heinz double concen,1.4,10.77,branded,1,1,branded,
691,699,Tesco,Magnum Mini White Chocolate & White Chocolate Almond Ice Cream Sticks 6x55ml,frozen,Magnum,False,,330.0,ml,6.0,Mini White Chocolate and White Chocolate Almond Ice Cream Sticks,magnum mini white chocolate and white chocolate almond ice cream sticks,4.5,13.6,branded,1,1,branded,
692,700,ASDA,Benecol Blueberry,fresh_food,Benecol,False,,400.0,g,,Blueberry,benecol blueberry,4.3,10.6,branded,1,1,branded,
693,701,Morrisons,Morrisons Stewed Steak,food_cupboard,,True,standard,400.0,g,,Stewed Steak,stewed steak,3.0,7.7,own_brand,1,1,own_brand,
694,702,Sains,Vitabiotics Ultra Garlic 400mg Extract Tablets x60,free-from,,False,,0.4,g,60.0,Vitabiotics Ultra Garlic Extract Tablets,vitabiotics ultra garlic extract tablets,9.0,0.15,unbranded,1,1,unbranded,
695,703,Sains,Brooklyn Brewery Pilsner Crisp Lager x4 440ml,drinks,Brooklyn Brewery,False,,440.0,ml,4.0,Pilsner Crisp Lager,brooklyn brewery pilsner crisp lager,6.0,3.41,branded,1,1,branded,
696,704,Sains,This Isn't Streaky Bacon Plant Based Rashers 105g,free-from,,False,,105.0,g,,This Isn't Streaky Bacon Rashers,this isn t streaky bacon rashers,2.75,26.19,unbranded,1,1,unbranded,
697,705,ASDA,ASDA Tomato & Pepperoni Pasta Salad,fresh_food,,True,standard,500.0,g,,Tomato and Pepperoni Pasta Salad,tomato and pepperoni pasta salad,3.2,6.4,own_brand,1,1,own_brand,
698,706,Tesco,Tesco Baby Spinach 220G,fresh_food,,True,standard,220.0,g,,Baby Spinach,baby spinach,1.35,6.1,own_brand,1,1,own_brand,
699,707,Sains,"Sainsbury's Mediterranean Vegetable Pasta Ready Meal For 1, Be Good To Yourself 380g",food_cupboard,,True,dietary,375.0,g,,Mediterranean Vegetable Pasta For 1,mediterranean vegetable pasta for 1,3.0,7.89,own_brand,1,1,own_brand,
700,708,ASDA,Captain Cook Dry Salted Skinless & Boneless Salt Fish,fresh_food,,False,,250.0,g,,Captain Cook Dry Salted Skinless and Boneless Salt Fish,captain cook dry salted skinless and boneless salt fish,2.75,11.0,unbranded,1,1,unbranded,
701,709,Morrisons,Cofresh London Mix,food_cupboard,Cofresh,False,,200.0,g,,London Mix,cofresh london mix,1.0,5.0,branded,1,1,branded,
702,710,Sains,Sainsbury's Sun Dried Tomato Paste 90g,food_cupboard,,True,standard,90.0,g,,Sun Dried Tomato Paste,sun dried tomato paste,1.7,18.89,own_brand,1,1,own_brand,
703,711,Morrisons,Cantu Shea Butter Leave-In Co…,food_cupboard,Cantu,False,,450.0,g,,Shea Butter Leave-In Co…,cantu shea butter leave in co,6.0,13.2,branded,1,1,branded,
704,712,Sains,Lucky Saint Hazy IPA Alcohol Free Can 4x330ml,free-from,,False,,1320.0,ml,4.0,Lucky Saint Hazy IPA Can,lucky saint hazy ipa can,6.0,4.55,unbranded,1,1,unbranded,
705,713,ASDA,Ainsley Harriott Goan Spiced Chicken Cup Soup,food_cupboard,Ainsley Harriott,False,,65.8,g,,Goan Spiced Chicken Cup Soup,ainsley harriott goan spiced chicken cup soup,0.75,11.4,branded,1,1,branded,
706,714,Morrisons,Morrisons Trimmed Leeks,fresh_food,,True,standard,500.0,g,,Trimmed Leeks,trimmed leeks,1.5,3.0,own_brand,1,1,own_brand,
707,715,Sains,Brooklyn Brewery Brooklyn Pilsner Crisp Lager Beer 12x330ml,drinks,Brooklyn Brewery,False,,3960.0,ml,12.0,Brooklyn Pilsner Crisp Lager Beer,brooklyn brewery brooklyn pilsner crisp lager beer,15.0,3.79,branded,1,1,branded,
708,716,ASDA,JUST ESSENTIALS by ASDA Custard,food_cupboard,,True,value,386.7,g,,Custard,custard,0.58,1.5,own_brand,1,1,own_brand,
709,717,Sains,"Sainsbury's High Juice Blackcurrant Squash, No Added Sugar 1L",drinks,,True,standard,1000.0,ml,,High Juice Blackcurrant Squash,high juice blackcurrant squash,1.75,1.8,own_brand,1,1,own_brand,
710,718,Sains,Fever-Tree Sparkling Mexican Lime 4x250ml,drinks,Fever-tree,False,,1000.0,ml,4.0,Sparkling Mexican Lime,fever tree sparkling mexican lime,4.0,4.0,branded,1,1,branded,
711,719,Morrisons,Wolf Blass Red Label Shiraz Cabernet,drinks,Wolf Blass,False,,750.0,ml,,Red Label Shiraz Cabernet,wolf blass red label shiraz cabernet,8.0,10.64,branded,1,1,branded,
712,720,ASDA,ASDA Scottish Mackerel Fillets in Brine,food_cupboard,,True,standard,125.0,g,,Scottish Mackerel Fillets in Brine,scottish mackerel fillets in brine,0.9,7.2,own_brand,1,1,own_brand,
713,721,Tesco,Jägermeister Cold Brew Coffee Liqueur 50cl,drinks,,False,,500.0,ml,,Jägermeister Cold Brew Coffee Liqueur,jagermeister cold brew coffee liqueur,19.0,38.0,unbranded,1,1,unbranded,
714,722,Sains,Grant's Premium Stewed Steak 392g,food_cupboard,,False,,392.0,g,,Grant's Premium Stewed Steak,grant s premium stewed steak,2.6,6.63,unbranded,1,1,unbranded,
715,723,Tesco,Shloer Winter Spiced Punch Sparkling 750Ml,drinks,Shloer,False,,750.0,ml,,Winter Spiced Punch Sparkling,shloer winter spiced punch sparkling,1.75,2.4,branded,1,1,branded,
716,724,ASDA,Greasy Fingers Luscious Red 750ml,drinks,,False,,750.0,ml,,Greasy Fingers Luscious Red,greasy fingers luscious red,8.0,106.64,unbranded,1,1,unbranded,
717,725,Sains,Ambrosia Devon Custard Pot 150g,food_cupboard,Ambrosia,False,,150.0,g,,Devon Custard Pot,ambrosia devon custard pot,0.95,6.3,branded,1,1,branded,
718,726,Sains,Bacardi Caribbean Spiced Premium Rum 70cl,drinks,Bacardi,False,,700.0,ml,,Caribbean Spiced Premium Rum,bacardi caribbean spiced premium rum,25.0,35.71,branded,1,1,branded,
719,727,Sains,"Sainsbury's Fruity Hot Cross Buns, Taste the Difference x4 280g",bakery,,True,premium,,,,Fruity Hot Cross Buns,fruity hot cross buns,1.5,0.38,own_brand,1,1,own_brand,
720,728,Sains,Maille Dijon Original Mustard 215g,food_cupboard,Maille,False,,215.0,g,,Dijon Original Mustard,maille dijon original mustard,2.75,12.8,branded,1,1,branded,
721,729,Tesco,Old Mout Berries & Cherries Flavoured Cider 4x330ml,drinks,Old Mout,False,,1320.0,ml,4.0,Berries and Cherries Flavoured Cider,old mout berries and cherries flavored cider,4.75,3.6,branded,1,1,branded,
722,730,Tesco,Tesco Double Chocolate Gateau 600G,frozen,,True,standard,600.0,g,,Double Chocolate Gateau,double chocolate gateau,2.9,4.8,own_brand,1,1,own_brand,
723,731,ASDA,Whitby Seafoods Wholetail Scampi,frozen,,False,,200.0,g,,Whitby Seafoods Wholetail Scampi,whitby seafoods wholetail scampi,3.75,18.75,unbranded,1,1,unbranded,
724,732,Sains,Sainsbury's Salt & Vinegar Corn & Rice Cakes 130g,food_cupboard,,True,standard,130.0,g,,Salt and Vinegar Corn and Rice Cakes,salt and vinegar corn and rice cakes,1.3,10.0,own_brand,1,1,own_brand,
725,733,Morrisons,Blossom Hill White Wine,drinks,Blossom Hill,False,,187.0,ml,,White Wine,blossom hill white wine,2.25,12.0,branded,1,1,branded,
726,734,ASDA,ASDA Extra Special 2 Cod Fishcakes with Roasted Tomato & Mozzarella,fresh_food,,True,premium,290.1,g,2.0,Cod Fishcakes with Roasted Tomato and Mozzarella,cod fishcakes with roasted tomato and mozzarella,3.2,11.03,own_brand,1,1,own_brand,
727,735,ASDA,Options Vegan Belgian Hot Choc 200g,drinks,,False,,200.0,g,,Options Belgian Hot Choc,options belgian hot choc,4.5,22.5,unbranded,1,1,unbranded,
728,736,Tesco,Mccoy's Epic Eats Nacho Cheese Crisps 45G,food_cupboard,,False,,45.0,g,,Mccoy's Epic Eats Nacho Cheese Crisps,mccoy s epic eats nacho cheese crisps,1.1,24.4,unbranded,1,1,unbranded,
729,737,ASDA,Reese's Peanut Butter Bar 90g,food_cupboard,Reese's,False,,90.0,g,,Peanut Butter Bar,reese s peanut butter bar,1.5,16.7,branded,1,1,branded,
730,738,Tesco,Cheezees Jalapeno 45G 45G,food_cupboard,,False,,45.0,g,,Cheezees Jalapeno,cheezees jalapeno,0.7,15.6,unbranded,1,1,unbranded,
731,739,Morrisons,Morrisons All Day Breakfast,fresh_food,,True,standard,400.0,g,,All Day Breakfast,all day breakfast,5.25,13.13,own_brand,1,1,own_brand,
732,740,Morrisons,Morrisons Slow Cooked Bourbon…,fresh_food,,True,standard,500.0,g,,Slow Cooked Bourbon…,slow cooked bourbon,5.0,9.8,own_brand,1,1,own_brand,
733,741,Morrisons,Sweeties Jelly Mix,food_cupboard,,False,,600.0,g,,Sweeties Jelly Mix,sweeties jelly mix,2.5,4.2,unbranded,1,1,unbranded,
734,742,Sains,Singha Premium Thai Lager 630ml,drinks,Singha,False,,630.0,ml,,Premium Thai Lager,singha premium thai lager,2.5,3.97,branded,1,1,branded,
735,743,ASDA,ASDA Extra Special Côtes de Gascogne,drinks,,True,premium,750.0,ml,,Côtes de Gascogne,cotes de gascogne,7.25,96.64,own_brand,1,1,own_brand,
736,744,Tesco,Al'fez Falafel 150G,food_cupboard,Al'fez,False,,150.0,g,,Falafel,al fez falafel,1.9,12.7,branded,1,1,branded,
737,745,Morrisons,Morrisons Cola Zero Sugar,drinks,,True,standard,2250.0,ml,,Cola Zero Sugar,cola zero sugar,0.89,0.4,own_brand,1,1,own_brand,
738,746,Sains,Sainsbury's Cantaloupe Melon,fresh_food,,True,standard,,,,Cantaloupe Melon,cantaloupe melon,2.0,2.0,own_brand,1,1,own_brand,
739,747,ASDA,Tassimo Costa Americano Coffee Pods x 12,drinks,Tassimo,False,,110.0,g,12.0,Costa Americano Coffee Pods,tassimo costa americano coffee pods,4.0,37.0,branded,1,1,branded,
740,748,Tesco,Sharwoods Real Oyster Sauce 150Ml,food_cupboard,Sharwoods,False,,150.0,ml,,Real Oyster Sauce,sharwoods real oyster sauce,3.1,20.7,branded,1,1,branded,
741,749,Morrisons,McDougalls Self Raising Flour,food_cupboard,,False,,1100.0,g,,McDougalls Self Raising Flour,mcdougalls self raising flour,2.05,1.9,unbranded,1,1,unbranded,
742,750,Sains,Ben's Original One Pan Creations Spanish Paella Style 250g,food_cupboard,Ben's Original,False,,250.0,g,,One Pan Creations Spanish Paella Style,ben s original one pan creations spanish paella style,2.0,8.0,branded,1,1,branded,
743,751,ASDA,TRIP CBD Infused Peach Ginger Cans,drinks,,False,,1000.0,ml,,TRIP CBD Infused Peach Ginger Cans,trip cbd infused peach ginger cans,6.0,6.0,unbranded,1,1,unbranded,
744,752,Tesco,Tesco Instant Oats Cinnamon Porridge 55G,food_cupboard,,True,standard,55.0,g,,Instant Oats Cinnamon Porridge,instant oats cinnamon porridge,0.45,8.2,own_brand,1,1,own_brand,
745,754,Morrisons,Vampire Vape Pinkman 6mg,drinks,,False,,10.0,ml,,Vampire Vape Pinkman 6mg,vampire vape pinkman 6mg,3.99,399.0,unbranded,1,1,unbranded,
746,755,Tesco,Little Moons Refreshos Vegan Blood Orange & Pink Grapefruit Mochi Sorbet 6x32g,frozen,Little Moons,False,,192.0,g,6.0,Refreshos Blood Orange and Pink Grapefruit Mochi Sorbet,little moons refreshos blood orange and pink grapefruit mochi sorbet,5.0,26.0,branded,1,1,branded,
747,756,Sains,VFC Original Recipe Crispy Popcorn Chicken 220g,free-from,,False,,220.0,g,,VFC Original Recipe Crispy Popcorn Chicken,vfc original recipe crispy popcorn chicken,3.0,13.64,unbranded,1,1,unbranded,
748,757,Tesco,Tesco Cinnamon Tear And Share Bun,bakery,,True,standard,,,,Cinnamon Tear And Share Bun,cinnamon tear and share bun,3.8,3.8,own_brand,1,1,own_brand,
749,758,ASDA,ASDA Extra Special Fat Free Authentic Greek Yogurt,fresh_food,,True,premium,500.0,g,,Authentic Greek Yogurt,authentic greek yogurt,2.25,4.5,own_brand,1,1,own_brand,
750,759,Tesco,Kellogg's Rice Krispies Cereal 660G,food_cupboard,Kellogg's,False,,660.0,g,,Rice Krispies Cereal,kellogg s rice krispies cereal,4.0,6.1,branded,1,1,branded,
751,760,Morrisons,Thatchers Somerset Haze Cider Cans,drinks,Thatchers,False,,1750.0,ml,,Somerset Haze Cider Cans,thatchers somerset haze cider cans,5.75,3.27,branded,1,1,branded,
752,761,Tesco,Eastmans Wafer Thin Cooked Ham 125G,fresh_food,,False,value,125.0,g,,Wafer Thin Cooked Ham,wafer thin cooked ham,1.0,8.0,unbranded,1,1,unbranded,
753,762,ASDA,Aberlour 12 Years Old Speyside Single Malt Scotch Whisky,drinks,,False,,700.0,ml,,Aberlour 12 Years Old Speyside Single Malt Scotch Whisky,aberlour 12 years old speyside single malt scotch whisky,40.0,57.14,unbranded,1,1,unbranded,
754,763,ASDA,Blue Dragon Oyster Sauce,food_cupboard,Blue Dragon,False,,150.0,ml,,Oyster Sauce,blue dragon oyster sauce,1.75,11.7,branded,1,1,branded,
755,764,ASDA,ASDA Extra Special Oak Smoked Back Bacon Dry Cured 8 Rashers,fresh_food,,True,premium,240.0,g,,Oak Smoked Back Bacon Dry Cured 8 Rashers,oak smoked back bacon dry cured 8 rashers,3.25,13.54,own_brand,1,1,own_brand,
756,765,ASDA,George Home Cat Dad Single Mug,drinks,,True,standard,,,,Cat Dad Single Mug,cat dad single mug,2.5,2.5,own_brand,1,1,own_brand,
757,766,Morrisons,Morrisons The Best 2 Smoked Salmon Verrines,fresh_food,,True,premium,175.0,g,2.0,Smoked Salmon Verrines,smoked salmon verrines,3.25,18.1,own_brand,1,1,own_brand,
758,767,Sains,Unrooted Good Gut Apple Cider Vinegar & Ginger Shot 60ml,drinks,,False,,60.0,ml,,Unrooted Good Gut Apple Cider Vinegar and Ginger Shot,unrooted good gut apple cider vinegar and ginger shot,2.0,33.3,unbranded,1,1,unbranded,
759,768,Tesco,Tesco Red Seedless Grapes 500G,fresh_food,,True,standard,500.0,g,,Red Seedless Grapes,red seedless grapes,1.8,3.6,own_brand,1,1,own_brand,
760,769,Morrisons,Morrisons Italian Sausage Pasta Bake,frozen,,True,standard,400.0,g,,Italian Sausage Pasta Bake,italian sausage pasta bake,1.89,4.73,own_brand,1,1,own_brand,
761,770,ASDA,Nicolas Feuillatte Champagne Sélection Brut,drinks,,False,,750.0,ml,,Nicolas Feuillatte Champagne Sélection Brut,nicolas feuillatte champagne selection brut,24.0,319.92,unbranded,1,1,unbranded,
762,771,Morrisons,Morrisons Free From Rice Pops,free-from,,True,dietary,300.0,g,,Rice Pops,rice pops,1.95,6.5,own_brand,1,1,own_brand,
763,772,Sains,Wrigley's Extra Cool Breeze 70g,food_cupboard,Wrigley's,False,,70.0,g,,Extra Cool Breeze,wrigley s extra cool breeze,2.75,39.3,branded,1,1,branded,
764,773,Tesco,Bailey's Original Irish Cream Liqueur Bottle 17% Vol 1L,drinks,,False,,1000.0,ml,,Bailey's Original Irish Cream Liqueur Bottle,bailey s original irish cream liqueur bottle,22.0,22.0,unbranded,1,1,unbranded,
765,774,Tesco,Tesco Chicken Mince 5% Fat 500G,fresh_food,,True,standard,500.0,g,,Chicken Mince 5% Fat,chicken mince 5 fat,2.49,4.98,own_brand,1,1,own_brand,
766,775,Tesco,Tesco Finest Camembert Centred Quiche 400g,fresh_food,,True,premium,400.0,g,,Camembert Centred Quiche,camembert centred quiche,3.75,9.4,own_brand,1,1,own_brand,
767,776,ASDA,JUST ESSENTIALS by ASDA Dark Chocolate Sharing Bar,food_cupboard,,True,value,100.0,g,,Dark Chocolate Sharing Bar,dark chocolate sharing bar,0.45,4.5,own_brand,1,1,own_brand,
768,777,Morrisons,Fridge Raiders Hot & Spicy Chicken Bites,fresh_food,Fridge Raiders,False,,69.9,g,,Hot and Spicy Chicken Bites,fridge raiders hot and spicy chicken bites,1.0,14.3,branded,1,1,branded,
769,778,Sains,Blue Dragon Mild Thai Sweet Chilli Sauce 380g,food_cupboard,Blue Dragon,False,,380.0,g,,Mild Thai Sweet Chilli Sauce,blue dragon mild thai sweet chilli sauce,2.0,5.3,branded,1,1,branded,
770,779,Sains,Sainsbury's British or Irish 21 Day Matured Ribeye Steak 225g,fresh_food,,True,standard,225.0,g,,British or Irish 21 Day Matured Ribeye Steak,british or irish 21 day matured ribeye steak,4.25,18.89,own_brand,1,1,own_brand,
771,780,Tesco,Tesco Pesto Chicken And Sundried Tomato Wrap,fresh_food,,True,standard,,,,Pesto Chicken And Sundried Tomato Wrap,pesto chicken and sundried tomato wrap,2.85,2.85,own_brand,1,1,own_brand,
772,781,ASDA,ASDA Snack Size Chocolate Nutty Bars 6 Pack,food_cupboard,,True,standard,220.0,g,6.0,Snack Size Chocolate Nutty Bars,snack size chocolate nutty bars,1.45,6.4,own_brand,1,1,own_brand,
773,782,Sains,"Sainsbury's Iced Coffee Ice Cream, Taste the Difference 480ml",free-from,,True,premium,473.0,ml,,Iced Coffee Ice Cream,iced coffee ice cream,3.0,6.3,own_brand,1,1,own_brand,
774,783,Tesco,Princes Tuna & Mayonnaise Paste 75G,food_cupboard,Princes,False,,75.0,g,,Tuna and Mayonnaise Paste,princes tuna and mayonnaise paste,0.65,8.7,branded,1,1,branded,
775,784,ASDA,Birds Eye 4 Beef Burgers with Plant Protein and Onion 227g,frozen,Birds Eye,False,,227.0,g,,4 Beef Burgers with Plant Protein and Onion,birds eye 4 beef burgers with plant protein and onion,2.5,11.01,branded,1,1,branded,
776,785,Tesco,Tesco Scottish Oats Porridge 1Kg,food_cupboard,,True,standard,1000.0,g,,Scottish Oats Porridge,scottish oats porridge,1.25,1.2,own_brand,1,1,own_brand,
777,786,Sains,"Vimto Sparkling, No Added Sugar 6x330ml",drinks,Vimto,False,,1980.0,ml,6.0,Sparkling,vimto sparkling,2.5,1.2,branded,1,1,branded,
778,787,ASDA,The BAKERY at ASDA 5 Milk Chocolate Chip Cookies,bakery,,True,standard,,,5.0,Milk Chocolate Chip Cookies,milk chocolate chip cookies,1.25,0.25,own_brand,1,1,own_brand,
779,788,Tesco,Tesco Olive Oil 250Ml,food_cupboard,,True,standard,250.0,ml,,Olive Oil,olive oil,3.3,13.2,own_brand,1,1,own_brand,
780,789,Sains,Sainsbury's Bakewell Tart Dessert 350g,fresh_food,,True,standard,350.0,g,,Bakewell Tart Dessert,bakewell tart dessert,3.6,10.3,own_brand,1,1,own_brand,
781,791,Sains,Sainsbury's Oregano 60g,food_cupboard,,True,standard,60.0,g,,Oregano,oregano,3.15,53.0,own_brand,1,1,own_brand,
782,792,Morrisons,Walnut Whip Milk Chocolate Multipack,food_cupboard,,False,,180.0,g,,Walnut Whip Milk Chocolate Multipack,walnut whip milk chocolate multipack,3.5,19.4,unbranded,1,1,unbranded,
783,793,ASDA,Wai Wai X-Press Instant Noodles Creamy Chicken Flavour 350g,food_cupboard,,False,,350.0,g,,Wai Wai X-Press Instant Noodles Creamy Chicken Flavour,wai wai x press instant noodles creamy chicken flavor,2.5,7.14,unbranded,1,1,unbranded,
784,794,Sains,La Patrie Cahors Malbec 75cl,drinks,,False,,750.0,ml,,La Patrie Cahors Malbec,la patrie cahors malbec,7.5,9.98,unbranded,1,1,unbranded,
785,795,Sains,"Sainsbury's Shawarma Chicken & Tabbouleh Salad, Summer Edition, Taste the Difference 300g",fresh_food,,True,premium,300.0,g,,"Shawarma Chicken and Tabbouleh Salad, Summer Edition",shawarma chicken and tabbouleh salad summer edition,4.5,15.0,own_brand,1,1,own_brand,
786,796,Tesco,Pulsin High Fibre Brownie Hazelnut 4X35g,food_cupboard,,False,,140.0,g,4.0,Pulsin High Fibre Brownie Hazelnut,pulsin high fiber brownie hazelnut,3.0,21.4,unbranded,1,1,unbranded,
787,797,Tesco,Lucozade Energy Caribbean Crush 900Ml,drinks,Lucozade,False,,900.0,ml,,Energy Caribbean Crush,lucozade energy caribbean crush,1.5,1.7,branded,1,1,branded,
788,798,Tesco,Smirnoff Ice Tropical Ready To Drink Premix Bottle 70cl,drinks,Smirnoff,False,,700.0,ml,,Ice Tropical Ready To Drink Premix Bottle,smirnoff ice tropical ready to drink premix bottle,2.9,4.14,branded,1,1,branded,
789,799,ASDA,ASDA Chopped Hazelnuts,food_cupboard,,True,standard,100.0,g,,Chopped Hazelnuts,chopped hazelnuts,2.1,21.0,own_brand,1,1,own_brand,
790,800,Morrisons,Morrisons Butter Chicken & Pilau Rice,fresh_food,,True,standard,375.0,g,,Butter Chicken and Pilau Rice,butter chicken and pilau rice,3.75,10.0,own_brand,1,1,own_brand,
791,801,ASDA,George Home Gold Tablecover,fresh_food,,True,standard,,,,Gold Tablecover,gold tablecover,2.5,2.5,own_brand,1,1,own_brand,
792,802,ASDA,Naked Big Eat Noodle Thai Style Fiery Chicken Panang,food_cupboard,Naked,False,,104.0,g,,Big Eat Noodle Thai Style Fiery Chicken Panang,naked big eat noodle thai style fiery chicken panang,1.3,12.5,branded,1,1,branded,
793,803,Sains,"Sainsbury's Broccoli, SO Organic 300g",free-from,,True,dietary,300.0,g,,Broccoli,broccoli,1.15,3.83,own_brand,1,1,own_brand,
794,804,Sains,Proper Corn Sweet Cinnamon Popcorn 90g,free-from,,False,,90.0,g,,Proper Corn Sweet Cinnamon Popcorn,proper corn sweet cinnamon popcorn,1.5,16.7,unbranded,1,1,unbranded,
795,805,Morrisons,Morrisons Italian Style Salad,fresh_food,,True,standard,80.0,g,,Italian Style Salad,italian style salad,1.09,13.6,own_brand,1,1,own_brand,
796,806,Morrisons,Sprite No Sugar,drinks,Sprite,False,,2142.9,ml,,No Sugar,sprite no sugar,1.5,0.7,branded,1,1,branded,
797,807,Tesco,Tesco Sweet Chilli Roast Chicken Slices 160g,fresh_food,,True,standard,160.0,g,,Sweet Chilli Roast Chicken Slices,sweet chilli roast chicken slices,3.0,18.8,own_brand,1,1,own_brand,
798,808,ASDA,Fox's Fabulous Indulgent Centre Cookies Triple Chocolate,food_cupboard,Fox's,False,,160.0,g,,Fabulous Indulgent Centre Cookies Triple Chocolate,fox s fabulous indulgent centre cookies triple chocolate,2.0,12.5,branded,1,1,branded,
799,809,Tesco,Weight Watchers Salmon & Broccoli Melt 320G,frozen,Weight Watchers,False,,320.0,g,,Salmon and Broccoli Melt,weight watchers salmon and broccoli melt,2.5,7.81,branded,1,1,branded,
800,810,Morrisons,Mars Large Egg,food_cupboard,Mars,False,,200.0,g,,Large Egg,mars large egg,0.99,4.9,branded,1,1,branded,
801,811,Tesco,Tesco Apple/Blackcurrant Juice (No Added Sugar) 12X250ml,drinks,,True,standard,3000.0,ml,12.0,Apple/Blackcurrant Juice,apple blackcurrant juice,3.25,1.1,own_brand,1,1,own_brand,
802,812,Sains,Bottlegreen Elderflower Vodka Spritz 250ml,drinks,Bottlegreen,False,,250.0,ml,,Elderflower Vodka Spritz,bottlegreen elderflower vodka spritz,2.5,9.09,branded,1,1,branded,
803,813,ASDA,Guinness Draught Stout Beer 8 x Can (food pack),drinks,Guinness,False,,3521.1,ml,,Draught Stout Beer 8 x Can,guinness draught stout beer 8 x can,10.0,2.84,branded,1,1,branded,
804,814,ASDA,ASDA Hedgehog Biscuit Kit 270g,food_cupboard,,True,standard,270.0,g,,Hedgehog Biscuit Kit,hedgehog biscuit kit,2.0,7.4,own_brand,1,1,own_brand,
805,815,Tesco,Tic Tac Fresh Mint 49G,food_cupboard,Tic Tac,False,,49.0,g,,Fresh Mint,tic tac fresh mint,1.45,29.6,branded,1,1,branded,
806,816,ASDA,ASDA Classic Runny Honey 720g,food_cupboard,,True,standard,720.0,g,,Classic Runny Honey,classic runny honey,2.75,3.8,own_brand,1,1,own_brand,
807,817,ASDA,Maggi So Juicy Aromatic and Peppery Cajun Chicken Herbs and Spices Recipe Mix,food_cupboard,Maggi,False,,38.0,g,,So Juicy Aromatic and Peppery Cajun Chicken Herbs and Spices Recipe Mix,maggi so juicy aromatic and peppery cajun chicken herbs and spices recipe mix,0.95,25.0,branded,1,1,branded,
808,818,Tesco,Extreme Raspberry With Cream 250Ml,frozen,,False,,250.0,ml,,Extreme Raspberry With Cream,extreme raspberry with cream,3.5,7.3,unbranded,1,1,unbranded,
809,819,Tesco,Tesco Rock Salt Grinder 100G,food_cupboard,,True,standard,100.0,g,,Rock Salt Grinder,rock salt grinder,2.7,27.0,own_brand,1,1,own_brand,
810,820,Tesco,Dalgety Instant Ginger Tea 126G,food_cupboard,,False,,126.0,g,,Dalgety Instant Ginger Tea,dalgety instant ginger tea,1.85,14.7,unbranded,1,1,unbranded,
811,821,ASDA,Cune Rioja,drinks,,False,,750.0,ml,,Cune Rioja,cune rioja,8.0,106.64,unbranded,1,1,unbranded,
812,822,ASDA,Le Manoir Du Baron Viognier,drinks,,False,,750.0,ml,,Le Manoir Du Baron Viognier,le manoir du baron viognier,4.95,65.98,unbranded,1,1,unbranded,
813,823,ASDA,"ASDA Extra Special Pork Cutlets with Sea Salt, Black Pepper & Garlic Crust",fresh_food,,True,premium,550.0,g,,"Pork Cutlets with Sea Salt, Black Pepper and Garlic Crust",pork cutlets with sea salt black pepper and garlic crust,5.0,9.09,own_brand,1,1,own_brand,
814,824,ASDA,Kellogg's Pop-Tarts Chocotastic Pastry Snack,food_cupboard,Kellogg's,False,,375.0,g,,Pop-Tarts Chocotastic Pastry Snack,kellogg s pop tarts chocotastic pastry snack,3.0,7.8,branded,1,1,branded,
815,825,ASDA,Kellogg's Froot Loops,food_cupboard,Kellogg's,False,,375.0,g,,Froot Loops,kellogg s froot loops,2.75,7.3,branded,1,1,branded,
816,826,Tesco,Kellogg's Crunchy Nut Chocolate Clusters Cereal 400G,food_cupboard,Kellogg's,False,,400.0,g,,Crunchy Nut Chocolate Clusters Cereal,kellogg s crunchy nut chocolate clusters cereal,3.55,8.9,branded,1,1,branded,
817,827,ASDA,ASDA Meal For One Chicken & Mushroom Risotto 400g,fresh_food,,True,standard,400.0,g,,Chicken and Mushroom Risotto,chicken and mushroom risotto,3.25,8.12,own_brand,1,1,own_brand,
818,828,ASDA,GU Milk Chocolate & Ganache Mousse Dessert,fresh_food,Gu,False,,140.0,g,,Milk Chocolate and Ganache Mousse Dessert,gu milk chocolate and ganache mousse dessert,2.5,17.9,branded,1,1,branded,
819,829,Tesco,Northern Monk Wasted Pumpkin Stout 440Ml,drinks,,False,,440.0,ml,,Northern Monk Wasted Pumpkin Stout,northern monk wasted pumpkin stout,2.5,5.68,unbranded,1,1,unbranded,
820,830,Sains,"Sainsbury's Vernaccia Di San Gimignano, Taste the Difference 75cl",drinks,,True,premium,750.0,ml,,Vernaccia Di San Gimignano,vernaccia di san gimignano,6.0,7.98,own_brand,1,1,own_brand,
821,831,Morrisons,Nordic Spirit Bergamot Wild…,drinks,,False,,,,,Nordic Spirit Bergamot Wild…,nordic spirit bergamot wild,6.0,6.0,unbranded,1,1,unbranded,
822,832,Sains,Heinz Seriously Good Light Mayonnaise 815g,food_cupboard,Heinz,False,,815.0,g,,Seriously Good Light Mayonnaise,heinz seriously good light mayonnaise,3.4,4.2,branded,1,1,branded,
823,833,Morrisons,Najma Wafer Thin Turkey Slices,food_cupboard,,False,,125.0,g,,Najma Wafer Thin Turkey Slices,najma wafer thin turkey slices,2.59,20.7,unbranded,1,1,unbranded,
824,834,Tesco,Violife Vegan Greek White Block 230G,fresh_food,Violife,False,,230.0,g,,Greek White Block,violife greek white block,3.0,13.04,branded,1,1,branded,
825,835,Sains,Yorkshire Provender Thai Green Chicken Noodle Soup 560g,fresh_food,,False,,560.0,g,,Yorkshire Provender Thai Green Chicken Noodle Soup,yorkshire provender thai green chicken noodle soup,3.0,5.4,unbranded,1,1,unbranded,
826,836,Sains,Sainsbury's Chicken Ceasar Salad,fresh_food,,True,standard,175.0,g,,Chicken Ceasar Salad,chicken ceasar salad,3.0,16.7,own_brand,1,1,own_brand,
827,837,ASDA,Black Sheep Ale,drinks,,False,,500.0,ml,,Black Sheep Ale,black sheep ale,2.25,4.5,unbranded,1,1,unbranded,
828,838,Sains,Sainsbury's Sweet Pickle 295g,food_cupboard,,True,standard,295.0,g,,Sweet Pickle,sweet pickle,1.05,3.6,own_brand,1,1,own_brand,
829,839,Morrisons,Walkers Quavers Cheese Multipack Snacks Crisps,food_cupboard,Walkers,False,,96.1,g,,Quavers Cheese Multipack Snacks Crisps,walkers quavers cheese multipack snacks crisps,2.2,22.9,branded,1,1,branded,
830,840,Morrisons,Gressingham 12 Chinese Style Pancakes,food_cupboard,Gressingham,False,,115.0,g,,12 Chinese Style Pancakes,gressingham 12 chinese style pancakes,1.25,10.87,branded,1,1,branded,
831,841,Sains,"Sainsbury's Extra Thick Caramel & Biscuit Egg, Taste the Difference 250g",food_cupboard,,True,premium,250.0,g,,Extra Thick Caramel and Biscuit Egg,extra thick caramel and biscuit egg,8.0,32.0,own_brand,1,1,own_brand,
832,843,ASDA,ASDA Pineapple Slices in Fruit Juice 432g,drinks,,True,standard,432.0,g,,Pineapple Slices in Fruit Juice,pineapple slices in fruit juice,1.1,4.23,own_brand,1,1,own_brand,
833,844,ASDA,ASDA Raspberry Liqueur,drinks,,True,standard,500.0,ml,,Raspberry Liqueur,raspberry liqueur,8.5,17.0,own_brand,1,1,own_brand,
834,845,Tesco,Taylors Decaffe Roast Ground Coffee 200G,drinks,Taylors,False,,200.0,g,,Decaffe Roast Ground Coffee,taylors decaffe roast ground coffee,3.5,17.5,branded,1,1,branded,
835,846,Sains,Sainsbury's Ready To Eat Prunes 200g,food_cupboard,,True,standard,200.0,g,,Prunes,prunes,1.6,8.0,own_brand,1,1,own_brand,
836,847,Sains,Yorkshire Tea Biscuit Brew x40 Tea Bags 112g,food_cupboard,Yorkshire Tea,False,,112.0,g,40.0,Biscuit Brew Tea Bags,yorkshire tea biscuit brew tea bags,2.3,20.5,branded,1,1,branded,
837,848,Tesco,Howard Park Margaret River Cabernet Sauvignon 75Cl,drinks,,False,,750.0,ml,,Howard Park Margaret River Cabernet Sauvignon,howard park margaret river cabernet sauvignon,10.0,13.3,unbranded,1,1,unbranded,
838,849,Morrisons,Bahlsen Choco Leibniz White,food_cupboard,Bahlsen,False,,125.0,g,,Choco Leibniz White,bahlsen choco leibniz white,1.85,14.8,branded,1,1,branded,
839,850,Sains,Goralki Wafer Chocolate Filling 50g,food_cupboard,,False,,50.0,g,,Goralki Wafer Chocolate Filling,goralki wafer chocolate filling,0.65,14.4,unbranded,1,1,unbranded,
840,851,Morrisons,Filippo Berio Basilico Pasta Sauce,food_cupboard,Filippo Berio,False,,340.0,g,,Basilico Pasta Sauce,filippo berio basilico pasta sauce,1.35,4.0,branded,1,1,branded,
841,852,Morrisons,Courvoisier VS Cognac,drinks,Courvoisier,False,,700.0,ml,,VS Cognac,courvoisier vs cognac,26.0,37.14,branded,1,1,branded,
842,853,Sains,Weetabix On The Go Breakfast Drink Vanilla 250ml,food_cupboard,Weetabix On The Go,False,,250.0,ml,,Breakfast Drink Vanilla,weetabix on the go breakfast drink vanilla,1.5,6.0,branded,1,1,branded,
843,855,Sains,Birds Eye 6 Chunky Fish Fingers 360g,free-from,Birds Eye,False,,360.0,g,,6 Chunky Fish Fingers,birds eye 6 chunky fish fingers,3.6,10.0,branded,1,1,branded,
844,856,Sains,Lavazza Espresso Barista Gran Crema Coffee Beans 500g,food_cupboard,Lavazza,False,,500.0,g,,Espresso Barista Gran Crema Coffee Beans,lavazza espresso barista gran crema coffee beans,8.5,17.0,branded,1,1,branded,
845,857,Sains,SlimFast Snack Bag Baked Cheddar Flavour Bites single serve 23g,free-from,Slimfast,False,,23.0,g,,Snack Bag Baked Cheddar Flavour Bites single serve,slimfast snack bag baked cheddar flavor bites single serve,0.7,31.82,branded,1,1,branded,
846,858,Morrisons,Morrisons Best White Dark Chocolate…,food_cupboard,,True,standard,200.0,g,,Best White Dark Chocolate…,best white dark chocolate,5.5,27.5,own_brand,1,1,own_brand,
847,859,Morrisons,Pip & Nut Smooth Almond Butter,food_cupboard,,False,,170.0,g,,Pip and Nut Smooth Almond Butter,pip and nut smooth almond butter,3.39,19.9,unbranded,1,1,unbranded,
848,860,ASDA,Radnor Splash Orange & Passion Fruit Still Spring Water Cartons,drinks,,False,,750.0,ml,,Radnor Splash Orange and Passion Fruit Still Spring Water Cartons,radnor splash orange and passion fruit still spring water cartons,1.0,1.3,unbranded,1,1,unbranded,
849,861,ASDA,ASDA Cottage Pie,frozen,,True,standard,400.0,g,,Cottage Pie,cottage pie,1.75,4.38,own_brand,1,1,own_brand,
850,862,Morrisons,Schwartz Extra Mature Cheddar Cheese Sauce Mix,food_cupboard,Schwartz,False,,90.0,g,,Extra Mature Cheddar Cheese Sauce Mix,schwartz extra mature cheddar cheese sauce mix,1.6,18.2,branded,1,1,branded,
851,863,Morrisons,Morrisons Yorkshire Vale Water,drinks,,True,standard,6633.3,ml,,Yorkshire Vale Water,yorkshire vale water,1.99,0.3,own_brand,1,1,own_brand,
852,864,Sains,Bisto Best Beef Gravy Granules 390g,food_cupboard,Bisto,False,,390.0,g,,Best Beef Gravy Granules,bisto best beef gravy granules,4.8,12.3,branded,1,1,branded,
853,865,Sains,Lotus Biscoff Milk Chocolate with Biscoff Crumbs 180g,food_cupboard,Lotus Biscoff,False,,180.0,g,,Milk Chocolate with Biscoff Crumbs,lotus biscoff milk chocolate with biscoff crumbs,2.5,13.9,branded,1,1,branded,
854,866,ASDA,Mama Hot & Spicy Flavour Oriental Style Instant Noodles,food_cupboard,Mama,False,,90.0,g,,Hot and Spicy Flavour Oriental Style Instant Noodles,mama hot and spicy flavor oriental style instant noodles,0.95,10.56,branded,1,1,branded,
855,867,Tesco,Tesco Beef Brisket Joint In Gravy 380G,fresh_food,,True,standard,380.0,g,,Beef Brisket Joint In Gravy,beef brisket joint in gravy,4.5,11.84,own_brand,1,1,own_brand,
856,868,ASDA,Cathedral City Grated Extra Mature Cheddar,fresh_food,Cathedral City,False,,175.0,g,,Grated Extra Mature Cheddar,cathedral city grated extra mature cheddar,2.4,13.33,branded,1,1,branded,
857,869,Tesco,Budweiser 20X300ml Bottle,drinks,Budweiser,False,,6000.0,ml,20.0,Bottle,budweiser bottle,15.99,2.66,branded,1,1,branded,
858,870,Sains,Sainsbury's Custard Cream Twists with an Apple Pie Flavour Cream Filling 150g,food_cupboard,,True,standard,150.0,g,,Custard Cream Twists with an Apple Pie Flavour Cream Filling,custard cream twists with an apple pie flavor cream filling,0.5,3.3,own_brand,1,1,own_brand,
859,871,ASDA,Scoville Glasslux 2 Piece Roaster Set 2.2L/3L,fresh_food,Scoville,False,,2200.0,ml,2.0,Glasslux Roaster Set /,scoville glasslux roaster set,7.5,7.5,branded,1,1,branded,
860,872,ASDA,CD Now That's What I Call Pop Gold by Various Artists,drinks,,False,,,,,CD Now That's What I Call Pop Gold by Various Artists,cd now that s what i call pop gold by various artists,11.0,11.0,unbranded,1,1,unbranded,
861,873,Sains,Fanta Orange 500mL,drinks,Fanta,False,,500.0,ml,,Orange,fanta orange,1.75,3.5,branded,1,1,branded,
862,874,Morrisons,Morrisons Wholemeal Toastie Bread,bakery,,True,standard,850.0,g,,Wholemeal Toastie Bread,wholemeal toastie bread,0.75,0.9,own_brand,1,1,own_brand,
863,875,ASDA,Cypressa Brown Tahini,food_cupboard,,False,,300.0,g,,Cypressa Brown Tahini,cypressa brown tahini,2.69,9.0,unbranded,1,1,unbranded,
864,876,Tesco,The Coconut Collaborative Vegan Double Cream 220Ml,fresh_food,,False,,220.0,ml,,The Coconut Collaborative Double Cream,the coconut collaborative double cream,1.5,6.8,unbranded,1,1,unbranded,
865,877,Sains,Pimm's No.1 70cl,drinks,Pimm's,False,,700.0,ml,,No.1,pimm s no 1,17.5,25.0,branded,1,1,branded,
866,878,Sains,J2O Spritz Sparkling Apple & Elderflower Cans 4x250ml,drinks,J2o,False,,1000.0,ml,4.0,Spritz Sparkling Apple and Elderflower Cans,j2o spritz sparkling apple and elderflower cans,2.3,2.3,branded,1,1,branded,
867,880,Sains,Philadelphia Soft Cheese Mini Tub Light x4 35g,fresh_food,Philadelphia,False,,35.0,g,4.0,Soft Cheese Mini Tub Light,philadelphia soft cheese mini tub light,1.95,13.93,branded,1,1,branded,
868,881,ASDA,George Home Glass Roaster with clip lid 1.5L,fresh_food,,True,standard,1500.0,ml,,Glass Roaster with clip lid,glass roaster with clip lid,4.5,4.5,own_brand,1,1,own_brand,
869,882,Morrisons,Peter's Yard Seeded Sourdough Flatbreds,food_cupboard,Peter's,False,,135.3,g,,Yard Seeded Sourdough Flatbreds,peter s yard seeded sourdough flatbreds,2.49,18.4,branded,1,1,branded,
870,883,Sains,Lucozade Energy Cherry 4x380ml,drinks,Lucozade,False,,1520.0,ml,4.0,Energy Cherry,lucozade energy cherry,3.25,2.1,branded,1,1,branded,
871,884,Sains,"Sainsbury's Blonde Chocolate Ice Cream, Taste the Difference 330g",free-from,,True,premium,473.0,ml,,Blonde Chocolate Ice Cream,blonde chocolate ice cream,2.0,4.2,own_brand,1,1,own_brand,
872,885,Sains,McVitie's Dark Chocolate Digestive Biscuits 266g,food_cupboard,Mcvitie's,False,,266.0,g,,Dark Chocolate Digestive Biscuits,mcvitie s dark chocolate digestive biscuits,1.35,5.0,branded,1,1,branded,
873,886,Sains,Pura Refined Vegetable Oil 5L,food_cupboard,,False,,5000.0,ml,,Pura Refined Vegetable Oil,pura refined vegetable oil,9.5,1.9,unbranded,1,1,unbranded,
874,887,Morrisons,Castle Dairies Welsh Butter With Ha…,fresh_food,,False,,200.0,g,,Castle Dairies Welsh Butter With Ha…,castle dairies welsh butter with ha,2.0,10.0,unbranded,1,1,unbranded,
875,888,Sains,Bastides Petits Saucisson Secs 80G,fresh_food,,False,,80.0,g,,Bastides Petits Saucisson Secs,bastides petits saucisson secs,3.5,43.8,unbranded,1,1,unbranded,
876,889,ASDA,Scoville Frying Pan,fresh_food,Scoville,False,,,,,Frying Pan,scoville frying pan,13.0,13.0,branded,1,1,branded,
877,890,Sains,Odysea Aubergine Meze 220g,food_cupboard,,False,,220.0,g,,Odysea Aubergine Meze,odysea aubergine meze,2.75,12.5,unbranded,1,1,unbranded,
878,891,Morrisons,Twinings Rooibos & Honey 20 Tea Bags,food_cupboard,Twinings,False,,36.0,g,20.0,Rooibos and Honey,twinings rooibos and honey,2.79,77.5,branded,1,1,branded,
879,892,Tesco,Riso Gallo Risotto Pronto Mushroom 250g.,food_cupboard,,False,,250.0,g,,Riso Gallo Risotto Pronto Mushroom,riso gallo risotto pronto mushroom,2.0,8.0,unbranded,1,1,unbranded,
880,893,Sains,Lindt Excellence Dark 90% Cocoa Chocolate Bar 100g,food_cupboard,Lindt,False,,100.0,g,,Excellence Dark 90% Cocoa Chocolate Bar,lindt excellence dark 90 cocoa chocolate bar,2.15,21.5,branded,1,1,branded,
881,894,ASDA,Scoville Neverstick 30cm Pizza Tray,fresh_food,Scoville,False,,,,,Neverstick 30cm Pizza Tray,scoville neverstick 30cm pizza tray,8.0,8.0,branded,1,1,branded,
882,895,Morrisons,Morrisons No Added Sugar Orange High Juice Squash,drinks,,True,standard,946.0,ml,,Orange High Juice Squash,orange high juice squash,1.65,1.7,own_brand,1,1,own_brand,
883,896,Tesco,Blossom Hill Soft & Fruity 18.75Cl,drinks,Blossom Hill,False,,187.5,ml,,Soft and Fruity,blossom hill soft and fruity,2.25,12.0,branded,1,1,branded,
884,897,Sains,Sainsbury's Ready to Roll Yellow Icing 250g,food_cupboard,,True,standard,250.0,g,,Ready to Roll Yellow Icing,ready to roll yellow icing,2.0,8.0,own_brand,1,1,own_brand,
885,898,ASDA,ASDA Shortcake Biscuits 200g,food_cupboard,,True,standard,200.0,g,,Shortcake Biscuits,shortcake biscuits,0.65,3.3,own_brand,1,1,own_brand,
886,899,Sains,Fentimans Connoisseurs Tonic Water 500ml,drinks,,False,,500.0,ml,,Fentimans Connoisseurs Tonic Water,fentimans connoisseurs tonic water,1.5,3.0,unbranded,1,1,unbranded,
887,900,ASDA,Pukka All Steak Pie,fresh_food,Pukka,False,,210.0,g,,All Steak Pie,pukka all steak pie,1.5,7.2,branded,1,1,branded,
888,901,ASDA,MOJU Turmeric Shots,fresh_food,,False,,60.0,ml,,MOJU Turmeric Shots,moju turmeric shots,2.1,35.0,unbranded,1,1,unbranded,
889,902,Tesco,Paxo Pork Sausages Meat Flavour Stuffing Mix 170G,food_cupboard,Paxo,False,,170.0,g,,Pork Sausages Meat Flavour Stuffing Mix,paxo pork sausages meat flavor stuffing mix,2.65,15.59,branded,1,1,branded,
890,903,ASDA,ASDA Beef Quarter Pound Burgers,frozen,,True,standard,1134.2,g,,Beef Quarter Pound Burgers,beef quarter pound burgers,6.0,5.29,own_brand,1,1,own_brand,
891,904,Sains,itsu Chicken Gyoza 12 Dinner Dumplings 240g,food_cupboard,Itsu,False,,240.0,g,,Chicken Gyoza 12 Dinner Dumplings,itsu chicken gyoza 12 dinner dumplings,4.25,17.71,branded,1,1,branded,
892,905,ASDA,Warburtons Fruit Loaf with Cinnamon & Raisin,fresh_food,Warburtons,False,,400.0,g,,Fruit Loaf with Cinnamon and Raisin,warburtons fruit loaf with cinnamon and raisin,1.95,4.9,branded,1,1,branded,
893,906,Morrisons,Morrisons The Best Chicken Parfait Wi…,fresh_food,,True,premium,200.0,g,,Chicken Parfait Wi…,chicken parfait wi,2.0,10.0,own_brand,1,1,own_brand,
894,907,Sains,Sainsbury's Unsmoked Back Bacon Rashers x16 (2x250g),fresh_food,,True,standard,500.0,g,2.0,Unsmoked Back Bacon Rashers x16,unsmoked back bacon rashers x16,3.5,7.0,own_brand,1,1,own_brand,
895,908,Tesco,Tesco Strawberry Flavoured Milk 1L,fresh_food,,True,standard,1000.0,ml,,Strawberry Flavoured Milk,strawberry flavored milk,1.0,1.0,own_brand,1,1,own_brand,
896,909,Morrisons,Morrisons Cooking Apples (Min 3),fresh_food,,True,standard,,,,Cooking Apples,cooking apples,2.3,0.77,own_brand,1,1,own_brand,
897,910,Tesco,Walkers Classic Variety Multipack Crisps 12x25g,food_cupboard,Walkers,False,,300.0,g,12.0,Classic Variety Multipack Crisps,walkers classic variety multipack crisps,3.0,10.0,branded,1,1,branded,
898,911,Sains,Sainsbury's Fruit & Nut Dark Chocolate 200g,food_cupboard,,True,standard,200.0,g,,Fruit and Nut Dark Chocolate,fruit and nut dark chocolate,1.7,8.5,own_brand,1,1,own_brand,
899,912,Tesco,Tesco Finest 5% Aberdeen Angus Steak Mince 500G,fresh_food,,True,premium,500.0,g,,5% Aberdeen Angus Steak Mince,5 aberdeen angus steak mince,5.35,10.7,own_brand,1,1,own_brand,
900,913,ASDA,George Home Pink Glitter Rosette,bakery,,True,standard,,,,Pink Glitter Rosette,pink glitter rosette,1.5,1.5,own_brand,1,1,own_brand,
901,914,Sains,Oreo Lunchbox Vanilla Cookies 6 Pack Multipack 132g,food_cupboard,Oreo,False,,132.0,g,6.0,Lunchbox Vanilla Cookies Multipack,oreo lunchbox vanilla cookies multipack,1.25,9.5,branded,1,1,branded,
902,915,Tesco,Gordon's Gin & Tonic 250Ml Can,drinks,Gordon's,False,,250.0,ml,,Gin and Tonic Can,gordon s gin and tonic can,2.15,8.6,branded,1,1,branded,
903,916,Sains,Squares Chocolatey Rice Krispies 36g,food_cupboard,Squares,False,,36.0,g,,Chocolatey Rice Krispies,squares chocolatey rice krispies,0.9,25.0,branded,1,1,branded,
904,917,Sains,"Sainsbury's Mixed Fruit Bloomer, Taste the Difference 350g",bakery,,True,premium,,,,Mixed Fruit Bloomer,mixed fruit bloomer,2.25,2.25,own_brand,1,1,own_brand,
905,918,Tesco,Turner Road Reserve Chardonnay 75Cl,drinks,,False,,750.0,ml,,Turner Road Reserve Chardonnay,turner road reserve chardonnay,6.0,7.98,unbranded,1,1,unbranded,
906,919,Sains,Riddles Lemon Ice Tea Blended with Tequila 250ml,drinks,,False,,250.0,ml,,Riddles Lemon Ice Tea Blended with Tequila,riddles lemon ice tea blended with tequila,2.0,8.0,unbranded,1,1,unbranded,
907,920,Sains,Batchelors Low Fat Super Noodles Chilli Chicken Flavour 81g,food_cupboard,Batchelors,False,,81.0,g,,Super Noodles Chilli Chicken Flavour,batchelors super noodles chilli chicken flavor,1.0,12.35,branded,1,1,branded,
908,921,ASDA,George Home Football Paper Napkins,fresh_food,,True,standard,,,,Football Paper Napkins,football paper napkins,1.0,0.05,own_brand,1,1,own_brand,
909,922,Tesco,Bonne Maman Hazelnut Chocolate Spread 250G,food_cupboard,Bonne Maman,False,,250.0,g,,Hazelnut Chocolate Spread,bonne maman hazelnut chocolate spread,2.9,11.6,branded,1,1,branded,
910,923,ASDA,Graham's 10 Years Old Tawny Port,drinks,,False,,750.0,ml,,Graham's 10 Years Old Tawny Port,graham s 10 years old tawny port,22.0,293.26,unbranded,1,1,unbranded,
911,924,ASDA,GetPro 18g Protein Pudding Chocolate Hazelnut Flavour 180g,fresh_food,Getpro,False,,18.0,g,,Protein Pudding Chocolate Hazelnut Flavour,getpro protein pudding chocolate hazelnut flavor,1.25,6.9,branded,1,1,branded,
912,925,ASDA,ASDA Sea Salt & Black Pepper Cashews 150g,fresh_food,,True,standard,150.0,g,,Sea Salt and Black Pepper Cashews,sea salt and black pepper cashews,2.25,15.0,own_brand,1,1,own_brand,
913,926,Morrisons,Morrisons German Salami And Cheese Selection,fresh_food,,True,standard,120.0,g,,German Salami And Cheese Selection,german salami and cheese selection,2.5,20.8,own_brand,1,1,own_brand,
914,927,ASDA,ASDA Charge Zero Sugar Energy Drink 4 x 500ml,drinks,,True,standard,2000.0,ml,4.0,Charge Zero Sugar Energy Drink,charge zero sugar energy drink,2.5,1.2,own_brand,1,1,own_brand,
915,928,Morrisons,Peperami Pep'd Up Chicken Bites,fresh_food,Peperami,False,,100.0,g,,Pep'd Up Chicken Bites,peperami pep d up chicken bites,1.5,15.0,branded,1,1,branded,
916,929,Tesco,Pataks Medium Balti Sauce 450G,food_cupboard,Pataks,False,,450.0,g,,Medium Balti Sauce,pataks medium balti sauce,1.75,3.9,branded,1,1,branded,
917,930,Morrisons,Vampire Vape Heisenberg 12mg,drinks,,False,,10.0,ml,,Vampire Vape Heisenberg 12mg,vampire vape heisenberg 12mg,3.99,399.0,unbranded,1,1,unbranded,
918,931,Morrisons,Morrisons The Best Roast Garlic & Herb Flatbread,fresh_food,,True,premium,250.0,g,,Roast Garlic and Herb Flatbread,roast garlic and herb flatbread,2.49,9.8,own_brand,1,1,own_brand,
919,932,Sains,Heinz Oxtail Soup 400g,food_cupboard,Heinz,False,,400.0,g,,Oxtail Soup,heinz oxtail soup,1.2,3.0,branded,1,1,branded,
920,933,Tesco,Pot Noodle Chicken & Mushroom Instant Noodles Multipack 4x90g,food_cupboard,Pot Noodle,False,,360.0,g,4.0,Chicken and Mushroom Instant Noodles Multipack,pot noodle chicken and mushroom instant noodles multipack,3.75,10.42,branded,1,1,branded,
921,934,Morrisons,Hartley's Raspberry Jelly Pot,food_cupboard,Hartley's,False,,125.0,g,,Raspberry Jelly Pot,hartley s raspberry jelly pot,0.85,6.8,branded,1,1,branded,
922,935,Sains,"Sainsbury's Fairtrade Italian Style Coffee, Strength 4 227g",food_cupboard,,True,standard,227.0,g,,"Italian Style Coffee, Strength 4",italian style coffee strength 4,2.8,12.3,own_brand,1,1,own_brand,
923,936,Tesco,Walkers Max Pizza Hut Texan Bbq Crisps 50G,food_cupboard,Walkers,False,,50.0,g,,Max Pizza Hut Texan Bbq Crisps,walkers max pizza hut texan bbq crisps,1.0,20.0,branded,1,1,branded,
924,937,Tesco,Gran Luchito Chipotle Chilli Paste 100G,food_cupboard,,False,,100.0,g,,Gran Luchito Chipotle Chilli Paste,gran luchito chipotle chilli paste,4.0,40.0,unbranded,1,1,unbranded,
925,938,Tesco,Tesco Multiseed Deli Rolls 4 Pack,bakery,,True,standard,,,4.0,Multiseed Deli Rolls,multiseed deli rolls,1.0,0.25,own_brand,1,1,own_brand,
926,939,Tesco,Abstrakt Watermelon Strawberry Vodka 70Cl,drinks,,False,,700.0,ml,,Abstrakt Watermelon Strawberry Vodka,abstrakt watermelon strawberry vodka,22.0,31.43,unbranded,1,1,unbranded,
927,940,ASDA,ASDA Chopped Almonds,food_cupboard,,True,standard,100.0,g,,Chopped Almonds,chopped almonds,1.0,10.0,own_brand,1,1,own_brand,
928,941,Sains,PhD Diet Plant High Protein Lean Matrix Salted Caramel 500g,free-from,Phd,False,,500.0,g,,Diet Plant High Protein Lean Matrix Salted Caramel,phd diet plant high protein lean matrix salted caramel,14.0,28.0,branded,1,1,branded,
929,942,Tesco,"Robinsons Raspberry, Rhubarb & Orange Blossom Fruit Cordial 500ml",drinks,Robinsons,False,,500.0,ml,,"Raspberry, Rhubarb and Orange Blossom Fruit Cordial",robinsons raspberry rhubarb and orange blossom fruit cordial,3.0,6.0,branded,1,1,branded,
930,943,Sains,Bird's Dream Topping 36g,food_cupboard,,False,,36.0,g,,Bird's Dream Topping,bird s dream topping,1.2,36.4,unbranded,1,1,unbranded,
931,944,Sains,Butterkist Popcorn Sweet & Salted 100g,food_cupboard,,False,,100.0,g,,Butterkist Popcorn Sweet and Salted,butterkist popcorn sweet and salted,2.0,20.0,unbranded,1,1,unbranded,
932,945,Tesco,Tesco Fine Cut Orange Marmalade 454G,food_cupboard,,True,standard,454.0,g,,Fine Cut Orange Marmalade,fine cut orange marmalade,1.05,2.3,own_brand,1,1,own_brand,
933,946,ASDA,"ASDA Tenderstem Broccoli, Carrot & Sugar Snap",fresh_food,Tenderstem,True,standard,160.0,g,,"Broccoli, Carrot and Sugar Snap",tenderstem broccoli carrot and sugar snap,1.4,8.75,branded,1,1,branded,
934,947,ASDA,Weetabix Chocolate Cereal,food_cupboard,Weetabix,False,,,,,Chocolate Cereal,weetabix chocolate cereal,3.5,0.15,branded,1,1,branded,
935,948,ASDA,George Home Pig Sipper Bottle,drinks,,True,standard,,,,Pig Sipper Bottle,pig sipper bottle,4.0,4.0,own_brand,1,1,own_brand,
936,949,Sains,Sainsbury's Green Tea x80 Tea Bags 152g,food_cupboard,,True,standard,152.0,g,80.0,Green Tea Tea Bags,green tea tea bags,1.6,10.5,own_brand,1,1,own_brand,
937,950,ASDA,Red Bull Energy Drink Zero Cans 4x250ml,drinks,Red Bull,False,,1000.0,ml,4.0,Energy Drink Zero Cans,red bull energy drink zero cans,4.0,4.0,branded,1,1,branded,
938,951,ASDA,Terry's Chocolate Orange Mini Eggs Bar 90g,food_cupboard,Terry's,False,,90.0,g,,Chocolate Orange Mini Eggs Bar,terry s chocolate orange mini eggs bar,1.0,11.1,branded,1,1,branded,
939,952,Tesco,Homepride Chilli Cooking Sauce 485G,food_cupboard,Homepride,False,,485.0,g,,Chilli Cooking Sauce,homepride chilli cooking sauce,1.5,3.1,branded,1,1,branded,
940,953,Morrisons,Morrisons The Best Quadru…,food_cupboard,,True,premium,200.0,g,,Quadru…,quadru,2.0,10.0,own_brand,1,1,own_brand,
941,954,ASDA,Vivera Plant Spicy Chicken Kebab Style 175g,free-from,Vivera,False,,175.0,g,,Plant Spicy Chicken Kebab Style,vivera plant spicy chicken kebab style,2.65,15.14,branded,1,1,branded,
942,955,Morrisons,Goodfella's Stonebaked Thin Pepperoni Pizza,frozen,Goodfella's,False,,340.0,g,,Stonebaked Thin Pepperoni Pizza,goodfella s stonebaked thin pepperoni pizza,3.0,9.0,branded,1,1,branded,
943,956,Tesco,Birra Moretti Premium Lager Beer Bottle 4x330ml,drinks,Birra Moretti,False,,1320.0,ml,4.0,Premium Lager Beer Bottle,birra moretti premium lager beer bottle,6.75,5.11,branded,1,1,branded,
944,957,Tesco,Tesco Frozen 12 Mini Eclairs 140G,frozen,,True,standard,140.0,g,,Frozen 12 Mini Eclairs,frozen 12 mini eclairs,1.5,10.7,own_brand,1,1,own_brand,
945,958,Morrisons,Morrisons Butcher's Style Pork Sausages,fresh_food,,True,standard,450.0,g,,Butcher's Style Pork Sausages,butcher s style pork sausages,2.25,4.96,own_brand,1,1,own_brand,
946,959,Tesco,Nature's Finest Tropical Fruits In Juice 700G,food_cupboard,,False,,700.0,g,,Nature's Finest Tropical Fruits In Juice,nature s finest tropical fruits in juice,3.0,8.0,unbranded,1,1,unbranded,
947,960,Tesco,Viennetta Mint Ice Cream Dessert 650Ml,frozen,,False,,650.0,ml,,Viennetta Mint Ice Cream Dessert,viennetta mint ice cream dessert,2.0,3.08,unbranded,1,1,unbranded,
948,961,Morrisons,Oasis Zero Exotic Fruit,fresh_food,Oasis,False,,500.0,ml,,Zero Exotic Fruit,oasis zero exotic fruit,1.79,3.6,branded,1,1,branded,
949,962,Sains,Nissin Soba Japanese Curry Wok Style Instant Cup Noodles Pot 90g,food_cupboard,Nissin,False,,90.0,g,,Soba Japanese Curry Wok Style Instant Cup Noodles Pot,nissin soba japanese curry wok style instant cup noodles pot,1.4,15.56,branded,1,1,branded,
950,963,Morrisons,Richmond 6 Thick Pork Sausages,fresh_food,Richmond,False,,,,,6 Thick Pork Sausages,richmond 6 thick pork sausages,1.6,0.27,branded,1,1,branded,
951,964,ASDA,MAD Party Silver Number Sparklers 6,bakery,,False,,,,,MAD Party Silver Number Sparklers 6,mad party silver number sparklers 6,0.9,0.9,unbranded,1,1,unbranded,
952,965,ASDA,Walkers Baked Prawn Cocktail Snacks Crisps,fresh_food,Walkers,False,,37.5,g,,Baked Prawn Cocktail Snacks Crisps,walkers baked prawn cocktail snacks crisps,1.0,26.7,branded,1,1,branded,
953,966,Tesco,Urban Fruit Dried Strawberries 90G,food_cupboard,,False,,90.0,g,,Urban Fruit Dried Strawberries,urban fruit dried strawberries,2.6,28.89,unbranded,1,1,unbranded,
954,967,Morrisons,Hilal Chicken Sausages,food_cupboard,,False,,300.0,g,,Hilal Chicken Sausages,hilal chicken sausages,1.89,6.3,unbranded,1,1,unbranded,
955,968,ASDA,George Home Red Alphabet Glass Mug - L,drinks,,True,standard,,,,Red Alphabet Glass Mug - L,red alphabet glass mug l,2.5,2.5,own_brand,1,1,own_brand,
956,969,Tesco,Tesco Vegetable Stir Fry 320g,fresh_food,,True,standard,320.0,g,,Vegetable Stir Fry,vegetable stir fry,1.5,4.69,own_brand,1,1,own_brand,
957,970,ASDA,ASDA Smooth & Sweet Flat Peaches,fresh_food,,True,standard,,,,Smooth and Sweet Flat Peaches,smooth and sweet flat peaches,2.0,0.5,own_brand,1,1,own_brand,
958,971,Morrisons,Oshee Magnesium Vitamin Energy Drink,food_cupboard,Oshee,False,,250.0,ml,,Magnesium Vitamin Energy Drink,oshee magnesium vitamin energy drink,0.6,2.4,branded,1,1,branded,
959,972,Morrisons,Morrisons Wholewheat Spaghetti,food_cupboard,,True,standard,500.0,g,,Wholewheat Spaghetti,wholewheat spaghetti,0.75,1.5,own_brand,1,1,own_brand,
960,973,Morrisons,Silver Spoon Icing Sugar,food_cupboard,Silver Spoon,False,,1000.0,g,,Icing Sugar,silver spoon icing sugar,2.6,2.6,branded,1,1,branded,
961,974,Morrisons,Diet Coke No Caffeine,drinks,Diet Coke,False,,2000.0,ml,,No Caffeine,diet coke no caffeine,1.99,1.0,branded,1,1,branded,
962,975,Morrisons,Whitworths Berry & White Ch…,food_cupboard,Whitworths,False,,100.0,g,,Berry and White Ch…,whitworths berry and white ch,1.25,12.5,branded,1,1,branded,
963,976,Morrisons,Oxo Reduced Salt Beef Stock 12 Cubes,food_cupboard,Oxo,False,,70.9,g,,Reduced Salt Beef Stock 12 Cubes,oxo reduced salt beef stock 12 cubes,2.39,33.7,branded,1,1,branded,
964,977,Sains,The Kraken Black Spiced Rum Roast Coffee 70cl,drinks,,False,,700.0,ml,,The Kraken Black Spiced Rum Roast Coffee,the kraken black spiced rum roast coffee,23.0,32.85,unbranded,1,1,unbranded,
965,978,Tesco,Fruit Bowl Unicorn Fruit Flakes 5X18g,food_cupboard,,False,,90.0,g,5.0,Fruit Bowl Unicorn Fruit Flakes,fruit bowl unicorn fruit flakes,2.25,25.0,unbranded,1,1,unbranded,
966,979,Tesco,Dunns River Jamaican Jerk Seasoning 300G,food_cupboard,,False,,300.0,g,,Dunns River Jamaican Jerk Seasoning,dunns river jamaican jerk seasoning,2.55,8.5,unbranded,1,1,unbranded,
967,980,Sains,Sainsbury's Deep Pan Meat Feast Pizza 379g,frozen,,True,standard,379.0,g,,Deep Pan Meat Feast Pizza,deep pan meat feast pizza,1.75,4.62,own_brand,1,1,own_brand,
968,981,Sains,Go Ahead Yogurt Breaks Strawberry Snack Bars 4x35.5g,food_cupboard,Go Ahead,False,,142.0,g,4.0,Yogurt Breaks Strawberry Snack Bars,go ahead yogurt breaks strawberry snack bars,1.25,8.8,branded,1,1,branded,
969,982,ASDA,ASDA Finely Sliced Cured Pastrami,fresh_food,,True,standard,110.0,g,,Finely Sliced Cured Pastrami,finely sliced cured pastrami,2.0,18.2,own_brand,1,1,own_brand,
970,983,Sains,"Sainsbury's Lungo Decaff Pods, Taste the Difference x10 52g",drinks,,True,premium,52.0,g,,Lungo Decaff Pods,lungo decaff pods,2.9,55.8,own_brand,1,1,own_brand,
971,984,Sains,Sainsbury's Triple Chocolate Gateau Dessert 600g,frozen,,True,standard,600.0,g,,Triple Chocolate Gateau Dessert,triple chocolate gateau dessert,2.73,4.6,own_brand,1,1,own_brand,
972,985,Tesco,Eat Real Lentil Chips Sea Salt 113G,food_cupboard,Eat Real,False,,113.0,g,,Lentil Chips Sea Salt,eat real lentil chips sea salt,1.5,13.3,branded,1,1,branded,
973,986,Morrisons,Morrisons Cold Water Prawns,fresh_food,,True,standard,200.0,g,,Cold Water Prawns,cold water prawns,3.75,18.8,own_brand,1,1,own_brand,
974,987,Morrisons,Cadbury Dairy Milk Caramel Nibbles Chocolate Bag,food_cupboard,Cadbury,False,,120.0,g,,Dairy Milk Caramel Nibbles Chocolate Bag,cadbury dairy milk caramel nibbles chocolate bag,1.5,12.5,branded,1,1,branded,
975,989,Sains,Sainsbury's Sliced White Mushrooms 250g,fresh_food,,True,standard,250.0,g,,Sliced White Mushrooms,sliced white mushrooms,1.25,5.0,own_brand,1,1,own_brand,
976,990,Sains,Sainsbury's British Pork Shoulder Steaks x6 900g,fresh_food,,True,standard,900.0,g,6.0,British Pork Shoulder Steaks,british pork shoulder steaks,5.75,6.39,own_brand,1,1,own_brand,
977,991,Tesco,Vifon Beef Flavour Instant Noodle Soup 60g,food_cupboard,Vifon,False,,60.0,g,,Beef Flavour Instant Noodle Soup,vifon beef flavor instant noodle soup,0.45,7.5,branded,1,1,branded,
978,992,Sains,Heinz French Onion Soup 400g,food_cupboard,Heinz,False,,400.0,g,,French Onion Soup,heinz french onion soup,1.7,4.3,branded,1,1,branded,
